frame,activity,l0_x,l0_y,l0_z,l0_v,l1_x,l1_y,l1_z,l1_v,l2_x,l2_y,l2_z,l2_v,l3_x,l3_y,l3_z,l3_v,l4_x,l4_y,l4_z,l4_v,l5_x,l5_y,l5_z,l5_v,l6_x,l6_y,l6_z,l6_v,l7_x,l7_y,l7_z,l7_v,l8_x,l8_y,l8_z,l8_v,l9_x,l9_y,l9_z,l9_v,l10_x,l10_y,l10_z,l10_v,l11_x,l11_y,l11_z,l11_v,l12_x,l12_y,l12_z,l12_v,l13_x,l13_y,l13_z,l13_v,l14_x,l14_y,l14_z,l14_v,l15_x,l15_y,l15_z,l15_v,l16_x,l16_y,l16_z,l16_v,l17_x,l17_y,l17_z,l17_v,l18_x,l18_y,l18_z,l18_v,l19_x,l19_y,l19_z,l19_v,l20_x,l20_y,l20_z,l20_v,l21_x,l21_y,l21_z,l21_v,l22_x,l22_y,l22_z,l22_v,l23_x,l23_y,l23_z,l23_v,l24_x,l24_y,l24_z,l24_v,l25_x,l25_y,l25_z,l25_v,l26_x,l26_y,l26_z,l26_v,l27_x,l27_y,l27_z,l27_v,l28_x,l28_y,l28_z,l28_v,l29_x,l29_y,l29_z,l29_v,l30_x,l30_y,l30_z,l30_v,l31_x,l31_y,l31_z,l31_v,l32_x,l32_y,l32_z,l32_v
0,stand,0.46749240159988403,0.5214456915855408,-0.36805015802383423,0.9999894499778748,0.4715699553489685,0.5180534720420837,-0.3528974652290344,0.9999634027481079,0.47445687651634216,0.5181058049201965,-0.35291415452957153,0.9999681711196899,0.47712892293930054,0.5176841020584106,-0.3530234098434448,0.9999629259109497,0.4627222418785095,0.5185891389846802,-0.3538511097431183,0.999962568283081,0.459697961807251,0.5186688303947449,-0.3538978397846222,0.9999669790267944,0.45652979612350464,0.5191572904586792,-0.3538983464241028,0.9999634027481079,0.48086389899253845,0.5180104970932007,-0.257496178150177,0.9999421834945679,0.45302319526672363,0.5220609307289124,-0.2622641324996948,0.9999324679374695,0.47415608167648315,0.5375403165817261,-0.3316112160682678,0.9999789595603943,0.46176156401634216,0.5380421876907349,-0.33296510577201843,0.9999748468399048,0.5092910528182983,0.5822758674621582,-0.19057610630989075,0.9999434351921082,0.42706456780433655,0.5201808214187622,-0.19369719922542572,0.9999403357505798,0.5320924520492554,0.6733546257019043,-0.22410376369953156,0.9884205460548401,0.4189445376396179,0.6054720878601074,-0.20422808825969696,0.9784694910049438,0.5366010665893555,0.7263593077659607,-0.3283444344997406,0.97867351770401,0.3967204689979553,0.7517836689949036,-0.2895631790161133,0.9717450737953186,0.5400925874710083,0.7499929070472717,-0.3596784174442291,0.952660083770752,0.390778124332428,0.7666178345680237,-0.31732112169265747,0.9458160400390625,0.5318973660469055,0.75636887550354,-0.3749292194843292,0.9573884606361389,0.39554736018180847,0.7675758600234985,-0.3390287458896637,0.949864387512207,0.5287560820579529,0.7429525852203369,-0.33811262249946594,0.9486066699028015,0.3991144597530365,0.7639555931091309,-0.30133020877838135,0.9416282176971436,0.4942624568939209,0.6057435274124146,-0.001475027296692133,0.9993825554847717,0.4477063715457916,0.5991190671920776,0.0014858691720291972,0.9996399879455566,0.5316550731658936,0.7038544416427612,-0.24561600387096405,0.9708606600761414,0.42537397146224976,0.6670218706130981,-0.2721312642097473,0.9773843288421631,0.47135382890701294,0.8040540218353271,-0.15091703832149506,0.9460479617118835,0.4936983585357666,0.8254358172416687,-0.2001262605190277,0.9616829752922058,0.44755998253822327,0.8144301772117615,-0.13904990255832672,0.8768520355224609,0.49969619512557983,0.807952344417572,-0.19183363020420074,0.8964641690254211,0.444411039352417,0.8350580930709839,-0.21066240966320038,0.9550830125808716,0.5115152597427368,0.837365448474884,-0.27464693784713745,0.9670912027359009
1,stand,0.465101957321167,0.5440027117729187,-0.29260826110839844,0.9999882578849792,0.46962323784828186,0.5316277146339417,-0.27766507863998413,0.9999645948410034,0.47291192412376404,0.5314017534255981,-0.2777010202407837,0.9999697804450989,0.47595328092575073,0.5315916538238525,-0.277793824672699,0.999964714050293,0.4610710144042969,0.5332590937614441,-0.2768605947494507,0.9999632835388184,0.458714097738266,0.5338798761367798,-0.27694171667099,0.9999680519104004,0.455929696559906,0.5348522663116455,-0.2769449055194855,0.9999639391899109,0.48076310753822327,0.5367283225059509,-0.1890818029642105,0.9999456405639648,0.4529440999031067,0.5418238043785095,-0.18664522469043732,0.9999346733093262,0.4721423089504242,0.5602186322212219,-0.2600979506969452,0.9999790787696838,0.46065083146095276,0.5618600845336914,-0.2593550980091095,0.9999750852584839,0.509489119052887,0.6144102215766907,-0.17686137557029724,0.999940037727356,0.43026986718177795,0.6245551705360413,-0.1461953967809677,0.9999337196350098,0.5321894884109497,0.7018507122993469,-0.19956375658512115,0.9875327348709106,0.4191160202026367,0.7195419073104858,-0.17259128391742706,0.977520763874054,0.5343702435493469,0.749779999256134,-0.3323588967323303,0.9781824946403503,0.40164899826049805,0.7585476636886597,-0.3101107180118561,0.9705257415771484,0.5380600094795227,0.7775624394416809,-0.366726279258728,0.9528459906578064,0.3930930197238922,0.7755972146987915,-0.34333956241607666,0.9460986852645874,0.5308377742767334,0.7693819403648376,-0.3798753321170807,0.9577913880348206,0.39623966813087463,0.7667063474655151,-0.3602711856365204,0.950498640537262,0.5276784896850586,0.7612171769142151,-0.34101754426956177,0.9484686255455017,0.40029531717300415,0.7610718011856079,-0.3210129141807556,0.9421238899230957,0.4952000081539154,0.7215651869773865,-0.0014153628144413233,0.9994131326675415,0.4514121115207672,0.720792293548584,0.0014580811839550734,0.9996547102928162,0.5291038751602173,0.7587483525276184,-0.26852044463157654,0.9658151268959045,0.40021881461143494,0.7642424702644348,-0.2631363868713379,0.9682681560516357,0.46214860677719116,0.8196821212768555,-0.17930951714515686,0.9116562008857727,0.49511098861694336,0.8359682559967041,-0.18615952134132385,0.928631603717804,0.4392380714416504,0.8185974359512329,-0.16728529334068298,0.8478460907936096,0.4930580258369446,0.815762996673584,-0.17695125937461853,0.8646000623703003,0.41163212060928345,0.8288252949714661,-0.23786742985248566,0.9313815832138062,0.5140290260314941,0.8367574214935303,-0.25392135977745056,0.9403619766235352
2,stand,0.46452656388282776,0.541766881942749,-0.14965000748634338,0.9999854564666748,0.4692169725894928,0.5298137068748474,-0.13683699071407318,0.9999666810035706,0.4723791480064392,0.5294891595840454,-0.1368674486875534,0.9999712109565735,0.4753900170326233,0.529566764831543,-0.13690169155597687,0.9999668598175049,0.4604420065879822,0.5314042568206787,-0.13612496852874756,0.9999651312828064,0.45814505219459534,0.532031774520874,-0.1361832469701767,0.9999690651893616,0.45568346977233887,0.5327507257461548,-0.13619713485240936,0.9999655485153198,0.48023971915245056,0.537903368473053,-0.06426025927066803,0.9999489784240723,0.4529899060726166,0.5424817204475403,-0.06194538623094559,0.9999374151229858,0.47152143716812134,0.5566621422767639,-0.12357804924249649,0.9999807476997375,0.46020498871803284,0.5585601329803467,-0.1227516159415245,0.9999771118164062,0.5097870230674744,0.6152143478393555,-0.0588342659175396,0.9999340772628784,0.43222707509994507,0.6264755725860596,-0.03821885585784912,0.9999178051948547,0.5312895774841309,0.6986243724822998,-0.14007045328617096,0.9865145683288574,0.41974925994873047,0.7221603989601135,-0.1146756038069725,0.974195122718811,0.5329722166061401,0.7412506341934204,-0.2770135700702667,0.9773658514022827,0.40269237756729126,0.7611762881278992,-0.2513670027256012,0.9681557416915894,0.535208523273468,0.7686136960983276,-0.3079001307487488,0.9531275033950806,0.3942343592643738,0.7786359786987305,-0.28096312284469604,0.9458181262016296,0.5283498167991638,0.760527491569519,-0.31803280115127563,0.9581257104873657,0.39619147777557373,0.7676773071289062,-0.29673880338668823,0.9505869746208191,0.5256163477897644,0.752766489982605,-0.2835218608379364,0.9490075707435608,0.40011945366859436,0.7629356384277344,-0.2611434757709503,0.9427009224891663,0.4953734278678894,0.7846768498420715,-0.0018169076647609472,0.999432384967804,0.4521452784538269,0.7887881994247437,0.0018616933375597,0.9996528625488281,0.5276862382888794,0.7813194990158081,-0.2334931194782257,0.9667586088180542,0.3985152840614319,0.7853336930274963,-0.22688201069831848,0.9672355651855469,0.4461480677127838,0.8261516094207764,-0.1464594453573227,0.8933735489845276,0.49354854226112366,0.8401474952697754,-0.18047256767749786,0.9141268730163574,0.43742266297340393,0.8209072351455688,-0.1330055594444275,0.8274111747741699,0.49814948439598083,0.8222945928573608,-0.1720917969942093,0.83999103307724,0.41021251678466797,0.8296476602554321,-0.18533237278461456,0.9151841998100281,0.5300772786140442,0.8417994379997253,-0.23259012401103973,0.923572838306427
3,stand,0.46464118361473083,0.540546715259552,-0.14930543303489685,0.9999796748161316,0.4690658450126648,0.5285718441009521,-0.1364775449037552,0.9999672174453735,0.4720955789089203,0.5283085703849792,-0.136508047580719,0.9999711513519287,0.4748993515968323,0.5283721685409546,-0.1365419328212738,0.9999676942825317,0.4604594111442566,0.5305393934249878,-0.1362658143043518,0.9999656677246094,0.45807114243507385,0.5314426422119141,-0.1363399773836136,0.999968945980072,0.45569175481796265,0.5324934124946594,-0.1363571733236313,0.9999659061431885,0.4796566367149353,0.5360403656959534,-0.06309263408184052,0.9999502897262573,0.45310893654823303,0.5425399541854858,-0.06284227222204208,0.9999369382858276,0.4716700613498688,0.5544079542160034,-0.1227031946182251,0.9999818205833435,0.4602864384651184,0.5566059350967407,-0.12254128605127335,0.9999784231185913,0.5097735524177551,0.6156108975410461,-0.05440959334373474,0.9999175667762756,0.4329603314399719,0.6274495720863342,-0.03575846552848816,0.9998984336853027,0.530829906463623,0.7007090449333191,-0.1371113508939743,0.9852746725082397,0.4196327328681946,0.7191551923751831,-0.08577187359333038,0.9697649478912354,0.5327354669570923,0.7445780634880066,-0.2490038126707077,0.9750796556472778,0.4024578928947449,0.7597013115882874,-0.23199129104614258,0.9650313258171082,0.5345698595046997,0.7731077671051025,-0.27714160084724426,0.9509275555610657,0.39404135942459106,0.7799867391586304,-0.2602684795856476,0.9444455504417419,0.5274100303649902,0.7648739218711853,-0.29051387310028076,0.956359326839447,0.39547649025917053,0.7700197696685791,-0.278194785118103,0.9498673677444458,0.524980902671814,0.7554188966751099,-0.2565259039402008,0.947636604309082,0.3993831276893616,0.7639405131340027,-0.24246521294116974,0.9425073862075806,0.49560612440109253,0.7919171452522278,-0.0026240365114063025,0.9994212985038757,0.45204958319664,0.7925304174423218,0.002706497209146619,0.9996387958526611,0.5247641205787659,0.7918285131454468,-0.24504511058330536,0.9681939482688904,0.398837149143219,0.782529890537262,-0.2340993583202362,0.9670355319976807,0.44347602128982544,0.8320332765579224,-0.151774600148201,0.867271363735199,0.493405282497406,0.8413495421409607,-0.20115458965301514,0.9053264260292053,0.43532878160476685,0.8223334550857544,-0.13749191164970398,0.7982366681098938,0.49907389283180237,0.8259799480438232,-0.19421981275081635,0.8192434906959534,0.4061819612979889,0.8313829898834229,-0.18530146777629852,0.8956745862960815,0.5238178968429565,0.8457053303718567,-0.2582438588142395,0.9127839207649231
4,stand,0.46469631791114807,0.5450515151023865,-0.16407711803913116,0.9999722242355347,0.4691225588321686,0.5328119993209839,-0.15063273906707764,0.9999665021896362,0.47212666273117065,0.5323569774627686,-0.15066739916801453,0.9999698400497437,0.474816232919693,0.5322562456130981,-0.15071162581443787,0.9999674558639526,0.46044474840164185,0.5346094369888306,-0.15093722939491272,0.9999648332595825,0.4578777253627777,0.5355296730995178,-0.1510075181722641,0.9999675750732422,0.45557814836502075,0.5364975929260254,-0.15101581811904907,0.9999651312828064,0.4795149862766266,0.5391391515731812,-0.07402388751506805,0.9999497532844543,0.4531819224357605,0.5448501110076904,-0.07627195864915848,0.9999352693557739,0.47172030806541443,0.5579048991203308,-0.13622358441352844,0.999982476234436,0.4602041244506836,0.5600423812866211,-0.13677524030208588,0.9999792575836182,0.5098463892936707,0.6153884530067444,-0.06368163973093033,0.9999033808708191,0.4331326484680176,0.6266766786575317,-0.04515284299850464,0.9998733997344971,0.5308319330215454,0.6992337107658386,-0.12892265617847443,0.9848091006278992,0.4191945195198059,0.7233081459999084,-0.08906520158052444,0.9677988886833191,0.5321425199508667,0.7413314580917358,-0.27063533663749695,0.9740930199623108,0.4028072953224182,0.7580564618110657,-0.2500041127204895,0.9636586904525757,0.5338958501815796,0.7684491276741028,-0.3020141124725342,0.9505119323730469,0.394152969121933,0.7778746485710144,-0.2807472348213196,0.9448621273040771,0.5269083976745605,0.7606238722801208,-0.3125326931476593,0.9559910893440247,0.395513117313385,0.7668248414993286,-0.2965547740459442,0.9505235552787781,0.5244189500808716,0.7528463006019592,-0.27725255489349365,0.9473358392715454,0.3994656801223755,0.7607303857803345,-0.259833961725235,0.9433823823928833,0.49609097838401794,0.7919477820396423,-0.004582521505653858,0.9993868470191956,0.45230594277381897,0.7965537905693054,0.0046687135472893715,0.9995965957641602,0.5259398818016052,0.7880244851112366,-0.24040469527244568,0.9690271615982056,0.398057758808136,0.7844228744506836,-0.2235914170742035,0.9655573964118958,0.445884644985199,0.8331186771392822,-0.13828495144844055,0.84745192527771,0.49308958649635315,0.8422728776931763,-0.1721186339855194,0.8923128843307495,0.4381732940673828,0.8232321739196777,-0.12357969582080841,0.7783505320549011,0.4986113905906677,0.8287783265113831,-0.16340366005897522,0.798492431640625,0.41237586736679077,0.832793653011322,-0.17274290323257446,0.8774191737174988,0.5258055925369263,0.8457140326499939,-0.22427308559417725,0.8971913456916809
5,stand,0.46465808153152466,0.5444254279136658,-0.14494779706001282,0.9999634623527527,0.4691568911075592,0.5318596959114075,-0.13151457905769348,0.9999649524688721,0.47217702865600586,0.5314210653305054,-0.13154783844947815,0.9999677538871765,0.4747928977012634,0.5312792658805847,-0.13158342242240906,0.9999663829803467,0.46033501625061035,0.5346692204475403,-0.13177143037319183,0.9999631643295288,0.4576128423213959,0.5357269048690796,-0.13184139132499695,0.9999653697013855,0.4553653299808502,0.5366302728652954,-0.1318511664867401,0.999963641166687,0.47947797179222107,0.5384172201156616,-0.056694936007261276,0.9999477863311768,0.4531845152378082,0.5446110963821411,-0.059020936489105225,0.9999321103096008,0.47173237800598145,0.5578540563583374,-0.11801592260599136,0.9999827146530151,0.4600466787815094,0.5601043105125427,-0.11858554929494858,0.9999796748161316,0.5098439455032349,0.6153160929679871,-0.05041490122675896,0.9998884797096252,0.4333042502403259,0.6264955401420593,-0.03253309428691864,0.9998506307601929,0.5307379364967346,0.697213351726532,-0.12063124030828476,0.9842749238014221,0.41978469491004944,0.7199068665504456,-0.08414440602064133,0.9667558670043945,0.5322751402854919,0.7418515682220459,-0.2559420168399811,0.9736620187759399,0.40347370505332947,0.7561383843421936,-0.2421853095293045,0.9635788202285767,0.5342749953269958,0.7686866521835327,-0.2865181565284729,0.9509445428848267,0.39447134733200073,0.7755656838417053,-0.2729989290237427,0.9463850855827332,0.5273532271385193,0.761601448059082,-0.29792216420173645,0.9563435912132263,0.39588597416877747,0.7650959491729736,-0.2883138954639435,0.9520577788352966,0.5245657563209534,0.7539757490158081,-0.26278167963027954,0.947908341884613,0.3999480903148651,0.7591636776924133,-0.2517593801021576,0.9451850056648254,0.49618157744407654,0.7923737168312073,-0.004930690862238407,0.9993599057197571,0.45216888189315796,0.7976731061935425,0.00501615833491087,0.9995613694190979,0.5265752673149109,0.7863165736198425,-0.23383565247058868,0.9694414734840393,0.3990970253944397,0.7869716286659241,-0.2219965010881424,0.9640644788742065,0.4506444036960602,0.8388481140136719,-0.13856832683086395,0.8246706128120422,0.49326950311660767,0.8426348567008972,-0.17279040813446045,0.8786828517913818,0.4394875168800354,0.8239931464195251,-0.12451799213886261,0.7566481828689575,0.49843254685401917,0.8302150368690491,-0.16412805020809174,0.7776263952255249,0.4157886505126953,0.834625244140625,-0.17140313982963562,0.8565669059753418,0.5277808904647827,0.8452956080436707,-0.22273242473602295,0.8814940452575684
6,stand,0.4646998345851898,0.5446246862411499,-0.1484987884759903,0.9999566674232483,0.46921032667160034,0.5317625403404236,-0.13499793410301208,0.9999637007713318,0.4722336232662201,0.5313149094581604,-0.13503092527389526,0.9999660849571228,0.4748081564903259,0.531158983707428,-0.1350668966770172,0.999965488910675,0.46032577753067017,0.5348342657089233,-0.13531342148780823,0.9999619722366333,0.45752230286598206,0.5359573364257812,-0.1353846937417984,0.9999638199806213,0.45526155829429626,0.5369330644607544,-0.13539479672908783,0.9999626278877258,0.47947245836257935,0.5383879542350769,-0.05898613482713699,0.999946117401123,0.4531862735748291,0.544941782951355,-0.06158449128270149,0.9999300837516785,0.47178786993026733,0.5583322048187256,-0.1210179552435875,0.9999830722808838,0.46001872420310974,0.5606568455696106,-0.12167060375213623,0.9999803304672241,0.5098609924316406,0.6157416701316833,-0.05079174041748047,0.9998757839202881,0.43323177099227905,0.6268631815910339,-0.03434803709387779,0.9998372793197632,0.530684232711792,0.6979196667671204,-0.11599338054656982,0.9837432503700256,0.4199240803718567,0.720456600189209,-0.08582202345132828,0.9662909507751465,0.5323726534843445,0.7430239319801331,-0.25413575768470764,0.9731692671775818,0.40387922525405884,0.7574530839920044,-0.24814502894878387,0.9639191031455994,0.5344306230545044,0.7696920037269592,-0.284877210855484,0.951181948184967,0.39480096101760864,0.7766450643539429,-0.2797689735889435,0.9481308460235596,0.5276467800140381,0.7624640464782715,-0.2963964343070984,0.9565370082855225,0.396129310131073,0.7653084397315979,-0.29431405663490295,0.9537604451179504,0.5248380899429321,0.7549632787704468,-0.26101842522621155,0.9482389092445374,0.4002758860588074,0.7594420313835144,-0.257444828748703,0.9471097588539124,0.49628567695617676,0.792944073677063,-0.004798701964318752,0.9993427395820618,0.4520426392555237,0.7980288863182068,0.004880434833467007,0.9995408058166504,0.5263392925262451,0.7841065526008606,-0.23869840800762177,0.9702355861663818,0.3999675512313843,0.7882291078567505,-0.2297668755054474,0.9630998373031616,0.45154237747192383,0.8398600816726685,-0.1383855938911438,0.8046004772186279,0.4930223524570465,0.8427655696868896,-0.17239966988563538,0.8667889833450317,0.4397709369659424,0.8244079351425171,-0.12366066128015518,0.7372604608535767,0.497911274433136,0.8308480381965637,-0.1628357470035553,0.7589030861854553,0.41654539108276367,0.8356507420539856,-0.1691301017999649,0.8385666608810425,0.5284481644630432,0.8453377485275269,-0.22076193988323212,0.8678482174873352
7,stand,0.46475839614868164,0.5440463423728943,-0.14786601066589355,0.9999502897262573,0.4692566394805908,0.5311608910560608,-0.13396447896957397,0.999962568283081,0.4722770154476166,0.5307655930519104,-0.13399836421012878,0.9999645948410034,0.4748314917087555,0.5306957364082336,-0.13403472304344177,0.999964714050293,0.4603613317012787,0.5342885255813599,-0.13443954288959503,0.9999608993530273,0.45752906799316406,0.5354830622673035,-0.13451218605041504,0.9999624490737915,0.4552333354949951,0.5365027189254761,-0.13452263176441193,0.9999617338180542,0.47947654128074646,0.5382148623466492,-0.057669319212436676,0.9999446868896484,0.45318803191185,0.544688880443573,-0.061053115874528885,0.9999284148216248,0.47183483839035034,0.5581867098808289,-0.12041361629962921,0.9999833106994629,0.46004518866539,0.560571551322937,-0.12130182981491089,0.9999808669090271,0.509894073009491,0.6161002516746521,-0.05095086246728897,0.9998640418052673,0.4331311583518982,0.6274486780166626,-0.03394284099340439,0.9998251795768738,0.5307253003120422,0.6992883086204529,-0.11503467708826065,0.9831743836402893,0.4199472963809967,0.7201701402664185,-0.0866413563489914,0.9657490253448486,0.5324153304100037,0.7435521483421326,-0.2552560269832611,0.9725044965744019,0.4038413166999817,0.7579765319824219,-0.24926352500915527,0.9638357162475586,0.5344793796539307,0.770070493221283,-0.2861226499080658,0.9511010646820068,0.39491093158721924,0.7769966125488281,-0.2809170186519623,0.9492698311805725,0.5277445316314697,0.7631422281265259,-0.29739025235176086,0.9564505815505981,0.39621636271476746,0.7656296491622925,-0.29531699419021606,0.9549233913421631,0.5249315500259399,0.755778431892395,-0.26207059621810913,0.9482297301292419,0.4003435969352722,0.759880006313324,-0.25854966044425964,0.9484477639198303,0.4964524805545807,0.7927258610725403,-0.004896626342087984,0.999332070350647,0.4519542157649994,0.7976644039154053,0.004979338962584734,0.999528169631958,0.5260285139083862,0.7884529232978821,-0.23805537819862366,0.9709511995315552,0.40051084756851196,0.7878342270851135,-0.22738265991210938,0.9622070789337158,0.4512544572353363,0.8400949835777283,-0.13493119180202484,0.7866207361221313,0.49329057335853577,0.8429922461509705,-0.16987952589988708,0.8564163446426392,0.4394044280052185,0.824702262878418,-0.11997120082378387,0.7193043231964111,0.49920591711997986,0.8315228819847107,-0.1603565514087677,0.7423446178436279,0.4123072624206543,0.8339540362358093,-0.16565828025341034,0.8223395943641663,0.5287419557571411,0.845038115978241,-0.21826259791851044,0.8559131622314453
8,stand,0.4648016095161438,0.5433735251426697,-0.14634379744529724,0.9999439120292664,0.4692923426628113,0.5307109355926514,-0.13238093256950378,0.999961256980896,0.47231215238571167,0.5303229689598083,-0.13241450488567352,0.9999629259109497,0.47484174370765686,0.5303219556808472,-0.13245071470737457,0.9999637603759766,0.4603886604309082,0.5338825583457947,-0.1328863799571991,0.9999595284461975,0.4575369358062744,0.535122275352478,-0.13295619189739227,0.999960720539093,0.4552167057991028,0.5361642241477966,-0.1329648494720459,0.9999604821205139,0.47947806119918823,0.5379788279533386,-0.05651019141077995,0.9999430179595947,0.45319294929504395,0.5445259809494019,-0.06001276895403862,0.9999259114265442,0.4718727171421051,0.5577659010887146,-0.11917978525161743,0.9999834895133972,0.4600655138492584,0.560183048248291,-0.1200854554772377,0.9999812841415405,0.5099063515663147,0.6162698864936829,-0.050748310983181,0.9998533129692078,0.43311992287635803,0.6276794672012329,-0.03419337421655655,0.9998113512992859,0.5307067036628723,0.6991392374038696,-0.11444930732250214,0.982745885848999,0.4200202524662018,0.720038115978241,-0.0875239223241806,0.9652050137519836,0.5323750972747803,0.743923544883728,-0.25514936447143555,0.9721160531044006,0.4040142595767975,0.7576879858970642,-0.25044500827789307,0.9637609124183655,0.5345768928527832,0.7700915932655334,-0.28605881333351135,0.9513456225395203,0.39511552453041077,0.7764436602592468,-0.2821359932422638,0.950324535369873,0.5278598070144653,0.7633708715438843,-0.29726576805114746,0.956650972366333,0.3964472711086273,0.7653411626815796,-0.2964318096637726,0.9559839367866516,0.5249842405319214,0.7561007142066956,-0.26195886731147766,0.9485399127006531,0.40056100487709045,0.7596343755722046,-0.2597232162952423,0.9496721625328064,0.4964902997016907,0.7924211025238037,-0.0048185233026742935,0.9993212223052979,0.4518883228302002,0.797505795955658,0.004898770712316036,0.9995130896568298,0.5262371301651001,0.784656286239624,-0.23735491931438446,0.9715732336044312,0.4006067216396332,0.7882168292999268,-0.22844946384429932,0.9612986445426941,0.4518786072731018,0.8397620320320129,-0.13591597974300385,0.769648551940918,0.4934132695198059,0.8429974317550659,-0.16963627934455872,0.8458809852600098,0.43963298201560974,0.824914276599884,-0.12109848111867905,0.7024016380310059,0.49968981742858887,0.8319220542907715,-0.15994375944137573,0.7259559035301208,0.4164167046546936,0.8346585035324097,-0.16591598093509674,0.8068498373031616,0.5293072462081909,0.8446410298347473,-0.21709997951984406,0.8439570069313049
9,stand,0.4648318290710449,0.542931854724884,-0.14424963295459747,0.9999381899833679,0.4693189263343811,0.5304102897644043,-0.13022483885288239,0.9999601244926453,0.4723382890224457,0.530023992061615,-0.13025858998298645,0.9999614357948303,0.474853515625,0.5300655961036682,-0.13029655814170837,0.9999629855155945,0.4604092538356781,0.5335291624069214,-0.13082768023014069,0.999958336353302,0.4575504660606384,0.5347923040390015,-0.13089540600776672,0.9999591112136841,0.4552120566368103,0.5358268022537231,-0.1309017837047577,0.9999593496322632,0.4794822633266449,0.537952184677124,-0.054392434656620026,0.9999417662620544,0.4531971514225006,0.5442623496055603,-0.05826406553387642,0.9999237060546875,0.47189679741859436,0.5574678182601929,-0.11712463945150375,0.9999837279319763,0.46007364988327026,0.5599316358566284,-0.1181294173002243,0.999981701374054,0.5099060535430908,0.6157448887825012,-0.04922821745276451,0.999845027923584,0.43313488364219666,0.627444863319397,-0.03295489028096199,0.9997969269752502,0.5307011604309082,0.6982366442680359,-0.11277943849563599,0.9825356006622314,0.4201374053955078,0.72005295753479,-0.08751625567674637,0.9647305607795715,0.5323470234870911,0.7437883019447327,-0.2538568377494812,0.971982479095459,0.4042729437351227,0.7570722699165344,-0.25019627809524536,0.9637898802757263,0.5346618890762329,0.7699695825576782,-0.2849056124687195,0.9518426060676575,0.39531487226486206,0.7756984233856201,-0.28210777044296265,0.9514042139053345,0.5278939604759216,0.7635098695755005,-0.29624831676483154,0.957082211971283,0.3966696858406067,0.7647504806518555,-0.29647013545036316,0.957048773765564,0.5249403715133667,0.7562032341957092,-0.2607294023036957,0.9491170048713684,0.40078768134117126,0.7586255669593811,-0.25952285528182983,0.9508770704269409,0.49651747941970825,0.7920057773590088,-0.0047631701454520226,0.999310314655304,0.4518463611602783,0.7969491481781006,0.004840809386223555,0.9994950890541077,0.5266876816749573,0.7837107181549072,-0.23726551234722137,0.9721485376358032,0.40060633420944214,0.7881408929824829,-0.22763116657733917,0.9604448080062866,0.4524516463279724,0.8396208882331848,-0.13643960654735565,0.7533578872680664,0.49344706535339355,0.8428875207901001,-0.1682547628879547,0.8359938263893127,0.44025832414627075,0.8250457644462585,-0.12166383117437363,0.6863908767700195,0.4997672438621521,0.8320704102516174,-0.15849600732326508,0.7106416821479797,0.41752782464027405,0.8350796103477478,-0.1660374104976654,0.791846513748169,0.5296006202697754,0.844366729259491,-0.21538648009300232,0.8324867486953735
10,stand,0.464857280254364,0.5436648726463318,-0.14435772597789764,0.9999336004257202,0.46934089064598083,0.531074583530426,-0.13049839437007904,0.9999592900276184,0.4723602831363678,0.5306745767593384,-0.13053187727928162,0.9999604225158691,0.47485360503196716,0.5306323766708374,-0.13057006895542145,0.9999625086784363,0.46042147278785706,0.5341870784759521,-0.13108232617378235,0.9999573826789856,0.45754069089889526,0.5353761315345764,-0.13115020096302032,0.999957799911499,0.4551917612552643,0.5363585352897644,-0.13115611672401428,0.9999584555625916,0.4794704020023346,0.5382537245750427,-0.0545656681060791,0.9999411106109619,0.45319971442222595,0.5445200204849243,-0.05832215026021004,0.9999217987060547,0.47192344069480896,0.5579916834831238,-0.11713097244501114,0.9999839663505554,0.46008768677711487,0.5603557229042053,-0.11810026317834854,0.9999820590019226,0.5099059343338013,0.6157369017601013,-0.04830380529165268,0.9998390078544617,0.43320661783218384,0.6269704699516296,-0.03270004689693451,0.9997838139533997,0.5306650400161743,0.6981014609336853,-0.1106133684515953,0.9823588728904724,0.4203788638114929,0.719727635383606,-0.08633391559123993,0.9641619324684143,0.5323653817176819,0.7433827519416809,-0.25203937292099,0.9718623161315918,0.40426403284072876,0.7568759322166443,-0.24719186127185822,0.9637045860290527,0.534716784954071,0.7696398496627808,-0.2828045189380646,0.9522395730018616,0.39528486132621765,0.775745153427124,-0.2787592113018036,0.9522566795349121,0.527909517288208,0.7631374597549438,-0.29430848360061646,0.957424521446228,0.39666640758514404,0.764519989490509,-0.29360565543174744,0.9579163789749146,0.5249375104904175,0.7557884454727173,-0.25894695520401,0.9495899677276611,0.4007806181907654,0.7582517862319946,-0.25668463110923767,0.9518678784370422,0.49657225608825684,0.7920060753822327,-0.004673810210078955,0.9992936253547668,0.45181021094322205,0.7969695925712585,0.004758146591484547,0.9994701743125916,0.5278583765029907,0.7831217646598816,-0.23760786652565002,0.9726405739784241,0.40017765760421753,0.7883023619651794,-0.22946205735206604,0.9596381187438965,0.45053237676620483,0.8389256596565247,-0.1386299878358841,0.7392386794090271,0.4932633340358734,0.8431466817855835,-0.17162062227725983,0.82776939868927,0.44082069396972656,0.8251540064811707,-0.12403726577758789,0.6723737120628357,0.49891701340675354,0.8324978351593018,-0.16204455494880676,0.6971469521522522,0.4180440902709961,0.8353630304336548,-0.1687062680721283,0.779063880443573,0.5290973782539368,0.8446961045265198,-0.21962738037109375,0.8229146599769592
11,stand,0.46487706899642944,0.5437051653862,-0.14384503662586212,0.9999291300773621,0.4693569540977478,0.5311529636383057,-0.1297723948955536,0.999958336353302,0.47237640619277954,0.5307687520980835,-0.12980680167675018,0.9999592304229736,0.47485804557800293,0.5307310819625854,-0.12984469532966614,0.9999619126319885,0.46043482422828674,0.5342468023300171,-0.13042451441287994,0.9999562501907349,0.4575473666191101,0.5354121923446655,-0.1304928958415985,0.9999563694000244,0.4551893174648285,0.5363613367080688,-0.13049854338169098,0.9999573826789856,0.47946301102638245,0.538448691368103,-0.05329139158129692,0.9999401569366455,0.4532104432582855,0.5442821979522705,-0.05741756409406662,0.9999194145202637,0.47194409370422363,0.5580005049705505,-0.11647012084722519,0.9999841451644897,0.4601000249385834,0.560297966003418,-0.11754812300205231,0.9999823570251465,0.5098960399627686,0.6156710386276245,-0.04701218754053116,0.9998341202735901,0.43322139978408813,0.6267073154449463,-0.03162652254104614,0.9997720718383789,0.5306447744369507,0.6977835893630981,-0.10888110101222992,0.9822310209274292,0.4205048084259033,0.7198873162269592,-0.08444251120090485,0.9635434746742249,0.5323432683944702,0.7430402040481567,-0.2508905529975891,0.9717028737068176,0.40416210889816284,0.7576454281806946,-0.2444618046283722,0.9633802175521851,0.5347465872764587,0.7691485285758972,-0.281559556722641,0.9524518251419067,0.3952646553516388,0.7762356400489807,-0.275745689868927,0.9527255296707153,0.5279220342636108,0.7628127932548523,-0.29301974177360535,0.9576008915901184,0.3965545892715454,0.7650288343429565,-0.2910168766975403,0.9584502577781677,0.524933934211731,0.7555851340293884,-0.2577809691429138,0.9498435854911804,0.4006885886192322,0.7592198848724365,-0.2541026771068573,0.9524999260902405,0.4966355860233307,0.7919293642044067,-0.004544067196547985,0.9992793798446655,0.45177745819091797,0.7967689633369446,0.004635518882423639,0.9994465112686157,0.528211236000061,0.7834177017211914,-0.23988647758960724,0.9730579853057861,0.40002894401550293,0.7884985208511353,-0.23156698048114777,0.9586880803108215,0.4501381516456604,0.8382937908172607,-0.14044199883937836,0.7253683805465698,0.4930875301361084,0.8432942628860474,-0.17329265177249908,0.8197463154792786,0.44095054268836975,0.8252362012863159,-0.12582147121429443,0.6586714386940002,0.498467355966568,0.8327537775039673,-0.16375236213207245,0.6840783357620239,0.41835498809814453,0.8354911208152771,-0.1709262877702713,0.767132580280304,0.5289369225502014,0.8448938131332397,-0.22212755680084229,0.8140608668327332
12,stand,0.464895099401474,0.5440171957015991,-0.144569993019104,0.9999258518218994,0.4693702161312103,0.5313214659690857,-0.13053134083747864,0.9999578595161438,0.4723893702030182,0.5309215188026428,-0.13056574761867523,0.9999585151672363,0.47486209869384766,0.5308637619018555,-0.13060350716114044,0.9999616146087646,0.46044620871543884,0.5344969630241394,-0.13122639060020447,0.9999556541442871,0.45755189657211304,0.5356585383415222,-0.13129481673240662,0.9999555349349976,0.45518508553504944,0.5366288423538208,-0.1313004195690155,0.9999569058418274,0.4794549345970154,0.5383949875831604,-0.05379175394773483,0.9999396204948425,0.4532134532928467,0.5443019270896912,-0.058151792734861374,0.9999181628227234,0.47196149826049805,0.5581193566322327,-0.11703792959451675,0.9999843835830688,0.4601098895072937,0.5604791641235352,-0.11818744242191315,0.9999827146530151,0.5098744630813599,0.6155046820640564,-0.047005489468574524,0.999830424785614,0.4331906735897064,0.6266370415687561,-0.0319441482424736,0.9997648000717163,0.5306333899497986,0.6976119875907898,-0.1078232079744339,0.9820693731307983,0.42048269510269165,0.7207463383674622,-0.08393284678459167,0.9631893634796143,0.5323139429092407,0.7431946396827698,-0.25038987398147583,0.9714846611022949,0.40408000349998474,0.7582399249076843,-0.24370217323303223,0.9632450342178345,0.5347422361373901,0.7693776488304138,-0.28113222122192383,0.952546238899231,0.39521294832229614,0.7768160700798035,-0.2750198543071747,0.9532777667045593,0.5278915762901306,0.7629693150520325,-0.29250261187553406,0.957675576210022,0.3964478671550751,0.7653579115867615,-0.29022228717803955,0.9590426683425903,0.5248904228210449,0.755763590335846,-0.2572671175003052,0.9499732851982117,0.4005977511405945,0.759653627872467,-0.2533135414123535,0.9531824588775635,0.496710866689682,0.7919508814811707,-0.004418485797941685,0.9992689490318298,0.4517599940299988,0.7971338629722595,0.004514661151915789,0.9994292855262756,0.5284122824668884,0.7828325033187866,-0.2405000627040863,0.9734780788421631,0.3999532163143158,0.7884232997894287,-0.23288850486278534,0.9578598141670227,0.44975727796554565,0.8378921747207642,-0.14115026593208313,0.713262140750885,0.49319085478782654,0.8432095050811768,-0.17432308197021484,0.8127319812774658,0.44073906540870667,0.8252979516983032,-0.12653326988220215,0.6467282176017761,0.4983392357826233,0.8327808976173401,-0.16472530364990234,0.6725927591323853,0.41842779517173767,0.8357163071632385,-0.1717871129512787,0.7568548917770386,0.5292360782623291,0.8449032306671143,-0.22322924435138702,0.8064199686050415
13,stand,0.46490973234176636,0.5443415641784668,-0.14561815559864044,0.9999246597290039,0.46938347816467285,0.5316099524497986,-0.13165518641471863,0.9999582171440125,0.4724023938179016,0.5312186479568481,-0.13168780505657196,0.9999586939811707,0.47486335039138794,0.5311514139175415,-0.13172543048858643,0.9999620914459229,0.4604557156562805,0.534728467464447,-0.1323878914117813,0.999955952167511,0.45755332708358765,0.5358588695526123,-0.13245634734630585,0.9999555945396423,0.45517951250076294,0.5368421673774719,-0.13246038556098938,0.9999572038650513,0.4794415831565857,0.5386235117912292,-0.05457887053489685,0.9999403357505798,0.45321542024612427,0.5445893406867981,-0.05916748195886612,0.9999184608459473,0.47197532653808594,0.5584070086479187,-0.11790397018194199,0.9999848008155823,0.4601176679134369,0.5606694221496582,-0.11912599951028824,0.9999833106994629,0.5098514556884766,0.6155915856361389,-0.04716000705957413,0.9998289942741394,0.4331693649291992,0.6268956065177917,-0.03247738629579544,0.9997588396072388,0.5305720567703247,0.6973016262054443,-0.10762631893157959,0.9820100665092468,0.4204816222190857,0.7205145955085754,-0.08432458341121674,0.9629576206207275,0.5322538614273071,0.7428421974182129,-0.25084206461906433,0.9715397357940674,0.40402334928512573,0.7581301331520081,-0.24484248459339142,0.9632391333580017,0.534720778465271,0.7688184380531311,-0.28170934319496155,0.9529775977134705,0.39517828822135925,0.7767555117607117,-0.2763434052467346,0.9539121389389038,0.5278487801551819,0.7624272108078003,-0.29277151823043823,0.9580408334732056,0.39639201760292053,0.7654668092727661,-0.2912848889827728,0.9596890211105347,0.5248359441757202,0.7553039789199829,-0.2575870156288147,0.9504295587539673,0.4005439281463623,0.7597174644470215,-0.2543643116950989,0.9539346694946289,0.49676233530044556,0.7918720841407776,-0.004263028968125582,0.999261200428009,0.4517306387424469,0.7969852685928345,0.004360220395028591,0.9994136095046997,0.5286604166030884,0.7830830216407776,-0.24035267531871796,0.9739403128623962,0.3998319208621979,0.7885857224464417,-0.2333655059337616,0.9573869705200195,0.44929593801498413,0.8374342918395996,-0.14118660986423492,0.7037596702575684,0.4933392107486725,0.8433609008789062,-0.1748272180557251,0.80767422914505,0.44058793783187866,0.8253307938575745,-0.12655207514762878,0.6372278332710266,0.49835309386253357,0.8329470157623291,-0.1651936173439026,0.663564920425415,0.4142591953277588,0.8363866806030273,-0.17188769578933716,0.7487025260925293,0.5294322967529297,0.8450292944908142,-0.22384175658226013,0.8005878329277039
14,stand,0.4649215340614319,0.5451123714447021,-0.14650538563728333,0.9999226927757263,0.46939486265182495,0.5323188900947571,-0.13273552060127258,0.9999581575393677,0.4724137783050537,0.5319143533706665,-0.1327681541442871,0.9999583959579468,0.4748619496822357,0.5317949652671814,-0.1328064203262329,0.9999621510505676,0.460462749004364,0.5352389216423035,-0.1334153264760971,0.9999558329582214,0.4575541019439697,0.53627610206604,-0.13348329067230225,0.9999552369117737,0.45517605543136597,0.5372621417045593,-0.13348795473575592,0.9999571442604065,0.47941598296165466,0.5389301180839539,-0.05587052181363106,0.9999403357505798,0.4532203674316406,0.5448605418205261,-0.060163576155900955,0.9999181628227234,0.47198620438575745,0.5589001774787903,-0.11879710853099823,0.9999850392341614,0.4601236879825592,0.5610888600349426,-0.11993087828159332,0.9999837279319763,0.5098415017127991,0.6158599257469177,-0.04752497002482414,0.9998254776000977,0.43316468596458435,0.6265626549720764,-0.033144913613796234,0.999752938747406,0.5305701494216919,0.6974245309829712,-0.107382632791996,0.9818553328514099,0.42051053047180176,0.720000147819519,-0.08414916694164276,0.9627394080162048,0.5322044491767883,0.7421655654907227,-0.25084662437438965,0.9713878631591797,0.40397214889526367,0.7577826380729675,-0.24408681690692902,0.9633525013923645,0.534688413143158,0.768345296382904,-0.281704843044281,0.9530891180038452,0.3951510190963745,0.776545524597168,-0.275476336479187,0.9546170234680176,0.5277777910232544,0.7618909478187561,-0.2927325665950775,0.9581136703491211,0.3963419795036316,0.7652939558029175,-0.2906094491481781,0.9603840112686157,0.5247429013252258,0.7546918988227844,-0.2575713098049164,0.9505573511123657,0.4005034565925598,0.7594897747039795,-0.25365155935287476,0.9547260403633118,0.49681124091148376,0.7920455932617188,-0.00410873768851161,0.9992473721504211,0.4517102837562561,0.7969211339950562,0.004205815494060516,0.9993952512741089,0.5288249254226685,0.782757580280304,-0.23834571242332458,0.9742634892463684,0.39968881011009216,0.7882108688354492,-0.23249991238117218,0.9569342732429504,0.44921523332595825,0.8371334671974182,-0.14109072089195251,0.695218563079834,0.4933335781097412,0.8433833718299866,-0.17424598336219788,0.8025417327880859,0.4405129849910736,0.825356125831604,-0.12665751576423645,0.6287520527839661,0.4982929229736328,0.8330742716789246,-0.16464371979236603,0.6550217270851135,0.41328540444374084,0.8367909789085388,-0.17205071449279785,0.7411410212516785,0.5290555953979492,0.8450913429260254,-0.2231501042842865,0.794616162776947
15,stand,0.46489372849464417,0.545407235622406,-0.146860271692276,0.9999209642410278,0.46938666701316833,0.5325992703437805,-0.13328827917575836,0.9999580979347229,0.47240981459617615,0.5321279764175415,-0.13332027196884155,0.9999581575393677,0.4748454988002777,0.5319403409957886,-0.1333581507205963,0.9999622106552124,0.46042999625205994,0.535559356212616,-0.13385266065597534,0.9999557733535767,0.45751363039016724,0.5365791916847229,-0.13392134010791779,0.9999549984931946,0.4551471769809723,0.5375527739524841,-0.13392721116542816,0.9999571442604065,0.47938013076782227,0.5389089584350586,-0.05684678629040718,0.9999403953552246,0.45322179794311523,0.545101523399353,-0.060600440949201584,0.9999182224273682,0.4719701409339905,0.5590934157371521,-0.11926235258579254,0.9999852776527405,0.4600920081138611,0.5612966418266296,-0.12023624032735825,0.999984085559845,0.509836733341217,0.6161165833473206,-0.048130474984645844,0.9998217821121216,0.4331565797328949,0.6267568469047546,-0.03350022807717323,0.9997488260269165,0.5305556058883667,0.6975768208503723,-0.10746681690216064,0.9816840291023254,0.42052537202835083,0.7197797894477844,-0.0840822383761406,0.9626902937889099,0.5321580767631531,0.7420445084571838,-0.2510966360569,0.9712811708450317,0.4039325714111328,0.7577282190322876,-0.24374082684516907,0.9636310338973999,0.5346457362174988,0.7683022618293762,-0.28193435072898865,0.9532607793807983,0.395131915807724,0.7767082452774048,-0.27509745955467224,0.955427885055542,0.5276952981948853,0.7617355585098267,-0.2929847538471222,0.9582481384277344,0.39633768796920776,0.765410840511322,-0.2902487814426422,0.9611623287200928,0.5246437191963196,0.7545061707496643,-0.2578195631504059,0.9507580995559692,0.4004996716976166,0.7595148086547852,-0.2532932162284851,0.95561283826828,0.4968486726284027,0.7922455668449402,-0.0040721469558775425,0.9992329478263855,0.45169299840927124,0.7972068786621094,0.004169608000665903,0.9993798136711121,0.5287975668907166,0.7827481627464294,-0.23645885288715363,0.9745343923568726,0.3997329771518707,0.788333535194397,-0.2309676706790924,0.9566076993942261,0.4493522644042969,0.8369147181510925,-0.13959753513336182,0.6876681447029114,0.49334558844566345,0.8434382081031799,-0.17350922524929047,0.7978421449661255,0.44058871269226074,0.8253722190856934,-0.12525342404842377,0.6212339997291565,0.4982703626155853,0.833256721496582,-0.1640022099018097,0.6473485231399536,0.41301074624061584,0.8369757533073425,-0.17092826962471008,0.7341263294219971,0.5287938117980957,0.8451652526855469,-0.2223951518535614,0.7889609932899475
16,stand,0.4648720622062683,0.5454370379447937,-0.14551909267902374,0.9999192953109741,0.4693794846534729,0.5325846076011658,-0.1319807469844818,0.9999580383300781,0.4724065661430359,0.5320882201194763,-0.13201259076595306,0.9999579191207886,0.4748331606388092,0.5318778157234192,-0.13205081224441528,0.9999622106552124,0.46040695905685425,0.5355793237686157,-0.13253654539585114,0.9999557137489319,0.45748719573020935,0.5366010069847107,-0.13260501623153687,0.9999547600746155,0.4551289677619934,0.537571907043457,-0.13261114060878754,0.9999570846557617,0.47935160994529724,0.5387621521949768,-0.05582776665687561,0.9999403953552246,0.4532238841056824,0.5451580286026001,-0.059489499777555466,0.9999180436134338,0.4719535708427429,0.559036910533905,-0.11801469326019287,0.9999854564666748,0.4600756764411926,0.5612871050834656,-0.11896858364343643,0.9999843835830688,0.50983726978302,0.61614990234375,-0.04754689335823059,0.9998182058334351,0.4331585466861725,0.6270073056221008,-0.032798681408166885,0.9997439980506897,0.5305406451225281,0.697501540184021,-0.10697253793478012,0.9814578890800476,0.42053738236427307,0.7198805809020996,-0.08313457667827606,0.9623886942863464,0.5321592092514038,0.7420601844787598,-0.2506740689277649,0.9710310697555542,0.4039050042629242,0.7578566074371338,-0.24370220303535461,0.9637035131454468,0.5346381068229675,0.76825350522995,-0.28135961294174194,0.9532039165496826,0.3951176106929779,0.7767558693885803,-0.27483782172203064,0.9559943675994873,0.5276705026626587,0.7615928053855896,-0.29278096556663513,0.9581880569458008,0.3962838053703308,0.7655326724052429,-0.2898547649383545,0.9617340564727783,0.5246182680130005,0.7543278932571411,-0.2575213611125946,0.9507687091827393,0.40045151114463806,0.7596448063850403,-0.2530483305454254,0.9562831521034241,0.49687328934669495,0.7926766276359558,-0.004061688669025898,0.9992179274559021,0.45167702436447144,0.7977722883224487,0.004159954842180014,0.999363124370575,0.5287212133407593,0.7830041646957397,-0.23681846261024475,0.9748483896255493,0.3996981084346771,0.7883322238922119,-0.23002593219280243,0.9563332200050354,0.44890204071998596,0.8367899656295776,-0.14011815190315247,0.6812927722930908,0.4934101998806,0.8435367941856384,-0.1739182472229004,0.7947255969047546,0.44025999307632446,0.8254067301750183,-0.12568093836307526,0.6148967146873474,0.4983057379722595,0.8334627151489258,-0.1644834578037262,0.6417371034622192,0.412522554397583,0.8370732069015503,-0.17079439759254456,0.7282878756523132,0.528896689414978,0.845266580581665,-0.22260650992393494,0.7849046587944031
17,stand,0.46486157178878784,0.545581579208374,-0.14621874690055847,0.9999187588691711,0.46937721967697144,0.5327070355415344,-0.13267622888088226,0.9999584555625916,0.47240716218948364,0.532207727432251,-0.1327076554298401,0.9999582171440125,0.4748252332210541,0.5319948196411133,-0.13274671137332916,0.9999626278877258,0.46039748191833496,0.5356959104537964,-0.13319149613380432,0.9999561309814453,0.45747390389442444,0.5367221832275391,-0.13325974345207214,0.9999550580978394,0.4551178812980652,0.5377053022384644,-0.1332656294107437,0.9999574422836304,0.4793328642845154,0.538804292678833,-0.05642794817686081,0.9999411702156067,0.45322561264038086,0.5452536344528198,-0.059872597455978394,0.9999188780784607,0.4719461500644684,0.5591659545898438,-0.1186605915427208,0.9999857544898987,0.4600622057914734,0.5614404678344727,-0.1195518970489502,0.9999848008155823,0.5098413228988647,0.6162423491477966,-0.04782739281654358,0.999816358089447,0.4331645369529724,0.6275840401649475,-0.03293395787477493,0.9997411370277405,0.530520498752594,0.6980529427528381,-0.10700897872447968,0.9812955260276794,0.42052292823791504,0.7205687761306763,-0.08296496421098709,0.9621699452400208,0.5321754813194275,0.742055356502533,-0.2505665719509125,0.970845639705658,0.4038974344730377,0.7582648992538452,-0.2434440553188324,0.9637425541877747,0.5346510410308838,0.7680573463439941,-0.28118160367012024,0.9531731605529785,0.39507952332496643,0.7769957780838013,-0.27447089552879333,0.9564348459243774,0.5276716947555542,0.7614294290542603,-0.29257524013519287,0.958156943321228,0.3962182402610779,0.7658235430717468,-0.28971201181411743,0.9621875286102295,0.5246199369430542,0.7541894912719727,-0.25738176703453064,0.9507843255996704,0.40038371086120605,0.7599443197250366,-0.25295937061309814,0.9568098783493042,0.4968896806240082,0.7924050092697144,-0.0040495917201042175,0.9992052316665649,0.4516586363315582,0.7974698543548584,0.004149178974330425,0.9993481040000916,0.5287057757377625,0.7831499576568604,-0.23798403143882751,0.9752469062805176,0.39967042207717896,0.7882218956947327,-0.2295577973127365,0.9563161134719849,0.44863373041152954,0.8367207050323486,-0.1401650458574295,0.6764403581619263,0.49343156814575195,0.8437447547912598,-0.17373640835285187,0.7932061553001404,0.4400706887245178,0.8254382610321045,-0.12557843327522278,0.6098853945732117,0.4983495771884918,0.833834171295166,-0.1643252670764923,0.6379053592681885,0.41240009665489197,0.8374131321907043,-0.17050714790821075,0.7237608432769775,0.528712272644043,0.8454554080963135,-0.22264842689037323,0.7822743654251099
18,stand,0.46484312415122986,0.5455817580223083,-0.14553077518939972,0.9999181628227234,0.4693712294101715,0.5327540636062622,-0.13201329112052917,0.9999586939811707,0.47240567207336426,0.5322632789611816,-0.1320449560880661,0.9999583959579468,0.47481805086135864,0.5320640802383423,-0.1320842206478119,0.9999628663063049,0.46038001775741577,0.5357216596603394,-0.13253217935562134,0.9999564290046692,0.45745357871055603,0.5367448329925537,-0.1326003074645996,0.9999552965164185,0.45510268211364746,0.5377245545387268,-0.13260599970817566,0.9999577403068542,0.47931885719299316,0.5388621091842651,-0.055852197110652924,0.9999416470527649,0.45322585105895996,0.5452536344528198,-0.059300828725099564,0.9999194741249084,0.47193557024002075,0.5592142343521118,-0.11799712479114532,0.9999859929084778,0.46003809571266174,0.5614455938339233,-0.11889307200908661,0.9999852180480957,0.5098428726196289,0.6161753535270691,-0.04720621556043625,0.9998143315315247,0.43315935134887695,0.6275973916053772,-0.032527416944503784,0.9997386336326599,0.5305062532424927,0.6979954838752747,-0.10614992678165436,0.9811846017837524,0.4205123484134674,0.7208006978034973,-0.08240291476249695,0.9619824290275574,0.5321911573410034,0.7420151829719543,-0.2499595433473587,0.9707052111625671,0.4038720726966858,0.7581032514572144,-0.24305260181427002,0.9638593792915344,0.5346568822860718,0.7680531144142151,-0.2805398106575012,0.9531908631324768,0.3950551152229309,0.7768151760101318,-0.2742369472980499,0.956937849521637,0.5276708006858826,0.7614553570747375,-0.29152533411979675,0.9581645131111145,0.3962089419364929,0.7657262086868286,-0.28903573751449585,0.962687611579895,0.524624764919281,0.7542508244514465,-0.2565949559211731,0.9508388042449951,0.40037408471107483,0.75980544090271,-0.2523897588253021,0.9573729038238525,0.49690675735473633,0.7925383448600769,-0.003964089322835207,0.9991934895515442,0.45161914825439453,0.7974966168403625,0.004064631648361683,0.9993353486061096,0.5287071466445923,0.7833735942840576,-0.23695962131023407,0.9756044149398804,0.39976930618286133,0.7884387373924255,-0.229348823428154,0.9563488960266113,0.4486997723579407,0.8366690874099731,-0.13900497555732727,0.671624481678009,0.4935073256492615,0.8438208699226379,-0.1733614206314087,0.7916900515556335,0.4401434063911438,0.8254677653312683,-0.12444230169057846,0.6051504611968994,0.49844545125961304,0.8339471817016602,-0.1638978123664856,0.6346309781074524,0.4125204086303711,0.8375717997550964,-0.17028170824050903,0.7191370129585266,0.5290879011154175,0.8455057740211487,-0.2220570594072342,0.7797636985778809
19,stand,0.46480792760849,0.5455030798912048,-0.1446780562400818,0.9999173879623413,0.46935543417930603,0.5326346158981323,-0.1310591995716095,0.999958872795105,0.4723960757255554,0.5321362614631653,-0.13109168410301208,0.9999584555625916,0.47480645775794983,0.5319325923919678,-0.13113044202327728,0.9999630451202393,0.4603465497493744,0.5356228351593018,-0.13154423236846924,0.9999566674232483,0.45741772651672363,0.5366395711898804,-0.13161225616931915,0.999955415725708,0.45507779717445374,0.5375902056694031,-0.1316179633140564,0.9999579787254333,0.47929468750953674,0.5387165546417236,-0.05491076037287712,0.9999418258666992,0.4532213807106018,0.5450557470321655,-0.05821876972913742,0.9999198913574219,0.4719049036502838,0.5591761469841003,-0.11719207465648651,0.9999862313270569,0.4599981904029846,0.5613547563552856,-0.11804703623056412,0.9999855160713196,0.5098366737365723,0.6162245869636536,-0.046762533485889435,0.9998111128807068,0.43315428495407104,0.6278195381164551,-0.03173268958926201,0.999735951423645,0.5304574966430664,0.6979085803031921,-0.10593514144420624,0.9810232520103455,0.42048317193984985,0.7214686274528503,-0.08187955617904663,0.9617611765861511,0.5321968793869019,0.7421421408653259,-0.24991407990455627,0.9704859256744385,0.4038546681404114,0.7579007744789124,-0.242929607629776,0.9639890193939209,0.5346540808677673,0.7684071063995361,-0.2804572284221649,0.9530999064445496,0.3950422406196594,0.7765262126922607,-0.27408549189567566,0.9574209451675415,0.5276588797569275,0.761736273765564,-0.2913477122783661,0.9580747485160828,0.39622145891189575,0.765600323677063,-0.28878045082092285,0.9631595611572266,0.5246168375015259,0.7544839382171631,-0.2564585506916046,0.9507860541343689,0.40037837624549866,0.7596772909164429,-0.2521236538887024,0.9578920602798462,0.4969264566898346,0.7926826477050781,-0.00394375529140234,0.9991838335990906,0.45149165391921997,0.7977927327156067,0.004043262451887131,0.9993272423744202,0.5286632776260376,0.7834269404411316,-0.2371176779270172,0.9758535623550415,0.3998759090900421,0.7885151505470276,-0.23073844611644745,0.9563289880752563,0.44852685928344727,0.8366434574127197,-0.13915836811065674,0.6669849157333374,0.49373459815979004,0.8438392877578735,-0.17556670308113098,0.7901608943939209,0.4399239122867584,0.8255337476730347,-0.12455972284078598,0.6007483601570129,0.4993874132633209,0.8340681195259094,-0.16612493991851807,0.6317133903503418,0.4124874174594879,0.8376710414886475,-0.16989779472351074,0.7147372364997864,0.5295583009719849,0.8455504775047302,-0.22411973774433136,0.7774232625961304
20,stand,0.4647964835166931,0.5454232096672058,-0.14512330293655396,0.999916136264801,0.46935001015663147,0.5325866937637329,-0.1313657909631729,0.9999587535858154,0.4723924696445465,0.5320892333984375,-0.13139934837818146,0.9999582767486572,0.47479885816574097,0.5318857431411743,-0.1314385086297989,0.9999630451202393,0.46033716201782227,0.5355768799781799,-0.1318899542093277,0.9999565482139587,0.45740780234336853,0.5365949869155884,-0.1319580376148224,0.9999552369117737,0.45506906509399414,0.5375531315803528,-0.13196387887001038,0.9999579191207886,0.47927093505859375,0.538644552230835,-0.05494030565023422,0.9999417662620544,0.4532214105129242,0.5450018644332886,-0.0584457702934742,0.9999196529388428,0.4718945622444153,0.559091329574585,-0.11757142841815948,0.9999863505363464,0.45998358726501465,0.5612541437149048,-0.11848340928554535,0.9999856948852539,0.50983726978302,0.6163597702980042,-0.04683494195342064,0.9998089671134949,0.43314915895462036,0.6279046535491943,-0.031675033271312714,0.9997323155403137,0.5304469466209412,0.6982959508895874,-0.10594761371612549,0.9809626340866089,0.4204205572605133,0.7220442295074463,-0.0814441666007042,0.9613374471664429,0.5322078466415405,0.7420252561569214,-0.24983365833759308,0.9703785181045532,0.4038490355014801,0.757917046546936,-0.24196067452430725,0.963817298412323,0.5346623063087463,0.7684231400489807,-0.28033915162086487,0.9530593156814575,0.39503222703933716,0.7763703465461731,-0.27316510677337646,0.9575228095054626,0.5276675820350647,0.76180100440979,-0.29123392701148987,0.9580361247062683,0.3961971402168274,0.7655609846115112,-0.2877914011478424,0.96330326795578,0.5246285796165466,0.7544977068901062,-0.2564331293106079,0.9507505893707275,0.400346577167511,0.7597038149833679,-0.251173198223114,0.9580483436584473,0.4969421327114105,0.7927725315093994,-0.003926781937479973,0.9991735816001892,0.45140713453292847,0.7979414463043213,0.004025351721793413,0.999317467212677,0.5286375284194946,0.7834042906761169,-0.23762688040733337,0.9760362505912781,0.3999190032482147,0.7883039116859436,-0.2321314513683319,0.9560662508010864,0.4485917091369629,0.8364599347114563,-0.13971182703971863,0.6619008779525757,0.49377384781837463,0.8439198732376099,-0.17681005597114563,0.7877849340438843,0.43980851769447327,0.8257501125335693,-0.1251172125339508,0.5955911874771118,0.4996514916419983,0.834318220615387,-0.1673974096775055,0.6276651620864868,0.4125642776489258,0.8379932045936584,-0.17011699080467224,0.7102571129798889,0.52961266040802,0.8455965518951416,-0.22568826377391815,0.7746303677558899
21,stand,0.46478405594825745,0.5453226566314697,-0.14559262990951538,0.9999156594276428,0.46934884786605835,0.5325193405151367,-0.13178877532482147,0.9999589920043945,0.4723927080631256,0.5320460200309753,-0.13182267546653748,0.9999584555625916,0.4747960567474365,0.5318639874458313,-0.13186250627040863,0.9999633431434631,0.4603291153907776,0.5354779362678528,-0.13235600292682648,0.9999567270278931,0.45739755034446716,0.5364894270896912,-0.13242356479167938,0.9999553561210632,0.45505961775779724,0.537434995174408,-0.13242843747138977,0.9999580979347229,0.4792649745941162,0.5386897325515747,-0.05525593087077141,0.9999421834945679,0.4532206952571869,0.5449410676956177,-0.058948226273059845,0.9999199509620667,0.4718848168849945,0.5590731501579285,-0.11801373958587646,0.9999865293502808,0.45996561646461487,0.5611851811408997,-0.11897822469472885,0.999985933303833,0.5098369717597961,0.6164490580558777,-0.04722439497709274,0.9998078942298889,0.4331433176994324,0.6278728246688843,-0.032076556235551834,0.9997287392616272,0.5303853750228882,0.6983376741409302,-0.10617299377918243,0.9808976054191589,0.42040419578552246,0.7222685217857361,-0.08163420855998993,0.9609078168869019,0.5322139859199524,0.7419825196266174,-0.25020214915275574,0.9703028202056885,0.40382203459739685,0.7580580711364746,-0.2418273389339447,0.9635652899742126,0.5346673727035522,0.7685803174972534,-0.2808297574520111,0.9531044363975525,0.3949682116508484,0.776419997215271,-0.27304354310035706,0.9575532078742981,0.5276659727096558,0.7619287371635437,-0.2917047142982483,0.9580746293067932,0.3961246609687805,0.7656295895576477,-0.28777676820755005,0.9633805155754089,0.5246255397796631,0.7545973658561707,-0.25682321190834045,0.9508075714111328,0.4002832770347595,0.7598240375518799,-0.2511041760444641,0.9581438899040222,0.4969472289085388,0.7926708459854126,-0.003920427989214659,0.9991667866706848,0.45131224393844604,0.7976489663124084,0.004019773565232754,0.9993090033531189,0.5286234617233276,0.7834386825561523,-0.23748865723609924,0.9761850237846375,0.3998880088329315,0.7882117629051208,-0.23239192366600037,0.9559010863304138,0.44859617948532104,0.8363263607025146,-0.13989321887493134,0.6576619744300842,0.49386054277420044,0.8439212441444397,-0.1765783727169037,0.7858105897903442,0.43974971771240234,0.8259657025337219,-0.12533250451087952,0.5912918448448181,0.4999299645423889,0.8343617916107178,-0.1671195924282074,0.6244326829910278,0.41272974014282227,0.8383715152740479,-0.17020751535892487,0.706224262714386,0.52993243932724,0.8456306457519531,-0.22541043162345886,0.7721021175384521
22,stand,0.46477818489074707,0.5446248054504395,-0.14567413926124573,0.9999123811721802,0.46934500336647034,0.5319270491600037,-0.13147249817848206,0.9999580979347229,0.47238868474960327,0.5314773321151733,-0.1315094232559204,0.999957263469696,0.4747893214225769,0.531342089176178,-0.13154874742031097,0.999962568283081,0.46031785011291504,0.5349242687225342,-0.13216516375541687,0.9999556541442871,0.4573797583580017,0.535971462726593,-0.13223294913768768,0.9999539852142334,0.4550440311431885,0.5369166731834412,-0.13223914802074432,0.9999570250511169,0.479220449924469,0.5383961796760559,-0.053831618279218674,0.9999406337738037,0.4531955122947693,0.5444768071174622,-0.05823306366801262,0.9999175071716309,0.4718784689903259,0.5585196018218994,-0.11791615188121796,0.9999864101409912,0.4599491059780121,0.5607159733772278,-0.11902688443660736,0.9999858736991882,0.5098299980163574,0.6161176562309265,-0.046584486961364746,0.9998000264167786,0.4330511689186096,0.628351092338562,-0.03207577019929886,0.9997164011001587,0.5302282571792603,0.6978725790977478,-0.10772035270929337,0.9803483486175537,0.42027178406715393,0.723085343837738,-0.08587908744812012,0.9601461887359619,0.532220721244812,0.7418168783187866,-0.25743407011032104,0.9697365760803223,0.4038230776786804,0.7590504884719849,-0.252613365650177,0.9632229208946228,0.5346810817718506,0.7683776617050171,-0.2892519235610962,0.9527775049209595,0.39501291513442993,0.7771917581558228,-0.2850121259689331,0.9575444459915161,0.527714729309082,0.7618647813796997,-0.30014127492904663,0.9577765464782715,0.3961885869503021,0.7662638425827026,-0.2996393144130707,0.9633798599243164,0.5246575474739075,0.7545490860939026,-0.26433080434799194,0.9504674673080444,0.4003344476222992,0.7604592442512512,-0.2621031701564789,0.9580860137939453,0.49696803092956543,0.7926852703094482,-0.0037147991824895144,0.9991580843925476,0.45130234956741333,0.7984171509742737,0.003811680246144533,0.9992958903312683,0.5291668176651001,0.7781751155853271,-0.24142475426197052,0.9763302206993103,0.39990538358688354,0.7880955934524536,-0.2395269125699997,0.9556263089179993,0.4501163363456726,0.8362159729003906,-0.14245343208312988,0.651996374130249,0.4940606653690338,0.8440574407577515,-0.17843888700008392,0.7823014259338379,0.4414873719215393,0.8260111212730408,-0.12790925800800323,0.5859236121177673,0.4998680055141449,0.8346338868141174,-0.16858361661434174,0.6188539266586304,0.4193079471588135,0.8378462195396423,-0.17322081327438354,0.7017873525619507,0.5294013619422913,0.8415454626083374,-0.22762715816497803,0.7686412930488586
23,stand,0.46477946639060974,0.5441539883613586,-0.1466529667377472,0.9999086856842041,0.469346284866333,0.5315176844596863,-0.13177452981472015,0.9999569654464722,0.4723895192146301,0.531085729598999,-0.13181573152542114,0.9999557733535767,0.4747876226902008,0.5309867262840271,-0.13185521960258484,0.9999616146087646,0.4603177011013031,0.5345233678817749,-0.13270917534828186,0.999954342842102,0.4573771059513092,0.5355974435806274,-0.13277828693389893,0.9999522566795349,0.455037921667099,0.5365485548973083,-0.13278557360172272,0.9999556541442871,0.47919902205467224,0.5382145643234253,-0.05453925579786301,0.9999386668205261,0.45318254828453064,0.5441458225250244,-0.058457959443330765,0.9999142289161682,0.471881240606308,0.5581302046775818,-0.11874447762966156,0.9999862313270569,0.4599459171295166,0.5603775382041931,-0.12014728784561157,0.9999856948852539,0.5098012685775757,0.6159462332725525,-0.04774612560868263,0.9997915029525757,0.43294548988342285,0.6284272074699402,-0.033496007323265076,0.9997018575668335,0.5301418900489807,0.6976220011711121,-0.1134188324213028,0.9799253940582275,0.42019447684288025,0.7230775356292725,-0.09194384515285492,0.9593890905380249,0.5322263240814209,0.7416843771934509,-0.2647656798362732,0.9693199396133423,0.4038164019584656,0.7595427632331848,-0.2597751021385193,0.9627072811126709,0.5346925854682922,0.7682458758354187,-0.29711073637008667,0.952612042427063,0.3950273096561432,0.7775420546531677,-0.29246920347213745,0.9573494791984558,0.5277458429336548,0.7618215680122375,-0.30791860818862915,0.9576223492622375,0.3962119519710541,0.7666664123535156,-0.30718666315078735,0.963211715221405,0.5246754884719849,0.7545108199119568,-0.2717215418815613,0.95027756690979,0.4003515839576721,0.7608919739723206,-0.2693834602832794,0.9578557014465332,0.49699288606643677,0.7924843430519104,-0.003610218409448862,0.9991479516029358,0.45130839943885803,0.7985297441482544,0.0037034940905869007,0.9992831945419312,0.5294640064239502,0.7756680250167847,-0.2427367866039276,0.976347029209137,0.39993831515312195,0.7879853844642639,-0.24178418517112732,0.9551957249641418,0.4507889747619629,0.8361312747001648,-0.1423918902873993,0.6467329859733582,0.4941970705986023,0.8441842794418335,-0.17872846126556396,0.7790095806121826,0.4422692656517029,0.8260948061943054,-0.12782394886016846,0.5807428956031799,0.49983319640159607,0.8348613381385803,-0.16875065863132477,0.6137005686759949,0.42129096388816833,0.8374308943748474,-0.17382250726222992,0.6976154446601868,0.5290915966033936,0.8397855162620544,-0.2285725176334381,0.7655299305915833
24,stand,0.4647796154022217,0.5438385605812073,-0.14697492122650146,0.9999042749404907,0.46934786438941956,0.5312221646308899,-0.1323530077934265,0.9999553561210632,0.47239023447036743,0.5307978391647339,-0.13239231705665588,0.9999538064002991,0.4747835099697113,0.530720591545105,-0.13243170082569122,0.9999603033065796,0.46031761169433594,0.5342401266098022,-0.13320612907409668,0.9999525547027588,0.4573729634284973,0.535338282585144,-0.13327480852603912,0.9999500513076782,0.4550260603427887,0.5362988710403442,-0.1332816630601883,0.9999538660049438,0.47918182611465454,0.5380719304084778,-0.05496228486299515,0.9999359846115112,0.4531651437282562,0.5439167022705078,-0.059026189148426056,0.9999099373817444,0.4718814790248871,0.5578542947769165,-0.11907239258289337,0.9999858736991882,0.45994025468826294,0.5601282119750977,-0.1203627958893776,0.99998539686203,0.5097516179084778,0.6158443689346313,-0.04803912341594696,0.9997833371162415,0.43288469314575195,0.6284502744674683,-0.03375493735074997,0.9996875524520874,0.5300768613815308,0.6974141597747803,-0.11474202573299408,0.9795653820037842,0.4201327860355377,0.7226828932762146,-0.09295047074556351,0.9587742686271667,0.5322297215461731,0.7415177822113037,-0.26518699526786804,0.9690157175064087,0.4037940502166748,0.7598598003387451,-0.25977861881256104,0.9622309803962708,0.5346999168395996,0.7680876851081848,-0.2973608672618866,0.9525437355041504,0.3950210213661194,0.7778141498565674,-0.29224893450737,0.9571394324302673,0.5277618169784546,0.7616733908653259,-0.3080701231956482,0.9575501084327698,0.3962109684944153,0.7670505046844482,-0.3069673776626587,0.9630294442176819,0.5246793031692505,0.7543603777885437,-0.27208226919174194,0.9501747488975525,0.4003499448299408,0.7613077759742737,-0.2693859934806824,0.9576393961906433,0.4970245957374573,0.7924408912658691,-0.003571371315047145,0.9991395473480225,0.45134323835372925,0.7986357808113098,0.003662139642983675,0.9992711544036865,0.5295316576957703,0.7761386632919312,-0.24380841851234436,0.9763040542602539,0.3999655544757843,0.7879284620285034,-0.24213020503520966,0.9546346068382263,0.4512852132320404,0.8360860347747803,-0.1426660120487213,0.641214907169342,0.49418988823890686,0.8442316055297852,-0.17834649980068207,0.7751660346984863,0.44282907247543335,0.8261839747428894,-0.12806792557239532,0.575345516204834,0.49981141090393066,0.8350089192390442,-0.1683402806520462,0.6081294417381287,0.4219226837158203,0.8371334671974182,-0.17430540919303894,0.6934151649475098,0.5285764932632446,0.8388561010360718,-0.22815220057964325,0.762187123298645
25,stand,0.46477165818214417,0.5436111688613892,-0.14715735614299774,0.9998997449874878,0.46934834122657776,0.5310261845588684,-0.13269101083278656,0.9999536871910095,0.4723908007144928,0.5306129455566406,-0.1327292025089264,0.9999518394470215,0.4747793674468994,0.5305603742599487,-0.1327686607837677,0.999958872795105,0.4603095054626465,0.5340397357940674,-0.13351035118103027,0.9999507069587708,0.4573519825935364,0.5351473689079285,-0.13357877731323242,0.9999478459358215,0.4549972116947174,0.5361099243164062,-0.13358530402183533,0.9999520182609558,0.4791781008243561,0.5380174517631531,-0.05529145151376724,0.9999333024024963,0.4531472623348236,0.5437408685684204,-0.059375155717134476,0.9999056458473206,0.4718809127807617,0.5576751828193665,-0.11918994039297104,0.9999855160713196,0.45991411805152893,0.5599504113197327,-0.12046144157648087,0.9999850988388062,0.5097264051437378,0.615756094455719,-0.04893684759736061,0.9997749328613281,0.43287962675094604,0.6283480525016785,-0.034190889447927475,0.9996756315231323,0.5299950838088989,0.6972297430038452,-0.11643832921981812,0.9790773987770081,0.42009538412094116,0.722383975982666,-0.09302105754613876,0.9580079317092896,0.5322133302688599,0.7413970232009888,-0.2662520110607147,0.9683962464332581,0.40366894006729126,0.760319173336029,-0.25824978947639465,0.9614995718002319,0.5347051620483398,0.7679643630981445,-0.2983624041080475,0.9520372748374939,0.39497607946395874,0.7780699729919434,-0.29052820801734924,0.9566517472267151,0.5277687311172485,0.7615633010864258,-0.30896687507629395,0.9570909142494202,0.3961404263973236,0.767481803894043,-0.30541104078292847,0.9626191258430481,0.5246864557266235,0.7542449235916138,-0.27311447262763977,0.9496638774871826,0.40026602149009705,0.7618420720100403,-0.2679171562194824,0.9571987986564636,0.49704211950302124,0.7924590110778809,-0.003553345100954175,0.9991285800933838,0.45133981108665466,0.79869145154953,0.003642908064648509,0.9992579817771912,0.5295923948287964,0.7765491008758545,-0.2436465322971344,0.9761494994163513,0.3999904990196228,0.7879182696342468,-0.24119141697883606,0.954004168510437,0.4514884352684021,0.8360386490821838,-0.1424189954996109,0.6357532143592834,0.4941944181919098,0.8442995548248291,-0.17800000309944153,0.7717670202255249,0.44309791922569275,0.8261933326721191,-0.1278238743543625,0.5700414776802063,0.4997774064540863,0.8351376056671143,-0.16803976893424988,0.6032050251960754,0.4220152497291565,0.8370361924171448,-0.17415089905261993,0.6891430616378784,0.528165876865387,0.8385668396949768,-0.22789768874645233,0.7591395974159241
26,stand,0.4647698402404785,0.5434603095054626,-0.15166965126991272,0.9998969435691833,0.46934881806373596,0.5309603214263916,-0.13713061809539795,0.9999526143074036,0.4723920226097107,0.5305613875389099,-0.13716848194599152,0.9999505877494812,0.4747757315635681,0.5305299162864685,-0.13720789551734924,0.9999580383300781,0.46030569076538086,0.5339652299880981,-0.1379571259021759,0.9999494552612305,0.45734214782714844,0.5350915193557739,-0.138026624917984,0.9999463558197021,0.4549829065799713,0.5360546708106995,-0.1380329430103302,0.9999507665634155,0.47917360067367554,0.5380265712738037,-0.0591607503592968,0.9999317526817322,0.453137069940567,0.5436568260192871,-0.06374689936637878,0.999902606010437,0.47188037633895874,0.5576390027999878,-0.1237637847661972,0.9999853372573853,0.4599068760871887,0.5599031448364258,-0.12504255771636963,0.9999849200248718,0.5096951723098755,0.6157070994377136,-0.05294201523065567,0.9997699856758118,0.43287205696105957,0.628250002861023,-0.0381135419011116,0.9996654987335205,0.5299016237258911,0.6970966458320618,-0.1199779286980629,0.9789018034934998,0.42003074288368225,0.7222163677215576,-0.09618470072746277,0.9574381113052368,0.5322010517120361,0.7413057088851929,-0.2694029211997986,0.9681215286254883,0.4035908281803131,0.7604914307594299,-0.2607186436653137,0.9608871936798096,0.5347098112106323,0.7678765058517456,-0.3015420138835907,0.951869547367096,0.39496174454689026,0.7782060503959656,-0.2930862605571747,0.9562442302703857,0.5277732014656067,0.7614796161651611,-0.3120553493499756,0.9569324254989624,0.3961257338523865,0.767679750919342,-0.30800408124923706,0.9622718095779419,0.5246917009353638,0.7541592717170715,-0.2762131690979004,0.9494763612747192,0.40024471282958984,0.7620550394058228,-0.27041003108024597,0.95680171251297,0.4970516264438629,0.7924108505249023,-0.0034745498560369015,0.9991194605827332,0.45133429765701294,0.7985899448394775,0.0035611451603472233,0.9992451667785645,0.5296955108642578,0.7773126363754272,-0.2433735579252243,0.9759120941162109,0.400019109249115,0.7879444360733032,-0.24154119193553925,0.9533250331878662,0.4515407979488373,0.8360415697097778,-0.14209604263305664,0.6312499642372131,0.4942021369934082,0.8444719314575195,-0.17767730355262756,0.7688563466072083,0.44321107864379883,0.8262782692909241,-0.12752127647399902,0.5655630826950073,0.49974870681762695,0.8354014754295349,-0.16773338615894318,0.5989592671394348,0.4219798147678375,0.8370575904846191,-0.17391274869441986,0.6855068802833557,0.5282063484191895,0.8422622680664062,-0.22771939635276794,0.756601095199585
27,stand,0.4646177887916565,0.5433509349822998,-0.15402215719223022,0.9998956322669983,0.4692727029323578,0.5309056043624878,-0.13975226879119873,0.9999522566795349,0.47232383489608765,0.5305041670799255,-0.139789417386055,0.999950110912323,0.47472691535949707,0.53047776222229,-0.13982991874217987,0.999957799911499,0.46019673347473145,0.5339474081993103,-0.14042910933494568,0.9999489784240723,0.4572431147098541,0.5350787043571472,-0.14049813151359558,0.9999456405639648,0.4549106955528259,0.5360352993011475,-0.1405044049024582,0.9999502301216125,0.47915834188461304,0.5379953384399414,-0.0621500089764595,0.9999313354492188,0.4531100392341614,0.5436146855354309,-0.06616447865962982,0.999901294708252,0.4717863202095032,0.5575906038284302,-0.12626853585243225,0.9999852776527405,0.45977044105529785,0.5598547458648682,-0.1273287683725357,0.9999849200248718,0.5096863508224487,0.6156628727912903,-0.055461060255765915,0.999765157699585,0.43285122513771057,0.6283237338066101,-0.04034719243645668,0.9996576905250549,0.5298985242843628,0.6970199346542358,-0.12245030701160431,0.9786831140518188,0.4199545979499817,0.7220584154129028,-0.0981135219335556,0.9568034410476685,0.5321930050849915,0.7412378191947937,-0.2718737721443176,0.9678532481193542,0.40351325273513794,0.7604729533195496,-0.262971967458725,0.960418164730072,0.5347138047218323,0.7678279280662537,-0.30391961336135864,0.9517621994018555,0.39493268728256226,0.7781699299812317,-0.29547318816185,0.9560225605964661,0.5277801752090454,0.7614143490791321,-0.31461551785469055,0.9568317532539368,0.39611250162124634,0.767671525478363,-0.3103826642036438,0.9620850086212158,0.5246963500976562,0.7540925145149231,-0.2787456214427948,0.9493656158447266,0.4002249836921692,0.7620554566383362,-0.27268797159194946,0.9565889239311218,0.4970591962337494,0.7923834323883057,-0.003361360402777791,0.9991088509559631,0.45130032300949097,0.7986196875572205,0.0034450688399374485,0.9992325901985168,0.5299478769302368,0.7774943709373474,-0.24192659556865692,0.9757169485092163,0.4000264108181,0.7879502773284912,-0.2406521588563919,0.9529648423194885,0.4516069293022156,0.8360399603843689,-0.1414290964603424,0.6278979778289795,0.4942092299461365,0.8445546627044678,-0.17759166657924652,0.766845703125,0.44328421354293823,0.8263974785804749,-0.1269434690475464,0.562299370765686,0.4997268617153168,0.8355839848518372,-0.16749486327171326,0.596193253993988,0.42201900482177734,0.8370737433433533,-0.1732892245054245,0.6822479367256165,0.52826988697052,0.8440748453140259,-0.22744616866111755,0.7546403408050537
28,stand,0.4644741415977478,0.543292224407196,-0.1539154052734375,0.9998953342437744,0.4691823124885559,0.5308758020401001,-0.13971735537052155,0.9999523758888245,0.47224053740501404,0.5304591655731201,-0.1397542655467987,0.9999501705169678,0.4746686816215515,0.5304284691810608,-0.13979479670524597,0.9999579787254333,0.46008262038230896,0.5339937210083008,-0.14034125208854675,0.9999489188194275,0.45713621377944946,0.5351312756538391,-0.14040987193584442,0.9999454617500305,0.4548395276069641,0.5360807776451111,-0.1404159516096115,0.999950110912323,0.4791381359100342,0.537956714630127,-0.06212354823946953,0.9999316930770874,0.45307087898254395,0.5436452031135559,-0.06596579402685165,0.9999008774757385,0.47167032957077026,0.5575690865516663,-0.12614811956882477,0.99998539686203,0.45965638756752014,0.559851884841919,-0.12714716792106628,0.9999850392341614,0.5096877813339233,0.6156765222549438,-0.05502210929989815,0.9997640252113342,0.43282681703567505,0.6283443570137024,-0.03995320573449135,0.9996527433395386,0.5299050807952881,0.6970613598823547,-0.12106456607580185,0.978605329990387,0.4198954105377197,0.7220179438591003,-0.09669323265552521,0.9562944769859314,0.5321918725967407,0.7411884069442749,-0.2702091634273529,0.9677977561950684,0.4034852385520935,0.7607129216194153,-0.26088273525238037,0.9600304365158081,0.5347174406051636,0.7677590250968933,-0.3021083474159241,0.9518506526947021,0.3949221968650818,0.7784335613250732,-0.2932324707508087,0.9558177590370178,0.5277830362319946,0.7613641619682312,-0.31282657384872437,0.9569058418273926,0.3960970640182495,0.7678563594818115,-0.30816489458084106,0.961913526058197,0.5246997475624084,0.7540441751480103,-0.27705031633377075,0.949432909488678,0.40020450949668884,0.762259840965271,-0.2705702483654022,0.956389307975769,0.49706515669822693,0.792384147644043,-0.0032865009270608425,0.9991048574447632,0.4512632489204407,0.7985763549804688,0.003369465935975313,0.9992242455482483,0.5301666855812073,0.7778540849685669,-0.2417018860578537,0.9756491780281067,0.4000490605831146,0.7879979610443115,-0.24028639495372772,0.9527778029441833,0.4516333043575287,0.8360342979431152,-0.1413286030292511,0.6257114410400391,0.4942402243614197,0.8446208238601685,-0.17735692858695984,0.7660549283027649,0.4433369040489197,0.8264772295951843,-0.1268516182899475,0.5601712465286255,0.49971070885658264,0.835672914981842,-0.16731567680835724,0.5947534441947937,0.4208788275718689,0.837530255317688,-0.1731843799352646,0.6801677942276001,0.5284491777420044,0.8450387120246887,-0.22723647952079773,0.753787100315094
29,stand,0.46441850066185,0.5432412028312683,-0.15479671955108643,0.9998945593833923,0.4691486358642578,0.5308440327644348,-0.14071597158908844,0.9999521970748901,0.4722123146057129,0.5304189324378967,-0.14075300097465515,0.9999499320983887,0.47464054822921753,0.5303865671157837,-0.14079400897026062,0.9999579191207886,0.46003109216690063,0.5340062975883484,-0.14134511351585388,0.9999486804008484,0.4570765495300293,0.5351542830467224,-0.14141322672367096,0.9999451041221619,0.4547940194606781,0.5361025929450989,-0.14141996204853058,0.9999498724937439,0.47912725806236267,0.5379176139831543,-0.06326605379581451,0.9999315142631531,0.4530448317527771,0.5436559319496155,-0.06709327548742294,0.9999002814292908,0.47163039445877075,0.5575430393218994,-0.1270546168088913,0.99998539686203,0.4596043527126312,0.5598466396331787,-0.12803708016872406,0.9999850392341614,0.5096855759620667,0.6156678199768066,-0.055740613490343094,0.9997597932815552,0.43281450867652893,0.6283329129219055,-0.041035328060388565,0.9996464252471924,0.5299102067947388,0.6970680952072144,-0.1212124451994896,0.9783615469932556,0.41982078552246094,0.7221527695655823,-0.0971565842628479,0.9558882713317871,0.5321932435035706,0.7411717176437378,-0.27017393708229065,0.9675046801567078,0.40332573652267456,0.7609806656837463,-0.2607172429561615,0.9597492218017578,0.5347200632095337,0.7677419185638428,-0.30192798376083374,0.951675534248352,0.3947429060935974,0.7787090539932251,-0.2929303050041199,0.9557116627693176,0.5277867317199707,0.7613558173179626,-0.31281253695487976,0.9567485451698303,0.3959115147590637,0.7681001424789429,-0.3079729974269867,0.9618289470672607,0.524702787399292,0.7540357708930969,-0.27708739042282104,0.9492771029472351,0.40003103017807007,0.7625192999839783,-0.27043506503105164,0.956304132938385,0.4970705509185791,0.7924591898918152,-0.0031875018030405045,0.9990943074226379,0.4512414038181305,0.7985986471176147,0.003268153639510274,0.9992111325263977,0.5304917097091675,0.7779081463813782,-0.2398633509874344,0.9755761027336121,0.4000517725944519,0.7879959940910339,-0.23945274949073792,0.9526274800300598,0.4516887068748474,0.8360261917114258,-0.14051854610443115,0.6237190365791321,0.49422550201416016,0.844624400138855,-0.17514528334140778,0.7645338773727417,0.44343119859695435,0.826489269733429,-0.1261289119720459,0.5581123232841492,0.49966567754745483,0.8356825113296509,-0.1649780571460724,0.5925018191337585,0.4215633273124695,0.8375374674797058,-0.17221269011497498,0.6780915856361389,0.5284354090690613,0.8456704020500183,-0.2242763787508011,0.7521881461143494
30,stand,0.4643874764442444,0.5431946516036987,-0.15680474042892456,0.9998935461044312,0.4691356122493744,0.5308108925819397,-0.1428062617778778,0.9999518394470215,0.47220420837402344,0.5303828120231628,-0.142843097448349,0.9999495148658752,0.4746285378932953,0.5303511023521423,-0.14288491010665894,0.9999577403068542,0.4600009322166443,0.5339868068695068,-0.14342239499092102,0.9999483227729797,0.4570368826389313,0.5351397395133972,-0.143490269780159,0.9999445676803589,0.454763263463974,0.5360875725746155,-0.14349694550037384,0.9999494552612305,0.47912415862083435,0.5378881096839905,-0.0654478669166565,0.9999311566352844,0.45302915573120117,0.5436392426490784,-0.06916670501232147,0.9998993277549744,0.471609503030777,0.5575118064880371,-0.12908896803855896,0.9999853372573853,0.45957398414611816,0.5598226189613342,-0.13002647459506989,0.9999850392341614,0.509684681892395,0.615669846534729,-0.057602137327194214,0.999755322933197,0.4328114986419678,0.6282906532287598,-0.043029509484767914,0.9996393918991089,0.5299097299575806,0.6970425248146057,-0.12328620254993439,0.9782082438468933,0.4197765290737152,0.7222795486450195,-0.09928129613399506,0.9554390907287598,0.5321916341781616,0.7411431074142456,-0.2726745009422302,0.967281699180603,0.40325728058815,0.7610341310501099,-0.2630172073841095,0.9594362378120422,0.5347225666046143,0.7677042484283447,-0.3045349419116974,0.9515906572341919,0.3946762681007385,0.7788274884223938,-0.2953440845012665,0.9555898308753967,0.5277895927429199,0.7613275051116943,-0.31548649072647095,0.956673800945282,0.3958505094051361,0.7682011723518372,-0.3104030191898346,0.961727499961853,0.5247054696083069,0.7540086507797241,-0.27964168787002563,0.9492025971412659,0.3999750316143036,0.7626087665557861,-0.27276262640953064,0.9561943411827087,0.49707379937171936,0.7925599217414856,-0.003083461197093129,0.9990839958190918,0.4512108862400055,0.7986373901367188,0.0031614750623703003,0.9991993308067322,0.5311555862426758,0.7780427932739258,-0.2384583055973053,0.9754806160926819,0.4000580310821533,0.7880560755729675,-0.2394186556339264,0.9524600505828857,0.45168986916542053,0.8359975814819336,-0.13908547163009644,0.6220738291740417,0.4941985011100769,0.844648003578186,-0.17337635159492493,0.762863039970398,0.44345173239707947,0.8265069127082825,-0.12468765676021576,0.5562301278114319,0.49960049986839294,0.8357212543487549,-0.16305109858512878,0.5903548002243042,0.4216310977935791,0.8374742269515991,-0.17050501704216003,0.6760148406028748,0.5284202694892883,0.8459715843200684,-0.22194425761699677,0.7504214644432068
31,stand,0.4643760621547699,0.5431695580482483,-0.1589210331439972,0.9998925924301147,0.4691339135169983,0.5307835340499878,-0.14488616585731506,0.9999515414237976,0.47220301628112793,0.5303546190261841,-0.1449221670627594,0.9999490976333618,0.47462335228919983,0.5303218364715576,-0.14496366679668427,0.9999576210975647,0.45999765396118164,0.5339599847793579,-0.145499125123024,0.9999479055404663,0.45703181624412537,0.5351129770278931,-0.14556770026683807,0.9999439120292664,0.45475634932518005,0.5360611081123352,-0.1455736756324768,0.9999489784240723,0.47912096977233887,0.5378668904304504,-0.06721100956201553,0.9999308586120605,0.4530271589756012,0.5436171293258667,-0.0709853321313858,0.9998980164527893,0.47160497307777405,0.5574848651885986,-0.13110175728797913,0.9999853372573853,0.4595620632171631,0.5597960948944092,-0.13205035030841827,0.9999849796295166,0.5096842050552368,0.6156428456306458,-0.05913225933909416,0.9997527003288269,0.4328064024448395,0.6282526254653931,-0.04440629854798317,0.9996330142021179,0.5299091935157776,0.6970446109771729,-0.12535423040390015,0.9782238006591797,0.4197646677494049,0.7222843766212463,-0.10116181522607803,0.9549801349639893,0.5321859121322632,0.7411247491836548,-0.2754794955253601,0.9672443270683289,0.4031982421875,0.7610467672348022,-0.2656807005405426,0.9589616060256958,0.5347243547439575,0.7676716446876526,-0.30765384435653687,0.9516558647155762,0.39461198449134827,0.7788956761360168,-0.2981860637664795,0.9552770853042603,0.5277949571609497,0.76130610704422,-0.318401038646698,0.9567311406135559,0.39578765630722046,0.7682509422302246,-0.3132888674736023,0.9614605903625488,0.5247082710266113,0.7539899945259094,-0.28238800168037415,0.9492454528808594,0.3999095559120178,0.7626469731330872,-0.2754826545715332,0.9559075832366943,0.49707549810409546,0.7926007509231567,-0.003029643092304468,0.9990757703781128,0.4512079656124115,0.7986036539077759,0.0031048546079546213,0.9991894364356995,0.5314503908157349,0.7784869074821472,-0.2384483516216278,0.9753177165985107,0.39998942613601685,0.7880521416664124,-0.2395336627960205,0.9520530104637146,0.45163416862487793,0.8359995484352112,-0.1389261782169342,0.6204686164855957,0.4941471219062805,0.8447436094284058,-0.173410102725029,0.7608704566955566,0.44344815611839294,0.8265195488929749,-0.12451527267694473,0.5540401339530945,0.4995354115962982,0.8358216881752014,-0.16311219334602356,0.5877176523208618,0.4196029305458069,0.8366411924362183,-0.17051541805267334,0.674385666847229,0.5283844470977783,0.8462675213813782,-0.22216244041919708,0.7486855387687683
32,stand,0.46436452865600586,0.5431454181671143,-0.15995262563228607,0.9998925924301147,0.4691290855407715,0.5307747721672058,-0.14598914980888367,0.9999516606330872,0.47219985723495483,0.5303423404693604,-0.14602519571781158,0.9999491572380066,0.47461628913879395,0.5303089022636414,-0.14606696367263794,0.999957799911499,0.4599863588809967,0.5339691638946533,-0.14661595225334167,0.9999478459358215,0.4570182263851166,0.5351272821426392,-0.14668415486812592,0.9999436736106873,0.4547419548034668,0.5360739827156067,-0.1466897428035736,0.9999488592147827,0.4791185259819031,0.5378627777099609,-0.06809799373149872,0.9999312162399292,0.45302528142929077,0.5436186194419861,-0.07196392118930817,0.9998975396156311,0.47159871459007263,0.5574786067008972,-0.1319914311170578,0.99998539686203,0.4595528542995453,0.5597894191741943,-0.13296982645988464,0.9999850392341614,0.5096943974494934,0.6156319379806519,-0.05935399979352951,0.9997525811195374,0.4328027367591858,0.6282186508178711,-0.04483010619878769,0.999629020690918,0.5299257040023804,0.6970750093460083,-0.1253052055835724,0.9783118963241577,0.41975897550582886,0.7222776412963867,-0.10126912593841553,0.954513669013977,0.5321879386901855,0.7411103248596191,-0.27548548579216003,0.9673489928245544,0.4031848907470703,0.7611421346664429,-0.26558375358581543,0.9584932923316956,0.5347289443016052,0.7676281332969666,-0.30762165784835815,0.9518440365791321,0.3945908844470978,0.7790404558181763,-0.2980411648750305,0.954926073551178,0.5277993679046631,0.7612989544868469,-0.3182874619960785,0.9568935632705688,0.39577555656433105,0.7683597207069397,-0.3131749629974365,0.9611569046974182,0.5247117877006531,0.7539859414100647,-0.28233397006988525,0.949398398399353,0.3998974561691284,0.7627426385879517,-0.2753755748271942,0.9555664658546448,0.49706611037254333,0.7926083207130432,-0.002939381869509816,0.9990679025650024,0.4511977732181549,0.7985827326774597,0.0030125449411571026,0.9991805553436279,0.5318022966384888,0.7785893082618713,-0.2379412204027176,0.9751143455505371,0.39995867013931274,0.7880460023880005,-0.23989729583263397,0.9517166018486023,0.4515976905822754,0.8359905481338501,-0.13887248933315277,0.6192846298217773,0.49412456154823303,0.8449050784111023,-0.17461976408958435,0.7597355842590332,0.44344091415405273,0.8265304565429688,-0.12448777258396149,0.5523190498352051,0.4995202422142029,0.8360292911529541,-0.1644437462091446,0.5861237049102783,0.4186398386955261,0.8362745642662048,-0.17063404619693756,0.6731727719306946,0.5283610224723816,0.8465483784675598,-0.2245609015226364,0.7477801442146301
33,stand,0.46436014771461487,0.5431568026542664,-0.16037288308143616,0.999893307685852,0.4691246449947357,0.5307834148406982,-0.14648263156414032,0.9999520778656006,0.4721967577934265,0.5303458571434021,-0.14651769399642944,0.9999496340751648,0.47460851073265076,0.5303088426589966,-0.14656031131744385,0.9999582767486572,0.45997875928878784,0.5340090990066528,-0.14717654883861542,0.9999482035636902,0.4570077359676361,0.5351738929748535,-0.14724430441856384,0.9999439716339111,0.45472902059555054,0.5361205339431763,-0.14724887907505035,0.9999490976333618,0.47911208868026733,0.5378590226173401,-0.06866024434566498,0.9999322295188904,0.4530143737792969,0.5436462163925171,-0.07283072173595428,0.9998980760574341,0.4715920090675354,0.5574911832809448,-0.13238587975502014,0.9999855756759644,0.4595469534397125,0.5598160028457642,-0.13344882428646088,0.9999851584434509,0.5096911191940308,0.6156157851219177,-0.059474099427461624,0.9997553825378418,0.43278685212135315,0.6281925439834595,-0.045206718146800995,0.9996265769004822,0.5299393534660339,0.6970683932304382,-0.12443768978118896,0.978630542755127,0.4197216033935547,0.722304105758667,-0.100807785987854,0.9543367028236389,0.5321950316429138,0.7410762310028076,-0.2740679681301117,0.9677185416221619,0.4031715393066406,0.7611156105995178,-0.26448968052864075,0.9582167267799377,0.5347306132316589,0.7676115036010742,-0.30614185333251953,0.9522877931594849,0.39458268880844116,0.7790429592132568,-0.2968492805957794,0.9547281265258789,0.5278009176254272,0.7612858414649963,-0.3168819546699524,0.9572878479957581,0.3957703709602356,0.7683512568473816,-0.3119669556617737,0.9609917998313904,0.5247126221656799,0.7539737224578857,-0.28094759583473206,0.94984370470047,0.3998861014842987,0.7627272009849548,-0.27425381541252136,0.9553784132003784,0.49706751108169556,0.7925909161567688,-0.002872835611924529,0.9990610480308533,0.45119237899780273,0.7985630631446838,0.0029457479249686003,0.9991700053215027,0.5318186283111572,0.7789628505706787,-0.23725910484790802,0.9750548005104065,0.39989805221557617,0.7880592346191406,-0.23861055076122284,0.9515266418457031,0.451543390750885,0.8359860181808472,-0.13828562200069427,0.6182153224945068,0.49405384063720703,0.8450558185577393,-0.17452692985534668,0.7587320804595947,0.4434322416782379,0.826505184173584,-0.12387458980083466,0.55071622133255,0.4994811415672302,0.8361754417419434,-0.16440650820732117,0.5844179391860962,0.418182373046875,0.8358461856842041,-0.1700361669063568,0.6717722415924072,0.5281041860580444,0.8468149900436401,-0.22450844943523407,0.7465705871582031
34,stand,0.46435895562171936,0.5431526899337769,-0.1597108542919159,0.9998935461044312,0.4691200852394104,0.5307796597480774,-0.14578494429588318,0.9999523758888245,0.47219181060791016,0.5303390026092529,-0.14582012593746185,0.9999498724937439,0.47459959983825684,0.5303001999855042,-0.14586235582828522,0.9999586343765259,0.45997363328933716,0.534031867980957,-0.14647965133190155,0.9999484419822693,0.4570012092590332,0.5352057814598083,-0.14654740691184998,0.9999440908432007,0.4547201097011566,0.5361568927764893,-0.14655223488807678,0.9999492168426514,0.4790913164615631,0.5378479957580566,-0.06801867485046387,0.9999329447746277,0.4530084729194641,0.5436744093894958,-0.07222746312618256,0.9998984932899475,0.4715908467769623,0.5574862360954285,-0.13176089525222778,0.9999856948852539,0.45954474806785583,0.5598248839378357,-0.13282255828380585,0.9999852776527405,0.5096853375434875,0.6155909299850464,-0.05906569957733154,0.9997568130493164,0.4327771067619324,0.6281690001487732,-0.044802192598581314,0.9996224641799927,0.5299749970436096,0.6970579624176025,-0.12405450642108917,0.9788172245025635,0.41968709230422974,0.7222937941551208,-0.10044648498296738,0.9541689157485962,0.5321983098983765,0.741032600402832,-0.2736060917377472,0.9679622054100037,0.4031651020050049,0.7610914707183838,-0.26414912939071655,0.9579994678497314,0.5347328186035156,0.7675934433937073,-0.3056543171405792,0.9526564478874207,0.3945770561695099,0.7790359258651733,-0.2964836359024048,0.9546393156051636,0.5277947187423706,0.761275589466095,-0.3163275718688965,0.9576132297515869,0.3957667648792267,0.7683360576629639,-0.3115980327129364,0.960914671421051,0.5247014164924622,0.7539666891098022,-0.28049010038375854,0.9502290487289429,0.3998827338218689,0.7627095580101013,-0.2739008069038391,0.955309271812439,0.49707627296447754,0.7925788760185242,-0.0028388150967657566,0.9990542531013489,0.45119547843933105,0.7985402345657349,0.002911063376814127,0.9991599917411804,0.5319511294364929,0.7789916396141052,-0.2360302209854126,0.9750573635101318,0.39985570311546326,0.7880717515945435,-0.23665836453437805,0.9514462351799011,0.45151758193969727,0.8358451724052429,-0.13757528364658356,0.6171793341636658,0.49399566650390625,0.8450827598571777,-0.1727163940668106,0.7571091055870056,0.4434206485748291,0.8263552188873291,-0.12317696958780289,0.549347460269928,0.4994308054447174,0.8362146019935608,-0.16258148849010468,0.5823086500167847,0.4192323684692383,0.8358569741249084,-0.16893123090267181,0.6701412200927734,0.5279406309127808,0.8470306992530823,-0.22154155373573303,0.7445381879806519
35,stand,0.4643576741218567,0.5431409478187561,-0.15928426384925842,0.9998932480812073,0.4691184461116791,0.530771791934967,-0.14544180035591125,0.9999524354934692,0.47219032049179077,0.5303301215171814,-0.1454755961894989,0.9999498724937439,0.47459572553634644,0.5302915573120117,-0.1455180048942566,0.9999588131904602,0.45997196435928345,0.5340453386306763,-0.1461990624666214,0.9999484419822693,0.4569988250732422,0.5352298021316528,-0.14626625180244446,0.9999439120292664,0.4547150731086731,0.5361870527267456,-0.14627039432525635,0.9999491572380066,0.4790874421596527,0.5378456115722656,-0.06787583976984024,0.9999333620071411,0.4530049264431,0.5437168478965759,-0.07208163291215897,0.999898374080658,0.47159457206726074,0.5574808120727539,-0.13140663504600525,0.9999857544898987,0.45954257249832153,0.5598287582397461,-0.13253571093082428,0.9999852776527405,0.5096842646598816,0.6155800819396973,-0.05897974967956543,0.9997566938400269,0.43277207016944885,0.6281502842903137,-0.04456630349159241,0.9996158480644226,0.5300015807151794,0.697049617767334,-0.12376387417316437,0.9789010286331177,0.419678270816803,0.7221896052360535,-0.10026699304580688,0.9539925456047058,0.532198965549469,0.7409388422966003,-0.2731115520000458,0.9681543707847595,0.40317302942276,0.7607811093330383,-0.2643696963787079,0.9578467607498169,0.5347340703010559,0.7675202488899231,-0.3050781786441803,0.9529910683631897,0.3945716619491577,0.778865396976471,-0.29674285650253296,0.9546314477920532,0.5277806520462036,0.7612361311912537,-0.31584063172340393,0.9579021334648132,0.3957745432853699,0.7682846188545227,-0.31177589297294617,0.9609026908874512,0.5246796011924744,0.7539085149765015,-0.2800339162349701,0.9505853056907654,0.3998977541923523,0.7626195549964905,-0.274100124835968,0.9553356766700745,0.4971033036708832,0.7925742864608765,-0.0028306632302701473,0.9990476369857788,0.45121654868125916,0.7985202074050903,0.0029021212831139565,0.9991500973701477,0.5320273637771606,0.7790369391441345,-0.23560397326946259,0.9750146269798279,0.3998558819293976,0.7880662679672241,-0.23557355999946594,0.9513000845909119,0.4514864981174469,0.835731565952301,-0.13749390840530396,0.6166790723800659,0.4939485192298889,0.8450907468795776,-0.17160503566265106,0.7555041909217834,0.4433983266353607,0.8262890577316284,-0.12311383336782455,0.5485568046569824,0.49939221143722534,0.8362457156181335,-0.16145512461662292,0.5802565217018127,0.41595345735549927,0.8352751135826111,-0.16886389255523682,0.6690104603767395,0.5277522802352905,0.8471287488937378,-0.2200000286102295,0.7425045371055603
36,stand,0.4643487334251404,0.5431329011917114,-0.15900938212871552,0.9998932480812073,0.4691080152988434,0.5307643413543701,-0.14528845250606537,0.9999526739120483,0.4721788763999939,0.5303224921226501,-0.14532077312469482,0.9999500513076782,0.4745834767818451,0.5302852392196655,-0.14536407589912415,0.9999591112136841,0.45996513962745667,0.5340406894683838,-0.14601317048072815,0.9999486804008484,0.45698827505111694,0.535226583480835,-0.14607948064804077,0.9999440312385559,0.454702764749527,0.536183774471283,-0.14608250558376312,0.9999493360519409,0.4790843427181244,0.5378530621528625,-0.0676303580403328,0.9999340176582336,0.45300307869911194,0.5437249541282654,-0.07196483761072159,0.9998988509178162,0.47159308195114136,0.5574765801429749,-0.13128119707107544,0.9999858736991882,0.4595327377319336,0.5598240494728088,-0.13234169781208038,0.9999853372573853,0.5096817016601562,0.6155315637588501,-0.05875134468078613,0.9997567534446716,0.432771772146225,0.6281404495239258,-0.04434690997004509,0.999611496925354,0.5300022959709167,0.6969622373580933,-0.12353666871786118,0.9790192246437073,0.4196803569793701,0.7219834923744202,-0.10064850002527237,0.953667938709259,0.5322015881538391,0.7407286167144775,-0.2729813754558563,0.9682633280754089,0.40326613187789917,0.7599879503250122,-0.2661510407924652,0.95765620470047,0.5347386598587036,0.7672010660171509,-0.30503755807876587,0.9531992077827454,0.3946306109428406,0.7783975601196289,-0.29886287450790405,0.9546166062355042,0.5277650952339172,0.761081874370575,-0.31575870513916016,0.9580830931663513,0.39595749974250793,0.7681226134300232,-0.31371110677719116,0.9608814716339111,0.5246464610099792,0.7537646889686584,-0.27985304594039917,0.9508323669433594,0.40011483430862427,0.7623401284217834,-0.2758505344390869,0.9553415179252625,0.49710536003112793,0.7925663590431213,-0.0028216508217155933,0.9990438222885132,0.45121389627456665,0.7984659075737,0.002892413642257452,0.9991440176963806,0.5320671796798706,0.7790955305099487,-0.2350689172744751,0.9749130010604858,0.3998560309410095,0.7879415154457092,-0.23534826934337616,0.9511225819587708,0.4513390064239502,0.8357053995132446,-0.13796047866344452,0.6163221001625061,0.49383893609046936,0.8450796604156494,-0.1717107892036438,0.7535051703453064,0.4422200322151184,0.8262953162193298,-0.12372724711894989,0.5475643277168274,0.4992488920688629,0.8362583518028259,-0.1615840643644333,0.5779075026512146,0.4145057201385498,0.8351621627807617,-0.16959889233112335,0.6677999496459961,0.5276735424995422,0.8474918007850647,-0.220223069190979,0.7400433421134949
37,stand,0.4643516540527344,0.5431169271469116,-0.1587454378604889,0.9998932480812073,0.4691067337989807,0.5307596325874329,-0.1449720412492752,0.9999527335166931,0.4721768796443939,0.5303162336349487,-0.14500483870506287,0.9999501705169678,0.4745767116546631,0.5302789807319641,-0.14504781365394592,0.9999592900276184,0.4599681496620178,0.5340340733528137,-0.14569000899791718,0.9999487400054932,0.4569871425628662,0.5352234244346619,-0.1457565426826477,0.9999439716339111,0.4546979069709778,0.5361807942390442,-0.1457599550485611,0.9999492764472961,0.4790817201137543,0.5378497838973999,-0.06740155071020126,0.9999344944953918,0.4530021548271179,0.5437228083610535,-0.07169589400291443,0.9998988509178162,0.4715958535671234,0.5574555993080139,-0.1310059130191803,0.9999859929084778,0.45953208208084106,0.559817910194397,-0.13206714391708374,0.99998539686203,0.5096757411956787,0.6153677105903625,-0.0588405542075634,0.9997588992118835,0.43279123306274414,0.627934992313385,-0.04436333850026131,0.9996090531349182,0.5299838781356812,0.6966049075126648,-0.12404898554086685,0.9793025255203247,0.41970863938331604,0.7214058637619019,-0.101967453956604,0.9535152316093445,0.5322044491767883,0.7406488060951233,-0.27347105741500854,0.9685896039009094,0.40347081422805786,0.7593399882316589,-0.26854732632637024,0.9575717449188232,0.5347403287887573,0.7669773697853088,-0.30567824840545654,0.9536519646644592,0.39479875564575195,0.7781257629394531,-0.30157822370529175,0.9546817541122437,0.5277577042579651,0.761006236076355,-0.31638652086257935,0.9584873914718628,0.39620381593704224,0.7679787278175354,-0.3163699209690094,0.9609285593032837,0.5246348977088928,0.7537021040916443,-0.2803136110305786,0.9513165950775146,0.40039435029029846,0.7620925307273865,-0.27826184034347534,0.955394983291626,0.49710649251937866,0.792418360710144,-0.002806216711178422,0.9990475177764893,0.45120325684547424,0.7981487512588501,0.0028763823211193085,0.9991443157196045,0.5320685505867004,0.7796034216880798,-0.23571452498435974,0.9748477935791016,0.3999324142932892,0.7878859639167786,-0.23616507649421692,0.9509372115135193,0.4501449465751648,0.835573673248291,-0.1393185704946518,0.6162309646606445,0.4937642216682434,0.8450871109962463,-0.1720494031906128,0.7519336342811584,0.4415457248687744,0.8262826800346375,-0.125084787607193,0.5469241738319397,0.4991939067840576,0.8363097906112671,-0.16186311841011047,0.5760242342948914,0.4139537811279297,0.8349910974502563,-0.1714191734790802,0.6670849323272705,0.5276697874069214,0.8479242324829102,-0.22061005234718323,0.7383096218109131
38,stand,0.46435514092445374,0.5431057214736938,-0.15595535933971405,0.9998935461044312,0.46910610795021057,0.5307535529136658,-0.14201299846172333,0.9999529123306274,0.4721756875514984,0.5303109288215637,-0.14204664528369904,0.9999503493309021,0.47457337379455566,0.5302755832672119,-0.14208993315696716,0.9999595284461975,0.4599737226963043,0.534031093120575,-0.14283764362335205,0.9999489188194275,0.45698896050453186,0.5352201461791992,-0.14290329813957214,0.9999440312385559,0.4546939730644226,0.5361776351928711,-0.14290541410446167,0.9999493360519409,0.47907957434654236,0.5378556847572327,-0.06447780132293701,0.9999350309371948,0.4530029296875,0.5437266230583191,-0.06924803555011749,0.9998989701271057,0.4715995192527771,0.5574471950531006,-0.12820610404014587,0.9999861121177673,0.4595319628715515,0.5598098039627075,-0.12941910326480865,0.9999854564666748,0.5096345543861389,0.615251898765564,-0.05664955452084541,0.9997614026069641,0.4327913820743561,0.6278359293937683,-0.042631205171346664,0.9996052384376526,0.5299631357192993,0.6962541937828064,-0.1211867555975914,0.9794800281524658,0.4197302460670471,0.7212114930152893,-0.1002674475312233,0.9531947374343872,0.5322099328041077,0.7405499219894409,-0.2697719633579254,0.9688228368759155,0.4035239815711975,0.7593351006507874,-0.2665267884731293,0.9573529362678528,0.534741997718811,0.7667751908302307,-0.30176347494125366,0.9539788961410522,0.3948308825492859,0.7781195044517517,-0.2995508909225464,0.9545868039131165,0.5277506113052368,0.7609237432479858,-0.31259816884994507,0.9587825536727905,0.3962131142616272,0.7679692506790161,-0.3142949640750885,0.9608509540557861,0.5246301889419556,0.7536263465881348,-0.2766128182411194,0.9516897201538086,0.40040573477745056,0.7620835304260254,-0.2762252688407898,0.9553312063217163,0.4970824122428894,0.7923985123634338,-0.0027775862254202366,0.9990537762641907,0.4511885643005371,0.7980788946151733,0.0028482056222856045,0.9991434216499329,0.5320340394973755,0.7801378965377808,-0.2371869832277298,0.9749152660369873,0.3999324440956116,0.7878611087799072,-0.23617398738861084,0.9508771896362305,0.44953298568725586,0.8355254530906677,-0.14066959917545319,0.6161966323852539,0.4936518669128418,0.8450571894645691,-0.17200081050395966,0.7513828277587891,0.44114676117897034,0.8262851238250732,-0.1263449788093567,0.5468180179595947,0.49906691908836365,0.8363292217254639,-0.16178058087825775,0.5752198696136475,0.4136967062950134,0.8348144292831421,-0.17240573465824127,0.6667870879173279,0.5276620388031006,0.8480403423309326,-0.22047853469848633,0.7375261783599854
39,stand,0.46436113119125366,0.5429474115371704,-0.14006038010120392,0.9998948574066162,0.469110906124115,0.5306614637374878,-0.1257903277873993,0.9999535083770752,0.4721768796443939,0.5302265882492065,-0.1258220076560974,0.9999509453773499,0.47457045316696167,0.5302107334136963,-0.12585775554180145,0.9999600648880005,0.4599967896938324,0.5339376330375671,-0.12658652663230896,0.9999496936798096,0.45700201392173767,0.5351466536521912,-0.1266511082649231,0.9999448657035828,0.4546927511692047,0.536109209060669,-0.1266522854566574,0.9999501705169678,0.479079008102417,0.5378445386886597,-0.050027262419462204,0.9999356269836426,0.4530058801174164,0.5437021851539612,-0.05477011203765869,0.9999001622200012,0.47159919142723083,0.557310938835144,-0.11323239654302597,0.9999862313270569,0.45953482389450073,0.5596911311149597,-0.11446364223957062,0.9999856352806091,0.5094934701919556,0.6152302026748657,-0.04578671604394913,0.9997626543045044,0.4328022599220276,0.6278056502342224,-0.03188364952802658,0.9996054172515869,0.5302960872650146,0.6960724592208862,-0.10851329565048218,0.9795377254486084,0.41977548599243164,0.7206132411956787,-0.08612540364265442,0.9532503485679626,0.5322328209877014,0.7404664158821106,-0.2514229416847229,0.9689419865608215,0.40353599190711975,0.759233832359314,-0.24484042823314667,0.95753413438797,0.5347350239753723,0.7666160464286804,-0.2820882499217987,0.9540857076644897,0.39483413100242615,0.7780957818031311,-0.276410311460495,0.9547762870788574,0.5277038216590881,0.7608755230903625,-0.29229018092155457,0.958851158618927,0.39621350169181824,0.7679388523101807,-0.2910500168800354,0.9610270261764526,0.5246110558509827,0.7536002397537231,-0.2578183114528656,0.9518986344337463,0.40040498971939087,0.7620452046394348,-0.2542436122894287,0.9556282758712769,0.4970809817314148,0.7923914790153503,-0.002772142179310322,0.9990594387054443,0.451185941696167,0.7980655431747437,0.002842660527676344,0.9991456866264343,0.5345355272293091,0.7801497578620911,-0.234904482960701,0.9749548435211182,0.3999704122543335,0.7878729701042175,-0.23319657146930695,0.9510725736618042,0.4488350450992584,0.8352718949317932,-0.14057764410972595,0.6167148947715759,0.493647038936615,0.8447818160057068,-0.172013059258461,0.7521880269050598,0.44067150354385376,0.82624751329422,-0.12626288831233978,0.5471559166908264,0.49905818700790405,0.8361632227897644,-0.16189241409301758,0.5760229825973511,0.4131912291049957,0.8343644738197327,-0.17162464559078217,0.667156994342804,0.5280803442001343,0.8480578064918518,-0.22017113864421844,0.7379797697067261
40,stand,0.4643608033657074,0.5429105758666992,-0.12927238643169403,0.9998951554298401,0.4691147804260254,0.5306573510169983,-0.11522068083286285,0.9999538660049438,0.4721810221672058,0.5302212238311768,-0.11525100469589233,0.9999511241912842,0.4745674729347229,0.530206024646759,-0.11528513580560684,0.9999604225158691,0.4600091874599457,0.5339230298995972,-0.11580051481723785,0.9999503493309021,0.4570102095603943,0.5351344347000122,-0.11586306989192963,0.9999454021453857,0.4546917974948883,0.5360961556434631,-0.1158658117055893,0.9999508857727051,0.47909289598464966,0.5378514528274536,-0.041188426315784454,0.9999356865882874,0.4530211389064789,0.5436928272247314,-0.04491664841771126,0.9999011158943176,0.4715929627418518,0.5572861433029175,-0.10316769033670425,0.9999862313270569,0.45953384041786194,0.5596590042114258,-0.10411383956670761,0.9999856948852539,0.5094101428985596,0.6152174472808838,-0.03835899010300636,0.9997594952583313,0.43290576338768005,0.627742350101471,-0.02398105524480343,0.9996022582054138,0.5313259363174438,0.6959353089332581,-0.10072273015975952,0.9794140458106995,0.4198083281517029,0.7197018265724182,-0.07526673376560211,0.9532507658004761,0.5325621366500854,0.7403556108474731,-0.24097557365894318,0.9688897132873535,0.40345844626426697,0.7592222690582275,-0.22839827835559845,0.9576818346977234,0.5348093509674072,0.7665572166442871,-0.2707265019416809,0.9540109038352966,0.3947802186012268,0.7780920267105103,-0.25882047414779663,0.9549067616462708,0.527743399143219,0.760725736618042,-0.2804795801639557,0.9587140679359436,0.39614659547805786,0.7679495215415955,-0.2734510600566864,0.9611291289329529,0.5247135758399963,0.7535048723220825,-0.24709530174732208,0.9519192576408386,0.4003120958805084,0.7620699405670166,-0.23765452206134796,0.9559017419815063,0.4969944357872009,0.7924136519432068,-0.0027848652098327875,0.9990553259849548,0.45114508271217346,0.7980445027351379,0.0028540659695863724,0.9991372227668762,0.5356384515762329,0.7801867127418518,-0.2282886803150177,0.9748935103416443,0.39997491240501404,0.7879753708839417,-0.2254883497953415,0.9516245722770691,0.44917258620262146,0.8352198004722595,-0.13835658133029938,0.6161410808563232,0.49363788962364197,0.8442977070808411,-0.17022058367729187,0.7538155913352966,0.4406755864620209,0.8262463212013245,-0.12438055127859116,0.546753466129303,0.49904051423072815,0.8358676433563232,-0.16049008071422577,0.5779896974563599,0.41670703887939453,0.8353110551834106,-0.16705434024333954,0.6658104658126831,0.5273317694664001,0.8438834547996521,-0.21617627143859863,0.7386484742164612
41,stand,0.46447914838790894,0.5424477458000183,-0.13598355650901794,0.9998921155929565,0.46931734681129456,0.5304566025733948,-0.12186189740896225,0.9999528527259827,0.4723448157310486,0.5300995707511902,-0.12189419567584991,0.9999497532844543,0.474626362323761,0.5301461815834045,-0.1219315305352211,0.9999596476554871,0.4602282643318176,0.5334590673446655,-0.12254325300455093,0.99994957447052,0.45720964670181274,0.5346522927284241,-0.12260651588439941,0.999944269657135,0.45475873351097107,0.5356572866439819,-0.1226094588637352,0.999950110912323,0.47928065061569214,0.537849485874176,-0.0465724915266037,0.9999338984489441,0.4530676007270813,0.5433900356292725,-0.05068270117044449,0.9998988509178162,0.471638023853302,0.5571364760398865,-0.10932008922100067,0.999985933303833,0.45956501364707947,0.5593895316123962,-0.11037476360797882,0.99998539686203,0.5094047784805298,0.6152074337005615,-0.04235749691724777,0.9997522234916687,0.432905912399292,0.6276147365570068,-0.027962123975157738,0.9995880126953125,0.5334681272506714,0.6957978010177612,-0.10535413026809692,0.979529619216919,0.41980791091918945,0.7195711135864258,-0.08110962808132172,0.9530844688415527,0.5340667963027954,0.7403582334518433,-0.24870431423187256,0.9690553545951843,0.4033084511756897,0.7591787576675415,-0.23915836215019226,0.9577949643135071,0.5361775159835815,0.7666211724281311,-0.2793491780757904,0.9542276859283447,0.3945307731628418,0.7779750227928162,-0.2704820930957794,0.9550884962081909,0.5290067791938782,0.7608076930046082,-0.2897412180900574,0.958899199962616,0.39589470624923706,0.7679336667060852,-0.28544512391090393,0.961286723613739,0.5260483026504517,0.7536388039588928,-0.25520405173301697,0.9522627592086792,0.4000944495201111,0.7620624899864197,-0.2486913502216339,0.9561495780944824,0.4969823360443115,0.7925049662590027,-0.0028644877020269632,0.9990370869636536,0.45112818479537964,0.798042893409729,0.0029313976410776377,0.9991157054901123,0.5349948406219482,0.7789623737335205,-0.2270662486553192,0.9746001958847046,0.39993375539779663,0.7879470586776733,-0.22444918751716614,0.9516918063163757,0.4500408172607422,0.8352126479148865,-0.13682177662849426,0.6120122671127319,0.49350351095199585,0.8439275026321411,-0.16646501421928406,0.7507196068763733,0.4418705403804779,0.8262704610824585,-0.12300622463226318,0.5431004762649536,0.49895769357681274,0.8358610272407532,-0.15657205879688263,0.5750477313995361,0.4197096824645996,0.8354253172874451,-0.1656126230955124,0.6613388061523438,0.527299165725708,0.8441322445869446,-0.21082285046577454,0.7347412705421448
42,stand,0.46474331617355347,0.5415204167366028,-0.1272217035293579,0.9998846650123596,0.46974724531173706,0.5300094485282898,-0.11299119889736176,0.9999504685401917,0.4726472496986389,0.5298084616661072,-0.11302671581506729,0.9999463558197021,0.47481077909469604,0.5299598574638367,-0.11306621879339218,0.999957263469696,0.46058911085128784,0.5326042771339417,-0.11369061470031738,0.9999480843544006,0.4575358033180237,0.5336995124816895,-0.11375465244054794,0.999942421913147,0.4548986554145813,0.5347076654434204,-0.11376917362213135,0.9999492764472961,0.47972869873046875,0.5378388166427612,-0.03901372477412224,0.9999287128448486,0.4531736373901367,0.5426939129829407,-0.04306330531835556,0.9998972415924072,0.47179514169692993,0.5566477179527283,-0.10118579864501953,0.9999849796295166,0.4596402645111084,0.5586085319519043,-0.10222738981246948,0.9999849200248718,0.5094504356384277,0.6152198910713196,-0.036169420927762985,0.9997124075889587,0.4328285753726959,0.6275930404663086,-0.02400287613272667,0.9995812177658081,0.5344153642654419,0.6972547173500061,-0.09925748407840729,0.9768768548965454,0.41972750425338745,0.7195249795913696,-0.0767197459936142,0.95243239402771,0.5371361374855042,0.7424703240394592,-0.24223630130290985,0.9639497995376587,0.40279191732406616,0.7593175172805786,-0.23070259392261505,0.9571443200111389,0.5388931035995483,0.7667706608772278,-0.2714197039604187,0.9485747814178467,0.3940121531486511,0.7780153155326843,-0.26062509417533875,0.954453706741333,0.5324811339378357,0.7607999444007874,-0.28153112530708313,0.9536883234977722,0.3953455090522766,0.7680768966674805,-0.27497565746307373,0.9607274532318115,0.530474066734314,0.7539956569671631,-0.24885264039039612,0.9471763968467712,0.399543821811676,0.7623178958892822,-0.23989072442054749,0.9557294845581055,0.49701541662216187,0.7928125262260437,-0.0028547681868076324,0.9990085959434509,0.4507884979248047,0.7981641292572021,0.00292112585157156,0.9990978240966797,0.5348116159439087,0.7763115763664246,-0.22709760069847107,0.974464476108551,0.3998481333255768,0.7871452569961548,-0.22351284325122833,0.9521498680114746,0.45028263330459595,0.8351884484291077,-0.13636428117752075,0.6089115142822266,0.4934536814689636,0.843652606010437,-0.16553443670272827,0.7504480481147766,0.4421009123325348,0.8263999223709106,-0.12248794734477997,0.5403255820274353,0.4991331696510315,0.8359800577163696,-0.15550781786441803,0.5751819610595703,0.4211297631263733,0.836182177066803,-0.16468392312526703,0.6573129892349243,0.5264240503311157,0.8402896523475647,-0.20970933139324188,0.733500063419342
43,stand,0.4654269814491272,0.5406965613365173,-0.13311758637428284,0.9998813271522522,0.47044867277145386,0.5296306014060974,-0.11876025050878525,0.9999486207962036,0.4730774760246277,0.529560923576355,-0.11879591643810272,0.9999442100524902,0.4751400053501129,0.529778003692627,-0.11883793771266937,0.9999557137489319,0.461337149143219,0.5318995714187622,-0.11957558244466782,0.9999464154243469,0.4582770764827728,0.5329533815383911,-0.1196390762925148,0.9999406933784485,0.455424964427948,0.53398597240448,-0.11964734643697739,0.9999477863311768,0.48025399446487427,0.5378181338310242,-0.04376459866762161,0.9999262690544128,0.4534741938114166,0.542244553565979,-0.048134297132492065,0.9998927712440491,0.4721834063529968,0.5558973550796509,-0.10660320520401001,0.999984622001648,0.46009811758995056,0.5577873587608337,-0.10770276933908463,0.9999844431877136,0.5094558000564575,0.6150656342506409,-0.03757055848836899,0.9997140765190125,0.4328249990940094,0.6275357007980347,-0.02545909956097603,0.9995688796043396,0.5353286266326904,0.6972200870513916,-0.10010974109172821,0.9772120714187622,0.4195619225502014,0.719237744808197,-0.08023060858249664,0.9520599246025085,0.5397732257843018,0.7558083534240723,-0.22971537709236145,0.9629818201065063,0.4020046293735504,0.7599565386772156,-0.23423834145069122,0.955420970916748,0.5431764721870422,0.7769472002983093,-0.25759628415107727,0.9469200968742371,0.39334776997566223,0.7782744765281677,-0.2640296518802643,0.952658474445343,0.5360177755355835,0.7727295160293579,-0.2701263427734375,0.9522964954376221,0.39450883865356445,0.7685771584510803,-0.2792563736438751,0.9592235684394836,0.5342313051223755,0.7661362290382385,-0.23699288070201874,0.9461172223091125,0.39863792061805725,0.7631167769432068,-0.243836909532547,0.9542887806892395,0.49758872389793396,0.7925962805747986,-0.0029411353170871735,0.9990302324295044,0.4507957100868225,0.7981598973274231,0.0030127374920994043,0.9990996718406677,0.5339667797088623,0.7879613041877747,-0.2428286075592041,0.9745814204216003,0.39972466230392456,0.786681592464447,-0.22090962529182434,0.9517547488212585,0.45187944173812866,0.8402449488639832,-0.13718774914741516,0.6024602055549622,0.4928313195705414,0.8434251546859741,-0.1587212085723877,0.7492378354072571,0.4410123825073242,0.8265772461891174,-0.12253836542367935,0.5362716317176819,0.49906525015830994,0.8359941840171814,-0.1482379138469696,0.5741475820541382,0.42073822021484375,0.8385910987854004,-0.16461221873760223,0.6525576114654541,0.5250973105430603,0.8394187688827515,-0.20164132118225098,0.7324011325836182
44,stand,0.46621328592300415,0.5405136346817017,-0.13115911185741425,0.9998835921287537,0.47129639983177185,0.5295764803886414,-0.11615560203790665,0.9999496340751648,0.47365278005599976,0.5295437574386597,-0.11619262397289276,0.9999451041221619,0.4757750928401947,0.5297732353210449,-0.11623919010162354,0.9999567866325378,0.46232956647872925,0.5316670536994934,-0.11741100251674652,0.9999473690986633,0.4592403471469879,0.5327234864234924,-0.11746732890605927,0.9999414682388306,0.4563671946525574,0.5337889790534973,-0.11746666580438614,0.9999485015869141,0.48098093271255493,0.5378503203392029,-0.03970896452665329,0.9999276399612427,0.4541110396385193,0.5421947836875916,-0.04667680710554123,0.9998924136161804,0.47267332673072815,0.5557319521903992,-0.10424827039241791,0.9999848008155823,0.46081551909446716,0.5575268864631653,-0.10607852786779404,0.9999845623970032,0.5096610188484192,0.6150214076042175,-0.037167247384786606,0.9997225403785706,0.4329776167869568,0.6270758509635925,-0.024512814357876778,0.9995537400245667,0.5363953113555908,0.6972319483757019,-0.08793209493160248,0.9776965379714966,0.41949462890625,0.7185927629470825,-0.0796319916844368,0.9509883522987366,0.5463200807571411,0.7623167037963867,-0.21289953589439392,0.9630268812179565,0.4016982614994049,0.759993851184845,-0.2329774647951126,0.9532226920127869,0.554337203502655,0.7811472415924072,-0.2395326793193817,0.946607232093811,0.39315634965896606,0.7782759070396423,-0.2621280252933502,0.9504701495170593,0.5508840084075928,0.7811874151229858,-0.2541483938694,0.9521464705467224,0.3943041265010834,0.7686685919761658,-0.27757787704467773,0.9573503136634827,0.5459850430488586,0.7751368284225464,-0.22102287411689758,0.9465698003768921,0.39839011430740356,0.7633002400398254,-0.2427321970462799,0.9526091814041138,0.4979912340641022,0.7913863062858582,-0.0029463316313922405,0.9990724921226501,0.45087870955467224,0.7968869805335999,0.0030178260058164597,0.9991218447685242,0.5336591601371765,0.78736811876297,-0.24777638912200928,0.9745250940322876,0.3996756076812744,0.7857617735862732,-0.22287237644195557,0.9516423940658569,0.4489458203315735,0.8374976515769958,-0.1456218808889389,0.5988118052482605,0.49213075637817383,0.843421995639801,-0.15971924364566803,0.7485711574554443,0.4403415322303772,0.8259427547454834,-0.13030195236206055,0.5341160297393799,0.4988134503364563,0.8361838459968567,-0.14902885258197784,0.5729504227638245,0.41761618852615356,0.8398483991622925,-0.1720023900270462,0.6508376598358154,0.5241199135780334,0.8396526575088501,-0.20460781455039978,0.7325441837310791
45,stand,0.46725934743881226,0.5404883623123169,-0.13325649499893188,0.9998867511749268,0.4722641408443451,0.5297264456748962,-0.11837762594223022,0.9999503493309021,0.47446519136428833,0.5297501683235168,-0.11841481924057007,0.9999457597732544,0.4768448770046234,0.5300115346908569,-0.1184636577963829,0.9999577403068542,0.4634295403957367,0.5316559076309204,-0.1196163147687912,0.9999478459358215,0.4602777361869812,0.532664954662323,-0.11967179924249649,0.9999418258666992,0.45753175020217896,0.5336968898773193,-0.11967115104198456,0.9999488592147827,0.4819476008415222,0.5381928086280823,-0.041891034692525864,0.9999286532402039,0.45511260628700256,0.542141318321228,-0.048720479011535645,0.9998903870582581,0.473508358001709,0.5556943416595459,-0.10623680055141449,0.9999846816062927,0.46186137199401855,0.5573970675468445,-0.10806425660848618,0.9999842643737793,0.5103116035461426,0.6152865290641785,-0.037873975932598114,0.9997295141220093,0.4337637424468994,0.6259617805480957,-0.02608759142458439,0.9995323419570923,0.5374225378036499,0.6984304785728455,-0.07676275819540024,0.9782879948616028,0.41945409774780273,0.7173397541046143,-0.07724379748106003,0.9493345618247986,0.5539422631263733,0.7687047123908997,-0.1892033815383911,0.9628095626831055,0.40119272470474243,0.7603210210800171,-0.22060775756835938,0.9493206739425659,0.5643922090530396,0.7878156304359436,-0.21248385310173035,0.9453859925270081,0.39287692308425903,0.7784311175346375,-0.2471814900636673,0.9461923241615295,0.5631337761878967,0.791483998298645,-0.2296605110168457,0.9513402581214905,0.39398449659347534,0.769378125667572,-0.2630726099014282,0.953709602355957,0.5581462979316711,0.786872923374176,-0.19829097390174866,0.9466020464897156,0.3980027735233307,0.7639361023902893,-0.2304297387599945,0.9492408037185669,0.4980674386024475,0.7899888157844543,-0.0029463698156177998,0.9991102814674377,0.4508748948574066,0.7949660420417786,0.0030172881670296192,0.9991397857666016,0.5315709710121155,0.7873055934906006,-0.25367069244384766,0.9739032983779907,0.39964422583580017,0.7843681573867798,-0.22349324822425842,0.9515360593795776,0.4469403624534607,0.8374005556106567,-0.15177969634532928,0.5966982841491699,0.4918321967124939,0.8436046242713928,-0.16357816755771637,0.750348687171936,0.4396377503871918,0.8262736797332764,-0.1363374888896942,0.5325255990028381,0.4987057149410248,0.8372639417648315,-0.15386682748794556,0.5737650394439697,0.41256099939346313,0.8459430932998657,-0.1813839226961136,0.6517406702041626,0.5232175588607788,0.8407865762710571,-0.21144351363182068,0.735694169998169
46,stand,0.4701877534389496,0.5404911637306213,-0.13431164622306824,0.9998920559883118,0.47477906942367554,0.5299540162086487,-0.11964675039052963,0.9999520778656006,0.4772230088710785,0.5300355553627014,-0.11968457698822021,0.9999476075172424,0.4795917868614197,0.5303316712379456,-0.11973490566015244,0.9999594688415527,0.46634984016418457,0.5316596627235413,-0.12091954052448273,0.9999493360519409,0.4630488455295563,0.5326468348503113,-0.12097549438476562,0.9999433159828186,0.4600748121738434,0.5336476564407349,-0.12097559124231339,0.9999501705169678,0.48468518257141113,0.5384541749954224,-0.042898990213871,0.9999312162399292,0.4570101201534271,0.5420540571212769,-0.0496065616607666,0.9998919367790222,0.47608932852745056,0.5556990504264832,-0.1069551333785057,0.9999848008155823,0.46488699316978455,0.5573054552078247,-0.10900775343179703,0.9999843239784241,0.511647641658783,0.615975558757782,-0.03497188910841942,0.9997375011444092,0.43519553542137146,0.6232935786247253,-0.026974743232131004,0.9995255470275879,0.5381714105606079,0.700411319732666,-0.06824316829442978,0.9784135818481445,0.4194521903991699,0.7155078649520874,-0.07408637553453445,0.9481880068778992,0.5588876008987427,0.7702028751373291,-0.18135757744312286,0.9620548486709595,0.40071922540664673,0.760321319103241,-0.21175524592399597,0.9466582536697388,0.5702850818634033,0.7904092669487,-0.203764408826828,0.9436625838279724,0.3924364149570465,0.7784201502799988,-0.23687179386615753,0.9430108070373535,0.5689758658409119,0.7935472130775452,-0.22213146090507507,0.950141966342926,0.39332225918769836,0.7694807052612305,-0.25363272428512573,0.9510404467582703,0.5641677379608154,0.7886677384376526,-0.1910334676504135,0.9462335705757141,0.3973962068557739,0.7641382217407227,-0.2217918187379837,0.9468288421630859,0.49798646569252014,0.7895686030387878,-0.0024537674617022276,0.9991421699523926,0.4505757689476013,0.7940177321434021,0.002520050387829542,0.9991536736488342,0.5313807725906372,0.7869533896446228,-0.25412672758102417,0.9733439087867737,0.3996892273426056,0.7832313776016235,-0.2258271723985672,0.9516595005989075,0.4460422396659851,0.8376376032829285,-0.15820668637752533,0.5960072875022888,0.4917067885398865,0.8444929122924805,-0.16974881291389465,0.7509357929229736,0.43914565443992615,0.8274753093719482,-0.14339569211006165,0.5318783521652222,0.4986344277858734,0.8383335471153259,-0.16004027426242828,0.5734735727310181,0.41107773780822754,0.8474013209342957,-0.18917077779769897,0.6533184051513672,0.5231329202651978,0.8437877297401428,-0.2179376631975174,0.7382060885429382
47,stand,0.47267675399780273,0.5405115485191345,-0.14150801301002502,0.9998894333839417,0.4774268567562103,0.5303467512130737,-0.12722602486610413,0.9999485015869141,0.47985905408859253,0.5305569171905518,-0.12727026641368866,0.9999430179595947,0.4821832776069641,0.5309336185455322,-0.12733611464500427,0.9999570250511169,0.4690569043159485,0.5316630005836487,-0.12872371077537537,0.9999455809593201,0.4656817317008972,0.5325841903686523,-0.12877324223518372,0.9999385476112366,0.46255072951316833,0.5334570407867432,-0.12877701222896576,0.9999467134475708,0.48747044801712036,0.5389744639396667,-0.050161827355623245,0.9999251961708069,0.4591823220252991,0.541530966758728,-0.05818299576640129,0.9998770356178284,0.47809481620788574,0.5557098984718323,-0.11366070806980133,0.9999825954437256,0.4670872092247009,0.557066798210144,-0.1159643903374672,0.9999818801879883,0.5131226778030396,0.6168291568756104,-0.036228761076927185,0.9997169375419617,0.43668991327285767,0.6209008097648621,-0.033422309905290604,0.9994800090789795,0.539904773235321,0.703407347202301,-0.06347500532865524,0.9782298803329468,0.41954389214515686,0.7133427262306213,-0.07425911724567413,0.9453209638595581,0.564099133014679,0.7781261801719666,-0.15551891922950745,0.9582682847976685,0.4002130925655365,0.7604122757911682,-0.20132625102996826,0.9401544332504272,0.5761615633964539,0.7964865565299988,-0.17370538413524628,0.9368723034858704,0.39208751916885376,0.7784249186515808,-0.2240552455186844,0.9357560873031616,0.575539767742157,0.8003789186477661,-0.19307735562324524,0.9444776773452759,0.39281564950942993,0.7699374556541443,-0.24137723445892334,0.9447899460792542,0.570456862449646,0.7970442175865173,-0.1651630699634552,0.941987156867981,0.39691242575645447,0.7644570469856262,-0.21143801510334015,0.9409514665603638,0.49812477827072144,0.7896106243133545,-0.002331019612029195,0.9991454482078552,0.4505765438079834,0.7940837144851685,0.0023876966442912817,0.9991499781608582,0.5311406850814819,0.7866353988647461,-0.26085200905799866,0.9720638990402222,0.3997432589530945,0.7820512652397156,-0.23127658665180206,0.9512518048286438,0.4451237618923187,0.8375896215438843,-0.1613297015428543,0.5908706188201904,0.4917050898075104,0.8448305130004883,-0.16994987428188324,0.7486497759819031,0.43855732679367065,0.8284571170806885,-0.14619503915309906,0.5278959274291992,0.4986303448677063,0.8392295241355896,-0.1599959433078766,0.5711129307746887,0.41100677847862244,0.8486910462379456,-0.19304907321929932,0.652298629283905,0.5229795575141907,0.8441479206085205,-0.21761596202850342,0.7383282780647278
48,stand,0.4754289984703064,0.5406383275985718,-0.14961367845535278,0.9998731017112732,0.4802049696445465,0.5307832360267639,-0.13591782748699188,0.999936044216156,0.48258256912231445,0.5310641527175903,-0.13595768809318542,0.9999274611473083,0.48515135049819946,0.5314213633537292,-0.13602325320243835,0.9999476671218872,0.4720008969306946,0.5317167043685913,-0.13725295662879944,0.9999333024024963,0.4687489867210388,0.5325860977172852,-0.13730207085609436,0.999923586845398,0.46557432413101196,0.5334141254425049,-0.13730943202972412,0.9999357461929321,0.4903748035430908,0.5394120812416077,-0.0597003772854805,0.9999046921730042,0.4619980454444885,0.5412735939025879,-0.06694761663675308,0.9998371005058289,0.4802851676940918,0.5557625889778137,-0.12191033363342285,0.9999762177467346,0.46982043981552124,0.5569966435432434,-0.12394239753484726,0.9999748468399048,0.5146530866622925,0.6176443696022034,-0.04473724216222763,0.9996420741081238,0.4390050768852234,0.6198875904083252,-0.040313176810741425,0.999392032623291,0.541355311870575,0.7054235935211182,-0.06463085114955902,0.9772550463676453,0.42018669843673706,0.7104821801185608,-0.07494227588176727,0.9417292475700378,0.5690430402755737,0.7839558124542236,-0.1481170356273651,0.9512884616851807,0.4002446234226227,0.7596955299377441,-0.1936604529619217,0.9315389394760132,0.5813194513320923,0.7995209693908691,-0.1641038954257965,0.9256285429000854,0.39207348227500916,0.777622640132904,-0.2146485596895218,0.9261969923973083,0.5815591812133789,0.8046872615814209,-0.18380901217460632,0.9349037408828735,0.3925906717777252,0.7699637413024902,-0.2317872792482376,0.9364096522331238,0.5761029720306396,0.8024277687072754,-0.15774431824684143,0.9345587491989136,0.39676958322525024,0.7644484639167786,-0.20352359116077423,0.9329208731651306,0.49878159165382385,0.7896298766136169,-0.002339710248634219,0.9990872740745544,0.45109492540359497,0.7941248416900635,0.0023923153057694435,0.9991037845611572,0.5296746492385864,0.7842051982879639,-0.25966325402259827,0.9693803787231445,0.3997669816017151,0.7798001766204834,-0.23105832934379578,0.9505613446235657,0.44366711378097534,0.8376384973526001,-0.16026727855205536,0.5819785594940186,0.4917072653770447,0.844870924949646,-0.1699419766664505,0.7449924349784851,0.43758124113082886,0.829585075378418,-0.145234614610672,0.5200250744819641,0.49864548444747925,0.8392778038978577,-0.15994273126125336,0.5674794912338257,0.40894079208374023,0.8478795289993286,-0.19313828647136688,0.6481096744537354,0.522774338722229,0.8445900678634644,-0.2174779623746872,0.7368787527084351
49,stand,0.47850745916366577,0.5410641431808472,-0.17011846601963043,0.9998595118522644,0.4833138883113861,0.5313668251037598,-0.15601341426372528,0.999925434589386,0.48584675788879395,0.5316528081893921,-0.15605229139328003,0.9999143481254578,0.4885072708129883,0.5319887399673462,-0.15612009167671204,0.9999397397041321,0.47554779052734375,0.5319870710372925,-0.157528355717659,0.9999219179153442,0.4724758267402649,0.5327004194259644,-0.15758512914180756,0.9999099373817444,0.4692830443382263,0.5334435105323792,-0.15759506821632385,0.999925434589386,0.493551641702652,0.5398834347724915,-0.0762137621641159,0.9998881220817566,0.4652377963066101,0.5411264896392822,-0.08472613990306854,0.9998011589050293,0.48283106088638306,0.556206464767456,-0.14093759655952454,0.9999703764915466,0.47306618094444275,0.5570300817489624,-0.1433650404214859,0.9999680519104004,0.5165647268295288,0.6188206672668457,-0.05874689668416977,0.9995474815368652,0.4409164488315582,0.6183067560195923,-0.05166606977581978,0.9992757439613342,0.5427125692367554,0.707979142665863,-0.07105144113302231,0.9762797355651855,0.4205266535282135,0.7073476910591125,-0.08715828508138657,0.9372842907905579,0.5741604566574097,0.7915452718734741,-0.15234984457492828,0.9440197944641113,0.4008501172065735,0.7563757300376892,-0.20555558800697327,0.9216415882110596,0.5877301096916199,0.8043792843818665,-0.16788116097450256,0.9141454696655273,0.39345425367355347,0.7730919718742371,-0.23233652114868164,0.9155760407447815,0.588995635509491,0.809479832649231,-0.18860965967178345,0.9252753257751465,0.39443883299827576,0.7670193314552307,-0.24871286749839783,0.9269542694091797,0.5829108953475952,0.8090710043907166,-0.16223804652690887,0.9271419644355774,0.3982802927494049,0.7617181539535522,-0.21568338572978973,0.9235295653343201,0.49953287839889526,0.7893616557121277,-0.0031381261069327593,0.999031662940979,0.4515170156955719,0.7937746047973633,0.0031562757212668657,0.999071478843689,0.5269522070884705,0.7834702134132385,-0.26681169867515564,0.9664186239242554,0.4003787636756897,0.7750246524810791,-0.2337978631258011,0.9502159357070923,0.4399794042110443,0.8375767469406128,-0.16404543817043304,0.5787245035171509,0.49171334505081177,0.845190167427063,-0.17090871930122375,0.7472111582756042,0.43395400047302246,0.8301217555999756,-0.14907139539718628,0.5182589292526245,0.49870872497558594,0.8401007652282715,-0.16074012219905853,0.5717320442199707,0.4059208929538727,0.8473796248435974,-0.20174086093902588,0.6494799256324768,0.5225206017494202,0.8456235527992249,-0.22108742594718933,0.7411239147186279
50,stand,0.4819658696651459,0.5417284369468689,-0.16120710968971252,0.9998528957366943,0.48665890097618103,0.5324431657791138,-0.1469668596982956,0.9999199509620667,0.48928141593933105,0.5327635407447815,-0.14700448513031006,0.9999069571495056,0.49186572432518005,0.5331296920776367,-0.14706532657146454,0.9999358057975769,0.4792627692222595,0.5326191782951355,-0.14815804362297058,0.9999167919158936,0.47632893919944763,0.5331165790557861,-0.1482156664133072,0.9999033212661743,0.47334814071655273,0.5336973667144775,-0.14822565019130707,0.999921441078186,0.4966656267642975,0.541169285774231,-0.06844596564769745,0.9998766779899597,0.4691704213619232,0.5411749482154846,-0.07561241835355759,0.9997833371162415,0.4858775734901428,0.5568539500236511,-0.13270685076713562,0.999966025352478,0.4767126441001892,0.557112991809845,-0.13470184803009033,0.9999635219573975,0.5197399258613586,0.6219189763069153,-0.05605723708868027,0.9994266033172607,0.4436250627040863,0.6163462996482849,-0.04699579253792763,0.9992144107818604,0.5441765785217285,0.7124308347702026,-0.05750323086977005,0.9736649394035339,0.42063289880752563,0.7027972936630249,-0.07809451222419739,0.9331783056259155,0.5764130353927612,0.7945115566253662,-0.12666746973991394,0.9318695068359375,0.4008759558200836,0.75438392162323,-0.19564864039421082,0.9108045697212219,0.5902747511863708,0.8058910965919495,-0.13978838920593262,0.8966484069824219,0.39361438155174255,0.7717548608779907,-0.21611258387565613,0.9027049541473389,0.5918455719947815,0.8104007244110107,-0.16051290929317474,0.9102004170417786,0.395088255405426,0.766672670841217,-0.23229381442070007,0.9153943657875061,0.5862891674041748,0.8104962706565857,-0.13645336031913757,0.9148678779602051,0.3989563286304474,0.7610405683517456,-0.20517346262931824,0.9123981595039368,0.5000390410423279,0.7893878221511841,-0.003676150692626834,0.9989646673202515,0.4517872929573059,0.7923287153244019,0.003680338617414236,0.9990444183349609,0.5245660543441772,0.7833051085472107,-0.2724755108356476,0.9638089537620544,0.4009198546409607,0.7685214281082153,-0.23972174525260925,0.9504505395889282,0.4377717077732086,0.8375483155250549,-0.18332049250602722,0.5788961052894592,0.49171656370162964,0.8450999855995178,-0.1864267885684967,0.7514894604682922,0.4313957095146179,0.8306442499160767,-0.16980096697807312,0.5188665390014648,0.4991878569126129,0.8401010036468506,-0.17716482281684875,0.5774462223052979,0.40439167618751526,0.8471183180809021,-0.22491209208965302,0.6551293134689331,0.521541178226471,0.847254753112793,-0.2401781976222992,0.7479735612869263
51,stand,0.4864436686038971,0.5424789786338806,-0.16101263463497162,0.9998589158058167,0.49110937118530273,0.533747673034668,-0.14656779170036316,0.9999229311943054,0.493727445602417,0.5341501832008362,-0.1466001570224762,0.9999101758003235,0.49628305435180664,0.534710168838501,-0.14666137099266052,0.9999382495880127,0.48377928137779236,0.5332845449447632,-0.14782223105430603,0.9999200105667114,0.4808734357357025,0.5335502028465271,-0.14788000285625458,0.9999070167541504,0.47789567708969116,0.5339196920394897,-0.1478860080242157,0.9999247193336487,0.5005448460578918,0.5430273413658142,-0.0673099234700203,0.9998809099197388,0.47321683168411255,0.5412055253982544,-0.07504909485578537,0.9997919797897339,0.49009305238723755,0.5578867197036743,-0.1321832835674286,0.9999663233757019,0.4809474050998688,0.5572562217712402,-0.13440324366092682,0.9999639987945557,0.522541880607605,0.6248265504837036,-0.05361879616975784,0.9993748068809509,0.44631877541542053,0.6140012741088867,-0.044381044805049896,0.9991903305053711,0.5456093549728394,0.7154924273490906,-0.05792456120252609,0.9718906879425049,0.4206731915473938,0.6973013877868652,-0.07918398827314377,0.9313345551490784,0.5785142183303833,0.7970958948135376,-0.12772783637046814,0.9235151410102844,0.40207165479660034,0.7447646260261536,-0.20442096889019012,0.902101457118988,0.5921484231948853,0.8077569603919983,-0.14097334444522858,0.8841226100921631,0.3952732980251312,0.7631096839904785,-0.22601738572120667,0.8919327259063721,0.5941212773323059,0.8118292093276978,-0.16149842739105225,0.8996915221214294,0.3989276885986328,0.760144829750061,-0.2408258020877838,0.9056708812713623,0.5886988639831543,0.8121500611305237,-0.13739848136901855,0.9065344333648682,0.4026268422603607,0.7542976140975952,-0.21366707980632782,0.9029607772827148,0.5005930662155151,0.7891405820846558,-0.004645270295441151,0.9989178776741028,0.452014297246933,0.7897413372993469,0.00464218994602561,0.999024510383606,0.5224243402481079,0.7834376692771912,-0.2725588083267212,0.9613895416259766,0.40154632925987244,0.7666410803794861,-0.2378430813550949,0.9507154226303101,0.43917855620384216,0.8438891768455505,-0.18370495736598969,0.5829988718032837,0.49149733781814575,0.8444414138793945,-0.185043603181839,0.7569184899330139,0.4307389259338379,0.8305953741073608,-0.17035499215126038,0.524838387966156,0.49795112013816833,0.8398960828781128,-0.1759607046842575,0.5848969221115112,0.40421414375305176,0.8466944098472595,-0.22504206001758575,0.6625818014144897,0.518245279788971,0.8474196791648865,-0.23760803043842316,0.7549381256103516
52,stand,0.4911258816719055,0.5435775518417358,-0.13510647416114807,0.999870240688324,0.49572640657424927,0.5352228283882141,-0.12196367979049683,0.9999291896820068,0.49826788902282715,0.5358335971832275,-0.12197753041982651,0.9999173879623413,0.500784158706665,0.5367023348808289,-0.12203086912631989,0.999943196773529,0.4884568154811859,0.5340306162834167,-0.12336770445108414,0.9999268054962158,0.48547568917274475,0.5340079665184021,-0.12341117858886719,0.9999148845672607,0.4823405146598816,0.5341140031814575,-0.1234092116355896,0.9999312162399292,0.5044986009597778,0.5451640486717224,-0.049034420400857925,0.9998903870582581,0.47757118940353394,0.541225790977478,-0.05735400319099426,0.9998106956481934,0.49472516775131226,0.5597360134124756,-0.1082281619310379,0.9999687075614929,0.4853416383266449,0.5578411817550659,-0.11057756841182709,0.9999668598175049,0.5258430242538452,0.6269745230674744,-0.034395892173051834,0.9993561506271362,0.4486450254917145,0.6127480268478394,-0.034082747995853424,0.9992404580116272,0.5460748672485352,0.7173731327056885,-0.0394781231880188,0.967985212802887,0.42070063948631287,0.6908480525016785,-0.0776015967130661,0.9342221021652222,0.5776188969612122,0.7946227788925171,-0.1095641702413559,0.9144303202629089,0.4064026474952698,0.7321871519088745,-0.20245924592018127,0.9035828113555908,0.591035008430481,0.807003378868103,-0.12152651697397232,0.8727992177009583,0.4003782868385315,0.752597987651825,-0.22311970591545105,0.8917930126190186,0.593337893486023,0.8100932836532593,-0.14186514914035797,0.8901085257530212,0.40778622031211853,0.7498295307159424,-0.2325703203678131,0.9052952527999878,0.588111400604248,0.8095391988754272,-0.11922776699066162,0.8989816308021545,0.4120674133300781,0.7429252862930298,-0.20906880497932434,0.9022800326347351,0.5010201930999756,0.7882159948348999,-0.004783583339303732,0.9988799095153809,0.4523637294769287,0.7847306728363037,0.004782132804393768,0.9990370273590088,0.521210789680481,0.782655656337738,-0.25513049960136414,0.9605735540390015,0.40153074264526367,0.7589114904403687,-0.21854917705059052,0.9526210427284241,0.4319482445716858,0.8394078612327576,-0.18761427700519562,0.5932867527008057,0.4910707473754883,0.8430424928665161,-0.18537381291389465,0.7660344839096069,0.4239214360713959,0.8301576375961304,-0.17615845799446106,0.5353206396102905,0.49716195464134216,0.8398633599281311,-0.17749342322349548,0.5971123576164246,0.4002593457698822,0.8464947938919067,-0.22392591834068298,0.6729277968406677,0.5179913640022278,0.8481916785240173,-0.233168363571167,0.7643871903419495
53,stand,0.495278537273407,0.5464414954185486,-0.12053520977497101,0.999881386756897,0.5001546144485474,0.5373213291168213,-0.1078365296125412,0.9999353289604187,0.502780556678772,0.5381648540496826,-0.1078459620475769,0.9999245405197144,0.505358099937439,0.5393405556678772,-0.10790010541677475,0.9999480843544006,0.4927591383457184,0.5355333089828491,-0.10903904587030411,0.9999333620071411,0.48986825346946716,0.5351890921592712,-0.10907038301229477,0.9999224543571472,0.4867648482322693,0.5349493026733398,-0.109059177339077,0.9999374151229858,0.5089277625083923,0.5479701161384583,-0.0370592437684536,0.9998997449874878,0.4818849563598633,0.5418285131454468,-0.04441296309232712,0.9998282790184021,0.4986778795719147,0.5626627802848816,-0.09439003467559814,0.9999710917472839,0.48929816484451294,0.5600280165672302,-0.09645500779151917,0.9999696016311646,0.5282913446426392,0.6298755407333374,-0.023941263556480408,0.9993534684181213,0.4520389139652252,0.6117340922355652,-0.02260461449623108,0.9992831349372864,0.5469402074813843,0.7199065089225769,-0.027809327468276024,0.9637742638587952,0.42091530561447144,0.6844503879547119,-0.06743235886096954,0.9361708164215088,0.5789480209350586,0.7968193888664246,-0.09399132430553436,0.9060709476470947,0.41198858618736267,0.7308031916618347,-0.1844637244939804,0.9018305540084839,0.5926429629325867,0.8098604679107666,-0.10513675212860107,0.8629213571548462,0.40626853704452515,0.7492726445198059,-0.20294833183288574,0.8877100348472595,0.5953406691551208,0.8125463724136353,-0.12536117434501648,0.8818089962005615,0.41409212350845337,0.7456538081169128,-0.20952710509300232,0.9011597633361816,0.5901229381561279,0.8117390871047974,-0.10348494350910187,0.8923602104187012,0.4185749888420105,0.7388855814933777,-0.18923568725585938,0.8976637721061707,0.5011183023452759,0.78794264793396,-0.005483761429786682,0.998854398727417,0.4528964161872864,0.7813955545425415,0.005476012825965881,0.9990458488464355,0.5197227597236633,0.7826098203659058,-0.24123647809028625,0.9605711698532104,0.4015059471130371,0.7524915337562561,-0.19995823502540588,0.9548400044441223,0.42820125818252563,0.8319175839424133,-0.18071100115776062,0.6093494892120361,0.4899888038635254,0.8401457071304321,-0.1772485077381134,0.7763441205024719,0.42264246940612793,0.825594425201416,-0.16897661983966827,0.5514031052589417,0.4971129894256592,0.8386197686195374,-0.17108018696308136,0.6107816696166992,0.3983914852142334,0.8420493006706238,-0.21468813717365265,0.6860558986663818,0.5147022008895874,0.8481284976005554,-0.21547937393188477,0.774111270904541
54,stand,0.5001531839370728,0.5481592416763306,-0.11251900345087051,0.9998915791511536,0.5051736235618591,0.5388196110725403,-0.09912411868572235,0.9999408721923828,0.50786292552948,0.5398474931716919,-0.0991269201040268,0.9999309182167053,0.5104454755783081,0.5412151217460632,-0.09917809814214706,0.999952495098114,0.4976572096347809,0.5367686748504639,-0.10047177970409393,0.9999392032623291,0.49485713243484497,0.5362741947174072,-0.10050545632839203,0.9999292492866516,0.49190324544906616,0.5358352661132812,-0.1004885658621788,0.99994295835495,0.5137808918952942,0.5502167344093323,-0.028579607605934143,0.9999080300331116,0.4868985712528229,0.542883574962616,-0.03707675263285637,0.9998437166213989,0.5038357973098755,0.5646532773971558,-0.08688568323850632,0.9999730587005615,0.4942414164543152,0.5615949630737305,-0.08930741995573044,0.9999719262123108,0.5313280820846558,0.6344361901283264,-0.019321728497743607,0.9993577003479004,0.45513400435447693,0.610018789768219,-0.017656359821558,0.9993094801902771,0.5489596724510193,0.724328339099884,-0.025545626878738403,0.9621137380599976,0.4230789244174957,0.6792691349983215,-0.0673561617732048,0.9366326332092285,0.5821405053138733,0.800940215587616,-0.08870532363653183,0.9043243527412415,0.4187076687812805,0.7222846150398254,-0.18327078223228455,0.8969837427139282,0.5956553220748901,0.813660204410553,-0.09967323392629623,0.8603078126907349,0.41382527351379395,0.7397927045822144,-0.20119121670722961,0.8799400329589844,0.5983000993728638,0.8157294988632202,-0.11898276954889297,0.8798382878303528,0.42147892713546753,0.7352678775787354,-0.20578396320343018,0.8934389352798462,0.593324601650238,0.8145675659179688,-0.09777112305164337,0.8909468054771423,0.4251243472099304,0.7298578023910522,-0.18712159991264343,0.8891845941543579,0.5008659958839417,0.787581741809845,-0.005899460054934025,0.9988616704940796,0.45287996530532837,0.7789680361747742,0.0058806235902011395,0.9990671277046204,0.5164401531219482,0.7835360765457153,-0.24187684059143066,0.9601515531539917,0.40161991119384766,0.7482038140296936,-0.19947484135627747,0.956499457359314,0.4269837737083435,0.8322179913520813,-0.18030962347984314,0.6227399110794067,0.4882543087005615,0.8392893671989441,-0.17499904334545135,0.7855156660079956,0.42128482460975647,0.8256505131721497,-0.16887511312961578,0.5651904940605164,0.49614906311035156,0.8385903239250183,-0.16920137405395508,0.622275173664093,0.3978842794895172,0.840807318687439,-0.21289904415607452,0.6981269121170044,0.5079690217971802,0.8485326766967773,-0.21345993876457214,0.7832636833190918
55,stand,0.504766583442688,0.5515986084938049,-0.15207745134830475,0.9999011158943176,0.5099003314971924,0.5418643355369568,-0.1392156481742859,0.9999460577964783,0.5125923752784729,0.5431302189826965,-0.1392069309949875,0.9999369978904724,0.5151509046554565,0.5446264147758484,-0.13925743103027344,0.9999566078186035,0.5026297569274902,0.5392109155654907,-0.140744149684906,0.9999446272850037,0.5000087022781372,0.5383993983268738,-0.14079387485980988,0.9999355673789978,0.497327983379364,0.5376805663108826,-0.14077016711235046,0.9999480843544006,0.5183020234107971,0.5532073378562927,-0.0659443810582161,0.9999159574508667,0.4927035868167877,0.5445048213005066,-0.07585935294628143,0.999858021736145,0.5081955790519714,0.5676602125167847,-0.12482607364654541,0.9999749064445496,0.49905523657798767,0.5643304586410522,-0.12774446606636047,0.9999740719795227,0.5343783497810364,0.63724285364151,-0.04959904029965401,0.999352753162384,0.45841678977012634,0.6097339987754822,-0.0455031543970108,0.9993187785148621,0.5510066747665405,0.7284128069877625,-0.04280149191617966,0.9621004462242126,0.4242331385612488,0.6812043190002441,-0.0997304618358612,0.9366996884346008,0.583875298500061,0.8061700463294983,-0.11546289920806885,0.9049623608589172,0.4251731336116791,0.7129990458488464,-0.22159726917743683,0.8927145600318909,0.5979911684989929,0.8167667984962463,-0.12772613763809204,0.8604086637496948,0.4225793778896332,0.7284802198410034,-0.2393573820590973,0.8731392025947571,0.6007143259048462,0.8178063035011292,-0.14746804535388947,0.8802230358123779,0.43001246452331543,0.7224409580230713,-0.23945525288581848,0.886547327041626,0.5954447388648987,0.8177391886711121,-0.12461034953594208,0.8916327953338623,0.4324732720851898,0.7173449993133545,-0.22373266518115997,0.8812002539634705,0.5007904767990112,0.7877219319343567,-0.008338471874594688,0.9988285303115845,0.4530399739742279,0.7769859433174133,0.008296521380543709,0.9990589618682861,0.5149483680725098,0.7839210629463196,-0.24432256817817688,0.9596297740936279,0.40172284841537476,0.7408807277679443,-0.19542264938354492,0.9581049084663391,0.42551788687705994,0.8301634788513184,-0.17868563532829285,0.6390566825866699,0.48409533500671387,0.8363820314407349,-0.1691119521856308,0.79664146900177,0.4207041263580322,0.8251014947891235,-0.167061910033226,0.583175003528595,0.4937672019004822,0.8377002477645874,-0.1627775877714157,0.6388047337532043,0.3966456353664398,0.8362396955490112,-0.21200168132781982,0.7117382884025574,0.5028483867645264,0.849849283695221,-0.2098766565322876,0.7941063642501831
56,stand,0.5104681253433228,0.5537185668945312,-0.13997285068035126,0.9999101161956787,0.5157045722007751,0.5443904399871826,-0.1284860521554947,0.9999509453773499,0.5182561278343201,0.5458959937095642,-0.12844565510749817,0.9999426603317261,0.5206891298294067,0.5475903153419495,-0.1284862607717514,0.9999604821205139,0.5086489319801331,0.541185736656189,-0.13014283776283264,0.9999498128890991,0.5059036612510681,0.5401722192764282,-0.13019105792045593,0.9999415874481201,0.503389835357666,0.5392939448356628,-0.13016286492347717,0.9999529719352722,0.523417592048645,0.5561367273330688,-0.06564389914274216,0.9999234676361084,0.49868980050086975,0.5460293292999268,-0.07175782322883606,0.9998716115951538,0.5135406851768494,0.5697997808456421,-0.11489561945199966,0.9999768733978271,0.5045537948608398,0.5660994052886963,-0.1180742010474205,0.9999763369560242,0.5373842716217041,0.639630913734436,-0.04516557604074478,0.9993502497673035,0.46330827474594116,0.6078313589096069,-0.04220253601670265,0.9993636012077332,0.5517442226409912,0.7307853698730469,-0.04077937453985214,0.9610491394996643,0.42601698637008667,0.6722837090492249,-0.09936213493347168,0.9404591917991638,0.5826472640037537,0.8091844916343689,-0.10425226390361786,0.9044636487960815,0.426835834980011,0.6881434917449951,-0.2220219075679779,0.8972044587135315,0.596431314945221,0.8194180130958557,-0.11402499675750732,0.8594444394111633,0.42366987466812134,0.7079901695251465,-0.24029116332530975,0.8765249848365784,0.5990720987319946,0.8202283382415771,-0.13327434659004211,0.8795602321624756,0.43448740243911743,0.7033911943435669,-0.24024441838264465,0.8891908526420593,0.5938106775283813,0.8200163245201111,-0.11312608420848846,0.8914771676063538,0.4371446669101715,0.6964766383171082,-0.22407713532447815,0.8831546902656555,0.500579833984375,0.7876783013343811,-0.008006664924323559,0.9988238215446472,0.4533955156803131,0.7732958197593689,0.007975543849170208,0.9990779757499695,0.5144452452659607,0.7857701778411865,-0.24266541004180908,0.9599952101707458,0.4023668169975281,0.7369125485420227,-0.18832316994667053,0.9600170254707336,0.42667722702026367,0.8328559994697571,-0.1873539239168167,0.6560709476470947,0.47981056571006775,0.834780216217041,-0.16334578394889832,0.8076009750366211,0.41841229796409607,0.8251819014549255,-0.177315816283226,0.6013128757476807,0.48955902457237244,0.8369465470314026,-0.15675252676010132,0.6538260579109192,0.396983802318573,0.8366833329200745,-0.22227196395397186,0.7263647317886353,0.49632295966148376,0.8529713153839111,-0.20428049564361572,0.8048510551452637
57,stand,0.5162693858146667,0.5559244751930237,-0.13396041095256805,0.9999184012413025,0.5214234590530396,0.5472089052200317,-0.12247218191623688,0.999955415725708,0.5238930583000183,0.5488610863685608,-0.122428297996521,0.9999479055404663,0.5262902975082397,0.5506574511528015,-0.12246666848659515,0.9999640583992004,0.5144036412239075,0.5434974431991577,-0.12418232858181,0.9999545216560364,0.5115456581115723,0.5422792434692383,-0.12423153221607208,0.9999471306800842,0.509145975112915,0.5413166284561157,-0.1242033988237381,0.9999574422836304,0.5287171602249146,0.5590449571609497,-0.05901869013905525,0.9999303817749023,0.5038907527923584,0.5480244755744934,-0.06974180042743683,0.9998840093612671,0.5193508863449097,0.5716553330421448,-0.10870420932769775,0.9999787211418152,0.5104634761810303,0.5675994157791138,-0.11189409345388412,0.9999784231185913,0.5413002371788025,0.6410489082336426,-0.03837862238287926,0.9993682503700256,0.46809831261634827,0.6046971678733826,-0.040831997990608215,0.9994073510169983,0.5520818829536438,0.7335712909698486,-0.029563426971435547,0.961428701877594,0.4276374280452728,0.6643074750900269,-0.09376418590545654,0.9446079730987549,0.5819506645202637,0.8102413415908813,-0.08900648355484009,0.9073032140731812,0.42922815680503845,0.6791831254959106,-0.21434755623340607,0.9030380845069885,0.5952290296554565,0.8190386295318604,-0.09838908910751343,0.863011360168457,0.4278894066810608,0.6967275142669678,-0.23041287064552307,0.8819233179092407,0.5978761911392212,0.8205309510231018,-0.11828333139419556,0.8828051686286926,0.4383483827114105,0.6884366869926453,-0.22950616478919983,0.893847644329071,0.5921534299850464,0.8205098509788513,-0.09798414260149002,0.8944904208183289,0.4402693212032318,0.6826635599136353,-0.21419648826122284,0.8873621821403503,0.500564694404602,0.7876957654953003,-0.007790642324835062,0.9988143444061279,0.45452064275741577,0.7721354365348816,0.007763256318867207,0.9990790486335754,0.5137264132499695,0.7873101234436035,-0.24231886863708496,0.9611830711364746,0.40242093801498413,0.7260392308235168,-0.17867816984653473,0.9617941975593567,0.4282603859901428,0.8342118263244629,-0.18403328955173492,0.6716865301132202,0.47272205352783203,0.8345035314559937,-0.15456895530223846,0.8163347244262695,0.42039793729782104,0.8250532150268555,-0.173264741897583,0.6182231903076172,0.48298773169517517,0.8370481133460999,-0.14803841710090637,0.6652096509933472,0.3979206085205078,0.8344166874885559,-0.2178935557603836,0.7391558885574341,0.4905169904232025,0.8623659014701843,-0.19464264810085297,0.8130696415901184
58,stand,0.5211318731307983,0.5579779744148254,-0.08507111668586731,0.9999262690544128,0.5263088941574097,0.5495055913925171,-0.0711931511759758,0.9999597072601318,0.528796911239624,0.5512452125549316,-0.07116375863552094,0.9999529123306274,0.5312131643295288,0.5530746579170227,-0.07120522856712341,0.9999675154685974,0.5192669034004211,0.5454388856887817,-0.07284091413021088,0.9999589323997498,0.5164689421653748,0.5441421866416931,-0.07287771999835968,0.9999522566795349,0.5139831900596619,0.5431908369064331,-0.07285071909427643,0.9999616146087646,0.5335385203361511,0.5614429712295532,0.0012851862702518702,0.9999369978904724,0.5080753564834595,0.5501703023910522,-0.009335554204881191,0.999895453453064,0.5239294767379761,0.573731005191803,-0.05841704457998276,0.9999805688858032,0.5149445533752441,0.5691956281661987,-0.06150064989924431,0.9999804496765137,0.5448968410491943,0.6408463716506958,0.015239240601658821,0.9994001388549805,0.4728257656097412,0.6027256846427917,0.00952549371868372,0.9994497299194336,0.5525534749031067,0.7341276407241821,0.021696578711271286,0.9592956900596619,0.43094438314437866,0.6571847796440125,-0.05078784376382828,0.9477726221084595,0.5818495154380798,0.8128318786621094,-0.03828970342874527,0.9091191291809082,0.4373411238193512,0.6726274490356445,-0.17218425869941711,0.9065937399864197,0.5952176451683044,0.8227061629295349,-0.047988831996917725,0.865638256072998,0.43656572699546814,0.6891898512840271,-0.1904824674129486,0.8841887712478638,0.5977357029914856,0.8243897557258606,-0.06786835193634033,0.8852818608283997,0.4455791413784027,0.6818118095397949,-0.19017425179481506,0.8954477906227112,0.5919698476791382,0.8236491084098816,-0.047445379197597504,0.896496057510376,0.44763439893722534,0.6758641004562378,-0.1734655797481537,0.887987494468689,0.5006251931190491,0.787711501121521,-0.007641791366040707,0.9988783597946167,0.45586642622947693,0.7687789797782898,0.007618888281285763,0.9991267919540405,0.5125452280044556,0.7878225445747375,-0.26049304008483887,0.9630482196807861,0.40315279364585876,0.7168038487434387,-0.18085217475891113,0.9639783501625061,0.4285861849784851,0.8342186212539673,-0.21003253757953644,0.6921454071998596,0.4648882746696472,0.8310999274253845,-0.15247881412506104,0.8271288871765137,0.421330988407135,0.8243412375450134,-0.2003316432237625,0.6410691142082214,0.47798269987106323,0.8373515605926514,-0.14582112431526184,0.68021559715271,0.3982293903827667,0.8303873538970947,-0.2493104189634323,0.756693422794342,0.48259028792381287,0.8674119710922241,-0.19637320935726166,0.823236882686615
59,stand,0.5252484083175659,0.5621192455291748,-0.09877894818782806,0.9999334216117859,0.5304282903671265,0.5534580945968628,-0.08622027933597565,0.999963641166687,0.5328697562217712,0.555351197719574,-0.08618901669979095,0.9999575018882751,0.5351403951644897,0.5571731328964233,-0.08623460680246353,0.9999706745147705,0.5237915515899658,0.5487810969352722,-0.08752823621034622,0.9999629855155945,0.5211397409439087,0.5471833348274231,-0.08756344020366669,0.9999569058418274,0.5185742974281311,0.5459619164466858,-0.0875425636768341,0.9999653697013855,0.5376169085502625,0.5650634765625,-0.014502202160656452,0.9999430775642395,0.512670636177063,0.5520536303520203,-0.023257866501808167,0.9999058246612549,0.5272961258888245,0.5774990320205688,-0.07186941057443619,0.9999823570251465,0.5187482237815857,0.5725778937339783,-0.07442084699869156,0.9999822974205017,0.5487903952598572,0.6403600573539734,0.00312041025608778,0.9994350075721741,0.4785211980342865,0.6000089645385742,0.002770413178950548,0.99949049949646,0.5545380115509033,0.7350596785545349,0.013302989304065704,0.9585496187210083,0.4372061789035797,0.6427001953125,-0.05606434494256973,0.9509000182151794,0.5815401673316956,0.8147553205490112,-0.04632807523012161,0.9119197726249695,0.44586411118507385,0.6595253944396973,-0.18252435326576233,0.9109373092651367,0.5948623418807983,0.8251108527183533,-0.0558546707034111,0.8695623278617859,0.44600969552993774,0.6762186884880066,-0.20149925351142883,0.8880607485771179,0.59710294008255,0.8270735144615173,-0.07732229679822922,0.8887604475021362,0.4547748565673828,0.6722418665885925,-0.2024032324552536,0.8985708951950073,0.5915735363960266,0.8259463906288147,-0.056017596274614334,0.899523138999939,0.4566832184791565,0.667654275894165,-0.18458937108516693,0.8905472755432129,0.5012073516845703,0.7877215147018433,-0.010109313763678074,0.9989237785339355,0.45899486541748047,0.7657493352890015,0.010096518322825432,0.9991632103919983,0.5101181864738464,0.7885302901268005,-0.26339057087898254,0.9653419256210327,0.4058484435081482,0.706737220287323,-0.16655027866363525,0.9663304090499878,0.42572832107543945,0.8342292904853821,-0.20471987128257751,0.7137312293052673,0.4562319815158844,0.8305622339248657,-0.1445426642894745,0.8386089205741882,0.4203824996948242,0.8253786563873291,-0.19453415274620056,0.6653962135314941,0.4636410176753998,0.8478530645370483,-0.13893917202949524,0.6980488300323486,0.39793428778648376,0.8311088681221008,-0.24156177043914795,0.7738761901855469,0.4656457006931305,0.8815748691558838,-0.18915672600269318,0.8338334560394287
60,stand,0.5303406715393066,0.5662472248077393,-0.10506085306406021,0.9999397993087769,0.535403847694397,0.557462751865387,-0.08889515697956085,0.999967098236084,0.5377824306488037,0.5594878792762756,-0.0889606773853302,0.9999615550041199,0.5399071574211121,0.5612999200820923,-0.08900768309831619,0.9999734163284302,0.5290087461471558,0.5522947311401367,-0.0902976542711258,0.999966561794281,0.5265012979507446,0.5504353642463684,-0.09028815478086472,0.9999610781669617,0.5240128636360168,0.5488130450248718,-0.09018285572528839,0.9999687075614929,0.5419437885284424,0.5683659911155701,-0.023229490965604782,0.9999484419822693,0.5172647833824158,0.5533114075660706,-0.0280586127191782,0.9999151229858398,0.5315206050872803,0.5811154842376709,-0.08230104297399521,0.9999839067459106,0.5235073566436768,0.5761994123458862,-0.08334635943174362,0.9999839067459106,0.552359402179718,0.6397408246994019,-0.006472740322351456,0.999468207359314,0.482104629278183,0.5989755988121033,-0.008309864439070225,0.999525249004364,0.5578943490982056,0.7339455485343933,0.005101670045405626,0.9590283632278442,0.4360752999782562,0.6494594812393188,-0.06136127561330795,0.9541801810264587,0.5810585618019104,0.8133931756019592,-0.06386936455965042,0.9159420132637024,0.4566732347011566,0.6621474027633667,-0.20045676827430725,0.9171180129051208,0.594167947769165,0.8251920938491821,-0.07517589628696442,0.8752619028091431,0.45793208479881287,0.6764622330665588,-0.2216583490371704,0.8948636054992676,0.5962037444114685,0.8280461430549622,-0.0963810458779335,0.8936030864715576,0.4653187692165375,0.6729187965393066,-0.21546213328838348,0.9044574499130249,0.590887725353241,0.8263491988182068,-0.07347606122493744,0.9036450386047363,0.4664391875267029,0.6683247685432434,-0.1991271674633026,0.8960128426551819,0.5018143653869629,0.7878038287162781,-0.011030549183487892,0.998960554599762,0.4614349901676178,0.7643426656723022,0.011030398309230804,0.9991976022720337,0.5115631818771362,0.7909616827964783,-0.26436322927474976,0.9676857590675354,0.4091574251651764,0.6992827653884888,-0.1787070333957672,0.9685720205307007,0.42372456192970276,0.832606315612793,-0.19932647049427032,0.7366416454315186,0.4504033029079437,0.8311259150505066,-0.14685691893100739,0.8505105972290039,0.418540894985199,0.8242424130439758,-0.18863226473331451,0.6909620761871338,0.4603036046028137,0.846527099609375,-0.1403379738330841,0.7183147072792053,0.3978455662727356,0.8317291140556335,-0.2374778687953949,0.7917219996452332,0.45632204413414,0.8905732035636902,-0.19289657473564148,0.8452309370040894
61,stand,0.5330550074577332,0.5683572888374329,-0.1332058608531952,0.9999455213546753,0.5384320020675659,0.5591872930526733,-0.12186732143163681,0.9999701380729675,0.5407139658927917,0.5611243844032288,-0.12184188514947891,0.9999651312828064,0.5430291295051575,0.5631386637687683,-0.12190314382314682,0.999975860118866,0.5319341421127319,0.5539121627807617,-0.12348278611898422,0.9999697804450989,0.5294936895370483,0.5519248843193054,-0.12350466102361679,0.9999648332595825,0.5265797972679138,0.54993736743927,-0.12345031648874283,0.9999716877937317,0.545538067817688,0.5703614950180054,-0.04839145392179489,0.9999532103538513,0.5199673175811768,0.5536662340164185,-0.056539762765169144,0.9999234676361084,0.5339847803115845,0.5830054879188538,-0.10438887774944305,0.9999852180480957,0.5262731313705444,0.5779036283493042,-0.10668046772480011,0.9999853372573853,0.5556333661079407,0.6392420530319214,-0.011489767581224442,0.9994980692863464,0.4847966730594635,0.5960215330123901,-0.014878889545798302,0.9995591640472412,0.560723066329956,0.7328032851219177,-0.003458865685388446,0.9591673612594604,0.43934425711631775,0.638178825378418,-0.07486945390701294,0.9572087526321411,0.5816128849983215,0.8130403161048889,-0.07059642672538757,0.9178864359855652,0.4620264172554016,0.6601796746253967,-0.2119966745376587,0.9224603772163391,0.5948456525802612,0.824743926525116,-0.0818050280213356,0.8780328035354614,0.4658845067024231,0.6760850548744202,-0.23259449005126953,0.9004055261611938,0.5966947674751282,0.8280764818191528,-0.10359290987253189,0.8958438038825989,0.47316163778305054,0.6710267066955566,-0.2275504171848297,0.909115731716156,0.5914517045021057,0.8262438178062439,-0.08036074042320251,0.9053626656532288,0.473438560962677,0.6659547090530396,-0.2110624760389328,0.9000006914138794,0.5024661421775818,0.7874671220779419,-0.013409462757408619,0.9990056157112122,0.46298855543136597,0.7605128884315491,0.013390464708209038,0.9992393851280212,0.5124190449714661,0.7942460775375366,-0.2679121494293213,0.9698903560638428,0.4136679172515869,0.6888567805290222,-0.1668776571750641,0.9704931378364563,0.42895403504371643,0.8237761855125427,-0.18155166506767273,0.7560997009277344,0.44589632749557495,0.8314298987388611,-0.126490980386734,0.8612372875213623,0.4203649163246155,0.818389356136322,-0.1683022677898407,0.7128733396530151,0.4542663097381592,0.846087634563446,-0.119548499584198,0.7369658350944519,0.398042768239975,0.8256387710571289,-0.2103806436061859,0.8060442805290222,0.44174128770828247,0.8887501358985901,-0.16847282648086548,0.8551959991455078
62,stand,0.5363612174987793,0.5702595710754395,-0.1351163685321808,0.9999499917030334,0.5416638255119324,0.5605025887489319,-0.12562403082847595,0.999972403049469,0.5436834096908569,0.5622324347496033,-0.12558919191360474,0.9999678134918213,0.5459527373313904,0.564215898513794,-0.12564867734909058,0.9999775886535645,0.5353789925575256,0.5553646683692932,-0.1265135556459427,0.9999723434448242,0.5329993367195129,0.5533101558685303,-0.12653696537017822,0.9999678730964661,0.5300678014755249,0.551086962223053,-0.12649725377559662,0.9999740719795227,0.5479108691215515,0.5710146427154541,-0.05463085323572159,0.9999569654464722,0.522733747959137,0.5537695288658142,-0.05960654094815254,0.9999305605888367,0.5371898412704468,0.584628164768219,-0.10667423158884048,0.9999859929084778,0.5297790765762329,0.5795871019363403,-0.10823164135217667,0.9999863505363464,0.558583676815033,0.6389027833938599,-0.015029475092887878,0.9995189905166626,0.4878431260585785,0.5921793580055237,-0.021637311205267906,0.9995816946029663,0.562252402305603,0.7321137189865112,-0.006123014260083437,0.9579676985740662,0.44212251901626587,0.6323714256286621,-0.09113918989896774,0.9593490362167358,0.581869900226593,0.8132303953170776,-0.06930985301733017,0.9186341166496277,0.4710058271884918,0.6549237370491028,-0.22760340571403503,0.9263842701911926,0.5951490998268127,0.8249756693840027,-0.07963256537914276,0.8796483874320984,0.4761943817138672,0.6723533868789673,-0.24880120158195496,0.9041166305541992,0.5971015691757202,0.8285601139068604,-0.10156570374965668,0.8969423174858093,0.48370662331581116,0.6682021021842957,-0.2442011833190918,0.9119161367416382,0.5918285846710205,0.8265557289123535,-0.07889916002750397,0.9060074687004089,0.48303651809692383,0.6627804040908813,-0.22697527706623077,0.9017369151115417,0.5023239850997925,0.7871791124343872,-0.013131244108080864,0.9990158677101135,0.4626919627189636,0.7583096027374268,0.013119375333189964,0.999241828918457,0.5137001872062683,0.7948008179664612,-0.2619708776473999,0.9712369441986084,0.4157528877258301,0.6786885857582092,-0.1562691330909729,0.9718618392944336,0.4333178400993347,0.8237666487693787,-0.17579904198646545,0.7713596224784851,0.44245463609695435,0.8267561197280884,-0.11674036085605621,0.8692623972892761,0.4220210909843445,0.817719578742981,-0.1640501469373703,0.7305489182472229,0.4504798948764801,0.8430593013763428,-0.11010630428791046,0.7524987459182739,0.39806532859802246,0.8270293474197388,-0.20690302550792694,0.8163294792175293,0.43178191781044006,0.8828138709068298,-0.15483148396015167,0.8621858954429626
63,stand,0.5395196676254272,0.5712410807609558,-0.12823934853076935,0.99995356798172,0.5448101758956909,0.5611714720726013,-0.11955823004245758,0.9999741911888123,0.5466753840446472,0.5626303553581238,-0.11951828002929688,0.9999698996543884,0.5485965609550476,0.5643430352210999,-0.11958954483270645,0.9999788999557495,0.5384361147880554,0.5565880537033081,-0.11988364160060883,0.9999744892120361,0.535625159740448,0.5545119047164917,-0.1198996752500534,0.9999703764915466,0.5326146483421326,0.552394449710846,-0.11986100673675537,0.9999760985374451,0.5503729581832886,0.5710568428039551,-0.04534405469894409,0.9999600648880005,0.5246871709823608,0.5539380311965942,-0.04768471419811249,0.9999366998672485,0.5405453443527222,0.5856131911277771,-0.09811487793922424,0.9999863505363464,0.5331733226776123,0.5809829235076904,-0.099160335958004,0.9999870657920837,0.5613456964492798,0.6389515399932861,-0.006073465570807457,0.9995353817939758,0.490176260471344,0.5918315649032593,-0.01226775348186493,0.9995926022529602,0.5641571283340454,0.7316656112670898,0.012477993033826351,0.9558477401733398,0.44445323944091797,0.6286135315895081,-0.08694099634885788,0.960565447807312,0.5824078917503357,0.8153757452964783,-0.046158526092767715,0.9181678891181946,0.478422075510025,0.6517609357833862,-0.22492261230945587,0.9281665086746216,0.5956486463546753,0.8262520432472229,-0.054841864854097366,0.8794815540313721,0.4861258864402771,0.6669251918792725,-0.2464524507522583,0.904548168182373,0.5976175665855408,0.8298781514167786,-0.07718037813901901,0.896477997303009,0.4943479001522064,0.663946807384491,-0.2416977882385254,0.9113876819610596,0.5922223329544067,0.8280515670776367,-0.05572419613599777,0.9049943089485168,0.4924922585487366,0.6592521667480469,-0.22436940670013428,0.8992558717727661,0.5022586584091187,0.7873169183731079,-0.013211889192461967,0.9990401268005371,0.4631720185279846,0.758141815662384,0.013211983256042004,0.99925297498703,0.5147958993911743,0.7973085045814514,-0.26107358932495117,0.9725661277770996,0.4214521050453186,0.6730185747146606,-0.16523855924606323,0.9731777906417847,0.4352943003177643,0.8233954310417175,-0.17680248618125916,0.7848239541053772,0.4411889612674713,0.8240107297897339,-0.12985077500343323,0.8769115209579468,0.4255598187446594,0.8183637261390686,-0.16539695858955383,0.7459712624549866,0.4492124915122986,0.8419724106788635,-0.12352261692285538,0.7673291563987732,0.3994327187538147,0.8264754414558411,-0.21039406955242157,0.8252400159835815,0.42858752608299255,0.8801705837249756,-0.17294755578041077,0.869053304195404
64,stand,0.5410929322242737,0.5705049633979797,-0.11049310117959976,0.9999548196792603,0.5461685657501221,0.5606335401535034,-0.09888596087694168,0.9999745488166809,0.5482712984085083,0.5620157718658447,-0.09887118637561798,0.9999704957008362,0.5502365827560425,0.5635751485824585,-0.09893739223480225,0.9999789595603943,0.5395165085792542,0.5563948154449463,-0.09928431361913681,0.9999753832817078,0.5366315245628357,0.554418683052063,-0.099306620657444,0.9999715089797974,0.5336323976516724,0.5524546504020691,-0.09928274899721146,0.9999768137931824,0.5523489117622375,0.5705435276031494,-0.022000256925821304,0.9999617338180542,0.526617169380188,0.5539194941520691,-0.024230772629380226,0.9999407529830933,0.5425803661346436,0.5851398706436157,-0.08048689365386963,0.9999853372573853,0.5350695848464966,0.580650269985199,-0.08130089938640594,0.9999862909317017,0.563656210899353,0.6393324732780457,0.009589175693690777,0.9995473623275757,0.4927709698677063,0.5932639837265015,0.002930345479398966,0.9995807409286499,0.5660324096679688,0.7313401103019714,0.020088424906134605,0.9517055153846741,0.45271673798561096,0.6279577612876892,-0.08559910953044891,0.9589217901229858,0.5831160545349121,0.8160356879234314,-0.04212412238121033,0.9156919121742249,0.48830413818359375,0.65171879529953,-0.22726190090179443,0.9262928366661072,0.5964040756225586,0.8260222673416138,-0.05216041952371597,0.8764175772666931,0.4956587255001068,0.6664733290672302,-0.25111865997314453,0.9002736806869507,0.5982239246368408,0.8294675946235657,-0.07387924939393997,0.893616259098053,0.5036796927452087,0.6666346192359924,-0.24587340652942657,0.9062736630439758,0.5927074551582336,0.8277393579483032,-0.05186794325709343,0.9019080996513367,0.5020987391471863,0.6621411442756653,-0.22724619507789612,0.891526997089386,0.5032714605331421,0.7882118225097656,-0.013841971755027771,0.9990401864051819,0.46425801515579224,0.7594856023788452,0.013873206451535225,0.9992357492446899,0.5165327787399292,0.7995850443840027,-0.26115018129348755,0.9726545214653015,0.42533570528030396,0.6691105961799622,-0.1638144552707672,0.9732887148857117,0.43980756402015686,0.8229604959487915,-0.17789195477962494,0.7908424139022827,0.4387761652469635,0.8225119113922119,-0.1319441944360733,0.8807677030563354,0.4327903687953949,0.8240962624549866,-0.166703999042511,0.7548749446868896,0.4467482566833496,0.8419815301895142,-0.12666364014148712,0.7765692472457886,0.4069497585296631,0.8267738223075867,-0.21351559460163116,0.8290894031524658,0.41985565423965454,0.8544542193412781,-0.1789114773273468,0.872524082660675
65,stand,0.5426806211471558,0.5698059797286987,-0.10663654655218124,0.9999459385871887,0.5475489497184753,0.5597845315933228,-0.09450261294841766,0.9999697804450989,0.5495727062225342,0.5611106157302856,-0.09450902789831161,0.999965488910675,0.5516524910926819,0.5626269578933716,-0.09458155184984207,0.9999750256538391,0.5407015085220337,0.5556832551956177,-0.09581149369478226,0.9999714493751526,0.5377581119537354,0.5538029670715332,-0.0958385020494461,0.9999668598175049,0.5348419547080994,0.5519746541976929,-0.09581911563873291,0.9999719262123108,0.5535497665405273,0.5697153806686401,-0.015487832948565483,0.9999595880508423,0.5279011726379395,0.5537330508232117,-0.021601952612400055,0.9999359250068665,0.544061541557312,0.5845564007759094,-0.07597507536411285,0.9999799728393555,0.5363534092903137,0.5800950527191162,-0.07779443264007568,0.9999802708625793,0.5649412274360657,0.6392854452133179,0.01540718786418438,0.9995428323745728,0.4932630956172943,0.5934181809425354,-0.0010231008054688573,0.9994834065437317,0.5670486688613892,0.7311212420463562,0.01828959956765175,0.9450793266296387,0.46163326501846313,0.6296096444129944,-0.0986507311463356,0.9497371315956116,0.5835606455802917,0.8161213994026184,-0.04717271402478218,0.910773754119873,0.4957827031612396,0.651502251625061,-0.2501843571662903,0.9139853715896606,0.5971614718437195,0.8256188035011292,-0.05766685679554939,0.870569109916687,0.5034319758415222,0.6678959727287292,-0.27535897493362427,0.8850301504135132,0.598833441734314,0.8287373185157776,-0.0788419097661972,0.8884108066558838,0.5111850500106812,0.665267825126648,-0.2699212431907654,0.8905091285705566,0.5929667353630066,0.8270372152328491,-0.056925464421510696,0.8968012928962708,0.5096980333328247,0.6610025763511658,-0.2505809962749481,0.872263491153717,0.5038745999336243,0.7892172336578369,-0.011446705088019371,0.9989446997642517,0.4643020033836365,0.7601043581962585,0.011572398245334625,0.9991102814674377,0.522109866142273,0.8056343793869019,-0.2552410960197449,0.9708572030067444,0.4282136857509613,0.6647982597351074,-0.18057949841022491,0.972260594367981,0.4440751075744629,0.8228437900543213,-0.19035765528678894,0.784855842590332,0.4400262236595154,0.8219735622406006,-0.16237038373947144,0.8798807859420776,0.4394931197166443,0.8254992961883545,-0.18257631361484528,0.7547668814659119,0.44661831855773926,0.8419423699378967,-0.159157395362854,0.7790329456329346,0.4118634760379791,0.8264111876487732,-0.23969492316246033,0.8252094984054565,0.42327165603637695,0.8487170934677124,-0.2214570939540863,0.8714051842689514
66,stand,0.5448490381240845,0.5693112015724182,-0.10116970539093018,0.9999315738677979,0.5494868755340576,0.5591259598731995,-0.08786952495574951,0.9999621510505676,0.5514168739318848,0.5604470372200012,-0.08788760006427765,0.9999576807022095,0.5534614324569702,0.5619847774505615,-0.08795637637376785,0.9999691247940063,0.542536735534668,0.5551643967628479,-0.09016034007072449,0.9999644160270691,0.539480447769165,0.5533661842346191,-0.0901905745267868,0.9999585151672363,0.5365105867385864,0.5516368746757507,-0.09017857164144516,0.9999629259109497,0.5549085736274719,0.5693017244338989,-0.004766478668898344,0.9999558329582214,0.5289698243141174,0.5536549091339111,-0.014757566154003143,0.9999252557754517,0.5461756587028503,0.5840192437171936,-0.06910648196935654,0.999972939491272,0.5383977890014648,0.5796956419944763,-0.07202465087175369,0.9999706149101257,0.566036581993103,0.6392198204994202,0.026509732007980347,0.9995458126068115,0.49353593587875366,0.5937681794166565,0.001386298448778689,0.9993616342544556,0.5679536461830139,0.7308120727539062,0.0273047536611557,0.937321126461029,0.4677542746067047,0.6336958408355713,-0.0999651849269867,0.9397745728492737,0.5834318399429321,0.8157145977020264,-0.04184205085039139,0.9070307016372681,0.5034952163696289,0.6538686156272888,-0.2514400780200958,0.9029297828674316,0.5969624519348145,0.8252103328704834,-0.052830178290605545,0.8670701384544373,0.5113593339920044,0.6719262599945068,-0.2769765853881836,0.8721050024032593,0.5986251831054688,0.8282753229141235,-0.07381602376699448,0.8852996826171875,0.51722252368927,0.669838011264801,-0.27218198776245117,0.8771044611930847,0.5927155613899231,0.826672375202179,-0.05160221457481384,0.8935436606407166,0.5163918733596802,0.6653516292572021,-0.2520671784877777,0.8554152250289917,0.5049685835838318,0.7913942933082581,-0.00978466309607029,0.9988763332366943,0.46509718894958496,0.7607207298278809,0.009958865121006966,0.9990010857582092,0.5250470638275146,0.8118862509727478,-0.25515472888946533,0.9699748158454895,0.42969703674316406,0.6632218360900879,-0.19384640455245972,0.9714089632034302,0.4470631182193756,0.8231421709060669,-0.20088574290275574,0.7826963067054749,0.4419843554496765,0.822156548500061,-0.17276805639266968,0.878768801689148,0.44359198212623596,0.829142153263092,-0.1941685676574707,0.755013108253479,0.44849252700805664,0.8419298529624939,-0.16958829760551453,0.7805578112602234,0.41347989439964294,0.8270217776298523,-0.2548600733280182,0.8244370222091675,0.4273189604282379,0.8491230607032776,-0.23379914462566376,0.8706403970718384
67,stand,0.5467919111251831,0.5699409246444702,-0.09455005824565887,0.9999226331710815,0.5509170889854431,0.5591655373573303,-0.0828646868467331,0.9999581575393677,0.5527538061141968,0.5602794885635376,-0.08287467062473297,0.9999535083770752,0.554695725440979,0.5616578459739685,-0.08294446766376495,0.999966025352478,0.5442487597465515,0.5557364821434021,-0.08526454865932465,0.9999611973762512,0.5411421060562134,0.5540457963943481,-0.08529184013605118,0.9999547600746155,0.5381399393081665,0.5524787306785583,-0.08528386056423187,0.9999589920043945,0.555848240852356,0.5688385963439941,-0.003825164632871747,0.9999544024467468,0.5303546190261841,0.5538532137870789,-0.013829206116497517,0.999923050403595,0.5482596158981323,0.584201455116272,-0.06335224956274033,0.9999691843986511,0.5407231450080872,0.5805176496505737,-0.06635071337223053,0.9999656081199646,0.5673640966415405,0.6390450596809387,0.025943994522094727,0.9995469450950623,0.49608492851257324,0.5940608382225037,0.000425153091782704,0.9992953538894653,0.5693861246109009,0.7298263311386108,0.02971881628036499,0.9287217855453491,0.4722140431404114,0.6308081746101379,-0.09919601678848267,0.9370296001434326,0.5838726758956909,0.8156057000160217,-0.03394979238510132,0.8993328809738159,0.5114162564277649,0.6565428972244263,-0.24187400937080383,0.8970298171043396,0.5976759195327759,0.8251371383666992,-0.04311003163456917,0.8597740530967712,0.5188080072402954,0.6745212078094482,-0.2650337815284729,0.8642765283584595,0.5993994474411011,0.8279129862785339,-0.06472453474998474,0.8787757754325867,0.5253794193267822,0.6710850596427917,-0.26060158014297485,0.8686972856521606,0.5930472016334534,0.8263005614280701,-0.04371488839387894,0.8873673677444458,0.5247073769569397,0.6668791770935059,-0.24204058945178986,0.8447545170783997,0.5073220729827881,0.7940238118171692,-0.009786693379282951,0.9987179636955261,0.467162549495697,0.760992169380188,0.00996444746851921,0.9987982511520386,0.5255809426307678,0.815105676651001,-0.255005419254303,0.9701945185661316,0.43130820989608765,0.6644918918609619,-0.17609170079231262,0.9711810946464539,0.44867125153541565,0.8249439597129822,-0.20578515529632568,0.7822776436805725,0.44418153166770935,0.8218263387680054,-0.1646307110786438,0.878039538860321,0.4451386034488678,0.8307443261146545,-0.198701873421669,0.7563109993934631,0.4513185918331146,0.8402435183525085,-0.16082695126533508,0.7830938696861267,0.414482057094574,0.8271684646606445,-0.2527238130569458,0.8238797783851624,0.4316027760505676,0.8488092422485352,-0.2178860902786255,0.870316743850708
68,stand,0.5472519397735596,0.5721306204795837,-0.08995312452316284,0.9999208450317383,0.551658570766449,0.5612223148345947,-0.07889407128095627,0.9999574422836304,0.5536876916885376,0.5620859861373901,-0.07889878004789352,0.9999529123306274,0.5557617545127869,0.5631890892982483,-0.07895933836698532,0.999965488910675,0.5449403524398804,0.5578194260597229,-0.08075615763664246,0.9999607801437378,0.5419175028800964,0.5559508204460144,-0.08078332245349884,0.9999544024467468,0.5389333963394165,0.5541821122169495,-0.08077509701251984,0.9999582767486572,0.5574080348014832,0.5691514611244202,-0.0022065010853111744,0.9999551773071289,0.5319287180900574,0.5544542074203491,-0.009977695532143116,0.9999247789382935,0.5489030480384827,0.585565984249115,-0.05962975695729256,0.999968409538269,0.5413123369216919,0.5821945071220398,-0.06197064369916916,0.99996417760849,0.5688632130622864,0.6390281319618225,0.025520499795675278,0.9995608329772949,0.49891868233680725,0.5942988991737366,0.0019809072837233543,0.9992868304252625,0.5709786415100098,0.7302605509757996,0.028584495186805725,0.9229443073272705,0.47584301233291626,0.6305299401283264,-0.09759341180324554,0.9362854957580566,0.5850049257278442,0.8170730471611023,-0.034938350319862366,0.894838809967041,0.5191411972045898,0.6579977869987488,-0.2372337281703949,0.8948002457618713,0.5990900993347168,0.8258442282676697,-0.044164497405290604,0.8557512164115906,0.5269859433174133,0.6747574806213379,-0.2599669396877289,0.8602752089500427,0.6006068587303162,0.8279722332954407,-0.06586089730262756,0.8753193020820618,0.5338703393936157,0.675952672958374,-0.2567318081855774,0.8641800880432129,0.5939748883247375,0.826332688331604,-0.04473511129617691,0.8840273022651672,0.5327185988426208,0.6706667542457581,-0.2374737560749054,0.8385860323905945,0.5095483064651489,0.7971040606498718,-0.010461661964654922,0.9986258149147034,0.4706105589866638,0.7623660564422607,0.010648124851286411,0.9986669421195984,0.5250300765037537,0.8160955905914307,-0.25440388917922974,0.9704518914222717,0.43613138794898987,0.6587709188461304,-0.1637711524963379,0.9708847403526306,0.45030203461647034,0.8279469013214111,-0.20314352214336395,0.7821272611618042,0.4455784857273102,0.822324812412262,-0.16168616712093353,0.8768355846405029,0.44690555334091187,0.8333802819252014,-0.19539132714271545,0.7566741704940796,0.4530697464942932,0.8399945497512817,-0.15669909119606018,0.7848824858665466,0.4150616526603699,0.8304963111877441,-0.2468181550502777,0.8233324289321899,0.43642479181289673,0.8699788451194763,-0.21757666766643524,0.8698960542678833
69,stand,0.548926591873169,0.5749274492263794,-0.07913868874311447,0.9999212026596069,0.5533373951911926,0.5642589926719666,-0.06742057204246521,0.9999582767486572,0.5553944706916809,0.5650707483291626,-0.06742767989635468,0.9999539256095886,0.5573259592056274,0.5658652186393738,-0.06748034060001373,0.9999663829803467,0.5470050573348999,0.5609009265899658,-0.06964745372533798,0.9999611377716064,0.5440281629562378,0.5590029954910278,-0.0696774274110794,0.9999546408653259,0.5409644842147827,0.5571569800376892,-0.069666288793087,0.9999579191207886,0.5589820146560669,0.5700168013572693,0.011534860357642174,0.9999569058418274,0.5337663888931274,0.5561215877532959,0.001511825597845018,0.9999262690544128,0.5502992868423462,0.5877452492713928,-0.04801841452717781,0.9999684691429138,0.542812705039978,0.5851553082466125,-0.05110419541597366,0.9999626278877258,0.5706493854522705,0.6389744877815247,0.035445790737867355,0.9995882511138916,0.5014406442642212,0.5944955945014954,0.007666473742574453,0.9993003010749817,0.5711194276809692,0.7304311990737915,0.03431218862533569,0.9175310730934143,0.4867580831050873,0.6319628357887268,-0.09377996623516083,0.9326255917549133,0.5850034356117249,0.8185959458351135,-0.0238724984228611,0.8945556282997131,0.5302358269691467,0.6585906147956848,-0.21291379630565643,0.8879375457763672,0.5991460680961609,0.8267502784729004,-0.033231936395168304,0.8564379215240479,0.5370901823043823,0.6790084838867188,-0.23573653399944305,0.85056072473526,0.6007314920425415,0.8289762735366821,-0.05497054010629654,0.8760030269622803,0.542926013469696,0.6831144094467163,-0.2296127825975418,0.8539693355560303,0.594028890132904,0.8273783326148987,-0.0334908701479435,0.884151041507721,0.5417288541793823,0.6778169274330139,-0.21236462891101837,0.8257357478141785,0.51130211353302,0.7994962930679321,-0.010862631723284721,0.998685896396637,0.47322550415992737,0.7636138200759888,0.011034376919269562,0.998701810836792,0.5244622230529785,0.8141816258430481,-0.2623369097709656,0.9708635807037354,0.44081196188926697,0.6560219526290894,-0.16673919558525085,0.9698545336723328,0.45181480050086975,0.829404354095459,-0.22143523395061493,0.7851446270942688,0.44649046659469604,0.8234114646911621,-0.1698252260684967,0.876483678817749,0.44972094893455505,0.8351519107818604,-0.21440978348255157,0.7632825970649719,0.453762948513031,0.8410439491271973,-0.16816900670528412,0.7855861186981201,0.4180516302585602,0.8359604477882385,-0.2622758746147156,0.8276637196540833,0.43712806701660156,0.8781607151031494,-0.2230774611234665,0.8706691265106201
70,stand,0.5508109331130981,0.5778602361679077,-0.06621713191270828,0.9999228715896606,0.5553645491600037,0.5670799016952515,-0.05301861837506294,0.9999597072601318,0.5572377443313599,0.5678545832633972,-0.05303596705198288,0.9999557733535767,0.5589345693588257,0.5684880614280701,-0.05309716612100601,0.9999678134918213,0.5493324995040894,0.5635430216789246,-0.056476522237062454,0.9999619126319885,0.5463518500328064,0.5615265965461731,-0.0565032884478569,0.999955415725708,0.5431957244873047,0.5595135688781738,-0.056486643850803375,0.9999579191207886,0.5600526928901672,0.570951521396637,0.029504939913749695,0.9999589920043945,0.5353384613990784,0.5573817491531372,0.01423503179103136,0.9999278783798218,0.551557183265686,0.5903003811836243,-0.03379518538713455,0.9999687671661377,0.5441406965255737,0.5881611108779907,-0.03844723850488663,0.9999604225158691,0.5716567635536194,0.6389486193656921,0.05079656094312668,0.9996204972267151,0.5016776323318481,0.5966171622276306,0.024133825674653053,0.9992763996124268,0.5708262920379639,0.7318510413169861,0.05232766270637512,0.9091683626174927,0.4923008382320404,0.6515697836875916,-0.06541033834218979,0.9165633320808411,0.5849119424819946,0.8190349340438843,0.0031339204870164394,0.8907096982002258,0.5362495183944702,0.6640680432319641,-0.17105455696582794,0.861840009689331,0.5988816022872925,0.827323317527771,-0.004129513166844845,0.8531497120857239,0.5449047684669495,0.6806195974349976,-0.19221818447113037,0.8205232620239258,0.600615382194519,0.829741358757019,-0.026148447766900063,0.8733044266700745,0.5486069917678833,0.6841322779655457,-0.1853535920381546,0.8232784271240234,0.5939542651176453,0.8279007077217102,-0.006310836412012577,0.8809833526611328,0.5463770627975464,0.6793689727783203,-0.17024067044258118,0.7912236452102661,0.5137138962745667,0.8028022050857544,-0.012844611890614033,0.9987552762031555,0.47650304436683655,0.7677518129348755,0.012990261428058147,0.9987297654151917,0.5232624411582947,0.811389684677124,-0.26877036690711975,0.9717150330543518,0.44674062728881836,0.6533644795417786,-0.16354039311408997,0.967509925365448,0.45247405767440796,0.8302307724952698,-0.22183766961097717,0.7901738286018372,0.4470674991607666,0.8241201639175415,-0.17295801639556885,0.8740836977958679,0.4510175287723541,0.8370741009712219,-0.21444502472877502,0.7691128849983215,0.4533828794956207,0.8419891595840454,-0.1730795055627823,0.7817847728729248,0.41854405403137207,0.8388255834579468,-0.2592064440250397,0.8330006003379822,0.4323701858520508,0.8793022036552429,-0.2282770425081253,0.8702945113182068
71,stand,0.5513067245483398,0.5783660411834717,-0.07982533425092697,0.9999249577522278,0.5562864542007446,0.5676284432411194,-0.06716112792491913,0.9999609589576721,0.558285117149353,0.5684525966644287,-0.06716940551996231,0.9999572038650513,0.5600941777229309,0.5691235661506653,-0.06722814589738846,0.9999690055847168,0.549992024898529,0.5640129446983337,-0.06982925534248352,0.9999628663063049,0.5469679832458496,0.5619916915893555,-0.06985804438591003,0.999956488609314,0.5438007116317749,0.5599914789199829,-0.06984454393386841,0.999958336353302,0.5614339113235474,0.5716685056686401,0.012628195807337761,0.999960720539093,0.5361024141311646,0.5578962564468384,0.0008192879031412303,0.9999303817749023,0.5519533753395081,0.5911447405815125,-0.04858340322971344,0.9999692440032959,0.5444286465644836,0.5886959433555603,-0.05218925327062607,0.9999598860740662,0.5723271369934082,0.6406213641166687,0.03595020994544029,0.9996466636657715,0.5035461187362671,0.5974594354629517,0.022818416357040405,0.9992997646331787,0.5706539750099182,0.7361412048339844,0.03848358988761902,0.9012376666069031,0.49862828850746155,0.653498649597168,-0.07073032110929489,0.910419762134552,0.5849546790122986,0.8205330967903137,-0.011301214806735516,0.884238600730896,0.5450812578201294,0.665153443813324,-0.1770862638950348,0.8502749800682068,0.5987590551376343,0.8285099267959595,-0.0187710989266634,0.8466519117355347,0.5555423498153687,0.6810029149055481,-0.19719722867012024,0.8044937252998352,0.6007813215255737,0.8307146430015564,-0.03940650820732117,0.8674931526184082,0.5576900243759155,0.6835580468177795,-0.19082105159759521,0.8067778944969177,0.5940474271774292,0.8287489414215088,-0.020449312403798103,0.875346839427948,0.5550187826156616,0.6790957450866699,-0.17628100514411926,0.7718079090118408,0.5138555765151978,0.8035483360290527,-0.012994498014450073,0.9988468289375305,0.47789639234542847,0.7686065435409546,0.013117089867591858,0.9988116025924683,0.5222442746162415,0.8106713891029358,-0.26630109548568726,0.972310483455658,0.4531800150871277,0.6508638858795166,-0.15886572003364563,0.9657278656959534,0.4535413384437561,0.833528459072113,-0.1935422569513321,0.793349027633667,0.4474256932735443,0.8246684670448303,-0.14787253737449646,0.8739288449287415,0.44943514466285706,0.8367266058921814,-0.18279094994068146,0.7707488536834717,0.4537205100059509,0.8420340418815613,-0.1459527313709259,0.7796010971069336,0.41928377747535706,0.8401616215705872,-0.2222210168838501,0.8359056115150452,0.43157070875167847,0.8767527341842651,-0.19859957695007324,0.8708711862564087
72,stand,0.5539658069610596,0.5798484086990356,-0.07469013333320618,0.9999219179153442,0.5585900545120239,0.568871021270752,-0.0611359067261219,0.9999604821205139,0.5603564977645874,0.5696287155151367,-0.06115090847015381,0.9999569654464722,0.5620929002761841,0.5703060030937195,-0.061232637614011765,0.9999692440032959,0.5524265170097351,0.565169095993042,-0.06465418636798859,0.9999616742134094,0.5494650602340698,0.5630788207054138,-0.06467724591493607,0.9999549984931946,0.5461655259132385,0.5609287619590759,-0.06466652452945709,0.9999555349349976,0.563078761100769,0.5727771520614624,0.01818811520934105,0.9999610185623169,0.5378080010414124,0.5583885908126831,0.002792958403006196,0.9999282360076904,0.5542329549789429,0.592604398727417,-0.04389677569270134,0.999967098236084,0.5468603372573853,0.5903316736221313,-0.048560742288827896,0.9999539256095886,0.571198582649231,0.642146110534668,0.0351916179060936,0.9996662139892578,0.5054059028625488,0.5980660915374756,0.014409640803933144,0.9992508888244629,0.5702773332595825,0.7409607172012329,0.04203958436846733,0.8853541016578674,0.5046221017837524,0.6610600352287292,-0.06094475835561752,0.8845833539962769,0.5850006341934204,0.821812629699707,0.009076559916138649,0.867151141166687,0.5552322864532471,0.665317714214325,-0.138362854719162,0.8087116479873657,0.5986591577529907,0.8291009664535522,0.004009476862847805,0.8298763632774353,0.5654503703117371,0.6811549663543701,-0.15515972673892975,0.7615435719490051,0.6007601618766785,0.8312863111495972,-0.0163270253688097,0.8522608280181885,0.567839503288269,0.6833165287971497,-0.14872363209724426,0.7633256316184998,0.5940839052200317,0.829648494720459,0.00043255244963802397,0.8610714077949524,0.5647803544998169,0.6785070896148682,-0.13731400668621063,0.726780116558075,0.51371830701828,0.8037669658660889,-0.013731928542256355,0.9989420175552368,0.4786909520626068,0.7685955762863159,0.013803644105792046,0.9988990426063538,0.5173003673553467,0.8114927411079407,-0.26878970861434937,0.9728131890296936,0.45701107382774353,0.6483169794082642,-0.1551603078842163,0.9621551036834717,0.4545840620994568,0.834097146987915,-0.16949696838855743,0.791153073310852,0.4478064477443695,0.8255903720855713,-0.14149072766304016,0.8706117868423462,0.4527823328971863,0.8362959027290344,-0.15505477786064148,0.767266571521759,0.4539217948913574,0.8421579003334045,-0.13871917128562927,0.7692722082138062,0.4223896861076355,0.8448866009712219,-0.18226270377635956,0.8327522277832031,0.4324887692928314,0.8785450458526611,-0.1879347860813141,0.8673121333122253
73,stand,0.556641161441803,0.5807598233222961,-0.05638659745454788,0.9999167323112488,0.5610746741294861,0.569847047328949,-0.042677104473114014,0.9999600052833557,0.56276935338974,0.5706766247749329,-0.04270923137664795,0.9999566674232483,0.5645279884338379,0.5715391039848328,-0.04281367361545563,0.9999696016311646,0.5547942519187927,0.5657823085784912,-0.048281729221343994,0.9999597072601318,0.5517721772193909,0.5635708570480347,-0.04829676076769829,0.9999521374702454,0.5482615232467651,0.5611948370933533,-0.04826653376221657,0.999950110912323,0.5648245811462402,0.5740159749984741,0.0368339940905571,0.9999609589576721,0.5395044088363647,0.5584923028945923,0.011258585378527641,0.9999240636825562,0.5563267469406128,0.5935897827148438,-0.02520063892006874,0.99996417760849,0.5488823652267456,0.5914434790611267,-0.03280786797404289,0.999945342540741,0.5703886151313782,0.6420961618423462,0.050640929490327835,0.9996914863586426,0.5084062218666077,0.5980081558227539,0.027714034542441368,0.9991120100021362,0.570210874080658,0.7397562861442566,0.0680118054151535,0.8622405529022217,0.5224599838256836,0.6640823483467102,0.01113988645374775,0.8227162957191467,0.5850785970687866,0.8214878439903259,0.05233960598707199,0.8421339988708496,0.5642327666282654,0.6653459072113037,0.002359235193580389,0.739682137966156,0.5985878705978394,0.8289127945899963,0.048907577991485596,0.8081628680229187,0.5716235637664795,0.6815004944801331,-0.004990285728126764,0.6980617642402649,0.6006633043289185,0.8311249017715454,0.02860720083117485,0.832224428653717,0.573575496673584,0.6842866539955139,-0.0018776810029521585,0.6998167634010315,0.5939792990684509,0.8294677138328552,0.04428602755069733,0.8416042923927307,0.5702663064002991,0.6786589026451111,0.0038467147387564182,0.6653818488121033,0.5147520899772644,0.804225742816925,-0.015998227521777153,0.9990405440330505,0.48023682832717896,0.7686488032341003,0.016033519059419632,0.9989878535270691,0.5106494426727295,0.8136340379714966,-0.2739570140838623,0.9734372496604919,0.4611984193325043,0.649328887462616,-0.1478075236082077,0.9531262516975403,0.45403456687927246,0.8339376449584961,-0.1590157002210617,0.7883992195129395,0.4484039843082428,0.8256528377532959,-0.1320459246635437,0.8618015050888062,0.45433729887008667,0.8358364701271057,-0.142434224486351,0.7647302150726318,0.4544713497161865,0.8420052528381348,-0.12896375358104706,0.7549991607666016,0.4216063916683197,0.8474379777908325,-0.15856869518756866,0.8291950225830078,0.43156832456588745,0.8771329522132874,-0.1728939712047577,0.8601290583610535
74,stand,0.5580076575279236,0.5815308094024658,-0.08810795843601227,0.9999188184738159,0.5632364749908447,0.571681022644043,-0.07388236373662949,0.9999607801437378,0.5650193691253662,0.5729263424873352,-0.07387890666723251,0.9999573230743408,0.5667113661766052,0.5742364525794983,-0.07391606271266937,0.9999698996543884,0.5571033358573914,0.5666971802711487,-0.0782279223203659,0.9999606013298035,0.5542075634002686,0.5641913414001465,-0.07826416194438934,0.9999533891677856,0.5508666038513184,0.5615016222000122,-0.07825292646884918,0.9999500513076782,0.5665632486343384,0.577012836933136,0.004369425121694803,0.9999620914459229,0.5423722267150879,0.558504581451416,-0.015567381866276264,0.9999265074729919,0.55712890625,0.5942752361297607,-0.05813369154930115,0.9999648332595825,0.5502551794052124,0.591544508934021,-0.06405463069677353,0.9999462366104126,0.5702762603759766,0.645989716053009,0.009105991572141647,0.9997101426124573,0.5113348960876465,0.5957976579666138,-0.01835007593035698,0.9991485476493835,0.5712100863456726,0.7423731684684753,0.00922390352934599,0.8587523698806763,0.5272177457809448,0.6383129358291626,-0.09101813286542892,0.8228491544723511,0.5865942239761353,0.8216328024864197,-0.012282395735383034,0.8373923301696777,0.5757120847702026,0.6624655723571777,-0.001652050414122641,0.730795681476593,0.5994972586631775,0.8291321396827698,-0.015910470858216286,0.8038665652275085,0.5818679332733154,0.6805288791656494,-0.05130277946591377,0.6843585968017578,0.6015201210975647,0.8313385844230652,-0.02946602739393711,0.8279807567596436,0.5844213962554932,0.6837135553359985,-0.09030456840991974,0.6857419013977051,0.5945162773132324,0.8296324014663696,-0.018186720088124275,0.8387291431427002,0.5818189978599548,0.6782296299934387,-0.04001297429203987,0.6505633592605591,0.5151969790458679,0.8044993281364441,-0.016625795513391495,0.9991239905357361,0.4809897541999817,0.768749475479126,0.016624120995402336,0.9990688562393188,0.5111527442932129,0.8193663954734802,-0.26351693272590637,0.9731582403182983,0.4651496410369873,0.6487845182418823,-0.14101245999336243,0.9479674100875854,0.4538641571998596,0.8341596126556396,-0.13791945576667786,0.7838484048843384,0.4506177008152008,0.8256590366363525,-0.11830329895019531,0.8564804196357727,0.4531089663505554,0.8355516791343689,-0.12131486088037491,0.7599490880966187,0.45522791147232056,0.8401414752006531,-0.11418910324573517,0.7488180994987488,0.4206710457801819,0.847218930721283,-0.1365021914243698,0.8235569596290588,0.4325323700904846,0.872499406337738,-0.15089111030101776,0.8573880195617676
75,stand,0.5617557764053345,0.5808810591697693,-0.09068359434604645,0.9999234676361084,0.5671477913856506,0.5710334777832031,-0.07544180005788803,0.9999629855155945,0.5689380764961243,0.5723826885223389,-0.0754384845495224,0.9999595880508423,0.5706114172935486,0.5738400220870972,-0.07546112686395645,0.9999714493751526,0.5610723495483398,0.5661871433258057,-0.07949598878622055,0.9999628663063049,0.5584360957145691,0.5638612508773804,-0.07953990250825882,0.9999561905860901,0.5554624795913696,0.5613542199134827,-0.07954061031341553,0.9999523758888245,0.5696014761924744,0.577410101890564,0.004469816107302904,0.9999644160270691,0.5465875864028931,0.5584262013435364,-0.014146815054118633,0.999931275844574,0.5608773231506348,0.5937529802322388,-0.05987558513879776,0.9999669194221497,0.5538636445999146,0.5911456346511841,-0.06540349125862122,0.9999495148658752,0.5725176930427551,0.6492549777030945,0.013342601247131824,0.9997257590293884,0.5145372152328491,0.5913770794868469,-0.02269963175058365,0.999207079410553,0.572319746017456,0.7442654371261597,0.003511028364300728,0.8471867442131042,0.532417356967926,0.6145560145378113,-0.12856866419315338,0.8301176428794861,0.5865178108215332,0.821692168712616,-0.03736705332994461,0.8283455967903137,0.5843525528907776,0.6587549448013306,-0.19164259731769562,0.7347221970558167,0.5991726517677307,0.8293306231498718,-0.04467836394906044,0.7958152890205383,0.5920834541320801,0.6794790029525757,-0.215087890625,0.6841692328453064,0.6014174222946167,0.8313981890678406,-0.06111273914575577,0.8200291991233826,0.5949913859367371,0.6829153299331665,-0.2063138782978058,0.6845982670783997,0.5944439172744751,0.8296090960502625,-0.044681526720523834,0.8311774134635925,0.5925023555755615,0.6776500940322876,-0.19123825430870056,0.6480564475059509,0.5161504745483398,0.8043348789215088,-0.016587160527706146,0.9992029070854187,0.4811249375343323,0.7687620520591736,0.01656484045088291,0.9991510510444641,0.512137770652771,0.8218322992324829,-0.2650277614593506,0.9720717072486877,0.4688342213630676,0.6467036008834839,-0.1479807198047638,0.9445244073867798,0.4549625813961029,0.8347416520118713,-0.1567133069038391,0.779644250869751,0.45179495215415955,0.8256934285163879,-0.1292458176612854,0.8540496230125427,0.45247331261634827,0.8356496095657349,-0.14270895719528198,0.7569377422332764,0.45533856749534607,0.839958131313324,-0.124811552464962,0.7485338449478149,0.42047905921936035,0.8458046913146973,-0.17018409073352814,0.8199447989463806,0.4328037202358246,0.8641529679298401,-0.16882199048995972,0.8581216335296631
76,stand,0.5649670362472534,0.5806151628494263,-0.09926953166723251,0.9999263882637024,0.5701183676719666,0.5707810521125793,-0.08324159681797028,0.99996417760849,0.5718163251876831,0.572188675403595,-0.08324050158262253,0.9999604821205139,0.5733497142791748,0.5736719965934753,-0.08325472474098206,0.9999719262123108,0.5644856691360474,0.5657885074615479,-0.08876939117908478,0.9999639391899109,0.5620967149734497,0.5635708570480347,-0.08882729709148407,0.9999576210975647,0.5593899488449097,0.561284065246582,-0.08884046971797943,0.9999530911445618,0.5715807676315308,0.5770726799964905,0.0017904931446537375,0.9999655485153198,0.5506479740142822,0.5575771927833557,-0.02415887452661991,0.9999340176582336,0.563693642616272,0.5934255123138428,-0.0669267326593399,0.9999683499336243,0.557147204875946,0.5910114049911499,-0.07458974421024323,0.9999521374702454,0.5737659335136414,0.6496329307556152,0.012650740332901478,0.9997378587722778,0.5161640644073486,0.5861620306968689,-0.038104571402072906,0.9992601275444031,0.5720905661582947,0.7479882836341858,-0.0024365284480154514,0.8308135867118835,0.532295286655426,0.6015076041221619,-0.15456412732601166,0.8392133116722107,0.5869320034980774,0.8215665817260742,-0.05436413362622261,0.8243818283081055,0.5900396108627319,0.6505946516990662,-0.22941485047340393,0.7452557682991028,0.5992082357406616,0.8293060064315796,-0.06427574902772903,0.7926824688911438,0.5969926714897156,0.6744635105133057,-0.2509492337703705,0.6912959218025208,0.6017651557922363,0.8309001326560974,-0.08175955712795258,0.816699743270874,0.6001278758049011,0.679128110408783,-0.2383914291858673,0.6907044649124146,0.5949927568435669,0.8292561173439026,-0.0626014769077301,0.8271346688270569,0.5979063510894775,0.673344612121582,-0.2259124517440796,0.6529703140258789,0.5164858102798462,0.804263710975647,-0.011935757473111153,0.9992694854736328,0.48121801018714905,0.7691154479980469,0.011958487331867218,0.999223530292511,0.512727677822113,0.822650671005249,-0.2636834979057312,0.9699912667274475,0.47021809220314026,0.648468554019928,-0.17215202748775482,0.9413395524024963,0.4553470015525818,0.8359642028808594,-0.1513773798942566,0.7704404592514038,0.45178717374801636,0.8257875442504883,-0.14621485769748688,0.8529936075210571,0.45189589262008667,0.835680365562439,-0.1372746378183365,0.7494816184043884,0.45439353585243225,0.8392202854156494,-0.1428617537021637,0.748508095741272,0.422390878200531,0.8458207249641418,-0.1690559834241867,0.8140115737915039,0.4322175085544586,0.8643767237663269,-0.19772659242153168,0.8594537377357483
77,stand,0.5691874027252197,0.5807806849479675,-0.09678880870342255,0.999924898147583,0.5742262601852417,0.5712149739265442,-0.08295762538909912,0.999962568283081,0.5755215287208557,0.5726981163024902,-0.08295188099145889,0.9999578595161438,0.5765370726585388,0.574226438999176,-0.0829043835401535,0.9999696612358093,0.5690665245056152,0.5657650232315063,-0.0863221064209938,0.9999625086784363,0.5666235685348511,0.563340961933136,-0.08637302368879318,0.9999565482139587,0.5640939474105835,0.5609810948371887,-0.08638107776641846,0.9999507665634155,0.5733538866043091,0.5773386359214783,0.006989696063101292,0.999963641166687,0.5550369024276733,0.5566901564598083,-0.025147434324026108,0.9999333620071411,0.5669501423835754,0.5932472944259644,-0.06661684811115265,0.9999678730964661,0.5606249570846558,0.5908973217010498,-0.07167892158031464,0.999953031539917,0.5743893384933472,0.6495316624641418,0.020420478656888008,0.9997454285621643,0.5184158086776733,0.5814710259437561,-0.04336835443973541,0.9993143677711487,0.5720102787017822,0.7465665340423584,0.0064969779923558235,0.8145950436592102,0.5391658544540405,0.6044434905052185,-0.17478050291538239,0.8516072034835815,0.5868581533432007,0.8187813758850098,-0.04922616109251976,0.8271520137786865,0.5924361348152161,0.644153356552124,-0.25575336813926697,0.7657331228256226,0.5985412001609802,0.8262220025062561,-0.05903960019350052,0.7958968281745911,0.6005502939224243,0.6697825789451599,-0.2778577208518982,0.7124055624008179,0.6011525392532349,0.8274849653244019,-0.07599645107984543,0.8191534876823425,0.6035381555557251,0.674135148525238,-0.26246699690818787,0.7111676335334778,0.5949677228927612,0.8264009952545166,-0.05740221589803696,0.8281072974205017,0.6011523008346558,0.6672452092170715,-0.2507399916648865,0.6736963987350464,0.5161859393119812,0.8041088581085205,-0.0053477161563932896,0.9993287324905396,0.4810715317726135,0.769038736820221,0.005417242180556059,0.9992908835411072,0.5129501819610596,0.8247874975204468,-0.25508975982666016,0.9682120680809021,0.47163596749305725,0.6486680507659912,-0.19830992817878723,0.9399234652519226,0.4558526575565338,0.8358495831489563,-0.15329048037528992,0.7628646492958069,0.45136094093322754,0.825774610042572,-0.1697579175233841,0.8539568781852722,0.45143967866897583,0.8341482281684875,-0.1405566781759262,0.7428777813911438,0.45363038778305054,0.8384956121444702,-0.16648119688034058,0.7513298988342285,0.42373451590538025,0.8452646136283875,-0.1769677847623825,0.8108847737312317,0.4323195517063141,0.8646323084831238,-0.22805047035217285,0.862737238407135
78,stand,0.5723847150802612,0.5806558728218079,-0.08436529338359833,0.9999262094497681,0.5779392123222351,0.5712448358535767,-0.06838322430849075,0.9999626874923706,0.5791684985160828,0.5728119611740112,-0.06837566196918488,0.9999575018882751,0.5802048444747925,0.5744898319244385,-0.06835254281759262,0.9999691247940063,0.5726022124290466,0.5655719041824341,-0.07616662979125977,0.9999627470970154,0.5701678991317749,0.5631749033927917,-0.07622813433408737,0.999957263469696,0.5676777958869934,0.560838520526886,-0.07625240087509155,0.9999508857727051,0.5762499570846558,0.5780124068260193,0.019103843718767166,0.9999631643295288,0.5591142177581787,0.5551060438156128,-0.02400047890841961,0.9999345541000366,0.5693129301071167,0.5932128429412842,-0.052138686180114746,0.9999679327011108,0.5631660223007202,0.5902184247970581,-0.06314460188150406,0.9999545812606812,0.5740211009979248,0.6521695852279663,0.032445602118968964,0.999750018119812,0.5202199220657349,0.577788770198822,-0.03465551882982254,0.9993655681610107,0.5701864361763,0.7464555501937866,0.012215767987072468,0.7948193550109863,0.535137951374054,0.5998281836509705,-0.1638188660144806,0.8618549108505249,0.5856894254684448,0.8170067071914673,-0.04202524572610855,0.8266236782073975,0.5931517481803894,0.6406558752059937,-0.24478158354759216,0.7834697365760803,0.5966617465019226,0.8246164917945862,-0.05049574375152588,0.7961384057998657,0.6023901104927063,0.6672388911247253,-0.26626864075660706,0.7305991053581238,0.599368155002594,0.8260427117347717,-0.07220039516687393,0.8188208341598511,0.604850172996521,0.6706528067588806,-0.25153958797454834,0.7288321852684021,0.5934656858444214,0.8246506452560425,-0.05108705908060074,0.8269243836402893,0.6022683382034302,0.6636914014816284,-0.2399154156446457,0.6917290687561035,0.5158920884132385,0.8030247092247009,-0.003247299464419484,0.9993852376937866,0.48051372170448303,0.7688519954681396,0.003314531873911619,0.9993542432785034,0.5135211944580078,0.8236449360847473,-0.24410398304462433,0.9670113325119019,0.47194886207580566,0.6486307978630066,-0.2047555148601532,0.9403672218322754,0.45620593428611755,0.8336344361305237,-0.1566910296678543,0.7620279788970947,0.4511992037296295,0.8257947564125061,-0.18074049055576324,0.8563977479934692,0.4512997269630432,0.8301352858543396,-0.14475566148757935,0.7417227625846863,0.45319047570228577,0.8385229110717773,-0.17743423581123352,0.756093442440033,0.4243907034397125,0.8438010215759277,-0.18133196234703064,0.8122371435165405,0.4324970245361328,0.8689490556716919,-0.23728306591510773,0.8664469718933105
79,stand,0.5761658549308777,0.5805516839027405,-0.08331462740898132,0.9999298453330994,0.5818195939064026,0.5715717077255249,-0.06626664102077484,0.9999639987945557,0.5830752849578857,0.5733850002288818,-0.06624553352594376,0.9999585747718811,0.5841603875160217,0.5753858685493469,-0.0662272647023201,0.9999695420265198,0.5768605470657349,0.5654281377792358,-0.07511570304632187,0.9999645948410034,0.5746495127677917,0.563118577003479,-0.07517264038324356,0.9999595880508423,0.5722984075546265,0.5602368116378784,-0.07518964260816574,0.9999533295631409,0.5801092386245728,0.5792242288589478,0.02434675768017769,0.9999633431434631,0.564841628074646,0.5525651574134827,-0.021857429295778275,0.9999376535415649,0.572291374206543,0.5931491255760193,-0.049523480236530304,0.9999678134918213,0.5663641691207886,0.588468611240387,-0.062028951942920685,0.9999566674232483,0.5735943913459778,0.6522943377494812,0.04655592516064644,0.9997270703315735,0.5234209299087524,0.5698553919792175,-0.030109558254480362,0.9994120597839355,0.5686435699462891,0.7449700832366943,0.049076542258262634,0.7664376497268677,0.5420845746994019,0.593376874923706,-0.1460866630077362,0.8724414110183716,0.5849261283874512,0.8166143894195557,0.0051187677308917046,0.8205280303955078,0.5924272537231445,0.6389406323432922,-0.22103504836559296,0.8008449673652649,0.5956390500068665,0.8245130181312561,-0.0008604122558608651,0.7897877097129822,0.6025974750518799,0.6656183004379272,-0.24060599505901337,0.748589277267456,0.5981749296188354,0.8259106874465942,-0.016754357144236565,0.8121974468231201,0.6044389009475708,0.6684725880622864,-0.2298983335494995,0.7463710904121399,0.5924458503723145,0.8243427872657776,-0.0022755933459848166,0.8200293183326721,0.6018655300140381,0.6620090007781982,-0.21707868576049805,0.7096805572509766,0.5142685770988464,0.7973894476890564,0.003389596240594983,0.9994286894798279,0.48002153635025024,0.7638244032859802,-0.0033350500743836164,0.9994080662727356,0.5139499306678772,0.8245729207992554,-0.23953218758106232,0.9662870168685913,0.47154146432876587,0.6486275792121887,-0.2244022786617279,0.9434586763381958,0.4557942748069763,0.8318918943405151,-0.1622105985879898,0.7621838450431824,0.45120516419410706,0.8265722393989563,-0.19603107869625092,0.86162269115448,0.45064815878868103,0.8239091038703918,-0.15287670493125916,0.7410774230957031,0.45242857933044434,0.8388316035270691,-0.19144189357757568,0.7644792199134827,0.4259459972381592,0.8397719264030457,-0.19534292817115784,0.8158050775527954,0.44040775299072266,0.8788482546806335,-0.2509176731109619,0.8717050552368164
80,stand,0.5802282094955444,0.5802807807922363,-0.08374308794736862,0.9999321699142456,0.5860426425933838,0.5714126229286194,-0.06765290349721909,0.9999647736549377,0.5873206853866577,0.5732203722000122,-0.06763827055692673,0.999958872795105,0.5884616374969482,0.5751932859420776,-0.06763429939746857,0.9999694228172302,0.5813486576080322,0.5650778412818909,-0.0758189931511879,0.9999657273292542,0.5791774988174438,0.5622535943984985,-0.07588200271129608,0.9999611377716064,0.577061116695404,0.5589025616645813,-0.07589881122112274,0.9999549984931946,0.5849862694740295,0.5789538025856018,0.025030698627233505,0.9999628663063049,0.570503294467926,0.550297737121582,-0.02046731673181057,0.9999393820762634,0.5766057372093201,0.5929156541824341,-0.05063430219888687,0.9999672174453735,0.570435643196106,0.5850846767425537,-0.06281046569347382,0.9999582171440125,0.5739344954490662,0.6520220041275024,0.055435918271541595,0.9996846318244934,0.5279573202133179,0.5640749931335449,-0.03555059805512428,0.9994513392448425,0.5688721537590027,0.7421833276748657,0.04884564131498337,0.7411300539970398,0.5443567037582397,0.5871744155883789,-0.16353455185890198,0.8823791742324829,0.5849902033805847,0.8166499733924866,-0.007458778563886881,0.81514972448349,0.5915643572807312,0.6396331191062927,-0.25179094076156616,0.8173405528068542,0.5956827402114868,0.824558436870575,-0.015118258073925972,0.7845486998558044,0.6005287766456604,0.6668525338172913,-0.2743818163871765,0.7666560411453247,0.5982258915901184,0.8259837627410889,-0.03212833032011986,0.806734561920166,0.6032081842422485,0.6695412993431091,-0.2607315182685852,0.7642346620559692,0.5924530625343323,0.8243647217750549,-0.015506282448768616,0.8137583136558533,0.6006622314453125,0.6632811427116394,-0.24699993431568146,0.7285538911819458,0.5126919746398926,0.7901966571807861,0.010657004080712795,0.999457061290741,0.4794829785823822,0.7564661502838135,-0.010541933588683605,0.9994509220123291,0.5165988802909851,0.8247296810150146,-0.2329343557357788,0.9663006067276001,0.4711155891418457,0.648617148399353,-0.24760441482067108,0.9473847150802612,0.45554906129837036,0.8307294249534607,-0.16394418478012085,0.7639599442481995,0.45142310857772827,0.8276062607765198,-0.2165772020816803,0.8688083291053772,0.4472878575325012,0.8217642307281494,-0.15565122663974762,0.7433407306671143,0.45249444246292114,0.8397403359413147,-0.21160098910331726,0.7767983078956604,0.42569175362586975,0.8398475050926208,-0.1999681442975998,0.8211718201637268,0.4534067213535309,0.8740072250366211,-0.2734989523887634,0.878304123878479
81,stand,0.5862519145011902,0.5801882147789001,-0.08498213440179825,0.99993497133255,0.5918146371841431,0.5715389847755432,-0.06804731488227844,0.9999660849571228,0.5927220582962036,0.5732742547988892,-0.06803567707538605,0.9999600052833557,0.5935917496681213,0.5751372575759888,-0.06802840530872345,0.9999701976776123,0.5880857110023499,0.5650519132614136,-0.07947548478841782,0.9999673366546631,0.5863295793533325,0.5621575117111206,-0.0795280784368515,0.9999630451202393,0.5842728018760681,0.5588735342025757,-0.07951624691486359,0.9999569654464722,0.5893091559410095,0.5780913233757019,0.03127206861972809,0.9999634623527527,0.5768481492996216,0.5494073033332825,-0.03227301687002182,0.9999408721923828,0.5814821124076843,0.5927428603172302,-0.05072382092475891,0.9999665021896362,0.5765417814254761,0.5842198729515076,-0.06756262481212616,0.9999587535858154,0.5738615393638611,0.6482734084129333,0.07188700139522552,0.9996363520622253,0.5321513414382935,0.5593357682228088,-0.055118970572948456,0.9994728565216064,0.568860650062561,0.7374253273010254,0.0705910250544548,0.7173359394073486,0.5454853177070618,0.5858118534088135,-0.20053443312644958,0.8913385272026062,0.5852524638175964,0.8173302412033081,0.0034437705762684345,0.8151572346687317,0.5880211591720581,0.6415456533432007,-0.30954432487487793,0.8327499628067017,0.5961435437202454,0.8255391716957092,-0.0021744754631072283,0.7840593457221985,0.594836413860321,0.6679137945175171,-0.33625325560569763,0.7841635942459106,0.5987163186073303,0.8267591595649719,-0.021836314350366592,0.8062432408332825,0.5978056788444519,0.6699255108833313,-0.32004106044769287,0.7815906405448914,0.5929230451583862,0.82470703125,-0.006206885911524296,0.8117368817329407,0.595748245716095,0.6636698246002197,-0.3044765591621399,0.7466331124305725,0.510503351688385,0.7850022912025452,0.02057535946369171,0.9994644522666931,0.4779927730560303,0.7504758238792419,-0.020451955497264862,0.9994800090789795,0.5194426774978638,0.8269017338752747,-0.21659278869628906,0.9667125344276428,0.469987690448761,0.6487568616867065,-0.27195608615875244,0.9514328241348267,0.4550362229347229,0.8278756141662598,-0.1541665494441986,0.7669669985771179,0.4520164132118225,0.8277114033699036,-0.2468288689851761,0.8779544830322266,0.44412702322006226,0.8195714950561523,-0.14520491659641266,0.7473112344741821,0.4524840712547302,0.8390284180641174,-0.24261054396629333,0.791351854801178,0.4253219962120056,0.8350305557250977,-0.19028326869010925,0.8278279304504395,0.458549439907074,0.8737934827804565,-0.3094003200531006,0.8869450092315674
82,stand,0.5894910097122192,0.5806049108505249,-0.04931939020752907,0.9999372959136963,0.5951942205429077,0.5722301602363586,-0.03206712752580643,0.999967098236084,0.5960351824760437,0.5739642381668091,-0.03206810727715492,0.999961256980896,0.5968378782272339,0.575757622718811,-0.0320616252720356,0.9999712109565735,0.5917600393295288,0.5652654767036438,-0.04706065356731415,0.9999687671661377,0.5902113318443298,0.5621523261070251,-0.04710464924573898,0.9999648928642273,0.5883633494377136,0.5588144659996033,-0.04708653688430786,0.9999586939811707,0.592145562171936,0.5776533484458923,0.05489702150225639,0.9999650120735168,0.5808379054069519,0.5489241480827332,-0.01789752207696438,0.9999433159828186,0.5839861631393433,0.5927164554595947,-0.016583140939474106,0.999966561794281,0.579475998878479,0.5841298699378967,-0.03692833334207535,0.9999601244926453,0.5736735463142395,0.6421612501144409,0.08845292031764984,0.9996185302734375,0.5364617109298706,0.5567957758903503,-0.04478026181459427,0.9995031952857971,0.565245509147644,0.7339010238647461,0.08794847130775452,0.7015939354896545,0.5458399057388306,0.5861437916755676,-0.17970353364944458,0.8999298214912415,0.5850366353988647,0.8172109127044678,0.036527279764413834,0.8083176612854004,0.5838834047317505,0.6425990462303162,-0.2748285233974457,0.8457505702972412,0.5961299538612366,0.8258068561553955,0.03590884804725647,0.7769820690155029,0.5918773412704468,0.6686017513275146,-0.2951655983924866,0.7986432909965515,0.5987109541893005,0.8272182941436768,0.01938682235777378,0.7993248701095581,0.5942574739456177,0.6713935136795044,-0.2806725800037384,0.7959490418434143,0.5928303599357605,0.8248062133789062,0.028583282604813576,0.8035765290260315,0.5919103026390076,0.6648318767547607,-0.2699703574180603,0.762063205242157,0.5041528940200806,0.7765297889709473,0.023215893656015396,0.9994716644287109,0.47486191987991333,0.7399572730064392,-0.023092839866876602,0.9995092153549194,0.5206401944160461,0.8337816596031189,-0.17357750236988068,0.9681100249290466,0.4705805778503418,0.6490280032157898,-0.25586092472076416,0.9554036855697632,0.45351895689964294,0.8174682855606079,-0.1362321525812149,0.7695295214653015,0.45240527391433716,0.8276809453964233,-0.24397924542427063,0.8849281668663025,0.4437459111213684,0.8064486384391785,-0.1284850537776947,0.7475444078445435,0.45102453231811523,0.8378217220306396,-0.2401474416255951,0.8040536642074585,0.4207004904747009,0.8172169327735901,-0.15416301786899567,0.8311172127723694,0.4648106098175049,0.8757119178771973,-0.29224005341529846,0.89388507604599
83,stand,0.5921122431755066,0.5847997069358826,-0.03242143243551254,0.9999408721923828,0.5983908772468567,0.5778930187225342,-0.015672054141759872,0.9999684691429138,0.5989366173744202,0.5795218348503113,-0.015691062435507774,0.9999629855155945,0.5993720293045044,0.581063985824585,-0.0157011691480875,0.9999725818634033,0.5958567261695862,0.5697534680366516,-0.031760718673467636,0.9999702572822571,0.5945872068405151,0.565529465675354,-0.031785376369953156,0.9999668002128601,0.5933367013931274,0.5612605810165405,-0.031761426478624344,0.999960720539093,0.5944881439208984,0.5779288411140442,0.06989942491054535,0.9999667406082153,0.5861784815788269,0.5490199327468872,-0.0059997523203492165,0.9999457001686096,0.585584282875061,0.5942310690879822,0.0005167609197087586,0.9999678134918213,0.582099974155426,0.5851002335548401,-0.021217171102762222,0.9999619722366333,0.5733116865158081,0.6309469938278198,0.10791252553462982,0.9996337890625,0.5409409403800964,0.5531465411186218,-0.03986503556370735,0.9995418787002563,0.5658055543899536,0.7250608801841736,0.10867886245250702,0.7001652717590332,0.5473472476005554,0.5912976861000061,-0.1686638593673706,0.9078866839408875,0.5852668881416321,0.8170613050460815,0.04622149467468262,0.8101354837417603,0.5814664363861084,0.6434094309806824,-0.26693055033683777,0.8577628135681152,0.5962144136428833,0.8261533379554749,0.043753914535045624,0.7795092463493347,0.582834780216217,0.6664929986000061,-0.28960299491882324,0.812796413898468,0.5987700819969177,0.8277126550674438,0.025944137945771217,0.8015532493591309,0.5840300917625427,0.6709426641464233,-0.27874988317489624,0.8103252053260803,0.5929281115531921,0.8248376846313477,0.03760972246527672,0.8049861788749695,0.5829184651374817,0.664142906665802,-0.26373490691185,0.7778072357177734,0.5012933611869812,0.7617626786231995,0.029278269037604332,0.9994800090789795,0.47212105989456177,0.7184105515480042,-0.02913338504731655,0.9995326995849609,0.5211771726608276,0.832385778427124,-0.16216400265693665,0.969745397567749,0.472545862197876,0.649349570274353,-0.2795749306678772,0.9592292308807373,0.44994083046913147,0.8122830986976624,-0.12257109582424164,0.7801254987716675,0.4527962803840637,0.8268047571182251,-0.26701486110687256,0.8931604027748108,0.4406197667121887,0.799332320690155,-0.11526638269424438,0.7591509819030762,0.4508163034915924,0.8328180313110352,-0.26297616958618164,0.8190040588378906,0.41452479362487793,0.823154091835022,-0.13957048952579498,0.8393065929412842,0.4663049578666687,0.878068208694458,-0.3141153156757355,0.9017524123191833
84,stand,0.5952633023262024,0.5915189385414124,-0.031682323664426804,0.999936044216156,0.601442277431488,0.5850298404693604,-0.015282168984413147,0.9999613761901855,0.601683497428894,0.5861629247665405,-0.015328357927501202,0.9999551177024841,0.6018769145011902,0.5871706604957581,-0.01535876840353012,0.9999675750732422,0.6000385880470276,0.5767681002616882,-0.03386383876204491,0.999965488910675,0.5992021560668945,0.5716241002082825,-0.0338858999311924,0.9999622106552124,0.598214328289032,0.5659357905387878,-0.03389153257012367,0.9999557733535767,0.5971160531044006,0.5796816349029541,0.06432457268238068,0.9999566674232483,0.5909765958786011,0.5497621893882751,-0.01675761118531227,0.9999378323554993,0.5866203904151917,0.599593460559845,-0.0009502707980573177,0.9999634027481079,0.5843502283096313,0.5897471904754639,-0.02548985742032528,0.99996018409729,0.572472870349884,0.6266480088233948,0.10768457502126694,0.999623715877533,0.5428305864334106,0.5498211979866028,-0.0651518702507019,0.9995681643486023,0.5652496814727783,0.7241309285163879,0.10985861718654633,0.6824547648429871,0.5504410266876221,0.6239792704582214,-0.1642492115497589,0.9113388657569885,0.5857039093971252,0.8170649409294128,0.05156968906521797,0.7965912222862244,0.5771042704582214,0.7210537195205688,-0.19529294967651367,0.8646111488342285,0.5980985760688782,0.8282069563865662,0.04833749681711197,0.7686367034912109,0.5769595503807068,0.7442222833633423,-0.2187163531780243,0.8206930756568909,0.6000086665153503,0.829683244228363,0.028741884976625443,0.7910269498825073,0.5816341638565063,0.7442809343338013,-0.21073810756206512,0.818423330783844,0.5937976241111755,0.8253458738327026,0.04150225967168808,0.7944301962852478,0.5794214010238647,0.7381904721260071,-0.1923963725566864,0.785219132900238,0.4956835210323334,0.750758707523346,0.03870368376374245,0.9994733333587646,0.46592921018600464,0.7011353969573975,-0.03854720667004585,0.9995373487472534,0.521102786064148,0.8328924179077148,-0.14771905541419983,0.9706597328186035,0.472403347492218,0.6510137915611267,-0.2933635413646698,0.962495744228363,0.44244980812072754,0.7982536554336548,-0.09040475636720657,0.792639434337616,0.45291566848754883,0.8236885070800781,-0.25087636709213257,0.900897741317749,0.4349307119846344,0.7789579033851624,-0.08119703084230423,0.7734188437461853,0.44596895575523376,0.8329716920852661,-0.24405963718891144,0.8330678343772888,0.4094623923301697,0.8254552483558655,-0.10368518531322479,0.8475066423416138,0.4630057215690613,0.8790484666824341,-0.291959285736084,0.9087572693824768
85,stand,0.5992062091827393,0.5954298377037048,-0.04358481615781784,0.999938428401947,0.6049222350120544,0.5893303751945496,-0.025900673121213913,0.9999619722366333,0.6050149202346802,0.5904277563095093,-0.025950362905859947,0.9999560713768005,0.6050904989242554,0.5914527773857117,-0.02599146030843258,0.9999682903289795,0.6040195822715759,0.5811994075775146,-0.043754417449235916,0.9999657273292542,0.6033637523651123,0.5759778618812561,-0.043781980872154236,0.9999623894691467,0.6026683449745178,0.5700744390487671,-0.04378081485629082,0.9999561309814453,0.5996477603912354,0.5819992423057556,0.06210066005587578,0.999957799911499,0.5956601500511169,0.5525475144386292,-0.023006584495306015,0.999937891960144,0.5901867747306824,0.6035503149032593,-0.010061940178275108,0.9999650716781616,0.5890375375747681,0.5919658541679382,-0.03390079364180565,0.999962329864502,0.5724277496337891,0.6284871101379395,0.10978996753692627,0.9996505379676819,0.5447515845298767,0.5409737229347229,-0.056251175701618195,0.9995964765548706,0.5665745735168457,0.725380539894104,0.11885403096675873,0.6981669068336487,0.5357726216316223,0.621534526348114,-0.16054213047027588,0.9148397445678711,0.5862420797348022,0.8170764446258545,0.04776187241077423,0.8086442351341248,0.549282968044281,0.6799134016036987,-0.2475552260875702,0.8733099102973938,0.6005650162696838,0.829227089881897,0.042457468807697296,0.7820044755935669,0.5481052398681641,0.7042677998542786,-0.27564123272895813,0.8323079943656921,0.6007481813430786,0.8306678533554077,0.0205866526812315,0.8032921552658081,0.5525506734848022,0.7066662907600403,-0.27362602949142456,0.8304969072341919,0.5943160653114319,0.8262736797332764,0.037090130150318146,0.8062910437583923,0.5531778335571289,0.7038842439651489,-0.2483246773481369,0.7981438040733337,0.4945548176765442,0.7400022745132446,0.04395582526922226,0.9994852542877197,0.46370959281921387,0.6899619698524475,-0.04375650733709335,0.9995381832122803,0.5203427076339722,0.8324135541915894,-0.14850622415542603,0.9720027446746826,0.47629743814468384,0.6655550599098206,-0.3158729672431946,0.9657328724861145,0.4369359612464905,0.7962316870689392,-0.10490863025188446,0.8061668276786804,0.45382994413375854,0.8238423466682434,-0.27727141976356506,0.9079539775848389,0.42911776900291443,0.774472713470459,-0.09768255054950714,0.7896134853363037,0.4460805356502533,0.8332180380821228,-0.2701706886291504,0.8461130261421204,0.40754708647727966,0.8252428770065308,-0.1247541531920433,0.8566150665283203,0.4661934971809387,0.8832404017448425,-0.3184790015220642,0.9150986075401306
86,stand,0.6001924276351929,0.6015331745147705,-0.027034824714064598,0.999943196773529,0.6063619256019592,0.595869779586792,-0.009210952557623386,0.9999642372131348,0.6064530611038208,0.5970585346221924,-0.009244623593986034,0.9999586343765259,0.6064891219139099,0.5980608463287354,-0.009278020821511745,0.9999701380729675,0.6054896712303162,0.5883177518844604,-0.028745699673891068,0.9999680519104004,0.6047766208648682,0.5838677883148193,-0.02878536283969879,0.9999649524688721,0.6041470766067505,0.5786381363868713,-0.028790408745408058,0.9999592304229736,0.6010186076164246,0.586432158946991,0.07752594351768494,0.99996018409729,0.5980538129806519,0.5592176914215088,-0.01561207789927721,0.9999421834945679,0.5907942652702332,0.6088438630104065,0.005981994327157736,0.9999675154685974,0.5905554890632629,0.5977458357810974,-0.020531343296170235,0.9999654293060303,0.5720027089118958,0.6297302842140198,0.12389875948429108,0.999676525592804,0.5487514138221741,0.5355353951454163,-0.047787170857191086,0.9996333122253418,0.5676824450492859,0.7260172367095947,0.13627871870994568,0.7177724242210388,0.5276151299476624,0.5586727857589722,-0.1590905785560608,0.921410083770752,0.5863632559776306,0.8170573711395264,0.06481103599071503,0.8232638835906982,0.5359078645706177,0.6390721797943115,-0.2736447751522064,0.8842096924781799,0.6007521748542786,0.8302693963050842,0.05909789353609085,0.7972262501716614,0.5329670906066895,0.6668583154678345,-0.30149775743484497,0.8461925983428955,0.6008883714675903,0.8318738341331482,0.038322813808918,0.8172119855880737,0.5391768217086792,0.6710434556007385,-0.29652711749076843,0.8445847034454346,0.594589352607727,0.8277451395988464,0.05440456420183182,0.8198549151420593,0.5404794216156006,0.6656197309494019,-0.2730973958969116,0.8141490817070007,0.4928874969482422,0.731254518032074,0.04421909525990486,0.9994841814041138,0.46419844031333923,0.6826009154319763,-0.04402412846684456,0.9995527267456055,0.5183694958686829,0.8319364190101624,-0.13320140540599823,0.9730218052864075,0.47921285033226013,0.6710864305496216,-0.31744223833084106,0.9687392711639404,0.43329066038131714,0.794048547744751,-0.0957569107413292,0.8175635933876038,0.4536809027194977,0.8268079161643982,-0.30563339591026306,0.9155241847038269,0.42257142066955566,0.7727482914924622,-0.08992024511098862,0.8036154508590698,0.44268521666526794,0.8381947875022888,-0.30210500955581665,0.8589739799499512,0.4044300615787506,0.8252711892127991,-0.12038232386112213,0.8646928668022156,0.46476784348487854,0.8841982483863831,-0.36307111382484436,0.9219551086425781
87,stand,0.5998412370681763,0.6094461679458618,-0.039182811975479126,0.9999445080757141,0.6064300537109375,0.6033517718315125,-0.02190888486802578,0.9999619126319885,0.6065847277641296,0.6045159101486206,-0.02193182334303856,0.9999560117721558,0.6066803336143494,0.6054757237434387,-0.021953051909804344,0.9999675750732422,0.6054506301879883,0.5961718559265137,-0.03015991672873497,0.9999673962593079,0.6049129962921143,0.5916741490364075,-0.030216585844755173,0.9999644160270691,0.6043323278427124,0.5866483449935913,-0.03019731119275093,0.9999593496322632,0.6011439561843872,0.5922501683235168,0.06613374501466751,0.9999564290046692,0.5984108448028564,0.5673917531967163,-0.034814585000276566,0.9999426007270813,0.5907278656959534,0.6156232357025146,-0.005729621276259422,0.9999663829803467,0.5905548930168152,0.605504035949707,-0.029669782146811485,0.9999668598175049,0.5714267492294312,0.6333559155464172,0.10708942264318466,0.999693751335144,0.5541080236434937,0.5393204092979431,-0.06277407705783844,0.9996660351753235,0.5680765509605408,0.7265639305114746,0.12542513012886047,0.7321929931640625,0.5234056711196899,0.5342255234718323,-0.17778967320919037,0.9278953671455383,0.5861049890518188,0.8169168829917908,0.06034507602453232,0.8343737125396729,0.5247851610183716,0.626872181892395,-0.28855952620506287,0.8935791850090027,0.6005184054374695,0.8307488560676575,0.05677170306444168,0.8084077835083008,0.5227000713348389,0.6576826572418213,-0.31630653142929077,0.8576442003250122,0.6003154516220093,0.8326308131217957,0.03641659766435623,0.8275221586227417,0.5286792516708374,0.6620581150054932,-0.30861395597457886,0.8561904430389404,0.5942689180374146,0.828600287437439,0.050208307802677155,0.8298671245574951,0.530124843120575,0.6550201177597046,-0.2868005335330963,0.8270983099937439,0.4904160499572754,0.7147380113601685,0.048328809440135956,0.9994670152664185,0.46366772055625916,0.6703779697418213,-0.04815908521413803,0.9995503425598145,0.5174797773361206,0.8249640464782715,-0.11880075931549072,0.9728631973266602,0.48013240098953247,0.6821867823600769,-0.31938374042510986,0.9712628722190857,0.4292296767234802,0.783265233039856,-0.0854732021689415,0.8271956443786621,0.4543072581291199,0.8269086480140686,-0.2711670696735382,0.9211527705192566,0.41843557357788086,0.7603241205215454,-0.07944967597723007,0.8155294060707092,0.44372859597206116,0.8383981585502625,-0.2645910680294037,0.8689633011817932,0.40393200516700745,0.823911190032959,-0.11200529336929321,0.8710876107215881,0.4664839208126068,0.8844837546348572,-0.32043495774269104,0.9268082976341248
88,stand,0.5998243689537048,0.6166270971298218,-0.06507723033428192,0.9999419450759888,0.6065658926963806,0.6114119291305542,-0.047776538878679276,0.9999558329582214,0.6066164374351501,0.6127959489822388,-0.04782300069928169,0.9999487400054932,0.6066027283668518,0.6139755249023438,-0.04787888377904892,0.9999610781669617,0.6056934595108032,0.6035575270652771,-0.06719914823770523,0.9999645948410034,0.6051472425460815,0.599250853061676,-0.06723538041114807,0.9999610781669617,0.6045898199081421,0.5939130783081055,-0.06723625212907791,0.9999567866325378,0.6011477708816528,0.6011862754821777,0.039744939655065536,0.999947190284729,0.5989281535148621,0.5742658376693726,-0.05897967144846916,0.9999397993087769,0.5910431146621704,0.621371865272522,-0.03171577677130699,0.9999626874923706,0.5907999873161316,0.6116405725479126,-0.060181766748428345,0.9999670386314392,0.5699576139450073,0.6382061243057251,0.0992695540189743,0.9997093081474304,0.5549654364585876,0.5422689914703369,-0.07646892219781876,0.9996934533119202,0.5680793523788452,0.7304582595825195,0.1157248243689537,0.7477349042892456,0.5168127417564392,0.5218892693519592,-0.1811908781528473,0.9329003095626831,0.5860800743103027,0.8169081211090088,0.04792582243680954,0.8430116772651672,0.5122731328010559,0.6190863847732544,-0.293558269739151,0.8986993432044983,0.6005361080169678,0.8307045698165894,0.04344605654478073,0.8166956901550293,0.5094761848449707,0.6517764329910278,-0.32113656401634216,0.8627192974090576,0.6003760695457458,0.8325682878494263,0.023463567718863487,0.835357129573822,0.5164290070533752,0.6566267609596252,-0.31515592336654663,0.8615255355834961,0.5942695140838623,0.8286459445953369,0.03804337605834007,0.8372904062271118,0.516264021396637,0.6485978960990906,-0.29246142506599426,0.8323602080345154,0.48854947090148926,0.7061419486999512,0.0510362908244133,0.9994556903839111,0.4631733000278473,0.6680678725242615,-0.05087276175618172,0.9995502233505249,0.5139994025230408,0.8190923929214478,-0.09339036047458649,0.9692729711532593,0.4768996238708496,0.7028921246528625,-0.3272598087787628,0.9727058410644531,0.42634648084640503,0.7713313698768616,-0.06167174503207207,0.8267053961753845,0.4540553092956543,0.8249639868736267,-0.260203093290329,0.9192221760749817,0.4178730547428131,0.7509400844573975,-0.05598394200205803,0.8187445402145386,0.44378501176834106,0.8368406295776367,-0.26230713725090027,0.8721139430999756,0.4009160101413727,0.7991027235984802,-0.0896066352725029,0.8677473068237305,0.4657171368598938,0.8818236589431763,-0.30076003074645996,0.9244856238365173
89,stand,0.5979951620101929,0.6217244863510132,-0.18956264853477478,0.9999371767044067,0.6045123338699341,0.6186031699180603,-0.17260834574699402,0.9999317526817322,0.6045531630516052,0.6203672289848328,-0.17261536419391632,0.9999215602874756,0.6045476794242859,0.6218580603599548,-0.17267128825187683,0.9999294281005859,0.6039412617683411,0.6094081997871399,-0.1911291778087616,0.9999539256095886,0.6035785675048828,0.6045214533805847,-0.19117727875709534,0.9999507069587708,0.6032107472419739,0.5988278388977051,-0.1911870539188385,0.9999452829360962,0.5995068550109863,0.6105048060417175,-0.07961276173591614,0.9999062418937683,0.5979812741279602,0.5790498852729797,-0.16638709604740143,0.9999308586120605,0.5897261500358582,0.6256749629974365,-0.1533648669719696,0.9999309182167053,0.5890676975250244,0.6157761812210083,-0.17861922085285187,0.9999608397483826,0.568103551864624,0.6427773237228394,0.0049975113943219185,0.9997079968452454,0.5548964142799377,0.5438945293426514,-0.16575975716114044,0.9997177720069885,0.5678133368492126,0.732729434967041,0.050859302282333374,0.764864444732666,0.5119708776473999,0.5126785039901733,-0.23488959670066833,0.9391016364097595,0.5858476161956787,0.8192188739776611,-0.018249768763780594,0.854430615901947,0.501259446144104,0.6177610754966736,-0.31873011589050293,0.9062194228172302,0.6006267666816711,0.8323388695716858,-0.021295791491866112,0.8283883333206177,0.495122492313385,0.6444752812385559,-0.34226787090301514,0.8707533478736877,0.6004880666732788,0.8345969915390015,-0.04489409178495407,0.8463157415390015,0.5032901167869568,0.6519569158554077,-0.33821696043014526,0.8698479533195496,0.5942147970199585,0.8305143713951111,-0.029697472229599953,0.8475147485733032,0.5036384463310242,0.6439107656478882,-0.31731343269348145,0.8414548635482788,0.4875757098197937,0.693554162979126,0.061674125492572784,0.999230682849884,0.4629557132720947,0.6651555299758911,-0.06158099323511124,0.9994613528251648,0.5065988302230835,0.8099409341812134,0.016000811010599136,0.9554023146629333,0.47278451919555664,0.7846755981445312,-0.20704524219036102,0.9747416973114014,0.42976799607276917,0.7547051906585693,0.10860244184732437,0.8131637573242188,0.4443221092224121,0.8162106275558472,-0.06064657121896744,0.9214584231376648,0.42194676399230957,0.7414942979812622,0.11854765564203262,0.8098931908607483,0.43639788031578064,0.808716356754303,-0.04476729780435562,0.8753788471221924,0.4123174548149109,0.7927946448326111,0.11326587200164795,0.851036548614502,0.4586658477783203,0.876943826675415,-0.05935979634523392,0.9225379824638367
90,stand,0.5969778299331665,0.6252654790878296,-0.24248147010803223,0.9999390244483948,0.6031383275985718,0.6216655969619751,-0.23009276390075684,0.9999271631240845,0.6033530831336975,0.6232572197914124,-0.23005366325378418,0.9999141097068787,0.6035424470901489,0.6247193217277527,-0.23009586334228516,0.9999222159385681,0.6020902395248413,0.6132768988609314,-0.246727854013443,0.9999542832374573,0.6015987992286682,0.6083618998527527,-0.24678842723369598,0.9999512434005737,0.6011382937431335,0.602672815322876,-0.24679389595985413,0.9999468922615051,0.5984890460968018,0.6132686138153076,-0.15001365542411804,0.9998882412910461,0.5963427424430847,0.5825479030609131,-0.22759945690631866,0.9999341368675232,0.5892177820205688,0.6284546256065369,-0.20956596732139587,0.9999209642410278,0.587868332862854,0.6188129186630249,-0.23217852413654327,0.9999618530273438,0.5677908658981323,0.6430970430374146,-0.06328509002923965,0.9997183084487915,0.553982138633728,0.5445688962936401,-0.21812577545642853,0.9997445344924927,0.5672513842582703,0.7324074506759644,-0.01568201556801796,0.7807585000991821,0.5068466663360596,0.5064440369606018,-0.27666419744491577,0.9450759887695312,0.5851026177406311,0.8194046020507812,-0.07913781702518463,0.8657345175743103,0.49394577741622925,0.6170371174812317,-0.3424256443977356,0.9146510362625122,0.6000462770462036,0.8322950005531311,-0.0860791951417923,0.839931309223175,0.48614501953125,0.6412926912307739,-0.3667571544647217,0.8809294104576111,0.5999253988265991,0.8347445130348206,-0.10763861238956451,0.8569684624671936,0.49427086114883423,0.6492986679077148,-0.36153876781463623,0.8801575899124146,0.5930803418159485,0.8307406902313232,-0.08997418731451035,0.8574594259262085,0.49613913893699646,0.6427892446517944,-0.34006467461586,0.8533973097801208,0.4885764718055725,0.6838927865028381,0.06174785643815994,0.9990426301956177,0.46315398812294006,0.6606265306472778,-0.06175820156931877,0.9994127154350281,0.48186302185058594,0.7874916195869446,0.13546524941921234,0.9125179648399353,0.46987757086753845,0.794392466545105,-0.037417955696582794,0.9763003587722778,0.42445653676986694,0.7586173415184021,0.2448536902666092,0.7763201594352722,0.43344658613204956,0.806770384311676,0.11268694698810577,0.9197112917900085,0.41273656487464905,0.7453251481056213,0.25635403394699097,0.772986888885498,0.42269420623779297,0.7951812148094177,0.12902314960956573,0.8710927367210388,0.410830557346344,0.7993899583816528,0.2590142488479614,0.8192901015281677,0.44082531332969666,0.858401894569397,0.12634244561195374,0.916307806968689
91,stand,0.5955952405929565,0.6293541193008423,-0.16755661368370056,0.9999438524246216,0.602279543876648,0.6266101598739624,-0.15196025371551514,0.9999310970306396,0.6021491885185242,0.6285120844841003,-0.15194979310035706,0.9999181032180786,0.6019672155380249,0.6302160620689392,-0.15198807418346405,0.9999253749847412,0.6017848253250122,0.6177681684494019,-0.16811980307102203,0.9999575018882751,0.600899875164032,0.612935483455658,-0.1681566834449768,0.9999547004699707,0.6000584363937378,0.6073320508003235,-0.1681525856256485,0.9999508857727051,0.5971550941467285,0.619526743888855,-0.06722324341535568,0.9998927116394043,0.5947137475013733,0.5883926749229431,-0.14231176674365997,0.9999397993087769,0.5873650908470154,0.6322635412216187,-0.13420648872852325,0.9999239444732666,0.5861960053443909,0.6219912767410278,-0.15597286820411682,0.9999648332595825,0.5641877055168152,0.6460440158843994,0.00916525162756443,0.9997401833534241,0.5525906682014465,0.54533851146698,-0.14469942450523376,0.9997690320014954,0.5661609172821045,0.7321081161499023,0.027814578264951706,0.7987269163131714,0.5026087164878845,0.5023939609527588,-0.19069944322109222,0.9504441022872925,0.5840906500816345,0.8193610906600952,-0.057333510369062424,0.877501368522644,0.4868541657924652,0.6097725629806519,-0.21304574608802795,0.9221879839897156,0.5993189811706543,0.8313450217247009,-0.03503953665494919,0.8527339696884155,0.4787135720252991,0.6347433924674988,-0.22507567703723907,0.8898841738700867,0.5993877649307251,0.833173394203186,-0.04664433375000954,0.8684588670730591,0.48662909865379333,0.6431219577789307,-0.2231941968202591,0.8891849517822266,0.5919560790061951,0.8299576640129089,-0.06064591556787491,0.8686261177062988,0.4894196391105652,0.6378893852233887,-0.21030500531196594,0.8641299605369568,0.48271164298057556,0.6809070706367493,0.06042126566171646,0.9990895986557007,0.46315115690231323,0.6501168012619019,-0.060428448021411896,0.9994346499443054,0.47065287828445435,0.7970920205116272,0.033354949206113815,0.8996122479438782,0.47198089957237244,0.7588802576065063,-0.13178357481956482,0.9777016043663025,0.407188355922699,0.7558999061584473,0.08555492013692856,0.766986072063446,0.435005247592926,0.8084847331047058,-0.03333429619669914,0.9220661520957947,0.3925783038139343,0.7350274920463562,0.09160927683115005,0.7703126668930054,0.4229518473148346,0.805698573589325,-0.022259671241044998,0.8757592439651489,0.3946121335029602,0.8016494512557983,0.0865115076303482,0.8084814548492432,0.447080135345459,0.8596747517585754,-0.034693118184804916,0.9154675602912903
92,stand,0.5907089710235596,0.6329766511917114,-0.1432594358921051,0.9999479651451111,0.5977388620376587,0.6308045983314514,-0.1270812451839447,0.9999348521232605,0.5974852442741394,0.6326340436935425,-0.1270802617073059,0.999921977519989,0.5972129106521606,0.6342583298683167,-0.1271185427904129,0.9999284148216248,0.5980334281921387,0.6224337220191956,-0.14256250858306885,0.9999602437019348,0.5976895093917847,0.6179280877113342,-0.14261075854301453,0.9999575614929199,0.5972898602485657,0.6127265095710754,-0.14261069893836975,0.9999542832374573,0.5932183265686035,0.6235781908035278,-0.03998778015375137,0.9998967051506042,0.5937974452972412,0.5940120220184326,-0.11786037683486938,0.999944806098938,0.5824283957481384,0.6354086399078369,-0.1092151403427124,0.9999279975891113,0.5815597176551819,0.6251398921012878,-0.13052842020988464,0.9999676942825317,0.5596079230308533,0.6484070420265198,0.0273471437394619,0.9997615218162537,0.5516877770423889,0.5457245111465454,-0.1251082569360733,0.9997912049293518,0.5639997720718384,0.7312467098236084,0.05846443027257919,0.8138923048973083,0.49983733892440796,0.5045929551124573,-0.16798554360866547,0.9550347924232483,0.5829519033432007,0.8181054592132568,-0.011424634605646133,0.8876830339431763,0.48147648572921753,0.609244704246521,-0.2072145640850067,0.9279664754867554,0.5985599756240845,0.8281893134117126,-0.0025621075183153152,0.8634419441223145,0.47434550523757935,0.6342947483062744,-0.22013764083385468,0.8963756561279297,0.5989707708358765,0.8291831016540527,-0.014989212155342102,0.8779249787330627,0.4833407402038574,0.6395934820175171,-0.2194523811340332,0.8956714272499084,0.5913761854171753,0.8268401026725769,-0.016359558328986168,0.8776111602783203,0.4856933057308197,0.6347773671150208,-0.20528943836688995,0.8715512156486511,0.4747694134712219,0.6762784123420715,0.06044382601976395,0.9991586208343506,0.4569837152957916,0.6405701041221619,-0.06044291704893112,0.9994684457778931,0.464526891708374,0.7928123474121094,0.018090127035975456,0.8950052857398987,0.4819053113460541,0.7348640561103821,-0.15840932726860046,0.9786862134933472,0.3993784785270691,0.7578004002571106,0.05101862549781799,0.7680463194847107,0.45317578315734863,0.8091000318527222,-0.0895221009850502,0.9250931739807129,0.38209742307662964,0.7393926978111267,0.05529100447893143,0.7768571376800537,0.4455708861351013,0.8206822872161865,-0.08150984346866608,0.8814272284507751,0.3854120373725891,0.803576648235321,0.03925754129886627,0.8069117069244385,0.46946239471435547,0.875422477722168,-0.11181105673313141,0.9172158241271973
93,stand,0.5850595831871033,0.6362698674201965,-0.1566956490278244,0.9999495148658752,0.5923654437065125,0.6343177556991577,-0.14446046948432922,0.9999343156814575,0.592265784740448,0.6357992887496948,-0.1444612592458725,0.9999200701713562,0.5921584963798523,0.6371486186981201,-0.1445038616657257,0.9999261498451233,0.592592179775238,0.6264951229095459,-0.1618957817554474,0.9999606013298035,0.5924886465072632,0.6219982504844666,-0.16194115579128265,0.9999579191207886,0.5922656655311584,0.6167160272598267,-0.1619548797607422,0.9999557137489319,0.588962972164154,0.626610279083252,-0.07272298634052277,0.999893844127655,0.5894909501075745,0.5981608033180237,-0.15522882342338562,0.999948263168335,0.5772405862808228,0.6378667950630188,-0.12742739915847778,0.9999294877052307,0.5765947699546814,0.6274085640907288,-0.15125644207000732,0.9999700784683228,0.5573384165763855,0.650551438331604,0.0021653540898114443,0.999779224395752,0.5497936010360718,0.5494014620780945,-0.1597919762134552,0.9998109340667725,0.5625790953636169,0.7324524521827698,0.026926454156637192,0.8296681046485901,0.4963719844818115,0.506286084651947,-0.2184324711561203,0.9593298435211182,0.5829798579216003,0.8168582320213318,-0.0437413826584816,0.8973549008369446,0.4772769510746002,0.6089177131652832,-0.2662166953086853,0.9339537620544434,0.5984759330749512,0.8269624710083008,-0.05017717555165291,0.8736421465873718,0.4695194661617279,0.6343579292297363,-0.2844637334346771,0.9036731123924255,0.5989729762077332,0.828340470790863,-0.06709010899066925,0.8869877457618713,0.4792768359184265,0.6387541890144348,-0.28391703963279724,0.9029967188835144,0.5917936563491821,0.8256113529205322,-0.05325083062052727,0.8865206837654114,0.4816724359989166,0.6337966918945312,-0.2648814916610718,0.8802106380462646,0.4741508960723877,0.6693958044052124,0.06422081589698792,0.9992086887359619,0.4543263018131256,0.6391764879226685,-0.0642331913113594,0.999474048614502,0.47050029039382935,0.7855097651481628,0.062007248401641846,0.8734275698661804,0.48261308670043945,0.7434960007667542,-0.081315778195858,0.9798766374588013,0.3979010283946991,0.7628246545791626,0.12538880109786987,0.7603738903999329,0.4557742476463318,0.815214991569519,-0.011310258880257607,0.9301201701164246,0.3807133734226227,0.7417758703231812,0.13100191950798035,0.7730495929718018,0.4474892020225525,0.8312138319015503,-0.004626440815627575,0.8881622552871704,0.39071783423423767,0.8264315128326416,0.11316130310297012,0.7981472611427307,0.4704817831516266,0.8802897930145264,-0.03161840885877609,0.9209304451942444
94,stand,0.5792679190635681,0.6409448385238647,-0.14441552758216858,0.9999504685401917,0.5866934061050415,0.638752818107605,-0.1295357197523117,0.9999353289604187,0.5867027044296265,0.6399228572845459,-0.1295284628868103,0.9999194741249084,0.5867091417312622,0.6410832405090332,-0.12956273555755615,0.9999252557754517,0.5866297483444214,0.6313063502311707,-0.14752493798732758,0.9999616742134094,0.5865074992179871,0.6265391707420349,-0.14757682383060455,0.9999586939811707,0.5862430930137634,0.6208273768424988,-0.14757534861564636,0.9999575614929199,0.5837482213973999,0.6284875869750977,-0.04947208613157272,0.9998922348022461,0.583152174949646,0.6007044911384583,-0.1289699226617813,0.999951958656311,0.5713664889335632,0.6419156193733215,-0.1116391271352768,0.9999305605888367,0.5707944631576538,0.6317951083183289,-0.13532832264900208,0.9999723434448242,0.5524275302886963,0.651194155216217,0.01846328191459179,0.9997950792312622,0.5443097949028015,0.5537213683128357,-0.13715162873268127,0.9998281598091125,0.5614400506019592,0.7351895570755005,0.02878575399518013,0.8437505960464478,0.49098339676856995,0.5091580152511597,-0.20805685222148895,0.9628738760948181,0.5830539464950562,0.8153616786003113,-0.045414380729198456,0.9064244031906128,0.47477394342422485,0.6102877855300903,-0.27894508838653564,0.9383696913719177,0.5981083512306213,0.8252934813499451,-0.05367160588502884,0.8836655616760254,0.46703630685806274,0.6354886889457703,-0.29894179105758667,0.9086743593215942,0.5987467765808105,0.8265505433082581,-0.06836508214473724,0.8958538770675659,0.476156622171402,0.6402181386947632,-0.29572442173957825,0.9079837799072266,0.5918366312980652,0.8237001895904541,-0.054210107773542404,0.8951017260551453,0.478879451751709,0.6345566511154175,-0.2771952748298645,0.8860109448432922,0.46293386816978455,0.6668238043785095,0.06316657364368439,0.9992678165435791,0.4466981887817383,0.6323893666267395,-0.06319734454154968,0.9994937181472778,0.4545719623565674,0.7793464064598083,0.048514384776353836,0.8634795546531677,0.4825044274330139,0.7330968976020813,-0.10623302310705185,0.9803187251091003,0.3871886134147644,0.7647957801818848,0.09700627624988556,0.7546504735946655,0.45496445894241333,0.826696515083313,-0.0513899102807045,0.9334975481033325,0.37074917554855347,0.7527101039886475,0.10117776691913605,0.772222638130188,0.43822890520095825,0.8416537642478943,-0.0465376190841198,0.893032431602478,0.38323044776916504,0.8242689967155457,0.07739094644784927,0.7916285395622253,0.47158002853393555,0.8798953294754028,-0.08345998823642731,0.9233434796333313
95,stand,0.5743540525436401,0.6466107964515686,-0.07516203820705414,0.9999515414237976,0.581828773021698,0.6441251635551453,-0.05935971066355705,0.9999361634254456,0.5819371938705444,0.6448342800140381,-0.05938655138015747,0.9999194145202637,0.5820404887199402,0.6454285383224487,-0.05941486358642578,0.9999242424964905,0.581396222114563,0.6377770304679871,-0.07901009172201157,0.9999628067016602,0.581173837184906,0.633460521697998,-0.07904281467199326,0.9999597668647766,0.5808266401290894,0.6281023025512695,-0.07907005399465561,0.9999593496322632,0.5793500542640686,0.6305395364761353,0.01564703695476055,0.9998907446861267,0.5776257514953613,0.6061303615570068,-0.07597925513982773,0.9999554753303528,0.5664557218551636,0.6474222540855408,-0.04566439986228943,0.9999316334724426,0.5659887194633484,0.6389426589012146,-0.07231692969799042,0.9999743103981018,0.5487176775932312,0.6535325646400452,0.07715844362974167,0.9998077750205994,0.5402535200119019,0.5584786534309387,-0.09972256422042847,0.9998432397842407,0.5579146146774292,0.7351023554801941,0.08503339439630508,0.8547433614730835,0.4844393730163574,0.5131717324256897,-0.1811530441045761,0.9657787680625916,0.5824822187423706,0.8142982721328735,0.016842510551214218,0.9144630432128906,0.4699335992336273,0.6127406358718872,-0.25503093004226685,0.9423690438270569,0.596892237663269,0.8238705396652222,0.010851048864424229,0.892653226852417,0.4620279371738434,0.6375959515571594,-0.2728883624076843,0.9137940406799316,0.5977993607521057,0.8253049850463867,-0.003938866779208183,0.903770387172699,0.4706001877784729,0.6426883339881897,-0.27013903856277466,0.9130921363830566,0.5911881923675537,0.8220810890197754,0.007938871160149574,0.9027040004730225,0.47346219420433044,0.6366940140724182,-0.25308114290237427,0.8918966054916382,0.45258110761642456,0.6678165197372437,0.06910501420497894,0.9993277192115784,0.4394175410270691,0.6257873773574829,-0.06914331018924713,0.9995171427726746,0.4472501873970032,0.7761655449867249,0.05643942207098007,0.8632648587226868,0.4828106462955475,0.7196239233016968,-0.12930342555046082,0.9812551140785217,0.37841546535491943,0.7685374617576599,0.08867835253477097,0.7626832723617554,0.4581333100795746,0.8262019753456116,-0.0770721584558487,0.9380456209182739,0.3606817126274109,0.7624611854553223,0.09094222635030746,0.7826128005981445,0.4383736550807953,0.8425541520118713,-0.06416966021060944,0.9001855254173279,0.3825996220111847,0.8317575454711914,0.06694134324789047,0.798057496547699,0.4727054238319397,0.879822313785553,-0.09900645166635513,0.9281584024429321
96,stand,0.5689303874969482,0.6507523655891418,-0.08044181764125824,0.9999548196792603,0.5765172839164734,0.6471039056777954,-0.06512255221605301,0.9999400973320007,0.5768266916275024,0.6478865146636963,-0.06515460461378098,0.9999240636825562,0.5771183967590332,0.6485075950622559,-0.06518573313951492,0.9999280571937561,0.5755621194839478,0.6405121088027954,-0.08528022468090057,0.9999653697013855,0.5751141905784607,0.6359065771102905,-0.085307277739048,0.9999625086784363,0.5746079683303833,0.6306711435317993,-0.08532527089118958,0.9999622702598572,0.5745850801467896,0.6331350803375244,0.01084985863417387,0.9998970627784729,0.571479856967926,0.610248327255249,-0.08277115225791931,0.9999595284461975,0.5611359477043152,0.6521645188331604,-0.0499730184674263,0.9999356865882874,0.5605911612510681,0.6442269086837769,-0.07732599973678589,0.9999765157699585,0.544001042842865,0.6542126536369324,0.08135427534580231,0.9998233318328857,0.5337555408477783,0.5654112696647644,-0.10448962450027466,0.999857485294342,0.557944655418396,0.735247790813446,0.08931000530719757,0.8658728003501892,0.4780237674713135,0.5152658224105835,-0.1967221349477768,0.9682844281196594,0.5825531482696533,0.8135114312171936,0.013667866587638855,0.9222589731216431,0.4643710255622864,0.6141032576560974,-0.28476428985595703,0.9457255005836487,0.5969304442405701,0.8236647844314575,0.007136888802051544,0.9017098546028137,0.45669955015182495,0.6388312578201294,-0.3067658841609955,0.9178124070167542,0.5978513956069946,0.8246813416481018,-0.008039679378271103,0.9118030071258545,0.46649980545043945,0.6435381770133972,-0.30090463161468506,0.9170950651168823,0.5912555456161499,0.8209967017173767,0.00446233619004488,0.9105406403541565,0.4690292775630951,0.6378391981124878,-0.2821231484413147,0.8964522480964661,0.4393211901187897,0.660173237323761,0.07279911637306213,0.9993883371353149,0.4312172830104828,0.6194897890090942,-0.07285496592521667,0.9995529055595398,0.44397562742233276,0.7713488340377808,0.13112285733222961,0.8658769130706787,0.4852089285850525,0.7127960920333862,-0.11308141052722931,0.9827606081962585,0.3695541322231293,0.7907854914665222,0.19461356103420258,0.7764674425125122,0.45630112290382385,0.8259871006011963,-0.06515559554100037,0.9430553913116455,0.3553233742713928,0.7717044353485107,0.19966550171375275,0.7950320243835449,0.4374457895755768,0.8399850726127625,-0.059716951102018356,0.907508373260498,0.3821874260902405,0.8362846374511719,0.18200506269931793,0.8098061680793762,0.47267946600914,0.8799769878387451,-0.0902920514345169,0.9336529970169067
97,stand,0.5630818605422974,0.6534553170204163,-0.08094038814306259,0.9999568462371826,0.5705080628395081,0.6495364904403687,-0.06501797586679459,0.9999433159828186,0.5707865953445435,0.6504936218261719,-0.06505398452281952,0.9999275207519531,0.5710350275039673,0.6512648463249207,-0.06509429961442947,0.9999308586120605,0.5695053339004517,0.6422675251960754,-0.08634981513023376,0.9999673962593079,0.5689905881881714,0.6375485062599182,-0.08637648820877075,0.9999644160270691,0.5683943033218384,0.6318756341934204,-0.08637892454862595,0.9999645352363586,0.5682772397994995,0.636221170425415,0.01342771016061306,0.9999016523361206,0.5658349394798279,0.6132967472076416,-0.08552169799804688,0.9999629259109497,0.5549572706222534,0.6545267105102539,-0.049649495631456375,0.9999388456344604,0.5544756054878235,0.6464068293571472,-0.07849323749542236,0.9999783635139465,0.5380070209503174,0.6527965068817139,0.08818145096302032,0.9998300671577454,0.5283214449882507,0.5674141645431519,-0.10467072576284409,0.9998668432235718,0.5560137033462524,0.7351011633872986,0.09754790365695953,0.8723023533821106,0.4730004370212555,0.5166124105453491,-0.2025803029537201,0.9685733318328857,0.5819483995437622,0.8129156231880188,0.028421957045793533,0.9281328320503235,0.46031779050827026,0.6147674918174744,-0.2829919755458832,0.9453436732292175,0.5969493985176086,0.8238003849983215,0.02244168147444725,0.9081504940986633,0.4540335237979889,0.640500009059906,-0.30494797229766846,0.917535662651062,0.5978634357452393,0.8246086835861206,0.005769849754869938,0.9173442721366882,0.46448931097984314,0.6450052261352539,-0.2995351552963257,0.9168263077735901,0.5912266373634338,0.8208989500999451,0.01845909282565117,0.9157860279083252,0.46700677275657654,0.6397110819816589,-0.2804552912712097,0.8960976004600525,0.4264817237854004,0.6464006900787354,0.08066067844629288,0.9994421601295471,0.4208456873893738,0.6067800521850586,-0.08071578294038773,0.9995818734169006,0.4458174705505371,0.7631915807723999,0.1404632180929184,0.8669746518135071,0.4837774336338043,0.6780804395675659,-0.13466431200504303,0.9840070605278015,0.3713511824607849,0.7877780199050903,0.19761250913143158,0.7895155549049377,0.4574321210384369,0.8256666660308838,-0.10266232490539551,0.9477983117103577,0.35413533449172974,0.789854884147644,0.2020484209060669,0.8066216111183167,0.43771252036094666,0.8434950709342957,-0.10049159824848175,0.914810061454773,0.3794694244861603,0.8364595174789429,0.18253642320632935,0.820662260055542,0.4731594920158386,0.8813496828079224,-0.13623155653476715,0.938826322555542
98,stand,0.558023989200592,0.6534810066223145,-0.10395294427871704,0.9999603033065796,0.5653084516525269,0.6495298743247986,-0.08899586647748947,0.9999479055404663,0.5657856464385986,0.6510916948318481,-0.08906978368759155,0.9999331831932068,0.5662795305252075,0.6524600982666016,-0.08913467824459076,0.9999356865882874,0.5639063119888306,0.6411088705062866,-0.10671184211969376,0.9999701380729675,0.5632421374320984,0.635966420173645,-0.1067403107881546,0.9999673962593079,0.5626394748687744,0.6304038166999817,-0.10673347860574722,0.9999675750732422,0.5640624165534973,0.6400812268257141,-0.0037476730067282915,0.9999083280563354,0.5603152513504028,0.613645613193512,-0.08880999684333801,0.9999665021896362,0.5502079725265503,0.6562584638595581,-0.06845641881227493,0.9999430179595947,0.5490585565567017,0.6470487117767334,-0.09292928129434586,0.9999802708625793,0.5378520488739014,0.6541405320167542,0.07125043869018555,0.9998414516448975,0.5225208401679993,0.5712317824363708,-0.10815130174160004,0.9998787045478821,0.5550717115402222,0.7407820820808411,0.09054640680551529,0.8781593441963196,0.46759629249572754,0.5175946354866028,-0.21066007018089294,0.9677672982215881,0.5820470452308655,0.8135554790496826,0.017006833106279373,0.9329855442047119,0.4581204950809479,0.6149506568908691,-0.30593714118003845,0.9425646662712097,0.5979730486869812,0.8262792825698853,0.006961207836866379,0.913040280342102,0.45226940512657166,0.6433271169662476,-0.3295496106147766,0.9122567176818848,0.5986050367355347,0.8264155983924866,-0.000637938966974616,0.9215104579925537,0.4618713855743408,0.6479709148406982,-0.3244951069355011,0.9117560982704163,0.5922201871871948,0.8224421739578247,0.009341275319457054,0.9195707440376282,0.4653177261352539,0.6429077386856079,-0.30379170179367065,0.8904544115066528,0.4246305823326111,0.64690762758255,0.07602192461490631,0.9994964599609375,0.4165762960910797,0.603427529335022,-0.07611756026744843,0.9996222853660583,0.4336346685886383,0.7567219138145447,0.2006063461303711,0.8663268089294434,0.48484525084495544,0.685923159122467,-0.16495905816555023,0.9853579998016357,0.3678000569343567,0.786800742149353,0.2988172173500061,0.8031975626945496,0.45778757333755493,0.8252730369567871,-0.11011262983083725,0.9512878656387329,0.35104799270629883,0.7827768921852112,0.3079635202884674,0.8181284666061401,0.4479302763938904,0.8373770713806152,-0.10328308492898941,0.9201231002807617,0.37994998693466187,0.8382548689842224,0.29557162523269653,0.8324355483055115,0.47607582807540894,0.8822665810585022,-0.13165400922298431,0.9428073763847351
99,stand,0.5529577732086182,0.6549352407455444,-0.10100535303354263,0.9999639987945557,0.5602728128433228,0.6501606702804565,-0.08488665521144867,0.9999526739120483,0.5606661438941956,0.6516331434249878,-0.08493169397115707,0.9999392032623291,0.5610852837562561,0.6530230045318604,-0.08497641235589981,0.9999412894248962,0.5588845014572144,0.6410423517227173,-0.10407756268978119,0.999972939491272,0.5582548379898071,0.6358716487884521,-0.104112908244133,0.9999704360961914,0.5576488971710205,0.6305413842201233,-0.1041082888841629,0.9999706149101257,0.5590658783912659,0.6405714750289917,-0.0008744952501729131,0.9999162554740906,0.5550573468208313,0.6142224073410034,-0.0908268466591835,0.9999697804450989,0.5450844168663025,0.6580164432525635,-0.06698312610387802,0.9999478459358215,0.5438634753227234,0.6486080884933472,-0.09314458072185516,0.9999821186065674,0.5291973352432251,0.6538706421852112,0.08272059261798859,0.999851644039154,0.5161665081977844,0.5734230279922485,-0.11086060106754303,0.9998895525932312,0.5546150207519531,0.741960883140564,0.10183961689472198,0.8812490701675415,0.46381598711013794,0.5164018273353577,-0.22471725940704346,0.966300904750824,0.5821230411529541,0.8139715194702148,0.03802987188100815,0.9362490177154541,0.4572528302669525,0.6148205995559692,-0.3276160955429077,0.9389383792877197,0.5986328721046448,0.8262763023376465,0.031682088971138,0.9154143333435059,0.45331916213035583,0.643132209777832,-0.3533385396003723,0.9061695337295532,0.5987399220466614,0.8264634609222412,0.016118045896291733,0.923435389995575,0.46215248107910156,0.6480991840362549,-0.34817495942115784,0.9057920575141907,0.5922559499740601,0.8226279616355896,0.02810628153383732,0.9213908314704895,0.46503034234046936,0.6428718566894531,-0.3256801664829254,0.8833314776420593,0.41140931844711304,0.6357825994491577,0.07851405441761017,0.9995458722114563,0.4123014509677887,0.6042641401290894,-0.0786704272031784,0.9996591806411743,0.42868828773498535,0.7456187009811401,0.24577517807483673,0.8675722479820251,0.48862090706825256,0.688232958316803,-0.14892151951789856,0.9865961670875549,0.36690136790275574,0.7856252193450928,0.38390758633613586,0.8175056576728821,0.4678815007209778,0.8232582807540894,-0.08076886832714081,0.9546092748641968,0.3503280580043793,0.7829230427742004,0.3969457447528839,0.8300599455833435,0.45391416549682617,0.8368648290634155,-0.0725063905119896,0.9244374632835388,0.37843358516693115,0.8379140496253967,0.38660067319869995,0.8450107574462891,0.48038429021835327,0.8820626735687256,-0.09625441581010818,0.9467818140983582
100,stand,0.5474210381507874,0.6560919284820557,-0.1003289595246315,0.9999672770500183,0.5551171898841858,0.6498956680297852,-0.08310352265834808,0.9999570250511169,0.5555678606033325,0.6510597467422485,-0.08315066993236542,0.9999447464942932,0.5560237765312195,0.6521388292312622,-0.08318968117237091,0.9999463558197021,0.5534952878952026,0.6410568952560425,-0.10253765434026718,0.9999755024909973,0.5527980327606201,0.6360777020454407,-0.10257510840892792,0.9999731779098511,0.5521004796028137,0.6309449672698975,-0.10256113857030869,0.9999733567237854,0.5531076192855835,0.6383443474769592,0.002196683781221509,0.9999232292175293,0.5487580299377441,0.6133500933647156,-0.08926473557949066,0.9999727606773376,0.5393016338348389,0.6585855484008789,-0.06671275943517685,0.9999516606330872,0.5381171703338623,0.6492272019386292,-0.09317381680011749,0.9999837279319763,0.5262899994850159,0.6574216485023499,0.07918398827314377,0.9998602271080017,0.5089267492294312,0.5714406371116638,-0.11087293922901154,0.9998988509178162,0.5547240972518921,0.7433232665061951,0.08498821407556534,0.8844901919364929,0.45788922905921936,0.5129909515380859,-0.23040679097175598,0.963866651058197,0.5821510553359985,0.8145179748535156,0.004222215618938208,0.9398632645606995,0.4572371542453766,0.615147054195404,-0.3519219160079956,0.9364141225814819,0.5989000797271729,0.8267263770103455,-0.002248914912343025,0.9192274212837219,0.4532642364501953,0.6433019638061523,-0.3793641924858093,0.9030706286430359,0.5988417863845825,0.827046275138855,-0.016752388328313828,0.9265912175178528,0.4620848596096039,0.6483326554298401,-0.36990439891815186,0.9022687077522278,0.5923643708229065,0.8235881328582764,-0.005524815525859594,0.9242501854896545,0.4645487666130066,0.643028199672699,-0.3485291004180908,0.8774663805961609,0.40591949224472046,0.6424808502197266,0.07714588940143585,0.999590277671814,0.4070391058921814,0.5966153144836426,-0.07722630351781845,0.9996924996376038,0.41536635160446167,0.7527837753295898,0.20761755108833313,0.8707115650177002,0.47855344414711,0.649122416973114,-0.2386196106672287,0.9877321124076843,0.3593042492866516,0.787701427936554,0.3005312383174896,0.8305679559707642,0.4696195721626282,0.815610408782959,-0.2165398895740509,0.9573507308959961,0.34337490797042847,0.7850423455238342,0.3084779679775238,0.842066764831543,0.4533652365207672,0.825893759727478,-0.21275925636291504,0.9284060001373291,0.3768118619918823,0.8417168259620667,0.2907561957836151,0.8566617369651794,0.4963754713535309,0.8728700280189514,-0.2501271069049835,0.9505285620689392
101,stand,0.5442993640899658,0.6547008752822876,-0.14238211512565613,0.9999701380729675,0.5518161058425903,0.648072361946106,-0.12640200555324554,0.9999607801437378,0.5522887706756592,0.6491576433181763,-0.1264437586069107,0.99994957447052,0.5528008341789246,0.6501362919807434,-0.12649224698543549,0.9999507069587708,0.5500991940498352,0.6392452120780945,-0.14502772688865662,0.999977707862854,0.5494376420974731,0.6341318488121033,-0.1450793296098709,0.9999755620956421,0.5488325357437134,0.6288126111030579,-0.14506635069847107,0.9999757409095764,0.5500353574752808,0.636332094669342,-0.03903218358755112,0.9999290108680725,0.5452163815498352,0.6110615730285645,-0.1268165409564972,0.9999753832817078,0.5363366603851318,0.657097578048706,-0.1071837767958641,0.9999548196792603,0.5346558690071106,0.6470658183097839,-0.13263635337352753,0.9999851584434509,0.5270521640777588,0.656869113445282,0.05301855877041817,0.9998679161071777,0.5044015049934387,0.5708739161491394,-0.1394636034965515,0.9999075531959534,0.5534132719039917,0.7426623106002808,0.05728984996676445,0.8867105841636658,0.4514198899269104,0.5111629366874695,-0.24705572426319122,0.9637779593467712,0.5822058320045471,0.8159312009811401,-0.022500235587358475,0.943043053150177,0.45512184500694275,0.6149068474769592,-0.3553636968135834,0.9373344779014587,0.5989340543746948,0.8268560767173767,-0.02924962341785431,0.9226542115211487,0.4513736665248871,0.6433678865432739,-0.3831086754798889,0.903521716594696,0.5988916158676147,0.8276067972183228,-0.04508805647492409,0.9294937252998352,0.460636705160141,0.6482549905776978,-0.3736637234687805,0.9025739431381226,0.5924599170684814,0.8249375224113464,-0.03229566663503647,0.9269247651100159,0.4623664319515228,0.6430676579475403,-0.35155826807022095,0.8764546513557434,0.40874186158180237,0.6426379680633545,0.07674042135477066,0.9996296763420105,0.4025038778781891,0.5911421179771423,-0.07680610567331314,0.9997223615646362,0.4218112826347351,0.7452154159545898,0.22234919667243958,0.8758640289306641,0.479785293340683,0.6614173650741577,-0.23360797762870789,0.9888218641281128,0.36122041940689087,0.7869566082954407,0.3348199725151062,0.8442173600196838,0.46720951795578003,0.8142991065979004,-0.1863892525434494,0.9602643251419067,0.34491071105003357,0.7881284952163696,0.3447635769844055,0.8535022735595703,0.45280271768569946,0.8279315233230591,-0.17997118830680847,0.9320843815803528,0.379222571849823,0.8422971963882446,0.3273228108882904,0.8680583834648132,0.48810940980911255,0.8750626444816589,-0.2147868424654007,0.9541128277778625
102,stand,0.5399711728096008,0.6526369452476501,-0.1415664553642273,0.9999726414680481,0.548383355140686,0.6472612023353577,-0.12635838985443115,0.99996417760849,0.5490020513534546,0.6486077308654785,-0.12639884650707245,0.9999538660049438,0.5496252775192261,0.6499684453010559,-0.12645074725151062,0.9999545812606812,0.5464847087860107,0.6391347050666809,-0.1445266455411911,0.9999796748161316,0.5457635521888733,0.6329180598258972,-0.14457084238529205,0.999977707862854,0.5450326204299927,0.6261779069900513,-0.14455367624759674,0.9999778866767883,0.5470609068870544,0.635913074016571,-0.03976735472679138,0.9999342560768127,0.5408676862716675,0.6047013401985168,-0.12509366869926453,0.9999777674674988,0.5321522951126099,0.6551549434661865,-0.10639891773462296,0.9999573826789856,0.5305454134941101,0.6454395055770874,-0.13108083605766296,0.9999862909317017,0.5253108739852905,0.6521061658859253,0.05347511172294617,0.9998737573623657,0.5024154186248779,0.5705744624137878,-0.13822083175182343,0.9999147057533264,0.5506186485290527,0.7383187413215637,0.05802670866250992,0.8864342570304871,0.4462382197380066,0.5105903744697571,-0.24171805381774902,0.9622698426246643,0.5826312303543091,0.81548011302948,-0.020322058349847794,0.9456714391708374,0.45328769087791443,0.6150882840156555,-0.3440294563770294,0.9379628896713257,0.599340558052063,0.8268605470657349,-0.026398103684186935,0.9255947470664978,0.4498884081840515,0.643458902835846,-0.3697459399700165,0.9039787650108337,0.5992810130119324,0.8276312351226807,-0.04137922078371048,0.9319853782653809,0.4587936997413635,0.6483670473098755,-0.36151885986328125,0.9029871821403503,0.592708945274353,0.8249483704566956,-0.02974608913064003,0.9292919039726257,0.46026721596717834,0.6431464552879333,-0.34049123525619507,0.8762102723121643,0.40708106756210327,0.6399211883544922,0.07662544399499893,0.9996649026870728,0.3974158465862274,0.5858079791069031,-0.07671768218278885,0.9997488856315613,0.4320380687713623,0.7463433742523193,0.20932212471961975,0.8774331212043762,0.48333078622817993,0.6545557379722595,-0.22785842418670654,0.9897066354751587,0.36554548144340515,0.7863051295280457,0.30409908294677734,0.8540217280387878,0.46529048681259155,0.8055020570755005,-0.1602506935596466,0.961041271686554,0.3478460907936096,0.7896212339401245,0.3129348158836365,0.8616020083427429,0.4514928460121155,0.8234243392944336,-0.15122970938682556,0.932765543460846,0.3805101811885834,0.8447009325027466,0.30372825264930725,0.8761261105537415,0.4849599003791809,0.8744534850120544,-0.17788679897785187,0.9553277492523193
103,stand,0.5372387766838074,0.64780193567276,-0.15399260818958282,0.9999745488166809,0.5457759499549866,0.639052152633667,-0.1396569460630417,0.9999668598175049,0.5465444922447205,0.639602541923523,-0.13970962166786194,0.9999573230743408,0.5473178625106812,0.6401656866073608,-0.13977769017219543,0.9999576210975647,0.5435776114463806,0.631554126739502,-0.1604180634021759,0.9999812841415405,0.5426675081253052,0.6253255009651184,-0.16046972572803497,0.9999794363975525,0.5418163537979126,0.6187848448753357,-0.1604575514793396,0.9999796152114868,0.543889045715332,0.6252664923667908,-0.05727201700210571,0.9999383687973022,0.5362542867660522,0.5960822701454163,-0.15428461134433746,0.9999798536300659,0.5298976898193359,0.6509702801704407,-0.11993153393268585,0.9999583959579468,0.5280174016952515,0.642183244228363,-0.14794784784317017,0.999987006187439,0.5239285230636597,0.6373462677001953,0.03400809317827225,0.9998740553855896,0.49799585342407227,0.5692558288574219,-0.17019762098789215,0.9999185800552368,0.5494426488876343,0.7259708046913147,0.041191358119249344,0.8789804577827454,0.4405580163002014,0.5114675760269165,-0.2866669297218323,0.9570512175559998,0.5833392143249512,0.8102120161056519,-0.035661615431308746,0.9464292526245117,0.45082491636276245,0.6152094602584839,-0.39924389123916626,0.9350724220275879,0.5996593832969666,0.8262353539466858,-0.04295836389064789,0.9266499280929565,0.44779056310653687,0.6434858441352844,-0.4302109181880951,0.9009523987770081,0.5996413230895996,0.8275652527809143,-0.06181083247065544,0.9328592419624329,0.45659470558166504,0.64845210313797,-0.42099088430404663,0.8997790217399597,0.5930103063583374,0.8239619135856628,-0.046896349638700485,0.9300299882888794,0.4577815532684326,0.6431868076324463,-0.39614924788475037,0.870797872543335,0.4069232940673828,0.630808413028717,0.07789784669876099,0.9996958374977112,0.39475584030151367,0.5823781490325928,-0.07799413800239563,0.9997724294662476,0.4308657646179199,0.7348501682281494,0.2209225445985794,0.8765495419502258,0.4832537770271301,0.6493459939956665,-0.24325335025787354,0.990476131439209,0.3652542531490326,0.7859774231910706,0.3387046456336975,0.8621204495429993,0.4566608965396881,0.8065366744995117,-0.17123106122016907,0.96201092004776,0.3452301621437073,0.7922977805137634,0.3491853177547455,0.8671268820762634,0.45133668184280396,0.8195812702178955,-0.1621420830488205,0.9333592653274536,0.38094133138656616,0.8441686034202576,0.33615902066230774,0.8825126886367798,0.4830489158630371,0.874241828918457,-0.18951283395290375,0.956590473651886
104,stand,0.5345340967178345,0.6294703483581543,-0.2251558005809784,0.9999751448631287,0.5438278913497925,0.6224420070648193,-0.21451374888420105,0.9999686479568481,0.5448359251022339,0.6235082745552063,-0.21456782519817352,0.999959409236908,0.545866072177887,0.624492883682251,-0.21467237174510956,0.9999597072601318,0.540976345539093,0.6136437058448792,-0.23461492359638214,0.9999822974205017,0.5398125648498535,0.6076022386550903,-0.2346828281879425,0.9999802708625793,0.5387216806411743,0.6015176773071289,-0.2346753627061844,0.9999807476997375,0.543204128742218,0.6114675998687744,-0.1382683962583542,0.9999421834945679,0.532204806804657,0.5801893472671509,-0.23101064562797546,0.9999814629554749,0.5271815061569214,0.6338252425193787,-0.19233953952789307,0.9999593496322632,0.5251452326774597,0.6240940690040588,-0.2192274034023285,0.9999872446060181,0.5236807465553284,0.6191751956939697,-0.04776092618703842,0.999847412109375,0.49398303031921387,0.5552091002464294,-0.23911865055561066,0.9999061822891235,0.5467509031295776,0.7119265794754028,-0.0443146675825119,0.874643862247467,0.43519967794418335,0.5120235681533813,-0.3611968159675598,0.9560087323188782,0.5841352939605713,0.8030070066452026,-0.11997382342815399,0.9468687772750854,0.4497218728065491,0.6153231859207153,-0.48489803075790405,0.9342375993728638,0.6001238226890564,0.8238137364387512,-0.12959377467632294,0.927485466003418,0.44702282547950745,0.6435537338256836,-0.5232260823249817,0.8992165327072144,0.600156843662262,0.8266575336456299,-0.1527671217918396,0.9335924386978149,0.4560697078704834,0.6481212377548218,-0.5143401026725769,0.8980384469032288,0.5935206413269043,0.8216592669487,-0.1326468586921692,0.9305793046951294,0.45725345611572266,0.6426734328269958,-0.48378053307533264,0.8684991598129272,0.4117271304130554,0.6151667237281799,0.07678984105587006,0.9996998906135559,0.39162200689315796,0.5755674839019775,-0.07687391340732574,0.9997685551643372,0.43481725454330444,0.7212659120559692,0.14521944522857666,0.8653508424758911,0.476900190114975,0.6550986170768738,-0.21912133693695068,0.9905250668525696,0.36835795640945435,0.7912184596061707,0.21119460463523865,0.85775226354599,0.44597142934799194,0.8071920871734619,-0.09569580852985382,0.9581305384635925,0.3483651280403137,0.7901620864868164,0.21599996089935303,0.8609887957572937,0.43499332666397095,0.8208040595054626,-0.08133193850517273,0.9296035170555115,0.38270872831344604,0.8434488773345947,0.1980971097946167,0.8756444454193115,0.48218631744384766,0.8792816996574402,-0.09408612549304962,0.9502252340316772
105,stand,0.530533492565155,0.61266028881073,-0.3008978068828583,0.9999734163284302,0.5405687093734741,0.6068964600563049,-0.29217857122421265,0.9999685287475586,0.5421208143234253,0.6089610457420349,-0.2922470271587372,0.9999585151672363,0.5437904596328735,0.61082923412323,-0.29238930344581604,0.9999589920043945,0.5367294549942017,0.5955786108970642,-0.30790311098098755,0.9999822378158569,0.5352489948272705,0.5887433290481567,-0.3079826831817627,0.9999792575836182,0.533801257610321,0.5822942852973938,-0.30797213315963745,0.999980628490448,0.5429223775863647,0.5996968746185303,-0.21265165507793427,0.9999419450759888,0.5267142653465271,0.5618661642074585,-0.2847989499568939,0.9999822378158569,0.523850679397583,0.6189590096473694,-0.26576489210128784,0.9999572038650513,0.5204540491104126,0.6057697534561157,-0.2867070138454437,0.9999868869781494,0.5242317318916321,0.6141440272331238,-0.11507640779018402,0.9998162388801575,0.49004697799682617,0.5336042642593384,-0.2757696211338043,0.99989914894104,0.545150637626648,0.7040091753005981,-0.12732699513435364,0.8763279318809509,0.42636245489120483,0.5124048590660095,-0.39560985565185547,0.9562348127365112,0.5842722654342651,0.7983899712562561,-0.21271881461143494,0.9483790397644043,0.4484420716762543,0.6163609623908997,-0.5324543714523315,0.9357095956802368,0.6001991033554077,0.8215263485908508,-0.22941625118255615,0.9291438460350037,0.44593745470046997,0.6446455121040344,-0.573607325553894,0.9005394577980042,0.6002036333084106,0.8238266706466675,-0.24940773844718933,0.9350104331970215,0.4551548957824707,0.6481846570968628,-0.5657839775085449,0.8994940519332886,0.5935391187667847,0.8173508644104004,-0.22452500462532043,0.9317749738693237,0.45641764998435974,0.6425735950469971,-0.532133936882019,0.8700177669525146,0.4132865369319916,0.6088313460350037,0.07323899120092392,0.9996885061264038,0.3908945322036743,0.5658767223358154,-0.07326067984104156,0.9997720718383789,0.4356439709663391,0.7213453650474548,0.1471465826034546,0.8524354696273804,0.4583117365837097,0.6608273386955261,-0.21370331943035126,0.9894516468048096,0.36980342864990234,0.7798194289207458,0.23983526229858398,0.841841459274292,0.4235358238220215,0.8076323866844177,-0.1025896817445755,0.9533500671386719,0.34959131479263306,0.78375244140625,0.24733269214630127,0.8437951803207397,0.4093037247657776,0.8222461342811584,-0.09118226170539856,0.9258351922035217,0.38294366002082825,0.840150773525238,0.21595749258995056,0.8582599759101868,0.446125328540802,0.8822849988937378,-0.1220947727560997,0.9444607496261597
106,stand,0.5273190140724182,0.5933539867401123,-0.30331453680992126,0.999970555305481,0.536527156829834,0.5882478952407837,-0.29373112320899963,0.9999672770500183,0.5378289222717285,0.5902617573738098,-0.293806791305542,0.9999566078186035,0.5392956137657166,0.5922107100486755,-0.2939542531967163,0.9999567866325378,0.5334187746047974,0.577229380607605,-0.30991244316101074,0.9999812841415405,0.5323175191879272,0.5713313817977905,-0.3099876046180725,0.9999773502349854,0.5311936736106873,0.5650606155395508,-0.30995655059814453,0.9999793171882629,0.5386319756507874,0.5827038884162903,-0.21099403500556946,0.9999399781227112,0.5253581404685974,0.5449711084365845,-0.28434380888938904,0.9999822378158569,0.5208907127380371,0.599925696849823,-0.26699575781822205,0.9999531507492065,0.5177961587905884,0.5849312543869019,-0.28830647468566895,0.9999858140945435,0.5217095613479614,0.6064680218696594,-0.10443077981472015,0.9998117089271545,0.48655152320861816,0.5137847661972046,-0.2791040241718292,0.9998909831047058,0.5418409705162048,0.6960174441337585,-0.11452218145132065,0.8821093440055847,0.4188550114631653,0.5122849941253662,-0.40002208948135376,0.9544563293457031,0.584093451499939,0.796433687210083,-0.2020706683397293,0.951300323009491,0.44686293601989746,0.6173945069313049,-0.5437313914299011,0.937640905380249,0.5997653007507324,0.8186771869659424,-0.21832051873207092,0.932603657245636,0.4447975158691406,0.6451478600502014,-0.5869461894035339,0.9036154747009277,0.5995572805404663,0.8212639689445496,-0.24103383719921112,0.9381161332130432,0.4543383717536926,0.6482399702072144,-0.5794615745544434,0.9027543067932129,0.5928019881248474,0.8150702714920044,-0.21518659591674805,0.9348703026771545,0.45521050691604614,0.6420683860778809,-0.5435438752174377,0.8735749125480652,0.40923094749450684,0.6015163660049438,0.07372564822435379,0.9997116923332214,0.39143943786621094,0.5549607872962952,-0.07375209778547287,0.9997876286506653,0.42332547903060913,0.7247902154922485,0.1906462013721466,0.8509995341300964,0.45513978600502014,0.6599106788635254,-0.1941480040550232,0.9892149567604065,0.3573504090309143,0.773425281047821,0.31317514181137085,0.8425295352935791,0.43454670906066895,0.8157234191894531,-0.09807093441486359,0.9523525834083557,0.3444780707359314,0.7740586996078491,0.3239991366863251,0.8422993421554565,0.4210655093193054,0.8315849304199219,-0.08725472539663315,0.9260069727897644,0.37841132283210754,0.8361818194389343,0.2992393374443054,0.856604814529419,0.4563263952732086,0.888457715511322,-0.12000574171543121,0.9436236023902893
107,stand,0.5264197587966919,0.5723435878753662,-0.2868478000164032,0.9999596476554871,0.5352108478546143,0.5664958357810974,-0.2773122191429138,0.9999604821205139,0.5365384221076965,0.5685037970542908,-0.27739763259887695,0.9999486207962036,0.5379828214645386,0.5702354907989502,-0.27754852175712585,0.9999486207962036,0.5315279960632324,0.5554014444351196,-0.29441314935684204,0.9999763369560242,0.5300430059432983,0.5494368076324463,-0.2944861054420471,0.9999698996543884,0.5285742878913879,0.5434013605117798,-0.29444581270217896,0.9999728202819824,0.5366941094398499,0.5609224438667297,-0.19600558280944824,0.9999303221702576,0.5229347944259644,0.5248959064483643,-0.2724815607070923,0.9999783635139465,0.5200415849685669,0.579246997833252,-0.2511012554168701,0.9999404549598694,0.5163723826408386,0.5638905763626099,-0.27335259318351746,0.9999809861183167,0.5211817622184753,0.59554123878479,-0.09832491725683212,0.9998000264167786,0.4813286364078522,0.4950599670410156,-0.2669055163860321,0.9998661279678345,0.537555992603302,0.6858413815498352,-0.11727782338857651,0.8889965415000916,0.41147106885910034,0.5124319195747375,-0.37149080634117126,0.9555259346961975,0.5792983770370483,0.7890414595603943,-0.21143636107444763,0.954508900642395,0.4455571174621582,0.6174155473709106,-0.496895968914032,0.9412997961044312,0.5925766229629517,0.8087612390518188,-0.22638031840324402,0.9363939762115479,0.4440932273864746,0.645238995552063,-0.5358404517173767,0.9089894890785217,0.5925654768943787,0.8127762079238892,-0.24980053305625916,0.941595733165741,0.4548625349998474,0.6479983925819397,-0.5281599164009094,0.9082874059677124,0.5867747068405151,0.8069792985916138,-0.2246917188167572,0.938472330570221,0.4544151723384857,0.6409603953361511,-0.4958345293998718,0.8800755143165588,0.40849050879478455,0.5956383347511292,0.06802333891391754,0.999727725982666,0.3894670605659485,0.5467262864112854,-0.06792982667684555,0.999796986579895,0.4148116111755371,0.729931652545929,0.13843944668769836,0.8553247451782227,0.44793587923049927,0.6499038934707642,-0.22547955811023712,0.9895020127296448,0.35564446449279785,0.7742781043052673,0.21929824352264404,0.8471254110336304,0.43771034479141235,0.8037316203117371,-0.16920648515224457,0.9537213444709778,0.34101375937461853,0.7778139114379883,0.22574245929718018,0.844179093837738,0.43820706009864807,0.8289991617202759,-0.16186267137527466,0.9290704131126404,0.3722538352012634,0.8356620669364929,0.19227853417396545,0.8591777682304382,0.4653099477291107,0.8845041990280151,-0.20169058442115784,0.9453229904174805
108,stand,0.5270806550979614,0.5488399863243103,-0.32215505838394165,0.9999440312385559,0.5356568098068237,0.5396149754524231,-0.3123778700828552,0.9999518990516663,0.5369555354118347,0.5406274795532227,-0.31244000792503357,0.9999383091926575,0.538429856300354,0.5414676666259766,-0.31259316205978394,0.9999412298202515,0.531821072101593,0.531472384929657,-0.3316124975681305,0.9999696612358093,0.5300945043563843,0.5265029072761536,-0.33169880509376526,0.9999592304229736,0.5283133387565613,0.5212600827217102,-0.33166372776031494,0.9999643564224243,0.5369272232055664,0.532352089881897,-0.22937512397766113,0.9999169111251831,0.5216974020004272,0.5030127763748169,-0.315314382314682,0.9999706149101257,0.520882248878479,0.5549256205558777,-0.285971075296402,0.9999281764030457,0.5170260667800903,0.5427778363227844,-0.3109838366508484,0.9999754428863525,0.5216959118843079,0.5782346725463867,-0.13086767494678497,0.9997686147689819,0.4759424328804016,0.47777244448661804,-0.3083840310573578,0.9998233318328857,0.5337274670600891,0.6729952692985535,-0.14240047335624695,0.8951448798179626,0.40859824419021606,0.5125352740287781,-0.3779368996620178,0.9587060809135437,0.568391740322113,0.7718441486358643,-0.23805265128612518,0.9566822648048401,0.4457111358642578,0.6167161464691162,-0.4563860297203064,0.9454050660133362,0.5811732411384583,0.7956777215003967,-0.2546234726905823,0.9381251335144043,0.4443882405757904,0.6448335647583008,-0.49314141273498535,0.9144140481948853,0.5813837051391602,0.8002558946609497,-0.2822113633155823,0.943274974822998,0.45492854714393616,0.6460587978363037,-0.4862477779388428,0.9138666391372681,0.5763635635375977,0.7941061854362488,-0.2532941699028015,0.9404271841049194,0.4552795886993408,0.6380777359008789,-0.4550425410270691,0.8867825865745544,0.41095399856567383,0.5869301557540894,0.06573952734470367,0.9997146129608154,0.3904469609260559,0.5397711992263794,-0.06556571274995804,0.9997568130493164,0.4164542257785797,0.731951892375946,0.03460449352860451,0.8587188720703125,0.4448062479496002,0.6488206386566162,-0.21976721286773682,0.9897499680519104,0.35541507601737976,0.7764390707015991,0.07298241555690765,0.853849470615387,0.4394359588623047,0.8039916753768921,-0.17162667214870453,0.9562696814537048,0.33931583166122437,0.7880775332450867,0.07460027933120728,0.8491111993789673,0.44235724210739136,0.8271324038505554,-0.16650868952274323,0.9331227540969849,0.3740061819553375,0.8381843566894531,0.023119330406188965,0.8650751113891602,0.4680789113044739,0.8837556838989258,-0.21823279559612274,0.9480776190757751
109,stand,0.5274522304534912,0.5287350416183472,-0.34815114736557007,0.9999268651008606,0.5356259942054749,0.5170639157295227,-0.33917635679244995,0.9999440312385559,0.5369064807891846,0.5171432495117188,-0.339239239692688,0.9999296069145203,0.5383583307266235,0.5170101523399353,-0.33942997455596924,0.999936580657959,0.5318275094032288,0.5111179351806641,-0.36085817217826843,0.9999610781669617,0.5300072431564331,0.5067243576049805,-0.3609423041343689,0.9999447464942932,0.5280813574790955,0.5021457672119141,-0.3608889579772949,0.9999526739120483,0.5361692905426025,0.5054740309715271,-0.256693959236145,0.9999034404754639,0.5204257965087891,0.48286768794059753,-0.35389086604118347,0.9999569654464722,0.5213707089424133,0.5335354208946228,-0.3115633726119995,0.9999207258224487,0.51743483543396,0.5238440036773682,-0.3399355113506317,0.9999706149101257,0.5224104523658752,0.5552682876586914,-0.15737766027450562,0.9997656345367432,0.4710741639137268,0.45871713757514954,-0.3343185782432556,0.9997531771659851,0.5289209485054016,0.6550063490867615,-0.15602609515190125,0.9021766781806946,0.40445780754089355,0.5110926032066345,-0.36995676159858704,0.9611941576004028,0.5589205026626587,0.7616792321205139,-0.26064494252204895,0.9596067667007446,0.4456503987312317,0.6141937971115112,-0.41116634011268616,0.9476032257080078,0.5676246881484985,0.7880645990371704,-0.2819586396217346,0.9411798119544983,0.4439932703971863,0.6433396935462952,-0.44832414388656616,0.9168555736541748,0.5679026246070862,0.792175829410553,-0.31255143880844116,0.9462699890136719,0.4543570578098297,0.6418396234512329,-0.4471215605735779,0.9166487455368042,0.5643731355667114,0.7862119674682617,-0.2772694230079651,0.9435503482818604,0.45523157715797424,0.6331767439842224,-0.41133636236190796,0.8895680904388428,0.41452065110206604,0.5721588730812073,0.06323231756687164,0.9996908903121948,0.3926011621952057,0.5289345383644104,-0.06297747790813446,0.9997146129608154,0.4171467423439026,0.7228200435638428,0.012955236248672009,0.8612116575241089,0.44419988989830017,0.6430307626724243,-0.22011621296405792,0.9898818135261536,0.3584328293800354,0.7766098976135254,0.07987090200185776,0.8607935905456543,0.4482645094394684,0.8099591732025146,-0.20712773501873016,0.9595930576324463,0.34153276681900024,0.787727415561676,0.0840793177485466,0.8536227345466614,0.4481644034385681,0.8318377733230591,-0.2071581333875656,0.9378258585929871,0.37486398220062256,0.8363943099975586,0.020033322274684906,0.8712586760520935,0.4690437316894531,0.8835477828979492,-0.285965234041214,0.9518265128135681
110,stand,0.527835488319397,0.502564013004303,-0.3649739623069763,0.999908983707428,0.535535991191864,0.49191102385520935,-0.3563656508922577,0.9999333620071411,0.5368526577949524,0.4919658601284027,-0.35644060373306274,0.9999178647994995,0.538331151008606,0.4919053912162781,-0.35664892196655273,0.9999285340309143,0.5317830443382263,0.48691216111183167,-0.3746669292449951,0.9999486804008484,0.5300853848457336,0.48344409465789795,-0.3747546076774597,0.9999248385429382,0.5282201766967773,0.47960689663887024,-0.37470704317092896,0.9999362230300903,0.5362812280654907,0.4825117290019989,-0.26988959312438965,0.9998795986175537,0.5199376344680786,0.462250679731369,-0.3512659966945648,0.9999424815177917,0.5221335291862488,0.5087706446647644,-0.3263663947582245,0.9999132752418518,0.5178711414337158,0.5008442997932434,-0.3501739501953125,0.9999663233757019,0.5231528878211975,0.5361484289169312,-0.15812785923480988,0.9997810125350952,0.468009889125824,0.44271981716156006,-0.3212709128856659,0.9997563362121582,0.523748517036438,0.6457220911979675,-0.148988738656044,0.9091541171073914,0.4051503539085388,0.5095574259757996,-0.355244904756546,0.9632184505462646,0.5456767082214355,0.7501062750816345,-0.2556949853897095,0.9625740647315979,0.444556325674057,0.6126324534416199,-0.40180501341819763,0.9490686058998108,0.5539497137069702,0.77928227186203,-0.27670425176620483,0.9447631239891052,0.443808376789093,0.6422268152236938,-0.43861302733421326,0.9189106822013855,0.5540779829025269,0.783026397228241,-0.30730152130126953,0.949654221534729,0.4538809359073639,0.6402450799942017,-0.4385721683502197,0.9190099835395813,0.5506053566932678,0.776576042175293,-0.27169522643089294,0.946996808052063,0.4547905921936035,0.6300321221351624,-0.4023774564266205,0.8918430805206299,0.4191409945487976,0.5686500072479248,0.06234331056475639,0.9996955990791321,0.39340347051620483,0.5306247472763062,-0.062087029218673706,0.9997244477272034,0.4149376451969147,0.7132638692855835,0.06912073493003845,0.8601490259170532,0.4422575831413269,0.643620491027832,-0.2186693400144577,0.9902870059013367,0.3541593551635742,0.7773300409317017,0.15307271480560303,0.8685414791107178,0.44873228669166565,0.8189200758934021,-0.23399916291236877,0.9630646705627441,0.3368641436100006,0.7887585759162903,0.15890458226203918,0.8594297766685486,0.44708895683288574,0.8439837694168091,-0.23765364289283752,0.9425426721572876,0.369274765253067,0.8363767266273499,0.11161001771688461,0.8774818181991577,0.4729278087615967,0.8874216675758362,-0.3247896134853363,0.9558127522468567
111,stand,0.5236179232597351,0.4774761497974396,-0.4337655007839203,0.9999026656150818,0.5316693186759949,0.4669022858142853,-0.4200517237186432,0.9999302625656128,0.5335488319396973,0.4676834046840668,-0.4201682209968567,0.9999135732650757,0.5354540348052979,0.46821722388267517,-0.42039355635643005,0.9999260902404785,0.525982677936554,0.45978549122810364,-0.43315839767456055,0.99994295835495,0.5235294103622437,0.4554206132888794,-0.43324413895606995,0.9999164342880249,0.5209540128707886,0.4508986473083496,-0.43319863080978394,0.9999306201934814,0.5351232886314392,0.4608598053455353,-0.30858296155929565,0.9998637437820435,0.5129919052124023,0.43571242690086365,-0.3664324879646301,0.9999365210533142,0.5193346738815308,0.48771464824676514,-0.3868723213672638,0.9999138116836548,0.5126885771751404,0.47694507241249084,-0.40387600660324097,0.999966025352478,0.5236138105392456,0.5184517502784729,-0.16146889328956604,0.9997976422309875,0.4608810842037201,0.4359227418899536,-0.32087594270706177,0.9997652769088745,0.518276035785675,0.6303852796554565,-0.1327601671218872,0.9157140254974365,0.4017066955566406,0.5154696106910706,-0.34645700454711914,0.96555495262146,0.5343118906021118,0.7301821112632751,-0.24946793913841248,0.9651581048965454,0.4450102746486664,0.6106489896774292,-0.4008268415927887,0.9512729048728943,0.5418566465377808,0.7657004594802856,-0.27250099182128906,0.9480615258216858,0.4445522427558899,0.6407569050788879,-0.44144129753112793,0.9218744039535522,0.5423787832260132,0.7692111730575562,-0.30813705921173096,0.9527177810668945,0.45470720529556274,0.6376680731773376,-0.44146448373794556,0.9221678972244263,0.5390037894248962,0.7602120041847229,-0.2673051655292511,0.9500313401222229,0.4555998742580414,0.6271222233772278,-0.40284013748168945,0.8953122496604919,0.4250389039516449,0.5608303546905518,0.06306930631399155,0.999714732170105,0.39314591884613037,0.5303483009338379,-0.06282554566860199,0.9997428059577942,0.4162386357784271,0.7081944942474365,0.08255619555711746,0.865777313709259,0.44221800565719604,0.6447932124137878,-0.22931289672851562,0.9909841418266296,0.3504413068294525,0.7747369408607483,0.2075383961200714,0.8774967193603516,0.45155197381973267,0.8270343542098999,-0.2483254224061966,0.9664598107337952,0.33626890182495117,0.7834335565567017,0.21746587753295898,0.8675478100776672,0.44747743010520935,0.8539882302284241,-0.2523518204689026,0.9473887085914612,0.36403688788414,0.8270777463912964,0.12919773161411285,0.884907066822052,0.4748288094997406,0.8875685930252075,-0.34769120812416077,0.9597879648208618
112,stand,0.519039511680603,0.45537665486335754,-0.4516529142856598,0.9998729825019836,0.526776134967804,0.44159841537475586,-0.43740612268447876,0.9999107122421265,0.5291696190834045,0.4416840076446533,-0.4375378489494324,0.9998909831047058,0.5316020846366882,0.4415140450000763,-0.4377787113189697,0.9999099969863892,0.5197470188140869,0.43590858578681946,-0.4519156515598297,0.9999159574508667,0.5169376134872437,0.4320937991142273,-0.45200905203819275,0.9998794794082642,0.5140713453292847,0.42763346433639526,-0.45198139548301697,0.9999027252197266,0.5320931673049927,0.4343196153640747,-0.3223743438720703,0.9998195171356201,0.5065826177597046,0.4135845899581909,-0.3856075406074524,0.9999055862426758,0.5165824890136719,0.46821972727775574,-0.4033311903476715,0.9999077320098877,0.5085148811340332,0.45769429206848145,-0.4220243990421295,0.9999605417251587,0.5237002372741699,0.49617961049079895,-0.16893287003040314,0.9998136758804321,0.4567665159702301,0.42621469497680664,-0.33647283911705017,0.9997678995132446,0.5163530111312866,0.6086798906326294,-0.13006135821342468,0.9221082329750061,0.4047883152961731,0.5154454708099365,-0.35518306493759155,0.9676043391227722,0.5223666429519653,0.7145618796348572,-0.25294312834739685,0.9673844575881958,0.44552069902420044,0.6100069880485535,-0.40905457735061646,0.9531447887420654,0.5286129713058472,0.7515356540679932,-0.2766757607460022,0.9508060812950134,0.44508227705955505,0.6407372355461121,-0.45864009857177734,0.924419105052948,0.5282043218612671,0.7536032199859619,-0.31462422013282776,0.9552719593048096,0.45521649718284607,0.6376423835754395,-0.4643060266971588,0.9247686862945557,0.5246682167053223,0.7439996600151062,-0.2713746428489685,0.9524937868118286,0.4561195969581604,0.6267439126968384,-0.41502028703689575,0.8975810408592224,0.4300290644168854,0.5528280735015869,0.06391313672065735,0.9997289180755615,0.3939580023288727,0.5264420509338379,-0.06353239715099335,0.9997549057006836,0.43337932229042053,0.7022677659988403,0.05633851885795593,0.8716188669204712,0.4447100758552551,0.6466056704521179,-0.2583184838294983,0.991605818271637,0.353288471698761,0.770142674446106,0.20372185111045837,0.8858506679534912,0.4540348947048187,0.830706000328064,-0.26963841915130615,0.9695566892623901,0.3370683491230011,0.7774083614349365,0.21383436024188995,0.8752242922782898,0.4476543068885803,0.8568119406700134,-0.2729809880256653,0.9518333077430725,0.36485543847084045,0.8241723775863647,0.13061518967151642,0.8914310932159424,0.47849544882774353,0.8906005620956421,-0.37471699714660645,0.9633886814117432
113,stand,0.514593243598938,0.4316926598548889,-0.4450838565826416,0.9997960329055786,0.5211775302886963,0.41702568531036377,-0.43160519003868103,0.9998488426208496,0.5237204432487488,0.41645359992980957,-0.43174248933792114,0.9998282194137573,0.5263811349868774,0.4155876040458679,-0.43198102712631226,0.9998607039451599,0.5136399269104004,0.4130401313304901,-0.4445052146911621,0.9998287558555603,0.5106271505355835,0.40944260358810425,-0.4446048140525818,0.99976646900177,0.5074944496154785,0.4053661823272705,-0.444586843252182,0.9998103976249695,0.5276662111282349,0.4087398946285248,-0.3192345201969147,0.9997174739837646,0.49998393654823303,0.3927106559276581,-0.3740798830986023,0.9998039603233337,0.5138827562332153,0.4450923204421997,-0.39760738611221313,0.9998912215232849,0.5050961971282959,0.43688952922821045,-0.4138721525669098,0.9999442100524902,0.5238038897514343,0.47230401635169983,-0.16365954279899597,0.999829113483429,0.45251697301864624,0.4150630235671997,-0.3237556517124176,0.9997696280479431,0.5129307508468628,0.5869959592819214,-0.11764880269765854,0.9280950427055359,0.40443962812423706,0.5162067413330078,-0.3432543873786926,0.9697595238685608,0.513283371925354,0.6957744359970093,-0.23785528540611267,0.9694826602935791,0.44611507654190063,0.6077978014945984,-0.40031003952026367,0.9560046195983887,0.5166373252868652,0.7323766350746155,-0.2598983347415924,0.9535183906555176,0.4455050528049469,0.6394572257995605,-0.44875794649124146,0.9286432266235352,0.5152184367179871,0.7353752851486206,-0.29859811067581177,0.9577740430831909,0.4552839696407318,0.6365728378295898,-0.4594479203224182,0.9290234446525574,0.5112096071243286,0.7224779725074768,-0.2559033930301666,0.9549444913864136,0.4567148685455322,0.6253405809402466,-0.4049285054206848,0.9025779366493225,0.43434396386146545,0.5423973798751831,0.06411701440811157,0.9997383952140808,0.3942723274230957,0.5224773287773132,-0.06380752474069595,0.9997571110725403,0.4417721629142761,0.696736752986908,0.04207485169172287,0.877575159072876,0.4458146095275879,0.6473756432533264,-0.24097910523414612,0.9920880198478699,0.3543861508369446,0.7707377076148987,0.1680487096309662,0.8938834071159363,0.4565715789794922,0.8382977843284607,-0.23574921488761902,0.9722735285758972,0.33830222487449646,0.7776076197624207,0.1770685315132141,0.8823190331459045,0.4523133635520935,0.8662071824073792,-0.2371944636106491,0.955744743347168,0.3653876483440399,0.8275987505912781,0.10278670489788055,0.8977228403091431,0.5090552568435669,0.8936088681221008,-0.32856741547584534,0.9664909243583679
114,stand,0.509804368019104,0.40804073214530945,-0.47483277320861816,0.999494194984436,0.5156984329223633,0.3932725787162781,-0.4618266224861145,0.9995793104171753,0.5184112787246704,0.39275923371315,-0.46195539832115173,0.999557375907898,0.5212115049362183,0.391898512840271,-0.46218734979629517,0.9996405243873596,0.5077155828475952,0.38937661051750183,-0.46995386481285095,0.9994364976882935,0.5044549107551575,0.3860781788825989,-0.47006458044052124,0.9992930293083191,0.501253604888916,0.3828486204147339,-0.47007495164871216,0.9994411468505859,0.5236669778823853,0.38594359159469604,-0.3445224165916443,0.999350368976593,0.4950495660305023,0.3725799024105072,-0.3766881823539734,0.999401330947876,0.5109413862228394,0.4221673309803009,-0.42519983649253845,0.9998107552528381,0.5013712644577026,0.41479986906051636,-0.4347991347312927,0.9998729825019836,0.5245609879493713,0.4521177411079407,-0.17920197546482086,0.9998390078544617,0.4496375620365143,0.40073639154434204,-0.3208571672439575,0.9997589588165283,0.5106116533279419,0.5700622797012329,-0.13530148565769196,0.9325032830238342,0.4063010811805725,0.515572190284729,-0.3389051556587219,0.9712826013565063,0.5065091848373413,0.6838801503181458,-0.2572101354598999,0.9691808223724365,0.4464067816734314,0.604164183139801,-0.4018605351448059,0.957531750202179,0.5093725323677063,0.7172920107841492,-0.2803668975830078,0.952484130859375,0.4457683563232422,0.6356058120727539,-0.448140949010849,0.9308951497077942,0.5073949098587036,0.72003573179245,-0.3162097632884979,0.9568687677383423,0.45557981729507446,0.6328170895576477,-0.45774245262145996,0.9313691854476929,0.503166913986206,0.7057328224182129,-0.274024099111557,0.9537943601608276,0.4569406509399414,0.6208499670028687,-0.4063142240047455,0.9051426649093628,0.4370253086090088,0.533061146736145,0.0632251650094986,0.9997337460517883,0.39663904905319214,0.512477457523346,-0.06290264427661896,0.9997316598892212,0.4438287615776062,0.6906808018684387,-0.01813141442835331,0.8798172473907471,0.4486467242240906,0.6420244574546814,-0.23646552860736847,0.9921119213104248,0.3561474680900574,0.7632474899291992,0.10248386859893799,0.8991672992706299,0.4581878185272217,0.8346816301345825,-0.20283770561218262,0.9742324948310852,0.33896106481552124,0.7629141211509705,0.11098666489124298,0.8865965008735657,0.4522306025028229,0.8598799109458923,-0.20095428824424744,0.9583500623703003,0.36710071563720703,0.8272222876548767,0.037422966212034225,0.9013224840164185,0.5007801055908203,0.8931025266647339,-0.31911882758140564,0.9686309099197388
115,stand,0.5056313872337341,0.3798423409461975,-0.4587603211402893,0.9994735717773438,0.5114202499389648,0.363949716091156,-0.44681987166404724,0.9995508193969727,0.5144097208976746,0.36307698488235474,-0.44693344831466675,0.9995328783988953,0.5174019932746887,0.3621775209903717,-0.4471333920955658,0.9996203780174255,0.5026800632476807,0.3614184856414795,-0.45370668172836304,0.9993786215782166,0.49938082695007324,0.35907214879989624,-0.4537980556488037,0.9992273449897766,0.49612540006637573,0.3562641143798828,-0.4537963271141052,0.9993872046470642,0.5199809670448303,0.35922589898109436,-0.33347320556640625,0.9993104338645935,0.4911232590675354,0.3492160439491272,-0.3603358268737793,0.9993153214454651,0.5082133412361145,0.39380767941474915,-0.4105623662471771,0.9998048543930054,0.49775630235671997,0.3883640170097351,-0.41849881410598755,0.9998586177825928,0.5252269506454468,0.4325715899467468,-0.16888311505317688,0.9998528957366943,0.44786158204078674,0.3876582980155945,-0.3136982023715973,0.9997701048851013,0.5088823437690735,0.5505302548408508,-0.13256579637527466,0.9380031824111938,0.40853047370910645,0.5125826001167297,-0.3362729251384735,0.9731569886207581,0.5008423328399658,0.6576201319694519,-0.2594683766365051,0.9712057709693909,0.4469001293182373,0.6018696427345276,-0.40247654914855957,0.9601371884346008,0.49968570470809937,0.6866999864578247,-0.28450068831443787,0.9551156759262085,0.4459022879600525,0.6340277194976807,-0.4485834538936615,0.9347712993621826,0.49666738510131836,0.6891722083091736,-0.31985846161842346,0.9592522382736206,0.4559691846370697,0.6316832304000854,-0.45745405554771423,0.935183048248291,0.4950951039791107,0.6791091561317444,-0.276175320148468,0.9560593962669373,0.45706310868263245,0.6208807826042175,-0.40689611434936523,0.9097182154655457,0.43764764070510864,0.5286903381347656,0.06351251900196075,0.999740719795227,0.39726120233535767,0.5071712136268616,-0.06321513652801514,0.9997261762619019,0.44889482855796814,0.6751530766487122,-0.027804363518953323,0.8831733465194702,0.4487418532371521,0.6376057267189026,-0.23209702968597412,0.9924031496047974,0.3619447648525238,0.754485547542572,0.06284090876579285,0.9052625894546509,0.45747309923171997,0.835209310054779,-0.2024766206741333,0.9762733578681946,0.33930402994155884,0.7511305212974548,0.06811128556728363,0.8918713927268982,0.45124998688697815,0.863159716129303,-0.20118801295757294,0.9609696865081787,0.3674866259098053,0.8234246373176575,-0.006623388733714819,0.9064649343490601,0.49745973944664,0.892759382724762,-0.29211491346359253,0.9709593057632446
116,stand,0.5021389722824097,0.3628135323524475,-0.4656982421875,0.9994819164276123,0.5078541040420532,0.34713083505630493,-0.4556073248386383,0.9995386004447937,0.5108158588409424,0.34639787673950195,-0.45570987462997437,0.9995229244232178,0.5138528347015381,0.3454800844192505,-0.45589500665664673,0.9996088147163391,0.49896082282066345,0.3443085551261902,-0.45988529920578003,0.9993635416030884,0.4954783022403717,0.3418382704257965,-0.4599688947200775,0.999215304851532,0.492051899433136,0.3389410376548767,-0.45995593070983887,0.9993742108345032,0.5166620016098022,0.3420368432998657,-0.34706127643585205,0.9992771744728088,0.4867354929447174,0.33176153898239136,-0.3617522120475769,0.999287486076355,0.5053974986076355,0.3770882785320282,-0.41901248693466187,0.9998039603233337,0.49408477544784546,0.37207484245300293,-0.42363643646240234,0.9998546838760376,0.525341808795929,0.4108077585697174,-0.17523953318595886,0.9998655915260315,0.4468298852443695,0.3761955797672272,-0.30967575311660767,0.9997859597206116,0.5106716752052307,0.5289874076843262,-0.13693705201148987,0.9430425763130188,0.41021570563316345,0.5046974420547485,-0.32519155740737915,0.9751690626144409,0.498736709356308,0.6336237192153931,-0.25376763939857483,0.973338782787323,0.44740819931030273,0.5974845290184021,-0.39018771052360535,0.9632389545440674,0.4969713091850281,0.667802631855011,-0.27838942408561707,0.9581335783004761,0.44604748487472534,0.6292122602462769,-0.4360775053501129,0.9396195411682129,0.49230140447616577,0.6693681478500366,-0.31212425231933594,0.9619872570037842,0.4561333656311035,0.6315588355064392,-0.4474617540836334,0.9399951696395874,0.49087604880332947,0.657625138759613,-0.26951494812965393,0.9588099122047424,0.458015114068985,0.6202480792999268,-0.3956286311149597,0.9161017537117004,0.4437689781188965,0.5101718902587891,0.06335103511810303,0.9997545480728149,0.40391188859939575,0.49439167976379395,-0.0630890280008316,0.9997353553771973,0.4563677906990051,0.6571036577224731,-0.007049040403217077,0.8868333697319031,0.4504271447658539,0.6317952871322632,-0.1866072565317154,0.9927428364753723,0.3718763291835785,0.7464762926101685,0.07860761135816574,0.9107387065887451,0.45726996660232544,0.8337727785110474,-0.15888555347919464,0.9782066941261292,0.3466539978981018,0.7438916563987732,0.08348994702100754,0.8962634801864624,0.45063504576683044,0.8610906004905701,-0.15792950987815857,0.9635587930679321,0.37509697675704956,0.8219774961471558,0.013077150098979473,0.9112407565116882,0.49407950043678284,0.8926825523376465,-0.23735933005809784,0.9732140898704529
117,stand,0.4976225793361664,0.34801819920539856,-0.5241429209709167,0.9994975328445435,0.5031124353408813,0.3314353823661804,-0.5129714608192444,0.999533474445343,0.5059494376182556,0.3307031989097595,-0.5130819082260132,0.9995197057723999,0.5088461637496948,0.32972219586372375,-0.513291597366333,0.9996055960655212,0.49435919523239136,0.3291965126991272,-0.5178771018981934,0.9993619322776794,0.491076797246933,0.32676246762275696,-0.5179718732833862,0.9992181658744812,0.4877488613128662,0.3238542973995209,-0.5179616212844849,0.9993773102760315,0.5114640593528748,0.32570841908454895,-0.3953305780887604,0.9992717504501343,0.48261889815330505,0.31587159633636475,-0.4112950265407562,0.9992800951004028,0.5008450746536255,0.36240142583847046,-0.47370901703834534,0.9998078942298889,0.4901818633079529,0.3580284118652344,-0.478860080242157,0.999855637550354,0.5253452062606812,0.3922627866268158,-0.21749742329120636,0.9998767971992493,0.44477972388267517,0.3651869595050812,-0.34627142548561096,0.999799370765686,0.5119268298149109,0.5138044357299805,-0.18798795342445374,0.947361946105957,0.4140794277191162,0.4990818500518799,-0.3589382767677307,0.9769759774208069,0.496833860874176,0.6117814183235168,-0.30831414461135864,0.9741970896720886,0.4485877454280853,0.5974535942077637,-0.42530784010887146,0.9657525420188904,0.49424558877944946,0.6489482522010803,-0.3369843661785126,0.9590315818786621,0.44866999983787537,0.629144012928009,-0.4738205075263977,0.9434694051742554,0.4868515133857727,0.6473979949951172,-0.3694315552711487,0.9627870321273804,0.4573069214820862,0.6321606636047363,-0.48635682463645935,0.9438519477844238,0.48539504408836365,0.6338484287261963,-0.3238057792186737,0.9593818187713623,0.45874786376953125,0.6207345128059387,-0.43231457471847534,0.9210138320922852,0.44568124413490295,0.49973857402801514,0.06253800541162491,0.999761164188385,0.4061060845851898,0.4905482828617096,-0.06229029968380928,0.9997410774230957,0.46050992608070374,0.6430131793022156,-0.016314391046762466,0.8924201726913452,0.45237016677856445,0.6332746148109436,-0.19984856247901917,0.9930806159973145,0.3812705874443054,0.7422323226928711,0.11403262615203857,0.9161033630371094,0.4572925567626953,0.8331380486488342,-0.14618858695030212,0.9800119996070862,0.3599863052368164,0.7413136959075928,0.1210797056555748,0.8999025821685791,0.4508283734321594,0.8605230450630188,-0.14225271344184875,0.965862512588501,0.380829393863678,0.8200757503509521,0.052529722452163696,0.9155384302139282,0.4912664294242859,0.8923184871673584,-0.22987177968025208,0.9753328561782837
118,stand,0.49609073996543884,0.32677438855171204,-0.5146887898445129,0.999505877494812,0.5013942122459412,0.31047293543815613,-0.5015373826026917,0.9994839429855347,0.5042368173599243,0.3098568618297577,-0.501670241355896,0.9994767308235168,0.5070730447769165,0.3092387914657593,-0.5018807649612427,0.9995682239532471,0.49253779649734497,0.30873605608940125,-0.5078399777412415,0.9993220567703247,0.488985538482666,0.30657875537872314,-0.5079545378684998,0.999190092086792,0.4853731691837311,0.3039129376411438,-0.5079696774482727,0.9993520975112915,0.5090978741645813,0.30771976709365845,-0.38103070855140686,0.9991768598556519,0.4791640639305115,0.2976848781108856,-0.40356430411338806,0.9992348551750183,0.4993472993373871,0.3415380120277405,-0.4641737937927246,0.9998093843460083,0.4883572459220886,0.3379475176334381,-0.4711983799934387,0.9998551607131958,0.5252034664154053,0.3765166699886322,-0.20751817524433136,0.9998869895935059,0.4424794614315033,0.355530321598053,-0.34345144033432007,0.999810516834259,0.5132583975791931,0.49627333879470825,-0.17175579071044922,0.9518772959709167,0.4187283515930176,0.4917927086353302,-0.35826563835144043,0.9787350296974182,0.49536457657814026,0.5984804034233093,-0.2820393145084381,0.9755927920341492,0.4488529562950134,0.5944900512695312,-0.43050533533096313,0.9681891202926636,0.49337658286094666,0.6364767551422119,-0.3092511296272278,0.9607696533203125,0.44916993379592896,0.6265761256217957,-0.47984108328819275,0.9472424387931824,0.48620057106018066,0.6318979859352112,-0.34093910455703735,0.9642996191978455,0.4584425091743469,0.6315634250640869,-0.49202555418014526,0.9475823640823364,0.4843803942203522,0.6190101504325867,-0.29712921380996704,0.9605727195739746,0.45926761627197266,0.6203432679176331,-0.437405526638031,0.9256756901741028,0.44906187057495117,0.49782320857048035,0.06040727347135544,0.9997617602348328,0.407843679189682,0.4890027642250061,-0.0602155439555645,0.9997445344924927,0.45747852325439453,0.6436071395874023,-0.01712215319275856,0.8967177867889404,0.4520178735256195,0.6331841945648193,-0.2366558313369751,0.9932025074958801,0.3885902464389801,0.741599440574646,0.14553794264793396,0.918306291103363,0.4570578634738922,0.8326774835586548,-0.16400080919265747,0.9814127683639526,0.37059417366981506,0.7417609095573425,0.15908703207969666,0.8958747386932373,0.4521995186805725,0.8588250279426575,-0.1613975465297699,0.9670826196670532,0.3862597644329071,0.8119725584983826,0.05451781302690506,0.9158703684806824,0.48653683066368103,0.8920295834541321,-0.27041298151016235,0.9770171046257019
119,stand,0.49195653200149536,0.30926358699798584,-0.4672827124595642,0.9995084404945374,0.4978713095188141,0.2930973470211029,-0.4552183747291565,0.9994386434555054,0.5008224248886108,0.2923983335494995,-0.4553321897983551,0.9994332790374756,0.5039421319961548,0.2919577360153198,-0.4555259644985199,0.9995303153991699,0.48826146125793457,0.29122886061668396,-0.4643794596195221,0.9992818832397461,0.4843958020210266,0.2893660366535187,-0.4644696116447449,0.9991563558578491,0.48059526085853577,0.2874365448951721,-0.4644424319267273,0.9993196725845337,0.5075227618217468,0.29246965050697327,-0.34542495012283325,0.9991040825843811,0.4751003384590149,0.28445401787757874,-0.3623955249786377,0.9991815686225891,0.4960311949253082,0.32454168796539307,-0.4207574725151062,0.9998034834861755,0.48468488454818726,0.32274824380874634,-0.4320857524871826,0.9998431205749512,0.5251895189285278,0.36669448018074036,-0.18548905849456787,0.999894917011261,0.4411958158016205,0.34571048617362976,-0.3118066191673279,0.9998217225074768,0.5141459703445435,0.48821181058883667,-0.14024166762828827,0.9553930759429932,0.42230063676834106,0.47918498516082764,-0.31115514039993286,0.9798574447631836,0.4983082413673401,0.5818517208099365,-0.2129218578338623,0.976237416267395,0.44852885603904724,0.5885916948318481,-0.36120086908340454,0.969863772392273,0.49665704369544983,0.6195862889289856,-0.23436585068702698,0.9608778953552246,0.4476594924926758,0.620873212814331,-0.40142622590065,0.9494256377220154,0.4896252751350403,0.614457368850708,-0.2629337012767792,0.9643005728721619,0.4582655429840088,0.6259443759918213,-0.41394704580307007,0.9496605396270752,0.48772644996643066,0.6027921438217163,-0.2253132313489914,0.9600498676300049,0.4592461585998535,0.6159112453460693,-0.3671759366989136,0.9283801913261414,0.4549242854118347,0.5006788372993469,0.04993969947099686,0.9997118711471558,0.4100905954837799,0.48863720893859863,-0.049834974110126495,0.9996856451034546,0.4834725856781006,0.6525759100914001,-0.05866008251905441,0.8850286602973938,0.44493788480758667,0.6333857774734497,-0.1819717139005661,0.9907746315002441,0.4506954252719879,0.7950422763824463,0.02084425836801529,0.8952251076698303,0.45158568024635315,0.8263832926750183,-0.10442771762609482,0.977782666683197,0.4515381455421448,0.822576642036438,0.024921244010329247,0.8693549633026123,0.44977450370788574,0.8495039343833923,-0.09938737750053406,0.9576162099838257,0.4905601143836975,0.8580495119094849,-0.05563700199127197,0.8958641290664673,0.4700900912284851,0.8742399215698242,-0.19300822913646698,0.9731858968734741
120,stand,0.49264365434646606,0.28784579038619995,-0.45632582902908325,0.9995297789573669,0.49847841262817383,0.2701999843120575,-0.446852445602417,0.9994183778762817,0.5012416243553162,0.26947471499443054,-0.4469686448574066,0.9994127154350281,0.5041224956512451,0.2692731022834778,-0.44723254442214966,0.9995124340057373,0.48865899443626404,0.2697559595108032,-0.4563252329826355,0.9992853999137878,0.4847864508628845,0.2683391571044922,-0.45651841163635254,0.9991724491119385,0.48101121187210083,0.2669183909893036,-0.45672255754470825,0.999330461025238,0.5067920684814453,0.2721909284591675,-0.3431895673274994,0.9990425109863281,0.47485893964767456,0.26658201217651367,-0.3404715657234192,0.9991717338562012,0.4963685870170593,0.30332884192466736,-0.40970325469970703,0.9998071193695068,0.48536625504493713,0.3014127016067505,-0.42814961075782776,0.9998466968536377,0.5248810052871704,0.3504033088684082,-0.1697021871805191,0.9998999238014221,0.43909159302711487,0.33849412202835083,-0.29976657032966614,0.9998316168785095,0.5173338651657104,0.4665457010269165,-0.10611895471811295,0.958604633808136,0.42540329694747925,0.4703066051006317,-0.3035922646522522,0.9813804030418396,0.5033375024795532,0.5633171796798706,-0.175956130027771,0.9767633080482483,0.44770440459251404,0.5831718444824219,-0.35271862149238586,0.9719730615615845,0.5031395554542542,0.6027424931526184,-0.1951604038476944,0.960936427116394,0.44463664293289185,0.6171865463256836,-0.3928254246711731,0.9524390697479248,0.49647241830825806,0.5978029370307922,-0.22266149520874023,0.9642136096954346,0.45654019713401794,0.6207367181777954,-0.40367841720581055,0.9526199102401733,0.49418020248413086,0.586406946182251,-0.18787077069282532,0.9594830274581909,0.458120733499527,0.6112147569656372,-0.35784727334976196,0.932378351688385,0.4602104723453522,0.4984159767627716,0.052608318626880646,0.9996923804283142,0.412156879901886,0.49128258228302,-0.052491314709186554,0.9996768832206726,0.49400681257247925,0.6468915939331055,-0.056768111884593964,0.8837770819664001,0.4453223645687103,0.6327295899391174,-0.21155023574829102,0.9906104803085327,0.4426092505455017,0.7821343541145325,0.0712164118885994,0.8844637274742126,0.4517851769924164,0.8249744176864624,-0.13969823718070984,0.9780752062797546,0.4287565350532532,0.8162235617637634,0.08035331964492798,0.8539888262748718,0.4496842920780182,0.8492012023925781,-0.13556237518787384,0.9557990431785583,0.45849061012268066,0.8333364725112915,0.010474651120603085,0.8839840888977051,0.47141093015670776,0.875838577747345,-0.22335870563983917,0.9732922315597534
121,stand,0.49111977219581604,0.27191153168678284,-0.4516163766384125,0.9995643496513367,0.4970186650753021,0.2553609013557434,-0.44019070267677307,0.9994358420372009,0.49990415573120117,0.2551826238632202,-0.4402922987937927,0.9994312524795532,0.5027381181716919,0.25532227754592896,-0.4404904842376709,0.9995232820510864,0.48708873987197876,0.25456076860427856,-0.45047682523727417,0.999322235584259,0.4831359386444092,0.25336387753486633,-0.4506029486656189,0.9992212057113647,0.47926759719848633,0.25220829248428345,-0.45067936182022095,0.9993674755096436,0.5058295130729675,0.2580927610397339,-0.3345245122909546,0.999060869216919,0.4739789366722107,0.2541388273239136,-0.3350626826286316,0.9992014765739441,0.4946160316467285,0.287341445684433,-0.4073336720466614,0.9998188018798828,0.4841378629207611,0.2852376103401184,-0.4194626808166504,0.999856173992157,0.5248996019363403,0.34025508165359497,-0.17400965094566345,0.9999060034751892,0.4374178349971771,0.3322546184062958,-0.291338711977005,0.9998437762260437,0.5219293236732483,0.4519699811935425,-0.11361392587423325,0.9618530869483948,0.42572736740112305,0.4652504026889801,-0.28932228684425354,0.9826577305793762,0.5045948028564453,0.5515474677085876,-0.1857243776321411,0.977512538433075,0.4477619528770447,0.578093409538269,-0.33612048625946045,0.9737803339958191,0.50618976354599,0.5914317965507507,-0.2039717137813568,0.9615675806999207,0.4448629915714264,0.6132223010063171,-0.373564213514328,0.9550057053565979,0.5007774233818054,0.5861678123474121,-0.23049691319465637,0.9646520614624023,0.4567299783229828,0.6135817766189575,-0.38282495737075806,0.9551241397857666,0.4983336329460144,0.5745679140090942,-0.19685330986976624,0.959496259689331,0.4583815038204193,0.6028984785079956,-0.3403809368610382,0.9356812238693237,0.46689096093177795,0.49364086985588074,0.05187604948878288,0.9996756911277771,0.41916412115097046,0.48820924758911133,-0.05183902382850647,0.999687910079956,0.4945504069328308,0.6363627314567566,-0.03842026740312576,0.8845508098602295,0.4492546617984772,0.6369990706443787,-0.21206998825073242,0.9903450608253479,0.44971251487731934,0.7492367029190063,0.13029266893863678,0.8768412470817566,0.45240455865859985,0.824405312538147,-0.1318119615316391,0.9788011312484741,0.4365598261356354,0.7649857401847839,0.14615760743618011,0.8406574726104736,0.4514431357383728,0.8491407632827759,-0.12597547471523285,0.9542908668518066,0.4567171633243561,0.808832049369812,0.0880640298128128,0.873415470123291,0.4722948968410492,0.8763027787208557,-0.21797053515911102,0.9736066460609436
122,stand,0.489262193441391,0.261417031288147,-0.47988685965538025,0.9996017217636108,0.49541085958480835,0.24343571066856384,-0.4674099385738373,0.9994703531265259,0.498424232006073,0.24327492713928223,-0.46746721863746643,0.9994649887084961,0.5012108683586121,0.24298526346683502,-0.46759289503097534,0.999549388885498,0.48476409912109375,0.24409756064414978,-0.46816739439964294,0.9993712902069092,0.48052412271499634,0.24367110431194305,-0.4682970941066742,0.9992799162864685,0.47651249170303345,0.24255156517028809,-0.4683544635772705,0.9994143843650818,0.5047091245651245,0.24582244455814362,-0.3588877320289612,0.9991129636764526,0.4717322885990143,0.2450747787952423,-0.3497031331062317,0.9992499351501465,0.49351173639297485,0.2762829661369324,-0.43583130836486816,0.999832808971405,0.4825497567653656,0.27571386098861694,-0.4357622265815735,0.99986732006073,0.5250924229621887,0.3295777142047882,-0.20224615931510925,0.9999132752418518,0.4363180994987488,0.3276638388633728,-0.2953486740589142,0.9998564124107361,0.5276923775672913,0.4362662136554718,-0.14026311039924622,0.9649491906166077,0.42546138167381287,0.4614109396934509,-0.2971152365207672,0.983605682849884,0.5128540992736816,0.5410416126251221,-0.2019985169172287,0.9782484769821167,0.4472048878669739,0.5703341364860535,-0.35090622305870056,0.975234866142273,0.5128386616706848,0.5786482095718384,-0.22256676852703094,0.9621034860610962,0.4445464015007019,0.6061126589775085,-0.38880419731140137,0.9569061994552612,0.5025560259819031,0.5745604038238525,-0.2506212592124939,0.9650580883026123,0.4567742347717285,0.6022388339042664,-0.3991714417934418,0.9569897055625916,0.5014106631278992,0.5626315474510193,-0.2150822877883911,0.9594823122024536,0.4585903584957123,0.5917536616325378,-0.3556378483772278,0.938145101070404,0.47294527292251587,0.48726385831832886,0.04362941533327103,0.9996613264083862,0.42545008659362793,0.48368746042251587,-0.04362769424915314,0.9997022151947021,0.49809637665748596,0.6246235966682434,-0.053408432751894,0.8847211599349976,0.4518018662929535,0.6312617063522339,-0.23037412762641907,0.9891600012779236,0.46462827920913696,0.7212090492248535,0.1516660749912262,0.8653662800788879,0.4526089131832123,0.814477801322937,-0.11317452043294907,0.9784273505210876,0.45426812767982483,0.7281643152236938,0.17017820477485657,0.8230903148651123,0.4512534737586975,0.8358480930328369,-0.10336174070835114,0.9498887062072754,0.46652093529701233,0.784587025642395,0.10752815008163452,0.8596898317337036,0.4673852026462555,0.8743928670883179,-0.20030471682548523,0.9728114008903503
123,stand,0.4875187873840332,0.2525652050971985,-0.5091844797134399,0.9996213316917419,0.4934607148170471,0.23532293736934662,-0.4960821568965912,0.9994475841522217,0.4964282512664795,0.23472639918327332,-0.49614644050598145,0.9994275569915771,0.49907803535461426,0.23419316112995148,-0.496270090341568,0.9995209574699402,0.48355546593666077,0.23614878952503204,-0.4982076585292816,0.9993758201599121,0.4793216586112976,0.23533940315246582,-0.49833694100379944,0.999287486076355,0.4756321907043457,0.23474496603012085,-0.4984043538570404,0.9994257092475891,0.5032063722610474,0.23653270304203033,-0.3781585097312927,0.9990388751029968,0.47093015909194946,0.23633795976638794,-0.38150376081466675,0.9992204308509827,0.4922167658805847,0.2674117982387543,-0.4605967104434967,0.9998368620872498,0.48117494583129883,0.2675328552722931,-0.462287038564682,0.9998718500137329,0.525160014629364,0.3173505961894989,-0.2156658172607422,0.9999192357063293,0.4359869062900543,0.32014867663383484,-0.309218168258667,0.9998676180839539,0.5316545963287354,0.42526981234550476,-0.149407297372818,0.9675022959709167,0.4261724054813385,0.4571843445301056,-0.3013332188129425,0.9841558933258057,0.5233191251754761,0.530486524105072,-0.21460969746112823,0.9776369333267212,0.44725075364112854,0.5645708441734314,-0.3629570007324219,0.9757918119430542,0.5242789387702942,0.5680153965950012,-0.23982062935829163,0.9597262740135193,0.4446626305580139,0.6001459956169128,-0.4029194712638855,0.9571422338485718,0.514350950717926,0.5642199516296387,-0.2687663435935974,0.9627280831336975,0.45648789405822754,0.5967168807983398,-0.4015873074531555,0.9572117328643799,0.5129261612892151,0.551788330078125,-0.22727616131305695,0.9564148783683777,0.4585915207862854,0.5867334008216858,-0.3675910234451294,0.9385257959365845,0.47765928506851196,0.48900261521339417,0.03864782676100731,0.99958336353302,0.4295158386230469,0.48454442620277405,-0.038609568029642105,0.9996770024299622,0.49748358130455017,0.6330982446670532,-0.03804038092494011,0.8717200756072998,0.45180243253707886,0.6320692896842957,-0.19878384470939636,0.9829424619674683,0.4774436950683594,0.7298441529273987,0.16873331367969513,0.8308883309364319,0.4537986218929291,0.8157726526260376,-0.0647219568490982,0.9723491072654724,0.4701278805732727,0.7318896055221558,0.18530158698558807,0.7828817367553711,0.45212405920028687,0.8371661901473999,-0.05552779510617256,0.9347725510597229,0.48660436272621155,0.7958465814590454,0.10103486478328705,0.8279498815536499,0.46723589301109314,0.8746124505996704,-0.1758984923362732,0.9664461016654968
124,stand,0.48530977964401245,0.23620489239692688,-0.45843076705932617,0.9996518492698669,0.4912659227848053,0.21945492923259735,-0.4448372721672058,0.9994749426841736,0.494245707988739,0.21845804154872894,-0.4448450207710266,0.9994555115699768,0.4972410798072815,0.2177029550075531,-0.4448915123939514,0.9995426535606384,0.4817623496055603,0.22042004764080048,-0.44330620765686035,0.9994111657142639,0.4778483510017395,0.21970200538635254,-0.443406343460083,0.9993316531181335,0.4743748605251312,0.2193734496831894,-0.44345706701278687,0.9994578957557678,0.5027444362640381,0.22196482121944427,-0.33347469568252563,0.9990909695625305,0.47116199135780334,0.2237987518310547,-0.32603880763053894,0.9992475509643555,0.4909536838531494,0.25086739659309387,-0.41383248567581177,0.9998489022254944,0.4795713424682617,0.25361505150794983,-0.41046586632728577,0.9998801350593567,0.5262855291366577,0.3099452257156372,-0.20816166698932648,0.9999246597290039,0.43571677803993225,0.3128979504108429,-0.2593475580215454,0.9998748302459717,0.5354738831520081,0.4143839180469513,-0.1407795250415802,0.9698721766471863,0.4265611171722412,0.4437786042690277,-0.24489271640777588,0.9845236539840698,0.529503583908081,0.5210756659507751,-0.20392820239067078,0.9768818020820618,0.44684848189353943,0.5519047975540161,-0.3034401535987854,0.9751662611961365,0.5320791006088257,0.558237612247467,-0.22804558277130127,0.9568390250205994,0.4447304308414459,0.5869361758232117,-0.3375299274921417,0.9552373290061951,0.5228677988052368,0.5555177330970764,-0.2539626657962799,0.9600565433502197,0.4562968313694,0.5845840573310852,-0.3543906807899475,0.9554409384727478,0.5202873945236206,0.5433858036994934,-0.21546430885791779,0.9530409574508667,0.45831984281539917,0.5742425322532654,-0.31125888228416443,0.9369865655899048,0.4857156276702881,0.4925735890865326,0.027718177065253258,0.9995248913764954,0.43660983443260193,0.4870801270008087,-0.027682941406965256,0.9996280074119568,0.505391538143158,0.6324820518493652,-0.11929686367511749,0.8797060251235962,0.45782142877578735,0.6319118738174438,-0.1995566189289093,0.9822367429733276,0.48635274171829224,0.7587441205978394,0.056595105677843094,0.8344524502754211,0.45683470368385315,0.8165084719657898,-0.06759434938430786,0.9708553552627563,0.4808037281036377,0.7673000693321228,0.06972900778055191,0.7739381194114685,0.4543224275112152,0.8363690972328186,-0.05850193649530411,0.9249712228775024,0.49255213141441345,0.8184703588485718,-0.025944601744413376,0.8302143812179565,0.4674314558506012,0.8748919367790222,-0.17191681265830994,0.9646961688995361
125,stand,0.4866970479488373,0.22579844295978546,-0.4334660470485687,0.9996849894523621,0.4926050305366516,0.20880940556526184,-0.41878730058670044,0.9995203614234924,0.4957866072654724,0.2078428864479065,-0.4188041090965271,0.9995018839836121,0.49882563948631287,0.2071337103843689,-0.41886311769485474,0.9995805621147156,0.48301976919174194,0.20996540784835815,-0.4209059774875641,0.9994640946388245,0.479390949010849,0.2097470760345459,-0.4210078716278076,0.9993922114372253,0.4761436879634857,0.2097824513912201,-0.4210503101348877,0.9995065331459045,0.5032742619514465,0.2117728292942047,-0.3033040165901184,0.9991673231124878,0.4721926152706146,0.21385915577411652,-0.3109351396560669,0.9993128180503845,0.4925612509250641,0.24193237721920013,-0.38702258467674255,0.999862551689148,0.4806641936302185,0.24307267367839813,-0.38905659317970276,0.9998909831047058,0.5276484489440918,0.3006173372268677,-0.1764112412929535,0.9999302625656128,0.4361598491668701,0.3045090436935425,-0.23728033900260925,0.9998847246170044,0.5408302545547485,0.40749451518058777,-0.10716451704502106,0.9721969962120056,0.4264809191226959,0.43188756704330444,-0.2141624242067337,0.9853465557098389,0.5369892716407776,0.5137476921081543,-0.17177455127239227,0.9773778319358826,0.4449935853481293,0.5435014963150024,-0.28221964836120605,0.9757793545722961,0.5408335328102112,0.5493236780166626,-0.19411639869213104,0.9567478895187378,0.44409018754959106,0.5762786865234375,-0.3161088228225708,0.9556522965431213,0.532082736492157,0.5471318960189819,-0.22252222895622253,0.9599249362945557,0.45422396063804626,0.5747291445732117,-0.3380035161972046,0.9560006260871887,0.5289701819419861,0.5356743931770325,-0.18385963141918182,0.9526230692863464,0.45591703057289124,0.5645243525505066,-0.2914886176586151,0.9383888840675354,0.4956790804862976,0.49575361609458923,0.023264672607183456,0.9994854927062988,0.4437117576599121,0.494240403175354,-0.02319898083806038,0.9996210336685181,0.5104284882545471,0.6261929273605347,-0.10978615283966064,0.8892928957939148,0.45933961868286133,0.6316022872924805,-0.21993310749530792,0.983116626739502,0.4971767067909241,0.7788744568824768,0.06972266733646393,0.8453269004821777,0.4578288495540619,0.8166853785514832,-0.0881386250257492,0.9724717736244202,0.4905485510826111,0.7978642582893372,0.08186092227697372,0.7787510752677917,0.4562254846096039,0.8384847640991211,-0.08002971112728119,0.9248567819595337,0.5088361501693726,0.8336629867553711,-0.02333725057542324,0.8401305079460144,0.4671821594238281,0.8746450543403625,-0.18551360070705414,0.9663233160972595
126,stand,0.4878695011138916,0.21462303400039673,-0.43382972478866577,0.9997157454490662,0.4934254288673401,0.19830499589443207,-0.4219300150871277,0.999565064907074,0.4965244233608246,0.19797053933143616,-0.4221029281616211,0.9995481967926025,0.4994121491909027,0.197775736451149,-0.42237234115600586,0.9996187686920166,0.4839544892311096,0.19865185022354126,-0.4237986207008362,0.9995155930519104,0.48066434264183044,0.1989724040031433,-0.42388391494750977,0.9994509220123291,0.47732919454574585,0.19935372471809387,-0.4239158630371094,0.9995536804199219,0.5031747817993164,0.2026313990354538,-0.3135220408439636,0.99924236536026,0.4729606509208679,0.20641382038593292,-0.3173564076423645,0.9993784427642822,0.49350112676620483,0.23161712288856506,-0.3908250629901886,0.9998754262924194,0.4815449118614197,0.2300254851579666,-0.3902198076248169,0.999901294708252,0.5283581018447876,0.29129213094711304,-0.18784736096858978,0.9999362826347351,0.4369257986545563,0.2996577024459839,-0.25519445538520813,0.9998953938484192,0.5466240644454956,0.39828160405158997,-0.11247386783361435,0.9747071862220764,0.42665839195251465,0.42252296209335327,-0.2222139835357666,0.9864135980606079,0.5443419218063354,0.5073680281639099,-0.18500439822673798,0.979051411151886,0.4443153738975525,0.5388577580451965,-0.2820650637149811,0.9770358800888062,0.548631489276886,0.5422038435935974,-0.20607133209705353,0.9591665267944336,0.4434470236301422,0.568824827671051,-0.31229594349861145,0.9570946097373962,0.5403522253036499,0.5402361750602722,-0.23454515635967255,0.9621838331222534,0.4534528851509094,0.5676437616348267,-0.3352813124656677,0.957548975944519,0.5372737646102905,0.529759407043457,-0.19666019082069397,0.9550522565841675,0.4553365111351013,0.5583866834640503,-0.2909546494483948,0.9408568143844604,0.5035656690597534,0.4955250322818756,0.023080816492438316,0.9994338154792786,0.4510635733604431,0.4946005046367645,-0.023039713501930237,0.9996263980865479,0.5094173550605774,0.6291424632072449,-0.0008354277233593166,0.8955076336860657,0.4615185260772705,0.6379868388175964,-0.16184312105178833,0.9833356738090515,0.5112715363502502,0.7940407395362854,0.1378139704465866,0.8550378680229187,0.4580533504486084,0.8194610476493835,-0.0701335072517395,0.9740847945213318,0.5026224255561829,0.8149541020393372,0.14426323771476746,0.7793725728988647,0.4571009576320648,0.8443226218223572,-0.06827451288700104,0.922645628452301,0.5249875783920288,0.8405502438545227,0.009701522067189217,0.8493714928627014,0.4665399193763733,0.873004138469696,-0.1987069547176361,0.9678468704223633
127,stand,0.48884645104408264,0.20461542904376984,-0.4362460672855377,0.999742865562439,0.49445289373397827,0.18922822177410126,-0.42532601952552795,0.999603271484375,0.4974640905857086,0.18960244953632355,-0.42554959654808044,0.9995876550674438,0.5002765655517578,0.1897888332605362,-0.4258899688720703,0.9996511340141296,0.48492106795310974,0.18890374898910522,-0.4292508661746979,0.9995606541633606,0.481448233127594,0.18874947726726532,-0.42936697602272034,0.9995021224021912,0.478201687335968,0.18869490921497345,-0.42941975593566895,0.999594509601593,0.5032363533973694,0.19474069774150848,-0.3180239796638489,0.9993056654930115,0.4737769067287445,0.19595001637935638,-0.3276776671409607,0.9994341731071472,0.494029700756073,0.22145119309425354,-0.3940010964870453,0.9998862743377686,0.48231014609336853,0.2201489359140396,-0.3931054472923279,0.9999101161956787,0.5291417837142944,0.28708261251449585,-0.21177034080028534,0.9999406933784485,0.4374721944332123,0.29238221049308777,-0.2459496557712555,0.999904215335846,0.551388680934906,0.3919837176799774,-0.1659756302833557,0.9770010709762573,0.4264642298221588,0.4160896837711334,-0.2060360610485077,0.9869719743728638,0.5504226088523865,0.5016428232192993,-0.24051114916801453,0.9802896976470947,0.4425153136253357,0.5275258421897888,-0.2753702998161316,0.9766430258750916,0.5548110604286194,0.5369802117347717,-0.2676970362663269,0.9604068398475647,0.4426238536834717,0.558986485004425,-0.3053346276283264,0.955114483833313,0.5464270710945129,0.5344470143318176,-0.2941630482673645,0.963352382183075,0.45159077644348145,0.5540019869804382,-0.33180898427963257,0.9558342695236206,0.5434592962265015,0.525188684463501,-0.2513396739959717,0.9560121297836304,0.4529860019683838,0.5430768132209778,-0.2860403060913086,0.9392234683036804,0.5099297761917114,0.4967738389968872,0.012424016371369362,0.9993290901184082,0.45759931206703186,0.49866676330566406,-0.012365234084427357,0.9996073246002197,0.5124780535697937,0.631727397441864,0.0015427537728101015,0.9000414609909058,0.4650708734989166,0.6401131749153137,-0.14504514634609222,0.9813708066940308,0.5203348398208618,0.8027132749557495,0.13137926161289215,0.8628962635993958,0.45824795961380005,0.8232932090759277,-0.06037517637014389,0.9737018942832947,0.5158861875534058,0.8256534934043884,0.1267707645893097,0.7780935764312744,0.4582541882991791,0.852845311164856,-0.06017367169260979,0.908973753452301,0.5321485996246338,0.8403756618499756,-0.0013587807770818472,0.8569803833961487,0.46580466628074646,0.8697369694709778,-0.20309481024742126,0.9670553207397461
128,stand,0.4889431595802307,0.19662147760391235,-0.3854469358921051,0.999768078327179,0.49443134665489197,0.1813541054725647,-0.37059634923934937,0.9996405839920044,0.4973905682563782,0.18133282661437988,-0.37062230706214905,0.9996262192726135,0.499985933303833,0.18136270344257355,-0.3706647455692291,0.9996834397315979,0.4845966696739197,0.18144255876541138,-0.3725098669528961,0.9996028542518616,0.48103100061416626,0.18158355355262756,-0.3725798428058624,0.9995500445365906,0.4776288866996765,0.18196286261081696,-0.3725897967815399,0.999633252620697,0.5029467344284058,0.186849907040596,-0.26296713948249817,0.9993694424629211,0.4736432433128357,0.18920643627643585,-0.2707972824573517,0.9994872808456421,0.49430832266807556,0.2121574878692627,-0.34341973066329956,0.9998969435691833,0.4824914038181305,0.21167944371700287,-0.34556397795677185,0.9999185800552368,0.530009388923645,0.28089386224746704,-0.17979754507541656,0.9999454021453857,0.4377667009830475,0.2875745892524719,-0.17960098385810852,0.9999111890792847,0.5568002462387085,0.38407498598098755,-0.1631615161895752,0.9791630506515503,0.42629629373550415,0.412591814994812,-0.13924455642700195,0.9873907566070557,0.5562965273857117,0.4940034747123718,-0.23202212154865265,0.9817600846290588,0.43962693214416504,0.5213140249252319,-0.22165293991565704,0.9765070676803589,0.5595141053199768,0.5290047526359558,-0.2617623805999756,0.9626425504684448,0.43921932578086853,0.5543286800384521,-0.25253206491470337,0.9536505937576294,0.5516774654388428,0.5270910263061523,-0.28883498907089233,0.9654431939125061,0.4480876922607422,0.549578070640564,-0.2776215374469757,0.9546712636947632,0.5488718152046204,0.5179200768470764,-0.24359242618083954,0.9582395553588867,0.4503268599510193,0.5382306575775146,-0.23209698498249054,0.9383297562599182,0.5129542350769043,0.497601181268692,0.0005761507200077176,0.9993324875831604,0.4626184403896332,0.5018021464347839,-0.0005895185167901218,0.9996163845062256,0.5124149322509766,0.6415336728096008,-0.004315105266869068,0.9083654284477234,0.46618181467056274,0.6497796773910522,-0.10694630444049835,0.981684148311615,0.5267316699028015,0.8076466917991638,0.13272978365421295,0.8745952844619751,0.4583718776702881,0.8263874650001526,0.013223101384937763,0.9747769236564636,0.5218576192855835,0.8295255899429321,0.13591215014457703,0.7785500288009644,0.45817598700523376,0.8551806211471558,0.01773032732307911,0.899482011795044,0.533241331577301,0.8536995649337769,0.011445393785834312,0.8680695295333862,0.46476465463638306,0.8699356913566589,-0.11790700256824493,0.9679644107818604
129,stand,0.4892326891422272,0.18745367228984833,-0.3274821937084198,0.9997910261154175,0.49489545822143555,0.17427873611450195,-0.3116667866706848,0.999675452709198,0.4978318214416504,0.17435994744300842,-0.3116651475429535,0.9996623992919922,0.5004482269287109,0.17456015944480896,-0.31165915727615356,0.9997138977050781,0.4850855767726898,0.17398689687252045,-0.3140852749347687,0.9996417760848999,0.4814562201499939,0.17413997650146484,-0.31414279341697693,0.9995942711830139,0.4780711233615875,0.17454107105731964,-0.3141433894634247,0.9996691346168518,0.5034173130989075,0.18177002668380737,-0.20829620957374573,0.9994300007820129,0.4738408625125885,0.18347738683223724,-0.21974381804466248,0.9995371699333191,0.4944925308227539,0.2047448754310608,-0.28789570927619934,0.9999068975448608,0.4826459288597107,0.20495478808879852,-0.2912912964820862,0.9999265074729919,0.5312771797180176,0.2758830487728119,-0.1319420039653778,0.9999499320983887,0.4396387040615082,0.2829275131225586,-0.14394085109233856,0.9999185800552368,0.5611972808837891,0.37636786699295044,-0.10064886510372162,0.9810890555381775,0.4264988899230957,0.4050616919994354,-0.10791885852813721,0.9881150126457214,0.5613406300544739,0.48787716031074524,-0.196100652217865,0.9830904006958008,0.43621283769607544,0.5124556422233582,-0.18099921941757202,0.9771440029144287,0.5640541315078735,0.5228540301322937,-0.22566571831703186,0.9646957516670227,0.43627530336380005,0.546661913394928,-0.20733532309532166,0.9539220929145813,0.5563393831253052,0.5210259556770325,-0.25061550736427307,0.9673598408699036,0.44417065382003784,0.5438583493232727,-0.23069484531879425,0.955048680305481,0.5535589456558228,0.5118419528007507,-0.20699350535869598,0.9603596925735474,0.4468213617801666,0.5325309038162231,-0.1906396448612213,0.9391352534294128,0.5154528617858887,0.49762874841690063,0.006154336035251617,0.999363124370575,0.4642077088356018,0.5026703476905823,-0.0062325503677129745,0.9996302723884583,0.5172358751296997,0.6421588659286499,-0.0389530286192894,0.916561484336853,0.4676195979118347,0.651606023311615,-0.10190843045711517,0.9827911853790283,0.5269765853881836,0.8099687099456787,0.07681550830602646,0.8860241174697876,0.45845547318458557,0.8263368606567383,0.01487230695784092,0.9763923287391663,0.5216754078865051,0.832131028175354,0.08128875494003296,0.790333092212677,0.45862770080566406,0.8545739650726318,0.019411254674196243,0.8938918113708496,0.5357842445373535,0.859393298625946,-0.03640351444482803,0.8796811699867249,0.4648398458957672,0.8697138428688049,-0.10777495801448822,0.9696882367134094
130,stand,0.48935872316360474,0.1804528385400772,-0.3014381229877472,0.9998116493225098,0.49506789445877075,0.16766256093978882,-0.2851536273956299,0.9997068047523499,0.4980278015136719,0.1680859625339508,-0.2851462960243225,0.9996949434280396,0.5006250143051147,0.16850079596042633,-0.28511783480644226,0.9997411966323853,0.48535823822021484,0.16742786765098572,-0.2875783443450928,0.9996767640113831,0.48178401589393616,0.16770397126674652,-0.2876238226890564,0.9996340870857239,0.47840943932533264,0.1681283563375473,-0.28762274980545044,0.9997014403343201,0.5035844445228577,0.17721112072467804,-0.18249458074569702,0.9994842410087585,0.47402405738830566,0.1780230849981308,-0.194175124168396,0.9995819926261902,0.49503740668296814,0.19788898527622223,-0.2626231908798218,0.9999158382415771,0.4831107556819916,0.19864198565483093,-0.2661002278327942,0.9999336004257202,0.533053994178772,0.27129364013671875,-0.10596685111522675,0.9999537467956543,0.4423708915710449,0.2792060673236847,-0.125409334897995,0.9999250173568726,0.5654333829879761,0.3717798888683319,-0.06410245597362518,0.9826955199241638,0.4275246262550354,0.40098994970321655,-0.09163710474967957,0.9887971878051758,0.5658678412437439,0.48327115178108215,-0.15654084086418152,0.9838627576828003,0.43435701727867126,0.5065748691558838,-0.16600851714611053,0.9777559638023376,0.5685531497001648,0.5183436870574951,-0.18304742872714996,0.9654290676116943,0.4344055652618408,0.5400010347366333,-0.19140297174453735,0.954399049282074,0.5601123571395874,0.516172468662262,-0.20918738842010498,0.9680631160736084,0.4421212077140808,0.5385534167289734,-0.21582618355751038,0.9556205868721008,0.5573865175247192,0.5068903565406799,-0.16802100837230682,0.9611350893974304,0.4448429048061371,0.5268420577049255,-0.17605271935462952,0.9401217103004456,0.5191811919212341,0.497685968875885,0.00818552915006876,0.9993999600410461,0.46737486124038696,0.5028292536735535,-0.00828766729682684,0.9996390342712402,0.5207971334457397,0.6438468098640442,-0.054935384541749954,0.9241238236427307,0.4676078259944916,0.6539408564567566,-0.07436816394329071,0.9838157892227173,0.5267610549926758,0.8096628189086914,0.06028540059924126,0.8965116739273071,0.4583949148654938,0.8263190388679504,0.039604876190423965,0.9777747392654419,0.5216425657272339,0.8316859006881714,0.06496744602918625,0.8020396828651428,0.4584959149360657,0.8541896343231201,0.043866436928510666,0.8866373896598816,0.5354636907577515,0.8592311143875122,-0.05308372899889946,0.8904041051864624,0.46397700905799866,0.869793713092804,-0.07991500198841095,0.971107542514801
131,stand,0.4905145764350891,0.17512618005275726,-0.3120388388633728,0.9998301863670349,0.4956541955471039,0.16288568079471588,-0.29543811082839966,0.9997347593307495,0.4986092150211334,0.16331136226654053,-0.29543060064315796,0.9997239112854004,0.5012368559837341,0.16382676362991333,-0.2953994870185852,0.9997654557228088,0.4861661493778229,0.1624825894832611,-0.2979995310306549,0.9997081756591797,0.4825535714626312,0.1626436412334442,-0.29805392026901245,0.9996698498725891,0.47901105880737305,0.16290706396102905,-0.2980620563030243,0.9997304677963257,0.5041874647140503,0.1730797290802002,-0.18891462683677673,0.9995318055152893,0.4745098948478699,0.17307725548744202,-0.20157139003276825,0.9996222257614136,0.49616989493370056,0.19272464513778687,-0.27161258459091187,0.9999237656593323,0.484433114528656,0.19302722811698914,-0.2753881812095642,0.9999399185180664,0.5343098044395447,0.26604795455932617,-0.10829446464776993,0.9999566674232483,0.44465532898902893,0.27573874592781067,-0.12393619865179062,0.9999309182167053,0.5686467885971069,0.3642178773880005,-0.059961505234241486,0.9841902256011963,0.4288632869720459,0.3948226571083069,-0.08254946023225784,0.9893476366996765,0.5696131587028503,0.47685471177101135,-0.1472368985414505,0.9846475720405579,0.4334867000579834,0.5022784471511841,-0.16214850544929504,0.9782765507698059,0.5725545287132263,0.512910008430481,-0.1722821742296219,0.9662433862686157,0.43358516693115234,0.5356981754302979,-0.18855008482933044,0.9546873569488525,0.5640522241592407,0.5105025172233582,-0.19956228137016296,0.968833327293396,0.4404922127723694,0.5337605476379395,-0.21558985114097595,0.9560059905052185,0.5613054037094116,0.501434326171875,-0.15901276469230652,0.9619458317756653,0.44297701120376587,0.5224229097366333,-0.1734037697315216,0.9408819079399109,0.5218385457992554,0.49665218591690063,0.006711273454129696,0.9994122982025146,0.46953287720680237,0.5022050142288208,-0.006808255799114704,0.9996448159217834,0.5228285789489746,0.6451491713523865,-0.009225809946656227,0.9305269718170166,0.4680821895599365,0.6539859175682068,-0.08079537004232407,0.9847887754440308,0.5264617204666138,0.811069667339325,0.09513916075229645,0.9056623578071594,0.45808306336402893,0.8268982172012329,0.03724490478634834,0.979106605052948,0.5206753015518188,0.8366458415985107,0.0927564948797226,0.8091320395469666,0.4584144651889801,0.8541125059127808,0.04144608601927757,0.8823958039283752,0.5353880524635315,0.8597910404205322,-0.018940387293696404,0.899661123752594,0.46399563550949097,0.8694512248039246,-0.08726614713668823,0.9726567268371582
132,stand,0.49157682061195374,0.17046810686588287,-0.2967371642589569,0.9998465180397034,0.49629420042037964,0.15826736390590668,-0.28066012263298035,0.9997583627700806,0.4993515610694885,0.15863554179668427,-0.28066274523735046,0.9997484087944031,0.502014696598053,0.1591799557209015,-0.28063321113586426,0.9997855424880981,0.4869577884674072,0.15789416432380676,-0.28244855999946594,0.9997352361679077,0.48340973258018494,0.1581125408411026,-0.28249725699424744,0.9997009038925171,0.4797888696193695,0.15834860503673553,-0.28251755237579346,0.9997554421424866,0.5056220293045044,0.16894958913326263,-0.17613789439201355,0.9995712041854858,0.47581449151039124,0.1679188460111618,-0.18532997369766235,0.9996562004089355,0.4975042939186096,0.18803350627422333,-0.25713425874710083,0.9999303221702576,0.4862075448036194,0.1884063333272934,-0.2598969340324402,0.9999451637268066,0.5364366173744202,0.26232853531837463,-0.099420927464962,0.9999583959579468,0.44773778319358826,0.27167659997940063,-0.10694297403097153,0.9999353885650635,0.5716145634651184,0.3582773804664612,-0.050906188786029816,0.9855091571807861,0.43015947937965393,0.38737836480140686,-0.062318187206983566,0.9895631670951843,0.5727153420448303,0.47048652172088623,-0.13811860978603363,0.9853457808494568,0.4319910407066345,0.4936765134334564,-0.14311203360557556,0.9783056378364563,0.5757228136062622,0.5074974298477173,-0.16265538334846497,0.9670740962028503,0.43187060952186584,0.5299859046936035,-0.16861657798290253,0.954269289970398,0.5673934817314148,0.5053873658180237,-0.1918775886297226,0.9696186780929565,0.43800073862075806,0.5282760858535767,-0.19826668500900269,0.9557410478591919,0.564414381980896,0.49634796380996704,-0.1505640745162964,0.9627513885498047,0.4403194487094879,0.5176703333854675,-0.15569624304771423,0.9408453106880188,0.523556649684906,0.49648985266685486,0.005108400247991085,0.9994043707847595,0.4714454710483551,0.501268744468689,-0.005168689414858818,0.9996432065963745,0.5244672894477844,0.6475333571434021,0.009696323424577713,0.936413049697876,0.4686804711818695,0.6547905206680298,-0.06392849236726761,0.9857626557350159,0.527255654335022,0.8121193051338196,0.11673065274953842,0.9140177369117737,0.45805710554122925,0.8269156813621521,0.04980388283729553,0.9803962111473083,0.5209595561027527,0.8384122848510742,0.11710047721862793,0.8171526789665222,0.4581776559352875,0.8568388819694519,0.053152382373809814,0.879496693611145,0.5356765985488892,0.8584601283073425,-0.015422893688082695,0.9080243706703186,0.4642488956451416,0.8667600154876709,-0.07597940415143967,0.9740457534790039
133,stand,0.49375468492507935,0.1648697555065155,-0.2979826033115387,0.9998613595962524,0.4980795383453369,0.15318237245082855,-0.28180062770843506,0.9997803568840027,0.5011828541755676,0.15360194444656372,-0.28179672360420227,0.999771237373352,0.5037564635276794,0.15417149662971497,-0.28176411986351013,0.9998044967651367,0.48896676301956177,0.15280812978744507,-0.2841152250766754,0.9997601509094238,0.4855329394340515,0.15314602851867676,-0.28416720032691956,0.9997293949127197,0.48200535774230957,0.15358030796051025,-0.28418558835983276,0.9997784495353699,0.5075401067733765,0.16396303474903107,-0.1753212809562683,0.9996084570884705,0.478238970041275,0.1631530523300171,-0.18704955279827118,0.9996878504753113,0.49959301948547363,0.18171562254428864,-0.2575087547302246,0.9999364018440247,0.4887694716453552,0.18256309628486633,-0.2609984576702118,0.9999499917030334,0.5387037992477417,0.25715121626853943,-0.09325335919857025,0.9999597668647766,0.4505435526371002,0.2674756944179535,-0.10888699442148209,0.9999394416809082,0.5747151970863342,0.35355955362319946,-0.038384560495615005,0.9866372346878052,0.43196702003479004,0.3819752633571625,-0.06271852552890778,0.9898152351379395,0.5748803615570068,0.4623565375804901,-0.12248929589986801,0.985874354839325,0.4311557710170746,0.486799955368042,-0.142990842461586,0.978545069694519,0.5774028897285461,0.501505970954895,-0.1454976499080658,0.9676020741462708,0.43079647421836853,0.5228310227394104,-0.16843220591545105,0.9544703960418701,0.5692114233970642,0.49956274032592773,-0.17595957219600677,0.9701223373413086,0.43679341673851013,0.5207298994064331,-0.1993372142314911,0.9560750126838684,0.566120445728302,0.4891943633556366,-0.1353195607662201,0.9632642269134521,0.43903660774230957,0.5102171301841736,-0.15608957409858704,0.9415165781974792,0.5259292125701904,0.4933944344520569,0.006911691278219223,0.9994000792503357,0.47369080781936646,0.496642142534256,-0.006970231421291828,0.999642014503479,0.5252806544303894,0.6477633714675903,0.013092808425426483,0.9418041706085205,0.47040027379989624,0.6538294553756714,-0.0587184838950634,0.9867342710494995,0.5267674326896667,0.8145067691802979,0.11859440803527832,0.9217158555984497,0.4580225944519043,0.8268707394599915,0.046824343502521515,0.9817221760749817,0.520539402961731,0.8399513363838196,0.12000985443592072,0.825956404209137,0.45805954933166504,0.8569285869598389,0.04922414943575859,0.8779681921005249,0.5376364588737488,0.8609243631362915,-0.007792987860739231,0.9158272743225098,0.46474188566207886,0.8667103052139282,-0.08050286024808884,0.9754889607429504
134,stand,0.49566036462783813,0.15895205736160278,-0.3049840033054352,0.999874472618103,0.4999876022338867,0.1483689695596695,-0.28895193338394165,0.9997991323471069,0.5030509233474731,0.1489056646823883,-0.2889464199542999,0.9997907280921936,0.5056377649307251,0.14962776005268097,-0.2889190912246704,0.9998204112052917,0.4909682869911194,0.14778098464012146,-0.290707528591156,0.9997819066047668,0.48762208223342896,0.1480797827243805,-0.29076260328292847,0.9997544288635254,0.4842441976070404,0.14848941564559937,-0.29078468680381775,0.9997985363006592,0.5097090005874634,0.1604190468788147,-0.1824045479297638,0.999640166759491,0.48068881034851074,0.15861326456069946,-0.19157007336616516,0.9997149109840393,0.5014145970344543,0.17577910423278809,-0.26453399658203125,0.9999414682388306,0.49067655205726624,0.17632955312728882,-0.2673010528087616,0.9999539256095886,0.5409671068191528,0.2529192268848419,-0.09820974618196487,0.9999591112136841,0.4530647397041321,0.2645247280597687,-0.10826697200536728,0.9999421238899231,0.5775970220565796,0.3474298119544983,-0.03265398368239403,0.9875996708869934,0.43404728174209595,0.37712568044662476,-0.054779909551143646,0.9898512363433838,0.5774248838424683,0.4543808400630951,-0.10735148191452026,0.9859979152679443,0.4313879609107971,0.48251229524612427,-0.1344355046749115,0.9782986640930176,0.5795126557350159,0.4941110908985138,-0.12733981013298035,0.9671042561531067,0.4302729070186615,0.5187337398529053,-0.15897366404533386,0.9536640644073486,0.5716438889503479,0.49132096767425537,-0.1589028537273407,0.9696701765060425,0.43645644187927246,0.5162051916122437,-0.19065354764461517,0.9554347991943359,0.5685678720474243,0.4793545603752136,-0.12020518630743027,0.9626678228378296,0.43884891271591187,0.5054276585578918,-0.1480376422405243,0.9410579204559326,0.5277925729751587,0.49032062292099,0.00423396984115243,0.9993743896484375,0.4755730628967285,0.4928232729434967,-0.00428421888500452,0.9996309876441956,0.5257102251052856,0.647733747959137,0.010237679816782475,0.9465636014938354,0.47162938117980957,0.6539372801780701,-0.04785480350255966,0.9875295758247375,0.5276093482971191,0.8164764642715454,0.11909125745296478,0.9284341335296631,0.45833057165145874,0.8273541927337646,0.06170431897044182,0.9827924966812134,0.5220208168029785,0.8401020765304565,0.12117747962474823,0.8319348692893982,0.45967811346054077,0.8581303358078003,0.06425261497497559,0.8753565549850464,0.538962721824646,0.8618471026420593,-0.0043393345549702644,0.9225416779518127,0.46475473046302795,0.8670110702514648,-0.0673818364739418,0.9765738248825073
135,stand,0.4981161653995514,0.1556689441204071,-0.312944620847702,0.9998854398727417,0.5023641586303711,0.14512139558792114,-0.2974458336830139,0.9998128414154053,0.505308210849762,0.14579781889915466,-0.2974455952644348,0.9998046159744263,0.5079151391983032,0.14674295485019684,-0.29742616415023804,0.9998310208320618,0.4933503270149231,0.1443626582622528,-0.29855239391326904,0.9997994303703308,0.4899827539920807,0.14461594820022583,-0.2986080050468445,0.9997748136520386,0.48671355843544006,0.1451522260904312,-0.29863449931144714,0.9998146891593933,0.512004017829895,0.1580054759979248,-0.19122585654258728,0.9996615648269653,0.4831419587135315,0.1559581309556961,-0.19718825817108154,0.9997345209121704,0.5035566091537476,0.17262372374534607,-0.27237969636917114,0.9999445676803589,0.4932538568973541,0.1727280467748642,-0.27420857548713684,0.9999563097953796,0.5433139801025391,0.24960674345493317,-0.10706271976232529,0.9999553561210632,0.4554511606693268,0.261169970035553,-0.11046574264764786,0.999943733215332,0.5814727544784546,0.34217098355293274,-0.04798559099435806,0.9883943200111389,0.43568867444992065,0.37533459067344666,-0.05292254686355591,0.9894424080848694,0.578938364982605,0.4487382769584656,-0.1271606832742691,0.9856284856796265,0.431965172290802,0.47858038544654846,-0.13488759100437164,0.9774110913276672,0.5798266530036926,0.4870307445526123,-0.1488538682460785,0.965499222278595,0.43050503730773926,0.5141748189926147,-0.1600075662136078,0.951887845993042,0.5718504786491394,0.48341548442840576,-0.17952285706996918,0.9681487679481506,0.4368574619293213,0.5109468102455139,-0.19226878881454468,0.9539085030555725,0.5690621137619019,0.4714753031730652,-0.13973644375801086,0.9606755375862122,0.4393458366394043,0.49966880679130554,-0.14887063205242157,0.939544141292572,0.5289274454116821,0.4883101284503937,0.0026281278114765882,0.9993297457695007,0.4768090844154358,0.48969578742980957,-0.002653611358255148,0.9996219873428345,0.5267806649208069,0.6478270292282104,0.0024680597707629204,0.9503641724586487,0.47304004430770874,0.6502336859703064,-0.06274808943271637,0.9880588054656982,0.527671217918396,0.8180583715438843,0.11155398935079575,0.933957576751709,0.45901042222976685,0.827602207660675,0.039915334433317184,0.9836621284484863,0.5225390195846558,0.8425893187522888,0.11235272884368896,0.8359420299530029,0.461721807718277,0.8581870198249817,0.041694093495607376,0.8742585778236389,0.5392735600471497,0.8607771396636963,-0.013300995342433453,0.9278491139411926,0.46205225586891174,0.8648067116737366,-0.09055802971124649,0.9773804545402527
136,stand,0.5001571774482727,0.15768730640411377,-0.32625994086265564,0.9998951554298401,0.5044738054275513,0.1465378701686859,-0.3109740614891052,0.9998244047164917,0.5072792768478394,0.14720456302165985,-0.31097784638404846,0.9998161196708679,0.5099266171455383,0.14792795479297638,-0.31096962094306946,0.9998395442962646,0.4955967962741852,0.1457338184118271,-0.31251421570777893,0.9998147487640381,0.4922653138637543,0.14583726227283478,-0.3125768005847931,0.9997926354408264,0.48894673585891724,0.1461922824382782,-0.3126029074192047,0.9998287558555603,0.5143489837646484,0.15814198553562164,-0.20302292704582214,0.9996786713600159,0.4853282868862152,0.15642479062080383,-0.2099134624004364,0.9997515678405762,0.5055443644523621,0.1753489077091217,-0.2846497893333435,0.9999468326568604,0.4952875077724457,0.17529429495334625,-0.2868393063545227,0.9999580979347229,0.5450801849365234,0.24627962708473206,-0.11399813741445541,0.9999532699584961,0.45742297172546387,0.260021835565567,-0.116726353764534,0.9999454617500305,0.5845775604248047,0.3345676362514496,-0.057068973779678345,0.9891926646232605,0.43727579712867737,0.3745395541191101,-0.05492568016052246,0.9894154071807861,0.5804756879806519,0.4393361508846283,-0.13979166746139526,0.9857169985771179,0.4323563575744629,0.4737807512283325,-0.14116057753562927,0.977555513381958,0.5800617933273315,0.4779040813446045,-0.16229094564914703,0.9649471640586853,0.43081793189048767,0.5109372735023499,-0.1671120524406433,0.9519160985946655,0.571786642074585,0.4747984707355499,-0.1912660300731659,0.9676303267478943,0.43722519278526306,0.5075908303260803,-0.19960744678974152,0.9540778398513794,0.5694418549537659,0.4624153673648834,-0.15216442942619324,0.9597679376602173,0.43977054953575134,0.4957418739795685,-0.15513655543327332,0.939917802810669,0.529715359210968,0.4866636097431183,0.001260440214537084,0.9992833137512207,0.4779280126094818,0.4872094392776489,-0.0012769077438861132,0.9996126890182495,0.5274719595909119,0.6476496458053589,0.0013410707470029593,0.9536855220794678,0.47350749373435974,0.6481351852416992,-0.07053245604038239,0.9885196089744568,0.5267987251281738,0.8184437155723572,0.09870894998311996,0.9389272928237915,0.4596148133277893,0.8277206420898438,0.036939192563295364,0.9844769239425659,0.5217721462249756,0.8422056436538696,0.1001460924744606,0.8408873677253723,0.4630509316921234,0.8580695390701294,0.03902939334511757,0.87447190284729,0.539682149887085,0.8613401055335999,-0.025188494473695755,0.9327870607376099,0.459653377532959,0.8642100095748901,-0.09403657168149948,0.97819584608078
137,stand,0.5025395154953003,0.16037923097610474,-0.33104297518730164,0.9999043345451355,0.5068444013595581,0.14770029485225677,-0.31542712450027466,0.9998363852500916,0.5095314979553223,0.14811207354068756,-0.3154442012310028,0.9998282790184021,0.5122142434120178,0.1484610140323639,-0.31546318531036377,0.9998488426208496,0.4979739189147949,0.1474054604768753,-0.3178023397922516,0.9998295307159424,0.4945433735847473,0.14734499156475067,-0.31786903738975525,0.999809741973877,0.49098244309425354,0.14752227067947388,-0.31789514422416687,0.9998424053192139,0.5167917013168335,0.1572013795375824,-0.2083418369293213,0.9996984601020813,0.4868083596229553,0.15650574862957,-0.21539628505706787,0.9997692704200745,0.5077546834945679,0.17785578966140747,-0.28983408212661743,0.9999498724937439,0.497509628534317,0.17801852524280548,-0.2923952639102936,0.9999604225158691,0.5476220846176147,0.2460293471813202,-0.11673834174871445,0.9999529123306274,0.45943671464920044,0.2589036822319031,-0.11788749694824219,0.9999477863311768,0.5886350274085999,0.3281044661998749,-0.05272556468844414,0.9900179505348206,0.4391874670982361,0.372069388628006,-0.04821334406733513,0.9897538423538208,0.5816134214401245,0.42939236760139465,-0.14031657576560974,0.9861417412757874,0.43256324529647827,0.47078967094421387,-0.14019106328487396,0.9784826636314392,0.580632746219635,0.4668779969215393,-0.16455671191215515,0.9653300642967224,0.4310131072998047,0.5084216594696045,-0.1675717979669571,0.9535437822341919,0.5718542337417603,0.46434593200683594,-0.19496585428714752,0.9679843783378601,0.4373196065425873,0.5045367479324341,-0.20137086510658264,0.9557269811630249,0.5698156952857971,0.45274364948272705,-0.15294410288333893,0.959944486618042,0.4398670792579651,0.4922509491443634,-0.15482449531555176,0.9421257972717285,0.5301916599273682,0.4867997467517853,0.0008932201308198273,0.9992600679397583,0.47866544127464294,0.4872263967990875,-0.0009005299070850015,0.9996062517166138,0.527690589427948,0.6471434235572815,0.0037355900276452303,0.9573558568954468,0.4735029339790344,0.6480821967124939,-0.04499467834830284,0.9892306327819824,0.5268111228942871,0.8167697191238403,0.11217089742422104,0.9441694021224976,0.4600321650505066,0.8260349631309509,0.07608044892549515,0.9855404496192932,0.5216456651687622,0.8397543430328369,0.11421176046133041,0.84918612241745,0.4643743634223938,0.8505668044090271,0.07931351661682129,0.8785080313682556,0.5394634008407593,0.862307071685791,-0.01906881108880043,0.9382579922676086,0.45739778876304626,0.8644212484359741,-0.052267394959926605,0.9794615507125854
138,stand,0.5043021440505981,0.16017907857894897,-0.3216867744922638,0.9999122023582458,0.5085029602050781,0.1475529968738556,-0.3067166805267334,0.9998453855514526,0.5111712217330933,0.14794805645942688,-0.3067152500152588,0.9998373985290527,0.5139145255088806,0.14834356307983398,-0.3066943287849426,0.9998551607131958,0.4997313916683197,0.14724190533161163,-0.30745092034339905,0.9998416900634766,0.4962824881076813,0.1471855193376541,-0.30750322341918945,0.9998241066932678,0.49267274141311646,0.14744949340820312,-0.30751872062683105,0.9998535513877869,0.5185696482658386,0.1571359932422638,-0.19880789518356323,0.9997135400772095,0.48814383149147034,0.15710505843162537,-0.20158156752586365,0.9997828602790833,0.5095363855361938,0.17799800634384155,-0.279992938041687,0.9999518990516663,0.4992375373840332,0.17794761061668396,-0.2809072732925415,0.9999616742134094,0.5494319200515747,0.2442815601825714,-0.11182256042957306,0.9999518990516663,0.46138453483581543,0.25841519236564636,-0.10405196249485016,0.9999487996101379,0.5924451351165771,0.32228511571884155,-0.04625958949327469,0.9907705187797546,0.4406944215297699,0.37028491497039795,-0.0332670621573925,0.9899502992630005,0.5831853151321411,0.421801894903183,-0.13127882778644562,0.986504316329956,0.4327546954154968,0.4676840901374817,-0.12334897369146347,0.9793031811714172,0.5820395946502686,0.4587011933326721,-0.15565736591815948,0.9656658172607422,0.43121105432510376,0.504728376865387,-0.15020997822284698,0.954990029335022,0.5728356838226318,0.45632535219192505,-0.1856946349143982,0.9682806134223938,0.43744999170303345,0.5001322627067566,-0.1837838739156723,0.9571778774261475,0.5708335638046265,0.4454044699668884,-0.1435103714466095,0.9601409435272217,0.44004493951797485,0.48775842785835266,-0.13804055750370026,0.9441124200820923,0.5313822031021118,0.48690277338027954,-0.0018218265613541007,0.9992440938949585,0.4798627495765686,0.4874100685119629,0.0018156698206439614,0.99959796667099,0.5283454060554504,0.6466227173805237,0.002866666531190276,0.9607335925102234,0.4731271266937256,0.6478630304336548,-0.03559928387403488,0.989866316318512,0.5268293619155884,0.8155930638313293,0.11188302934169769,0.9488987326622009,0.4601362645626068,0.8218159079551697,0.09081429243087769,0.9865066409111023,0.5213280320167542,0.8382885456085205,0.11418499052524567,0.8564055562019348,0.46524137258529663,0.8431659936904907,0.09485895931720734,0.8832512497901917,0.5390497446060181,0.8628953099250793,-0.014447626657783985,0.9431870579719543,0.4548768997192383,0.8651924729347229,-0.030116552487015724,0.9806221127510071
139,stand,0.50560063123703,0.15861128270626068,-0.32372528314590454,0.9999194145202637,0.5097905993461609,0.14656345546245575,-0.30888688564300537,0.9998542666435242,0.5124735832214355,0.14693239331245422,-0.30888062715530396,0.999846339225769,0.5152238011360168,0.1472729742527008,-0.3088584542274475,0.9998618960380554,0.5011063814163208,0.14643770456314087,-0.3092227578163147,0.9998533725738525,0.49768513441085815,0.14647987484931946,-0.3092779517173767,0.9998376369476318,0.4941379427909851,0.14685845375061035,-0.3092893660068512,0.9998642802238464,0.5198794603347778,0.15626750886440277,-0.20183837413787842,0.9997285008430481,0.4897027611732483,0.156890407204628,-0.20341035723686218,0.9997960925102234,0.5108212828636169,0.1765470653772354,-0.282456636428833,0.9999538064002991,0.5006300210952759,0.1763819307088852,-0.2829679846763611,0.9999628067016602,0.551080048084259,0.2428402155637741,-0.113963782787323,0.9999507069587708,0.4630376398563385,0.25712111592292786,-0.10723848640918732,0.9999499917030334,0.5961171984672546,0.3183497190475464,-0.05238870903849602,0.9914464354515076,0.4415770471096039,0.3676590323448181,-0.03762470930814743,0.9900716543197632,0.5852140188217163,0.4160720109939575,-0.13669420778751373,0.9866823554039001,0.4328896999359131,0.4656888246536255,-0.12456275522708893,0.9798996448516846,0.584131121635437,0.4531320035457611,-0.16083402931690216,0.9655317664146423,0.43135613203048706,0.5031797885894775,-0.15067298710346222,0.9559089541435242,0.5750160217285156,0.4502357542514801,-0.190525621175766,0.9681477546691895,0.43757396936416626,0.49840614199638367,-0.1835341900587082,0.9581310749053955,0.5728963613510132,0.4402223229408264,-0.14883637428283691,0.9598422646522522,0.4401776194572449,0.48577532172203064,-0.1390095055103302,0.9454761743545532,0.5322529077529907,0.48517146706581116,-0.003562899772077799,0.9992448687553406,0.48110532760620117,0.4856289029121399,0.00353347510099411,0.9995982050895691,0.5286886692047119,0.645894467830658,-0.007008190266788006,0.9636281132698059,0.4728018343448639,0.6470580697059631,-0.031271688640117645,0.9903749227523804,0.5267049074172974,0.8148095011711121,0.10190017521381378,0.9531252384185791,0.4600970149040222,0.8160946369171143,0.09250900149345398,0.9873704314231873,0.5205557346343994,0.8374495506286621,0.10459820926189423,0.862795889377594,0.4654589295387268,0.8374680280685425,0.0963442474603653,0.8876680135726929,0.5393807888031006,0.8636502027511597,-0.017836719751358032,0.9475931525230408,0.45266246795654297,0.86528080701828,-0.02477709949016571,0.9816822409629822
140,stand,0.5060747861862183,0.15521542727947235,-0.31812912225723267,0.999925971031189,0.510213315486908,0.1440100073814392,-0.3035539388656616,0.9998624920845032,0.5129489898681641,0.14450328052043915,-0.3035440146923065,0.9998547434806824,0.5157298445701599,0.14484670758247375,-0.303519070148468,0.9998683333396912,0.5014087557792664,0.14402998983860016,-0.30301612615585327,0.9998639225959778,0.4981502890586853,0.14436204731464386,-0.30306607484817505,0.9998498558998108,0.4946388602256775,0.14496253430843353,-0.30307260155677795,0.9998738765716553,0.5204188227653503,0.15447582304477692,-0.19952403008937836,0.999742865562439,0.4904598593711853,0.15562179684638977,-0.19729562103748322,0.9998077750205994,0.5113468170166016,0.17301099002361298,-0.27827024459838867,0.9999557137489319,0.5011030435562134,0.17322850227355957,-0.277592271566391,0.9999637603759766,0.5526620149612427,0.241940438747406,-0.11538650840520859,0.9999499320983887,0.46426305174827576,0.25585824251174927,-0.10457342863082886,0.9999507665634155,0.5983005166053772,0.3158700168132782,-0.05400850623846054,0.9920588731765747,0.4421589970588684,0.367717444896698,-0.03646652400493622,0.9899784922599792,0.5869976878166199,0.415216863155365,-0.13927002251148224,0.9868453741073608,0.43299585580825806,0.46563759446144104,-0.12038804590702057,0.9800970554351807,0.5860159397125244,0.45130670070648193,-0.16326364874839783,0.9654287695884705,0.4314252734184265,0.503118097782135,-0.14579305052757263,0.9560946226119995,0.5770546197891235,0.4487483501434326,-0.1925627887248993,0.9680283665657043,0.4377620816230774,0.4982157349586487,-0.17814548313617706,0.9583634734153748,0.5750154256820679,0.4391477406024933,-0.15128222107887268,0.9596043825149536,0.4403502941131592,0.4854038655757904,-0.13472887873649597,0.945984959602356,0.5323580503463745,0.48428675532341003,-0.004741363693028688,0.999254047870636,0.481484591960907,0.4842900037765503,0.00469862250611186,0.9996030330657959,0.5287189483642578,0.6457047462463379,-0.008506354875862598,0.9662038683891296,0.4726773798465729,0.6460102796554565,-0.024999620392918587,0.9908497929573059,0.5266498923301697,0.8143100142478943,0.10265065729618073,0.9569292068481445,0.4600669741630554,0.8124880194664001,0.10202272981405258,0.988152265548706,0.5202494263648987,0.8368479609489441,0.10576073080301285,0.8688564896583557,0.46556395292282104,0.8337330222129822,0.10635773092508316,0.8917614221572876,0.5395528674125671,0.8640468120574951,-0.015319260768592358,0.9515072107315063,0.4500086307525635,0.865224301815033,-0.011739594861865044,0.9826147556304932
141,stand,0.5065581798553467,0.15489907562732697,-0.3223404884338379,0.9999323487281799,0.5106569528579712,0.14364850521087646,-0.3074055016040802,0.9998720288276672,0.5133770704269409,0.14414295554161072,-0.3074053227901459,0.9998645782470703,0.5160778760910034,0.14456795156002045,-0.30738967657089233,0.9998765587806702,0.5019396543502808,0.14362339675426483,-0.3079099655151367,0.9998747706413269,0.4987470507621765,0.14398540556430817,-0.30796515941619873,0.9998621344566345,0.4953281283378601,0.144490584731102,-0.3079773187637329,0.9998838305473328,0.520901083946228,0.15400902926921844,-0.20095333456993103,0.9997596144676208,0.491360604763031,0.15474186837673187,-0.20304474234580994,0.9998210668563843,0.5119616389274597,0.17236198484897614,-0.28155991435050964,0.999958336353302,0.5018719434738159,0.17256872355937958,-0.28223729133605957,0.999965488910675,0.5531319379806519,0.2417610138654709,-0.11933884769678116,0.9999502301216125,0.465273916721344,0.25428399443626404,-0.10984005779027939,0.9999522566795349,0.5991387963294983,0.3156135678291321,-0.05486813932657242,0.9926114678382874,0.4426150918006897,0.367159903049469,-0.04087723419070244,0.9900559186935425,0.5890516638755798,0.41460660099983215,-0.1397646963596344,0.9870671033859253,0.4330771565437317,0.4643986225128174,-0.12584157288074493,0.9805892705917358,0.5882108807563782,0.4515230357646942,-0.1643151342868805,0.9655687808990479,0.43153029680252075,0.5017387866973877,-0.15163391828536987,0.9569128155708313,0.5791622996330261,0.4495244026184082,-0.1939133107662201,0.9681657552719116,0.4378913342952728,0.4974091351032257,-0.18424764275550842,0.9591943621635437,0.5771539211273193,0.43988269567489624,-0.15169267356395721,0.959677517414093,0.44047409296035767,0.4845828115940094,-0.1401921510696411,0.947167694568634,0.5328913927078247,0.48318418860435486,-0.0048913913778960705,0.999268114566803,0.48206034302711487,0.48215869069099426,0.00484217144548893,0.999609649181366,0.5285948514938354,0.6456985473632812,-0.008560070767998695,0.9686181545257568,0.4725688397884369,0.6444721221923828,-0.019131839275360107,0.9913063049316406,0.526683509349823,0.814164400100708,0.10822080075740814,0.9604137539863586,0.4599922299385071,0.8090072870254517,0.11229445785284042,0.9888750314712524,0.5201827883720398,0.8366701006889343,0.11214394867420197,0.8744736909866333,0.4653523862361908,0.8303547501564026,0.11704889684915543,0.8954241275787354,0.5393327474594116,0.8641296625137329,-0.007481500506401062,0.9550726413726807,0.4478766918182373,0.864893913269043,-0.0016437431331723928,0.983464777469635
142,stand,0.5069184899330139,0.15255948901176453,-0.3201560378074646,0.9999382495880127,0.5111619234085083,0.14223544299602509,-0.30541402101516724,0.9998810291290283,0.5139038562774658,0.14283248782157898,-0.3054008483886719,0.9998739361763,0.5166005492210388,0.14337849617004395,-0.3053794205188751,0.9998844861984253,0.5023510456085205,0.14209356904029846,-0.3051803410053253,0.9998847246170044,0.49910324811935425,0.14255326986312866,-0.30522555112838745,0.9998734593391418,0.49566465616226196,0.1430346965789795,-0.30522626638412476,0.9998929500579834,0.5216002464294434,0.15312758088111877,-0.20019134879112244,0.9997758269309998,0.4916931688785553,0.15366217494010925,-0.1992693841457367,0.9998334646224976,0.5124295949935913,0.17048503458499908,-0.2799108028411865,0.9999609589576721,0.5020507574081421,0.17047640681266785,-0.2796538472175598,0.9999672770500183,0.5541454553604126,0.2419239729642868,-0.11699988692998886,0.9999508857727051,0.4660513997077942,0.2526596486568451,-0.10789722204208374,0.9999536275863647,0.5982604026794434,0.3159320056438446,-0.04951716959476471,0.9931007623672485,0.44311660528182983,0.3659687340259552,-0.03961718827486038,0.9900614619255066,0.5921779870986938,0.4148867726325989,-0.12745562195777893,0.9871801733970642,0.433109849691391,0.4638015627861023,-0.12385118007659912,0.9806899428367615,0.593329131603241,0.4510195851325989,-0.15014837682247162,0.9654301404953003,0.4313730299472809,0.5014982223510742,-0.14943645894527435,0.9569039940834045,0.5830180644989014,0.44934239983558655,-0.18006283044815063,0.9680650234222412,0.4378432333469391,0.4978486895561218,-0.18255355954170227,0.9592447876930237,0.580893874168396,0.43995505571365356,-0.1396031677722931,0.95954829454422,0.4405677914619446,0.4851270914077759,-0.13856332004070282,0.9474641680717468,0.5343879461288452,0.4829135835170746,-0.0042394171468913555,0.9992848634719849,0.4829738140106201,0.48137015104293823,0.004189508967101574,0.9996143579483032,0.5288258194923401,0.6456873416900635,-0.012078972533345222,0.9707345962524414,0.47239214181900024,0.6429969072341919,-0.02427542395889759,0.9916999936103821,0.5265329480171204,0.8138160705566406,0.11179181188344955,0.9634263515472412,0.45966973900794983,0.807803750038147,0.11012635380029678,0.9894499182701111,0.5200954079627991,0.8363167643547058,0.11660335212945938,0.8784826993942261,0.4651850163936615,0.8290112018585205,0.11530987918376923,0.8978010416030884,0.5387178063392639,0.8645716309547424,-0.0024542897008359432,0.9581063389778137,0.4475057125091553,0.8639219403266907,-0.0037924651987850666,0.9841263294219971
143,stand,0.5072826147079468,0.15066027641296387,-0.31469351053237915,0.9999436736106873,0.5114989280700684,0.14074136316776276,-0.2999991774559021,0.9998896718025208,0.5141871571540833,0.14141486585140228,-0.2999805808067322,0.9998829960823059,0.5168712735176086,0.14211809635162354,-0.29995518922805786,0.9998922944068909,0.5027447938919067,0.14068922400474548,-0.2993105351924896,0.9998939037322998,0.49941617250442505,0.14137186110019684,-0.29935187101364136,0.9998838305473328,0.4959779381752014,0.14202922582626343,-0.2993510663509369,0.999901294708252,0.5218690633773804,0.15234385430812836,-0.1965654045343399,0.9997913241386414,0.49205079674720764,0.1531994491815567,-0.19395504891872406,0.9998447895050049,0.5128486156463623,0.16915054619312286,-0.27534815669059753,0.9999635219573975,0.5023149847984314,0.16928038001060486,-0.27455979585647583,0.9999690055847168,0.554395318031311,0.2427736520767212,-0.11600903421640396,0.9999521970748901,0.46689334511756897,0.25199753046035767,-0.10583394765853882,0.9999549388885498,0.5962331295013428,0.31962326169013977,-0.05217311531305313,0.993546187877655,0.4435569643974304,0.36519289016723633,-0.0400937981903553,0.9900491833686829,0.5943158864974976,0.4197022616863251,-0.13227301836013794,0.9874725341796875,0.43314942717552185,0.46394315361976624,-0.1215757504105568,0.9807780385017395,0.596793532371521,0.4547799527645111,-0.15546594560146332,0.965878427028656,0.4313804507255554,0.5019844174385071,-0.14642567932605743,0.9568882584571838,0.5865877866744995,0.4534444510936737,-0.1851033866405487,0.9685212969779968,0.4379037916660309,0.49846941232681274,-0.17943620681762695,0.9593030214309692,0.5840567946434021,0.44355884194374084,-0.14437027275562286,0.9601138830184937,0.4405984878540039,0.48587459325790405,-0.136307954788208,0.947815477848053,0.5350697636604309,0.4825729429721832,-0.003928118851035833,0.9993074536323547,0.4836800694465637,0.48135292530059814,0.003871799213811755,0.9996214509010315,0.5287966728210449,0.6456842422485352,-0.017620226368308067,0.9726859331130981,0.47229576110839844,0.641602098941803,-0.02279176563024521,0.9920580387115479,0.5262934565544128,0.8135598301887512,0.11145617812871933,0.9661515951156616,0.4592624306678772,0.8069044351577759,0.11276687681674957,0.989926278591156,0.5200008153915405,0.8360448479652405,0.11621500551700592,0.881979763507843,0.464787095785141,0.8277033567428589,0.11804690212011337,0.8990790843963623,0.5384446382522583,0.8649418354034424,-0.0026167018804699183,0.9608604311943054,0.44691595435142517,0.8636017441749573,0.00015507798525504768,0.9846394658088684
144,stand,0.5069469213485718,0.15058501064777374,-0.3090957701206207,0.9999487996101379,0.511184811592102,0.1409607231616974,-0.29420971870422363,0.999898374080658,0.5139058828353882,0.14162278175354004,-0.29419368505477905,0.9998922348022461,0.5166283845901489,0.1424054503440857,-0.29416942596435547,0.9999005198478699,0.5023950338363647,0.14077895879745483,-0.29375767707824707,0.9999026656150818,0.4990358352661133,0.14141122996807098,-0.293789803981781,0.9998936653137207,0.4956151843070984,0.14208881556987762,-0.29378050565719604,0.9999092221260071,0.5216347575187683,0.15271802246570587,-0.19151434302330017,0.9998074173927307,0.4917076528072357,0.15363378822803497,-0.19010727107524872,0.9998558163642883,0.5125381946563721,0.16886377334594727,-0.2701559364795685,0.9999661445617676,0.5018967390060425,0.16911402344703674,-0.2696930170059204,0.9999707937240601,0.5541201829910278,0.24354180693626404,-0.11307118088006973,0.9999546408653259,0.4669528901576996,0.2522404193878174,-0.10220396518707275,0.9999563694000244,0.5947132706642151,0.322054386138916,-0.05076352506875992,0.994000256061554,0.44379109144210815,0.3645000457763672,-0.03615286573767662,0.9900005459785461,0.5968300104141235,0.4220801591873169,-0.13330170512199402,0.9881101846694946,0.43316230177879333,0.4627137780189514,-0.11571268737316132,0.9809342622756958,0.6016824245452881,0.456725150346756,-0.15679733455181122,0.9673550128936768,0.43120330572128296,0.5008705854415894,-0.13996025919914246,0.957043468952179,0.5913648009300232,0.4557593762874603,-0.18742890655994415,0.9699293375015259,0.4378201961517334,0.49744924902915955,-0.173803448677063,0.9595165252685547,0.5884464383125305,0.4456162452697754,-0.14609000086784363,0.9618749022483826,0.4406605362892151,0.4849642813205719,-0.13085255026817322,0.9483999013900757,0.5354264974594116,0.48234859108924866,-0.0038607579190284014,0.9993355870246887,0.4840525984764099,0.4814155101776123,0.0038080259691923857,0.999631941318512,0.5286036729812622,0.6460146307945251,-0.017742112278938293,0.9744654893875122,0.4722098410129547,0.6408271193504333,-0.022630199790000916,0.9923911094665527,0.5261387228965759,0.8134711384773254,0.10624942928552628,0.968616783618927,0.4583529531955719,0.805734395980835,0.10608241707086563,0.9903730154037476,0.5199160575866699,0.83592289686203,0.11043614149093628,0.8850620985031128,0.4637974202632904,0.8267903923988342,0.11052662134170532,0.9005763530731201,0.5382396578788757,0.8655492067337036,-0.008022011257708073,0.9633566737174988,0.4443175196647644,0.8636067509651184,-0.007149101700633764,0.9851598143577576
145,stand,0.5067832469940186,0.15169751644134521,-0.3125486969947815,0.9999533295631409,0.5109979510307312,0.14170166850090027,-0.2970516085624695,0.9999058246612549,0.5137346982955933,0.1423073709011078,-0.297046035528183,0.9999002814292908,0.5164942741394043,0.14307424426078796,-0.2970203459262848,0.9999076128005981,0.5021800398826599,0.14154362678527832,-0.29669761657714844,0.9999101161956787,0.49879032373428345,0.14214026927947998,-0.29675373435020447,0.999902069568634,0.4953784942626953,0.1428283303976059,-0.2967624068260193,0.9999158382415771,0.5214220285415649,0.15315164625644684,-0.1916741281747818,0.999821126461029,0.4914327561855316,0.15429840981960297,-0.19220301508903503,0.9998646974563599,0.5124019980430603,0.16998964548110962,-0.272795706987381,0.9999682903289795,0.501685380935669,0.17029565572738647,-0.272348016500473,0.9999721050262451,0.5538727045059204,0.24424958229064941,-0.11361362785100937,0.9999567270278931,0.4665812849998474,0.25261741876602173,-0.1046016663312912,0.9999574422836304,0.5920753479003906,0.3274003863334656,-0.04815676063299179,0.9943171739578247,0.4438132345676422,0.3648228645324707,-0.041797757148742676,0.9899756908416748,0.5967832803726196,0.4231153130531311,-0.12823554873466492,0.9886068105697632,0.43311506509780884,0.4629466235637665,-0.12002972513437271,0.980902910232544,0.6042498350143433,0.45878589153289795,-0.15041691064834595,0.9685579538345337,0.4309443533420563,0.49974068999290466,-0.14361679553985596,0.9568073153495789,0.594443142414093,0.4572949707508087,-0.18387797474861145,0.9710955619812012,0.43733787536621094,0.4967462420463562,-0.17778077721595764,0.959351122379303,0.5907615423202515,0.44740453362464905,-0.14227555692195892,0.9633632898330688,0.4404277801513672,0.48494336009025574,-0.13513314723968506,0.9485531449317932,0.5358315706253052,0.4821622669696808,-0.0035856743343174458,0.9993575811386108,0.48421674966812134,0.48139381408691406,0.003534564282745123,0.9996375441551208,0.5284307599067688,0.6462277173995972,-0.01291700266301632,0.9761282801628113,0.4721052646636963,0.6406489014625549,-0.014720559120178223,0.9926998019218445,0.5260549783706665,0.8134716749191284,0.11093290895223618,0.9708507061004639,0.45760878920555115,0.8062167763710022,0.11268381774425507,0.990744948387146,0.5199191570281982,0.8360008001327515,0.1150696873664856,0.8875935673713684,0.4631160795688629,0.8270693421363831,0.11691907793283463,0.9008838534355164,0.5382903218269348,0.8658556342124939,-0.0038684781175106764,0.9656050205230713,0.44193992018699646,0.8637199401855469,-0.0027542426250874996,0.9855709671974182
146,stand,0.5066384077072144,0.15217560529708862,-0.31493574380874634,0.9999574422836304,0.5108473300933838,0.14209628105163574,-0.2999236285686493,0.9999127388000488,0.5136145353317261,0.14268627762794495,-0.2999151349067688,0.9999077320098877,0.5163738131523132,0.1434236317873001,-0.2998941242694855,0.999914288520813,0.502018928527832,0.14202123880386353,-0.2999138832092285,0.9999167919158936,0.49864086508750916,0.14262057840824127,-0.2999632656574249,0.9999096393585205,0.495225191116333,0.14336110651493073,-0.2999686896800995,0.9999217391014099,0.5213186740875244,0.1532856673002243,-0.19479584693908691,0.9998337626457214,0.49139413237571716,0.15475647151470184,-0.19429735839366913,0.9998725056648254,0.5122784376144409,0.17024511098861694,-0.275070458650589,0.9999702572822571,0.5015150308609009,0.17070505023002625,-0.27513301372528076,0.9999732971191406,0.5534904599189758,0.2446289211511612,-0.11424213647842407,0.9999587535858154,0.46616029739379883,0.25301381945610046,-0.10561323165893555,0.9999579191207886,0.5828655958175659,0.33562323451042175,-0.04866413027048111,0.9945070147514343,0.4436667561531067,0.3655904233455658,-0.04289514198899269,0.9898757934570312,0.5956063270568848,0.4296055734157562,-0.12823276221752167,0.9890212416648865,0.4326295256614685,0.46407321095466614,-0.12317119538784027,0.9804739952087402,0.604382336139679,0.46236127614974976,-0.15014979243278503,0.9696528911590576,0.43032318353652954,0.5006463527679443,-0.14644424617290497,0.9557868838310242,0.5961479544639587,0.46226099133491516,-0.18452119827270508,0.9721680879592896,0.43606534600257874,0.49778038263320923,-0.1807449758052826,0.9584699273109436,0.5920570492744446,0.45148661732673645,-0.14280104637145996,0.9647291302680969,0.43947118520736694,0.48592835664749146,-0.13824871182441711,0.9479613900184631,0.5359808802604675,0.4813888669013977,-0.003402749542146921,0.9993765950202942,0.48463910818099976,0.48134925961494446,0.0033534145914018154,0.9996399879455566,0.528349757194519,0.646700382232666,-0.00893718283623457,0.9776971936225891,0.47201186418533325,0.6407362818717957,-0.011476398445665836,0.9929381012916565,0.5260805487632751,0.8138493299484253,0.114116370677948,0.972865879535675,0.45614439249038696,0.8068153262138367,0.11259762197732925,0.9909929633140564,0.5201714038848877,0.8362195491790771,0.11823044717311859,0.8888970017433167,0.46155253052711487,0.8278048038482666,0.11654611676931381,0.8988479971885681,0.5381614565849304,0.8660082221031189,-0.001410757889971137,0.9676032066345215,0.44018688797950745,0.8641411662101746,-0.0048780557699501514,0.9857929348945618
147,stand,0.5062052011489868,0.15271544456481934,-0.3271520137786865,0.9999610185623169,0.5100427865982056,0.14251546561717987,-0.31353217363357544,0.9999184012413025,0.5127454996109009,0.14308276772499084,-0.3135071098804474,0.9999139904975891,0.5153378248214722,0.143760085105896,-0.313487708568573,0.9999197721481323,0.5009912252426147,0.14256024360656738,-0.3132201135158539,0.9999222755432129,0.49770599603652954,0.14310075342655182,-0.31326594948768616,0.9999160170555115,0.49447789788246155,0.14364196360111237,-0.31327593326568604,0.9999266266822815,0.5202223658561707,0.15348513424396515,-0.21116702258586884,0.9998441934585571,0.4907713830471039,0.15499509871006012,-0.2105051577091217,0.9998783469200134,0.5122032761573792,0.1706591099500656,-0.28788870573043823,0.9999718070030212,0.5012310743331909,0.17125512659549713,-0.2877228856086731,0.9999741315841675,0.5532999634742737,0.24473530054092407,-0.12561659514904022,0.9999601244926453,0.46589046716690063,0.2533981502056122,-0.12257011979818344,0.9999583959579468,0.5773009657859802,0.3451393246650696,-0.05543016269803047,0.9946184158325195,0.44350773096084595,0.3661060035228729,-0.06260107457637787,0.9897789359092712,0.5946987867355347,0.43787261843681335,-0.12889297306537628,0.9892550110816956,0.432138055562973,0.4646720886230469,-0.13437916338443756,0.9797583222389221,0.6037407517433167,0.4712756276130676,-0.15235042572021484,0.9703211784362793,0.4297061860561371,0.5013694763183594,-0.15590620040893555,0.9541186094284058,0.5965257883071899,0.47160667181015015,-0.1857653111219406,0.972856342792511,0.43494707345962524,0.4981890916824341,-0.19196182489395142,0.9569716453552246,0.5923212170600891,0.46101272106170654,-0.14454542100429535,0.9656282663345337,0.43853577971458435,0.4864862561225891,-0.15036457777023315,0.9467105269432068,0.5359134674072266,0.48118308186531067,-0.002930691000074148,0.9993915557861328,0.4843919277191162,0.48147591948509216,0.0028765748720616102,0.9996419548988342,0.5282627940177917,0.6468656063079834,-0.005393261555582285,0.9790946245193481,0.4719596803188324,0.6414194703102112,-0.01122578140348196,0.9931568503379822,0.5260400772094727,0.8138018846511841,0.12287328392267227,0.9747118353843689,0.45418253540992737,0.807550311088562,0.11654232442378998,0.9911978244781494,0.5202159285545349,0.8361417055130005,0.1275356262922287,0.8889917731285095,0.45943909883499146,0.8283334374427795,0.12087217718362808,0.8961222767829895,0.5379821062088013,0.8659101128578186,0.005638877395540476,0.9694425463676453,0.43937960267066956,0.8651158809661865,-0.003235065843909979,0.9859700202941895
148,stand,0.5060731768608093,0.15222056210041046,-0.32669597864151,0.9999640583992004,0.509245753288269,0.14246243238449097,-0.3128816485404968,0.9999228715896606,0.5118680000305176,0.14303645491600037,-0.3128591775894165,0.9999191164970398,0.5142649412155151,0.1436443030834198,-0.3128402829170227,0.9999241232872009,0.5003038048744202,0.14278669655323029,-0.31274744868278503,0.9999265670776367,0.49715614318847656,0.14343568682670593,-0.3127916157245636,0.9999212026596069,0.49400943517684937,0.14404645562171936,-0.31280043721199036,0.9999303817749023,0.5186121463775635,0.1534012258052826,-0.21021854877471924,0.9998515248298645,0.4900520443916321,0.15508118271827698,-0.2112472951412201,0.9998821020126343,0.5121129751205444,0.16976727545261383,-0.28729552030563354,0.9999728202819824,0.5011611580848694,0.1707051694393158,-0.2874188721179962,0.9999743700027466,0.5531283617019653,0.24505352973937988,-0.12466154992580414,0.9999611377716064,0.46567338705062866,0.2536359429359436,-0.12730175256729126,0.9999584555625916,0.573960542678833,0.34963271021842957,-0.055191658437252045,0.9945430159568787,0.44339102506637573,0.36621996760368347,-0.07274725288152695,0.9896317720413208,0.5940089225769043,0.4434075653553009,-0.12809181213378906,0.9892823696136475,0.43134817481040955,0.4648616313934326,-0.14274588227272034,0.9788361191749573,0.602148711681366,0.47821399569511414,-0.14925210177898407,0.9705954194068909,0.42883020639419556,0.5018707513809204,-0.16482128202915192,0.9521701335906982,0.5955474972724915,0.4773009717464447,-0.1841745376586914,0.9731926918029785,0.4339914321899414,0.4987185299396515,-0.19990010559558868,0.9551863074302673,0.5914548635482788,0.46638378500938416,-0.14355486631393433,0.966129720211029,0.4376397132873535,0.486756294965744,-0.158462792634964,0.9450743794441223,0.5356093049049377,0.4810734987258911,-0.0006033185054548085,0.9994106888771057,0.48408159613609314,0.48157086968421936,0.0005374010070227087,0.9996448159217834,0.5282081365585327,0.6474478840827942,0.0012979956809431314,0.9803513288497925,0.4719159007072449,0.6427345871925354,-0.011634649708867073,0.9933568835258484,0.525999903678894,0.8138975501060486,0.13158699870109558,0.9764444231987,0.4524965286254883,0.8083317279815674,0.11956514418125153,0.9913849830627441,0.5202285051345825,0.8361196517944336,0.13655278086662292,0.8899103999137878,0.4574602246284485,0.828773558139801,0.1245582327246666,0.8928232789039612,0.5379477739334106,0.865825891494751,0.015427006408572197,0.9711875319480896,0.43936020135879517,0.8663928508758545,0.0006158341420814395,0.9861374497413635
149,stand,0.5056774020195007,0.152109757065773,-0.32614845037460327,0.9999663829803467,0.5082324147224426,0.14255587756633759,-0.3125387132167816,0.9999250769615173,0.5108528137207031,0.14313454926013947,-0.31251031160354614,0.999921977519989,0.5130934119224548,0.1437320113182068,-0.3124915659427643,0.9999261498451233,0.4993289113044739,0.14298032224178314,-0.3125177025794983,0.9999287128448486,0.49625635147094727,0.14368535578250885,-0.3125590980052948,0.9999244213104248,0.4931425452232361,0.14432650804519653,-0.31257396936416626,0.9999322295188904,0.5168734788894653,0.15352395176887512,-0.20954391360282898,0.999853789806366,0.48902663588523865,0.15518219769001007,-0.21076330542564392,0.9998819231987,0.5120360255241394,0.16964925825595856,-0.2871628999710083,0.9999727606773376,0.5009252429008484,0.17055478692054749,-0.2873247265815735,0.9999734163284302,0.5527707934379578,0.24653980135917664,-0.12393808364868164,0.9999604821205139,0.46428537368774414,0.25412702560424805,-0.1275525987148285,0.9999578595161438,0.5707477927207947,0.3537430167198181,-0.048798151314258575,0.9941042065620422,0.4431895613670349,0.3665463328361511,-0.07179062068462372,0.9893622994422913,0.5898399949073792,0.4476415812969208,-0.11606837809085846,0.9884012937545776,0.4306490421295166,0.4654015898704529,-0.14175592362880707,0.9774382710456848,0.5963441133499146,0.4836677014827728,-0.13467827439308167,0.9689022302627563,0.427924782037735,0.5020149946212769,-0.1641748994588852,0.9493451118469238,0.5932332277297974,0.4818635582923889,-0.1693851500749588,0.971747875213623,0.4330386519432068,0.4990993142127991,-0.19879713654518127,0.9525664448738098,0.5896510481834412,0.47102245688438416,-0.13104291260242462,0.9645410776138306,0.4368197023868561,0.48727327585220337,-0.15727417171001434,0.9424840807914734,0.5353995561599731,0.4810696840286255,0.0007067617843858898,0.9994252324104309,0.483915239572525,0.48160162568092346,-0.0007796495920047164,0.9996449947357178,0.5281733870506287,0.6478173136711121,0.0015594882424920797,0.9813908934593201,0.4717963635921478,0.6438116431236267,-0.013229946605861187,0.9934607744216919,0.5260075926780701,0.8143712282180786,0.13225004076957703,0.9779496788978577,0.4509037435054779,0.8096152544021606,0.12061506509780884,0.9914578795433044,0.5202921628952026,0.8363756537437439,0.13734214007854462,0.8897790312767029,0.4558083415031433,0.8290606141090393,0.1260199397802353,0.8883187770843506,0.5379217863082886,0.8658688068389893,0.01528129167854786,0.9726791381835938,0.43925538659095764,0.8691816329956055,0.0010635905200615525,0.9861583113670349
150,stand,0.5043306350708008,0.15221364796161652,-0.3383498787879944,0.9999686479568481,0.5068463683128357,0.14261893928050995,-0.3246251344680786,0.9999279379844666,0.5095697641372681,0.14317822456359863,-0.32459408044815063,0.9999254941940308,0.5118383169174194,0.14378240704536438,-0.32457417249679565,0.9999288320541382,0.49802929162979126,0.14327162504196167,-0.3252553641796112,0.9999313950538635,0.4949997365474701,0.14420203864574432,-0.32530122995376587,0.9999280571937561,0.4919082224369049,0.14524003863334656,-0.32531654834747314,0.9999346137046814,0.5152275562286377,0.15364013612270355,-0.21964025497436523,0.9998582601547241,0.4880402982234955,0.15599936246871948,-0.22408103942871094,0.999884307384491,0.5112901926040649,0.1698187291622162,-0.2979770302772522,0.9999732375144958,0.4997435212135315,0.17066800594329834,-0.29921573400497437,0.9999732375144958,0.5516216158866882,0.24868036806583405,-0.12714514136314392,0.99996018409729,0.4622495770454407,0.25455009937286377,-0.1356150507926941,0.9999579191207886,0.5687313675880432,0.354886919260025,-0.047356441617012024,0.9938150644302368,0.4422873556613922,0.3665987253189087,-0.07416852563619614,0.989347517490387,0.5855409502983093,0.4505481421947479,-0.11382107436656952,0.9876589775085449,0.4297870695590973,0.46456870436668396,-0.1444345861673355,0.9765903949737549,0.589194655418396,0.48767906427383423,-0.13196492195129395,0.9672957062721252,0.4269923269748688,0.5008211135864258,-0.1666543036699295,0.9474755525588989,0.585715651512146,0.48465588688850403,-0.16721214354038239,0.9703640937805176,0.4321209788322449,0.49826720356941223,-0.2017146795988083,0.9508281350135803,0.5829116106033325,0.47364726662635803,-0.1286793202161789,0.962949812412262,0.4358864724636078,0.4864729046821594,-0.15999986231327057,0.9407606720924377,0.5349448323249817,0.48083826899528503,0.001691471436060965,0.9994332790374756,0.4829026758670807,0.48167338967323303,-0.0017641130834817886,0.9996434450149536,0.5278850793838501,0.6481696367263794,0.0037465165369212627,0.9823318123817444,0.47153791785240173,0.644255518913269,-0.014312298968434334,0.9935896992683411,0.5260087251663208,0.815142035484314,0.13280324637889862,0.9793369770050049,0.44972366094589233,0.8119162917137146,0.11954198777675629,0.9915589094161987,0.5202807784080505,0.8368350267410278,0.13750424981117249,0.8905498385429382,0.4546779990196228,0.8297240138053894,0.12468238174915314,0.884781539440155,0.5378386378288269,0.8659458756446838,0.01346377469599247,0.974050760269165,0.4391825795173645,0.8718870282173157,-0.002373884664848447,0.9861865639686584
151,stand,0.5023582577705383,0.15245722234249115,-0.32887887954711914,0.9999704957008362,0.5050384402275085,0.14270828664302826,-0.3145180344581604,0.9999299049377441,0.5078815221786499,0.14328455924987793,-0.3144942820072174,0.9999281167984009,0.5103636980056763,0.1438625603914261,-0.3144725561141968,0.9999306797981262,0.4963926672935486,0.1433202475309372,-0.3155894875526428,0.9999330639839172,0.4933399558067322,0.1443713903427124,-0.31563127040863037,0.9999306797981262,0.4902663230895996,0.14558155834674835,-0.3156517744064331,0.999936044216156,0.5135952830314636,0.15380403399467468,-0.20970579981803894,0.9998608231544495,0.4868690073490143,0.156575545668602,-0.21671850979328156,0.9998847246170044,0.5098282694816589,0.1700821965932846,-0.2889546751976013,0.9999732375144958,0.4978564381599426,0.1708989143371582,-0.290930837392807,0.9999723434448242,0.5501392483711243,0.2502148151397705,-0.11964567750692368,0.9999586939811707,0.46068936586380005,0.25495123863220215,-0.13325542211532593,0.9999567866325378,0.5672036409378052,0.3543391227722168,-0.037494104355573654,0.9933372139930725,0.4412722587585449,0.367562860250473,-0.06777462363243103,0.9890530705451965,0.5818259716033936,0.45022261142730713,-0.10250182449817657,0.9863486886024475,0.4289623200893402,0.46451330184936523,-0.13315384089946747,0.9749699831008911,0.584241509437561,0.48841509222984314,-0.1202538013458252,0.9644361734390259,0.4259900152683258,0.5005722045898438,-0.15452805161476135,0.9442052841186523,0.5796634554862976,0.4847692847251892,-0.15498003363609314,0.9678390026092529,0.4312594532966614,0.4980926811695099,-0.1897534877061844,0.9477731585502625,0.5770347118377686,0.47355353832244873,-0.11712495237588882,0.9600042104721069,0.43502411246299744,0.48640167713165283,-0.14885777235031128,0.9376565217971802,0.5339571237564087,0.4808536171913147,0.0023675207048654556,0.9994337558746338,0.4817036986351013,0.4821254312992096,-0.002439009491354227,0.9996383190155029,0.5270634889602661,0.6485535502433777,0.007296170108020306,0.9831236004829407,0.4706602692604065,0.6449782252311707,-0.013508548028767109,0.9936769008636475,0.5260377526283264,0.8157946467399597,0.13238005340099335,0.9805492162704468,0.44898852705955505,0.8137282729148865,0.11909043788909912,0.9916163682937622,0.5202977657318115,0.8373604416847229,0.13669931888580322,0.8912370800971985,0.45394644141197205,0.8307135701179504,0.123979352414608,0.8807706832885742,0.5377930402755737,0.8659297227859497,0.012306946329772472,0.975238025188446,0.4393196105957031,0.8732169270515442,-0.0034476309083402157,0.9861463904380798
152,stand,0.49980515241622925,0.15233199298381805,-0.3287285566329956,0.9999720454216003,0.502408504486084,0.14286552369594574,-0.31448039412498474,0.9999313354492188,0.5052201747894287,0.14341972768306732,-0.3144559860229492,0.999930202960968,0.5078094601631165,0.14395712316036224,-0.3144359886646271,0.9999321699142456,0.4942186772823334,0.14347177743911743,-0.3152914345264435,0.9999342560768127,0.49119481444358826,0.14450274407863617,-0.3153335452079773,0.9999328255653381,0.48831239342689514,0.14569559693336487,-0.3153502643108368,0.9999372959136963,0.5112981200218201,0.15413039922714233,-0.21031765639781952,0.9998630285263062,0.4854207932949066,0.15674330294132233,-0.21560685336589813,0.9998840689659119,0.5068928003311157,0.16936860978603363,-0.2889670729637146,0.999972939491272,0.4950014650821686,0.1698753982782364,-0.29052042961120605,0.9999710321426392,0.548460066318512,0.25057801604270935,-0.12100140005350113,0.9999561309814453,0.45913010835647583,0.2550603747367859,-0.1307520866394043,0.9999554753303528,0.5651063919067383,0.35434776544570923,-0.04015118628740311,0.9927831292152405,0.4399845004081726,0.3677556812763214,-0.0647277981042862,0.9886492490768433,0.5772013068199158,0.449754536151886,-0.10078759491443634,0.9841516613960266,0.42837485671043396,0.463720440864563,-0.12635593116283417,0.972815752029419,0.5799521803855896,0.4892125129699707,-0.11736754328012466,0.959406852722168,0.42536526918411255,0.4993892312049866,-0.14691798388957977,0.9397615194320679,0.5741165280342102,0.48511165380477905,-0.15155592560768127,0.9633395671844482,0.4306473135948181,0.49707797169685364,-0.1810353547334671,0.9436141848564148,0.5709052681922913,0.4737932085990906,-0.11501960456371307,0.9547656774520874,0.43445175886154175,0.4856371283531189,-0.1415044069290161,0.9332560300827026,0.5320720672607422,0.47942018508911133,0.00232928479090333,0.9994304776191711,0.47994884848594666,0.4815554618835449,-0.0023965868167579174,0.9996333122253418,0.5253807306289673,0.6482988595962524,0.005977402441203594,0.9838060140609741,0.4697795510292053,0.6450719237327576,-0.013304786756634712,0.993725061416626,0.5261023044586182,0.8159352540969849,0.11960673332214355,0.9816791415214539,0.44848746061325073,0.8156150579452515,0.11788185685873032,0.9916739463806152,0.5204498171806335,0.8374471068382263,0.12266955524682999,0.8905593752861023,0.4534173905849457,0.8322924375534058,0.12127115577459335,0.8766698241233826,0.5377527475357056,0.8659055233001709,-0.006126667372882366,0.9764244556427002,0.43940019607543945,0.8741815090179443,-0.008883928880095482,0.986181378364563
153,stand,0.49735480546951294,0.1524745672941208,-0.3187764883041382,0.999973475933075,0.49990949034690857,0.14294704794883728,-0.30468595027923584,0.9999328255653381,0.5026126503944397,0.14349547028541565,-0.30466705560684204,0.9999322295188904,0.5052168965339661,0.1440284550189972,-0.304656445980072,0.9999338984489441,0.49182525277137756,0.14351195096969604,-0.30521953105926514,0.9999354481697083,0.48889970779418945,0.1445312201976776,-0.3052505850791931,0.9999345541000366,0.4862004816532135,0.14576204121112823,-0.3052564263343811,0.9999381899833679,0.508924663066864,0.1542091965675354,-0.2029375284910202,0.9998660683631897,0.4834750294685364,0.15688209235668182,-0.2066280096769333,0.9998826384544373,0.5039337277412415,0.1693994402885437,-0.2799440026283264,0.9999728202819824,0.49215054512023926,0.16991040110588074,-0.28106096386909485,0.9999697804450989,0.5455264449119568,0.2506122291088104,-0.117459237575531,0.9999549388885498,0.45647770166397095,0.25511303544044495,-0.12148426473140717,0.9999538064002991,0.5630313754081726,0.3544541001319885,-0.037245918065309525,0.9923946857452393,0.43802911043167114,0.36786162853240967,-0.05377597361803055,0.9879633784294128,0.5741382241249084,0.44935378432273865,-0.09634654223918915,0.9826956987380981,0.4275825619697571,0.46301573514938354,-0.11665632575750351,0.9703125953674316,0.5772160887718201,0.4889954924583435,-0.11304233968257904,0.9562115669250488,0.42459815740585327,0.49834832549095154,-0.13704299926757812,0.9351437091827393,0.5705307722091675,0.4849478304386139,-0.14693288505077362,0.9604585766792297,0.42984265089035034,0.4961455762386322,-0.17105761170387268,0.9392721056938171,0.5672071576118469,0.47354307770729065,-0.11040954291820526,0.9513694643974304,0.43357881903648376,0.4849255383014679,-0.1318332701921463,0.9286705255508423,0.5288047194480896,0.47798487544059753,0.0020973351784050465,0.9994338154792786,0.47709816694259644,0.47997602820396423,-0.002169954124838114,0.9996305704116821,0.5235700607299805,0.6473612189292908,0.0005197562859393656,0.9844196438789368,0.4683956205844879,0.6448383927345276,-0.013489685952663422,0.9937428832054138,0.5261021852493286,0.8161798119544983,0.09866903722286224,0.9826623201370239,0.4487059712409973,0.8165926337242126,0.10371509939432144,0.9916844964027405,0.5204466581344604,0.8378390073776245,0.10041686147451401,0.8892790079116821,0.4537695348262787,0.8336786031723022,0.10588638484477997,0.8732666969299316,0.5377017855644226,0.8659111857414246,-0.027077799662947655,0.977420449256897,0.43926137685775757,0.8744394779205322,-0.020909059792757034,0.9861321449279785
154,stand,0.4950254559516907,0.15242093801498413,-0.2947905361652374,0.9999745488166809,0.49762406945228577,0.14305424690246582,-0.2815799415111542,0.9999330043792725,0.5001254081726074,0.14359159767627716,-0.28156426548957825,0.9999329447746277,0.5026402473449707,0.1441146284341812,-0.2815581262111664,0.9999344944953918,0.48973315954208374,0.14362317323684692,-0.2815972566604614,0.999935507774353,0.4870184063911438,0.14463596045970917,-0.2816195785999298,0.99993497133255,0.4844835698604584,0.1458638310432434,-0.28162795305252075,0.9999377131462097,0.5066715478897095,0.15442822873592377,-0.18674145638942719,0.9998664855957031,0.48204129934310913,0.1570841670036316,-0.1879124492406845,0.9998776316642761,0.5011963248252869,0.16904224455356598,-0.2585826814174652,0.9999721050262451,0.48987555503845215,0.16941893100738525,-0.25898778438568115,0.9999677538871765,0.5426753759384155,0.25078433752059937,-0.10905660688877106,0.999953031539917,0.45451951026916504,0.25521883368492126,-0.1101897805929184,0.9999523758888245,0.5607576370239258,0.3545345067977905,-0.032122205942869186,0.9918994903564453,0.43642449378967285,0.3679705262184143,-0.04709004610776901,0.9870052337646484,0.5716097950935364,0.4489680528640747,-0.0856301486492157,0.9812256097793579,0.42639651894569397,0.46322229504585266,-0.10792046785354614,0.9670416712760925,0.5753511190414429,0.48823776841163635,-0.10168309509754181,0.9534087777137756,0.4235045909881592,0.4984076917171478,-0.12777359783649445,0.9295180439949036,0.567977786064148,0.48439961671829224,-0.13427945971488953,0.9579047560691833,0.42868223786354065,0.49621883034706116,-0.16122137010097504,0.9339067339897156,0.5643680095672607,0.4730313718318939,-0.09901100397109985,0.9483193755149841,0.43235844373703003,0.4850446879863739,-0.12296880781650543,0.9230939149856567,0.5256020426750183,0.4776717722415924,0.0020542608108371496,0.9994356632232666,0.47424426674842834,0.4793780446052551,-0.0021285065449774265,0.999629020690918,0.5209430456161499,0.6460927128791809,-0.0014633724931627512,0.9850335717201233,0.46660763025283813,0.6448144912719727,-0.01373007707297802,0.9938395619392395,0.526012122631073,0.816167950630188,0.09262344241142273,0.9836224317550659,0.44895902276039124,0.8170309066772461,0.09679747372865677,0.9917887449264526,0.5204036235809326,0.8378299474716187,0.09422806650400162,0.8893390893936157,0.4540126323699951,0.8343536257743835,0.0989878922700882,0.8714791536331177,0.5376607775688171,0.8658972978591919,-0.028980568051338196,0.9783967733383179,0.4388798773288727,0.8743776679039001,-0.023696642369031906,0.9861796498298645
155,stand,0.4935370087623596,0.1523807793855667,-0.3035857081413269,0.999975860118866,0.496075302362442,0.14312246441841125,-0.29022887349128723,0.9999347925186157,0.49850091338157654,0.1436428427696228,-0.2902108430862427,0.9999352693557739,0.5009361505508423,0.14414235949516296,-0.29020172357559204,0.9999363422393799,0.4880710542201996,0.14371313154697418,-0.2904996871948242,0.9999369978904724,0.48540425300598145,0.144723042845726,-0.29052892327308655,0.9999368190765381,0.48287510871887207,0.14595311880111694,-0.2905339002609253,0.9999387860298157,0.5047296285629272,0.1545654535293579,-0.1918504238128662,0.9998708963394165,0.48028287291526794,0.1571158468723297,-0.19322802126407623,0.999878466129303,0.49949607253074646,0.1689506471157074,-0.2661963105201721,0.9999723434448242,0.4883306920528412,0.16913051903247833,-0.266893595457077,0.9999671578407288,0.539736270904541,0.2511459290981293,-0.11097419261932373,0.9999523162841797,0.4519762396812439,0.2552295923233032,-0.11117081344127655,0.9999517798423767,0.5576566457748413,0.3551825284957886,-0.03245732933282852,0.9917142391204834,0.4342770576477051,0.3673163950443268,-0.04934598132967949,0.9866156578063965,0.5688520073890686,0.4486810564994812,-0.08337152749300003,0.9804102182388306,0.4248879849910736,0.4621235728263855,-0.10930917412042618,0.9655272960662842,0.5729511380195618,0.4876796305179596,-0.09853469580411911,0.9514566659927368,0.42208775877952576,0.49702221155166626,-0.12857340276241302,0.926532506942749,0.5658474564552307,0.48405876755714417,-0.13184864819049835,0.9561452269554138,0.4273192882537842,0.4946710467338562,-0.16155222058296204,0.9310370087623596,0.5621050000190735,0.47274309396743774,-0.09692053496837616,0.9462093710899353,0.43095794320106506,0.48346632719039917,-0.12394964694976807,0.9200060963630676,0.5217865705490112,0.4773581922054291,0.0020307605154812336,0.99943608045578,0.4712182879447937,0.4788617491722107,-0.002105016727000475,0.9996294379234314,0.5188600420951843,0.6448227167129517,-0.004982283804565668,0.9856802821159363,0.4646155834197998,0.6448220014572144,-0.013991269282996655,0.9939759969711304,0.5259061455726624,0.8161687850952148,0.09055647253990173,0.9845781922340393,0.44912728667259216,0.8176562786102295,0.0934872180223465,0.9920253157615662,0.5201693773269653,0.8378181457519531,0.09214422851800919,0.8909552097320557,0.4541778564453125,0.8353763818740845,0.09558938443660736,0.8726921677589417,0.5377248525619507,0.8661556839942932,-0.03075559064745903,0.9794554710388184,0.43842822313308716,0.8743827939033508,-0.02695273980498314,0.9864779114723206
156,stand,0.4915863573551178,0.15239296853542328,-0.3075518012046814,0.999977171421051,0.494141161441803,0.14318697154521942,-0.29391321539878845,0.9999369382858276,0.49650031328201294,0.1437293142080307,-0.2938949465751648,0.9999377727508545,0.498788982629776,0.14427343010902405,-0.2938830852508545,0.9999383687973022,0.48615795373916626,0.14377014338970184,-0.294162392616272,0.9999388456344604,0.4834821820259094,0.14478528499603271,-0.29419490694999695,0.9999390244483948,0.4809640347957611,0.14602380990982056,-0.2942032217979431,0.9999402761459351,0.5023069381713867,0.15482419729232788,-0.19323013722896576,0.9998752474784851,0.4783269762992859,0.15717388689517975,-0.19734784960746765,0.9998809099197388,0.497408002614975,0.16897915303707123,-0.26943761110305786,0.9999727606773376,0.48641419410705566,0.16895413398742676,-0.27002784609794617,0.9999670386314392,0.5371013283729553,0.25163841247558594,-0.11131521314382553,0.9999516010284424,0.44900646805763245,0.2552288770675659,-0.11752720922231674,0.9999516010284424,0.555113673210144,0.3559299111366272,-0.03289369121193886,0.9915727376937866,0.4310735762119293,0.3668898642063141,-0.04983868822455406,0.9864655137062073,0.5662031173706055,0.44942477345466614,-0.08271626383066177,0.9797034859657288,0.4229332506656647,0.46141406893730164,-0.11042366176843643,0.9646871089935303,0.570839524269104,0.4875073730945587,-0.09745702892541885,0.9495047926902771,0.42013120651245117,0.49540430307388306,-0.1291523575782776,0.9246089458465576,0.5635818243026733,0.48391392827033997,-0.13088448345661163,0.954419732093811,0.4257870614528656,0.49310293793678284,-0.1614348292350769,0.9291545748710632,0.5596815943717957,0.47271469235420227,-0.09624654054641724,0.9441688656806946,0.42957037687301636,0.4821939766407013,-0.12454458326101303,0.9178498387336731,0.5184246301651001,0.4777320921421051,0.00217251293361187,0.9994407296180725,0.4681796431541443,0.47888895869255066,-0.00224863039329648,0.9996334314346313,0.5170295834541321,0.6447311639785767,-0.00506360549479723,0.986171305179596,0.46324339509010315,0.6456308364868164,-0.014340597204864025,0.9940652847290039,0.5257850885391235,0.8165190815925598,0.09464713931083679,0.9854488968849182,0.44921159744262695,0.8182382583618164,0.0956922098994255,0.992267906665802,0.5196248292922974,0.8388411402702332,0.09663011878728867,0.8941308259963989,0.4542597234249115,0.8367031812667847,0.0985116958618164,0.8750423789024353,0.5387323498725891,0.8667110204696655,-0.025412950664758682,0.9804813861846924,0.4380350112915039,0.8744832277297974,-0.025840649381279945,0.9868242740631104
157,stand,0.48978811502456665,0.1515548974275589,-0.3092900514602661,0.9999783039093018,0.4922598898410797,0.14323800802230835,-0.2940940260887146,0.9999385476112366,0.49460673332214355,0.1438126415014267,-0.2940910756587982,0.9999398589134216,0.49683886766433716,0.1443517953157425,-0.2940812408924103,0.9999397397041321,0.4844169616699219,0.14359457790851593,-0.29498836398124695,0.9999404549598694,0.4817520081996918,0.14457465708255768,-0.29503318667411804,0.9999411702156067,0.4791380763053894,0.1457628756761551,-0.29502731561660767,0.9999417662620544,0.5002197027206421,0.15510088205337524,-0.20274941623210907,0.9998785257339478,0.4762212634086609,0.1572549045085907,-0.20934519171714783,0.9998844265937805,0.4954981803894043,0.168210968375206,-0.27059727907180786,0.9999728798866272,0.48457103967666626,0.1676279604434967,-0.27237722277641296,0.9999668598175049,0.5342864394187927,0.25236544013023376,-0.11641305685043335,0.9999491572380066,0.4463425576686859,0.2551223039627075,-0.12992198765277863,0.999951958656311,0.5519893765449524,0.3572049140930176,-0.033209964632987976,0.9911872744560242,0.42785128951072693,0.3666636645793915,-0.053535740822553635,0.9864658713340759,0.5640231370925903,0.4516085386276245,-0.07846011221408844,0.9783574938774109,0.4210948050022125,0.4596173167228699,-0.10253874212503433,0.9643396139144897,0.5685058832168579,0.4883979260921478,-0.09126269072294235,0.9460281729698181,0.4182114005088806,0.4928866922855377,-0.11858606338500977,0.9235512614250183,0.5618177652359009,0.48476096987724304,-0.12507648766040802,0.9512760043144226,0.42416101694107056,0.49055883288383484,-0.1491219401359558,0.9280698895454407,0.5581023693084717,0.4738944470882416,-0.09218763560056686,0.9406431913375854,0.42805036902427673,0.47993770241737366,-0.11543996632099152,0.9165869951248169,0.5157731771469116,0.47822391986846924,0.0027717030607163906,0.9994329810142517,0.46552371978759766,0.47919413447380066,-0.002864069538190961,0.9996379017829895,0.5157984495162964,0.6454598903656006,0.0024290229193866253,0.9868712425231934,0.4614235758781433,0.6478376984596252,-0.011801031418144703,0.9942833185195923,0.5254524946212769,0.8164383769035339,0.10639218240976334,0.986395001411438,0.44929617643356323,0.818202793598175,0.1048983484506607,0.9926400184631348,0.5188332200050354,0.8388208746910095,0.10854007303714752,0.8982783555984497,0.4543439447879791,0.836688220500946,0.10792161524295807,0.8788701891899109,0.5389873385429382,0.8667072653770447,-0.00928129069507122,0.9816595911979675,0.4381062388420105,0.8744231462478638,-0.012648290023207664,0.9874216318130493
158,stand,0.4873642921447754,0.1513521820306778,-0.32034072279930115,0.9999796748161316,0.49009817838668823,0.1432613730430603,-0.30846601724624634,0.999941349029541,0.49254363775253296,0.1439417451620102,-0.3084265887737274,0.9999430179595947,0.4948273301124573,0.1446904093027115,-0.3084114193916321,0.9999423027038574,0.4822988510131836,0.1435776650905609,-0.30967265367507935,0.9999433159828186,0.47963181138038635,0.14452646672725677,-0.30972522497177124,0.9999443888664246,0.476978600025177,0.14568422734737396,-0.30970498919487,0.9999445676803589,0.49829167127609253,0.15600146353244781,-0.21817734837532043,0.9998841881752014,0.4737807810306549,0.15738500654697418,-0.22505712509155273,0.9998906850814819,0.4931057095527649,0.16807341575622559,-0.2844371795654297,0.9999737739562988,0.4823009967803955,0.16716064512729645,-0.2865275740623474,0.9999676942825317,0.531086266040802,0.2538527846336365,-0.12747354805469513,0.9999467730522156,0.4433055520057678,0.25509703159332275,-0.1412261426448822,0.999953031539917,0.5497148633003235,0.3602761924266815,-0.03412571921944618,0.9908811450004578,0.42366212606430054,0.3659282326698303,-0.05265144258737564,0.9863860011100769,0.5628849864006042,0.45491406321525574,-0.07589131593704224,0.976730465888977,0.41863203048706055,0.45634713768959045,-0.07187329977750778,0.9638174176216125,0.5673976540565491,0.49009352922439575,-0.0867575854063034,0.9418679475784302,0.41595324873924255,0.48973554372787476,-0.08321774005889893,0.9222071170806885,0.561245858669281,0.4869578182697296,-0.12117134034633636,0.9474813938140869,0.42215895652770996,0.48708826303482056,-0.1121615543961525,0.926691472530365,0.5574866533279419,0.4768892824649811,-0.08976225554943085,0.9364855289459229,0.4260333180427551,0.4763256013393402,-0.08317149430513382,0.9150216579437256,0.5131015777587891,0.47866788506507874,0.0029130023904144764,0.9994244575500488,0.4627397060394287,0.47991248965263367,-0.003014309797435999,0.9996463060379028,0.5142621397972107,0.6478868722915649,0.004875843413174152,0.9876007437705994,0.4597536623477936,0.6516118049621582,-0.010618958622217178,0.9945261478424072,0.5250307321548462,0.8164716362953186,0.11455705016851425,0.9873424768447876,0.4493304193019867,0.8189283609390259,0.1103915199637413,0.9930717349052429,0.5181710124015808,0.8390019536018372,0.11725753545761108,0.9026544690132141,0.4548880457878113,0.8373650312423706,0.11351664364337921,0.8843176960945129,0.5391436815261841,0.8667313456535339,0.0003227530687581748,0.982876718044281,0.4381546974182129,0.8743334412574768,-0.00613877410069108,0.9881348609924316
159,stand,0.48492366075515747,0.15100036561489105,-0.32548150420188904,0.999981164932251,0.4877881407737732,0.14331214129924774,-0.3144990801811218,0.9999452829360962,0.49023404717445374,0.14398524165153503,-0.3144482374191284,0.9999471306800842,0.4924899935722351,0.1448783427476883,-0.3144409954547882,0.9999462366104126,0.48021477460861206,0.14343702793121338,-0.31639131903648376,0.9999470114707947,0.4776405692100525,0.14431533217430115,-0.3164362609386444,0.9999482035636902,0.4750657081604004,0.14538082480430603,-0.31640130281448364,0.9999480843544006,0.4956146776676178,0.15655623376369476,-0.22431226074695587,0.9998925924301147,0.4717779755592346,0.15749120712280273,-0.23386791348457336,0.9998981356620789,0.490377277135849,0.16778694093227386,-0.2900264263153076,0.999975323677063,0.48002809286117554,0.16644971072673798,-0.2928951680660248,0.9999693036079407,0.5277000665664673,0.25514379143714905,-0.13249056041240692,0.9999473094940186,0.4407269060611725,0.2549360990524292,-0.146070197224617,0.9999539256095886,0.5469659566879272,0.3620935082435608,-0.03463548421859741,0.9907641410827637,0.42070475220680237,0.36411795020103455,-0.04890185967087746,0.9861688613891602,0.5616832971572876,0.45679154992103577,-0.0675576776266098,0.9757322072982788,0.4155696928501129,0.4537820518016815,-0.0543152280151844,0.9627237915992737,0.5661827921867371,0.49175792932510376,-0.0766390785574913,0.9391809701919556,0.41301995515823364,0.48790431022644043,-0.06320612132549286,0.9199621677398682,0.5605193376541138,0.4891532361507416,-0.11144508421421051,0.9450747966766357,0.41927391290664673,0.48557108640670776,-0.09246576577425003,0.9245286583900452,0.5566717386245728,0.4794508218765259,-0.08145257085561752,0.9337758421897888,0.42312440276145935,0.4745582044124603,-0.06541119515895844,0.9125950932502747,0.509953498840332,0.4783685803413391,0.002778578083962202,0.9994213581085205,0.4601646065711975,0.4798961579799652,-0.002890815259888768,0.9996514916419983,0.5124223828315735,0.6485992670059204,-0.001558557036332786,0.988336980342865,0.45814499258995056,0.654395341873169,-0.01089891791343689,0.9947132468223572,0.5250300168991089,0.8163650631904602,0.10216355323791504,0.9882497787475586,0.44945988059043884,0.8204642534255981,0.10242800414562225,0.9934313893318176,0.5181679725646973,0.838868260383606,0.10405290126800537,0.9056434631347656,0.4556039869785309,0.8388330936431885,0.10443411767482758,0.8886151909828186,0.5391169786453247,0.866471529006958,-0.016130080446600914,0.9840195775032043,0.4382379651069641,0.8738880753517151,-0.01493747066706419,0.9887434840202332
160,stand,0.4834217131137848,0.1502731591463089,-0.30994465947151184,0.9999822974205017,0.48616236448287964,0.14331653714179993,-0.2987831234931946,0.9999479651451111,0.4885062575340271,0.14404593408107758,-0.29874131083488464,0.9999499917030334,0.4907200336456299,0.14491721987724304,-0.29873892664909363,0.9999489784240723,0.4785807728767395,0.143149733543396,-0.30143529176712036,0.99994957447052,0.4759998321533203,0.14398737251758575,-0.3014668822288513,0.9999507665634155,0.4734344482421875,0.14501449465751648,-0.30143216252326965,0.9999502301216125,0.4933799207210541,0.15679702162742615,-0.21233132481575012,0.9998990297317505,0.4697423577308655,0.15759500861167908,-0.23129978775978088,0.9999028444290161,0.488610178232193,0.16724936664104462,-0.27564096450805664,0.999976396560669,0.4782278537750244,0.16555283963680267,-0.27947089076042175,0.9999703168869019,0.524605929851532,0.25634488463401794,-0.1271752268075943,0.9999469518661499,0.4379306733608246,0.2548447847366333,-0.14170177280902863,0.9999539852142334,0.5437381863594055,0.363042414188385,-0.030388856306672096,0.9905481934547424,0.41730451583862305,0.36364859342575073,-0.04756476730108261,0.9857893586158752,0.5600532293319702,0.4589437246322632,-0.06520695239305496,0.9747622013092041,0.4126792550086975,0.45318692922592163,-0.06479071080684662,0.9614303708076477,0.5647818446159363,0.49334514141082764,-0.0751509889960289,0.9372287392616272,0.40992769598960876,0.4872537851333618,-0.07660499960184097,0.91767418384552,0.5592663884162903,0.4909910559654236,-0.10965035855770111,0.94330233335495,0.41619792580604553,0.48516684770584106,-0.10595197975635529,0.9223417043685913,0.5553535223007202,0.48165038228034973,-0.07903502881526947,0.9318274259567261,0.4201120436191559,0.47423434257507324,-0.07661231607198715,0.910250186920166,0.5067920088768005,0.47865355014801025,0.0027604224160313606,0.9994127750396729,0.4573369026184082,0.48033496737480164,-0.0028744128067046404,0.9996540546417236,0.510898232460022,0.6505811214447021,-0.0017590742791071534,0.9890428781509399,0.4564318060874939,0.6568284034729004,-0.011191193014383316,0.994933009147644,0.5251434445381165,0.8160781860351562,0.10098002851009369,0.989055871963501,0.4494951665401459,0.8219003677368164,0.09705772995948792,0.9937681555747986,0.5182409882545471,0.8381232619285583,0.10278695821762085,0.9075028300285339,0.45589327812194824,0.8410632610321045,0.09878271818161011,0.8922384977340698,0.5390697717666626,0.8664663434028625,-0.01703684777021408,0.9849974513053894,0.4380413889884949,0.8728014826774597,-0.019630063325166702,0.9892731308937073
161,stand,0.4808029234409332,0.14977802336215973,-0.2814859449863434,0.9999832510948181,0.48367446660995483,0.1433434933423996,-0.2693648934364319,0.9999499320983887,0.48599132895469666,0.14407914876937866,-0.2693396210670471,0.999951958656311,0.4882085919380188,0.14498649537563324,-0.26934319734573364,0.9999510645866394,0.47611886262893677,0.14297661185264587,-0.27161556482315063,0.9999515414237976,0.47355255484580994,0.14376817643642426,-0.2716391980648041,0.9999526143074036,0.4709468483924866,0.14473602175712585,-0.27162519097328186,0.9999518990516663,0.4909636080265045,0.15722344815731049,-0.1819005012512207,0.9999037384986877,0.4672578275203705,0.15765826404094696,-0.19387540221214294,0.9999057054519653,0.4859551787376404,0.16692911088466644,-0.24750308692455292,0.9999770522117615,0.47562703490257263,0.1648661494255066,-0.25075939297676086,0.9999709725379944,0.5216577053070068,0.2576291859149933,-0.10393679141998291,0.9999454021453857,0.4350953996181488,0.25471726059913635,-0.11876990646123886,0.9999542236328125,0.5409753918647766,0.3635624051094055,-0.017741907387971878,0.9900841116905212,0.4138278365135193,0.36354032158851624,-0.04165814816951752,0.9852612614631653,0.5581923723220825,0.4590285122394562,-0.05833367258310318,0.9731749296188354,0.4094601571559906,0.45295846462249756,-0.07190370559692383,0.95989990234375,0.5630261898040771,0.49382299184799194,-0.06955790519714355,0.9343976974487305,0.4067034125328064,0.487051397562027,-0.08654593676328659,0.9152148365974426,0.5577818155288696,0.4915989637374878,-0.10363531112670898,0.9407128095626831,0.4129714369773865,0.48497989773750305,-0.11626052856445312,0.9200143218040466,0.5539579391479492,0.4821892976760864,-0.07216125726699829,0.9289629459381104,0.41677743196487427,0.47408562898635864,-0.08438850194215775,0.9077273607254028,0.5037978291511536,0.4789978861808777,0.002742170821875334,0.9994046688079834,0.45445162057876587,0.48068374395370483,-0.0028548273257911205,0.9996563792228699,0.5101591348648071,0.6517288088798523,-0.003938695881515741,0.9895138740539551,0.4552403390407562,0.6578733921051025,-0.01387226302176714,0.9950579404830933,0.5253528356552124,0.8155145645141602,0.0936778336763382,0.9896163940429688,0.4495479464530945,0.8230088949203491,0.08666042238473892,0.9939684867858887,0.5189006924629211,0.8375874757766724,0.09515500068664551,0.9072800874710083,0.4566115736961365,0.8441517949104309,0.08800626546144485,0.8939194679260254,0.5386507511138916,0.8655533790588379,-0.024786224588751793,0.9856342673301697,0.4380761682987213,0.8726666569709778,-0.03118697926402092,0.9895577430725098
162,stand,0.4780255854129791,0.14981073141098022,-0.29119572043418884,0.9999842047691345,0.4811110496520996,0.1434275358915329,-0.27929386496543884,0.9999522566795349,0.4834907054901123,0.14424414932727814,-0.2792651057243347,0.999954342842102,0.48579177260398865,0.14525090157985687,-0.27926623821258545,0.9999533891677856,0.4733315408229828,0.14298619329929352,-0.2810397744178772,0.9999536871910095,0.4706963002681732,0.14376606047153473,-0.28106826543807983,0.9999547004699707,0.4680890440940857,0.1447061002254486,-0.28105244040489197,0.9999536871910095,0.4888644218444824,0.15758031606674194,-0.18974116444587708,0.9999088644981384,0.4644729197025299,0.1577140837907791,-0.19898124039173126,0.999909520149231,0.48323583602905273,0.16695676743984222,-0.25661760568618774,0.9999780654907227,0.4727044999599457,0.1649077981710434,-0.2592586874961853,0.9999720454216003,0.5194424390792847,0.2603180408477783,-0.1080382913351059,0.999944806098938,0.4327094554901123,0.2547236680984497,-0.12070794403553009,0.9999547004699707,0.538557231426239,0.366197794675827,-0.019889313727617264,0.9896758794784546,0.4107937812805176,0.36321336030960083,-0.04376181587576866,0.9851332306861877,0.555936336517334,0.46034863591194153,-0.05849318578839302,0.9713591933250427,0.4063376486301422,0.452949196100235,-0.07336489856243134,0.958407998085022,0.560686469078064,0.4952377378940582,-0.06918732821941376,0.9307084679603577,0.4034724831581116,0.4870733916759491,-0.08723911643028259,0.91232830286026,0.5558830499649048,0.4931868314743042,-0.10300008952617645,0.9373869299888611,0.40998873114585876,0.48503464460372925,-0.1164880022406578,0.9172786474227905,0.5520976185798645,0.48373275995254517,-0.07217723876237869,0.9253557324409485,0.413882315158844,0.47412240505218506,-0.08560273796319962,0.9047552347183228,0.5014305710792542,0.4792343080043793,0.0028824193868786097,0.999398946762085,0.4517100751399994,0.48115432262420654,-0.002997667994350195,0.9996530413627625,0.5093558430671692,0.6517133712768555,-0.004867550916969776,0.9898806810379028,0.45474177598953247,0.6587921380996704,-0.014953901059925556,0.995089590549469,0.5256437063217163,0.8153355717658997,0.09499172866344452,0.9900964498519897,0.4495698809623718,0.8229303359985352,0.08961084485054016,0.9939885139465332,0.5199888944625854,0.8375952839851379,0.09686192870140076,0.9068311452865601,0.45659613609313965,0.8438899517059326,0.09164584428071976,0.8926352858543396,0.5382911562919617,0.865293562412262,-0.02515495754778385,0.9861342310905457,0.4407612681388855,0.8721634149551392,-0.029379580169916153,0.9895625114440918
163,stand,0.47660893201828003,0.1499171406030655,-0.2959441840648651,0.9999851584434509,0.4796698987483978,0.14372146129608154,-0.2838050425052643,0.9999545812606812,0.48207178711891174,0.1446584314107895,-0.28377461433410645,0.9999567270278931,0.4844098687171936,0.14580214023590088,-0.2837720811367035,0.9999557137489319,0.4716578423976898,0.14306290447711945,-0.2855406105518341,0.9999560117721558,0.46895304322242737,0.14381568133831024,-0.28557154536247253,0.9999569654464722,0.46632495522499084,0.14473479986190796,-0.2855576276779175,0.9999557733535767,0.48707717657089233,0.15812177956104279,-0.19301912188529968,0.9999138116836548,0.4623378813266754,0.15777677297592163,-0.20125417411327362,0.99991375207901,0.4818619191646576,0.16727739572525024,-0.2608734667301178,0.9999790787696838,0.4710575044155121,0.1649514138698578,-0.26346057653427124,0.9999734163284302,0.5172544717788696,0.2620842158794403,-0.11015045642852783,0.9999447464942932,0.4300319254398346,0.2548208236694336,-0.12373830378055573,0.9999561905860901,0.5367649793624878,0.3696272671222687,-0.022768855094909668,0.9894171357154846,0.4077821671962738,0.36328238248825073,-0.05154787376523018,0.9851828813552856,0.5541727542877197,0.4632803499698639,-0.06449410319328308,0.9700983166694641,0.4032333791255951,0.4531683623790741,-0.07876501232385635,0.9577710628509521,0.5586546659469604,0.49797841906547546,-0.07614419609308243,0.928290605545044,0.4003794193267822,0.4873713254928589,-0.09255273640155792,0.9110439419746399,0.553798258304596,0.4961583912372589,-0.10996967554092407,0.9351919889450073,0.40717649459838867,0.48527222871780396,-0.11824411153793335,0.9160401225090027,0.5500600337982178,0.48701155185699463,-0.07823774963617325,0.923018217086792,0.41110438108444214,0.4742315113544464,-0.09013357013463974,0.9034163951873779,0.4995408058166504,0.47952353954315186,0.0033883333671838045,0.9993983507156372,0.4493238925933838,0.48245206475257874,-0.003506197826936841,0.9996561408042908,0.5087924599647522,0.6516426801681519,-0.0011134338565170765,0.9903671145439148,0.453200101852417,0.6597760319709778,-0.014961488544940948,0.9952411651611328,0.5256542563438416,0.8127838373184204,0.1019345372915268,0.9906498789787292,0.44959598779678345,0.823087215423584,0.0912521705031395,0.994169294834137,0.5201036334037781,0.8351774215698242,0.10428093373775482,0.9075405597686768,0.4566054344177246,0.8437522053718567,0.09345252811908722,0.8931590914726257,0.5382829308509827,0.8647950291633606,-0.018078655004501343,0.9867787957191467,0.44220176339149475,0.8722066879272461,-0.02744947001338005,0.98981112241745
164,stand,0.4749544560909271,0.1520833522081375,-0.29985523223876953,0.9999861717224121,0.4778127670288086,0.14490440487861633,-0.28426462411880493,0.9999572038650513,0.4801999032497406,0.14576543867588043,-0.2842327952384949,0.9999592304229736,0.4825606942176819,0.14688187837600708,-0.28423014283180237,0.9999582171440125,0.4696904122829437,0.14434438943862915,-0.2882015109062195,0.9999586343765259,0.4669248163700104,0.14506947994232178,-0.28822654485702515,0.9999595284461975,0.46429187059402466,0.1459423005580902,-0.28820574283599854,0.9999582171440125,0.4851720333099365,0.1586456447839737,-0.19372226297855377,0.9999186992645264,0.4603458344936371,0.1584738790988922,-0.2014041393995285,0.9999181628227234,0.4803665280342102,0.1698000133037567,-0.2616444230079651,0.9999802708625793,0.4694310128688812,0.16757415235042572,-0.2668525278568268,0.9999749660491943,0.5152750015258789,0.26302099227905273,-0.11011539399623871,0.9999459385871887,0.42764273285865784,0.2558853030204773,-0.12452719360589981,0.9999578595161438,0.5347954630851746,0.3706948459148407,-0.02258799597620964,0.9893165230751038,0.4050294756889343,0.36445850133895874,-0.05704544112086296,0.9854312539100647,0.5523309111595154,0.4652009606361389,-0.06664099544286728,0.9692884683609009,0.39966827630996704,0.45591554045677185,-0.09431277960538864,0.9579358696937561,0.5566158294677734,0.5005632638931274,-0.07867468893527985,0.92656010389328,0.39713254570961,0.48983651399612427,-0.11024953424930573,0.9110816121101379,0.5519431233406067,0.498865008354187,-0.1124037355184555,0.9336934685707092,0.4042014181613922,0.48778560757637024,-0.13891233503818512,0.9160939455032349,0.5483505129814148,0.4899511933326721,-0.0803934708237648,0.9213879704475403,0.4078834056854248,0.47726041078567505,-0.10663334280252457,0.9034215807914734,0.49858397245407104,0.4796552360057831,0.0036800194066017866,0.9994052052497864,0.4482930600643158,0.48340895771980286,-0.003801864804700017,0.999657392501831,0.5094457864761353,0.6502736806869507,-0.0038573488127440214,0.9906457662582397,0.45288047194480896,0.6594797968864441,-0.018307995051145554,0.9951638579368591,0.5256408452987671,0.8121635317802429,0.09762905538082123,0.991037905216217,0.4496132433414459,0.8231028318405151,0.09090269356966019,0.9941213726997375,0.5202348232269287,0.8350294232368469,0.09982112795114517,0.9069302678108215,0.4564293324947357,0.8436225652694702,0.09339983016252518,0.891311764717102,0.5382658839225769,0.8643264770507812,-0.025161873549222946,0.9871939420700073,0.44283589720726013,0.8723114728927612,-0.030007699504494667,0.9897382855415344
165,stand,0.4733256697654724,0.15437892079353333,-0.3177204728126526,0.9999868869781494,0.4762480854988098,0.14617286622524261,-0.30146709084510803,0.9999588131904602,0.4787454605102539,0.14700721204280853,-0.30143848061561584,0.9999608397483826,0.48119527101516724,0.1481311023235321,-0.3014257252216339,0.9999597072601318,0.46808046102523804,0.14577136933803558,-0.30467820167541504,0.9999602437019348,0.4651334285736084,0.14651110768318176,-0.304709255695343,0.9999611973762512,0.46241164207458496,0.14733636379241943,-0.3046998977661133,0.9999597668647766,0.48384204506874084,0.15944509208202362,-0.19832459092140198,0.9999216794967651,0.45842188596725464,0.15954682230949402,-0.210491344332695,0.999920666217804,0.47876015305519104,0.17228807508945465,-0.27771884202957153,0.9999810457229614,0.467593252658844,0.170669287443161,-0.2822120189666748,0.9999760985374451,0.5139015913009644,0.26378583908081055,-0.11250253766775131,0.9999467730522156,0.42555856704711914,0.2577189803123474,-0.1283586025238037,0.999958872795105,0.5335158705711365,0.3720974922180176,-0.027586881071329117,0.9893360733985901,0.40327900648117065,0.3666178286075592,-0.06582732498645782,0.9856870174407959,0.5500704646110535,0.4684998393058777,-0.08285661041736603,0.968826413154602,0.3968747556209564,0.45834648609161377,-0.12132258713245392,0.9586662650108337,0.5543478727340698,0.5046137571334839,-0.09704171121120453,0.9253604412078857,0.394105464220047,0.4923478364944458,-0.14086583256721497,0.9122660160064697,0.5494456887245178,0.502822995185852,-0.13110241293907166,0.9326325058937073,0.4013732075691223,0.48986998200416565,-0.1718265414237976,0.917285680770874,0.5456663370132446,0.49409496784210205,-0.09695102274417877,0.9202866554260254,0.40500909090042114,0.4793413281440735,-0.13488085567951202,0.9046192765235901,0.49805688858032227,0.48058021068573,0.0038632950745522976,0.9994097948074341,0.4470459520816803,0.48541367053985596,-0.003989929798990488,0.999656081199646,0.5098009705543518,0.6489935517311096,-0.0007132650353014469,0.9909830689430237,0.45208483934402466,0.6597694754600525,-0.01704595796763897,0.9951356053352356,0.5256414413452148,0.8107830286026001,0.10799966752529144,0.9914281368255615,0.4496089518070221,0.8231050968170166,0.10102342069149017,0.9940898418426514,0.5206215977668762,0.8333448767662048,0.11081774532794952,0.905949592590332,0.4558100700378418,0.8434378504753113,0.10450805723667145,0.8890718221664429,0.5378042459487915,0.8638507127761841,-0.01915428601205349,0.9876246452331543,0.4431927800178528,0.8723247051239014,-0.023305857554078102,0.9897268414497375
166,stand,0.46942490339279175,0.1574343889951706,-0.3234195113182068,0.9999873638153076,0.4730735719203949,0.14829929172992706,-0.3073972761631012,0.9999591708183289,0.47576817870140076,0.14905157685279846,-0.30737146735191345,0.9999613761901855,0.47844401001930237,0.15013229846954346,-0.3073487877845764,0.9999599456787109,0.46442684531211853,0.14811979234218597,-0.30878132581710815,0.9999604225158691,0.461530864238739,0.14876364171504974,-0.3088145852088928,0.9999616742134094,0.45886215567588806,0.1495583951473236,-0.30881786346435547,0.9999601244926453,0.4822081923484802,0.16112257540225983,-0.20081579685211182,0.9999226927757263,0.45566239953041077,0.16147682070732117,-0.2101730853319168,0.9999201893806458,0.475349098443985,0.17538002133369446,-0.2832261621952057,0.9999814629554749,0.4637991487979889,0.17416104674339294,-0.28543946146965027,0.9999767541885376,0.5128084421157837,0.2646283507347107,-0.11452402919530869,0.999947726726532,0.4242483079433441,0.2594839632511139,-0.12524919211864471,0.9999586939811707,0.5315843224525452,0.3728511929512024,-0.03514573350548744,0.9895452857017517,0.4020426273345947,0.36693131923675537,-0.06316778808832169,0.985783040523529,0.5474737286567688,0.46916282176971436,-0.09882679581642151,0.9693006873130798,0.3936291038990021,0.45864686369895935,-0.1264827996492386,0.9596428871154785,0.5521126389503479,0.5051150321960449,-0.11501739174127579,0.926117479801178,0.39064058661460876,0.49313095211982727,-0.1485045701265335,0.9139845967292786,0.546877384185791,0.503059446811676,-0.15001557767391205,0.9333080053329468,0.3974629044532776,0.49023309350013733,-0.17965582013130188,0.9189974665641785,0.5428574681282043,0.49444472789764404,-0.1134234070777893,0.9210994243621826,0.4009464383125305,0.47949346899986267,-0.14045745134353638,0.9065684080123901,0.49647456407546997,0.4821333587169647,0.003617114620283246,0.9994061589241028,0.44531258940696716,0.4873485565185547,-0.0037527692038565874,0.9996504187583923,0.5096938610076904,0.6489993929862976,0.0018677416956052184,0.9913682341575623,0.45124077796936035,0.6605576276779175,-0.014754032716155052,0.9951499104499817,0.5256050825119019,0.8086088299751282,0.1359911561012268,0.9917628169059753,0.4494885802268982,0.8233711123466492,0.11943672597408295,0.9940985441207886,0.5213258862495422,0.8292912840843201,0.14142915606498718,0.9024628400802612,0.45514315366744995,0.8432998657226562,0.1246592253446579,0.8868018984794617,0.535140872001648,0.8632782697677612,0.00939275324344635,0.9879618287086487,0.4435882568359375,0.8724827170372009,-0.006460688076913357,0.9897615909576416
167,stand,0.46808043122291565,0.16140316426753998,-0.3551686406135559,0.9999878406524658,0.47208040952682495,0.15078014135360718,-0.3391563594341278,0.9999601244926453,0.47497066855430603,0.1514800488948822,-0.3391241431236267,0.999962568283081,0.4776684641838074,0.15243315696716309,-0.3391003906726837,0.9999607801437378,0.46310847997665405,0.15080732107162476,-0.34059610962867737,0.9999611377716064,0.4600760042667389,0.1514681577682495,-0.34064027667045593,0.9999627470970154,0.45732325315475464,0.1521795094013214,-0.34064003825187683,0.9999611377716064,0.4815073013305664,0.16292236745357513,-0.22756990790367126,0.9999250173568726,0.454399049282074,0.16336126625537872,-0.23533053696155548,0.9999220967292786,0.4739627242088318,0.17920845746994019,-0.3129943907260895,0.9999821186065674,0.46224719285964966,0.17839321494102478,-0.3153080642223358,0.9999775886535645,0.5120123624801636,0.26629573106765747,-0.13342790305614471,0.9999492168426514,0.4233618676662445,0.2612167000770569,-0.13701607286930084,0.9999586343765259,0.5299254059791565,0.3735729157924652,-0.047520436346530914,0.989920437335968,0.40147480368614197,0.3672299385070801,-0.06359119713306427,0.9861194491386414,0.5454374551773071,0.46937811374664307,-0.10867191851139069,0.970278263092041,0.391607403755188,0.4587958753108978,-0.12193681299686432,0.9614181518554688,0.5500888824462891,0.5049340724945068,-0.12386246770620346,0.9276052117347717,0.3880603611469269,0.4934566020965576,-0.14165204763412476,0.9172559380531311,0.5447119474411011,0.5028152465820312,-0.16019132733345032,0.9346389770507812,0.3943922817707062,0.4904487729072571,-0.1732184737920761,0.9221493005752563,0.5406369566917419,0.4944140613079071,-0.12357406318187714,0.9225619435310364,0.398091197013855,0.47962597012519836,-0.13552531599998474,0.9100558161735535,0.4951891005039215,0.48297661542892456,0.0032601417042315006,0.999394953250885,0.44404029846191406,0.48832619190216064,-0.003408966585993767,0.9996420741081238,0.5084642171859741,0.6488973498344421,0.0017547603929415345,0.9917527437210083,0.4502227306365967,0.661019504070282,-0.014443377032876015,0.9951179027557373,0.5253958702087402,0.808186948299408,0.1320890337228775,0.9920865893363953,0.44907981157302856,0.8240858912467957,0.1177402138710022,0.9940695762634277,0.5215343832969666,0.8286727070808411,0.1370200663805008,0.8996071815490723,0.45423999428749084,0.8435251116752625,0.12233839929103851,0.8848921656608582,0.5324779748916626,0.862275242805481,0.0043333349749445915,0.9883084893226624,0.443563312292099,0.8726054430007935,-0.008890178054571152,0.9897586703300476
168,stand,0.46816325187683105,0.1637631207704544,-0.3616892695426941,0.9999882578849792,0.4717269837856293,0.15294086933135986,-0.3465081453323364,0.9999610185623169,0.47449517250061035,0.15359479188919067,-0.3464806079864502,0.9999635815620422,0.4770473837852478,0.15437743067741394,-0.3464706540107727,0.9999617338180542,0.4631424844264984,0.1530177742242813,-0.3484576344490051,0.999961793422699,0.46002548933029175,0.15374360978603363,-0.3484998941421509,0.9999634623527527,0.4572165608406067,0.15443170070648193,-0.3484978973865509,0.9999617338180542,0.48042789101600647,0.16456563770771027,-0.23690946400165558,0.9999274611473083,0.45401257276535034,0.16506218910217285,-0.246367409825325,0.9999231100082397,0.47409623861312866,0.1817152500152588,-0.31975072622299194,0.9999825358390808,0.4624556601047516,0.18087106943130493,-0.3226569592952728,0.9999781250953674,0.5120724439620972,0.26710739731788635,-0.14226660132408142,0.9999507069587708,0.423168808221817,0.2632252275943756,-0.14654916524887085,0.9999580383300781,0.529146134853363,0.3741477131843567,-0.05616645887494087,0.990207850933075,0.40114206075668335,0.3685404360294342,-0.0726219192147255,0.9862232804298401,0.5440247058868408,0.47023242712020874,-0.11449221521615982,0.9711737632751465,0.389989972114563,0.4607410430908203,-0.13034406304359436,0.9621738791465759,0.5483533143997192,0.5053025484085083,-0.12966926395893097,0.9293001890182495,0.38621786236763,0.495938241481781,-0.14979466795921326,0.9186021685600281,0.5432742834091187,0.5034557580947876,-0.1660139262676239,0.9361682534217834,0.3921263515949249,0.4928431510925293,-0.18273185193538666,0.9235256910324097,0.5393673181533813,0.495386004447937,-0.12928418815135956,0.9242411851882935,0.3958321809768677,0.48214101791381836,-0.14454731345176697,0.911598801612854,0.49400514364242554,0.48322075605392456,0.0031253728084266186,0.999384880065918,0.44282692670822144,0.4881882071495056,-0.003271860536187887,0.9996333718299866,0.5068458318710327,0.6495987176895142,0.0019000463653355837,0.9920833110809326,0.4494848847389221,0.6609932780265808,-0.01403527706861496,0.9951316714286804,0.5247355103492737,0.8083399534225464,0.126498281955719,0.9924018979072571,0.44851136207580566,0.8250897526741028,0.11447542905807495,0.99406498670578,0.5213741064071655,0.8289995789527893,0.1311686933040619,0.8975932002067566,0.45348548889160156,0.8442938923835754,0.11798487603664398,0.8832564353942871,0.5315321087837219,0.8622617721557617,-0.0038754709530621767,0.9886093139648438,0.44315046072006226,0.8727512955665588,-0.018050286918878555,0.9897339344024658
169,stand,0.46792465448379517,0.16461870074272156,-0.34598156809806824,0.9999885559082031,0.47120290994644165,0.15388347208499908,-0.331804096698761,0.9999614357948303,0.4738833010196686,0.15452077984809875,-0.3317663073539734,0.9999640583992004,0.4763850271701813,0.15524707734584808,-0.331748902797699,0.9999622106552124,0.46280401945114136,0.1540849208831787,-0.33371448516845703,0.9999620914459229,0.4596567153930664,0.15490511059761047,-0.33375462889671326,0.9999635815620422,0.45680928230285645,0.15565356612205505,-0.3337433636188507,0.9999616146087646,0.4796033799648285,0.16546393930912018,-0.23081915080547333,0.9999291300773621,0.4534958004951477,0.1663314253091812,-0.24368524551391602,0.9999222755432129,0.4740355908870697,0.18279887735843658,-0.30663514137268066,0.9999827742576599,0.46228623390197754,0.18186111748218536,-0.3096183240413666,0.999978244304657,0.5121116042137146,0.26718953251838684,-0.13680702447891235,0.9999514222145081,0.4234185218811035,0.2643609046936035,-0.14161187410354614,0.9999570846557617,0.5284159183502197,0.3739474415779114,-0.05087612196803093,0.9904481172561646,0.40135306119918823,0.36931943893432617,-0.07052147388458252,0.9859949350357056,0.5426447987556458,0.47036856412887573,-0.10859111696481705,0.9721249938011169,0.38884878158569336,0.46218758821487427,-0.13344869017601013,0.9622972011566162,0.5470085740089417,0.5057434439659119,-0.12414755672216415,0.9314093589782715,0.3846794664859772,0.49772340059280396,-0.15436646342277527,0.918928861618042,0.5420006513595581,0.5040448904037476,-0.15986347198486328,0.9380699396133423,0.39045169949531555,0.49505844712257385,-0.18798135221004486,0.9239454865455627,0.5381975769996643,0.4960043728351593,-0.12321367114782333,0.9263618588447571,0.3942999541759491,0.484544962644577,-0.14841167628765106,0.9122125506401062,0.49331745505332947,0.48332956433296204,0.00268167769536376,0.9993782639503479,0.4425296187400818,0.4880848824977875,-0.002812168560922146,0.999628484249115,0.5060137510299683,0.6496431827545166,-0.002878679195418954,0.9922379851341248,0.44921907782554626,0.660861611366272,-0.01464612502604723,0.9950520992279053,0.5238264799118042,0.8090426325798035,0.10738877952098846,0.9925436973571777,0.44854554533958435,0.8256480693817139,0.09919087588787079,0.9940229654312134,0.5204617977142334,0.8298285007476807,0.1099797710776329,0.896257758140564,0.4535296559333801,0.8451080918312073,0.101398766040802,0.8832744359970093,0.5318715572357178,0.8615591526031494,-0.02144547551870346,0.988667905330658,0.4423607885837555,0.8729504346847534,-0.029764046892523766,0.9896076321601868
170,stand,0.46738848090171814,0.16435867547988892,-0.3402065336704254,0.9999890327453613,0.4704720079898834,0.154350146651268,-0.325791597366333,0.9999627470970154,0.47312307357788086,0.15503372251987457,-0.32576271891593933,0.999965250492096,0.4756036400794983,0.15581244230270386,-0.3257548213005066,0.9999635815620422,0.4622982144355774,0.1545795053243637,-0.32754790782928467,0.9999634027481079,0.4592122435569763,0.15546952188014984,-0.32758626341819763,0.9999647736549377,0.4563775062561035,0.15628035366535187,-0.327579528093338,0.9999627470970154,0.47890615463256836,0.16624151170253754,-0.2240912914276123,0.9999319314956665,0.45294418931007385,0.1671554297208786,-0.2351805716753006,0.999923825263977,0.47352147102355957,0.1823999434709549,-0.3007522225379944,0.9999831914901733,0.4617607593536377,0.18133968114852905,-0.3034510910511017,0.9999787211418152,0.5116252303123474,0.26697003841400146,-0.13319483399391174,0.9999523162841797,0.42343053221702576,0.2653965651988983,-0.1395072489976883,0.9999568462371826,0.5283344388008118,0.3731161653995514,-0.052476346492767334,0.9905698299407959,0.4018780589103699,0.37027671933174133,-0.07584156095981598,0.9857674241065979,0.5418186783790588,0.4699467122554779,-0.10977397859096527,0.9726974964141846,0.3883620500564575,0.463312029838562,-0.14128179848194122,0.9620569348335266,0.5460097789764404,0.5053727626800537,-0.12557928264141083,0.932725727558136,0.3836652636528015,0.4985772371292114,-0.16278696060180664,0.9185494780540466,0.5407670140266418,0.5036959052085876,-0.16067692637443542,0.9392514228820801,0.38933685421943665,0.4967708885669708,-0.19680799543857574,0.9237143993377686,0.5370025038719177,0.49568936228752136,-0.124285027384758,0.9276303052902222,0.39339786767959595,0.487029492855072,-0.15658049285411835,0.9120896458625793,0.4937805235385895,0.4808175265789032,0.0019251822959631681,0.9993821382522583,0.44283708930015564,0.4853336811065674,-0.0020472805481404066,0.9996284246444702,0.5053850412368774,0.6492173671722412,-0.015977000817656517,0.9922762513160706,0.44925904273986816,0.6594083309173584,-0.02088158018887043,0.9948794841766357,0.5232502222061157,0.8103312253952026,0.08200101554393768,0.9925808906555176,0.44857344031333923,0.8257370591163635,0.0795200914144516,0.9938472509384155,0.5198200941085815,0.8312479853630066,0.0833936408162117,0.8929912447929382,0.4535413384437561,0.8453337550163269,0.08085762709379196,0.8815535306930542,0.5320866107940674,0.8614643812179565,-0.048552822321653366,0.9885838627815247,0.4415958821773529,0.8733723163604736,-0.04833938553929329,0.9892732501029968
171,stand,0.4668470323085785,0.1654205173254013,-0.3483150899410248,0.9999895095825195,0.46997636556625366,0.1552809625864029,-0.3328704833984375,0.9999639391899109,0.47264447808265686,0.1558968722820282,-0.3328506648540497,0.9999664425849915,0.4751303195953369,0.15661126375198364,-0.33285170793533325,0.9999647736549377,0.46185773611068726,0.15561695396900177,-0.3346523344516754,0.9999645352363586,0.4588010311126709,0.1564941257238388,-0.3346942961215973,0.9999659061431885,0.4559659957885742,0.15730710327625275,-0.3346877694129944,0.9999637603759766,0.4784671366214752,0.1670016050338745,-0.22560639679431915,0.9999344944953918,0.4524539113044739,0.16816338896751404,-0.23464541137218475,0.9999256134033203,0.4729696810245514,0.1832011491060257,-0.3071371018886566,0.999983549118042,0.46127739548683167,0.1822151392698288,-0.30971071124076843,0.9999790787696838,0.5114997029304504,0.2668953537940979,-0.13472947478294373,0.9999532103538513,0.42339664697647095,0.26742660999298096,-0.13922762870788574,0.9999558925628662,0.5286266207695007,0.3717414438724518,-0.05515899509191513,0.9908369779586792,0.4023898243904114,0.37270915508270264,-0.07546250522136688,0.9856719970703125,0.5415967702865601,0.469698429107666,-0.11385533958673477,0.9736325740814209,0.388026624917984,0.46386075019836426,-0.14183640480041504,0.962599515914917,0.5455355644226074,0.5051133632659912,-0.12976185977458954,0.9344803094863892,0.38326776027679443,0.49881213903427124,-0.16334696114063263,0.9195393323898315,0.5400603413581848,0.5033901929855347,-0.16580617427825928,0.9408488273620605,0.38849765062332153,0.49736636877059937,-0.19776497781276703,0.9247482419013977,0.5364090800285339,0.49528953433036804,-0.12875689566135406,0.9293931722640991,0.39239299297332764,0.4877852499485016,-0.15719348192214966,0.9132909178733826,0.4944496750831604,0.48077553510665894,0.0013224352151155472,0.9993831515312195,0.44356125593185425,0.48530349135398865,-0.001441208296455443,0.9996312260627747,0.5054150819778442,0.6491369605064392,-0.014563078060746193,0.9924452900886536,0.44910359382629395,0.6589177250862122,-0.022163208574056625,0.9948621392250061,0.5229172706604004,0.8113150000572205,0.08968095481395721,0.9927359819412231,0.4485916197299957,0.8257759809494019,0.08432193100452423,0.9938935041427612,0.5192497968673706,0.8321963548660278,0.09168609231710434,0.8920811414718628,0.45366019010543823,0.84538334608078,0.08625499159097672,0.8826137185096741,0.5321856737136841,0.8614969253540039,-0.04009158909320831,0.9887399077415466,0.44098401069641113,0.8737310767173767,-0.0428818017244339,0.9893066883087158
172,stand,0.46556347608566284,0.16641300916671753,-0.3415834307670593,0.9999898672103882,0.4688080847263336,0.15593589842319489,-0.32713064551353455,0.999964714050293,0.4714823365211487,0.1564122587442398,-0.32712262868881226,0.9999672174453735,0.4740104079246521,0.15703964233398438,-0.32714009284973145,0.9999656677246094,0.4610094130039215,0.15657415986061096,-0.32702597975730896,0.999965250492096,0.45813268423080444,0.15744949877262115,-0.32706698775291443,0.999966561794281,0.45542508363723755,0.1582566201686859,-0.3270689845085144,0.9999642968177795,0.4780011773109436,0.16730879247188568,-0.2223523110151291,0.9999362826347351,0.452411025762558,0.1690416783094406,-0.22389981150627136,0.9999256730079651,0.47177520394325256,0.1836189329624176,-0.3009698987007141,0.9999837875366211,0.46061307191848755,0.18299274146556854,-0.3012428879737854,0.9999790787696838,0.511222243309021,0.2665250897407532,-0.13436546921730042,0.999954342842102,0.423780620098114,0.2676880657672882,-0.12854723632335663,0.9999552965164185,0.5290989875793457,0.36885493993759155,-0.05236418917775154,0.9911139607429504,0.4028554856777191,0.37389665842056274,-0.06602960079908371,0.9851112365722656,0.5415242910385132,0.46758782863616943,-0.1094687208533287,0.9746167659759521,0.38806259632110596,0.46399229764938354,-0.13674144446849823,0.9624500274658203,0.5453543066978455,0.5042216181755066,-0.12481722980737686,0.9366865754127502,0.3830193877220154,0.49885520339012146,-0.15640412271022797,0.919600248336792,0.539741575717926,0.5025283098220825,-0.16044169664382935,0.9428313970565796,0.3878312408924103,0.49767255783081055,-0.18871459364891052,0.9248866438865662,0.5362138748168945,0.49417734146118164,-0.12424532324075699,0.9315896034240723,0.3916874825954437,0.48817071318626404,-0.1504572480916977,0.913527250289917,0.4947563707828522,0.48025184869766235,-5.395601692725904e-05,0.9993868470191956,0.44401389360427856,0.4847366213798523,-5.9871050325455144e-05,0.9996302127838135,0.5050894618034363,0.6489160060882568,-0.0217482540756464,0.9924114346504211,0.44916287064552307,0.658057451248169,-0.022325174883008003,0.9946754574775696,0.5228550434112549,0.812485933303833,0.07319105416536331,0.9927102327346802,0.4486043453216553,0.8257561326026917,0.07566247135400772,0.9937655329704285,0.5190574526786804,0.8341258764266968,0.07420854270458221,0.8894007802009583,0.4537510871887207,0.8455155491828918,0.07664140313863754,0.8820422291755676,0.5322418212890625,0.8615030646324158,-0.05602412298321724,0.9885795712471008,0.44053277373313904,0.8739652037620544,-0.050700247287750244,0.9890417456626892
173,stand,0.4656032621860504,0.16606387495994568,-0.3284516930580139,0.9999899864196777,0.46871453523635864,0.15584796667099,-0.3139112889766693,0.9999644756317139,0.47133129835128784,0.1563456654548645,-0.31390443444252014,0.9999670386314392,0.47380876541137695,0.156997412443161,-0.31391438841819763,0.9999655485153198,0.46111273765563965,0.15651682019233704,-0.31427913904190063,0.9999650120735168,0.45827946066856384,0.15743833780288696,-0.3143150210380554,0.9999663233757019,0.4555854797363281,0.15831393003463745,-0.31431540846824646,0.9999639391899109,0.47774577140808105,0.16735313832759857,-0.2112024575471878,0.9999364614486694,0.45255613327026367,0.16940000653266907,-0.21373257040977478,0.9999235272407532,0.47186097502708435,0.1832810789346695,-0.28893330693244934,0.9999836087226868,0.46087193489074707,0.18266364932060242,-0.2897017002105713,0.9999784827232361,0.51105797290802,0.2660960555076599,-0.12691321969032288,0.999954879283905,0.42401236295700073,0.2682969272136688,-0.12137788534164429,0.9999536871910095,0.5295830965042114,0.36614400148391724,-0.047673556953668594,0.9913864135742188,0.4031490385532379,0.3751726746559143,-0.05621533468365669,0.9844740629196167,0.541956901550293,0.4646218717098236,-0.10079509019851685,0.9754992723464966,0.3883060812950134,0.4646236002445221,-0.1242976188659668,0.9621404409408569,0.5455211400985718,0.5024807453155518,-0.1153426319360733,0.9385550618171692,0.38313889503479004,0.4991825222969055,-0.14447608590126038,0.9194231033325195,0.5397797226905823,0.5006699562072754,-0.150693878531456,0.9444987773895264,0.387796550989151,0.49816757440567017,-0.1791565865278244,0.9247787594795227,0.5363019108772278,0.4917091429233551,-0.11502476781606674,0.933456301689148,0.3916928768157959,0.48883959650993347,-0.13955791294574738,0.913494348526001,0.4950632154941559,0.4802402853965759,-0.00010411344555905089,0.9993815422058105,0.4443431794643402,0.484730988740921,-8.610001714259852e-06,0.9996252059936523,0.5052133798599243,0.6489410400390625,-0.018716823309659958,0.9925509691238403,0.4492540955543518,0.6575812697410583,-0.021855246275663376,0.9946553111076355,0.5228638052940369,0.813039243221283,0.0795934647321701,0.9927713871002197,0.44864678382873535,0.8256781101226807,0.07717998325824738,0.9937662482261658,0.5189759135246277,0.8348721265792847,0.08096465468406677,0.8874558806419373,0.45386576652526855,0.8455011248588562,0.07825955003499985,0.8819475173950195,0.5322965383529663,0.8616393804550171,-0.04814328998327255,0.9885508418083191,0.4404626488685608,0.8740122318267822,-0.04867134615778923,0.9889784455299377
174,stand,0.4660564363002777,0.16579146683216095,-0.3284212648868561,0.9999902248382568,0.46906208992004395,0.15575957298278809,-0.3138577938079834,0.9999648928642273,0.47161784768104553,0.15628759562969208,-0.31384897232055664,0.9999675750732422,0.4740411639213562,0.1569591909646988,-0.3138574957847595,0.9999660849571228,0.46150535345077515,0.15641163289546967,-0.3145821690559387,0.9999654293060303,0.4586876332759857,0.15735459327697754,-0.31461843848228455,0.9999668002128601,0.4559900164604187,0.158286914229393,-0.314615935087204,0.9999643564224243,0.47778525948524475,0.16737739741802216,-0.21087288856506348,0.9999380111694336,0.45280271768569946,0.16976439952850342,-0.2149181365966797,0.9999238848686218,0.4722414016723633,0.18303585052490234,-0.2888266146183014,0.9999837875366211,0.4613104462623596,0.1824137568473816,-0.29005980491638184,0.9999784231185913,0.5110573768615723,0.2656484544277191,-0.1258455216884613,0.9999561309814453,0.42424654960632324,0.2688756287097931,-0.12258397042751312,0.9999529123306274,0.529640793800354,0.363636314868927,-0.044502343982458115,0.991684079170227,0.4032958149909973,0.3760361969470978,-0.05413522571325302,0.9840903282165527,0.5425206422805786,0.4602712094783783,-0.0952327772974968,0.9762839078903198,0.38863664865493774,0.46521690487861633,-0.11802996695041656,0.9620708227157593,0.5460239052772522,0.4999958574771881,-0.10907852649688721,0.9401105046272278,0.3836030960083008,0.4997010827064514,-0.13747426867485046,0.919583797454834,0.5403710603713989,0.49813199043273926,-0.1445418745279312,0.9458882808685303,0.3880639970302582,0.4987117648124695,-0.1727050542831421,0.9249781370162964,0.536954939365387,0.48805510997772217,-0.10940291732549667,0.9350418448448181,0.3917677402496338,0.48933911323547363,-0.13352002203464508,0.9137668013572693,0.4952552914619446,0.47994139790534973,-0.00013195700012147427,0.9993788599967957,0.4444727897644043,0.48452791571617126,1.807120133889839e-05,0.9996207356452942,0.5053654313087463,0.6489046812057495,-0.01919606700539589,0.9926517009735107,0.44931259751319885,0.6573832631111145,-0.022046983242034912,0.9946002960205078,0.5228467583656311,0.8136405348777771,0.07736809551715851,0.9927874207496643,0.4486645758152008,0.8256601691246033,0.07512696087360382,0.9937146902084351,0.5189222097396851,0.8359873294830322,0.07845204323530197,0.885063886642456,0.4538990557193756,0.8454951643943787,0.07596274465322495,0.8813525438308716,0.5324479341506958,0.861621618270874,-0.05025004595518112,0.988463819026947,0.4404173791408539,0.8740248084068298,-0.050490252673625946,0.9888594150543213
175,stand,0.4663148820400238,0.1660260111093521,-0.33088019490242004,0.9999906420707703,0.46939998865127563,0.15583036839962006,-0.31622228026390076,0.9999662041664124,0.4719896912574768,0.15637162327766418,-0.31621524691581726,0.9999687671661377,0.47443079948425293,0.1570432037115097,-0.3162255883216858,0.9999673962593079,0.46180444955825806,0.15648292005062103,-0.31785324215888977,0.9999666810035706,0.4589765965938568,0.15743257105350494,-0.3178859353065491,0.9999679923057556,0.45628291368484497,0.15841056406497955,-0.31787416338920593,0.9999655485153198,0.4781359136104584,0.16740621626377106,-0.21140539646148682,0.999940812587738,0.45303767919540405,0.16989360749721527,-0.2187163531780243,0.9999264478683472,0.4724912643432617,0.18349501490592957,-0.29029613733291626,0.9999843835830688,0.4614904820919037,0.18293961882591248,-0.292510449886322,0.9999790787696838,0.5112923383712769,0.26563000679016113,-0.12529632449150085,0.9999579787254333,0.4243283271789551,0.2700958251953125,-0.12301649898290634,0.9999529123306274,0.5299315452575684,0.36312082409858704,-0.04279295727610588,0.9919692277908325,0.4033590257167816,0.3780249357223511,-0.05432029440999031,0.9840226769447327,0.5427724123001099,0.4581940472126007,-0.09550158679485321,0.9771815538406372,0.38892728090286255,0.46692073345184326,-0.12416671216487885,0.962332546710968,0.5464116930961609,0.49726566672325134,-0.10924957692623138,0.9420487880706787,0.38410162925720215,0.5009574294090271,-0.14485618472099304,0.9202110171318054,0.5407875776290894,0.4954114258289337,-0.14488010108470917,0.9476608633995056,0.3884294629096985,0.499987930059433,-0.18071003258228302,0.9256598353385925,0.5371329188346863,0.48486047983169556,-0.10966721922159195,0.9370611310005188,0.39194169640541077,0.490719735622406,-0.14006438851356506,0.9145647883415222,0.495655357837677,0.4800841808319092,-9.795421647140756e-05,0.9993824362754822,0.44530725479125977,0.4845271706581116,-1.5373843780253083e-05,0.9996169209480286,0.5054433345794678,0.6489884853363037,-0.0180740375071764,0.9927963614463806,0.44937664270401,0.6573766469955444,-0.02191251702606678,0.9945762753486633,0.5227735638618469,0.8139632344245911,0.0799827054142952,0.992855429649353,0.4486982226371765,0.8256432414054871,0.07639744132757187,0.9936631917953491,0.5187829732894897,0.836450457572937,0.08122867345809937,0.8834678530693054,0.4539392590522766,0.8454728126525879,0.07743091136217117,0.8805983066558838,0.532559335231781,0.8618904948234558,-0.04817543923854828,0.988459050655365,0.44041118025779724,0.8740677833557129,-0.04951753467321396,0.9887381792068481
176,stand,0.4665244519710541,0.16663691401481628,-0.3488602042198181,0.9999911189079285,0.4695223867893219,0.15599413216114044,-0.33450406789779663,0.9999679327011108,0.47211259603500366,0.1565334051847458,-0.3344895541667938,0.9999703764915466,0.4745420515537262,0.1572030931711197,-0.3344953656196594,0.9999690651893616,0.46202364563941956,0.15666241943836212,-0.3366399109363556,0.9999683499336243,0.45919695496559143,0.15761683881282806,-0.33667951822280884,0.9999696016311646,0.45650386810302734,0.1586264967918396,-0.3366625905036926,0.9999672174453735,0.4781751036643982,0.16747966408729553,-0.22682321071624756,0.9999440908432007,0.4531889855861664,0.1700032353401184,-0.2366642951965332,0.9999300837516785,0.4725182056427002,0.18449667096138,-0.3069217801094055,0.9999850988388062,0.46165910363197327,0.18388837575912476,-0.30990010499954224,0.9999800324440002,0.5114147663116455,0.26518797874450684,-0.13274508714675903,0.9999600052833557,0.4246446490287781,0.2709138095378876,-0.13674984872341156,0.9999534487724304,0.5303996205329895,0.3629094958305359,-0.04737930744886398,0.992265522480011,0.4038473963737488,0.3791162669658661,-0.0695437341928482,0.9841131567955017,0.5436287522315979,0.45799437165260315,-0.10330958664417267,0.9781352877616882,0.38925570249557495,0.4682769775390625,-0.14003914594650269,0.9627847671508789,0.5465575456619263,0.49629080295562744,-0.11849232017993927,0.9440752863883972,0.38452035188674927,0.5022938251495361,-0.1610794961452484,0.9210453629493713,0.5409647226333618,0.49434834718704224,-0.1542932391166687,0.9495198130607605,0.388876736164093,0.5013972520828247,-0.19689339399337769,0.9265313744544983,0.5377109050750732,0.4840022325515747,-0.11774921417236328,0.9392159581184387,0.39230626821517944,0.4921475350856781,-0.1558217853307724,0.9155536890029907,0.496440589427948,0.4800969362258911,-8.697079465491697e-05,0.9993923306465149,0.44622135162353516,0.4841756224632263,-2.5448844098718837e-05,0.9996153712272644,0.5055416822433472,0.6489883661270142,-0.017523664981126785,0.9929299354553223,0.4495992064476013,0.6573585271835327,-0.021838964894413948,0.994551420211792,0.5226869583129883,0.8143205642700195,0.08266230672597885,0.9929677248001099,0.44876089692115784,0.8256294131278992,0.07858043164014816,0.9936339855194092,0.5185978412628174,0.837066650390625,0.08417517691850662,0.8828551173210144,0.45402249693870544,0.8454535007476807,0.07991238683462143,0.8798075914382935,0.5326138734817505,0.862939715385437,-0.045334313064813614,0.9885674118995667,0.4404866099357605,0.8741769790649414,-0.04729406163096428,0.9886907339096069
177,stand,0.4667707085609436,0.1673463135957718,-0.3507929742336273,0.9999915957450867,0.4696759283542633,0.1562458872795105,-0.3365117907524109,0.9999695420265198,0.4722493290901184,0.15676523745059967,-0.33649688959121704,0.9999719262123108,0.47463250160217285,0.15740801393985748,-0.33649927377700806,0.9999706149101257,0.4622032046318054,0.15695573389530182,-0.3384363353252411,0.9999698996543884,0.4593685269355774,0.15789304673671722,-0.33847230672836304,0.9999711513519287,0.4566628038883209,0.15889178216457367,-0.33845362067222595,0.9999688267707825,0.47842296957969666,0.16756676137447357,-0.22837188839912415,0.9999471306800842,0.4532998204231262,0.17008084058761597,-0.23745493590831757,0.999933660030365,0.4726594090461731,0.18530027568340302,-0.3086937665939331,0.9999858140945435,0.46187034249305725,0.18465383350849152,-0.311432421207428,0.9999809265136719,0.5114802718162537,0.2640596330165863,-0.132858544588089,0.9999620914459229,0.4250308573246002,0.2710631787776947,-0.1368352174758911,0.9999539852142334,0.5308208465576172,0.36097273230552673,-0.04713526368141174,0.9925934672355652,0.40475907921791077,0.37924084067344666,-0.06874939054250717,0.9843074083328247,0.5455994606018066,0.45485275983810425,-0.10440697520971298,0.9792171716690063,0.38975781202316284,0.46823641657829285,-0.1375950574874878,0.963799238204956,0.5488024950027466,0.4921756386756897,-0.11990322917699814,0.9463474154472351,0.384801983833313,0.5023536682128906,-0.1583094745874405,0.9228768944740295,0.5439499616622925,0.4905915856361389,-0.15591493248939514,0.9516249895095825,0.3890227973461151,0.5015572309494019,-0.1935010701417923,0.9283121824264526,0.5409377813339233,0.47966042160987854,-0.11905006319284439,0.9416661858558655,0.39261394739151,0.4922715425491333,-0.1530005931854248,0.9175097942352295,0.49712491035461426,0.4801074266433716,-0.00013244457659311593,0.9994041323661804,0.4472266137599945,0.4839748442173004,1.991558019653894e-05,0.9996162056922913,0.5055564045906067,0.6489771604537964,-0.017314353957772255,0.9930429458618164,0.45005112886428833,0.6573415398597717,-0.02147098444402218,0.9945232272148132,0.5225992202758789,0.8147608637809753,0.08408424258232117,0.9930968284606934,0.44882020354270935,0.8256198167800903,0.07930697500705719,0.9936349391937256,0.5183612108230591,0.8378170728683472,0.0856829434633255,0.8828984498977661,0.454073041677475,0.8454382419586182,0.08076553791761398,0.8797091245651245,0.5326963067054749,0.8647493720054626,-0.04414712265133858,0.9887240529060364,0.4405190348625183,0.8742678165435791,-0.04629853367805481,0.988714337348938
178,stand,0.46694064140319824,0.16755340993404388,-0.3472387194633484,0.9999920725822449,0.4698554575443268,0.15632741153240204,-0.3330152630805969,0.9999710917472839,0.47242555022239685,0.1568337380886078,-0.33299925923347473,0.9999734163284302,0.47480154037475586,0.15746086835861206,-0.33300113677978516,0.9999721646308899,0.46233493089675903,0.15711107850074768,-0.3347122073173523,0.999971330165863,0.45949220657348633,0.15807121992111206,-0.33474594354629517,0.9999725818634033,0.45677775144577026,0.15910795331001282,-0.3347277045249939,0.9999703168869019,0.47850942611694336,0.1675785630941391,-0.2262537032365799,0.9999501705169678,0.4533901810646057,0.17026720941066742,-0.23437079787254333,0.9999368786811829,0.4727029800415039,0.18554507195949554,-0.3057878613471985,0.9999865889549255,0.4619527757167816,0.1849711537361145,-0.3082628846168518,0.9999818205833435,0.5116462707519531,0.26308467984199524,-0.1321418583393097,0.9999643564224243,0.4259495139122009,0.27117475867271423,-0.136434406042099,0.9999544620513916,0.532042920589447,0.3590914011001587,-0.047042615711688995,0.992965579032898,0.4057309627532959,0.379078209400177,-0.06561172008514404,0.9845032095909119,0.5480108857154846,0.45256003737449646,-0.10397293418645859,0.9803722500801086,0.3905376195907593,0.4686534106731415,-0.13692018389701843,0.9646202921867371,0.5517070889472961,0.4894119203090668,-0.1194678544998169,0.9488796591758728,0.3856279253959656,0.5031495094299316,-0.1577451527118683,0.924322247505188,0.5467299222946167,0.48809707164764404,-0.15540316700935364,0.9539558291435242,0.38994479179382324,0.5025295615196228,-0.19302628934383392,0.9297162890434265,0.5438181757926941,0.47713056206703186,-0.11858640611171722,0.9443681240081787,0.39364033937454224,0.49346399307250977,-0.15239670872688293,0.9190798401832581,0.49818578362464905,0.47997504472732544,-0.0003259047807659954,0.9994150996208191,0.44844451546669006,0.4837515652179718,0.00021520620794035494,0.999615490436554,0.5055809617042542,0.6492320895195007,-0.016749614849686623,0.9931257367134094,0.45075422525405884,0.6573746800422668,-0.020366160199046135,0.9944631457328796,0.5225900411605835,0.8152869343757629,0.08358056843280792,0.9931715726852417,0.4488375782966614,0.8256085515022278,0.0801168754696846,0.9935387969017029,0.51833575963974,0.838576078414917,0.0849132165312767,0.8811850547790527,0.4541093707084656,0.845424234867096,0.08157770335674286,0.8779139518737793,0.5327666997909546,0.8654504418373108,-0.045775048434734344,0.9887502789497375,0.4405292868614197,0.8742746710777283,-0.04550587013363838,0.9885699152946472
179,stand,0.4674510955810547,0.16761282086372375,-0.33468469977378845,0.9999924898147583,0.47011762857437134,0.1563536673784256,-0.32077741622924805,0.9999725222587585,0.4726566672325134,0.15684473514556885,-0.32076746225357056,0.9999747276306152,0.4749962389469147,0.15746471285820007,-0.3207698464393616,0.9999735951423645,0.46253713965415955,0.15716014802455902,-0.32215553522109985,0.9999726414680481,0.4597274661064148,0.1581391990184784,-0.32217758893966675,0.9999738931655884,0.45697981119155884,0.15921106934547424,-0.32215559482574463,0.9999716281890869,0.47868698835372925,0.16756576299667358,-0.2159091681241989,0.9999529123306274,0.45340466499328613,0.17047502100467682,-0.22190971672534943,0.9999395608901978,0.47337713837623596,0.1856723129749298,-0.29379647970199585,0.9999873042106628,0.46278780698776245,0.18518497049808502,-0.29565709829330444,0.9999825954437256,0.5121384859085083,0.26176419854164124,-0.12434245645999908,0.9999666810035706,0.42699113488197327,0.27109840512275696,-0.12622669339179993,0.9999551773071289,0.533666729927063,0.35806334018707275,-0.043414004147052765,0.9933293461799622,0.40687066316604614,0.37911733984947205,-0.059926651418209076,0.9847344160079956,0.5503760576248169,0.45107215642929077,-0.10372959077358246,0.9815723896026611,0.3917198181152344,0.46938079595565796,-0.1355176568031311,0.9655701518058777,0.5547074675559998,0.487686425447464,-0.11985470354557037,0.9517272114753723,0.3868343234062195,0.5041624903678894,-0.15649597346782684,0.9261407256126404,0.5495976209640503,0.48620134592056274,-0.15568558871746063,0.956569492816925,0.39118462800979614,0.5034645795822144,-0.19060233235359192,0.931484043598175,0.546686589717865,0.47533082962036133,-0.11836466938257217,0.9474114179611206,0.3949487507343292,0.49462416768074036,-0.15193691849708557,0.9210354685783386,0.49923673272132874,0.48009583353996277,-0.0005570027860812843,0.9994308352470398,0.4497108459472656,0.48380038142204285,0.00045897820382378995,0.9996160268783569,0.5055981278419495,0.6500901579856873,-0.01646648347377777,0.9932430386543274,0.451430082321167,0.6574114561080933,-0.02019868791103363,0.9944573640823364,0.5225739479064941,0.8157232403755188,0.07954297959804535,0.993273138999939,0.4488351345062256,0.8255320191383362,0.07880289852619171,0.9934782385826111,0.5183216333389282,0.8394686579704285,0.08037010580301285,0.8802648186683655,0.45406755805015564,0.8454150557518005,0.08002303540706635,0.8765912652015686,0.5327814817428589,0.8654464483261108,-0.050690896809101105,0.9888186454772949,0.44059282541275024,0.8742550611495972,-0.04646223038434982,0.9884852766990662
180,stand,0.46810823678970337,0.1680772602558136,-0.3166300058364868,0.9999929070472717,0.4707123339176178,0.15650807321071625,-0.30268415808677673,0.9999738931655884,0.4732634425163269,0.15697583556175232,-0.3026787340641022,0.9999760389328003,0.47556692361831665,0.15757906436920166,-0.3026740550994873,0.9999749660491943,0.4629289209842682,0.15730297565460205,-0.3037405014038086,0.9999739527702332,0.4601198732852936,0.15829284489154816,-0.3037588596343994,0.9999751448631287,0.45733746886253357,0.15938258171081543,-0.3037407398223877,0.999972939491272,0.47940364480018616,0.1675727814435959,-0.1992262452840805,0.999955415725708,0.4535433351993561,0.17067711055278778,-0.20384204387664795,0.9999423027038574,0.4740382730960846,0.18613116443157196,-0.2764168381690979,0.9999879598617554,0.4636225700378418,0.18574920296669006,-0.2778688073158264,0.9999834895133972,0.5128630995750427,0.26096391677856445,-0.11099208891391754,0.9999690055847168,0.42777886986732483,0.2710202634334564,-0.1115320548415184,0.999956488609314,0.5351681709289551,0.35707345604896545,-0.03534486144781113,0.9937049150466919,0.40804845094680786,0.3790093660354614,-0.04788491874933243,0.9851894974708557,0.552075982093811,0.4496957063674927,-0.10342036187648773,0.9828551411628723,0.39292290806770325,0.4705664813518524,-0.12415279448032379,0.9671126008033752,0.556580126285553,0.4862179756164551,-0.1196872740983963,0.9548413157463074,0.38821926712989807,0.5058109164237976,-0.1469685137271881,0.9291598200798035,0.5512280464172363,0.484374463558197,-0.15547800064086914,0.9594055414199829,0.3928951621055603,0.5050742030143738,-0.18169859051704407,0.9343404173851013,0.5483341813087463,0.4734726846218109,-0.11825881153345108,0.9507209062576294,0.3967888057231903,0.49668511748313904,-0.140051007270813,0.9242175221443176,0.49985161423683167,0.4808192253112793,-0.0005848050350323319,0.9994474053382874,0.4505082666873932,0.48425406217575073,0.0004919496714137495,0.9996200203895569,0.5058256983757019,0.6516016721725464,-0.014807252213358879,0.9933961629867554,0.45198574662208557,0.6578943133354187,-0.020164018496870995,0.9945003986358643,0.5224980115890503,0.8157471418380737,0.08076990395784378,0.9933675527572632,0.44883298873901367,0.8255256414413452,0.07820426672697067,0.9934385418891907,0.5182986259460449,0.8395016193389893,0.08174252510070801,0.8796365261077881,0.4540329575538635,0.8454208374023438,0.07942845672369003,0.8750714659690857,0.5324462056159973,0.8653867244720459,-0.048792872577905655,0.9889048337936401,0.4406675696372986,0.8742591142654419,-0.04655832797288895,0.9884451031684875
181,stand,0.4688500463962555,0.16852767765522003,-0.32142582535743713,0.9999933242797852,0.471510112285614,0.15671809017658234,-0.30733388662338257,0.9999752044677734,0.47410377860069275,0.1571521908044815,-0.30732497572898865,0.9999772906303406,0.47636380791664124,0.15772946178913116,-0.30732136964797974,0.9999762177467346,0.46341437101364136,0.15751565992832184,-0.30861443281173706,0.9999752044677734,0.46055689454078674,0.15852607786655426,-0.30863773822784424,0.9999763369560242,0.4577239155769348,0.15963900089263916,-0.30862003564834595,0.999974250793457,0.48040860891342163,0.1676032990217209,-0.20275075733661652,0.9999579191207886,0.45373931527137756,0.17092540860176086,-0.20838209986686707,0.9999450445175171,0.4748494029045105,0.1865766942501068,-0.28080230951309204,0.9999886155128479,0.4643799364566803,0.1863267421722412,-0.28255870938301086,0.9999843239784241,0.513822615146637,0.26042604446411133,-0.1128983348608017,0.9999710321426392,0.42823463678359985,0.27096620202064514,-0.11376556009054184,0.9999576210975647,0.5366122126579285,0.3564866781234741,-0.03531660884618759,0.9940550923347473,0.4093116819858551,0.37879133224487305,-0.04770682379603386,0.9855617880821228,0.5530757308006287,0.4482264220714569,-0.10389407724142075,0.9839794635772705,0.3940223157405853,0.47233209013938904,-0.12292484939098358,0.9683781862258911,0.5573818683624268,0.4850519299507141,-0.12156760692596436,0.9575414061546326,0.38972172141075134,0.5078827142715454,-0.14586202800273895,0.9316101670265198,0.5518339276313782,0.48284220695495605,-0.15771445631980896,0.9618663787841797,0.3944384455680847,0.5070964097976685,-0.18115583062171936,0.9366755485534668,0.5489934682846069,0.47183677554130554,-0.11888064444065094,0.9535807371139526,0.39820417761802673,0.4988844096660614,-0.1388324797153473,0.9268261790275574,0.5007495880126953,0.48080384731292725,-0.0006909215007908642,0.9994585514068604,0.45117655396461487,0.48432138562202454,0.0006049731746315956,0.9996211528778076,0.5061566233634949,0.6519799828529358,-0.014736562967300415,0.993567168712616,0.45249128341674805,0.6579159498214722,-0.0201350636780262,0.9945436716079712,0.5222138166427612,0.8158615231513977,0.08124320209026337,0.9934764504432678,0.44887369871139526,0.8255192041397095,0.07791946828365326,0.9934301972389221,0.5181244611740112,0.839648425579071,0.08220719546079636,0.8787338733673096,0.4540674090385437,0.8455081582069397,0.0790138989686966,0.8745163083076477,0.5316585302352905,0.865287184715271,-0.048698775470256805,0.9890117645263672,0.4406675398349762,0.8742620944976807,-0.04749446362257004,0.9884631633758545
182,stand,0.46944719552993774,0.16920971870422363,-0.33482879400253296,0.9999936819076538,0.47208553552627563,0.15703478455543518,-0.3210356533527374,0.9999762773513794,0.47469305992126465,0.15740938484668732,-0.3210240602493286,0.9999783039093018,0.4769103527069092,0.1579313427209854,-0.3210146427154541,0.9999772310256958,0.46377474069595337,0.15793871879577637,-0.32252898812294006,0.9999762177467346,0.4608592987060547,0.15898893773555756,-0.32255715131759644,0.9999773502349854,0.4579808712005615,0.16011857986450195,-0.3225327730178833,0.999975323677063,0.48104557394981384,0.16764546930789948,-0.2131062000989914,0.9999600648880005,0.4538156986236572,0.17146088182926178,-0.21953609585762024,0.9999475479125977,0.47548866271972656,0.18723930418491364,-0.292566180229187,0.9999892115592957,0.4649726450443268,0.18723981082439423,-0.2945082187652588,0.9999850392341614,0.5147007703781128,0.2596553862094879,-0.11656397581100464,0.9999728798866272,0.42861610651016235,0.27092239260673523,-0.11569251865148544,0.9999588131904602,0.5374879837036133,0.355753630399704,-0.03569188714027405,0.9943930506706238,0.4104030728340149,0.37870025634765625,-0.04992832988500595,0.9860373139381409,0.553583562374115,0.4472633898258209,-0.10674598067998886,0.9850016236305237,0.3950652480125427,0.4733063280582428,-0.12308623641729355,0.9697964191436768,0.5575863122940063,0.4841334819793701,-0.12463383376598358,0.9598978161811829,0.3912025988101959,0.5083878040313721,-0.14574964344501495,0.934316873550415,0.5520679354667664,0.4817662239074707,-0.16157062351703644,0.9640206694602966,0.39602336287498474,0.5074477791786194,-0.18113833665847778,0.9392336010932922,0.5493115186691284,0.47073233127593994,-0.12202491611242294,0.9561008214950562,0.3996524214744568,0.49935632944107056,-0.13888634741306305,0.9296625256538391,0.5016287565231323,0.48080116510391235,-0.0007125676493160427,0.9994640946388245,0.4519701600074768,0.4844653308391571,0.000627175671979785,0.9996225237846375,0.5063789486885071,0.6529194116592407,-0.013193249702453613,0.9937354326248169,0.45287713408470154,0.6581666469573975,-0.01967429183423519,0.9946098923683167,0.5221295356750488,0.816049337387085,0.0854545533657074,0.9935987591743469,0.4489504396915436,0.8254891037940979,0.07980187982320786,0.9934772253036499,0.5181093811988831,0.8396686315536499,0.08655017614364624,0.878912627696991,0.45422857999801636,0.845507025718689,0.08089379221200943,0.874846339225769,0.5315029621124268,0.8652127385139465,-0.045069582760334015,0.989170253276825,0.4407024383544922,0.8742983341217041,-0.0465104877948761,0.9885725975036621
183,stand,0.46953240036964417,0.16948914527893066,-0.340331107378006,0.9999939799308777,0.4722521901130676,0.15711750090122223,-0.32647016644477844,0.999977171421051,0.47489699721336365,0.15745267271995544,-0.3264564573764801,0.9999791979789734,0.4771309494972229,0.1579521894454956,-0.32644450664520264,0.9999780654907227,0.4638519287109375,0.15812525153160095,-0.32787230610847473,0.9999769330024719,0.4609168469905853,0.1592017412185669,-0.32790201902389526,0.9999781847000122,0.458038330078125,0.16034619510173798,-0.32787469029426575,0.9999761581420898,0.48144596815109253,0.16764256358146667,-0.21810570359230042,0.9999619722366333,0.4538964331150055,0.1717098355293274,-0.22423958778381348,0.99994957447052,0.47569823265075684,0.18739935755729675,-0.2979971468448639,0.9999897480010986,0.46509426832199097,0.18756835162639618,-0.29984790086746216,0.9999856352806091,0.5154458284378052,0.25928446650505066,-0.12025000154972076,0.9999745488166809,0.42917805910110474,0.270875483751297,-0.11587073653936386,0.999959409236908,0.5381637215614319,0.3554408848285675,-0.036552347242832184,0.9946998953819275,0.41159504652023315,0.37838295102119446,-0.04833802580833435,0.9863922595977783,0.5538918375968933,0.44731542468070984,-0.10656789690256119,0.9859060645103455,0.3962879180908203,0.4749634265899658,-0.11921604722738266,0.9709987044334412,0.5578298568725586,0.48407918214797974,-0.12443741410970688,0.9619379639625549,0.39273250102996826,0.5094119310379028,-0.14048664271831512,0.9366036653518677,0.5522306561470032,0.4815603494644165,-0.16059161722660065,0.965889036655426,0.3972436487674713,0.5085644721984863,-0.17585377395153046,0.9413976669311523,0.5494374632835388,0.47063273191452026,-0.12161839008331299,0.9582870602607727,0.40064167976379395,0.5005370378494263,-0.1346040815114975,0.9320666790008545,0.5023415684700012,0.48066478967666626,-0.0009162875940091908,0.9994684457778931,0.452660471200943,0.4845268726348877,0.0008264387142844498,0.9996211528778076,0.5066138505935669,0.6531394720077515,-0.013024565763771534,0.9938398003578186,0.45331844687461853,0.6584762334823608,-0.019303549081087112,0.9945834875106812,0.5221067667007446,0.8161674737930298,0.08652876317501068,0.9936766624450684,0.4489578604698181,0.8254250288009644,0.08154477924108505,0.9934232831001282,0.5181676745414734,0.839660108089447,0.0876879021525383,0.8771472573280334,0.4542521834373474,0.8455035090446472,0.08275385200977325,0.8736749291419983,0.5311996936798096,0.8651332259178162,-0.0447559580206871,0.9892510771751404,0.4407745897769928,0.8742717504501343,-0.04521297663450241,0.9885469675064087
184,stand,0.46968522667884827,0.1696222573518753,-0.3450976610183716,0.999994158744812,0.47249945998191833,0.1571618616580963,-0.33116427063941956,0.9999777674674988,0.4751705527305603,0.1574714034795761,-0.33114737272262573,0.9999798536300659,0.4774346947669983,0.15795868635177612,-0.3311348855495453,0.9999786019325256,0.4639943540096283,0.15824396908283234,-0.332660973072052,0.9999774098396301,0.46104320883750916,0.15934529900550842,-0.3326953053474426,0.9999788403511047,0.4581547677516937,0.16050684452056885,-0.33266681432724,0.9999767541885376,0.48185139894485474,0.16763490438461304,-0.22317039966583252,0.9999634027481079,0.4540552496910095,0.17183448374271393,-0.22974705696105957,0.9999511241912842,0.47597628831863403,0.1874866634607315,-0.30299144983291626,0.9999901652336121,0.46525058150291443,0.18775387108325958,-0.3049789369106293,0.9999860525131226,0.5160841345787048,0.25916558504104614,-0.12621590495109558,0.9999758005142212,0.42955881357192993,0.27085426449775696,-0.12079475075006485,0.9999597072601318,0.538683295249939,0.35530492663383484,-0.03675662726163864,0.9949464201927185,0.4125479757785797,0.37830865383148193,-0.04778576269745827,0.9866157174110413,0.5538958311080933,0.4474128186702728,-0.10270649194717407,0.9865506887435913,0.397666871547699,0.4771089255809784,-0.11511906236410141,0.9719155430793762,0.5577144622802734,0.4842207133769989,-0.11860392242670059,0.9632940888404846,0.3944114148616791,0.5114938020706177,-0.13493968546390533,0.9383546113967896,0.5520813465118408,0.4816429615020752,-0.15537196397781372,0.9671338200569153,0.3987290859222412,0.5108315348625183,-0.17031724750995636,0.9430521726608276,0.549278736114502,0.4707372486591339,-0.1175726056098938,0.9597396850585938,0.40186238288879395,0.5025582909584045,-0.13024042546749115,0.9338817596435547,0.5031875371932983,0.4805527925491333,-0.0013363773468881845,0.9994657039642334,0.453565776348114,0.48481571674346924,0.001238279975950718,0.9996159076690674,0.50691819190979,0.6531069874763489,-0.01358843594789505,0.9939354062080383,0.45366793870925903,0.6587350368499756,-0.019042039290070534,0.9945549368858337,0.5220940113067627,0.8161552548408508,0.08651410788297653,0.9937686324119568,0.44905900955200195,0.825319766998291,0.08253023773431778,0.9934025406837463,0.5182755589485168,0.8395222425460815,0.087672159075737,0.8757360577583313,0.4545062184333801,0.8454700708389282,0.08373935520648956,0.8734803795814514,0.5310786962509155,0.8648337721824646,-0.044683828949928284,0.989344596862793,0.44086360931396484,0.8741245865821838,-0.043792303651571274,0.9885693788528442
185,stand,0.46994495391845703,0.16965167224407196,-0.34022197127342224,0.9999943375587463,0.47281789779663086,0.15717078745365143,-0.3259159028530121,0.9999783039093018,0.4754863679409027,0.15747059881687164,-0.3259037137031555,0.9999803900718689,0.4777337610721588,0.15795683860778809,-0.3258858919143677,0.9999790787696838,0.4642297625541687,0.15827415883541107,-0.327287495136261,0.9999778866767883,0.4612565040588379,0.15938101708889008,-0.32732218503952026,0.9999793767929077,0.4583410322666168,0.1605498492717743,-0.3272930979728699,0.9999772906303406,0.4821576476097107,0.16759249567985535,-0.21813389658927917,0.9999644756317139,0.45423761010169983,0.17186322808265686,-0.22402815520763397,0.9999524354934692,0.4762629568576813,0.1874782145023346,-0.29838791489601135,0.9999905228614807,0.4654765725135803,0.18778029084205627,-0.3001478910446167,0.999986469745636,0.5166462659835815,0.2590915560722351,-0.12312040477991104,0.9999768137931824,0.4298670291900635,0.27128759026527405,-0.11940816789865494,0.9999601244926453,0.5389372706413269,0.35534530878067017,-0.03488357365131378,0.995140552520752,0.4133170247077942,0.3788347840309143,-0.043826911598443985,0.9868456721305847,0.5538572669029236,0.4475776255130768,-0.09875331819057465,0.9870914816856384,0.3986273407936096,0.47842952609062195,-0.11245226860046387,0.9728239178657532,0.5576974153518677,0.48429086804389954,-0.1147410050034523,0.9644709825515747,0.39552420377731323,0.5129146575927734,-0.13269945979118347,0.9401187896728516,0.552056610584259,0.48171666264533997,-0.151411771774292,0.9682169556617737,0.3999106287956238,0.5120688676834106,-0.1679385006427765,0.9447134733200073,0.5491839647293091,0.47087618708610535,-0.1136268824338913,0.9609863758087158,0.4030036926269531,0.5035552382469177,-0.1275939792394638,0.9357001781463623,0.5037451982498169,0.48071447014808655,-0.0014966651797294617,0.9994663596153259,0.45431074500083923,0.48566415905952454,0.0013988438295200467,0.9996140003204346,0.5072599649429321,0.6531669497489929,-0.013615325093269348,0.9940568804740906,0.45420941710472107,0.6590651273727417,-0.01900872401893139,0.9945882558822632,0.522147536277771,0.816258430480957,0.0866013914346695,0.9938920736312866,0.4492446780204773,0.825286865234375,0.08314113318920135,0.9934616684913635,0.5186547040939331,0.8395161032676697,0.08777712285518646,0.8756852149963379,0.4548059105873108,0.8454589247703552,0.08440825343132019,0.8742787837982178,0.5310736298561096,0.8647506833076477,-0.044366177171468735,0.9895018339157104,0.44086766242980957,0.8739651441574097,-0.04271897301077843,0.9887011647224426
186,stand,0.4700256288051605,0.16963151097297668,-0.33012256026268005,0.9999945163726807,0.47297319769859314,0.15716701745986938,-0.31580492854118347,0.9999787211418152,0.4756505489349365,0.1574525684118271,-0.31579405069351196,0.9999808669090271,0.4778933525085449,0.15793010592460632,-0.3157768249511719,0.9999794363975525,0.4643334746360779,0.15827572345733643,-0.31699562072753906,0.9999783039093018,0.4613471031188965,0.15938694775104523,-0.31702566146850586,0.9999798536300659,0.4584202170372009,0.16056784987449646,-0.3170005679130554,0.9999778270721436,0.4823572635650635,0.1675100177526474,-0.21018269658088684,0.9999653100967407,0.4543836712837219,0.17186878621578217,-0.21520963311195374,0.9999535083770752,0.47639793157577515,0.1874578446149826,-0.28927311301231384,0.9999907612800598,0.46555227041244507,0.1877434253692627,-0.29079458117485046,0.9999867677688599,0.5169457197189331,0.258941113948822,-0.11863335222005844,0.9999775886535645,0.43012022972106934,0.27169108390808105,-0.11562299728393555,0.9999605417251587,0.5389729142189026,0.3554345965385437,-0.03264066204428673,0.995272159576416,0.4138631224632263,0.37924325466156006,-0.039897508919239044,0.9869539737701416,0.5537915825843811,0.44765475392341614,-0.09431090950965881,0.9874568581581116,0.39947324991226196,0.479312002658844,-0.10783170163631439,0.9735392928123474,0.5576019883155823,0.4844866096973419,-0.11006978899240494,0.9652655720710754,0.39644497632980347,0.513943076133728,-0.12807652354240417,0.9415587782859802,0.5519673824310303,0.4819483160972595,-0.1463492214679718,0.968948245048523,0.4009109437465668,0.5128403306007385,-0.16304883360862732,0.9460678696632385,0.5490630269050598,0.471143901348114,-0.10904981940984726,0.961824357509613,0.4040166735649109,0.5041480660438538,-0.12292106449604034,0.9371873736381531,0.5042461156845093,0.4809572398662567,-0.0017134587978944182,0.9994683861732483,0.4548662602901459,0.48647341132164,0.001616455614566803,0.9996153116226196,0.5075054168701172,0.653380274772644,-0.013553014025092125,0.9941750168800354,0.4549492299556732,0.659247636795044,-0.018787752836942673,0.9946557283401489,0.522311270236969,0.8163227438926697,0.08674076199531555,0.9940241575241089,0.4493500590324402,0.8252106308937073,0.08364681154489517,0.9935809373855591,0.5190727710723877,0.8395137190818787,0.08792807161808014,0.876232385635376,0.4550425112247467,0.8454063534736633,0.08496195077896118,0.8760507106781006,0.531079888343811,0.8646466732025146,-0.04303533956408501,0.9896770715713501,0.440652996301651,0.8738216161727905,-0.040837328881025314,0.9889156222343445
187,stand,0.47038474678993225,0.16955259442329407,-0.32651183009147644,0.9999945759773254,0.4732469916343689,0.15712501108646393,-0.31215018033981323,0.99997878074646,0.47589725255966187,0.15739357471466064,-0.3121393918991089,0.9999809861183167,0.47812390327453613,0.1578744798898697,-0.31212443113327026,0.9999794960021973,0.46463313698768616,0.15825878083705902,-0.31356340646743774,0.9999783635139465,0.46164512634277344,0.1593821942806244,-0.31359273195266724,0.9999800324440002,0.458693265914917,0.1605648398399353,-0.31356942653656006,0.9999779462814331,0.4825582504272461,0.16745348274707794,-0.2070847451686859,0.9999655485153198,0.45458775758743286,0.1718849092721939,-0.2131330966949463,0.9999538064002991,0.4767373502254486,0.18738359212875366,-0.2859265208244324,0.9999908804893494,0.46593961119651794,0.18773293495178223,-0.2877682149410248,0.9999868273735046,0.5172337889671326,0.2588755488395691,-0.11670424789190292,0.9999779462814331,0.4304390847682953,0.2718687355518341,-0.11507153511047363,0.9999603629112244,0.5390228033065796,0.3554747700691223,-0.030183956027030945,0.9953259825706482,0.4142983853816986,0.3793686330318451,-0.038273002952337265,0.9869886040687561,0.5537347197532654,0.44815507531166077,-0.08740438520908356,0.9875614643096924,0.40021657943725586,0.47955068945884705,-0.1033567413687706,0.9739562273025513,0.5575193166732788,0.4845321774482727,-0.1021990031003952,0.9653882384300232,0.39713364839553833,0.5141217112541199,-0.12287607043981552,0.9424218535423279,0.551883339881897,0.4820030927658081,-0.13807040452957153,0.9690632224082947,0.4016256332397461,0.5129294991493225,-0.1575077623128891,0.946875274181366,0.5489643812179565,0.4711802899837494,-0.10188993066549301,0.9619421362876892,0.4048123359680176,0.5042709112167358,-0.11824677139520645,0.9380615949630737,0.5045427083969116,0.4811301827430725,-0.0017559401458129287,0.9994650483131409,0.45509904623031616,0.4869633913040161,0.001657474203966558,0.9996131658554077,0.5075658559799194,0.6533823013305664,-0.013005129992961884,0.9942686557769775,0.4555003046989441,0.6593271493911743,-0.018496565520763397,0.9947056174278259,0.5224054455757141,0.8163236975669861,0.08789670467376709,0.9941279888153076,0.44948020577430725,0.8251696825027466,0.08453323692083359,0.9936658143997192,0.5191696882247925,0.8393550515174866,0.08919297903776169,0.8762676119804382,0.45529595017433167,0.8453975319862366,0.08596506714820862,0.8771377801895142,0.530909538269043,0.8646230697631836,-0.040021006017923355,0.9898130893707275,0.4405604898929596,0.8736410140991211,-0.038657769560813904,0.9890783429145813
188,stand,0.4708767533302307,0.16932830214500427,-0.3187142014503479,0.9999945163726807,0.47367867827415466,0.1570100337266922,-0.3039068281650543,0.9999784231185913,0.4762840270996094,0.1572752147912979,-0.3039000630378723,0.9999808073043823,0.4785100519657135,0.1577833741903305,-0.30388393998146057,0.9999791383743286,0.46503108739852905,0.1581798642873764,-0.30554917454719543,0.9999780058860779,0.4620136320590973,0.15934380888938904,-0.30557721853256226,0.9999798536300659,0.4590355455875397,0.16055738925933838,-0.30555620789527893,0.9999777674674988,0.4828774929046631,0.1673957258462906,-0.19879885017871857,0.9999649524688721,0.454868882894516,0.17188291251659393,-0.20600230991840363,0.9999533891677856,0.47718924283981323,0.18728822469711304,-0.27833813428878784,0.9999908208847046,0.46641120314598083,0.18766503036022186,-0.280510276556015,0.9999867081642151,0.5174227356910706,0.25890353322029114,-0.1100919097661972,0.9999778866767883,0.4306245744228363,0.2723260819911957,-0.11047927290201187,0.9999596476554871,0.5391209125518799,0.35577863454818726,-0.023956352844834328,0.9953197836875916,0.4145627021789551,0.3798098564147949,-0.033338408917188644,0.9869780540466309,0.5536699891090393,0.44894272089004517,-0.0790862888097763,0.9874633550643921,0.4008256793022156,0.47944116592407227,-0.09831969439983368,0.9742693901062012,0.5574408173561096,0.48501700162887573,-0.09361423552036285,0.9649902582168579,0.3976920545101166,0.5140452980995178,-0.11810030043125153,0.9431018233299255,0.551706075668335,0.48224228620529175,-0.1291433423757553,0.968700647354126,0.4023289084434509,0.5127846598625183,-0.15206536650657654,0.9475032091140747,0.5487751364707947,0.4714623689651489,-0.09344325959682465,0.9615046381950378,0.40559878945350647,0.5041252970695496,-0.11293128877878189,0.9387137293815613,0.5046449899673462,0.48202240467071533,-0.0017376632895320654,0.9994568824768066,0.45516467094421387,0.4880232810974121,0.0016382246976718307,0.9996081590652466,0.5075697302818298,0.6534059643745422,-0.006010199896991253,0.9943692684173584,0.45584049820899963,0.659346878528595,-0.016835488379001617,0.9947795271873474,0.5225161910057068,0.8162974119186401,0.09955597668886185,0.9942325353622437,0.4494861662387848,0.8250187635421753,0.09084407240152359,0.9937673211097717,0.5193928480148315,0.8387641906738281,0.10144803673028946,0.8761398792266846,0.4553205370903015,0.8453450798988342,0.09290019422769547,0.8780385255813599,0.5304073095321655,0.8645564317703247,-0.026213523000478745,0.9899581074714661,0.4405667781829834,0.873339056968689,-0.031018996611237526,0.9892653822898865
189,stand,0.47134822607040405,0.16931384801864624,-0.31837862730026245,0.9999944567680359,0.4741045832633972,0.15700682997703552,-0.30357062816619873,0.9999780058860779,0.47666501998901367,0.157271146774292,-0.3035631775856018,0.9999805688858032,0.4789040684700012,0.1577794849872589,-0.3035484850406647,0.9999787211418152,0.46540385484695435,0.15819744765758514,-0.3053458333015442,0.9999775886535645,0.4623658061027527,0.15939563512802124,-0.3053760230541229,0.9999796152114868,0.45937004685401917,0.16065914928913116,-0.3053557872772217,0.9999775290489197,0.48320484161376953,0.16738919913768768,-0.19825142621994019,0.9999642968177795,0.455141544342041,0.17202793061733246,-0.20613093674182892,0.9999529123306274,0.47761720418930054,0.18729616701602936,-0.27789682149887085,0.999990701675415,0.46680885553359985,0.1877175271511078,-0.2802715301513672,0.9999865293502808,0.5176010727882385,0.25902190804481506,-0.10931632667779922,0.9999776482582092,0.43080177903175354,0.27291008830070496,-0.11033914983272552,0.9999589323997498,0.5392436385154724,0.3562397360801697,-0.02202894166111946,0.9952895641326904,0.41474518179893494,0.38028112053871155,-0.03271377459168434,0.9869874119758606,0.5536213517189026,0.44959568977355957,-0.07537009567022324,0.9872820973396301,0.40124502778053284,0.47942250967025757,-0.09623102843761444,0.9744682312011719,0.5572342872619629,0.4854477643966675,-0.0893755704164505,0.9643956422805786,0.39822667837142944,0.5140573382377625,-0.11543545871973038,0.943509578704834,0.551511287689209,0.48247772455215454,-0.12488037347793579,0.9681625366210938,0.40294337272644043,0.5127314925193787,-0.1492059975862503,0.9478745460510254,0.5486422777175903,0.47173407673835754,-0.08966574817895889,0.9608541131019592,0.4061775803565979,0.5040753483772278,-0.11069031059741974,0.939078688621521,0.5048507452011108,0.48264914751052856,-0.0017343333456665277,0.9994457364082336,0.4554012417793274,0.4886678457260132,0.0016351143131032586,0.9996020197868347,0.5076367259025574,0.6533991694450378,-0.006239536218345165,0.9944364428520203,0.4560900330543518,0.6593643426895142,-0.016736658290028572,0.9948286414146423,0.5227081775665283,0.8162841200828552,0.09842370450496674,0.9943100214004517,0.4494926929473877,0.8248371481895447,0.0903608649969101,0.9938538074493408,0.519734799861908,0.8386560082435608,0.10021505504846573,0.8762519359588623,0.4553646147251129,0.8453468084335327,0.09230451285839081,0.8791083097457886,0.530190110206604,0.8642095923423767,-0.02717428281903267,0.9900715947151184,0.44054970145225525,0.872891902923584,-0.031604450196027756,0.9894241094589233
190,stand,0.47184425592422485,0.16945141553878784,-0.31932082772254944,0.9999944567680359,0.47443336248397827,0.15707270801067352,-0.3047023117542267,0.999977707862854,0.4769367277622223,0.1573084443807602,-0.3046950399875641,0.9999803304672241,0.4791521430015564,0.15780532360076904,-0.30467963218688965,0.9999783635139465,0.4657267928123474,0.15835918486118317,-0.3064434230327606,0.9999772310256958,0.4626576006412506,0.15963014960289001,-0.306476891040802,0.9999794363975525,0.459648072719574,0.16096481680870056,-0.30646052956581116,0.9999773502349854,0.48331698775291443,0.1673847883939743,-0.19935965538024902,0.999963641166687,0.4553697109222412,0.17234490811824799,-0.2070900946855545,0.999952495098114,0.4780212342739105,0.18743087351322174,-0.27870771288871765,0.9999905824661255,0.46729016304016113,0.187969371676445,-0.28105100989341736,0.9999864101409912,0.5178096294403076,0.2591108977794647,-0.10990335047245026,0.9999775886535645,0.43100953102111816,0.2732626497745514,-0.11129641532897949,0.9999585747718811,0.539350152015686,0.3569592833518982,-0.024060169234871864,0.995276153087616,0.41488194465637207,0.3808595538139343,-0.03516159951686859,0.9871028661727905,0.553583025932312,0.4506758451461792,-0.08015252649784088,0.9872540235519409,0.401602566242218,0.4794517457485199,-0.10001828521490097,0.9748939275741577,0.557042121887207,0.4862040579319,-0.094876728951931,0.9642722010612488,0.39863699674606323,0.5140203833580017,-0.11961422115564346,0.9443863034248352,0.5513635277748108,0.4831346869468689,-0.1305399239063263,0.9680560827255249,0.4033457636833191,0.5126442909240723,-0.15381352603435516,0.948697566986084,0.5485596060752869,0.4725970923900604,-0.0945795327425003,0.9607076644897461,0.40657609701156616,0.5039952993392944,-0.11471463739871979,0.9399383664131165,0.5050471425056458,0.48326340317726135,-0.0017314277356490493,0.9994403123855591,0.45565810799598694,0.4890524446964264,0.0016320463037118316,0.999598503112793,0.5077207684516907,0.6534222364425659,-0.005919262766838074,0.9945094585418701,0.45646119117736816,0.6593490242958069,-0.016753507778048515,0.9948951601982117,0.5228651762008667,0.8162384629249573,0.09834711998701096,0.9944189190864563,0.4495006501674652,0.824527382850647,0.09028439223766327,0.9939562082290649,0.5199926495552063,0.8384624719619751,0.10016491264104843,0.8772775530815125,0.4553952217102051,0.8452994227409363,0.09231052547693253,0.8801613450050354,0.530074417591095,0.8640626072883606,-0.027053827419877052,0.9902495741844177,0.4407326579093933,0.8721464276313782,-0.03157094866037369,0.9896078109741211
191,stand,0.47205185890197754,0.1696891039609909,-0.311222106218338,0.9999944567680359,0.4745634198188782,0.1572243571281433,-0.29677218198776245,0.9999776482582092,0.4770543575286865,0.15740995109081268,-0.2967683672904968,0.9999802708625793,0.4792648255825043,0.15787655115127563,-0.29675203561782837,0.999978244304657,0.46586474776268005,0.15860332548618317,-0.2981925904750824,0.999977171421051,0.46280455589294434,0.1599123626947403,-0.29822415113449097,0.9999794363975525,0.45979565382003784,0.16128765046596527,-0.2982136607170105,0.9999773502349854,0.48335152864456177,0.16738097369670868,-0.19298188388347626,0.9999632835388184,0.45555543899536133,0.17256514728069305,-0.19928592443466187,0.9999523162841797,0.47823604941368103,0.1875617951154709,-0.2712044417858124,0.9999905228614807,0.4675074517726898,0.18819250166416168,-0.27313512563705444,0.9999863505363464,0.5179194808006287,0.25916895270347595,-0.10587462037801743,0.9999776482582092,0.431184858083725,0.2733805775642395,-0.1066429391503334,0.999958336353302,0.5393772125244141,0.3573915362358093,-0.02404838427901268,0.9952803254127502,0.41490912437438965,0.3808537423610687,-0.034569911658763885,0.9872113466262817,0.5535508394241333,0.45130622386932373,-0.08231411874294281,0.9873815774917603,0.40179795026779175,0.4793764650821686,-0.10123946517705917,0.9753409028053284,0.5569791197776794,0.48682767152786255,-0.0973801389336586,0.9646071195602417,0.39883479475975037,0.5139236450195312,-0.12126104533672333,0.9453040957450867,0.5512738227844238,0.4839022755622864,-0.13298016786575317,0.9683576822280884,0.4035746455192566,0.512573778629303,-0.15516461431980133,0.9495487213134766,0.5484812259674072,0.47348031401634216,-0.09673631936311722,0.9610289335250854,0.40683165192604065,0.5039089322090149,-0.11587361991405487,0.9408490657806396,0.5050290822982788,0.4836607277393341,-0.0017285119974985719,0.9994412064552307,0.45567137002944946,0.4892563223838806,0.0016292448854073882,0.9995988607406616,0.5077261328697205,0.6534157395362854,-0.006377240177243948,0.9945601224899292,0.4567088186740875,0.6593061089515686,-0.017249172553420067,0.9949597120285034,0.5229693651199341,0.8160713315010071,0.09769345074892044,0.9945083260536194,0.44952163100242615,0.8242613673210144,0.08967747539281845,0.9940488338470459,0.5200621485710144,0.8383038640022278,0.09938585013151169,0.8786729574203491,0.45545610785484314,0.8452860713005066,0.09193329513072968,0.8811700940132141,0.5300687551498413,0.8638976216316223,-0.028815606608986855,0.9903937578201294,0.440962553024292,0.8715822696685791,-0.03243040665984154,0.9897574186325073
192,stand,0.4721372127532959,0.16995790600776672,-0.3056848347187042,0.9999945163726807,0.47461843490600586,0.15743371844291687,-0.29143694043159485,0.9999775886535645,0.4771023392677307,0.15756270289421082,-0.29143470525741577,0.9999802112579346,0.47930827736854553,0.15798570215702057,-0.29141801595687866,0.9999781847000122,0.4659566283226013,0.158882275223732,-0.2925107181072235,0.9999771118164062,0.46291691064834595,0.16020719707012177,-0.29254138469696045,0.9999793767929077,0.45991986989974976,0.16160529851913452,-0.2925355136394501,0.9999772906303406,0.4833543300628662,0.16737662255764008,-0.18884867429733276,0.9999629855155945,0.45574721693992615,0.17276307940483093,-0.19353502988815308,0.9999518394470215,0.4783453047275543,0.18771688640117645,-0.26611220836639404,0.9999904632568359,0.46761050820350647,0.18840216100215912,-0.267585426568985,0.9999862909317017,0.5180164575576782,0.25922706723213196,-0.10342554748058319,0.9999777674674988,0.43140894174575806,0.2734135389328003,-0.10290046781301498,0.9999580979347229,0.5393827557563782,0.35772904753685,-0.024615976959466934,0.9953112602233887,0.4149676263332367,0.3808322548866272,-0.03387928381562233,0.9872840046882629,0.5535376667976379,0.4518664479255676,-0.08242807537317276,0.9876474738121033,0.4019168019294739,0.479314386844635,-0.1019841805100441,0.975760281085968,0.5569396018981934,0.48733922839164734,-0.09850770980119705,0.9653427600860596,0.3990236520767212,0.5138545632362366,-0.12231527268886566,0.9461979866027832,0.5512403845787048,0.48463189601898193,-0.13326115906238556,0.969023585319519,0.4037030339241028,0.5125354528427124,-0.15620310604572296,0.9503890872001648,0.548431396484375,0.4742971658706665,-0.09697742760181427,0.9617764949798584,0.40692979097366333,0.5038754940032959,-0.1166752353310585,0.9417654871940613,0.5050027370452881,0.48412102460861206,-0.0017306696390733123,0.999443769454956,0.45569688081741333,0.4894578754901886,0.0016322502633556724,0.9996005892753601,0.5077289342880249,0.6534302830696106,-0.006450547371059656,0.9946063160896301,0.4569091200828552,0.6592955589294434,-0.017663152888417244,0.995039701461792,0.5230457782745361,0.8159071803092957,0.09692332148551941,0.9945858716964722,0.4495248794555664,0.8240952491760254,0.08889463543891907,0.9941475987434387,0.5200846195220947,0.838144838809967,0.09854818880558014,0.8800859451293945,0.4554993510246277,0.8452885150909424,0.09130978584289551,0.8821868300437927,0.5300748944282532,0.8638150691986084,-0.029446270316839218,0.9905191659927368,0.44106465578079224,0.8711432814598083,-0.03293658420443535,0.9899054169654846
193,stand,0.472149521112442,0.17016592621803284,-0.30940502882003784,0.9999945759773254,0.47464504837989807,0.157613605260849,-0.2952015995979309,0.999977707862854,0.47713130712509155,0.1576986163854599,-0.2951969504356384,0.9999803304672241,0.47933679819107056,0.15808944404125214,-0.29518184065818787,0.9999783039093018,0.4660011827945709,0.15912017226219177,-0.2963223159313202,0.999977171421051,0.4629742205142975,0.1604544073343277,-0.2963531017303467,0.9999794363975525,0.45998817682266235,0.16187222301959991,-0.29634493589401245,0.9999773502349854,0.4833616316318512,0.16737161576747894,-0.19211600720882416,0.9999630451202393,0.45587119460105896,0.17293165624141693,-0.19708511233329773,0.9999516606330872,0.47837281227111816,0.18781104683876038,-0.2696228623390198,0.9999904632568359,0.4676221013069153,0.18852686882019043,-0.2711625099182129,0.9999862909317017,0.5180636644363403,0.25923284888267517,-0.10538168996572495,0.9999780058860779,0.43155616521835327,0.2734512686729431,-0.10512100160121918,0.9999579191207886,0.5393725633621216,0.3581392168998718,-0.025845685973763466,0.9953460693359375,0.4150417745113373,0.3808310329914093,-0.03452710062265396,0.9873504042625427,0.5535527467727661,0.45248883962631226,-0.087825708091259,0.9879217743873596,0.4020390510559082,0.4792730510234833,-0.10432000458240509,0.9760735034942627,0.556983232498169,0.4877951741218567,-0.10434113442897797,0.9660890102386475,0.3991592824459076,0.5138055086135864,-0.1252298802137375,0.9468573331832886,0.5513583421707153,0.48534566164016724,-0.13929817080497742,0.9697021842002869,0.40378421545028687,0.5125078558921814,-0.15888449549674988,0.9510155320167542,0.548541784286499,0.47517457604408264,-0.10234477370977402,0.9625477194786072,0.4070052206516266,0.5038247108459473,-0.11905644088983536,0.942449688911438,0.5049822330474854,0.48413074016571045,-0.0017238741274923086,0.9994471669197083,0.4556879997253418,0.4894471764564514,0.0016260243719443679,0.9996019005775452,0.5077332258224487,0.6533253788948059,-0.006638451013714075,0.9946413636207581,0.45710238814353943,0.6591302156448364,-0.017941510304808617,0.9950928688049316,0.523074209690094,0.8156542181968689,0.09575089812278748,0.9946445226669312,0.4495297372341156,0.8238921165466309,0.08732159435749054,0.9942020177841187,0.5200873613357544,0.8379309773445129,0.09735021740198135,0.8807914853096008,0.4555121958255768,0.8452850580215454,0.08960090577602386,0.8823980689048767,0.5300811529159546,0.8637526035308838,-0.029731953516602516,0.9906043410301208,0.44134020805358887,0.8709067702293396,-0.03420368582010269,0.9899840950965881
194,stand,0.47213631868362427,0.1701875627040863,-0.31175947189331055,0.9999946355819702,0.47464585304260254,0.1576705425977707,-0.2974907457828522,0.9999778866767883,0.47713392972946167,0.1577451527118683,-0.2974848449230194,0.9999804496765137,0.47933846712112427,0.158126562833786,-0.2974703311920166,0.9999784827232361,0.4660065174102783,0.1591733992099762,-0.2987268269062042,0.9999772906303406,0.46298250555992126,0.1605018675327301,-0.2987577021121979,0.9999794960021973,0.459999144077301,0.16193436086177826,-0.2987469732761383,0.9999774098396301,0.48335957527160645,0.16736751794815063,-0.19331277906894684,0.9999632835388184,0.45592933893203735,0.17295238375663757,-0.1992540806531906,0.9999514222145081,0.4783715605735779,0.1878083348274231,-0.27173736691474915,0.9999905228614807,0.4676169455051422,0.18852125108242035,-0.27342507243156433,0.9999863505363464,0.5180710554122925,0.25923463702201843,-0.10605808347463608,0.9999783039093018,0.4316589832305908,0.2734658420085907,-0.10548652708530426,0.9999577403068542,0.5393465757369995,0.3584098815917969,-0.02998252771794796,0.9953646659851074,0.4150332510471344,0.38091006875038147,-0.03949970379471779,0.9873331189155579,0.5535942912101746,0.45297399163246155,-0.09374377876520157,0.9881500601768494,0.4021230638027191,0.47924622893333435,-0.11030130088329315,0.976161777973175,0.5570905208587646,0.48828327655792236,-0.11043373495340347,0.9667774438858032,0.3992764949798584,0.5137723088264465,-0.13160747289657593,0.9471052885055542,0.5515419244766235,0.48613569140434265,-0.1455674171447754,0.9703282713890076,0.4038509726524353,0.5124598741531372,-0.1656830906867981,0.9512741565704346,0.5486773252487183,0.47617021203041077,-0.10820610821247101,0.9632570147514343,0.4070611000061035,0.5037641525268555,-0.12531422078609467,0.9427253007888794,0.5049634575843811,0.48412445187568665,-0.0017287514638155699,0.9994519948959351,0.45566326379776,0.4893859922885895,0.0016314806416630745,0.999602198600769,0.5077338814735413,0.6531723737716675,-0.007451072335243225,0.9946699142456055,0.45721039175987244,0.6588380336761475,-0.018075348809361458,0.9951260089874268,0.5230975151062012,0.8155198693275452,0.09218811243772507,0.9947068691253662,0.449535071849823,0.8237264156341553,0.08555781096220016,0.9942334890365601,0.520086944103241,0.8378380537033081,0.09361721575260162,0.8813402056694031,0.45552587509155273,0.8452861309051514,0.08761893212795258,0.8823114037513733,0.5300856828689575,0.8637361526489258,-0.033726196736097336,0.9906857013702393,0.4415213465690613,0.8707759380340576,-0.03618338331580162,0.9900298714637756
195,stand,0.4720621109008789,0.1703222692012787,-0.3129168152809143,0.999994695186615,0.4746396541595459,0.15780362486839294,-0.2984063923358917,0.9999781250953674,0.47713398933410645,0.15784664452075958,-0.2984011471271515,0.9999806880950928,0.47934016585350037,0.15820452570915222,-0.29838746786117554,0.9999787211418152,0.4660032391548157,0.15936656296253204,-0.29988977313041687,0.9999775290489197,0.46298113465309143,0.16069713234901428,-0.2999202609062195,0.9999796748161316,0.4600009322166443,0.1621462106704712,-0.2999067008495331,0.9999775886535645,0.4833647310733795,0.16736730933189392,-0.19439461827278137,0.999963641166687,0.4559660851955414,0.17305754125118256,-0.20045118033885956,0.9999516010284424,0.47836071252822876,0.18783196806907654,-0.27267423272132874,0.9999905824661255,0.46757063269615173,0.1885620355606079,-0.27460795640945435,0.999986469745636,0.5181006193161011,0.2592385709285736,-0.10752870887517929,0.9999786019325256,0.43178242444992065,0.2734625041484833,-0.10619042068719864,0.999957799911499,0.5392995476722717,0.35851430892944336,-0.032500009983778,0.9954002499580383,0.4150126576423645,0.38090184330940247,-0.04120227321982384,0.987393319606781,0.5536535382270813,0.4530969262123108,-0.09682231396436691,0.9883992075920105,0.40217646956443787,0.47922855615615845,-0.1126248836517334,0.9764075875282288,0.557202935218811,0.4884355366230011,-0.11348553746938705,0.9675042629241943,0.39934998750686646,0.5135337114334106,-0.13402894139289856,0.947614312171936,0.5516873598098755,0.4863658845424652,-0.14872853457927704,0.970987856388092,0.4038909077644348,0.5122736096382141,-0.1681382805109024,0.9517691731452942,0.5488191843032837,0.47642678022384644,-0.11125536262989044,0.9639941453933716,0.4070991575717926,0.5036409497261047,-0.12764282524585724,0.9432615637779236,0.5049487352371216,0.48411908745765686,-0.0018773957854136825,0.9994558691978455,0.45564383268356323,0.4892839193344116,0.001781685627065599,0.9996026158332825,0.5077348351478577,0.6528529524803162,-0.009869913570582867,0.9946882128715515,0.4572671055793762,0.6583402752876282,-0.01946575939655304,0.9951609373092651,0.5231212973594666,0.8154369592666626,0.08748678117990494,0.9947664737701416,0.4495360851287842,0.8236368894577026,0.08239774405956268,0.9942641258239746,0.5201040506362915,0.8377715349197388,0.08873529732227325,0.8817039132118225,0.45553144812583923,0.8453702926635742,0.08427273482084274,0.8825768828392029,0.5300783514976501,0.8637185096740723,-0.03949705883860588,0.9907597899436951,0.44157591462135315,0.8705716729164124,-0.03950950503349304,0.9900742173194885
196,stand,0.4719472825527191,0.17052169144153595,-0.31362074613571167,0.9999948143959045,0.4746246933937073,0.15795515477657318,-0.29889976978302,0.9999784827232361,0.4771304130554199,0.15798036754131317,-0.29889553785324097,0.9999809861183167,0.47934088110923767,0.15831990540027618,-0.2988826334476471,0.9999790787696838,0.4659920334815979,0.15952672064304352,-0.30061057209968567,0.9999778866767883,0.46297162771224976,0.16083773970603943,-0.3006407618522644,0.9999799728393555,0.4599943161010742,0.1622818261384964,-0.30062562227249146,0.9999779462814331,0.4833669066429138,0.167377769947052,-0.19555629789829254,0.9999642968177795,0.4559709131717682,0.17307494580745697,-0.20123203098773956,0.9999520778656006,0.47832950949668884,0.18791072070598602,-0.27325624227523804,0.999990701675415,0.46746954321861267,0.18862704932689667,-0.2753566801548004,0.9999867081642151,0.5181361436843872,0.259227991104126,-0.10887160152196884,0.9999789595603943,0.4318685531616211,0.27345284819602966,-0.10688098520040512,0.9999580979347229,0.5392869710922241,0.35862231254577637,-0.03493086248636246,0.9954473972320557,0.41501179337501526,0.3808799684047699,-0.04259639233350754,0.9874528646469116,0.5538048148155212,0.4535738229751587,-0.10048849880695343,0.988659679889679,0.4022180438041687,0.4791988432407379,-0.11515172570943832,0.976700484752655,0.5574057698249817,0.48882001638412476,-0.11742626130580902,0.9682670831680298,0.3993569314479828,0.5133249759674072,-0.13689638674259186,0.9482173323631287,0.5518690943717957,0.4868422746658325,-0.15279355645179749,0.9716778993606567,0.40386104583740234,0.5121304988861084,-0.17112788558006287,0.9523585438728333,0.5489794611930847,0.47700127959251404,-0.11498375982046127,0.9647789001464844,0.4070744514465332,0.5035723447799683,-0.1302429735660553,0.9439020752906799,0.5049425363540649,0.48411381244659424,-0.0021556918509304523,0.9994609951972961,0.4556282162666321,0.4892570376396179,0.0020615109242498875,0.9996042251586914,0.5077369809150696,0.6526400446891785,-0.011341245844960213,0.9947115778923035,0.4572802484035492,0.6581857204437256,-0.01966847851872444,0.9951902031898499,0.5231477618217468,0.8154024481773376,0.08523052930831909,0.9948203563690186,0.4495336413383484,0.8236298561096191,0.08118809014558792,0.9942945837974548,0.5201237201690674,0.837704062461853,0.08640091866254807,0.8817896842956543,0.4555424749851227,0.8455142378807068,0.08291985839605331,0.8829782009124756,0.5300251245498657,0.8637101650238037,-0.042426951229572296,0.9908296465873718,0.4415757656097412,0.8705207109451294,-0.04098554328083992,0.9901275038719177
197,stand,0.47188258171081543,0.17061759531497955,-0.31076475977897644,0.9999949336051941,0.47461581230163574,0.15802103281021118,-0.296767920255661,0.9999788999557495,0.47712868452072144,0.15803273022174835,-0.2967607378959656,0.9999813437461853,0.47934088110923767,0.15835829079151154,-0.2967463731765747,0.9999794960021973,0.46598997712135315,0.15961211919784546,-0.2976922392845154,0.9999783635139465,0.462970495223999,0.1609175205230713,-0.29772335290908813,0.9999803900718689,0.45999470353126526,0.16236472129821777,-0.29771652817726135,0.9999783635139465,0.4833666682243347,0.1673765927553177,-0.194917693734169,0.9999649524688721,0.4559824466705322,0.17309615015983582,-0.19810892641544342,0.9999527335166931,0.4783167243003845,0.18795596063137054,-0.27115023136138916,0.9999908208847046,0.4674190580844879,0.1886628270149231,-0.27229931950569153,0.9999869465827942,0.5181611776351929,0.25922200083732605,-0.10878583043813705,0.9999792575836182,0.4319150447845459,0.2734413146972656,-0.10605110973119736,0.9999586343765259,0.5392792224884033,0.35863155126571655,-0.03478921577334404,0.9954938292503357,0.4150017201900482,0.3808723986148834,-0.0425703190267086,0.9875532388687134,0.5540082454681396,0.45364952087402344,-0.10059548914432526,0.9889224171638489,0.4022178649902344,0.47908639907836914,-0.11474551260471344,0.9771103858947754,0.557597279548645,0.48891690373420715,-0.11767063289880753,0.9690662622451782,0.3993107080459595,0.512965738773346,-0.13652656972408295,0.9490660429000854,0.5520044565200806,0.48691245913505554,-0.152846097946167,0.9723944067955017,0.4038242697715759,0.5117692351341248,-0.17076405882835388,0.9531655311584473,0.5491297841072083,0.4770398437976837,-0.11502987146377563,0.9655956029891968,0.40706881880760193,0.5033473968505859,-0.1298404037952423,0.9447886943817139,0.5049287676811218,0.48410776257514954,-0.002489956095814705,0.9994670152664185,0.4556216299533844,0.4892304241657257,0.0023985696025192738,0.9996071457862854,0.507742702960968,0.6524760127067566,-0.012798793613910675,0.9947475790977478,0.45733532309532166,0.658014178276062,-0.019957270473241806,0.9952307343482971,0.5231747627258301,0.815371036529541,0.08254788815975189,0.994876503944397,0.44953274726867676,0.8236238360404968,0.07958119362592697,0.9943403601646423,0.520134687423706,0.837691605091095,0.08360405266284943,0.8820769786834717,0.45555752515792847,0.845609188079834,0.08117660880088806,0.8837263584136963,0.5299866199493408,0.863696277141571,-0.04493649676442146,0.9909043908119202,0.4415319561958313,0.8704977035522461,-0.04235491156578064,0.9902021288871765
198,stand,0.4716927111148834,0.17074955999851227,-0.31171607971191406,0.9999949932098389,0.4745417535305023,0.15814878046512604,-0.2976621985435486,0.9999790787696838,0.4770805239677429,0.15814882516860962,-0.29765504598617554,0.9999814629554749,0.47930842638015747,0.15844795107841492,-0.2976410984992981,0.9999796748161316,0.4659351408481598,0.1597433239221573,-0.2986815869808197,0.9999786019325256,0.4629172682762146,0.16102753579616547,-0.2987128496170044,0.9999805688858032,0.459944486618042,0.16246184706687927,-0.29870519042015076,0.9999785423278809,0.4833288788795471,0.16738836467266083,-0.19525298476219177,0.9999651908874512,0.45599013566970825,0.173100546002388,-0.1989906281232834,0.9999528527259827,0.4782477915287018,0.18800343573093414,-0.27195850014686584,0.9999908804893494,0.46727800369262695,0.18870048224925995,-0.27321645617485046,0.9999870657920837,0.5181605815887451,0.2591054439544678,-0.10958194732666016,0.9999794960021973,0.4319392144680023,0.2733455002307892,-0.1066097840666771,0.9999589920043945,0.5392714738845825,0.3586021065711975,-0.036206576973199844,0.9955465197563171,0.41499465703964233,0.38086608052253723,-0.042627327144145966,0.9876155257225037,0.554105818271637,0.4536677896976471,-0.10259155184030533,0.9891639947891235,0.4021969437599182,0.47884637117385864,-0.11548362672328949,0.9775063395500183,0.557670533657074,0.48895782232284546,-0.11978454887866974,0.9697786569595337,0.39928796887397766,0.5126649737358093,-0.13746219873428345,0.9499064683914185,0.5520943403244019,0.48695045709609985,-0.15503959357738495,0.9730330109596252,0.4037919044494629,0.5113864541053772,-0.17191031575202942,0.9539642930030823,0.5492445826530457,0.4770497679710388,-0.11704213917255402,0.9663264751434326,0.40704846382141113,0.5030146837234497,-0.13068008422851562,0.9456575512886047,0.5049175024032593,0.48404762148857117,-0.002789674559608102,0.9994709491729736,0.4555678367614746,0.48908531665802,0.0026986943557858467,0.9996084570884705,0.5077448487281799,0.6523013114929199,-0.013889715075492859,0.9947718977928162,0.4573545455932617,0.6577364802360535,-0.020028922706842422,0.9952579140663147,0.523195207118988,0.8153672814369202,0.0814753919839859,0.9949186444282532,0.44952860474586487,0.8235995769500732,0.0792994350194931,0.994371235370636,0.5201524496078491,0.8376820683479309,0.08250005543231964,0.8821260333061218,0.45556631684303284,0.8457236289978027,0.08084775507450104,0.8843416571617126,0.5299253463745117,0.8636988997459412,-0.04650208726525307,0.9909532070159912,0.4414758086204529,0.8704375624656677,-0.04291318356990814,0.9902545809745789
199,stand,0.4713926911354065,0.17074616253376007,-0.30819395184516907,0.9999949932098389,0.4743557572364807,0.15815187990665436,-0.2945409417152405,0.9999790191650391,0.4769311845302582,0.15815243124961853,-0.29453450441360474,0.9999813437461853,0.47919589281082153,0.15845124423503876,-0.29452061653137207,0.9999796152114868,0.4658234715461731,0.15974844992160797,-0.29497817158699036,0.9999785423278809,0.4628351330757141,0.16102971136569977,-0.295010507106781,0.9999805092811584,0.4598897099494934,0.16246400773525238,-0.2950093448162079,0.9999784827232361,0.4831946790218353,0.16736771166324615,-0.19370926916599274,0.9999650716781616,0.4559944272041321,0.17307192087173462,-0.19501617550849915,0.9999523758888245,0.47807979583740234,0.18794846534729004,-0.26906099915504456,0.9999908208847046,0.4670601785182953,0.18863636255264282,-0.2695826590061188,0.999987006187439,0.5181446671485901,0.25904351472854614,-0.10877461731433868,0.999979555606842,0.43197551369667053,0.2731785178184509,-0.10380904376506805,0.9999589323997498,0.5392651557922363,0.3585539162158966,-0.035882048308849335,0.9955750107765198,0.41498684883117676,0.380842387676239,-0.04010894149541855,0.987572193145752,0.5541940331459045,0.4536689221858978,-0.10160796344280243,0.989335298538208,0.40217965841293335,0.47852274775505066,-0.11421303451061249,0.97773677110672,0.5577892661094666,0.48896849155426025,-0.1186717301607132,0.9703332781791687,0.39927682280540466,0.5123481750488281,-0.1366422027349472,0.9504508972167969,0.5522410869598389,0.4869597852230072,-0.15393516421318054,0.9735275506973267,0.4037662148475647,0.5109615921974182,-0.17128577828407288,0.9544891119003296,0.5494041442871094,0.47705280780792236,-0.11605755984783173,0.9668907523155212,0.4070383906364441,0.5025864243507385,-0.1295945942401886,0.9462364912033081,0.5049079656600952,0.48404160141944885,-0.003085080999881029,0.9994722604751587,0.45550990104675293,0.48904135823249817,0.002995346672832966,0.9996082186698914,0.507742702960968,0.6522718071937561,-0.014652244746685028,0.9948036670684814,0.45735079050064087,0.657671332359314,-0.020182205364108086,0.9952881336212158,0.5232421159744263,0.8153623938560486,0.08066888153553009,0.9949516654014587,0.4495258331298828,0.8235891461372375,0.0786704495549202,0.994393527507782,0.5202051401138306,0.8376760482788086,0.0816836729645729,0.8818164467811584,0.4555838108062744,0.8459062576293945,0.08016802370548248,0.8847628235816956,0.5298069715499878,0.863746702671051,-0.04732733219861984,0.9909822344779968,0.4414072632789612,0.870434045791626,-0.043484825640916824,0.9902900457382202
200,stand,0.4713211953639984,0.1706836074590683,-0.30849501490592957,0.9999949932098389,0.4742734432220459,0.15815512835979462,-0.2948397994041443,0.99997878074646,0.4768546521663666,0.15815597772598267,-0.29483383893966675,0.999981164932251,0.4791349470615387,0.15845462679862976,-0.294820636510849,0.9999794363975525,0.465789794921875,0.15974824130535126,-0.29526346921920776,0.9999783635139465,0.4628158509731293,0.16102711856365204,-0.29529625177383423,0.9999803304672241,0.4598754942417145,0.16246198117733002,-0.2952960729598999,0.999978244304657,0.4830753207206726,0.16736631095409393,-0.19393882155418396,0.9999648332595825,0.4560001790523529,0.1730475127696991,-0.19520536065101624,0.9999517202377319,0.47804075479507446,0.1878332793712616,-0.2693289816379547,0.999990701675415,0.4670015871524811,0.188498392701149,-0.26984691619873047,0.9999868273735046,0.5181247591972351,0.2589627206325531,-0.10889118909835815,0.9999794960021973,0.43199506402015686,0.2730569839477539,-0.10362263023853302,0.9999585151672363,0.5392457842826843,0.35854941606521606,-0.035661082714796066,0.995583713054657,0.4149811863899231,0.3807373046875,-0.03922010958194733,0.9874517917633057,0.5542030930519104,0.4536738395690918,-0.10121643543243408,0.9894288182258606,0.4021712839603424,0.4777095317840576,-0.11305729299783707,0.977791965007782,0.5578076243400574,0.4890028238296509,-0.11814900487661362,0.970665693283081,0.39921218156814575,0.511848509311676,-0.13537093997001648,0.9506276249885559,0.5522810816764832,0.48703205585479736,-0.15346220135688782,0.9738264679908752,0.4037456512451172,0.5103430151939392,-0.17011775076389313,0.9546745419502258,0.5494426488876343,0.4771045744419098,-0.11568374931812286,0.9672265648841858,0.4070228636264801,0.5019312500953674,-0.1285148710012436,0.9464477896690369,0.5048890113830566,0.4840339124202728,-0.003365724813193083,0.999470591545105,0.45545387268066406,0.48898234963417053,0.0032765273936092854,0.9996070265769958,0.5076941847801208,0.652254045009613,-0.014923863112926483,0.994831383228302,0.4573475420475006,0.6576328873634338,-0.020216412842273712,0.9953136444091797,0.5232874155044556,0.8153584003448486,0.08104734867811203,0.9949855208396912,0.44951510429382324,0.8235827684402466,0.07879745215177536,0.9944307208061218,0.5203144550323486,0.8376622796058655,0.08211281895637512,0.8816291689872742,0.4556097090244293,0.8461034297943115,0.08030086010694504,0.8855344653129578,0.5297544002532959,0.8637470602989197,-0.04679407924413681,0.9910143613815308,0.44110336899757385,0.8704402446746826,-0.04335759952664375,0.9903440475463867
