frame,activity,l0_x,l0_y,l0_z,l0_v,l1_x,l1_y,l1_z,l1_v,l2_x,l2_y,l2_z,l2_v,l3_x,l3_y,l3_z,l3_v,l4_x,l4_y,l4_z,l4_v,l5_x,l5_y,l5_z,l5_v,l6_x,l6_y,l6_z,l6_v,l7_x,l7_y,l7_z,l7_v,l8_x,l8_y,l8_z,l8_v,l9_x,l9_y,l9_z,l9_v,l10_x,l10_y,l10_z,l10_v,l11_x,l11_y,l11_z,l11_v,l12_x,l12_y,l12_z,l12_v,l13_x,l13_y,l13_z,l13_v,l14_x,l14_y,l14_z,l14_v,l15_x,l15_y,l15_z,l15_v,l16_x,l16_y,l16_z,l16_v,l17_x,l17_y,l17_z,l17_v,l18_x,l18_y,l18_z,l18_v,l19_x,l19_y,l19_z,l19_v,l20_x,l20_y,l20_z,l20_v,l21_x,l21_y,l21_z,l21_v,l22_x,l22_y,l22_z,l22_v,l23_x,l23_y,l23_z,l23_v,l24_x,l24_y,l24_z,l24_v,l25_x,l25_y,l25_z,l25_v,l26_x,l26_y,l26_z,l26_v,l27_x,l27_y,l27_z,l27_v,l28_x,l28_y,l28_z,l28_v,l29_x,l29_y,l29_z,l29_v,l30_x,l30_y,l30_z,l30_v,l31_x,l31_y,l31_z,l31_v,l32_x,l32_y,l32_z,l32_v
0,stand,0.46719107031822205,0.5288443565368652,-0.3554256558418274,0.9999943971633911,0.4708928167819977,0.5150983333587646,-0.33985185623168945,0.999980628490448,0.4736998677253723,0.5149544477462769,-0.33985620737075806,0.9999830722808838,0.47640472650527954,0.5144373178482056,-0.3399578630924225,0.9999812245368958,0.46225547790527344,0.515468955039978,-0.34142619371414185,0.9999802708625793,0.45915621519088745,0.5155698657035828,-0.3414749503135681,0.9999825358390808,0.45619815587997437,0.5157396793365479,-0.34145981073379517,0.9999805092811584,0.4800505042076111,0.5154386162757874,-0.2396138608455658,0.9999669790267944,0.4530414044857025,0.5183477401733398,-0.2468709945678711,0.99996018409729,0.4735620617866516,0.5350435972213745,-0.31737858057022095,0.9999892711639404,0.46137309074401855,0.5357008576393127,-0.3195655345916748,0.9999857544898987,0.5091773271560669,0.5796225070953369,-0.15607281029224396,0.9999516010284424,0.4276372790336609,0.5131139755249023,-0.17917367815971375,0.9999583959579468,0.528132438659668,0.6601210832595825,-0.19101370871067047,0.9864524602890015,0.4247421622276306,0.5961458086967468,-0.2037903070449829,0.9836243987083435,0.540401041507721,0.7299595475196838,-0.32263219356536865,0.9745864272117615,0.407473087310791,0.7533844113349915,-0.3147982358932495,0.9675666093826294,0.5489545464515686,0.7526875138282776,-0.3572801351547241,0.9433047771453857,0.4012184143066406,0.7745242714881897,-0.34871745109558105,0.9332039952278137,0.5396140813827515,0.7598756551742554,-0.3794436752796173,0.9492958784103394,0.41026028990745544,0.7788352966308594,-0.3657875061035156,0.9376891851425171,0.5352236032485962,0.7458640933036804,-0.3360496163368225,0.9384394288063049,0.41348737478256226,0.767083466053009,-0.3249916434288025,0.9267852902412415,0.4971351623535156,0.6007936000823975,0.00638427073135972,0.9994822144508362,0.44711223244667053,0.5959799885749817,-0.006195975001901388,0.9996544122695923,0.5443200469017029,0.7039345502853394,-0.25114959478378296,0.9715453386306763,0.42983871698379517,0.6914852857589722,-0.23299472033977509,0.9797848463058472,0.4543519616127014,0.8247128129005432,-0.19093671441078186,0.9437806606292725,0.5034118294715881,0.8328912258148193,-0.1702089160680771,0.9595832824707031,0.44107669591903687,0.8124358057975769,-0.18211132287979126,0.866952657699585,0.5057193636894226,0.8365399837493896,-0.1636533886194229,0.8685711026191711,0.4224788546562195,0.8374925255775452,-0.2560310959815979,0.9535611271858215,0.5287431478500366,0.8436702489852905,-0.24998915195465088,0.9597365260124207
1,stand,0.4669971466064453,0.5429877638816833,-0.20351023972034454,0.9999940395355225,0.47090163826942444,0.5310089588165283,-0.19045308232307434,0.999981701374054,0.473792165517807,0.531255841255188,-0.19047924876213074,0.999984085559845,0.47651100158691406,0.5315170884132385,-0.19056436419487,0.9999823570251465,0.4621504247188568,0.5311387777328491,-0.19014738500118256,0.9999812245368958,0.45914021134376526,0.5315181016921997,-0.19019819796085358,0.9999834299087524,0.45622873306274414,0.5319763422012329,-0.19018352031707764,0.9999814033508301,0.48036107420921326,0.5370362997055054,-0.11187519878149033,0.9999693632125854,0.453042209148407,0.5393256545066833,-0.11275386810302734,0.9999628067016602,0.47353285551071167,0.5604391694068909,-0.17433419823646545,0.99998939037323,0.46129924058914185,0.5601229071617126,-0.1744893491268158,0.9999864101409912,0.5093443393707275,0.6140936017036438,-0.08088237047195435,0.9999505877494812,0.4291890263557434,0.6216204762458801,-0.07596854865550995,0.9999566078186035,0.5288623571395874,0.7002881765365601,-0.13050402700901031,0.9854269623756409,0.4206016957759857,0.7017791271209717,-0.14312444627285004,0.9825248122215271,0.540103554725647,0.7491270899772644,-0.24399980902671814,0.974559485912323,0.40915441513061523,0.7590625286102295,-0.23094680905342102,0.9661357402801514,0.5465553402900696,0.7789561748504639,-0.27364057302474976,0.9445008039474487,0.40241652727127075,0.7831429243087769,-0.2579297423362732,0.9329538941383362,0.5370069146156311,0.7754102945327759,-0.28661853075027466,0.9504294991493225,0.41204190254211426,0.7769033908843994,-0.27218469977378845,0.9378685355186462,0.5325984358787537,0.7668572068214417,-0.25219374895095825,0.9396238923072815,0.4163258671760559,0.769881010055542,-0.23925164341926575,0.9275979399681091,0.4974289536476135,0.7208518981933594,0.005634746048599482,0.9995002150535583,0.4513097405433655,0.7202637791633606,-0.005593062844127417,0.9996681213378906,0.5456892848014832,0.7500860691070557,-0.24252986907958984,0.9671056270599365,0.40611356496810913,0.7750486731529236,-0.25888416171073914,0.9751694798469543,0.46226105093955994,0.8286008238792419,-0.20010049641132355,0.9180244207382202,0.5051330924034119,0.842771053314209,-0.20631608366966248,0.937366247177124,0.45177775621414185,0.8226526975631714,-0.19197234511375427,0.8479262590408325,0.510021984577179,0.839485228061676,-0.19814559817314148,0.8494855165481567,0.4173515737056732,0.8418230414390564,-0.25198298692703247,0.9344319701194763,0.536322295665741,0.8474347591400146,-0.2664453387260437,0.9394637942314148
2,stand,0.46697157621383667,0.5389788746833801,-0.11743895709514618,0.999994158744812,0.470851331949234,0.5274612307548523,-0.1042424663901329,0.9999833106994629,0.47371959686279297,0.5274373888969421,-0.10425160080194473,0.99998539686203,0.47643256187438965,0.5276996493339539,-0.10426567494869232,0.9999839067459106,0.4621196389198303,0.5288012027740479,-0.10475949943065643,0.9999828934669495,0.4591262936592102,0.529439389705658,-0.10481099784374237,0.999984860420227,0.4562905728816986,0.530345618724823,-0.10480672121047974,0.9999830722808838,0.4802471697330475,0.5348219871520996,-0.030394870787858963,0.9999720454216003,0.45306485891342163,0.5401317477226257,-0.0352960042655468,0.9999662041664124,0.47353893518447876,0.5536081790924072,-0.09097478538751602,0.9999903440475464,0.46130484342575073,0.5544735193252563,-0.09227683395147324,0.9999877214431763,0.5093157887458801,0.6130644679069519,-0.028770947828888893,0.9999508857727051,0.42917686700820923,0.6249790787696838,-0.018965058028697968,0.9999570250511169,0.5289022326469421,0.6921298503875732,-0.12615618109703064,0.985357403755188,0.41868600249290466,0.7114001512527466,-0.10111448913812637,0.9829708337783813,0.5377534627914429,0.7469726800918579,-0.25280290842056274,0.976131796836853,0.4099988043308258,0.7563325762748718,-0.2528440058231354,0.9684839844703674,0.5415488481521606,0.7757098078727722,-0.2851693034172058,0.9485775828361511,0.4032000005245209,0.7818555235862732,-0.28497153520584106,0.9383193850517273,0.5331047773361206,0.7705668807029724,-0.29617828130722046,0.9540261030197144,0.41176971793174744,0.7733056545257568,-0.2948192059993744,0.942875862121582,0.5292071104049683,0.7622092962265015,-0.25966042280197144,0.9439641833305359,0.4162996709346771,0.7661189436912537,-0.2596094012260437,0.9334128499031067,0.4976333975791931,0.7875462770462036,0.004219292663037777,0.9995297789573669,0.45141610503196716,0.7936212420463562,-0.004215266089886427,0.9996875524520874,0.5346388220787048,0.775769054889679,-0.21893015503883362,0.9687692523002625,0.40111732482910156,0.7967342138290405,-0.22163717448711395,0.9754137396812439,0.4599202573299408,0.8343474268913269,-0.1481868177652359,0.9018661975860596,0.5031698942184448,0.8450806736946106,-0.18966445326805115,0.930219829082489,0.4521244466304779,0.826416552066803,-0.13579237461090088,0.832360565662384,0.5097999572753906,0.8398433327674866,-0.18166473507881165,0.8362700343132019,0.41701483726501465,0.8403452634811401,-0.18305455148220062,0.9188519716262817,0.5368449091911316,0.8477299809455872,-0.2358643263578415,0.9297781586647034
3,stand,0.46621695160865784,0.5426530838012695,-0.13821402192115784,0.9999935030937195,0.47044962644577026,0.53023362159729,-0.12508682906627655,0.9999843835830688,0.47331809997558594,0.5301297307014465,-0.1251048743724823,0.9999862313270569,0.47609537839889526,0.5301753282546997,-0.12512753903865814,0.9999849796295166,0.4614443778991699,0.5317189693450928,-0.12505590915679932,0.9999841451644897,0.45843634009361267,0.5324437022209167,-0.1251196563243866,0.9999858736991882,0.4559396803379059,0.5330821871757507,-0.12511253356933594,0.9999843239784241,0.47982969880104065,0.5359874963760376,-0.05033879354596138,0.9999738931655884,0.4528980255126953,0.5409252643585205,-0.0512857623398304,0.9999688267707825,0.4728530943393707,0.556523323059082,-0.11117789894342422,0.9999911189079285,0.46065106987953186,0.5584923624992371,-0.11133815348148346,0.9999887943267822,0.5092564225196838,0.6175937056541443,-0.042407743632793427,0.9999455809593201,0.4292619824409485,0.6281968951225281,-0.03055126592516899,0.9999555349349976,0.5289807319641113,0.6988673210144043,-0.11320195347070694,0.9849323034286499,0.4176625609397888,0.7135137915611267,-0.09602949768304825,0.9823508262634277,0.5360050797462463,0.7463738918304443,-0.257385790348053,0.9755171537399292,0.4105049669742584,0.7547508478164673,-0.25493544340133667,0.9690228700637817,0.5392478704452515,0.7754879593849182,-0.28843480348587036,0.9494035243988037,0.404376745223999,0.780004620552063,-0.28701654076576233,0.9412992000579834,0.5308183431625366,0.7693547606468201,-0.3002717196941376,0.9547368884086609,0.4133407175540924,0.7727884650230408,-0.29748278856277466,0.9457993507385254,0.5273111462593079,0.7603402733802795,-0.2646676301956177,0.9450188279151917,0.41780391335487366,0.764581024646759,-0.262058824300766,0.9369248151779175,0.49730953574180603,0.7954226732254028,0.0011176517000421882,0.9995512366294861,0.451179176568985,0.799373984336853,-0.0010715433163568377,0.999704122543335,0.5355499982833862,0.809903621673584,-0.22552981972694397,0.9703831672668457,0.4010646939277649,0.7952159643173218,-0.23376159369945526,0.9757100343704224,0.44838985800743103,0.8361514806747437,-0.1397533118724823,0.8870982527732849,0.5021097660064697,0.8458133339881897,-0.19964191317558289,0.9245063662528992,0.4388502538204193,0.8260706663131714,-0.12560740113258362,0.8153853416442871,0.5075869560241699,0.839420735836029,-0.19156818091869354,0.8274614214897156,0.4089581370353699,0.8385516405105591,-0.1710522472858429,0.9039124846458435,0.5341304540634155,0.848390519618988,-0.250224769115448,0.922515869140625
4,stand,0.4658266007900238,0.5418307781219482,-0.14446301758289337,0.9999917149543762,0.4702686667442322,0.5297113060951233,-0.1316281110048294,0.9999849796295166,0.4731384217739105,0.5294110774993896,-0.13164359331130981,0.9999864101409912,0.47586789727211,0.5293170213699341,-0.131669819355011,0.9999855160713196,0.4610748887062073,0.5312778353691101,-0.13189847767353058,0.999984860420227,0.4579957127571106,0.5321171879768372,-0.13195663690567017,0.9999862313270569,0.4556766450405121,0.5330860018730164,-0.1319519579410553,0.9999850392341614,0.4795227646827698,0.5362190008163452,-0.05643044784665108,0.9999747276306152,0.45290571451187134,0.5414131283760071,-0.05892776697874069,0.9999706149101257,0.47265154123306274,0.5556114912033081,-0.1170923262834549,0.9999917149543762,0.4603303074836731,0.5571345686912537,-0.11764100939035416,0.9999897480010986,0.5091606378555298,0.6143661141395569,-0.04878344386816025,0.9999412298202515,0.42972689867019653,0.6266286373138428,-0.036555927246809006,0.9999532103538513,0.5287284851074219,0.6958189606666565,-0.1175837367773056,0.9850069880485535,0.41711798310279846,0.7127352952957153,-0.1002192497253418,0.9826576709747314,0.5357791185379028,0.7459676265716553,-0.27776622772216797,0.9765191078186035,0.4104676842689514,0.7592269778251648,-0.27195048332214355,0.9706938862800598,0.5388320684432983,0.7750625014305115,-0.31227394938468933,0.9523351788520813,0.40408292412757874,0.7843754291534424,-0.305694043636322,0.9453877210617065,0.530461847782135,0.7696822285652161,-0.32407018542289734,0.9573422074317932,0.4123799204826355,0.7749378681182861,-0.3168655335903168,0.949639081954956,0.5267794132232666,0.7605494260787964,-0.2852398157119751,0.9481806755065918,0.4169440269470215,0.7675912380218506,-0.2793944180011749,0.9413986206054688,0.4973277151584625,0.7941974401473999,0.00035726261558011174,0.9995500445365906,0.45111751556396484,0.8004388809204102,-0.00030680629424750805,0.9997033476829529,0.5393590927124023,0.7964527606964111,-0.2341395914554596,0.9717468023300171,0.39995700120925903,0.7969513535499573,-0.2402653694152832,0.9752826690673828,0.4504968225955963,0.8352751731872559,-0.1454508900642395,0.8664719462394714,0.5009928941726685,0.8466254472732544,-0.19710446894168854,0.9122852087020874,0.44521793723106384,0.8237157464027405,-0.1310616135597229,0.7936971187591553,0.5063691139221191,0.8401409387588501,-0.18810391426086426,0.8095473647117615,0.4133755564689636,0.8333338499069214,-0.17414800822734833,0.8833150267601013,0.5332344174385071,0.8473492860794067,-0.24803440272808075,0.9079669117927551
5,stand,0.4657317101955414,0.5416918396949768,-0.11940165609121323,0.9999898672103882,0.470268577337265,0.5300792455673218,-0.10598178952932358,0.9999852776527405,0.47314849495887756,0.5298341512680054,-0.10599668323993683,0.9999862313270569,0.47583597898483276,0.529817521572113,-0.10601403564214706,0.9999858140945435,0.4609706401824951,0.5313499569892883,-0.10622493177652359,0.99998539686203,0.4578283429145813,0.5321183204650879,-0.10627619922161102,0.9999864101409912,0.45553797483444214,0.5329153537750244,-0.10626976191997528,0.9999856352806091,0.4794863164424896,0.5368553400039673,-0.03351382538676262,0.9999748468399048,0.45291009545326233,0.5415083765983582,-0.03623306378722191,0.9999721050262451,0.4726130962371826,0.5558327436447144,-0.09367600828409195,0.9999921917915344,0.4601907730102539,0.5571536421775818,-0.09425629675388336,0.9999905824661255,0.509146511554718,0.6150319576263428,-0.03533390909433365,0.9999366402626038,0.4304313659667969,0.6261827945709229,-0.02263791300356388,0.9999525547027588,0.5286039113998413,0.6934734582901001,-0.1159805878996849,0.985049307346344,0.41678586602211,0.7092556953430176,-0.10016028583049774,0.9830023646354675,0.5356084108352661,0.7472188472747803,-0.27722904086112976,0.9775550365447998,0.41072210669517517,0.7569754123687744,-0.27025237679481506,0.9723824858665466,0.5385684370994568,0.7762048244476318,-0.3120840787887573,0.955216109752655,0.40440496802330017,0.7813702821731567,-0.30403387546539307,0.9492716193199158,0.530353844165802,0.7702004909515381,-0.3211063742637634,0.9598601460456848,0.4133656620979309,0.7732200622558594,-0.313101202249527,0.9532462954521179,0.5266574621200562,0.7621055841445923,-0.28376537561416626,0.9511802196502686,0.417968213558197,0.7664585709571838,-0.2769075036048889,0.9455639123916626,0.4973391890525818,0.7947014570236206,-0.0002506886958144605,0.9995591640472412,0.4509921967983246,0.8021103739738464,0.0002868541923817247,0.9997125864028931,0.5386205911636353,0.7932795882225037,-0.2283342182636261,0.972671389579773,0.4023478627204895,0.8008396625518799,-0.24151547253131866,0.9746734499931335,0.4563928544521332,0.8346952795982361,-0.136762797832489,0.8432630896568298,0.5014813542366028,0.8472675681114197,-0.1946009248495102,0.900210440158844,0.4495862126350403,0.8220822811126709,-0.1222868338227272,0.7703607082366943,0.5067420601844788,0.8399538397789001,-0.18517985939979553,0.7923498749732971,0.41940316557884216,0.8292182683944702,-0.1672206073999405,0.8610765337944031,0.5346983671188354,0.8440889716148376,-0.24165590107440948,0.8945153951644897
6,stand,0.4656502604484558,0.5421628952026367,-0.12152472883462906,0.9999892115592957,0.4702679514884949,0.5305985808372498,-0.10818822681903839,0.9999859929084778,0.47315430641174316,0.5304040312767029,-0.10820140689611435,0.9999867081642151,0.4758308529853821,0.5303798913955688,-0.10822083801031113,0.9999865293502808,0.460867702960968,0.5319380164146423,-0.10865245759487152,0.9999862313270569,0.4576829969882965,0.5327746272087097,-0.10870017111301422,0.999987006187439,0.45540761947631836,0.5335735082626343,-0.10868958383798599,0.999986469745636,0.47949662804603577,0.5371087193489075,-0.03478694334626198,0.999975860118866,0.45288315415382385,0.541869580745697,-0.038397833704948425,0.9999739527702332,0.4726013243198395,0.5565422773361206,-0.09524010866880417,0.9999927282333374,0.46008214354515076,0.5579866766929626,-0.09608785808086395,0.9999914169311523,0.5091716051101685,0.6157633662223816,-0.0353127159178257,0.9999353885650635,0.4306233525276184,0.6250200271606445,-0.024547578766942024,0.9999527335166931,0.5284337997436523,0.6926590204238892,-0.11832159757614136,0.9850126504898071,0.41655296087265015,0.7090244889259338,-0.10208078473806381,0.983211100101471,0.5355366468429565,0.7475095987319946,-0.28480225801467896,0.9783861041069031,0.4110456109046936,0.7585963010787964,-0.27282577753067017,0.9736856818199158,0.5384895205497742,0.776512086391449,-0.32019275426864624,0.9577043652534485,0.4050787389278412,0.7836678624153137,-0.306723415851593,0.9524874091148376,0.5302778482437134,0.7705632448196411,-0.3292018473148346,0.9620542526245117,0.4141286015510559,0.7751073241233826,-0.3155905604362488,0.956237256526947,0.5265957117080688,0.762335479259491,-0.2913750410079956,0.9537694454193115,0.4185008406639099,0.7685000896453857,-0.2792905569076538,0.9490067362785339,0.4972996711730957,0.7918002009391785,-0.0002697872114367783,0.9995713829994202,0.45081353187561035,0.7994898557662964,0.0003032500098925084,0.9997207522392273,0.5399224162101746,0.7927939295768738,-0.23221907019615173,0.9733863472938538,0.40348973870277405,0.8024518489837646,-0.2521478235721588,0.9738519787788391,0.455045610666275,0.8348520994186401,-0.14518055319786072,0.8233852386474609,0.5024300813674927,0.8479390740394592,-0.20173506438732147,0.8885346055030823,0.44765669107437134,0.8226032853126526,-0.13085633516311646,0.7495263814926147,0.5072633028030396,0.8399505615234375,-0.19172444939613342,0.7765295505523682,0.41505250334739685,0.831244170665741,-0.17105306684970856,0.8416627049446106,0.535792887210846,0.8448644876480103,-0.248251274228096,0.8820527791976929
7,stand,0.4655868113040924,0.5421791672706604,-0.12150685489177704,0.999988317489624,0.4702680706977844,0.5306570529937744,-0.1084093302488327,0.9999865889549255,0.4731578826904297,0.5304047465324402,-0.1084221825003624,0.999987006187439,0.47582703828811646,0.5303910374641418,-0.10844127833843231,0.9999870657920837,0.4607679843902588,0.5319681167602539,-0.10873889923095703,0.9999868869781494,0.4575524926185608,0.5327835083007812,-0.10878666490316391,0.9999874234199524,0.4553011953830719,0.5336071252822876,-0.10878012329339981,0.9999871253967285,0.4795009195804596,0.5370117425918579,-0.03545667231082916,0.9999765753746033,0.4528501033782959,0.5420026779174805,-0.03844983130693436,0.9999755024909973,0.47259989380836487,0.5564956068992615,-0.09537114202976227,0.9999932050704956,0.45999473333358765,0.5580261945724487,-0.09604465961456299,0.9999921321868896,0.5091777443885803,0.6154090166091919,-0.03489619866013527,0.9999326467514038,0.43085169792175293,0.6236581802368164,-0.02417592518031597,0.9999521970748901,0.5284780263900757,0.6927186250686646,-0.1161540299654007,0.9849629402160645,0.41639214754104614,0.7080993056297302,-0.10189394652843475,0.9835098385810852,0.5355927348136902,0.74665766954422,-0.27958279848098755,0.9791768789291382,0.4109817147254944,0.756895124912262,-0.2702106237411499,0.9750131964683533,0.5385894179344177,0.7755270004272461,-0.3144041895866394,0.9600047469139099,0.4050198495388031,0.7818938493728638,-0.3037218749523163,0.9555675983428955,0.5303407311439514,0.7698395848274231,-0.3238680064678192,0.9640781879425049,0.4142846465110779,0.7737407088279724,-0.31280893087387085,0.9590949416160583,0.5266174674034119,0.7617346048355103,-0.2862098813056946,0.956179678440094,0.4187130033969879,0.7670888304710388,-0.2766973674297333,0.9522980451583862,0.4972801208496094,0.792950451374054,-0.00029176665702834725,0.9995749592781067,0.45079001784324646,0.8004204630851746,0.00032198132248595357,0.9997239708900452,0.5401920080184937,0.7900374531745911,-0.2288779467344284,0.9740413427352905,0.4032011032104492,0.801667332649231,-0.24702326953411102,0.9733461737632751,0.45679140090942383,0.8345620632171631,-0.14049050211906433,0.8043816685676575,0.5025858879089355,0.8480193018913269,-0.19790533185005188,0.8780888319015503,0.449390172958374,0.822296679019928,-0.1262601613998413,0.7298537492752075,0.5071961283683777,0.8398939967155457,-0.1881478726863861,0.7618154287338257,0.41801947355270386,0.831055760383606,-0.16770613193511963,0.8224321603775024,0.5355334281921387,0.8446950316429138,-0.24473972618579865,0.8701390624046326
8,stand,0.4655536115169525,0.5422698855400085,-0.12853102385997772,0.9999877214431763,0.4702700078487396,0.5307384729385376,-0.11540703475475311,0.9999871850013733,0.4731617867946625,0.5304353833198547,-0.1154198870062828,0.9999873638153076,0.4758234918117523,0.5304282903671265,-0.11544109880924225,0.9999876022338867,0.46072059869766235,0.5320875644683838,-0.11584866046905518,0.9999875426292419,0.45748385787010193,0.532940685749054,-0.11589747667312622,0.9999878406524658,0.4552331864833832,0.5338576436042786,-0.11588916927576065,0.999987781047821,0.4795057773590088,0.5371494293212891,-0.04148876667022705,0.9999774694442749,0.4528310298919678,0.5422482490539551,-0.04497084394097328,0.9999769926071167,0.47260332107543945,0.5565100908279419,-0.10196355730295181,0.999993622303009,0.45994701981544495,0.5580581426620483,-0.10277612507343292,0.9999927878379822,0.5091848969459534,0.6153217554092407,-0.03974509984254837,0.9999310374259949,0.4310200810432434,0.6237300634384155,-0.02905244193971157,0.9999518394470215,0.5284289121627808,0.6927507519721985,-0.1213858500123024,0.9849802255630493,0.41627851128578186,0.7076762914657593,-0.10608404874801636,0.9837634563446045,0.5356489419937134,0.7467488646507263,-0.28943949937820435,0.9798752069473267,0.4109340310096741,0.7569171190261841,-0.27830904722213745,0.9760828018188477,0.5386096239089966,0.7756868004798889,-0.3250497877597809,0.9620397090911865,0.40496817231178284,0.782088577747345,-0.3124011754989624,0.9581944942474365,0.5303457975387573,0.770068347454071,-0.3344584107398987,0.9658757448196411,0.4142862856388092,0.7740136981010437,-0.32152241468429565,0.9615380167961121,0.5266312956809998,0.7619348168373108,-0.2961792051792145,0.9583036303520203,0.41867485642433167,0.7675060033798218,-0.2849229872226715,0.9551077485084534,0.4972802698612213,0.7922074198722839,-0.0003034807159565389,0.9995777606964111,0.4507141709327698,0.7995452284812927,0.00033187351073138416,0.999725878238678,0.5406849980354309,0.7900017499923706,-0.23075731098651886,0.9746514558792114,0.4027753472328186,0.8004931807518005,-0.24745695292949677,0.9728288650512695,0.45353883504867554,0.8343592882156372,-0.143259197473526,0.7885720133781433,0.5019732117652893,0.8482409119606018,-0.19904011487960815,0.8689318299293518,0.4490196108818054,0.8226404786109924,-0.12906941771507263,0.7129907608032227,0.5071102380752563,0.839886486530304,-0.18943525850772858,0.7488161325454712,0.4168024957180023,0.8317804932594299,-0.1699315309524536,0.8064714074134827,0.5355477929115295,0.8449310064315796,-0.24733135104179382,0.8597169518470764
9,stand,0.4655596613883972,0.5448629260063171,-0.11985564231872559,0.9999877214431763,0.47027212381362915,0.5322287678718567,-0.10690242052078247,0.9999880194664001,0.47316694259643555,0.5317960381507874,-0.10691796243190765,0.9999880194664001,0.4758225083351135,0.5318613052368164,-0.10694192349910736,0.9999883770942688,0.46072515845298767,0.5337782502174377,-0.1073065847158432,0.9999883770942688,0.45748844742774963,0.5347462892532349,-0.10735678672790527,0.9999884963035583,0.45522254705429077,0.5358176231384277,-0.10734520852565765,0.9999885559082031,0.47951608896255493,0.5385552644729614,-0.032394543290138245,0.9999788403511047,0.45284032821655273,0.543951690196991,-0.03577654808759689,0.9999786019325256,0.4726312756538391,0.5588845014572144,-0.09280411899089813,0.9999940991401672,0.4599533677101135,0.5607826113700867,-0.09361530840396881,0.9999933838844299,0.5092161893844604,0.6155447959899902,-0.02939707413315773,0.9999321699142456,0.4316408634185791,0.6233599781990051,-0.01846453547477722,0.9999518394470215,0.5284738540649414,0.6931592226028442,-0.10873119533061981,0.9850105047225952,0.4164854884147644,0.706484854221344,-0.09374826401472092,0.9839332103729248,0.5357378721237183,0.7466719150543213,-0.2711530327796936,0.9805566668510437,0.41137099266052246,0.7563979029655457,-0.2640117108821869,0.9769641160964966,0.5386797189712524,0.7746617794036865,-0.30527207255363464,0.9638970494270325,0.405266135931015,0.7815148830413818,-0.2973059415817261,0.9604699611663818,0.530369222164154,0.7691197991371155,-0.31673139333724976,0.9675197005271912,0.41448408365249634,0.7738271951675415,-0.30792221426963806,0.9636766314506531,0.5266228318214417,0.7612035274505615,-0.27856454253196716,0.9602534174919128,0.418811172246933,0.7669457197189331,-0.27118051052093506,0.9575997591018677,0.4974118769168854,0.7925348281860352,-0.00037153472658246756,0.999582827091217,0.4509451389312744,0.7996788024902344,0.0004041045904159546,0.999725341796875,0.539648175239563,0.7842931747436523,-0.23629233241081238,0.9754329919815063,0.40268081426620483,0.7993691563606262,-0.244627445936203,0.9724082946777344,0.4504607617855072,0.8347206711769104,-0.15480023622512817,0.7761795520782471,0.5017491579055786,0.8482802510261536,-0.2013578861951828,0.8620119094848633,0.44341978430747986,0.8243423700332642,-0.14101220667362213,0.7013893723487854,0.5069565773010254,0.8399052023887634,-0.19214965403079987,0.7391589283943176,0.41365981101989746,0.8332176804542542,-0.18204154074192047,0.7944983243942261,0.5356379747390747,0.8457583785057068,-0.2500382363796234,0.8512586951255798
10,stand,0.4655636250972748,0.5451406240463257,-0.119374118745327,0.999987781047821,0.4702746868133545,0.5323620438575745,-0.10643155872821808,0.9999887943267822,0.473170667886734,0.5318701863288879,-0.1064482182264328,0.9999886751174927,0.47582000494003296,0.5319104790687561,-0.10647407919168472,0.9999890923500061,0.46072953939437866,0.533996045589447,-0.10688557475805283,0.9999891519546509,0.45749300718307495,0.5350123047828674,-0.10693518072366714,0.9999891519546509,0.45521554350852966,0.5361318588256836,-0.10692256689071655,0.9999892711639404,0.47952502965927124,0.5385631918907166,-0.03167903795838356,0.9999801516532898,0.4528472423553467,0.5442829728126526,-0.03525637462735176,0.9999801516532898,0.472669780254364,0.5590736269950867,-0.09217191487550735,0.9999945163726807,0.45995745062828064,0.5611255764961243,-0.0930439829826355,0.9999939203262329,0.5092406868934631,0.6153920888900757,-0.028034836053848267,0.9999335408210754,0.4319371283054352,0.6234725117683411,-0.017462989315390587,0.9999517798423767,0.5285223126411438,0.6935631036758423,-0.10443691164255142,0.9850949645042419,0.4165613055229187,0.7064885497093201,-0.09117279201745987,0.9840694069862366,0.5357685685157776,0.7467869520187378,-0.2669340968132019,0.9812109470367432,0.411601722240448,0.7559372186660767,-0.2617291808128357,0.9777344465255737,0.5386993288993835,0.7746818661689758,-0.3014680743217468,0.965613842010498,0.40548428893089294,0.7810195088386536,-0.29555174708366394,0.9624894261360168,0.5303446650505066,0.7690905332565308,-0.31262487173080444,0.9690424799919128,0.4146440029144287,0.7734250426292419,-0.3057437539100647,0.9655746221542358,0.526576578617096,0.7611923217773438,-0.27420324087142944,0.9620591402053833,0.41890469193458557,0.7664304375648499,-0.2687724530696869,0.9598048329353333,0.4974963068962097,0.7920359373092651,-0.00039193202974274755,0.9995887875556946,0.4510466456413269,0.7990214228630066,0.00042662309715524316,0.9997252225875854,0.5389410853385925,0.7829447388648987,-0.23748990893363953,0.9761903285980225,0.40265947580337524,0.7987387776374817,-0.2454894781112671,0.9720586538314819,0.449887752532959,0.8350993394851685,-0.1570458710193634,0.765727162361145,0.5017017126083374,0.8483693599700928,-0.20236313343048096,0.8558995127677917,0.4423537850379944,0.8257972002029419,-0.14339159429073334,0.6914501190185547,0.5069664716720581,0.8399565815925598,-0.19313867390155792,0.7303841710090637,0.4132192134857178,0.8340405821800232,-0.18542130291461945,0.7841910123825073,0.5356272459030151,0.8462759256362915,-0.25146812200546265,0.8436587452888489
11,stand,0.4655781686306,0.5451043248176575,-0.11175916343927383,0.9999879002571106,0.47028017044067383,0.5323635935783386,-0.09880729019641876,0.9999895095825195,0.4731763005256653,0.5318676233291626,-0.09882288426160812,0.9999892711639404,0.47581925988197327,0.5319148898124695,-0.09884743392467499,0.9999898076057434,0.46073538064956665,0.5340472459793091,-0.09932078421115875,0.9999898672103882,0.4574977457523346,0.5351138114929199,-0.09936950355768204,0.9999897480010986,0.4552176594734192,0.5362803339958191,-0.09935721009969711,0.9999899864196777,0.4795319437980652,0.5386728048324585,-0.024585241451859474,0.9999814033508301,0.45287615060806274,0.5445296168327332,-0.02848493494093418,0.9999815821647644,0.4727204740047455,0.558959424495697,-0.08478620648384094,0.9999949336051941,0.45998650789260864,0.5611178874969482,-0.08575151860713959,0.9999944567680359,0.5092613697052002,0.6146838068962097,-0.0219265129417181,0.9999347925186157,0.43230757117271423,0.6232336759567261,-0.011754742823541164,0.9999517202377319,0.5285598039627075,0.6928397417068481,-0.09673115611076355,0.9851095676422119,0.41664791107177734,0.7060710191726685,-0.08556874841451645,0.984262228012085,0.5357925295829773,0.7460819482803345,-0.26578423380851746,0.981818437576294,0.41168680787086487,0.7554206252098083,-0.2582456171512604,0.9785537123680115,0.5387333035469055,0.7739314436912537,-0.29726511240005493,0.967211127281189,0.4055573046207428,0.7804294228553772,-0.2910718619823456,0.9644566178321838,0.5303765535354614,0.7686328291893005,-0.3124937415122986,0.9704540967941284,0.4147794842720032,0.7729606032371521,-0.3025837242603302,0.9674111008644104,0.5265511274337769,0.7607950568199158,-0.27293920516967773,0.9637532830238342,0.41904082894325256,0.765942394733429,-0.2658124566078186,0.961950421333313,0.49761080741882324,0.7920042276382446,-0.00042529747588559985,0.9995965361595154,0.4512282907962799,0.7988821268081665,0.0004612140473909676,0.9997260570526123,0.5411844253540039,0.7870030999183655,-0.23723211884498596,0.9769276976585388,0.4025800824165344,0.7989608645439148,-0.24373570084571838,0.9718149900436401,0.4498032033443451,0.8353613018989563,-0.15857326984405518,0.7564458847045898,0.5015458464622498,0.8482860326766968,-0.2012939155101776,0.8499208688735962,0.44223421812057495,0.8266292810440063,-0.14505071938037872,0.682854413986206,0.5067771673202515,0.8399538397789001,-0.1920434534549713,0.7217447757720947,0.41315555572509766,0.8346806168556213,-0.18684351444244385,0.7749966979026794,0.5354215502738953,0.846383810043335,-0.24964973330497742,0.8362088203430176
12,stand,0.4656044840812683,0.5450852513313293,-0.11546286195516586,0.9999879002571106,0.4702932834625244,0.5324190855026245,-0.10248366743326187,0.9999901056289673,0.47318777441978455,0.531933069229126,-0.10249844938516617,0.9999898076057434,0.47581925988197327,0.5320034623146057,-0.10252340137958527,0.9999904036521912,0.46075987815856934,0.534100353717804,-0.10300537198781967,0.9999904632568359,0.45751237869262695,0.5351622104644775,-0.10305511951446533,0.9999902844429016,0.45522016286849976,0.5363202691078186,-0.10304300487041473,0.9999905824661255,0.4795369505882263,0.5386797785758972,-0.028097033500671387,0.999982476234436,0.4528992176055908,0.544504702091217,-0.03199581056833267,0.9999828338623047,0.47276902198791504,0.5588295459747314,-0.08843345940113068,0.9999952912330627,0.4600211977958679,0.560951292514801,-0.08938850462436676,0.9999949336051941,0.5092725157737732,0.6148420572280884,-0.02477193996310234,0.9999359846115112,0.43239355087280273,0.6232367753982544,-0.014410008676350117,0.9999521970748901,0.5285871624946594,0.6931917667388916,-0.09776280075311661,0.985172688961029,0.41664940118789673,0.706044614315033,-0.08670812845230103,0.9845423102378845,0.5358020067214966,0.7460899949073792,-0.26328420639038086,0.9823251366615295,0.41173267364501953,0.7553699016571045,-0.25809454917907715,0.9793311953544617,0.538765549659729,0.7740095257759094,-0.2965700626373291,0.9685878157615662,0.4055399000644684,0.7802849411964417,-0.2916640043258667,0.9662759900093079,0.5304424166679382,0.7687065005302429,-0.30948248505592346,0.9716692566871643,0.41478896141052246,0.7726000547409058,-0.30217036604881287,0.9691102504730225,0.5265997648239136,0.7608738541603088,-0.27059781551361084,0.9652051329612732,0.41909369826316833,0.7655159831047058,-0.265296995639801,0.9639326930046082,0.49769625067710876,0.7920124530792236,-0.0005148063646629453,0.9996054172515869,0.4513574242591858,0.7987967729568481,0.0005525204469449818,0.9997296333312988,0.5414057970046997,0.7906054854393005,-0.23747090995311737,0.9776129722595215,0.4024156928062439,0.7995767593383789,-0.24261879920959473,0.9716095328330994,0.4499783515930176,0.8353846073150635,-0.15811103582382202,0.7483192086219788,0.5013850331306458,0.8481703996658325,-0.2012014091014862,0.843870222568512,0.44432392716407776,0.8267208337783813,-0.1445358842611313,0.6751641035079956,0.5065601468086243,0.8397549390792847,-0.19208164513111115,0.7134944796562195,0.413296639919281,0.8350245356559753,-0.1868319809436798,0.7668234705924988,0.5351120233535767,0.846220850944519,-0.2496633529663086,0.829034686088562
13,stand,0.46560901403427124,0.544747531414032,-0.11874823272228241,0.9999879002571106,0.47029632329940796,0.5322592258453369,-0.10571964830160141,0.9999906420707703,0.47319474816322327,0.5318087935447693,-0.10573409497737885,0.9999902844429016,0.4758138060569763,0.5318953394889832,-0.10576073080301285,0.9999909400939941,0.460764080286026,0.5338327884674072,-0.106218121945858,0.9999909996986389,0.4575175642967224,0.5348646640777588,-0.10626808553934097,0.9999907612800598,0.4552191197872162,0.5359963178634644,-0.10625390708446503,0.9999911189079285,0.47954314947128296,0.5386184453964233,-0.031329210847616196,0.9999834895133972,0.4529046416282654,0.5441086888313293,-0.03508593887090683,0.9999839663505554,0.4727764129638672,0.5585878491401672,-0.09175238758325577,0.9999956488609314,0.460026353597641,0.5605525374412537,-0.09266237169504166,0.9999953508377075,0.5092863440513611,0.6151394844055176,-0.027909383177757263,0.9999373555183411,0.4324052333831787,0.6226754784584045,-0.017247941344976425,0.9999526143074036,0.5286005139350891,0.6936487555503845,-0.09938560426235199,0.9854083061218262,0.4167248606681824,0.7056006789207458,-0.08847393095493317,0.9847652912139893,0.5358201265335083,0.7461036443710327,-0.2641124129295349,0.982872724533081,0.4118000864982605,0.7552976608276367,-0.26077035069465637,0.9799617528915405,0.538767397403717,0.7740159630775452,-0.2987446188926697,0.9699258804321289,0.4055720865726471,0.7802829146385193,-0.2949877083301544,0.9678418636322021,0.5304735898971558,0.7686267495155334,-0.3102176785469055,0.9728562831878662,0.4148294925689697,0.7724904417991638,-0.3049388825893402,0.9705783724784851,0.5266481041908264,0.7608452439308167,-0.27132850885391235,0.9666176438331604,0.4191509783267975,0.7653864622116089,-0.26780301332473755,0.9656463265419006,0.4977497160434723,0.7912842035293579,-0.0005572193185798824,0.9996148943901062,0.45140624046325684,0.797985851764679,0.0005966050666756928,0.9997333288192749,0.5415976643562317,0.7927418351173401,-0.23883335292339325,0.9783024787902832,0.4022529125213623,0.7997583150863647,-0.24202103912830353,0.9714446663856506,0.4497864246368408,0.8356091976165771,-0.1585364043712616,0.7412167191505432,0.5013198256492615,0.848087728023529,-0.19994781911373138,0.8386754393577576,0.442964643239975,0.8272085189819336,-0.14482614398002625,0.6681889295578003,0.5064682364463806,0.8396522402763367,-0.19076642394065857,0.706417441368103,0.411757230758667,0.8352811932563782,-0.18721416592597961,0.7595087289810181,0.5349336862564087,0.8462622165679932,-0.24850639700889587,0.8228189945220947
14,stand,0.4656209945678711,0.5446625351905823,-0.11725547164678574,0.9999879002571106,0.4703048765659332,0.5321774482727051,-0.10415494441986084,0.9999911189079285,0.47320491075515747,0.5317206382751465,-0.10417051613330841,0.999990701675415,0.4758138656616211,0.5318193435668945,-0.10419663041830063,0.9999914169311523,0.4607793390750885,0.5337174534797668,-0.10467246919870377,0.9999914765357971,0.45752835273742676,0.534752368927002,-0.10472358763217926,0.9999911785125732,0.4552207887172699,0.5358890295028687,-0.10471053421497345,0.9999915957450867,0.4795604348182678,0.5385012030601501,-0.02966063842177391,0.9999843239784241,0.4529159963130951,0.5440043210983276,-0.03354448825120926,0.9999849796295166,0.4728030562400818,0.558501660823822,-0.09023222327232361,0.9999959468841553,0.46003657579421997,0.5604896545410156,-0.09118450433015823,0.9999957084655762,0.5092973113059998,0.6148769855499268,-0.026498939841985703,0.9999383687973022,0.4324073791503906,0.6223548650741577,-0.015645701438188553,0.9999529719352722,0.528610348701477,0.6940538883209229,-0.09822210669517517,0.9855499863624573,0.4167638421058655,0.7060582637786865,-0.08717996627092361,0.9849435687065125,0.5358215570449829,0.7461782097816467,-0.26338934898376465,0.983302891254425,0.41185301542282104,0.755696713924408,-0.25930255651474,0.9805182814598083,0.5387636423110962,0.7742343544960022,-0.29709765315055847,0.9710483551025391,0.40559735894203186,0.7806480526924133,-0.2932136654853821,0.9692391753196716,0.5304808020591736,0.7687020897865295,-0.3092810809612274,0.9738492369651794,0.41481271386146545,0.7725540995597839,-0.30349576473236084,0.9718920588493347,0.5266562700271606,0.7608568072319031,-0.2709573805332184,0.9678060412406921,0.41913920640945435,0.7653746008872986,-0.2664259076118469,0.9671891927719116,0.49779072403907776,0.7912427186965942,-0.0006368133472278714,0.9996233582496643,0.45145589113235474,0.7979198694229126,0.000679057789966464,0.9997372031211853,0.5415165424346924,0.7927854657173157,-0.23874910175800323,0.9789592027664185,0.40225404500961304,0.7997804284095764,-0.24227643013000488,0.9713844656944275,0.4500112533569336,0.835673451423645,-0.1588955670595169,0.7355237603187561,0.501435399055481,0.8480686545372009,-0.20147991180419922,0.8342843651771545,0.44403791427612305,0.8272385597229004,-0.14523522555828094,0.6626851558685303,0.5065697431564331,0.8393988609313965,-0.19239982962608337,0.7004950642585754,0.4116482138633728,0.8355162739753723,-0.18789570033550262,0.7536213994026184,0.5348450541496277,0.8447173833847046,-0.2500954866409302,0.8174763917922974
15,stand,0.46572598814964294,0.5447270274162292,-0.11507749557495117,0.9999878406524658,0.4703636169433594,0.532214343547821,-0.10182446241378784,0.9999915361404419,0.4732564389705658,0.531786322593689,-0.10184130817651749,0.9999910593032837,0.4758211076259613,0.531932532787323,-0.10186614096164703,0.9999918341636658,0.4608863294124603,0.5336920022964478,-0.10245148837566376,0.9999918937683105,0.45762619376182556,0.5347163081169128,-0.10250409692525864,0.9999915361404419,0.4552554190158844,0.5358484983444214,-0.10249205678701401,0.9999920129776001,0.47957634925842285,0.5385051965713501,-0.02724217250943184,0.9999850392341614,0.45295748114585876,0.5438982844352722,-0.031658828258514404,0.9999858736991882,0.47290167212486267,0.5585834980010986,-0.08806569874286652,0.9999961853027344,0.460139662027359,0.5605334043502808,-0.08917981386184692,0.9999960660934448,0.509308397769928,0.6145049333572388,-0.024172235280275345,0.9999392032623291,0.43239182233810425,0.6222197413444519,-0.01339260209351778,0.9999529719352722,0.5286303758621216,0.6936075091362,-0.09297522157430649,0.9857036471366882,0.41677823662757874,0.7061682939529419,-0.0821947231888771,0.9851188659667969,0.5358148813247681,0.7461989521980286,-0.2536211907863617,0.9837328195571899,0.411886990070343,0.7557260394096375,-0.2526785731315613,0.9810155034065247,0.5387462377548218,0.7742173075675964,-0.2877943217754364,0.9720995426177979,0.40562373399734497,0.7805824279785156,-0.2865397334098816,0.9704660773277283,0.5304960012435913,0.7687366008758545,-0.2992917001247406,0.97478187084198,0.4148297905921936,0.7725180983543396,-0.2965256869792938,0.9730514287948608,0.5266731381416321,0.7608674168586731,-0.2609007954597473,0.9689362645149231,0.4191576838493347,0.7653182744979858,-0.25965073704719543,0.9685641527175903,0.4978477954864502,0.7911577224731445,-0.0007500465726479888,0.9996291995048523,0.4515961706638336,0.797826886177063,0.0007968798163346946,0.9997397065162659,0.5415818095207214,0.7931836247444153,-0.23672649264335632,0.9795517325401306,0.4022749960422516,0.8000832200050354,-0.24136443436145782,0.9713748097419739,0.4503245949745178,0.8357095718383789,-0.15694230794906616,0.7303299307823181,0.5015196800231934,0.8480405807495117,-0.20179009437561035,0.8304982781410217,0.44464412331581116,0.8270296454429626,-0.14332793653011322,0.6576809287071228,0.5066433548927307,0.8392890095710754,-0.1928669512271881,0.6955612897872925,0.41178950667381287,0.8356503248214722,-0.18611042201519012,0.7481735348701477,0.5348062515258789,0.84379643201828,-0.2503979504108429,0.8127309679985046
16,stand,0.4657778739929199,0.5443446040153503,-0.11404597759246826,0.9999874234199524,0.4703940451145172,0.5319819450378418,-0.10084186494350433,0.9999917149543762,0.4732840657234192,0.5315629839897156,-0.10085795074701309,0.9999911785125732,0.4758238196372986,0.5317264795303345,-0.1008818969130516,0.9999920129776001,0.4609500467777252,0.5334306359291077,-0.1014183908700943,0.9999921321868896,0.4576873779296875,0.5344366431236267,-0.1014709323644638,0.9999917149543762,0.45527759194374084,0.5355689525604248,-0.10146082937717438,0.9999922513961792,0.47958889603614807,0.5384374856948853,-0.027056720107793808,0.99998539686203,0.45299333333969116,0.5436574816703796,-0.031240034848451614,0.999986469745636,0.47295793890953064,0.5582500100135803,-0.0874059647321701,0.9999963641166687,0.4601994454860687,0.5600872039794922,-0.08844637870788574,0.9999963045120239,0.5093148350715637,0.614409863948822,-0.024245725944638252,0.9999392628669739,0.4324149489402771,0.6222550272941589,-0.013029763475060463,0.999952495098114,0.5286487340927124,0.6934223771095276,-0.08966304361820221,0.9858798980712891,0.4168209433555603,0.7064056992530823,-0.07880423218011856,0.9853101968765259,0.5358244180679321,0.7461356520652771,-0.24441614747047424,0.9841551184654236,0.41188257932662964,0.7556788921356201,-0.24457335472106934,0.9815353155136108,0.538731575012207,0.7741966247558594,-0.2778199315071106,0.9730837345123291,0.40561094880104065,0.780365526676178,-0.27759140729904175,0.9716454148292542,0.5305153131484985,0.7686213850975037,-0.28941264748573303,0.9756482839584351,0.41482359170913696,0.7725169062614441,-0.2878262996673584,0.9741579294204712,0.5266984701156616,0.7607225775718689,-0.25161027908325195,0.9700106978416443,0.4191668927669525,0.7653809189796448,-0.25151902437210083,0.9698853492736816,0.4979042410850525,0.790851354598999,-0.0008669119561091065,0.999633252620697,0.4517265856266022,0.797512412071228,0.00091645831707865,0.9997417330741882,0.541574239730835,0.794520378112793,-0.23430068790912628,0.980042040348053,0.4023265838623047,0.8001576662063599,-0.23966741561889648,0.971432626247406,0.4513545632362366,0.8362691402435303,-0.15391820669174194,0.7243072390556335,0.5014916658401489,0.8479965329170227,-0.19885051250457764,0.8270310163497925,0.44491419196128845,0.8264068365097046,-0.14048388600349426,0.6518832445144653,0.5066458582878113,0.8393014669418335,-0.189988374710083,0.6910771131515503,0.4130252003669739,0.8356959819793701,-0.18326839804649353,0.7415992021560669,0.5346341133117676,0.8440178036689758,-0.2478702962398529,0.8082028031349182
17,stand,0.46580013632774353,0.5442622303962708,-0.11183959245681763,0.9999871850013733,0.470409095287323,0.5319196581840515,-0.09867316484451294,0.9999920129776001,0.47330039739608765,0.5314720869064331,-0.09868845343589783,0.9999913573265076,0.4758254587650299,0.5316290259361267,-0.09871137887239456,0.9999922513961792,0.4609798491001129,0.5334129929542542,-0.09911609441041946,0.9999924302101135,0.4577189087867737,0.5344175696372986,-0.09916781634092331,0.9999919533729553,0.4552904963493347,0.5355451703071594,-0.09915867447853088,0.9999925494194031,0.47962313890457153,0.5383986830711365,-0.025532329455018044,0.9999858736991882,0.4530459940433502,0.5436489582061768,-0.029094431549310684,0.9999871253967285,0.4729931950569153,0.5580835342407227,-0.08550319075584412,0.999996542930603,0.46024608612060547,0.5599064826965332,-0.08635736256837845,0.999996542930603,0.5093218088150024,0.6146436333656311,-0.02372007630765438,0.9999390840530396,0.4324534833431244,0.6231504082679749,-0.012220164760947227,0.999952495098114,0.528654932975769,0.6938778162002563,-0.0909508466720581,0.9859420657157898,0.4168179929256439,0.707382321357727,-0.07985956966876984,0.9854642748832703,0.5358218550682068,0.7462612390518188,-0.24612751603126526,0.984476625919342,0.41186508536338806,0.7557985186576843,-0.24568946659564972,0.9820203185081482,0.5387179255485535,0.7741981744766235,-0.27962082624435425,0.9739142656326294,0.4055880606174469,0.7805284261703491,-0.27867868542671204,0.9727326035499573,0.5305167436599731,0.7685208916664124,-0.29094457626342773,0.976373553276062,0.41481512784957886,0.7725051045417786,-0.2888677716255188,0.9751711487770081,0.5266973972320557,0.7606161236763,-0.2532650828361511,0.9709078073501587,0.41918668150901794,0.7653172016143799,-0.25262850522994995,0.9710867404937744,0.49792104959487915,0.7913535237312317,-0.0009279592777602375,0.9996377825737,0.45178455114364624,0.7980486750602722,0.0009769214084371924,0.9997450113296509,0.5413827896118164,0.7945811152458191,-0.23347711563110352,0.980543315410614,0.4023665487766266,0.7999944090843201,-0.23883011937141418,0.9715991020202637,0.4521920084953308,0.8363633155822754,-0.15288135409355164,0.7193500995635986,0.5014842748641968,0.8479415774345398,-0.20051303505897522,0.8248776793479919,0.4449790120124817,0.8257867693901062,-0.1393578052520752,0.6470146775245667,0.5067089200019836,0.8393153548240662,-0.1918117105960846,0.687593400478363,0.4137602746486664,0.8348568677902222,-0.18208661675453186,0.7363511919975281,0.5345993638038635,0.8441778421401978,-0.24882808327674866,0.8052305579185486
18,stand,0.46586260199546814,0.5439064502716064,-0.11533324420452118,0.9999870657920837,0.47046202421188354,0.531613290309906,-0.10201577842235565,0.9999922513961792,0.47335100173950195,0.5311605930328369,-0.10203172266483307,0.9999915957450867,0.4758319854736328,0.5313259959220886,-0.10205516964197159,0.9999924898147583,0.46104103326797485,0.5330947637557983,-0.1026020422577858,0.9999927282333374,0.45777177810668945,0.534056544303894,-0.1026543378829956,0.9999921917915344,0.45530635118484497,0.5351951122283936,-0.10264446586370468,0.999992847442627,0.47965383529663086,0.5382532477378845,-0.028133699670433998,0.9999863505363464,0.4530637264251709,0.5434374213218689,-0.03230446204543114,0.9999877214431763,0.47304168343544006,0.5578426718711853,-0.0887286439538002,0.9999967217445374,0.4603096544742584,0.5596141815185547,-0.08976250141859055,0.9999967813491821,0.5093246102333069,0.6147958040237427,-0.025623226538300514,0.9999387860298157,0.43244481086730957,0.6242983937263489,-0.014695530757308006,0.9999521374702454,0.5286673903465271,0.694087028503418,-0.09145767986774445,0.986007571220398,0.41681942343711853,0.7086910605430603,-0.08056724071502686,0.9855967164039612,0.5358253121376038,0.746185302734375,-0.24879229068756104,0.984775960445404,0.4118414521217346,0.755871593952179,-0.25058090686798096,0.9824413657188416,0.5387253761291504,0.7741231918334961,-0.28268343210220337,0.9746755957603455,0.40556925535202026,0.7806460857391357,-0.28386080265045166,0.9736974835395813,0.530529797077179,0.7684820294380188,-0.2927560806274414,0.9770400524139404,0.4147964119911194,0.7723981142044067,-0.29350388050079346,0.9760687947273254,0.526711106300354,0.7605310082435608,-0.25551337003707886,0.9717280268669128,0.4191867411136627,0.7653250098228455,-0.2573537528514862,0.9721354246139526,0.49797987937927246,0.7913060784339905,-0.0009373716893605888,0.9996411800384521,0.4518616199493408,0.7983384132385254,0.0009856823598966002,0.9997475147247314,0.5413696765899658,0.7933157086372375,-0.23318636417388916,0.9809641242027283,0.40239205956459045,0.7999222874641418,-0.24001428484916687,0.9716259241104126,0.451855331659317,0.8362482786178589,-0.1520596444606781,0.7154406309127808,0.5014910697937012,0.8478991389274597,-0.2013552188873291,0.8225274085998535,0.44535836577415466,0.8251205682754517,-0.13856005668640137,0.642808735370636,0.5067744255065918,0.8393343687057495,-0.19260182976722717,0.6833476424217224,0.41412967443466187,0.8338974118232727,-0.18110652267932892,0.732181966304779,0.5346171855926514,0.8442986607551575,-0.2502153515815735,0.802297830581665
19,stand,0.46593236923217773,0.5436683893203735,-0.11635784059762955,0.9999868869781494,0.4705166220664978,0.5314644575119019,-0.1029978021979332,0.9999924898147583,0.47339922189712524,0.5310202836990356,-0.1030140146613121,0.999991774559021,0.4758388102054596,0.5312003493309021,-0.10303747653961182,0.9999927282333374,0.46110668778419495,0.5329279899597168,-0.10362736135721207,0.9999929666519165,0.45783549547195435,0.5338632464408875,-0.10367916524410248,0.9999923706054688,0.4553299844264984,0.5350056886672974,-0.10366872698068619,0.999993085861206,0.4796811640262604,0.5381999611854553,-0.029253298416733742,0.9999867677688599,0.45309120416641235,0.5433042049407959,-0.03360780328512192,0.9999882578849792,0.47309213876724243,0.5576709508895874,-0.08986389636993408,0.9999968409538269,0.460376501083374,0.5594260096549988,-0.09094695746898651,0.9999970197677612,0.5093289613723755,0.6152833104133606,-0.02675686776638031,0.9999382495880127,0.4324401021003723,0.624929666519165,-0.01604231633245945,0.9999517798423767,0.5286769866943359,0.6943967342376709,-0.09552935510873795,0.986114501953125,0.41681623458862305,0.7091922760009766,-0.08529971539974213,0.9857093095779419,0.5358265042304993,0.7461905479431152,-0.25508081912994385,0.985090434551239,0.41182202100753784,0.755652129650116,-0.2565082013607025,0.9828590154647827,0.5387331247329712,0.7742161154747009,-0.2893105745315552,0.9754337668418884,0.4055562913417816,0.7804714441299438,-0.2899400293827057,0.9746294617652893,0.5305399894714355,0.7684339880943298,-0.2990908622741699,0.9777038097381592,0.41477736830711365,0.7721849083900452,-0.29946690797805786,0.9769298434257507,0.526715874671936,0.7604878544807434,-0.2617555260658264,0.9725340604782104,0.4191669821739197,0.7651275396347046,-0.2632799744606018,0.973129391670227,0.4979930818080902,0.7914257645606995,-0.0009393820655532181,0.9996452331542969,0.4518631100654602,0.7984690070152283,0.000987508217804134,0.9997506141662598,0.5413472652435303,0.7927244305610657,-0.23297934234142303,0.9813522100448608,0.40243738889694214,0.7998487949371338,-0.24026235938072205,0.9716265201568604,0.45303410291671753,0.8362346291542053,-0.15167692303657532,0.7114752531051636,0.5015127062797546,0.8478673100471497,-0.20131845772266388,0.8201553821563721,0.44555193185806274,0.824859082698822,-0.13813307881355286,0.6384109258651733,0.5068085789680481,0.8393384218215942,-0.19253361225128174,0.6791641116142273,0.4144628643989563,0.8335796594619751,-0.18034639954566956,0.7279821038246155,0.5346488356590271,0.8443763852119446,-0.2501034438610077,0.7995340824127197
20,stand,0.46599164605140686,0.543500542640686,-0.11459355056285858,0.9999868273735046,0.4705736041069031,0.5313817858695984,-0.10114173591136932,0.9999927282333374,0.4734455645084381,0.530940055847168,-0.10115770250558853,0.9999919533729553,0.47584444284439087,0.531124472618103,-0.1011805385351181,0.9999929666519165,0.4611753523349762,0.5328290462493896,-0.10177669674158096,0.9999932050704956,0.45790886878967285,0.5337299704551697,-0.10182766616344452,0.9999925494194031,0.4553603529930115,0.534866988658905,-0.10181641578674316,0.9999933242797852,0.4796999990940094,0.5381652116775513,-0.028064604848623276,0.9999871253967285,0.45312580466270447,0.5431682467460632,-0.03250832110643387,0.9999887347221375,0.4731244146823883,0.557518482208252,-0.08847241848707199,0.9999969601631165,0.4604257643222809,0.5592156052589417,-0.08957527577877045,0.9999971985816956,0.5093327760696411,0.6156044006347656,-0.0271969735622406,0.9999381899833679,0.4324401021003723,0.6251416206359863,-0.016302211210131645,0.9999514222145081,0.5287011861801147,0.6942369341850281,-0.09671905636787415,0.9862993955612183,0.4168264865875244,0.7093262672424316,-0.08592107146978378,0.985725998878479,0.5358313918113708,0.7461718916893005,-0.2553759217262268,0.9854685068130493,0.4118090569972992,0.7554799318313599,-0.25610053539276123,0.9831294417381287,0.538741946220398,0.7741245627403259,-0.28945523500442505,0.976225733757019,0.40554293990135193,0.7804047465324402,-0.28937631845474243,0.9753353595733643,0.5305507779121399,0.7683658003807068,-0.2992226779460907,0.9784009456634521,0.4147639274597168,0.7721409201622009,-0.29908519983291626,0.9775846600532532,0.5267259478569031,0.760475754737854,-0.26202505826950073,0.9733786582946777,0.41915979981422424,0.7651898860931396,-0.26291733980178833,0.9739017486572266,0.497997909784317,0.7911970615386963,-0.0009476558188907802,0.9996502995491028,0.45186924934387207,0.7982147336006165,0.000994660658761859,0.9997544288635254,0.5412664413452148,0.7927259802818298,-0.23269608616828918,0.9816873669624329,0.40249913930892944,0.7998215556144714,-0.23981277644634247,0.9716672897338867,0.45380154252052307,0.8362209796905518,-0.1513577550649643,0.7073112726211548,0.5015670657157898,0.8478339910507202,-0.20175974071025848,0.8183117508888245,0.4458252489566803,0.8245280981063843,-0.13782964646816254,0.6337564587593079,0.5069353580474854,0.8393474817276001,-0.19309517741203308,0.675709068775177,0.4146791100502014,0.8332722783088684,-0.1790253221988678,0.7237236499786377,0.5346287488937378,0.8444318175315857,-0.25025802850723267,0.7973870635032654
21,stand,0.4660344123840332,0.543403685092926,-0.11512666940689087,0.9999868273735046,0.4706283211708069,0.5313078761100769,-0.10157071053981781,0.9999929666519165,0.47349005937576294,0.5308619737625122,-0.1015871912240982,0.9999921917915344,0.47584977746009827,0.5310513973236084,-0.10161025822162628,0.9999932050704956,0.4612366557121277,0.532764196395874,-0.10223140567541122,0.9999934434890747,0.45797309279441833,0.5336514711380005,-0.10228307545185089,0.9999927878379822,0.45538610219955444,0.5347982048988342,-0.10227121412754059,0.9999935626983643,0.4797295033931732,0.5381646156311035,-0.028071429580450058,0.9999875426292419,0.45314496755599976,0.5431303977966309,-0.03267262503504753,0.9999892115592957,0.47314175963401794,0.5574415326118469,-0.08884644508361816,0.999997079372406,0.46045318245887756,0.5591121315956116,-0.08999579399824142,0.9999973773956299,0.509334146976471,0.6157769560813904,-0.027282604947686195,0.999938428401947,0.43243464827537537,0.6251562237739563,-0.016259966418147087,0.9999511241912842,0.5287142992019653,0.6942157745361328,-0.09684556722640991,0.9864585995674133,0.41689401865005493,0.7091091871261597,-0.08597278594970703,0.9857152700424194,0.5358361005783081,0.7463639378547668,-0.2549649477005005,0.9857427477836609,0.411813884973526,0.7556732296943665,-0.2558313012123108,0.9832603335380554,0.538749098777771,0.7744137048721313,-0.28888964653015137,0.9768236875534058,0.4055355191230774,0.7806742191314697,-0.2890757918357849,0.9758214950561523,0.5305595993995667,0.7688446044921875,-0.29885023832321167,0.9789314866065979,0.4147529602050781,0.7723922729492188,-0.29859739542007446,0.9780506491661072,0.5267308354377747,0.7607442140579224,-0.2616528868675232,0.974025547504425,0.4191517233848572,0.7655328512191772,-0.2626005709171295,0.9744669198989868,0.4980044364929199,0.7908750176429749,-0.0009565778309479356,0.9996557831764221,0.45187363028526306,0.7977821230888367,0.001003385754302144,0.9997577667236328,0.5412634015083313,0.7931829690933228,-0.23282769322395325,0.9819987416267395,0.4025335907936096,0.7997362613677979,-0.24002835154533386,0.9716835618019104,0.45228415727615356,0.8359413146972656,-0.15168346464633942,0.7041690349578857,0.5015472173690796,0.8478066921234131,-0.20275986194610596,0.8163985013961792,0.44601312279701233,0.8245429992675781,-0.13805019855499268,0.6297734379768372,0.5069469213485718,0.8393566608428955,-0.19415515661239624,0.672491729259491,0.4145447611808777,0.8333545327186584,-0.17910027503967285,0.7204363942146301,0.5345844030380249,0.8444583415985107,-0.25159400701522827,0.7952695488929749
22,stand,0.466064989566803,0.5434961318969727,-0.12171465158462524,0.9999865293502808,0.47067245841026306,0.5313382744789124,-0.10809232294559479,0.9999930262565613,0.4735233783721924,0.5308929681777954,-0.10811270773410797,0.9999922513961792,0.47585320472717285,0.5310945510864258,-0.108137346804142,0.9999932646751404,0.46129265427589417,0.5327898859977722,-0.10904326289892197,0.9999935626983643,0.45803093910217285,0.5336565971374512,-0.10909739881753922,0.999992847442627,0.455411434173584,0.5347868800163269,-0.10908608138561249,0.9999936819076538,0.47973474860191345,0.5381771326065063,-0.03392800688743591,0.9999877214431763,0.45317092537879944,0.5430396795272827,-0.039841435849666595,0.9999894499778748,0.4731493890285492,0.5574803352355957,-0.0951765775680542,0.9999971389770508,0.4604727327823639,0.5590648055076599,-0.09669706225395203,0.9999974966049194,0.5092645287513733,0.615864634513855,-0.031922176480293274,0.9999377131462097,0.432390034198761,0.6255976557731628,-0.02199660614132881,0.9999496340751648,0.5287237167358398,0.6943695545196533,-0.10022564232349396,0.9865745306015015,0.4169425070285797,0.7098793387413025,-0.09069888293743134,0.9857792854309082,0.5358678102493286,0.7463752627372742,-0.25800251960754395,0.9859938025474548,0.4118061065673828,0.7558647394180298,-0.25822070240974426,0.9834795594215393,0.5388015508651733,0.7743905186653137,-0.2918567657470703,0.977378249168396,0.4054989218711853,0.7809102535247803,-0.2912612557411194,0.9763809442520142,0.53059983253479,0.7687270045280457,-0.3024342656135559,0.9794265031814575,0.414618581533432,0.7725207805633545,-0.30118054151535034,0.9785788059234619,0.5267752408981323,0.7607296705245972,-0.26492613554000854,0.9746401906013489,0.4190400540828705,0.7656322717666626,-0.2650894522666931,0.9750896096229553,0.49800896644592285,0.7912246584892273,-0.000937035889364779,0.9996564388275146,0.45187273621559143,0.7981370687484741,0.0009828584734350443,0.9997570514678955,0.5378640294075012,0.7908577919006348,-0.23270177841186523,0.9822136163711548,0.4025401175022125,0.7996394038200378,-0.240718275308609,0.9714913964271545,0.4520540237426758,0.8357961773872375,-0.1516406238079071,0.7024433612823486,0.5015347599983215,0.8477857112884521,-0.2017320692539215,0.8138083815574646,0.4461512565612793,0.8245601058006287,-0.13800360262393951,0.6275740265846252,0.5069150924682617,0.839364767074585,-0.19309110939502716,0.6686953902244568,0.41453081369400024,0.833417534828186,-0.1793222427368164,0.7183315753936768,0.5345239043235779,0.8434534668922424,-0.25087621808052063,0.79249507188797
23,stand,0.4660797119140625,0.5434136986732483,-0.1266569346189499,0.9999862909317017,0.47073251008987427,0.5312867760658264,-0.11313297599554062,0.999993085861206,0.4735715985298157,0.5308679938316345,-0.11315413564443588,0.999992311000824,0.4758607745170593,0.531095564365387,-0.11318150907754898,0.9999933838844299,0.46134153008461,0.5326945781707764,-0.11416096985340118,0.999993622303009,0.45808544754981995,0.5335328578948975,-0.11421303451061249,0.999992847442627,0.4554353654384613,0.5346288681030273,-0.11419884860515594,0.9999937415122986,0.4797700345516205,0.5382384657859802,-0.03839776664972305,0.9999879002571106,0.4532056748867035,0.5427924990653992,-0.04465799033641815,0.9999896287918091,0.4731566905975342,0.5574145317077637,-0.09982709586620331,0.9999971985816956,0.4604793190956116,0.5589016675949097,-0.10143604129552841,0.999997615814209,0.5092018842697144,0.6159703135490417,-0.03547009080648422,0.9999377131462097,0.4323659837245941,0.625235915184021,-0.02635318972170353,0.9999483823776245,0.528734564781189,0.6944997310638428,-0.10566852241754532,0.9867295622825623,0.41698604822158813,0.7095032334327698,-0.09628848731517792,0.9857956171035767,0.5360143780708313,0.7461451292037964,-0.2664474844932556,0.9862644076347351,0.41179338097572327,0.755814790725708,-0.2642892301082611,0.9836257696151733,0.5389472246170044,0.7741880416870117,-0.3010355234146118,0.9779452085494995,0.4053958058357239,0.7808957695960999,-0.297766774892807,0.976847231388092,0.530805230140686,0.7684881687164307,-0.31189173460006714,0.9799401164054871,0.4143589437007904,0.7726767063140869,-0.3079451322555542,0.9790216088294983,0.5270324349403381,0.7605282068252563,-0.2736160457134247,0.9752589464187622,0.418832391500473,0.7658107280731201,-0.2713411748409271,0.9756064414978027,0.49797120690345764,0.791294515132904,-0.0008228425867855549,0.9996581673622131,0.4517896771430969,0.7979700565338135,0.0008670476963743567,0.9997548460960388,0.5368019342422485,0.7891574501991272,-0.23354479670524597,0.9823243021965027,0.4024459421634674,0.7995182275772095,-0.2412830889225006,0.9710113406181335,0.4518809914588928,0.8358648419380188,-0.15443304181098938,0.7004426717758179,0.5013941526412964,0.8477741479873657,-0.19938629865646362,0.8096575736999512,0.44624224305152893,0.8251972794532776,-0.14096708595752716,0.6251423954963684,0.5063973665237427,0.8393679857254028,-0.1900015026330948,0.6634091138839722,0.4145759046077728,0.834226131439209,-0.18358002603054047,0.7162190079689026,0.534467339515686,0.8429981470108032,-0.24755613505840302,0.7884068489074707
24,stand,0.4660850465297699,0.5433599352836609,-0.13313522934913635,0.9999858140945435,0.4708055853843689,0.5312821865081787,-0.11983195692300797,0.999993085861206,0.47363895177841187,0.5309044122695923,-0.11985145509243011,0.9999922513961792,0.47588402032852173,0.5311667323112488,-0.1198805719614029,0.9999933838844299,0.46137237548828125,0.5326302647590637,-0.1207854300737381,0.999993622303009,0.4581223130226135,0.5334396958351135,-0.12083889544010162,0.9999927878379822,0.45545291900634766,0.5344963669776917,-0.12082664668560028,0.9999937415122986,0.47991952300071716,0.5384443998336792,-0.04460654780268669,0.9999879598617554,0.4532644748687744,0.5425881147384644,-0.050580404698848724,0.9999896883964539,0.4731597900390625,0.557464063167572,-0.1059933453798294,0.9999972581863403,0.46047067642211914,0.5588136315345764,-0.10752169042825699,0.9999977350234985,0.5091578960418701,0.6160597205162048,-0.03984398767352104,0.9999366998672485,0.4323621392250061,0.6249751448631287,-0.030695432797074318,0.9999465346336365,0.5288182497024536,0.694666862487793,-0.10949456691741943,0.9867679476737976,0.4170348644256592,0.7092065811157227,-0.09996213018894196,0.9857486486434937,0.5363723635673523,0.7459524273872375,-0.2705126404762268,0.9863864779472351,0.411724716424942,0.7558637857437134,-0.26794224977493286,0.9836750626564026,0.5392698049545288,0.7740691304206848,-0.305083692073822,0.9782915115356445,0.4052106440067291,0.780886173248291,-0.3014448881149292,0.9771744012832642,0.5313003063201904,0.7684438228607178,-0.3163450360298157,0.9802579879760742,0.4138878881931305,0.772814929485321,-0.3119647800922394,0.9793412089347839,0.5277488827705383,0.7603819370269775,-0.27783793210983276,0.975662112236023,0.41840535402297974,0.7659631371498108,-0.275149405002594,0.9760000109672546,0.4979549050331116,0.7912605404853821,-0.0007178114028647542,0.9996543526649475,0.4517105221748352,0.7977731227874756,0.000760063820052892,0.9997490048408508,0.5363627076148987,0.7840569615364075,-0.23350366950035095,0.9823347330093384,0.4023870825767517,0.7994353175163269,-0.24136069416999817,0.9705368876457214,0.45187482237815857,0.8360871076583862,-0.15435054898262024,0.697902262210846,0.5012255907058716,0.8477609157562256,-0.19621901214122772,0.8052022457122803,0.44629913568496704,0.8254671692848206,-0.14089487493038177,0.6222596764564514,0.5060648322105408,0.839403510093689,-0.18644878268241882,0.657911479473114,0.4145996570587158,0.8350277543067932,-0.18399237096309662,0.7134329676628113,0.5341088771820068,0.8433536291122437,-0.24420586228370667,0.7836983799934387
25,stand,0.46613115072250366,0.5434057712554932,-0.13216105103492737,0.9999855160713196,0.47095465660095215,0.5313310623168945,-0.1188582181930542,0.999993085861206,0.47374969720840454,0.5309903025627136,-0.11887721717357635,0.9999922513961792,0.47593826055526733,0.5312795639038086,-0.11890429258346558,0.9999933838844299,0.46151217818260193,0.5326632857322693,-0.11973108351230621,0.999993622303009,0.4582953453063965,0.5334433317184448,-0.11978590488433838,0.9999927878379822,0.4555646777153015,0.5344815850257874,-0.11977599561214447,0.9999937415122986,0.4801211953163147,0.5386070013046265,-0.04350725933909416,0.9999880194664001,0.4534357190132141,0.5424982905387878,-0.049161240458488464,0.9999898076057434,0.4731770157814026,0.5576159954071045,-0.10495467483997345,0.9999973177909851,0.46048182249069214,0.5588405728340149,-0.10640811920166016,0.9999978542327881,0.509158730506897,0.6163643002510071,-0.03847041726112366,0.9999354481697083,0.4323580861091614,0.6246823668479919,-0.029043957591056824,0.9999451041221619,0.5296592116355896,0.6966579556465149,-0.1066170483827591,0.9866676926612854,0.4170362949371338,0.7091007828712463,-0.09601421654224396,0.985743522644043,0.537912130355835,0.7458577752113342,-0.2663338780403137,0.9864320158958435,0.41160598397254944,0.7569035291671753,-0.2594497501850128,0.9837561249732971,0.5405260324478149,0.7739812135696411,-0.30006200075149536,0.9785277247428894,0.40487903356552124,0.7814257144927979,-0.2919098436832428,0.9774852395057678,0.5331565141677856,0.7678930759429932,-0.31315499544143677,0.9804764986038208,0.4130188822746277,0.773669421672821,-0.30352646112442017,0.9796515703201294,0.530309796333313,0.7602026462554932,-0.27422720193862915,0.9759596586227417,0.4176366925239563,0.7669394612312317,-0.2669353485107422,0.9764118194580078,0.4979475438594818,0.7921154499053955,-0.0007138944929465652,0.9996494650840759,0.45161643624305725,0.7986380457878113,0.0007563594845123589,0.9997448325157166,0.5363450050354004,0.7794568538665771,-0.2331114560365677,0.9823925495147705,0.40240082144737244,0.7994155883789062,-0.24131782352924347,0.9704272747039795,0.45191845297813416,0.8360821008682251,-0.15348728001117706,0.6955369114875793,0.5011395812034607,0.8476732969284058,-0.1937521994113922,0.8030881285667419,0.4463496804237366,0.8256597518920898,-0.13993915915489197,0.6200996041297913,0.5057915449142456,0.8393139243125916,-0.1839362531900406,0.6556215286254883,0.4146239161491394,0.8352628946304321,-0.18251043558120728,0.7109844088554382,0.5339009761810303,0.8428900241851807,-0.24094077944755554,0.7812735438346863
26,stand,0.46629390120506287,0.5435041785240173,-0.13124510645866394,0.9999846816062927,0.4712751507759094,0.5314493179321289,-0.1179247722029686,0.999992847442627,0.4739726483821869,0.5311962366104126,-0.11794555187225342,0.9999919533729553,0.4761021137237549,0.5315234065055847,-0.11797346919775009,0.9999931454658508,0.46181726455688477,0.5327246189117432,-0.11880435794591904,0.9999933838844299,0.4586148262023926,0.5334729552268982,-0.11885944753885269,0.9999924898147583,0.45578962564468384,0.534477710723877,-0.11885223537683487,0.9999935626983643,0.48046040534973145,0.5388427972793579,-0.04245610907673836,0.9999876022338867,0.4536549150943756,0.5424152612686157,-0.04806643724441528,0.9999895691871643,0.47328075766563416,0.5577455163002014,-0.10395438969135284,0.9999972581863403,0.460561603307724,0.5588588118553162,-0.10541756451129913,0.9999978542327881,0.5091937780380249,0.6167001724243164,-0.038282327353954315,0.9999315142631531,0.4323554039001465,0.6245638728141785,-0.02820458635687828,0.999942421913147,0.5303011536598206,0.6977820992469788,-0.09878181666135788,0.9859345555305481,0.41704726219177246,0.7088956832885742,-0.08910050988197327,0.9853447675704956,0.5403435230255127,0.7484982013702393,-0.25254517793655396,0.985571563243866,0.41130590438842773,0.7579789161682129,-0.2484639436006546,0.9832450747489929,0.5436563491821289,0.7745839357376099,-0.2849213480949402,0.9775224924087524,0.40446168184280396,0.7819661498069763,-0.28011977672576904,0.9770733118057251,0.5372111797332764,0.7682905197143555,-0.2982751429080963,0.9795869588851929,0.4120369851589203,0.7743677496910095,-0.2924520671367645,0.9793359637260437,0.5348005890846252,0.7607483863830566,-0.26064103841781616,0.9750837087631226,0.4165601134300232,0.7677722573280334,-0.256287157535553,0.9761817455291748,0.49791383743286133,0.7922057509422302,-0.0007208093302324414,0.9996345043182373,0.4515734314918518,0.798713743686676,0.0007648157188668847,0.9997351765632629,0.5364851951599121,0.7766008973121643,-0.23107457160949707,0.9822132587432861,0.4024583697319031,0.7988852858543396,-0.24113456904888153,0.9702610969543457,0.4519483149051666,0.8360025882720947,-0.14939925074577332,0.6927146315574646,0.501133382320404,0.8474434018135071,-0.1937999129295349,0.802040159702301,0.44654959440231323,0.8256211876869202,-0.1357661783695221,0.6174256801605225,0.5056816339492798,0.8391366600990295,-0.18415507674217224,0.654725968837738,0.4147951006889343,0.835261881351471,-0.17905311286449432,0.708496630191803,0.5338801145553589,0.8423254489898682,-0.24159888923168182,0.7800434231758118
27,stand,0.46642622351646423,0.543992817401886,-0.13211025297641754,0.9999830722808838,0.4715418219566345,0.5318527221679688,-0.11928103864192963,0.999992311000824,0.4741879105567932,0.5317016839981079,-0.11930344253778458,0.9999911785125732,0.47630247473716736,0.5320739150047302,-0.11933666467666626,0.9999925494194031,0.46209684014320374,0.5330092310905457,-0.11971167474985123,0.9999929070472717,0.45892390608787537,0.5336942672729492,-0.11976835876703262,0.9999919533729553,0.45604848861694336,0.5346307754516602,-0.11977187544107437,0.9999932050704956,0.4808458387851715,0.5392633676528931,-0.04458512365818024,0.9999865293502808,0.4539266526699066,0.5424178838729858,-0.048145148903131485,0.9999890327453613,0.4733899235725403,0.5581849217414856,-0.10485353320837021,0.9999971389770508,0.46063724160194397,0.5591551661491394,-0.10578791052103043,0.9999978542327881,0.509507417678833,0.617974579334259,-0.037757646292448044,0.9999200105667114,0.432359516620636,0.6242778301239014,-0.027921799570322037,0.9999405145645142,0.5323834419250488,0.7070551514625549,-0.09353877604007721,0.9837989211082458,0.4169437885284424,0.7087684869766235,-0.08799167722463608,0.984552800655365,0.5404568314552307,0.7616522312164307,-0.23577626049518585,0.981440544128418,0.41090846061706543,0.758517861366272,-0.24637441337108612,0.982170581817627,0.5433076620101929,0.7853258848190308,-0.2657625079154968,0.9724398851394653,0.4041704535484314,0.7822115421295166,-0.277524471282959,0.9760494232177734,0.5365574359893799,0.7776720523834229,-0.2792642116546631,0.9749834537506104,0.4114706516265869,0.774688184261322,-0.28978604078292847,0.9784857630729675,0.5344367623329163,0.7694021463394165,-0.24369101226329803,0.9704113006591797,0.4158790707588196,0.7681704163551331,-0.2541709542274475,0.9753884077072144,0.4981042444705963,0.7928030490875244,-0.0007048666593618691,0.9996213316917419,0.4515422284603119,0.7993832230567932,0.0007508005364798009,0.9997290372848511,0.5383254289627075,0.7833181023597717,-0.2324264496564865,0.9819120168685913,0.40246886014938354,0.7987589240074158,-0.2405177354812622,0.9702006578445435,0.4522002637386322,0.836092472076416,-0.14910168945789337,0.6873694062232971,0.5011155009269714,0.8474316000938416,-0.19401852786540985,0.8030617833137512,0.4476315975189209,0.8284451961517334,-0.13523860275745392,0.6139144897460938,0.5062994956970215,0.8392667770385742,-0.18436019122600555,0.6568210124969482,0.41568493843078613,0.8375404477119446,-0.17872576415538788,0.7052097916603088,0.5342442989349365,0.8423821330070496,-0.24257683753967285,0.7814932465553284
28,stand,0.4669221341609955,0.543895423412323,-0.12735235691070557,0.9999819993972778,0.4721531271934509,0.5318074822425842,-0.11389132589101791,0.9999918937683105,0.4746077060699463,0.5317063331604004,-0.11392372846603394,0.9999906420707703,0.47680896520614624,0.5320703983306885,-0.11396244913339615,0.9999921917915344,0.46271246671676636,0.5329394936561584,-0.11468285322189331,0.999992311000824,0.45952707529067993,0.5336225032806396,-0.11473139375448227,0.9999911785125732,0.45660847425460815,0.5345539450645447,-0.1147301197052002,0.9999926090240479,0.48161593079566956,0.5393363237380981,-0.03770384564995766,0.9999860525131226,0.4543313980102539,0.5423479080200195,-0.04321466013789177,0.9999879598617554,0.47374671697616577,0.5580934882164001,-0.09976619482040405,0.9999970197677612,0.46109539270401,0.5590939521789551,-0.10122537612915039,0.9999977946281433,0.5095824003219604,0.6177558302879333,-0.0319584421813488,0.9999186396598816,0.43283969163894653,0.6233035922050476,-0.023217402398586273,0.9999331831932068,0.5322388410568237,0.7055553197860718,-0.0870959535241127,0.9835426211357117,0.41699156165122986,0.7066552639007568,-0.08634956926107407,0.9835301041603088,0.5433409810066223,0.7625923156738281,-0.22976848483085632,0.9812375903129578,0.410877525806427,0.7583369612693787,-0.24649938941001892,0.9809382557868958,0.5504962205886841,0.785127580165863,-0.26048552989959717,0.9721382856369019,0.4041612148284912,0.7818445563316345,-0.2780870795249939,0.9748507738113403,0.5443545579910278,0.7802989482879639,-0.27434584498405457,0.9747580885887146,0.4114820063114166,0.7746270298957825,-0.290416419506073,0.9774729609489441,0.5405851602554321,0.7726919651031494,-0.23799565434455872,0.9703702330589294,0.4158762991428375,0.7681230902671814,-0.2545590400695801,0.9744694232940674,0.4982546269893646,0.792310357093811,-0.0007043558871373534,0.9996199011802673,0.4516316056251526,0.7991246581077576,0.0007505003013648093,0.9997196197509766,0.5383265614509583,0.7816953659057617,-0.2358749657869339,0.9817836880683899,0.402472585439682,0.7986634373664856,-0.24454092979431152,0.9702436327934265,0.45365849137306213,0.8368396162986755,-0.1496390998363495,0.6877084970474243,0.5008912682533264,0.8474145531654358,-0.1941952258348465,0.8033038973808289,0.447803795337677,0.8292900323867798,-0.13566963374614716,0.614833414554596,0.5065109133720398,0.8395938277244568,-0.18449556827545166,0.6570781469345093,0.41761213541030884,0.8384076356887817,-0.18053101003170013,0.7062898278236389,0.5348891019821167,0.8420003056526184,-0.24269358813762665,0.7823248505592346
29,stand,0.46784019470214844,0.5437262058258057,-0.11941876262426376,0.9999814629554749,0.4730294346809387,0.5317379236221313,-0.10565570741891861,0.9999915361404419,0.4752930998802185,0.5316339135169983,-0.10568660497665405,0.9999902248382568,0.47771674394607544,0.5319871306419373,-0.10573051869869232,0.9999919533729553,0.463710218667984,0.5329092144966125,-0.1065884605050087,0.9999919533729553,0.4604560434818268,0.5336077213287354,-0.1066291332244873,0.999990701675415,0.4575379490852356,0.5344995260238647,-0.10662674903869629,0.9999922513961792,0.48243337869644165,0.5393168330192566,-0.03229919448494911,0.9999856948852539,0.45479336380958557,0.5423065423965454,-0.03822560980916023,0.9999872446060181,0.4743817448616028,0.558077335357666,-0.09321539103984833,0.9999969005584717,0.4619188904762268,0.5589264035224915,-0.09478215873241425,0.9999976754188538,0.5099383592605591,0.6180453300476074,-0.02866218611598015,0.9999151825904846,0.4334210753440857,0.6228057146072388,-0.02169860526919365,0.9999254941940308,0.5334490537643433,0.7053505182266235,-0.07444443553686142,0.9832968711853027,0.41704440116882324,0.7057642340660095,-0.08445776998996735,0.982383131980896,0.5515984892845154,0.7692230343818665,-0.20392069220542908,0.9804956316947937,0.4107706546783447,0.7577735781669617,-0.2370421141386032,0.9792245030403137,0.5628694891929626,0.7889186143875122,-0.23114342987537384,0.9709634780883789,0.4041465222835541,0.780978798866272,-0.26621729135513306,0.9729991555213928,0.5606675744056702,0.7892715334892273,-0.24707722663879395,0.9738324284553528,0.41145116090774536,0.7745580673217773,-0.2786399722099304,0.9758902788162231,0.5552806258201599,0.7839100360870361,-0.21297018229961395,0.9698207378387451,0.4158110022544861,0.7680245041847229,-0.2451990395784378,0.9730191826820374,0.4990292191505432,0.7915329933166504,-0.0007028109394013882,0.9996165633201599,0.4523470997810364,0.7981471419334412,0.000748487887904048,0.9997085332870483,0.539512038230896,0.7818008661270142,-0.2369120866060257,0.9817777872085571,0.40244269371032715,0.7982457280158997,-0.23275673389434814,0.9703263640403748,0.4536987245082855,0.8374619483947754,-0.15092860162258148,0.6882576942443848,0.5007165670394897,0.847375750541687,-0.18586215376853943,0.8030593991279602,0.44778552651405334,0.8297372460365295,-0.13682767748832703,0.6139031648635864,0.5065077543258667,0.8396793007850647,-0.17632928490638733,0.6549912691116333,0.417493999004364,0.8399909138679504,-0.18093347549438477,0.7070843577384949,0.535781741142273,0.8443468809127808,-0.23181290924549103,0.782686173915863
30,stand,0.4697037637233734,0.5435190796852112,-0.11226983368396759,0.999981164932251,0.47436895966529846,0.5316815972328186,-0.09791059792041779,0.999991238117218,0.4766533374786377,0.5315985083580017,-0.09794392436742783,0.9999898076057434,0.47930487990379333,0.5319446325302124,-0.09798659384250641,0.9999917149543762,0.46556156873703003,0.5328561067581177,-0.09926707297563553,0.9999917149543762,0.4621398448944092,0.5334934592247009,-0.09930577129125595,0.9999903440475464,0.4591699242591858,0.5343143343925476,-0.09930329024791718,0.9999920129776001,0.4836544096469879,0.5394748449325562,-0.024292120710015297,0.9999852180480957,0.4557243883609772,0.5422742366790771,-0.032081685960292816,0.9999867081642151,0.47567519545555115,0.5580328702926636,-0.08612416684627533,0.9999967217445374,0.46377962827682495,0.5587037205696106,-0.08821036666631699,0.9999975562095642,0.5103276968002319,0.6185314059257507,-0.021189576014876366,0.9999098777770996,0.4343423843383789,0.6226368546485901,-0.017524611204862595,0.9999179244041443,0.5346556901931763,0.7051803469657898,-0.06232208013534546,0.9827470183372498,0.41716504096984863,0.7054423689842224,-0.07907278090715408,0.9817074537277222,0.5573586225509644,0.7713733911514282,-0.18796640634536743,0.9792385101318359,0.41069507598876953,0.7567411661148071,-0.22761955857276917,0.9780982136726379,0.5698872208595276,0.7911445498466492,-0.21360823512077332,0.9690943360328674,0.4041232168674469,0.7799519896507263,-0.25550466775894165,0.9717437624931335,0.5689705610275269,0.7930797338485718,-0.23050014674663544,0.9723201394081116,0.4113961160182953,0.7744638323783875,-0.2679230272769928,0.9748333096504211,0.5631380677223206,0.7875502705574036,-0.19751182198524475,0.9687926173210144,0.41572609543800354,0.7678282260894775,-0.23568840324878693,0.9720710515975952,0.4999949336051941,0.7914618849754333,-0.0007190745091065764,0.9996172785758972,0.4530537724494934,0.7980092167854309,0.0007641810225322843,0.9997017979621887,0.5392724275588989,0.7835015058517456,-0.24315473437309265,0.9819455742835999,0.4023457467556,0.7973037958145142,-0.22866401076316833,0.9706888794898987,0.4528522491455078,0.8391339778900146,-0.15911832451820374,0.6913484334945679,0.5002396702766418,0.8474550843238831,-0.18295180797576904,0.8037104606628418,0.446373850107193,0.8318304419517517,-0.14506438374519348,0.6164617538452148,0.5059618949890137,0.8403612971305847,-0.17355120182037354,0.6541158556938171,0.41580742597579956,0.8454157710075378,-0.18888406455516815,0.7114242315292358,0.5352152585983276,0.8474617600440979,-0.22843246161937714,0.7844991683959961
31,stand,0.47168317437171936,0.5433435440063477,-0.11740496009588242,0.9999813437461853,0.4759533405303955,0.5316411256790161,-0.1024264246225357,0.9999910593032837,0.47841280698776245,0.5315707921981812,-0.10246405750513077,0.9999895691871643,0.48095574975013733,0.5319265723228455,-0.10251645743846893,0.9999915957450867,0.46746307611465454,0.5328318476676941,-0.10396458208560944,0.9999915957450867,0.4639471471309662,0.5334336757659912,-0.10399402678012848,0.9999902248382568,0.46082958579063416,0.5342165231704712,-0.103992760181427,0.9999919533729553,0.4853021204471588,0.539788007736206,-0.029396379366517067,0.9999849796295166,0.45708784461021423,0.5422303080558777,-0.037722956389188766,0.999986469745636,0.4772813320159912,0.5580163598060608,-0.09163878858089447,0.9999966025352478,0.4658358693122864,0.5584717392921448,-0.09390032291412354,0.9999974966049194,0.5114511251449585,0.6199124455451965,-0.021531980484724045,0.9999038577079773,0.43612003326416016,0.6225544810295105,-0.023538431152701378,0.9999130964279175,0.5366875529289246,0.7085870504379272,-0.06217490881681442,0.9827659130096436,0.417174756526947,0.7045058608055115,-0.08047571033239365,0.9816260933876038,0.5623103976249695,0.7791832089424133,-0.17868632078170776,0.9784392714500427,0.41067177057266235,0.7550398707389832,-0.2316063642501831,0.9775334000587463,0.5768020749092102,0.7996242046356201,-0.2024509161710739,0.967509925365448,0.40413394570350647,0.7786034345626831,-0.25905129313468933,0.9709294438362122,0.5760294198989868,0.8029024600982666,-0.22076301276683807,0.9710511565208435,0.41146692633628845,0.7740601301193237,-0.27108845114707947,0.9741392135620117,0.5693539381027222,0.7977287173271179,-0.18857894837856293,0.9679852724075317,0.4157736897468567,0.767350435256958,-0.23941218852996826,0.9714754819869995,0.500493586063385,0.791558563709259,-0.0007066819816827774,0.9996148943901062,0.45322680473327637,0.7979428768157959,0.0007501502986997366,0.9996985197067261,0.538964033126831,0.7875954508781433,-0.2444104254245758,0.9819561243057251,0.40235814452171326,0.7966685891151428,-0.22706051170825958,0.9712410569190979,0.45226454734802246,0.8404557108879089,-0.15866747498512268,0.6915637850761414,0.500180184841156,0.8474865555763245,-0.180383563041687,0.8054673075675964,0.4455246329307556,0.8333547115325928,-0.1445179581642151,0.6166672110557556,0.5058728456497192,0.8410706520080566,-0.1709090769290924,0.6551610827445984,0.4152281880378723,0.8472015261650085,-0.1879214644432068,0.7138293385505676,0.5347259044647217,0.8479852676391602,-0.2257530689239502,0.7873511910438538
32,stand,0.47389650344848633,0.5433278679847717,-0.12188712507486343,0.9999810457229614,0.4780927300453186,0.5316125154495239,-0.1072709783911705,0.9999906420707703,0.4805050492286682,0.5315673351287842,-0.10731272399425507,0.9999890327453613,0.48274436593055725,0.5319502353668213,-0.10737445205450058,0.999991238117218,0.4698190689086914,0.5327736735343933,-0.1088869571685791,0.999991238117218,0.4662718176841736,0.5333194136619568,-0.10891343653202057,0.9999898076057434,0.4629562497138977,0.5340262055397034,-0.10891236364841461,0.9999916553497314,0.48719683289527893,0.5400251746177673,-0.0338866226375103,0.9999843835830688,0.45881009101867676,0.5421445965766907,-0.042379818856716156,0.9999858140945435,0.47898778319358826,0.5579496026039124,-0.09578390419483185,0.9999963641166687,0.4679572582244873,0.5583621859550476,-0.09812917560338974,0.9999974370002747,0.5125120878219604,0.6212101578712463,-0.021798836067318916,0.9998927116394043,0.43728357553482056,0.6222975254058838,-0.027245819568634033,0.9999046921730042,0.5379231572151184,0.7112082839012146,-0.05665019154548645,0.9824050068855286,0.4172159731388092,0.7041745781898499,-0.08405427634716034,0.981164813041687,0.5662935376167297,0.7829492092132568,-0.1651054322719574,0.9766034483909607,0.41058245301246643,0.7537809014320374,-0.234392449259758,0.9763647317886353,0.5820741653442383,0.801777720451355,-0.18704785406589508,0.9644163846969604,0.40412282943725586,0.7771524786949158,-0.2616804540157318,0.9694618582725525,0.5823824405670166,0.8054853081703186,-0.20622190833091736,0.9684838056564331,0.4114862084388733,0.773168683052063,-0.2735310196876526,0.9728710651397705,0.5752108097076416,0.8009199500083923,-0.17518380284309387,0.9660292267799377,0.4157978892326355,0.7664369940757751,-0.24214687943458557,0.9702962040901184,0.5005636215209961,0.7918450236320496,-0.0005388877470977604,0.9995999336242676,0.45319637656211853,0.7980546951293945,0.0005771272699348629,0.9996867179870605,0.5383650064468384,0.7900083661079407,-0.24446065723896027,0.9817651510238647,0.4023604989051819,0.7966172695159912,-0.2272193878889084,0.9716073870658875,0.4517654776573181,0.84040766954422,-0.15876193344593048,0.6899237632751465,0.500176191329956,0.8474974632263184,-0.17952394485473633,0.8066895604133606,0.4449350833892822,0.8334463238716125,-0.14457185566425323,0.6149339079856873,0.506106436252594,0.8414820432662964,-0.16983447968959808,0.6559616327285767,0.414781391620636,0.8473278284072876,-0.18759731948375702,0.7140564918518066,0.5347129106521606,0.8486424088478088,-0.22460058331489563,0.789406955242157
33,stand,0.47579532861709595,0.5432751774787903,-0.13027960062026978,0.9999808073043823,0.4801119863986969,0.531603991985321,-0.1166953444480896,0.9999902844429016,0.4824424386024475,0.5316104292869568,-0.11672814190387726,0.9999885559082031,0.4847044050693512,0.53200364112854,-0.11678968369960785,0.9999909996986389,0.4717880189418793,0.5327488780021667,-0.11779481172561646,0.9999909400939941,0.4683244824409485,0.5332300066947937,-0.11782173067331314,0.99998939037323,0.4649716317653656,0.5337934494018555,-0.11781446635723114,0.9999914169311523,0.48951178789138794,0.5402341485023499,-0.043428685516119,0.999984085559845,0.4607033133506775,0.5418301224708557,-0.04959932342171669,0.9999852180480957,0.4805104732513428,0.5578993558883667,-0.10384175926446915,0.9999961853027344,0.4700368344783783,0.5582674741744995,-0.10552779585123062,0.9999973773956299,0.5140739679336548,0.6218757033348083,-0.029941875487565994,0.9998825788497925,0.43866586685180664,0.6214517951011658,-0.03221426531672478,0.9998966455459595,0.5389251112937927,0.7135923504829407,-0.05572452396154404,0.982361912727356,0.4172244071960449,0.7035366296768188,-0.08575389534235,0.9807547926902771,0.5690538287162781,0.7858772277832031,-0.15786416828632355,0.975059449672699,0.4105810523033142,0.7526677250862122,-0.23194336891174316,0.9749106764793396,0.584935188293457,0.8037928938865662,-0.17848847806453705,0.9616102576255798,0.40419071912765503,0.7760770320892334,-0.25802546739578247,0.9675116539001465,0.5864111185073853,0.8070372939109802,-0.19840845465660095,0.9661875367164612,0.4115588665008545,0.772296667098999,-0.26970282196998596,0.9711389541625977,0.5790315866470337,0.8029549717903137,-0.16799090802669525,0.9642841815948486,0.4158152639865875,0.765364408493042,-0.23955340683460236,0.9685795307159424,0.5005226731300354,0.7917855978012085,-0.00037221895763650537,0.9995851516723633,0.45305952429771423,0.7978463768959045,0.0004047775291837752,0.9996768832206726,0.5375745892524719,0.7916048765182495,-0.24575738608837128,0.9812774062156677,0.4023711681365967,0.7966426610946655,-0.2282683104276657,0.9719340205192566,0.45088905096054077,0.8403353095054626,-0.16024571657180786,0.6863760352134705,0.5006445646286011,0.8474248051643372,-0.17909446358680725,0.8066213130950928,0.4436357915401459,0.8333021998405457,-0.14592602849006653,0.6109181642532349,0.5068712830543518,0.8414765000343323,-0.16906681656837463,0.6555596590042114,0.4121931493282318,0.8477662205696106,-0.18862685561180115,0.7121005058288574,0.5346967577934265,0.8486685752868652,-0.2232135832309723,0.789793848991394
34,stand,0.47760072350502014,0.5434308648109436,-0.1371081918478012,0.9999796748161316,0.48216524720191956,0.531810998916626,-0.12393440306186676,0.99998939037323,0.4845399260520935,0.5319384336471558,-0.12396911531686783,0.9999874234199524,0.4870615601539612,0.5323343276977539,-0.12402985244989395,0.9999902248382568,0.47386446595191956,0.5327281355857849,-0.12442362308502197,0.9999901652336121,0.4705755114555359,0.53318852186203,-0.1244516521692276,0.999988317489624,0.4673383831977844,0.533755362033844,-0.12444325536489487,0.999990701675415,0.49225983023643494,0.5406822562217712,-0.05021769553422928,0.9999829530715942,0.4632863402366638,0.5418054461479187,-0.05373235419392586,0.9999837279319763,0.48222407698631287,0.5581244826316833,-0.11039450019598007,0.9999958276748657,0.47214192152023315,0.5582563281059265,-0.11128691583871841,0.9999971985816956,0.5159222483634949,0.6236953735351562,-0.03582177311182022,0.999863862991333,0.4401214122772217,0.6207019090652466,-0.035350728780031204,0.9998887181282043,0.5399953126907349,0.716691255569458,-0.059446580708026886,0.9822500944137573,0.41724714636802673,0.7026351690292358,-0.09072191268205643,0.9801786541938782,0.5712594389915466,0.7904850244522095,-0.1632785052061081,0.9728376269340515,0.4106214642524719,0.750295102596283,-0.23362776637077332,0.973583459854126,0.5869704484939575,0.8067039251327515,-0.18437978625297546,0.9577028155326843,0.4044498801231384,0.773811936378479,-0.26034438610076904,0.965753436088562,0.5889967083930969,0.8099039793014526,-0.20396657288074493,0.9628977179527283,0.41203707456588745,0.7701237797737122,-0.2722678780555725,0.9695634245872498,0.5821046233177185,0.8072047829627991,-0.1733858734369278,0.9616422057151794,0.4161825180053711,0.7628532648086548,-0.2412642538547516,0.9669758677482605,0.5002764463424683,0.7920653223991394,-3.430100696277805e-05,0.9995652437210083,0.4520113468170166,0.7980482578277588,6.272047176025808e-05,0.9996669292449951,0.5375227928161621,0.7912423610687256,-0.24756404757499695,0.9806299209594727,0.40237611532211304,0.7952703833580017,-0.23619036376476288,0.9722030758857727,0.4502835273742676,0.8411040306091309,-0.1652059108018875,0.6836293339729309,0.5013118982315063,0.8476278781890869,-0.18460699915885925,0.8074811697006226,0.44249898195266724,0.8341060280799866,-0.151333287358284,0.6085314154624939,0.5073834657669067,0.8419806361198425,-0.17430824041366577,0.6570157408714294,0.4109272062778473,0.8483428955078125,-0.1965332180261612,0.7115141749382019,0.5346847772598267,0.8485663533210754,-0.2311052829027176,0.7912732362747192
35,stand,0.48049768805503845,0.5438541173934937,-0.13789674639701843,0.9999778270721436,0.4852399230003357,0.5322155952453613,-0.12527310848236084,0.9999879598617554,0.48766714334487915,0.532421350479126,-0.12530377507209778,0.9999855756759644,0.4903787672519684,0.5327923893928528,-0.12536385655403137,0.9999890327453613,0.4770699441432953,0.5328584313392639,-0.12584738433361053,0.9999890327453613,0.4737727642059326,0.5332334041595459,-0.12587592005729675,0.9999868869781494,0.47052201628685,0.5337493419647217,-0.1258695423603058,0.9999897480010986,0.4954533576965332,0.5410951375961304,-0.05309309437870979,0.9999810457229614,0.46632036566734314,0.5417964458465576,-0.05695537477731705,0.9999819397926331,0.4848760962486267,0.5586193203926086,-0.11154397577047348,0.9999952912330627,0.47519221901893616,0.558367908000946,-0.11255321651697159,0.9999969005584717,0.5178169012069702,0.6249318718910217,-0.03911526873707771,0.9998375773429871,0.44158339500427246,0.6181365251541138,-0.03900805488228798,0.9998829960823059,0.540704607963562,0.7179667949676514,-0.05884953588247299,0.9817725419998169,0.4172486662864685,0.6985641717910767,-0.09309859573841095,0.9798905849456787,0.5736632347106934,0.7934039831161499,-0.15487834811210632,0.9697942137718201,0.41075795888900757,0.7481710910797119,-0.2335348129272461,0.972413182258606,0.5888636112213135,0.8082724809646606,-0.17401345074176788,0.952657163143158,0.404815673828125,0.7718929052352905,-0.2591419816017151,0.9640312790870667,0.5912532806396484,0.8110202550888062,-0.19376981258392334,0.9586238265037537,0.41289108991622925,0.7680419683456421,-0.2703218460083008,0.9680125117301941,0.5846468806266785,0.8092427849769592,-0.1649233102798462,0.958198606967926,0.416930615901947,0.7606891393661499,-0.24089305102825165,0.9654044508934021,0.5001698732376099,0.792037308216095,0.00025726453168317676,0.9995299577713013,0.4512632489204407,0.7980332970619202,-0.0002323528315173462,0.9996519684791565,0.5374017357826233,0.7910613417625427,-0.2462598979473114,0.9796978235244751,0.4023926854133606,0.7894335985183716,-0.2359728068113327,0.9723235368728638,0.4490775465965271,0.8420352339744568,-0.16746021807193756,0.6784247756004333,0.5014733672142029,0.8479324579238892,-0.18573977053165436,0.8073280453681946,0.44100314378738403,0.8353476524353027,-0.15411348640918732,0.6039720773696899,0.5075339078903198,0.8429608941078186,-0.1755693554878235,0.6568617224693298,0.41122621297836304,0.8499975204467773,-0.19898514449596405,0.7089012861251831,0.5346267223358154,0.8484981060028076,-0.2315398007631302,0.791581392288208
36,stand,0.4838046431541443,0.5439031720161438,-0.10655149072408676,0.9999779462814331,0.4884621500968933,0.5325642228126526,-0.09304068237543106,0.9999879002571106,0.4909924566745758,0.5328388214111328,-0.09306567907333374,0.99998539686203,0.4938117563724518,0.5332643985748291,-0.0931214839220047,0.9999890327453613,0.48040276765823364,0.5329287052154541,-0.09398029744625092,0.9999890923500061,0.4771363139152527,0.5332381725311279,-0.0939982682466507,0.9999868273735046,0.47393250465393066,0.5337285995483398,-0.09397634863853455,0.9999898672103882,0.49862781167030334,0.541813850402832,-0.02202582359313965,0.9999810457229614,0.46941298246383667,0.5417705774307251,-0.027561213821172714,0.9999819993972778,0.4881381094455719,0.5587950944900513,-0.08108104765415192,0.9999950528144836,0.47862935066223145,0.5583457350730896,-0.0825568288564682,0.9999968409538269,0.5197181105613708,0.6266966462135315,-0.013019544072449207,0.9998198747634888,0.44380179047584534,0.6162420511245728,-0.015420476906001568,0.9998793005943298,0.5412371754646301,0.7188275456428528,-0.028144339099526405,0.980567455291748,0.4172526001930237,0.6939043402671814,-0.0711594820022583,0.9793075323104858,0.5746385455131531,0.7942248582839966,-0.11729846149682999,0.9656432271003723,0.4112315773963928,0.7405124306678772,-0.2064066231250763,0.9706299304962158,0.5901938080787659,0.8078335523605347,-0.13480496406555176,0.9464232325553894,0.40575775504112244,0.7630088925361633,-0.2305159866809845,0.9614169597625732,0.5926842093467712,0.8103945255279541,-0.15379418432712555,0.9533129334449768,0.4147890508174896,0.7597991824150085,-0.23947732150554657,0.9656074643135071,0.5859422087669373,0.8090111613273621,-0.12707175314426422,0.9538196325302124,0.4186932146549225,0.7527055740356445,-0.2128441035747528,0.9629089832305908,0.4998551309108734,0.7919893264770508,0.00041598905227147043,0.9995077252388,0.4508194029331207,0.7968077063560486,-0.0003929919912479818,0.9996442794799805,0.5373790264129639,0.7876961827278137,-0.24290773272514343,0.9790343046188354,0.40249523520469666,0.7809344530105591,-0.23521368205547333,0.9726816415786743,0.4451609253883362,0.8419275879859924,-0.17115111649036407,0.6767176985740662,0.5015770196914673,0.8481387495994568,-0.19020840525627136,0.8075888752937317,0.4369121193885803,0.835624635219574,-0.15854960680007935,0.6010217666625977,0.5076813697814941,0.8437597751617432,-0.1807313859462738,0.6562516093254089,0.40969690680503845,0.8495630025863647,-0.20069190859794617,0.7093554735183716,0.5344301462173462,0.8484476804733276,-0.23246486485004425,0.7925010919570923
37,stand,0.4873531460762024,0.5439631342887878,-0.10153146088123322,0.9999790191650391,0.4919660985469818,0.5329288244247437,-0.08779536187648773,0.9999884963035583,0.49453869462013245,0.533287525177002,-0.08781720697879791,0.9999861121177673,0.4973965585231781,0.5338179469108582,-0.0878678560256958,0.9999895691871643,0.48396357893943787,0.5329782962799072,-0.08868211507797241,0.9999896883964539,0.480654776096344,0.5332262516021729,-0.08870396763086319,0.9999874830245972,0.4773951470851898,0.5337205529212952,-0.08868192136287689,0.9999904632568359,0.5020540356636047,0.5427170395851135,-0.015292668715119362,0.9999819993972778,0.47275757789611816,0.541704535484314,-0.020816292613744736,0.999983012676239,0.4917008876800537,0.5590492486953735,-0.07547330111265182,0.999995231628418,0.4821278154850006,0.5583317279815674,-0.07694602012634277,0.9999969601631165,0.5222396850585938,0.6291071772575378,-0.00603339821100235,0.9998106956481934,0.4455334544181824,0.6147234439849854,-0.007999931462109089,0.9998811483383179,0.5426636338233948,0.7205126285552979,-0.02546345256268978,0.9798581600189209,0.4172753393650055,0.6902773976325989,-0.06801759451627731,0.979087769985199,0.5750948190689087,0.794772744178772,-0.12104780972003937,0.9621433019638062,0.4119895100593567,0.7326260209083557,-0.20998799800872803,0.9696587920188904,0.5901483297348022,0.808124303817749,-0.13967084884643555,0.9408385157585144,0.4066123068332672,0.7542639970779419,-0.23517246544361115,0.9598312973976135,0.5928219556808472,0.8112753033638,-0.15838897228240967,0.9485708475112915,0.41608285903930664,0.7519084215164185,-0.2438897341489792,0.9641339778900146,0.5856043100357056,0.8092222213745117,-0.13082346320152283,0.9500558376312256,0.41991910338401794,0.7452619075775146,-0.21635830402374268,0.961402177810669,0.4991470277309418,0.7919490337371826,0.0005590074579231441,0.9994989037513733,0.4502258896827698,0.7955859899520874,-0.0005356337642297149,0.9996472001075745,0.5373247861862183,0.7853776812553406,-0.2435937225818634,0.9788128733634949,0.4025494158267975,0.7731199264526367,-0.2365214079618454,0.9734243154525757,0.4427390694618225,0.8419046401977539,-0.18065114319324493,0.6776392459869385,0.5013736486434937,0.8482012152671814,-0.20270755887031555,0.8114433884620667,0.4347977638244629,0.835477888584137,-0.16848447918891907,0.6011238694190979,0.5073307752609253,0.8441990613937378,-0.19414985179901123,0.6595587134361267,0.40902701020240784,0.8491712212562561,-0.2101103812456131,0.7126039266586304,0.5336024761199951,0.8484053611755371,-0.2459406554698944,0.7966676950454712
38,stand,0.4913301467895508,0.5445787906646729,-0.09427667409181595,0.9999802112579346,0.495821475982666,0.5340963006019592,-0.08063535392284393,0.9999891519546509,0.49836111068725586,0.5346806645393372,-0.08065091073513031,0.9999868869781494,0.5011063814163208,0.5355211496353149,-0.08069533854722977,0.9999901652336121,0.4881420135498047,0.5334548354148865,-0.08163799345493317,0.9999903440475464,0.4850117564201355,0.5334781408309937,-0.08165938407182693,0.9999881982803345,0.4817356467247009,0.5337862968444824,-0.08163236081600189,0.9999910593032837,0.505334734916687,0.5446505546569824,-0.009571346454322338,0.999983012676239,0.47697800397872925,0.5417421460151672,-0.0158331748098135,0.999984085559845,0.4952990412712097,0.5600891709327698,-0.06886313110589981,0.9999953508377075,0.48593392968177795,0.5586384534835815,-0.07055970281362534,0.999997079372406,0.5244902968406677,0.630640983581543,-0.001376693369820714,0.999801516532898,0.4487854838371277,0.6135367751121521,-0.004310117103159428,0.9998825192451477,0.5430995225906372,0.7211179137229919,-0.017670266330242157,0.9782425761222839,0.4181998372077942,0.6846952438354492,-0.06384536623954773,0.9790364503860474,0.5751542448997498,0.7951597571372986,-0.10702109336853027,0.9582117199897766,0.41369739174842834,0.7244475483894348,-0.19973839819431305,0.9685671329498291,0.5902161598205566,0.8085678219795227,-0.12409456819295883,0.9351890087127686,0.40865081548690796,0.7456369400024414,-0.2234049290418625,0.9579690098762512,0.5925471186637878,0.8117665648460388,-0.14255568385124207,0.9437528252601624,0.41810646653175354,0.7445783615112305,-0.23072834312915802,0.9623862504959106,0.5860099196434021,0.8096887469291687,-0.11655580997467041,0.9460347294807434,0.4219486713409424,0.738537609577179,-0.20537705719470978,0.9595553874969482,0.4991379380226135,0.7923421859741211,0.0005578309646807611,0.999476432800293,0.45019635558128357,0.794590413570404,-0.0005352353909984231,0.9996405243873596,0.5369112491607666,0.7829843163490295,-0.23945684731006622,0.9783967137336731,0.4030084013938904,0.7635563611984253,-0.22907638549804688,0.9741272926330566,0.4426218867301941,0.840995192527771,-0.18211530148983002,0.6808083653450012,0.5002802014350891,0.8478369116783142,-0.19932182133197784,0.8142462372779846,0.43478137254714966,0.8350116014480591,-0.17081791162490845,0.6035321950912476,0.5061811208724976,0.8444259762763977,-0.1907404512166977,0.6622518301010132,0.4085349142551422,0.846637487411499,-0.21127453446388245,0.7176820635795593,0.5316790342330933,0.8481404781341553,-0.24343577027320862,0.7999361157417297
39,stand,0.49549978971481323,0.5454533696174622,-0.08699234575033188,0.9999816417694092,0.49996036291122437,0.535339891910553,-0.07326849550008774,0.999989926815033,0.502550482749939,0.5361048579216003,-0.07328257709741592,0.9999878406524658,0.5052648186683655,0.5371577739715576,-0.07332658022642136,0.9999908804893494,0.4921795427799225,0.5340552926063538,-0.07422573864459991,0.9999911189079285,0.4890349805355072,0.5338468551635742,-0.07425013929605484,0.9999890923500061,0.4858219027519226,0.5339541435241699,-0.07422762364149094,0.999991774559021,0.5094041228294373,0.5463878512382507,-0.0019182327669113874,0.9999842047691345,0.4807627201080322,0.5418745279312134,-0.008083238266408443,0.9999853372573853,0.49925360083580017,0.5615290403366089,-0.06139640882611275,0.9999955892562866,0.4898224472999573,0.559326708316803,-0.0630829706788063,0.9999972581863403,0.5272753238677979,0.6328454613685608,0.0084905456751585,0.9997851252555847,0.45191454887390137,0.6126547455787659,0.00275615556165576,0.9998845458030701,0.5439215898513794,0.7230162024497986,-0.0007330772350542247,0.974043071269989,0.4197205603122711,0.6792660355567932,-0.0544312484562397,0.978177547454834,0.576971173286438,0.7990557551383972,-0.07882048189640045,0.9490241408348083,0.4172154366970062,0.7206762433052063,-0.1831706017255783,0.9650328159332275,0.5921872854232788,0.8103494644165039,-0.09297943115234375,0.9231403470039368,0.4126564562320709,0.7409376502037048,-0.2048940658569336,0.9525256156921387,0.5951001048088074,0.8133300542831421,-0.11182679980993271,0.9332759976387024,0.4214088022708893,0.7410663366317749,-0.21072940528392792,0.9572024345397949,0.5892845988273621,0.812631368637085,-0.08820797502994537,0.9371416568756104,0.4246576428413391,0.7351911067962646,-0.18782775104045868,0.9542223811149597,0.49881118535995483,0.7923666834831238,0.0005559094133786857,0.9994537830352783,0.45003145933151245,0.7928410768508911,-0.0005332345608621836,0.9996395707130432,0.5357786417007446,0.7787961959838867,-0.23840458691120148,0.9778431057929993,0.4028133451938629,0.7530386447906494,-0.229501411318779,0.9750384092330933,0.4395471215248108,0.8382912278175354,-0.19688966870307922,0.690216064453125,0.49851298332214355,0.847618043422699,-0.21079488098621368,0.8204081058502197,0.43167534470558167,0.8327668309211731,-0.18747711181640625,0.6130033731460571,0.5048074126243591,0.8455483317375183,-0.20342901349067688,0.6701836585998535,0.40734586119651794,0.8465573787689209,-0.23162534832954407,0.728493869304657,0.530157208442688,0.8479791283607483,-0.25262609124183655,0.8067740201950073
40,stand,0.49953970313072205,0.5470936894416809,-0.08397900313138962,0.9999828934669495,0.5040819048881531,0.5373075008392334,-0.07013337314128876,0.9999906420707703,0.5066524744033813,0.5383281707763672,-0.0701465755701065,0.9999886751174927,0.5093168020248413,0.5396043658256531,-0.07019058614969254,0.9999915361404419,0.49634814262390137,0.535256564617157,-0.07104166597127914,0.999991774559021,0.4933016896247864,0.5347434878349304,-0.07106709480285645,0.9999898672103882,0.49020370841026306,0.5345541834831238,-0.07104267179965973,0.9999923706054688,0.5131987929344177,0.5488501191139221,0.0015856185927987099,0.9999852776527405,0.4851895272731781,0.5421769618988037,-0.004565272014588118,0.9999864101409912,0.503260612487793,0.5637153387069702,-0.05823691934347153,0.999995768070221,0.4941248893737793,0.5606495141983032,-0.05990730971097946,0.9999973773956299,0.5300205945968628,0.6345880031585693,0.012431884184479713,0.9997754096984863,0.45541658997535706,0.6112139225006104,0.007023673504590988,0.9998831152915955,0.5451470613479614,0.7246214747428894,0.005308057647198439,0.9696110486984253,0.4222363531589508,0.6744558811187744,-0.051291197538375854,0.9766863584518433,0.5766363143920898,0.8042761087417603,-0.06939277797937393,0.941956639289856,0.4196165204048157,0.71527099609375,-0.18079599738121033,0.9598968625068665,0.5915205478668213,0.8144951462745667,-0.08276307582855225,0.9139577746391296,0.41510289907455444,0.7371635437011719,-0.20235879719257355,0.9452000856399536,0.5939863920211792,0.8170746564865112,-0.1018722876906395,0.925284206867218,0.4239075183868408,0.7370094060897827,-0.20699918270111084,0.9501481652259827,0.5876089930534363,0.81675124168396,-0.07868269085884094,0.9301164746284485,0.4269546866416931,0.7310847043991089,-0.18500450253486633,0.9468991160392761,0.49893298745155334,0.7930036187171936,0.00044421511120162904,0.999443531036377,0.4506160616874695,0.7899969220161438,-0.0004236738313920796,0.999638020992279,0.5345348119735718,0.7794240117073059,-0.23772159218788147,0.9770371317863464,0.4035646915435791,0.7441030740737915,-0.22960630059242249,0.9754522442817688,0.4358939230442047,0.8365733027458191,-0.1981601119041443,0.6991819739341736,0.4974309504032135,0.8452675938606262,-0.2090781182050705,0.8244618773460388,0.42711901664733887,0.8315967321395874,-0.1888681799173355,0.6228792667388916,0.5038185119628906,0.8447433710098267,-0.20174625515937805,0.6753225326538086,0.4049052298069,0.8465234637260437,-0.23440544307231903,0.7388483285903931,0.5255947709083557,0.848077118396759,-0.2511950731277466,0.8118489980697632
41,stand,0.5047398209571838,0.5518172979354858,-0.0810103490948677,0.9999839663505554,0.5092569589614868,0.541595458984375,-0.06786354631185532,0.999991238117218,0.5119086503982544,0.542836606502533,-0.06787090003490448,0.9999893307685852,0.5144850611686707,0.5441526770591736,-0.06791234761476517,0.9999920725822449,0.5018056631088257,0.5388246178627014,-0.06890875846147537,0.999992311000824,0.4989930987358093,0.5378811359405518,-0.06893429160118103,0.9999905228614807,0.49582725763320923,0.5371087193489075,-0.06890642642974854,0.9999929070472717,0.5176422595977783,0.5523075461387634,0.00268304580822587,0.9999860525131226,0.49021974205970764,0.5434790253639221,-0.003962335176765919,0.9999873638153076,0.5080478191375732,0.5679247975349426,-0.05536941811442375,0.9999958276748657,0.49915701150894165,0.5646247267723083,-0.05717749148607254,0.9999974370002747,0.5326804518699646,0.6359526515007019,0.01634451374411583,0.9997639656066895,0.4587766230106354,0.6088684797286987,0.006520691327750683,0.9998849034309387,0.5460657477378845,0.7285416722297668,0.008908730000257492,0.9659711122512817,0.4245452880859375,0.6711613535881042,-0.05393105000257492,0.9769766330718994,0.5773020386695862,0.8090929388999939,-0.06941012293100357,0.937572717666626,0.4223264157772064,0.7015913724899292,-0.18685005605220795,0.9601854085922241,0.5921515226364136,0.8175191283226013,-0.08288757503032684,0.9080718755722046,0.4176274836063385,0.7234022617340088,-0.20948410034179688,0.9450628757476807,0.5948213338851929,0.8190020322799683,-0.10213524103164673,0.9202665090560913,0.4276275038719177,0.723415195941925,-0.2130398452281952,0.9499076008796692,0.5886066555976868,0.8197129368782043,-0.07894246280193329,0.9258211851119995,0.43079644441604614,0.7169735431671143,-0.19065168499946594,0.9462800025939941,0.4991776943206787,0.7930101156234741,0.0004276075342204422,0.9994081258773804,0.4517442584037781,0.7854428887367249,-0.00040513291605748236,0.9996252059936523,0.5335866212844849,0.7797546982765198,-0.23594221472740173,0.9761738181114197,0.40380558371543884,0.7403006553649902,-0.2249838411808014,0.9758723378181458,0.43533816933631897,0.8343566060066223,-0.19803710281848907,0.7075076103210449,0.4942452013492584,0.8428235650062561,-0.20627574622631073,0.8290759325027466,0.4259551167488098,0.8299341797828674,-0.18886247277259827,0.6333619356155396,0.5009976625442505,0.8432233929634094,-0.1989791989326477,0.681406557559967,0.40504950284957886,0.8463379144668579,-0.2340039759874344,0.7488315105438232,0.5204074382781982,0.8486171364784241,-0.248941108584404,0.8172118663787842
42,stand,0.5086910724639893,0.5543602705001831,-0.12657444179058075,0.9999849796295166,0.5131834149360657,0.5445832014083862,-0.11453084647655487,0.9999917149543762,0.5158222913742065,0.5460711121559143,-0.11452857404947281,0.999989926815033,0.5183724761009216,0.5474860668182373,-0.11456777155399323,0.9999924898147583,0.5060482621192932,0.5408927202224731,-0.11560828983783722,0.9999927878379822,0.5035088062286377,0.5396290421485901,-0.11565594375133514,0.9999911189079285,0.5004500150680542,0.5384830236434937,-0.11563602834939957,0.9999933838844299,0.5216087102890015,0.55503249168396,-0.04002327099442482,0.9999867081642151,0.4948222041130066,0.544324517250061,-0.04763548821210861,0.9999881982803345,0.5114800930023193,0.5702012181282043,-0.09834016114473343,0.9999958872795105,0.5027058124542236,0.5664455890655518,-0.10048453509807587,0.9999974966049194,0.5357116460800171,0.6366033554077148,-0.013804174959659576,0.9997573494911194,0.46158647537231445,0.6046528220176697,-0.02398778684437275,0.9998886585235596,0.5467538833618164,0.7304227352142334,0.002119210548698902,0.9651659727096558,0.42581185698509216,0.6652027368545532,-0.08407340943813324,0.9775809645652771,0.5766899585723877,0.811690628528595,-0.09641573578119278,0.9367743134498596,0.42614150047302246,0.6867742538452148,-0.22220604121685028,0.96119225025177,0.591613233089447,0.8206619024276733,-0.11154323816299438,0.9063230752944946,0.42236509919166565,0.7117321491241455,-0.24515588581562042,0.945899486541748,0.5947577357292175,0.8214648962020874,-0.13093213737010956,0.9187631011009216,0.433621346950531,0.7090557217597961,-0.24784359335899353,0.9505780339241028,0.5883821845054626,0.8218733072280884,-0.1059405580163002,0.9246560335159302,0.43620166182518005,0.7014336585998535,-0.22549359500408173,0.9466542601585388,0.4993959963321686,0.7925907373428345,0.0003001361037604511,0.999400794506073,0.452329158782959,0.779809832572937,-0.00027464012964628637,0.9996246695518494,0.5318137407302856,0.7832340002059937,-0.24858084321022034,0.9753137826919556,0.4055168032646179,0.7348376512527466,-0.2333337962627411,0.9758145809173584,0.43232423067092896,0.8344852924346924,-0.22146251797676086,0.7196682691574097,0.49178647994995117,0.8418769240379333,-0.2158997803926468,0.8345906734466553,0.4226900637149811,0.8298401832580566,-0.21358969807624817,0.6497078537940979,0.498830646276474,0.8423937559127808,-0.20921318233013153,0.6908261179924011,0.4029347002506256,0.8468332886695862,-0.26676231622695923,0.7623541355133057,0.5167301893234253,0.8509451746940613,-0.26649898290634155,0.8246597647666931
43,stand,0.5134060978889465,0.5569882392883301,-0.147460475564003,0.9999861121177673,0.5181496739387512,0.547831654548645,-0.13628289103507996,0.9999922513961792,0.5207220911979675,0.5496179461479187,-0.13626141846179962,0.9999905824661255,0.5230578184127808,0.5511964559555054,-0.1362968385219574,0.9999929666519165,0.5112678408622742,0.5430508255958557,-0.13791224360466003,0.9999932646751404,0.508847177028656,0.5414069890975952,-0.13796481490135193,0.999991774559021,0.506005048751831,0.539928138256073,-0.13793444633483887,0.9999938607215881,0.5258545875549316,0.5592144131660461,-0.06517892330884933,0.9999874830245972,0.4999696612358093,0.5455604195594788,-0.0758279412984848,0.9999890923500061,0.515303373336792,0.5729844570159912,-0.12036081403493881,0.9999960064888,0.5067325830459595,0.5686700940132141,-0.1233847588300705,0.999997615814209,0.5386438965797424,0.6369237303733826,-0.04138411581516266,0.9997551441192627,0.46446657180786133,0.6017864942550659,-0.050654470920562744,0.9998927712440491,0.5471464991569519,0.7322512865066528,-0.031982701271772385,0.965011715888977,0.42828550934791565,0.6588484644889832,-0.10777463763952255,0.9784438014030457,0.5763062238693237,0.8139616847038269,-0.10449198633432388,0.9365264773368835,0.4343458116054535,0.6741967797279358,-0.23197856545448303,0.9618693590164185,0.5908041596412659,0.823557436466217,-0.11889372020959854,0.9055895805358887,0.4333648681640625,0.6987118721008301,-0.2521677613258362,0.9460659623146057,0.5941295623779297,0.8240870833396912,-0.13833634555339813,0.9181954860687256,0.4429474472999573,0.6963557600975037,-0.25275862216949463,0.9506428837776184,0.5873560905456543,0.8238343000411987,-0.11395011842250824,0.9243528842926025,0.44495639204978943,0.6890665888786316,-0.23385818302631378,0.9463410377502441,0.4998249411582947,0.7907254695892334,-0.0001552076282678172,0.9993915557861328,0.45389461517333984,0.7734532952308655,0.00017076527001336217,0.999616265296936,0.5266836881637573,0.7930986881256104,-0.24697020649909973,0.9743585586547852,0.40824541449546814,0.7254476547241211,-0.2116907387971878,0.9753991961479187,0.43108439445495605,0.8348270058631897,-0.2084706723690033,0.7325078248977661,0.4885949194431305,0.8377038836479187,-0.18458756804466248,0.8390275835990906,0.4223187565803528,0.8298702836036682,-0.1996457576751709,0.6668110489845276,0.4958559572696686,0.839029848575592,-0.1772269606590271,0.7003960609436035,0.40027862787246704,0.848085880279541,-0.24910154938697815,0.7750869393348694,0.5103120803833008,0.8521474003791809,-0.22840723395347595,0.8309042453765869
44,stand,0.5180137157440186,0.5598482489585876,-0.13554924726486206,0.9999868869781494,0.5228656530380249,0.550882875919342,-0.12371735274791718,0.9999926090240479,0.5253865122795105,0.5528170466423035,-0.12370212376117706,0.9999909996986389,0.5276237726211548,0.5545336604118347,-0.12374375760555267,0.9999933242797852,0.5160170793533325,0.5458828806877136,-0.1254277378320694,0.999993622303009,0.5134373903274536,0.5440779328346252,-0.1254730224609375,0.9999922513961792,0.5107311010360718,0.5425640940666199,-0.12544573843479156,0.9999942183494568,0.5301016569137573,0.5626966953277588,-0.050659067928791046,0.9999880194664001,0.5043939352035522,0.5480992794036865,-0.06152065843343735,0.9999897480010986,0.5198541879653931,0.5754185914993286,-0.10790055990219116,0.9999959468841553,0.5112323760986328,0.5712204575538635,-0.1109992265701294,0.999997615814209,0.5418491959571838,0.6369979381561279,-0.028868358582258224,0.9997323751449585,0.4692904055118561,0.598906934261322,-0.03651336953043938,0.9998869895935059,0.5479839444160461,0.73296719789505,-0.019020169973373413,0.9620517492294312,0.43259677290916443,0.6548197269439697,-0.09538833796977997,0.9781602025032043,0.5774732828140259,0.816825807094574,-0.08908586204051971,0.9318535327911377,0.44267064332962036,0.667085587978363,-0.22658106684684753,0.9605118036270142,0.5912905931472778,0.8255743384361267,-0.10077860206365585,0.8999040126800537,0.44287270307540894,0.6898247003555298,-0.2474028319120407,0.9439464211463928,0.5946356058120728,0.8264145851135254,-0.12105013430118561,0.9132065773010254,0.4524134695529938,0.6872828006744385,-0.2501888573169708,0.9484734535217285,0.5876104235649109,0.8258068561553955,-0.09837966412305832,0.9198775291442871,0.45415496826171875,0.680518627166748,-0.22902736067771912,0.9433000683784485,0.5000295639038086,0.7907013893127441,-0.0014437803765758872,0.9993696212768555,0.4554676413536072,0.7716330885887146,0.0014475838979706168,0.9995899200439453,0.525580644607544,0.7930538654327393,-0.24883174896240234,0.9737929701805115,0.40938740968704224,0.7134989500045776,-0.201276496052742,0.9750987887382507,0.43167799711227417,0.834151566028595,-0.21116986870765686,0.7443116903305054,0.4755656123161316,0.8339781165122986,-0.17303302884101868,0.8421807289123535,0.4238072335720062,0.8294989466667175,-0.20275597274303436,0.6826092004776001,0.4880857467651367,0.8388364911079407,-0.16575461626052856,0.7079166173934937,0.3979341387748718,0.8419675827026367,-0.2518354654312134,0.7863317131996155,0.4987110495567322,0.8536025285720825,-0.21434065699577332,0.8354319930076599
45,stand,0.5234996676445007,0.5644832849502563,-0.1287103295326233,0.9999877214431763,0.5285111665725708,0.5555313229560852,-0.11639778316020966,0.9999930262565613,0.5307069420814514,0.5575301051139832,-0.11640707403421402,0.9999915361404419,0.532740592956543,0.5594635605812073,-0.11645225435495377,0.9999936819076538,0.5219752192497253,0.5501324534416199,-0.11728052794933319,0.9999940395355225,0.5190895795822144,0.54805588722229,-0.11732158809900284,0.9999927878379822,0.5164416432380676,0.5463532209396362,-0.1172986775636673,0.9999945759773254,0.5338631272315979,0.566030740737915,-0.04723566770553589,0.9999886155128479,0.5090500116348267,0.5506444573402405,-0.05204148218035698,0.9999904632568359,0.5249981880187988,0.5791290998458862,-0.10468214750289917,0.9999960064888,0.5168700814247131,0.57564377784729,-0.10421387106180191,0.9999976754188538,0.5445617437362671,0.6366913914680481,-0.019920477643609047,0.9997313618659973,0.4738040864467621,0.5973536968231201,-0.02378625050187111,0.9998762011528015,0.5497159957885742,0.732701301574707,-0.004805072210729122,0.9605644345283508,0.43645739555358887,0.6517657041549683,-0.09345583617687225,0.9782065153121948,0.5781122446060181,0.8173888921737671,-0.07832780480384827,0.9328092336654663,0.45369353890419006,0.6656847596168518,-0.22337456047534943,0.9606622457504272,0.5920685529708862,0.8265658020973206,-0.09054319560527802,0.9014498591423035,0.4530254006385803,0.6820870637893677,-0.24499714374542236,0.9440510272979736,0.5953754782676697,0.8277565836906433,-0.11236961930990219,0.9146462082862854,0.46253538131713867,0.6824547052383423,-0.24841967225074768,0.9484204053878784,0.5883499383926392,0.8267239928245544,-0.08823023736476898,0.9211294054985046,0.46396908164024353,0.6769681572914124,-0.2265022248029709,0.9425443410873413,0.5013569593429565,0.7917735576629639,-0.008041085675358772,0.9993518590927124,0.45917758345603943,0.773157000541687,0.008033031597733498,0.9995436072349548,0.521329402923584,0.7934419512748718,-0.2565338611602783,0.9743438959121704,0.4119887948036194,0.7057626843452454,-0.1776762455701828,0.9750292301177979,0.43291765451431274,0.8394889235496521,-0.19334767758846283,0.7572126388549805,0.4685196280479431,0.8329824805259705,-0.152786523103714,0.8483434319496155,0.4259486198425293,0.8338214159011841,-0.1823013573884964,0.7005175352096558,0.4748810827732086,0.8360112309455872,-0.14634568989276886,0.7198811769485474,0.3992703855037689,0.8390161395072937,-0.22675099968910217,0.797587513923645,0.4855826497077942,0.8563746809959412,-0.19474713504314423,0.8422555923461914
46,stand,0.527768611907959,0.5679841041564941,-0.1259617656469345,0.9999880790710449,0.5326178669929504,0.5585594773292542,-0.11373746395111084,0.9999932050704956,0.5347070097923279,0.5603479743003845,-0.11376036703586578,0.9999918341636658,0.536574125289917,0.5620278120040894,-0.11379273980855942,0.9999938607215881,0.5260617136955261,0.5532600283622742,-0.11394544690847397,0.9999942183494568,0.5231398940086365,0.5511465072631836,-0.11398567259311676,0.9999930262565613,0.5203986167907715,0.5494352579116821,-0.1139630675315857,0.999994695186615,0.537186324596405,0.5676767826080322,-0.03853536769747734,0.9999889135360718,0.5125521421432495,0.5526160597801208,-0.04848441109061241,0.9999907612800598,0.5291710495948792,0.581840455532074,-0.10189785063266754,0.9999958276748657,0.521214485168457,0.578798234462738,-0.10144281387329102,0.9999974966049194,0.5471619367599487,0.636493980884552,-0.017975490540266037,0.9997340440750122,0.4768093228340149,0.5956732034683228,-0.015611834824085236,0.9998413920402527,0.5518044233322144,0.7332607507705688,-0.008339601568877697,0.9586607217788696,0.4389975666999817,0.6454020142555237,-0.0894828513264656,0.9746096134185791,0.5783959031105042,0.8200308084487915,-0.0789756029844284,0.9337599277496338,0.46273332834243774,0.6614864468574524,-0.23054878413677216,0.9524151682853699,0.592376172542572,0.8284986615180969,-0.09094195067882538,0.9029321074485779,0.46432065963745117,0.6774254441261292,-0.2514219582080841,0.9343880414962769,0.5952715873718262,0.8298410177230835,-0.11267693340778351,0.9160151481628418,0.47403353452682495,0.6807429194450378,-0.25094354152679443,0.9389083385467529,0.5886797308921814,0.8292971849441528,-0.08870255947113037,0.9222509264945984,0.47456541657447815,0.6760884523391724,-0.23206278681755066,0.9311766624450684,0.5024017095565796,0.7928284406661987,-0.013232201337814331,0.9993551969528198,0.4607188105583191,0.773534893989563,0.01319886278361082,0.999514102935791,0.5203008055686951,0.7936367392539978,-0.25556644797325134,0.9744587540626526,0.41549816727638245,0.696744441986084,-0.1622145175933838,0.974055826663971,0.4365018308162689,0.8413852453231812,-0.1787130981683731,0.764755129814148,0.4623188376426697,0.8303353190422058,-0.1515587717294693,0.8523757457733154,0.4331883490085602,0.8377322554588318,-0.16694548726081848,0.71261066198349,0.4692724347114563,0.8365155458450317,-0.14682939648628235,0.7271640300750732,0.40092921257019043,0.839448869228363,-0.20527493953704834,0.8037804961204529,0.4727681279182434,0.8560036420822144,-0.19365574419498444,0.8465608954429626
47,stand,0.5308113694190979,0.5717961192131042,-0.09280791878700256,0.9999870657920837,0.5352643728256226,0.5611732602119446,-0.0791333019733429,0.9999930262565613,0.5373375415802002,0.5625225305557251,-0.07914865016937256,0.999991774559021,0.539223313331604,0.5637558698654175,-0.07923522591590881,0.9999939203262329,0.5287144780158997,0.5565183758735657,-0.08224038779735565,0.9999938607215881,0.5257889628410339,0.554466187953949,-0.08225729316473007,0.9999924898147583,0.5229281187057495,0.5526941418647766,-0.08222594112157822,0.9999938607215881,0.5397430062294006,0.5683316588401794,-0.001536089344881475,0.9999890923500061,0.5144007205963135,0.5542147159576416,-0.019088100641965866,0.9999889135360718,0.5319498777389526,0.5848590731620789,-0.06404173374176025,0.9999950528144836,0.5239773988723755,0.582822322845459,-0.0689021497964859,0.9999959468841553,0.5497364401817322,0.6363062858581543,0.0044908104464411736,0.9997407793998718,0.47879165410995483,0.5970133543014526,0.012486191466450691,0.9995697736740112,0.5536330342292786,0.7333367466926575,0.003414271865040064,0.953435480594635,0.44568291306495667,0.647445559501648,-0.06539033353328705,0.9380379915237427,0.578518271446228,0.8203486204147339,-0.05775986239314079,0.9300147294998169,0.47087645530700684,0.6605909466743469,-0.20516864955425262,0.8884989619255066,0.5924161076545715,0.8288305401802063,-0.06790059059858322,0.8992011547088623,0.4737756848335266,0.6705290675163269,-0.2235557585954666,0.8740633130073547,0.5951826572418213,0.830470860004425,-0.09034892171621323,0.9128454327583313,0.4810926914215088,0.669543981552124,-0.2224588394165039,0.8790627121925354,0.5886507630348206,0.8293476700782776,-0.06740812957286835,0.9191085696220398,0.48071789741516113,0.667012095451355,-0.2070605456829071,0.8703340888023376,0.5032187104225159,0.795076310634613,-0.015558317303657532,0.9993749856948853,0.4615822732448578,0.7734475135803223,0.015543857589364052,0.9994816184043884,0.5171858072280884,0.7975486516952515,-0.26432809233665466,0.9751629829406738,0.4191349446773529,0.6806358098983765,-0.14479102194309235,0.9729853868484497,0.43906664848327637,0.8420389890670776,-0.19175973534584045,0.7724569439888,0.45736217498779297,0.825557291507721,-0.14533959329128265,0.8564924001693726,0.4365549683570862,0.8404773473739624,-0.18049943447113037,0.7235062122344971,0.46309638023376465,0.8397945165634155,-0.14240151643753052,0.7329606413841248,0.4056769013404846,0.8407650589942932,-0.20821909606456757,0.809678316116333,0.45671993494033813,0.8655979633331299,-0.1867673099040985,0.8499833941459656
48,stand,0.5352334380149841,0.5757843255996704,-0.08693578839302063,0.999979555606842,0.5390986800193787,0.5646100640296936,-0.07271154224872589,0.9999907612800598,0.5408686399459839,0.5657217502593994,-0.07272184640169144,0.9999894499778748,0.5424087047576904,0.5666469931602478,-0.07279302179813385,0.9999927282333374,0.532903254032135,0.5599051713943481,-0.0791444182395935,0.9999909996986389,0.5301806330680847,0.5576686263084412,-0.0791705995798111,0.9999883770942688,0.5271733403205872,0.5554582476615906,-0.0791342705488205,0.999988317489624,0.5418075323104858,0.5695332288742065,0.007663307245820761,0.9999876022338867,0.5177722573280334,0.5551584362983704,-0.023209398612380028,0.9999769330024719,0.5355216264724731,0.5882930159568787,-0.05635029822587967,0.9999913573265076,0.5279489159584045,0.5864757895469666,-0.06563429534435272,0.9999873042106628,0.5518187284469604,0.6361749172210693,0.010595464147627354,0.9997487664222717,0.47917360067367554,0.597597062587738,0.0017940879333764315,0.9991969466209412,0.5543444752693176,0.7339633703231812,0.003713140729814768,0.945673942565918,0.46199899911880493,0.650164008140564,-0.08370579034090042,0.8981452584266663,0.5782079696655273,0.8190801739692688,-0.05439714714884758,0.9240217804908752,0.49838384985923767,0.6490975022315979,-0.204729825258255,0.8281309604644775,0.5922132730484009,0.8283188939094543,-0.06239400431513786,0.8925016522407532,0.5050595998764038,0.6543775200843811,-0.2223760187625885,0.81355881690979,0.5947921872138977,0.8302804827690125,-0.08250243961811066,0.9069252014160156,0.5051891207695007,0.6576998233795166,-0.21725133061408997,0.8182007670402527,0.5882740616798401,0.8284479975700378,-0.06312011182308197,0.9135637879371643,0.5014627575874329,0.6542468070983887,-0.20520058274269104,0.8083183765411377,0.503692626953125,0.7961098551750183,-0.013272197917103767,0.999404788017273,0.46115484833717346,0.7740655541419983,0.013261942192912102,0.999472439289093,0.5183494687080383,0.8012534976005554,-0.2607195973396301,0.9756332635879517,0.42295876145362854,0.6711660623550415,-0.1551138460636139,0.9716238379478455,0.4418598711490631,0.8398949503898621,-0.18708840012550354,0.7798030972480774,0.44939273595809937,0.8256164789199829,-0.1501103937625885,0.8602096438407898,0.4388693869113922,0.8387212753295898,-0.17561960220336914,0.7308475971221924,0.4562281668186188,0.8428123593330383,-0.14664264023303986,0.7357051372528076,0.40883857011795044,0.8372722268104553,-0.20614877343177795,0.8165995478630066,0.4509996473789215,0.8725316524505615,-0.18854203820228577,0.8543564677238464
49,stand,0.5383288860321045,0.5792362093925476,-0.08270008116960526,0.999975323677063,0.5421177744865417,0.5674569606781006,-0.06845171749591827,0.9999895095825195,0.5438514947891235,0.5682679414749146,-0.06846402585506439,0.9999880790710449,0.5453711748123169,0.5689230561256409,-0.06852471828460693,0.9999920725822449,0.5356832146644592,0.5629516243934631,-0.07567553967237473,0.9999895095825195,0.5329402685165405,0.560667097568512,-0.07569848001003265,0.9999861717224121,0.5297888517379761,0.5582737326622009,-0.07566200941801071,0.9999856948852539,0.5444223284721375,0.5706014633178711,0.013860039412975311,0.9999867081642151,0.5203024744987488,0.5563329458236694,-0.021049795672297478,0.9999722838401794,0.5384858250617981,0.591032862663269,-0.05084621161222458,0.9999881982803345,0.5305438041687012,0.5894441604614258,-0.061159294098615646,0.9999810457229614,0.5546414852142334,0.6360742449760437,0.022814719006419182,0.9997450113296509,0.4808177947998047,0.5973732471466064,-0.0004797520232386887,0.9989136457443237,0.5560413599014282,0.7348552346229553,0.02075965516269207,0.934850811958313,0.470644474029541,0.6512051224708557,-0.08307811617851257,0.8766064047813416,0.578040599822998,0.8200838565826416,-0.035269007086753845,0.9157184958457947,0.5061261653900146,0.6572929620742798,-0.18275311589241028,0.7933191061019897,0.5919604301452637,0.8293195962905884,-0.04215260222554207,0.8841681480407715,0.5153034925460815,0.6719263792037964,-0.19974473118782043,0.7756478190422058,0.5946282744407654,0.8312156796455383,-0.06282022595405579,0.8994232416152954,0.5183976292610168,0.671202540397644,-0.19384317100048065,0.7801721692085266,0.5881059765815735,0.8290238380432129,-0.044157497584819794,0.9067896008491516,0.5162492990493774,0.6665820479393005,-0.1820935308933258,0.7671652436256409,0.5046318173408508,0.7976757287979126,-0.012092303484678268,0.9993876814842224,0.4616711139678955,0.7741862535476685,0.012102404609322548,0.9993792772293091,0.5197725892066956,0.8047381043434143,-0.2584852874279022,0.9758386015892029,0.4238739609718323,0.6688274145126343,-0.1606764793395996,0.971229612827301,0.43940550088882446,0.8400736451148987,-0.21858350932598114,0.7897303104400635,0.44939976930618286,0.8271081447601318,-0.15812793374061584,0.8640189170837402,0.43508926033973694,0.839443564414978,-0.2115708589553833,0.7438632249832153,0.4577839970588684,0.8446585536003113,-0.15405017137527466,0.7425159215927124,0.40528860688209534,0.8336251378059387,-0.2542043924331665,0.8265127539634705,0.4546641409397125,0.8713206052780151,-0.19811412692070007,0.8588643670082092
50,stand,0.5419573783874512,0.5822016000747681,-0.05985865741968155,0.9999687075614929,0.545329749584198,0.5700911283493042,-0.04447930306196213,0.9999871253967285,0.5469373464584351,0.5707136392593384,-0.04453423246741295,0.9999852180480957,0.5483956933021545,0.5712178945541382,-0.0446506142616272,0.9999907612800598,0.5389440655708313,0.5656654238700867,-0.05329398065805435,0.9999871253967285,0.5361461639404297,0.5633648633956909,-0.05330891162157059,0.9999823570251465,0.5329602956771851,0.5608280301094055,-0.053288884460926056,0.9999820590019226,0.5467838048934937,0.5715476274490356,0.041599661111831665,0.999983012676239,0.5239195823669434,0.5576605200767517,-0.00017293592100031674,0.9999638795852661,0.5417599081993103,0.5934248566627502,-0.02666621282696724,0.9999828338623047,0.5337693095207214,0.591901421546936,-0.038806963711977005,0.9999732971191406,0.5573337078094482,0.6359971165657043,0.055321235209703445,0.999740719795227,0.48213520646095276,0.5977008938789368,0.028136515989899635,0.9983628988265991,0.5575529336929321,0.7355529069900513,0.0669308677315712,0.8988888263702393,0.46362200379371643,0.6750293970108032,-0.007593150250613689,0.8060481548309326,0.5782593488693237,0.8207191228866577,0.014784492552280426,0.8827537894248962,0.48138827085494995,0.7264769077301025,-0.09259023517370224,0.7198473811149597,0.5918809175491333,0.8301718235015869,0.005974978674203157,0.8536418676376343,0.49277687072753906,0.7442718744277954,-0.10662559419870377,0.7066816687583923,0.5946858525276184,0.832632303237915,-0.0170416422188282,0.871341347694397,0.4994273781776428,0.7410299777984619,-0.11687743663787842,0.7113775610923767,0.5883810520172119,0.8300824761390686,0.004285658244043589,0.8795983791351318,0.49407610297203064,0.7351838946342468,-0.09816361218690872,0.6994041800498962,0.5048092603683472,0.8010492920875549,-0.01131964847445488,0.9993489384651184,0.4618062376976013,0.7744641900062561,0.011328799650073051,0.9992271661758423,0.5204517841339111,0.8073511123657227,-0.2499535083770752,0.9739724397659302,0.42490696907043457,0.6669566631317139,-0.16420678794384003,0.9677724242210388,0.43986600637435913,0.8415567278862,-0.21466317772865295,0.7894526720046997,0.44735097885131836,0.8279196619987488,-0.16444601118564606,0.857232928276062,0.434359073638916,0.847842812538147,-0.20804254710674286,0.7461677193641663,0.45536550879478455,0.8456539511680603,-0.16268223524093628,0.7357780933380127,0.4052814841270447,0.8340076804161072,-0.25738126039505005,0.8266924619674683,0.4469273090362549,0.8683454990386963,-0.21516907215118408,0.8507858514785767
51,stand,0.5444312691688538,0.5813933610916138,-0.05597195029258728,0.9999630451202393,0.5481428503990173,0.5696587562561035,-0.04072869196534157,0.9999852776527405,0.5498510599136353,0.5702138543128967,-0.04079536348581314,0.9999824166297913,0.5513335466384888,0.5706654191017151,-0.04091592878103256,0.9999896287918091,0.541447639465332,0.565527081489563,-0.04942994564771652,0.9999857544898987,0.5384680032730103,0.5633088946342468,-0.04945581406354904,0.9999799728393555,0.5351443290710449,0.5608874559402466,-0.04944977909326553,0.9999800324440002,0.5497348308563232,0.5715951919555664,0.04646218195557594,0.9999791383743286,0.5262635946273804,0.5579648017883301,0.005522231571376324,0.9999571442604065,0.5442413091659546,0.5931252241134644,-0.02245069481432438,0.9999781250953674,0.5361210703849792,0.5914965867996216,-0.03427695482969284,0.9999682903289795,0.5596628189086914,0.6361997127532959,0.06433115899562836,0.9997357726097107,0.48563337326049805,0.597690761089325,0.03671757131814957,0.9981275796890259,0.5591913461685181,0.7374333739280701,0.08220895379781723,0.8617520928382874,0.46259522438049316,0.6863464713096619,0.016837729141116142,0.7385321259498596,0.57879638671875,0.8226547241210938,0.03813847154378891,0.8458249568939209,0.45351848006248474,0.7439119219779968,-0.06012563779950142,0.6536122560501099,0.5920549631118774,0.8315373659133911,0.0309026800096035,0.8169451355934143,0.4437739849090576,0.7596362829208374,-0.07122787088155746,0.6445974111557007,0.5950013995170593,0.8340299129486084,0.006287781987339258,0.83697909116745,0.4486604332923889,0.7607200741767883,-0.08802768588066101,0.6496033072471619,0.5888975262641907,0.8315072059631348,0.026953857392072678,0.8467110991477966,0.4538649916648865,0.7562438249588013,-0.06819122284650803,0.6390741467475891,0.5048724412918091,0.8037141561508179,-0.01047552190721035,0.9993530511856079,0.462147057056427,0.7747268676757812,0.010524628683924675,0.9991976022720337,0.522607147693634,0.811223030090332,-0.24041476845741272,0.9724690318107605,0.4272657334804535,0.6614709496498108,-0.19728097319602966,0.964618980884552,0.43992486596107483,0.8414667844772339,-0.21437950432300568,0.7863695621490479,0.44413357973098755,0.8299010396003723,-0.19244852662086487,0.8520364761352539,0.4331687390804291,0.8471599817276001,-0.20855900645256042,0.7470242977142334,0.4496210515499115,0.8476780652999878,-0.19044266641139984,0.7304409742355347,0.4052754342556,0.8341566920280457,-0.2614610493183136,0.8259414434432983,0.43824902176856995,0.8804044127464294,-0.2519921064376831,0.8451967835426331
52,stand,0.5473865270614624,0.5823045372962952,-0.041919197887182236,0.9999576807022095,0.5510818362236023,0.5702688694000244,-0.02648312784731388,0.9999836087226868,0.5528283715248108,0.5707237124443054,-0.026554351672530174,0.999980092048645,0.5543394684791565,0.5710937976837158,-0.026685919612646103,0.9999886751174927,0.5440324544906616,0.5664073824882507,-0.03494147211313248,0.999984085559845,0.5409480333328247,0.5643101334571838,-0.03495926037430763,0.9999771118164062,0.5375006794929504,0.5620306730270386,-0.034943412989377975,0.9999775886535645,0.5526413321495056,0.5721405744552612,0.05983088165521622,0.9999750852584839,0.5286866426467896,0.5589162111282349,0.01979084685444832,0.9999505877494812,0.5473498106002808,0.5946705341339111,-0.008930521085858345,0.9999720454216003,0.5389668345451355,0.5931345820426941,-0.020467448979616165,0.9999611377716064,0.5612978339195251,0.637224018573761,0.07321088016033173,0.9997438192367554,0.48900142312049866,0.5978469252586365,0.05403034761548042,0.9979067444801331,0.5602852702140808,0.7385948300361633,0.09072145819664001,0.822647213935852,0.4634861350059509,0.6896659731864929,0.06174623966217041,0.6736313700675964,0.578697681427002,0.8225501179695129,0.055570535361766815,0.8136374950408936,0.44456201791763306,0.7521430850028992,0.026475872844457626,0.5917282104492188,0.592014729976654,0.8311255574226379,0.0483848974108696,0.7846732139587402,0.4327023923397064,0.7673189043998718,0.02216586098074913,0.5853369832038879,0.5949769020080566,0.8337221741676331,0.024514049291610718,0.8070117831230164,0.43704742193222046,0.7714120745658875,0.004235012922435999,0.590324878692627,0.5888174176216125,0.8313086628913879,0.04454886168241501,0.8171364665031433,0.44323763251304626,0.7674066424369812,0.018971774727106094,0.5811980962753296,0.5054635405540466,0.8045556545257568,-0.01045134849846363,0.9993752837181091,0.46293672919273376,0.7747730612754822,0.010505535639822483,0.999186098575592,0.5228999257087708,0.8120620846748352,-0.2356327474117279,0.97024005651474,0.4294698238372803,0.660287618637085,-0.19995984435081482,0.9593761563301086,0.4406808018684387,0.841373860836029,-0.21027076244354248,0.7835077047348022,0.4430495798587799,0.8309094905853271,-0.19040828943252563,0.8444880247116089,0.43346381187438965,0.8471020460128784,-0.20755159854888916,0.7487552165985107,0.44863957166671753,0.8486099243164062,-0.18787464499473572,0.72054523229599,0.4064701199531555,0.8359808921813965,-0.2529783844947815,0.8243846893310547,0.43502283096313477,0.8845463991165161,-0.2484854757785797,0.8368852734565735
53,stand,0.5497865080833435,0.5842228531837463,-0.053059376776218414,0.9999521970748901,0.5537937879562378,0.5718861818313599,-0.03822024539113045,0.9999824166297913,0.5554879903793335,0.5723646879196167,-0.03825268894433975,0.9999790787696838,0.5569823980331421,0.5727580189704895,-0.03832664340734482,0.9999880790710449,0.5467828512191772,0.5680222511291504,-0.04565251246094704,0.9999818801879883,0.5436958074569702,0.5659347772598267,-0.0456833615899086,0.9999743700027466,0.5402047634124756,0.5636362433433533,-0.04566560685634613,0.9999739527702332,0.5553076863288879,0.5734830498695374,0.04393923282623291,0.99997478723526,0.5317978858947754,0.560066282749176,0.009353643283247948,0.9999479651451111,0.5497048497200012,0.5967709422111511,-0.021545331925153732,0.9999695420265198,0.5413402915000916,0.5949491858482361,-0.03169742971658707,0.99995356798172,0.5628638863563538,0.6385879516601562,0.05504262447357178,0.9997526407241821,0.49517518281936646,0.5968007445335388,0.047962069511413574,0.9978132843971252,0.5636176466941833,0.7400138974189758,0.05825362727046013,0.8148099184036255,0.5017403364181519,0.6795239448547363,0.049293339252471924,0.6631305813789368,0.579179048538208,0.8228747248649597,0.01670871488749981,0.8127665519714355,0.5477157831192017,0.6980059146881104,-0.06491401791572571,0.5678750872612,0.5923399329185486,0.8310713768005371,0.008466442115604877,0.78423011302948,0.557075023651123,0.7218551635742188,-0.0790863037109375,0.5589224100112915,0.5951050519943237,0.8335636854171753,-0.012810413725674152,0.8067050576210022,0.5592982769012451,0.7196438312530518,-0.07752843201160431,0.5635548233985901,0.588814914226532,0.8313588500022888,0.007456289138644934,0.8170890212059021,0.5565807223320007,0.714145839214325,-0.0647391825914383,0.5515952706336975,0.5066612958908081,0.805885374546051,-0.011807232163846493,0.9993998408317566,0.46549296379089355,0.7747946977615356,0.011892242357134819,0.99917072057724,0.5204692482948303,0.810560941696167,-0.2383156716823578,0.9698735475540161,0.433227002620697,0.6586689949035645,-0.16053184866905212,0.9560105800628662,0.4407917559146881,0.8421669006347656,-0.23221194744110107,0.7929390072822571,0.44445228576660156,0.8311008810997009,-0.18808546662330627,0.8425428867340088,0.43414467573165894,0.8541558980941772,-0.22901947796344757,0.7611027359962463,0.4504972994327545,0.8483403325080872,-0.18296892940998077,0.7230297327041626,0.40643444657325745,0.8427854180335999,-0.2734663784503937,0.8331705331802368,0.43041691184043884,0.8865970373153687,-0.2396017611026764,0.8368740677833557
54,stand,0.5528736710548401,0.5852233171463013,-0.05931476876139641,0.9999521374702454,0.5571582317352295,0.5733010172843933,-0.04548995941877365,0.9999822974205017,0.5587846040725708,0.5738021731376648,-0.04558251425623894,0.9999791383743286,0.5600928664207458,0.574173629283905,-0.04574248194694519,0.9999880194664001,0.5501458644866943,0.5695069432258606,-0.05354166775941849,0.9999814033508301,0.5468606352806091,0.5674976110458374,-0.053571902215480804,0.9999740719795227,0.5432018041610718,0.5653276443481445,-0.053546756505966187,0.9999733567237854,0.558487057685852,0.5749775767326355,0.03537789732217789,0.9999754428863525,0.5341039896011353,0.5614526271820068,0.0015665087848901749,0.9999490976333618,0.5525060296058655,0.5981255769729614,-0.028610656037926674,0.9999699592590332,0.5440936088562012,0.5965069532394409,-0.03990181162953377,0.9999526739120483,0.5629585981369019,0.6379709243774414,0.04661782085895538,0.9997648000717163,0.50031578540802,0.596494734287262,0.010931077413260937,0.9979162216186523,0.5683094263076782,0.7399170994758606,0.0295371413230896,0.8229912519454956,0.5061912536621094,0.6652620434761047,-0.057222962379455566,0.6860378980636597,0.5804054141044617,0.8232458233833313,-0.01723250187933445,0.8234950304031372,0.5625438690185547,0.6872029304504395,-0.12390781939029694,0.5916013717651367,0.5943213105201721,0.8312175273895264,-0.027574041858315468,0.7954531311988831,0.5722963213920593,0.7111445665359497,-0.1468716859817505,0.5774869322776794,0.5959221124649048,0.8332280516624451,-0.047590602189302444,0.8169967532157898,0.5753606557846069,0.7110617160797119,-0.13597442209720612,0.5817245841026306,0.5895084142684937,0.8312715291976929,-0.02545907534658909,0.8269810080528259,0.5728433728218079,0.7048879265785217,-0.11919017881155014,0.5654869079589844,0.5075799822807312,0.8058142066001892,-0.018307631835341454,0.9994325637817383,0.46876630187034607,0.7735797166824341,0.01836068369448185,0.9991902112960815,0.5143873691558838,0.8093249797821045,-0.26117730140686035,0.9706297516822815,0.437752902507782,0.6570387482643127,-0.13245052099227905,0.954082190990448,0.44481077790260315,0.8442364931106567,-0.22154588997364044,0.8015109300613403,0.4473021626472473,0.8317458033561707,-0.154123917222023,0.8420347571372986,0.44037356972694397,0.8564575910568237,-0.21523022651672363,0.7729787826538086,0.45449700951576233,0.8486399054527283,-0.1543164998292923,0.7266996502876282,0.4072898328304291,0.8685694336891174,-0.2542567849159241,0.8409551978111267,0.4405880868434906,0.8813514709472656,-0.1958957314491272,0.8390911221504211
55,stand,0.5556831359863281,0.5866962671279907,-0.07635045796632767,0.9999520182609558,0.5597635507583618,0.5744647979736328,-0.06054571270942688,0.9999820590019226,0.5613383054733276,0.5748938322067261,-0.060546018183231354,0.9999788999557495,0.5625261068344116,0.5751549005508423,-0.0605863519012928,0.9999876022338867,0.5530404448509216,0.5709043145179749,-0.06836609542369843,0.9999810457229614,0.5495671629905701,0.568899929523468,-0.06840575486421585,0.9999739527702332,0.5456856489181519,0.5667486786842346,-0.06839489191770554,0.9999730587005615,0.559942364692688,0.5753548741340637,0.024132004007697105,0.9999756813049316,0.5352569222450256,0.5625061392784119,-0.009353749454021454,0.9999509453773499,0.5548504590988159,0.6001526713371277,-0.044041913002729416,0.9999691843986511,0.5466059446334839,0.5986645817756653,-0.05436492711305618,0.9999500513076782,0.5630363821983337,0.6379998326301575,0.045157015323638916,0.9997538924217224,0.5024882555007935,0.5974725484848022,-0.0209350548684597,0.9979840517044067,0.5659078359603882,0.7412866353988647,0.03078930638730526,0.8186609745025635,0.5109435319900513,0.6622651815414429,-0.10016198456287384,0.7132560014724731,0.5805059671401978,0.824854850769043,-0.005786442663520575,0.8294194340705872,0.5731485486030579,0.6863464117050171,-0.15265318751335144,0.6258827447891235,0.5940991640090942,0.8315739035606384,-0.012330127879977226,0.8016610145568848,0.584377110004425,0.7078449726104736,-0.17186298966407776,0.6085739731788635,0.5958265066146851,0.8331587910652161,-0.03198334574699402,0.8227987289428711,0.587893545627594,0.7072914838790894,-0.1621382087469101,0.6121528744697571,0.589476466178894,0.8313007950782776,-0.014192162081599236,0.8325716257095337,0.5841962099075317,0.701933741569519,-0.14879973232746124,0.5936611890792847,0.5079584717750549,0.8075832724571228,-0.0170169398188591,0.9994153380393982,0.4700660705566406,0.7736346125602722,0.01707279309630394,0.9991463422775269,0.516216516494751,0.8094429969787598,-0.25699299573898315,0.9710007309913635,0.4430522322654724,0.6534717679023743,-0.13419057428836823,0.9534162878990173,0.4461058974266052,0.8469699621200562,-0.21994690597057343,0.8101539611816406,0.44928693771362305,0.8339589238166809,-0.14239002764225006,0.84352707862854,0.4407102167606354,0.8561320900917053,-0.212445467710495,0.7829680442810059,0.4563940465450287,0.8492180109024048,-0.14165958762168884,0.7323336005210876,0.40724319219589233,0.867641806602478,-0.2447236031293869,0.8484238982200623,0.4441255033016205,0.8784874677658081,-0.18193835020065308,0.8426694869995117
56,stand,0.5575424432754517,0.5880892872810364,-0.09267662465572357,0.9999529123306274,0.5617973804473877,0.5758206844329834,-0.076781265437603,0.9999822974205017,0.5635769963264465,0.5765274167060852,-0.07676435261964798,0.9999792575836182,0.5648823976516724,0.5770307779312134,-0.07678679376840591,0.9999875426292419,0.5548485517501831,0.5717052221298218,-0.08364559710025787,0.9999811053276062,0.5512900352478027,0.5695970058441162,-0.08368498086929321,0.9999743700027466,0.5473273396492004,0.5673853158950806,-0.08367376774549484,0.9999731779098511,0.5624867677688599,0.5773749351501465,0.007006860338151455,0.9999764561653137,0.5365851521492004,0.5633338689804077,-0.023247314617037773,0.9999535083770752,0.5572699904441833,0.6025802493095398,-0.06071390584111214,0.9999691843986511,0.5487152934074402,0.6000943779945374,-0.06974698603153229,0.9999486804008484,0.5635501146316528,0.649914026260376,0.02722870744764805,0.9997294545173645,0.5046226978302002,0.5983908176422119,-0.04063925892114639,0.9980442523956299,0.5656598210334778,0.7477939128875732,0.02598855271935463,0.8027663826942444,0.5197390913963318,0.6572209000587463,-0.1213543564081192,0.7388998866081238,0.5808757543563843,0.8277460932731628,-0.008433117531239986,0.8260200023651123,0.582422137260437,0.6851649284362793,-0.15952791273593903,0.6576310992240906,0.5940259695053101,0.8333772420883179,-0.014087662100791931,0.7990770936012268,0.5955300331115723,0.7054653763771057,-0.17739108204841614,0.6371347308158875,0.596028745174408,0.8343989253044128,-0.03376108407974243,0.820614755153656,0.6000698804855347,0.7045402526855469,-0.16663643717765808,0.63998943567276,0.5895904302597046,0.8323280215263367,-0.017178725451231003,0.8314864039421082,0.5960170030593872,0.6990053057670593,-0.15545397996902466,0.6200141906738281,0.5077625513076782,0.8104066848754883,-0.01631338521838188,0.9994058609008789,0.4704381823539734,0.7742388248443604,0.016365261748433113,0.9991260766983032,0.5177788734436035,0.80877286195755,-0.24790377914905548,0.9710751175880432,0.44666314125061035,0.6530912518501282,-0.12811927497386932,0.9529157280921936,0.4462524354457855,0.8493587970733643,-0.20037662982940674,0.8199611306190491,0.4502856135368347,0.8353832960128784,-0.12073240429162979,0.8447369337081909,0.444000780582428,0.8561657667160034,-0.1924891322851181,0.7926782965660095,0.45733723044395447,0.8497296571731567,-0.118006132543087,0.7367667555809021,0.4072318971157074,0.8648849725723267,-0.22535431385040283,0.8556104302406311,0.4454799294471741,0.8762388229370117,-0.15418291091918945,0.8451611995697021
57,stand,0.559179425239563,0.5884754657745361,-0.08928754180669785,0.9999547004699707,0.5635265111923218,0.5765091180801392,-0.07409922778606415,0.999983012676239,0.5653120279312134,0.5774725079536438,-0.07410667091608047,0.999980092048645,0.5667718648910522,0.5783100724220276,-0.07415440678596497,0.9999879598617554,0.5569596886634827,0.5717790126800537,-0.08232030272483826,0.999981701374054,0.5537000894546509,0.5694540739059448,-0.0823463648557663,0.9999752640724182,0.549939751625061,0.5670199990272522,-0.0823448896408081,0.9999740123748779,0.5642024874687195,0.5786793828010559,0.009007527492940426,0.999977707862854,0.539254367351532,0.5630044341087341,-0.014079684391617775,0.9999560713768005,0.5588151216506958,0.6025667190551758,-0.057563118636608124,0.9999706149101257,0.5507503747940063,0.599695086479187,-0.06765434890985489,0.999950110912323,0.566437840461731,0.6587250828742981,0.022976884618401527,0.9997296333312988,0.5062156319618225,0.5992082357406616,-0.025654148310422897,0.9981268644332886,0.5667389035224915,0.7524805665016174,0.010078920051455498,0.8004549145698547,0.5328981876373291,0.6461247205734253,-0.10475416481494904,0.7577809691429138,0.5814427137374878,0.828916609287262,-0.02618594840168953,0.8228950500488281,0.5900532007217407,0.6785414218902588,-0.15059331059455872,0.6743280291557312,0.5944297313690186,0.8351148962974548,-0.03275579959154129,0.7962502837181091,0.6057028770446777,0.6997684240341187,-0.16947504878044128,0.6470807790756226,0.5966891050338745,0.8358301520347595,-0.05113427713513374,0.8178608417510986,0.6090688705444336,0.6978052854537964,-0.16195955872535706,0.6489706635475159,0.5903224945068359,0.8335946798324585,-0.03435906767845154,0.8298707604408264,0.6031450629234314,0.6920305490493774,-0.148340106010437,0.6267035007476807,0.5082587599754333,0.8127046227455139,-0.018452491611242294,0.9994374513626099,0.47194308042526245,0.7774407267570496,0.018460934981703758,0.9991664290428162,0.5181507468223572,0.8065866231918335,-0.24738352000713348,0.9718171954154968,0.4517752528190613,0.6472357511520386,-0.11337493360042572,0.9518356919288635,0.4477594494819641,0.8497219681739807,-0.1959446221590042,0.8296319842338562,0.4508921205997467,0.8362207412719727,-0.11754560470581055,0.8465790748596191,0.44686049222946167,0.8565104007720947,-0.1872037798166275,0.803637683391571,0.45761972665786743,0.8508872389793396,-0.11623929440975189,0.7421568036079407,0.40823158621788025,0.8637771606445312,-0.21506313979625702,0.8628278374671936,0.4442502558231354,0.8694280982017517,-0.1506880819797516,0.8477780222892761
58,stand,0.5614640116691589,0.5889047980308533,-0.10733749717473984,0.9999561905860901,0.5656657814979553,0.5769754648208618,-0.09152738749980927,0.9999834895133972,0.5673511028289795,0.5779903531074524,-0.09150655567646027,0.999980628490448,0.5687786340713501,0.5789139866828918,-0.09153003990650177,0.9999880194664001,0.5594254732131958,0.5720938444137573,-0.09836764633655548,0.9999822974205017,0.5563182234764099,0.569608747959137,-0.09841292351484299,0.9999762773513794,0.5526659488677979,0.5669678449630737,-0.0983944907784462,0.9999747276306152,0.5659475326538086,0.5788356065750122,-0.006700520869344473,0.9999786019325256,0.5419236421585083,0.5627455711364746,-0.03596653789281845,0.9999587535858154,0.5610248446464539,0.6022273302078247,-0.07491018623113632,0.9999712705612183,0.5531518459320068,0.5993375182151794,-0.08396635204553604,0.9999512434005737,0.5672608613967896,0.6598564386367798,0.004508267156779766,0.9997293949127197,0.5087733268737793,0.5978792905807495,-0.048911795020103455,0.9982427954673767,0.5658108592033386,0.7527176737785339,-0.0007558641373179853,0.789921760559082,0.5407414436340332,0.6370583176612854,-0.13082362711429596,0.7774742841720581,0.5821389555931091,0.830077588558197,-0.036264292895793915,0.8181632161140442,0.6011309623718262,0.6703724265098572,-0.163143128156662,0.6953986883163452,0.5946856141090393,0.835911214351654,-0.042765405029058456,0.7920839190483093,0.6134816408157349,0.6927328109741211,-0.1810441017150879,0.6629277467727661,0.5972506403923035,0.8363020420074463,-0.06085166335105896,0.81380295753479,0.616359531879425,0.693410336971283,-0.16963224112987518,0.6639654636383057,0.5909913778305054,0.8341985940933228,-0.04459577426314354,0.8268235921859741,0.6126460433006287,0.687458872795105,-0.15912282466888428,0.6400002241134644,0.508840799331665,0.8131601214408875,-0.01829649694263935,0.9994644522666931,0.4730736315250397,0.778263509273529,0.018287407234311104,0.9992143511772156,0.5185140371322632,0.8100172877311707,-0.24089069664478302,0.9718513488769531,0.45616817474365234,0.644761323928833,-0.12251965701580048,0.950232744216919,0.4484941363334656,0.8493980169296265,-0.16014625132083893,0.8339052796363831,0.45115867257118225,0.8369124531745911,-0.11720167100429535,0.8470680713653564,0.449237585067749,0.8557464480400085,-0.1476687639951706,0.8076986074447632,0.4581470489501953,0.85172438621521,-0.11438526213169098,0.7443212270736694,0.40918588638305664,0.8613208532333374,-0.16658125817775726,0.8648192882537842,0.4400712549686432,0.8777092695236206,-0.14515134692192078,0.849147617816925
59,stand,0.5633246302604675,0.58814537525177,-0.11237403005361557,0.9999570846557617,0.5679611563682556,0.5764764547348022,-0.09724016487598419,0.9999837279319763,0.5696344971656799,0.5776188969612122,-0.09722047299146652,0.9999808669090271,0.5710198283195496,0.5786916017532349,-0.09723865985870361,0.9999879002571106,0.5616012811660767,0.5714902281761169,-0.1036134585738182,0.9999825954437256,0.5585425496101379,0.5692263841629028,-0.10366670787334442,0.9999768733978271,0.5549275875091553,0.5665368437767029,-0.10365630686283112,0.9999750256538391,0.5682318210601807,0.5789681077003479,-0.013082221150398254,0.9999791383743286,0.5444566011428833,0.5607864856719971,-0.042501050978899,0.9999608397483826,0.5623190402984619,0.6014503836631775,-0.07995527237653732,0.9999720454216003,0.5543602108955383,0.5991715788841248,-0.08863990008831024,0.9999528527259827,0.5672531723976135,0.6624767780303955,0.00016791847883723676,0.9997193217277527,0.5105766654014587,0.5918465852737427,-0.0585600920021534,0.998359203338623,0.5650690793991089,0.757251501083374,-0.009060187265276909,0.774828314781189,0.5447567105293274,0.6302740573883057,-0.14407794177532196,0.7961141467094421,0.5828366875648499,0.831095814704895,-0.05178982764482498,0.8140727281570435,0.6049864888191223,0.6644777655601501,-0.17214789986610413,0.7162491679191589,0.5950397253036499,0.8363007307052612,-0.06014006584882736,0.789476752281189,0.6176660060882568,0.6888745427131653,-0.19070294499397278,0.6792851090431213,0.5978678464889526,0.8365721106529236,-0.07910890877246857,0.8111348748207092,0.6208751797676086,0.6895920038223267,-0.17737767100334167,0.6794492602348328,0.5917019248008728,0.8346763849258423,-0.060633569955825806,0.8242148160934448,0.6172655820846558,0.6841039657592773,-0.16732528805732727,0.6542765498161316,0.5096010565757751,0.8134413957595825,-0.016412150114774704,0.9994676113128662,0.4734693169593811,0.7795341610908508,0.016413016244769096,0.9992427825927734,0.5204020738601685,0.8130773901939392,-0.23505620658397675,0.9712191224098206,0.45858803391456604,0.6466231942176819,-0.13374188542366028,0.9500126242637634,0.44819188117980957,0.8493780493736267,-0.1693233847618103,0.8371564149856567,0.4518515467643738,0.8379124999046326,-0.12421301752328873,0.8489959239959717,0.4477244019508362,0.8510523438453674,-0.15898698568344116,0.8109118938446045,0.45877838134765625,0.8522175550460815,-0.12074291706085205,0.7488721013069153,0.40942779183387756,0.8545295596122742,-0.1894751787185669,0.8667873740196228,0.442716121673584,0.8699365258216858,-0.15766166150569916,0.8516748547554016
60,stand,0.567289412021637,0.587772011756897,-0.11712439358234406,0.999957263469696,0.571092963218689,0.5761098861694336,-0.10207609087228775,0.9999837875366211,0.5723647475242615,0.5772181749343872,-0.10204537212848663,0.9999808073043823,0.5733591318130493,0.5782504677772522,-0.10205298662185669,0.9999874234199524,0.5655361413955688,0.57110196352005,-0.11003366857767105,0.9999827742576599,0.5626455545425415,0.5688143968582153,-0.11008719354867935,0.9999774694442749,0.5595452785491943,0.566311240196228,-0.11007694900035858,0.999975323677063,0.5689343214035034,0.5786141157150269,-0.016729602590203285,0.9999793171882629,0.5486084818840027,0.5596891641616821,-0.053953904658555984,0.9999629259109497,0.5651113390922546,0.6009265184402466,-0.0838589072227478,0.9999722242355347,0.5581192374229431,0.59870445728302,-0.09470371156930923,0.9999539256095886,0.5665351152420044,0.6621159315109253,0.0009957813890650868,0.9996955394744873,0.5124667882919312,0.5871831178665161,-0.06949365139007568,0.9984714388847351,0.5650322437286377,0.7592289447784424,0.00042119756108149886,0.7533888816833496,0.5493332743644714,0.6244009733200073,-0.15371783077716827,0.8145768046379089,0.5840549468994141,0.8315190076828003,-0.04282226413488388,0.8084759712219238,0.6096970438957214,0.6591300368309021,-0.17383000254631042,0.7402368187904358,0.5957881212234497,0.8365516066551208,-0.055965445935726166,0.7856404185295105,0.6216774582862854,0.6840689182281494,-0.19185766577720642,0.7018886208534241,0.5987329483032227,0.8367160558700562,-0.07461382448673248,0.8073485493659973,0.625156044960022,0.6852153539657593,-0.17695562541484833,0.7014751434326172,0.592902421951294,0.8348979353904724,-0.051760416477918625,0.8206496238708496,0.6215623617172241,0.6789920926094055,-0.1680225133895874,0.6760925054550171,0.5107611417770386,0.8129140138626099,-0.01433476246893406,0.9994688034057617,0.47421741485595703,0.7794756293296814,0.014352098107337952,0.9992706775665283,0.521625816822052,0.8170276880264282,-0.23231370747089386,0.9715402126312256,0.45816168189048767,0.6454781293869019,-0.13529059290885925,0.9507009983062744,0.4478833079338074,0.8493330478668213,-0.17168556153774261,0.8417943120002747,0.45281165838241577,0.8379483819007874,-0.1248544454574585,0.8533998131752014,0.4465964436531067,0.851057767868042,-0.16141559183597565,0.8165439367294312,0.45946913957595825,0.8521208167076111,-0.12102155387401581,0.7576087713241577,0.4093209207057953,0.8479490280151367,-0.19017037749290466,0.8705920577049255,0.4463919699192047,0.8682782649993896,-0.15558035671710968,0.8570752143859863
61,stand,0.570943295955658,0.5875360369682312,-0.1032719612121582,0.9999572038650513,0.5746744871139526,0.5759946703910828,-0.0827389806509018,0.9999836683273315,0.5755395889282227,0.5770464539527893,-0.08269710838794708,0.9999805688858032,0.5762566328048706,0.578065037727356,-0.08267416059970856,0.9999868869781494,0.5701395273208618,0.5709291696548462,-0.09619850665330887,0.9999828338623047,0.5678324699401855,0.5685251951217651,-0.09628172218799591,0.9999779462814331,0.565249502658844,0.5659758448600769,-0.09630610048770905,0.9999754428863525,0.5708350539207458,0.578364372253418,0.012637607753276825,0.9999792575836182,0.5552853345870972,0.559124231338501,-0.04899130016565323,0.9999648332595825,0.5674729943275452,0.6006804704666138,-0.06533899158239365,0.9999715685844421,0.561644971370697,0.5976271033287048,-0.08334606885910034,0.9999541640281677,0.5659828782081604,0.6638182997703552,0.028754929080605507,0.9996526837348938,0.5153610706329346,0.5830979943275452,-0.05368596315383911,0.9985717535018921,0.5648422241210938,0.7594113945960999,0.022239049896597862,0.7124311327934265,0.550256609916687,0.621178388595581,-0.15618440508842468,0.8306591510772705,0.5849292874336243,0.8310173749923706,-0.013691112399101257,0.7901664972305298,0.6132339239120483,0.6543384790420532,-0.18073485791683197,0.76161128282547,0.5963988304138184,0.8363372087478638,-0.01946256123483181,0.7703641057014465,0.6260766386985779,0.6798852682113647,-0.19920870661735535,0.7219425439834595,0.5993580222129822,0.8366193771362305,-0.038640037178993225,0.7927706837654114,0.6295455694198608,0.6797765493392944,-0.1806129813194275,0.7207318544387817,0.5936920046806335,0.8348180055618286,-0.022801179438829422,0.8063231110572815,0.6258585453033447,0.6738264560699463,-0.17346957325935364,0.6944242119789124,0.5119509100914001,0.8143637180328369,-0.012470790185034275,0.9994716048240662,0.4754275381565094,0.7805407047271729,0.01252929586917162,0.9993154406547546,0.5216683149337769,0.8180656433105469,-0.22944588959217072,0.9708173871040344,0.4655461311340332,0.6463000178337097,-0.1528967022895813,0.9506356120109558,0.4477211833000183,0.8481565117835999,-0.17229075729846954,0.844321608543396,0.4525972306728363,0.8379263281822205,-0.1457376778125763,0.8564262986183167,0.44579991698265076,0.8407455682754517,-0.16298291087150574,0.8170502185821533,0.459553062915802,0.852673351764679,-0.14343926310539246,0.7625421285629272,0.4091377258300781,0.8435758948326111,-0.19606782495975494,0.8725277185440063,0.4410792887210846,0.8751555681228638,-0.1874709576368332,0.8613621592521667
62,stand,0.5730535387992859,0.5867963433265686,-0.10943911969661713,0.9999557733535767,0.577795147895813,0.5758293271064758,-0.0911441221833229,0.9999827146530151,0.5788285136222839,0.5769743919372559,-0.09111028164625168,0.9999790191650391,0.5797613859176636,0.577831506729126,-0.09110459685325623,0.9999853372573853,0.5730597376823425,0.5700188279151917,-0.10248185694217682,0.9999823570251465,0.5706462264060974,0.5670577883720398,-0.10254310071468353,0.999977707862854,0.5680795311927795,0.563856840133667,-0.10254572331905365,0.9999747276306152,0.5746325254440308,0.5781806111335754,0.004167170263826847,0.9999779462814331,0.5592026710510254,0.5559408664703369,-0.04885020852088928,0.9999656677246094,0.5688409209251404,0.5990743637084961,-0.07267522811889648,0.9999703764915466,0.563193678855896,0.5936262607574463,-0.08784889429807663,0.9999540448188782,0.5658646821975708,0.6620268225669861,0.026959845796227455,0.9996206164360046,0.5191779732704163,0.5767425298690796,-0.06918694078922272,0.9986732602119446,0.5634765625,0.7584117650985718,0.02129175141453743,0.6806452870368958,0.552032470703125,0.616330623626709,-0.1771746426820755,0.8459703326225281,0.5847330689430237,0.8299698829650879,-0.01586894877254963,0.7795224189758301,0.6127694845199585,0.6493077874183655,-0.2035292088985443,0.7818158268928528,0.5962814092636108,0.8359799981117249,-0.019936736673116684,0.7609854340553284,0.6267198324203491,0.6749123334884644,-0.2212197482585907,0.7414903044700623,0.5992110967636108,0.8362129926681519,-0.041939400136470795,0.783715546131134,0.6303874254226685,0.673820972442627,-0.2026732712984085,0.7397361397743225,0.593445897102356,0.8342688679695129,-0.024416062980890274,0.7967875599861145,0.6266303658485413,0.6688865423202515,-0.19600357115268707,0.7129677534103394,0.5127291083335876,0.8123281002044678,-0.00753659987822175,0.9994692206382751,0.47681760787963867,0.7778161764144897,0.007619519717991352,0.9993512630462646,0.5203243494033813,0.8251828551292419,-0.23036329448223114,0.9691542983055115,0.4669885039329529,0.6476801633834839,-0.17525114119052887,0.950428307056427,0.4475632607936859,0.8471814393997192,-0.17428900301456451,0.8408055901527405,0.45264893770217896,0.8379018902778625,-0.15343479812145233,0.8580746650695801,0.4411637783050537,0.8364534378051758,-0.16426485776901245,0.8104726672172546,0.45925602316856384,0.852628231048584,-0.14911118149757385,0.7653515934944153,0.4069642126560211,0.8419561386108398,-0.20081105828285217,0.8706766963005066,0.44171857833862305,0.8781894445419312,-0.19637461006641388,0.8648707866668701
63,stand,0.5761415362358093,0.5856931209564209,-0.11130372434854507,0.9999567866325378,0.5813741087913513,0.5756509304046631,-0.093012735247612,0.9999825954437256,0.582511305809021,0.5768811702728271,-0.09297619760036469,0.9999786615371704,0.5834819078445435,0.5776379704475403,-0.09297037869691849,0.9999846816062927,0.5766215324401855,0.5692897439002991,-0.10430804640054703,0.9999825358390808,0.5741662383079529,0.5659642219543457,-0.10436199605464935,0.999978244304657,0.57170170545578,0.5624097585678101,-0.10435100644826889,0.9999749660491943,0.5785913467407227,0.5780301094055176,0.0029007107950747013,0.9999774694442749,0.5636903643608093,0.553989589214325,-0.05012549087405205,0.9999670386314392,0.5715762972831726,0.5979782342910767,-0.07454656064510345,0.9999701976776123,0.5653717517852783,0.5905158519744873,-0.08972455561161041,0.9999554753303528,0.5662250518798828,0.6610868573188782,0.02805008366703987,0.9995892643928528,0.5220834612846375,0.5702965259552002,-0.0707080215215683,0.998770534992218,0.5621646642684937,0.7577868103981018,0.0323820598423481,0.6495860815048218,0.549932599067688,0.6065149903297424,-0.17672041058540344,0.8598783612251282,0.5845410227775574,0.8282942771911621,-0.008947795256972313,0.7732191681861877,0.6104946136474609,0.6447286605834961,-0.20079517364501953,0.8004262447357178,0.5962566137313843,0.8349779844284058,-0.01436072587966919,0.7552077770233154,0.6246157288551331,0.6702144742012024,-0.21720214188098907,0.7596332430839539,0.5992071032524109,0.8345666527748108,-0.03318428248167038,0.778319776058197,0.6280645132064819,0.669061005115509,-0.19902575016021729,0.757481575012207,0.5933898687362671,0.8326961994171143,-0.017750192433595657,0.7909114956855774,0.6240200996398926,0.6643331050872803,-0.1930297315120697,0.7305998206138611,0.5127784013748169,0.8070133924484253,-0.0024256391916424036,0.9994696378707886,0.47690144181251526,0.7746897339820862,0.00253070006147027,0.9993860721588135,0.5202369093894958,0.8256048560142517,-0.2328232228755951,0.9676584005355835,0.46703118085861206,0.6483707427978516,-0.19420918822288513,0.9513554573059082,0.4483799338340759,0.8453397750854492,-0.17492790520191193,0.8394535183906555,0.45266813039779663,0.8378868103027344,-0.16287456452846527,0.8612906336784363,0.4408473074436188,0.8348179459571838,-0.16512443125247955,0.8066759705543518,0.4551734924316406,0.8511015176773071,-0.15750271081924438,0.7700792551040649,0.40707236528396606,0.8420560956001282,-0.20256812870502472,0.8707928657531738,0.442158043384552,0.8834751844406128,-0.20787064731121063,0.8691074252128601
64,stand,0.5800725221633911,0.5846254825592041,-0.09484579414129257,0.9999577403068542,0.5852194428443909,0.575402557849884,-0.07506777346134186,0.9999820590019226,0.5861515402793884,0.5767408013343811,-0.07503603398799896,0.9999776482582092,0.5870119333267212,0.5776014924049377,-0.07501138001680374,0.9999837279319763,0.5812598466873169,0.5687854290008545,-0.08923755586147308,0.9999825358390808,0.5792877078056335,0.5653612017631531,-0.08928115665912628,0.9999784827232361,0.577021062374115,0.5616657733917236,-0.08926144987344742,0.9999750256538391,0.5824670195579529,0.5774962306022644,0.020575765520334244,0.9999761581420898,0.5694463849067688,0.5525997877120972,-0.047728970646858215,0.9999673366546631,0.5753619074821472,0.5960543155670166,-0.05829199403524399,0.9999691843986511,0.5698215365409851,0.5871517062187195,-0.07740841060876846,0.9999567270278931,0.5669171214103699,0.6556982398033142,0.05037451535463333,0.9995468258857727,0.5262483358383179,0.5643123984336853,-0.06463117897510529,0.9988678097724915,0.5602988004684448,0.7533213496208191,0.05269095301628113,0.6229076981544495,0.5501187443733215,0.5999857187271118,-0.17876572906970978,0.872582733631134,0.5844050049781799,0.8267332315444946,0.006815182976424694,0.7680977582931519,0.6090756058692932,0.643671989440918,-0.20787182450294495,0.8175519704818726,0.5962097644805908,0.8345835208892822,0.001062881899997592,0.7486544847488403,0.6224580407142639,0.6696085929870605,-0.224084734916687,0.7764425873756409,0.5991699695587158,0.8339566588401794,-0.01537590753287077,0.7721970677375793,0.6256867051124573,0.6694526672363281,-0.20491237938404083,0.7739373445510864,0.5933860540390015,0.831805408000946,-0.0017126059392467141,0.7833524346351624,0.6213661432266235,0.6641738414764404,-0.19959105551242828,0.7468229532241821,0.5125800967216492,0.7994679808616638,0.007757200393825769,0.9994741678237915,0.4768868386745453,0.7660719156265259,-0.007620997726917267,0.9994249939918518,0.5202773809432983,0.8279966711997986,-0.22284838557243347,0.9663259983062744,0.46796661615371704,0.6483268141746521,-0.23002538084983826,0.9535830020904541,0.44993457198143005,0.8409389853477478,-0.1633828729391098,0.8356026411056519,0.45270490646362305,0.8383445143699646,-0.19429150223731995,0.8663589954376221,0.4407406449317932,0.8239511251449585,-0.15388701856136322,0.8018426895141602,0.4547606408596039,0.851678192615509,-0.18896926939487457,0.7780540585517883,0.4089878499507904,0.8425087928771973,-0.19557428359985352,0.8710970878601074,0.44251036643981934,0.8895738124847412,-0.24486255645751953,0.8746430277824402
65,stand,0.5849911570549011,0.5841397047042847,-0.0681406706571579,0.9999592304229736,0.5899795293807983,0.5752979516983032,-0.04883277788758278,0.9999821186065674,0.5906463861465454,0.5766769647598267,-0.04881522059440613,0.9999776482582092,0.5912410616874695,0.5775734186172485,-0.04879269376397133,0.9999837875366211,0.5868706703186035,0.5684565901756287,-0.064145028591156,0.9999828934669495,0.5851519107818604,0.5649288892745972,-0.06417392194271088,0.9999791383743286,0.5832809209823608,0.5611957907676697,-0.06414791196584702,0.9999756217002869,0.5861867666244507,0.5766862034797668,0.043386127799749374,0.999976396560669,0.5744975805282593,0.5512107610702515,-0.02973577007651329,0.9999682307243347,0.5798496603965759,0.595059871673584,-0.03325396031141281,0.9999692440032959,0.5753048658370972,0.5858888626098633,-0.05390118435025215,0.999958872795105,0.5671123266220093,0.6490842700004578,0.0704897865653038,0.9995356202125549,0.5315902829170227,0.559069812297821,-0.05967066437005997,0.998962938785553,0.5603534579277039,0.7507073283195496,0.0675131306052208,0.6118326187133789,0.5460914969444275,0.5938155651092529,-0.18216003477573395,0.8838698267936707,0.5845972299575806,0.8260831832885742,0.0198068805038929,0.7714874744415283,0.604775071144104,0.6470514535903931,-0.22244596481323242,0.8332201242446899,0.5969944000244141,0.8345543742179871,0.015580450184643269,0.7502350211143494,0.6164816617965698,0.6730316281318665,-0.23891672492027283,0.7923265099525452,0.6000202894210815,0.8339970111846924,-0.000339078571414575,0.7733306884765625,0.6189049482345581,0.6733795404434204,-0.2193893939256668,0.7894511818885803,0.5943126082420349,0.8317791223526001,0.011603795923292637,0.7828434705734253,0.6153305768966675,0.6678884029388428,-0.21406622231006622,0.7623099684715271,0.5096452832221985,0.7906093001365662,0.01580747216939926,0.9994944334030151,0.4764401912689209,0.7535977959632874,-0.01567063108086586,0.9994680285453796,0.5221298336982727,0.8279987573623657,-0.20803706347942352,0.9665128588676453,0.4699613153934479,0.6488181948661804,-0.2548406422138214,0.9568710923194885,0.4503110349178314,0.8360803127288818,-0.16002200543880463,0.8345947861671448,0.45260491967201233,0.8410202860832214,-0.22703483700752258,0.8740917444229126,0.44074398279190063,0.8243372440338135,-0.151197612285614,0.8016036152839661,0.45318737626075745,0.8555213809013367,-0.22183796763420105,0.7904956936836243,0.4088510572910309,0.8423229455947876,-0.18913397192955017,0.8733209371566772,0.44816094636917114,0.9000332951545715,-0.27751046419143677,0.8820242881774902
66,stand,0.5897196531295776,0.5841379165649414,-0.0682041198015213,0.9999587535858154,0.5952925682067871,0.5752941370010376,-0.04871625453233719,0.9999808669090271,0.5957992672920227,0.5766565799713135,-0.048706818372011185,0.9999759793281555,0.596214771270752,0.5776729583740234,-0.04869050532579422,0.9999826550483704,0.5925907492637634,0.5684383511543274,-0.0647197738289833,0.9999819993972778,0.5909145474433899,0.5649134516716003,-0.06474845111370087,0.9999784231185913,0.5891596078872681,0.5611199140548706,-0.06472421437501907,0.9999744892120361,0.5908282995223999,0.5765079259872437,0.04696458578109741,0.9999749660491943,0.5801931023597717,0.5504882335662842,-0.028825823217630386,0.9999655485153198,0.5839470624923706,0.5949463844299316,-0.03183198720216751,0.9999675154685974,0.5800454020500183,0.5859010219573975,-0.05357319861650467,0.9999585747718811,0.5685271620750427,0.6437950730323792,0.07867082953453064,0.999528706073761,0.5366460680961609,0.5549948215484619,-0.05743257328867912,0.9990426301956177,0.5620602965354919,0.7394381761550903,0.07674311846494675,0.5997390747070312,0.5498278141021729,0.5966479182243347,-0.18705376982688904,0.8914393186569214,0.5844889879226685,0.8254302740097046,0.023150254040956497,0.7714648246765137,0.6006948351860046,0.6483514308929443,-0.2593063414096832,0.8439856767654419,0.5969363451004028,0.834710419178009,0.018845263868570328,0.7490249276161194,0.612322211265564,0.6750404238700867,-0.28106528520584106,0.8017449975013733,0.5999529361724854,0.8345044255256653,0.0010197178926318884,0.7720272541046143,0.616646945476532,0.6796286106109619,-0.2652100920677185,0.7985970973968506,0.5942044854164124,0.8318237066268921,0.014360705390572548,0.7798283100128174,0.6113916635513306,0.6727936267852783,-0.2535049021244049,0.7701136469841003,0.5093305706977844,0.7785017490386963,0.019936222583055496,0.9994749426841736,0.47622624039649963,0.7404281497001648,-0.019816232845187187,0.9994910359382629,0.5220624208450317,0.8290871381759644,-0.20660285651683807,0.966367781162262,0.47213539481163025,0.6494964361190796,-0.27876269817352295,0.9596009850502014,0.4519832134246826,0.8263508081436157,-0.1455802619457245,0.8272538185119629,0.4519895613193512,0.8408749103546143,-0.2659090459346771,0.8816824555397034,0.4432118535041809,0.8185035586357117,-0.13584205508232117,0.7961100339889526,0.4423649311065674,0.8570297956466675,-0.26281240582466125,0.8028250932693481,0.40978264808654785,0.8397515416145325,-0.1720995306968689,0.8720442652702332,0.44864144921302795,0.9066247940063477,-0.32644763588905334,0.8894109725952148
67,stand,0.5926086902618408,0.585516631603241,-0.05791429802775383,0.9999212622642517,0.5990523099899292,0.5774577856063843,-0.041192878037691116,0.9999545812606812,0.5995537042617798,0.5790182948112488,-0.04121917486190796,0.9999476671218872,0.5999836921691895,0.5803813934326172,-0.041230328381061554,0.9999603629112244,0.5965124368667603,0.5695304870605469,-0.05855965614318848,0.9999577403068542,0.5951180458068848,0.5653609037399292,-0.05858822539448738,0.9999542236328125,0.5936315059661865,0.5611833930015564,-0.05858638137578964,0.9999409914016724,0.5953911542892456,0.5766671299934387,0.044070590287446976,0.999943733215332,0.5859987735748291,0.5497579574584961,-0.03464985638856888,0.9999179244041443,0.5864332914352417,0.5953211188316345,-0.025282680988311768,0.9999336004257202,0.5824549794197083,0.5861366987228394,-0.04907892271876335,0.999931275844574,0.5686724185943604,0.6319141387939453,0.08041301369667053,0.9994609355926514,0.5405064225196838,0.5526313185691833,-0.07030798494815826,0.9990874528884888,0.5610703229904175,0.7322360277175903,0.07760818302631378,0.5647839307785034,0.554093062877655,0.5992932319641113,-0.18647904694080353,0.8831766247749329,0.5837540626525879,0.822814404964447,0.031477101147174835,0.7499329447746277,0.5922905802726746,0.6498428583145142,-0.24856777489185333,0.8374289274215698,0.5968424081802368,0.8342295289039612,0.0307785477489233,0.7310169339179993,0.5949369668960571,0.6758241057395935,-0.26965638995170593,0.7929555177688599,0.5997813940048218,0.834561824798584,0.01299553643912077,0.7544388175010681,0.5998650789260864,0.6808539628982544,-0.2556720972061157,0.7894715666770935,0.5937854647636414,0.8316614031791687,0.022873500362038612,0.7614767551422119,0.5974308848381042,0.6729596257209778,-0.2440357655286789,0.7582651972770691,0.5033868551254272,0.7664603590965271,0.03400418907403946,0.999382734298706,0.4729946553707123,0.7271204590797424,-0.033907126635313034,0.9994954466819763,0.5219670534133911,0.8282433152198792,-0.1187267079949379,0.9617946743965149,0.4722825586795807,0.6491615176200867,-0.2874084413051605,0.9621808528900146,0.4557417333126068,0.8134598731994629,-0.03345119580626488,0.8082477450370789,0.4500473141670227,0.837877631187439,-0.25784289836883545,0.8893771767616272,0.44752827286720276,0.7936286926269531,-0.021017711609601974,0.7812024354934692,0.4372870922088623,0.8568093180656433,-0.25241872668266296,0.8145230412483215,0.43347978591918945,0.8259337544441223,-0.03387963026762009,0.8591501116752625,0.4596668779850006,0.9013780355453491,-0.3060433268547058,0.8958220481872559
68,stand,0.5954678654670715,0.590423583984375,-0.042037274688482285,0.9999027252197266,0.6021214127540588,0.5833832025527954,-0.02741241827607155,0.9999330043792725,0.6026171445846558,0.5847358107566833,-0.027478858828544617,0.9999268054962158,0.6030586957931519,0.5859485864639282,-0.027529429644346237,0.9999447464942932,0.600103497505188,0.5744295120239258,-0.0453404001891613,0.999936580657959,0.5990637540817261,0.5690382122993469,-0.04535473510622978,0.9999336004257202,0.5979637503623962,0.5632984638214111,-0.045356348156929016,0.9999148845672607,0.5985578298568726,0.577514111995697,0.04499638080596924,0.9999138116836548,0.5912226438522339,0.549758791923523,-0.035540781915187836,0.9998762011528015,0.587695300579071,0.5992971062660217,-0.013616753742098808,0.9999187588691711,0.5847328901290894,0.5888785719871521,-0.0377725288271904,0.9999196529388428,0.5686355233192444,0.6182641983032227,0.0829983726143837,0.999445378780365,0.5442151427268982,0.5524837970733643,-0.07543455064296722,0.9991120100021362,0.5609115362167358,0.7197797894477844,0.0838499665260315,0.5459654927253723,0.5578369498252869,0.6480271816253662,-0.14605757594108582,0.8772015571594238,0.5825729966163635,0.8222337365150452,0.048755839467048645,0.7322499752044678,0.5754185318946838,0.6862421035766602,-0.1687336564064026,0.8311827182769775,0.5968160629272461,0.8342535495758057,0.049004342406988144,0.7154955267906189,0.5745559930801392,0.7498670816421509,-0.1893293261528015,0.7870352268218994,0.5996631383895874,0.8351474404335022,0.030873969197273254,0.7387006878852844,0.5793431401252747,0.714025616645813,-0.1829662173986435,0.7837114930152893,0.5926917791366577,0.8316859602928162,0.03994743525981903,0.7456783056259155,0.5763710737228394,0.7099136710166931,-0.1668369621038437,0.7496677041053772,0.5001888871192932,0.7433605790138245,0.034779228270053864,0.9993516206741333,0.4675704538822174,0.7018622756004333,-0.03462333232164383,0.9994786381721497,0.5219905376434326,0.8273299932479858,-0.15139541029930115,0.9628212451934814,0.4727298319339752,0.6490144729614258,-0.3043892979621887,0.9648296236991882,0.44509464502334595,0.8073248863220215,-0.06254157423973083,0.8134245276451111,0.45062360167503357,0.8320531249046326,-0.25986170768737793,0.8972243070602417,0.43539515137672424,0.7852820754051208,-0.0495104156434536,0.7879942655563354,0.4408891797065735,0.8497191667556763,-0.2525690197944641,0.826962947845459,0.41962093114852905,0.82905513048172,-0.06475164741277695,0.8617237210273743,0.4648284912109375,0.8971717953681946,-0.3051082193851471,0.9028657078742981
69,stand,0.5975422263145447,0.5961875915527344,-0.02475547417998314,0.9999086260795593,0.605139434337616,0.5911423563957214,-0.010357426479458809,0.9999359846115112,0.605478823184967,0.592957079410553,-0.010414235293865204,0.9999300241470337,0.6057124733924866,0.5944064855575562,-0.010458910837769508,0.9999474883079529,0.6038029789924622,0.5815649032592773,-0.029314521700143814,0.9999395608901978,0.6031278967857361,0.5764119029045105,-0.029326627030968666,0.999936580657959,0.6024011373519897,0.5698728561401367,-0.029308632016181946,0.9999192953109741,0.6014612317085266,0.5840550661087036,0.06266529858112335,0.9999178051948547,0.5973044633865356,0.5512497425079346,-0.0258300993591547,0.9998815655708313,0.5881245136260986,0.6038510799407959,0.004358544480055571,0.9999237060546875,0.5865120887756348,0.59193354845047,-0.021146411076188087,0.9999248385429382,0.569412112236023,0.6168833374977112,0.10438940674066544,0.9994778633117676,0.5481429696083069,0.5469387769699097,-0.06932955235242844,0.9991829991340637,0.5609055757522583,0.7177778482437134,0.11590428650379181,0.5481907725334167,0.5544109344482422,0.6423463225364685,-0.13057799637317657,0.8802236914634705,0.580098569393158,0.8190117478370667,0.06578408181667328,0.7272030115127563,0.5632287263870239,0.7035226225852966,-0.1778702288866043,0.8358805179595947,0.5942186117172241,0.8326835632324219,0.0640782043337822,0.7110199332237244,0.5626689195632935,0.7303155660629272,-0.19927820563316345,0.7931749820709229,0.5968286395072937,0.8332217931747437,0.045075152069330215,0.7340188026428223,0.5620781183242798,0.7069729566574097,-0.19224855303764343,0.7904067635536194,0.5892822742462158,0.8283272385597229,0.05660705640912056,0.7403340339660645,0.5612158179283142,0.7019624710083008,-0.1762157827615738,0.7549105882644653,0.49467334151268005,0.7317735552787781,0.037491753697395325,0.9993758797645569,0.4613901972770691,0.6897172927856445,-0.03733956813812256,0.9994985461235046,0.5209342241287231,0.8287445902824402,-0.14352324604988098,0.964513897895813,0.47504085302352905,0.6487908959388733,-0.2915892004966736,0.9674500823020935,0.43414393067359924,0.8048972487449646,-0.08798573166131973,0.8199207186698914,0.45064178109169006,0.8312416076660156,-0.2682097852230072,0.9035455584526062,0.4246048331260681,0.7799274921417236,-0.07839509844779968,0.7963129878044128,0.4405665397644043,0.8466655015945435,-0.26247963309288025,0.8383354544639587,0.40928322076797485,0.8289725184440613,-0.09702091664075851,0.8657717704772949,0.46764102578163147,0.8947592973709106,-0.3092600405216217,0.9088834524154663
70,stand,0.59946209192276,0.6033855676651001,-0.03976398706436157,0.9999067187309265,0.6075447201728821,0.5988810658454895,-0.022319424897432327,0.9999344944953918,0.6078737378120422,0.6004992127418518,-0.022378310561180115,0.99992835521698,0.60813307762146,0.6018197536468506,-0.02242770977318287,0.9999469518661499,0.6062313318252563,0.588876485824585,-0.04258839040994644,0.9999370574951172,0.6056585907936096,0.5836661458015442,-0.0426047146320343,0.9999334812164307,0.6049858927726746,0.5777154564857483,-0.04257814586162567,0.9999158382415771,0.6037135124206543,0.5900348424911499,0.06577493995428085,0.9999193549156189,0.6003270745277405,0.558722734451294,-0.028553327545523643,0.9998731017112732,0.590495228767395,0.609054684638977,-0.00580455269664526,0.9999248385429382,0.5900317430496216,0.5963361263275146,-0.033274825662374496,0.999925434589386,0.5702307224273682,0.6226533651351929,0.11185821145772934,0.9995095729827881,0.549992024898529,0.5389232039451599,-0.06486301124095917,0.9992302060127258,0.5612902641296387,0.7214237451553345,0.12794986367225647,0.5670343637466431,0.5408239960670471,0.617163360118866,-0.1688711941242218,0.8832926154136658,0.580093264579773,0.8192886114120483,0.061868004500865936,0.7370507717132568,0.5474853515625,0.646770715713501,-0.27849647402763367,0.8430090546607971,0.5950056910514832,0.8328810930252075,0.059292811900377274,0.7192346453666687,0.5621179938316345,0.6545377969741821,-0.3058844208717346,0.8005399703979492,0.5968745946884155,0.8335679769515991,0.038479626178741455,0.742051362991333,0.5648651719093323,0.64750736951828,-0.2995374798774719,0.7981241345405579,0.5894709229469299,0.8285815715789795,0.05198473483324051,0.7469541430473328,0.5621436238288879,0.6483246088027954,-0.2780998945236206,0.7611474394798279,0.49231886863708496,0.7280588150024414,0.04577530547976494,0.9993520975112915,0.45882439613342285,0.6823902726173401,-0.04561328887939453,0.999488890171051,0.5205996036529541,0.8284797668457031,-0.1227739080786705,0.9649568200111389,0.4779619574546814,0.6538776755332947,-0.3161161541938782,0.9694838523864746,0.43180879950523376,0.8005226850509644,-0.057743050158023834,0.8145094513893127,0.45074719190597534,0.8310388922691345,-0.3016505241394043,0.9088743925094604,0.42366570234298706,0.7739819884300232,-0.048354823142290115,0.7937939763069153,0.441246896982193,0.8470253944396973,-0.29711636900901794,0.8480430245399475,0.4089515209197998,0.8204361796379089,-0.07015939801931381,0.860019862651825,0.46647801995277405,0.8934751152992249,-0.3517129421234131,0.9139761328697205
71,stand,0.6019992232322693,0.6110177636146545,-0.043124858289957047,0.9999050498008728,0.6096323728561401,0.6065154075622559,-0.026194006204605103,0.9999327063560486,0.6097828149795532,0.6082338094711304,-0.026249628514051437,0.9999270439147949,0.6098503470420837,0.6098012924194336,-0.02630322240293026,0.9999461770057678,0.6085712313652039,0.5973358154296875,-0.04715549573302269,0.9999356269836426,0.6080824732780457,0.5926148295402527,-0.04718387871980667,0.999931812286377,0.607620120048523,0.5874530076980591,-0.047161806374788284,0.9999145269393921,0.605057418346405,0.5964889526367188,0.05919612571597099,0.9999200105667114,0.6026052832603455,0.5685304403305054,-0.03976976498961449,0.999867856502533,0.5926886796951294,0.6150144934654236,-0.009936063550412655,0.9999256730079651,0.5930490493774414,0.6034805774688721,-0.03817563131451607,0.9999266862869263,0.5703762769699097,0.623965859413147,0.10391558706760406,0.9995408058166504,0.553742527961731,0.5378456115722656,-0.06320632994174957,0.9992907643318176,0.5625985860824585,0.7233894467353821,0.11835934221744537,0.5946704149246216,0.5276221036911011,0.5903345942497253,-0.17539866268634796,0.8880845308303833,0.5801095366477966,0.8194871544837952,0.05375177413225174,0.7543309330940247,0.5319743752479553,0.6204285621643066,-0.30120283365249634,0.8524066209793091,0.5951685309410095,0.8332623243331909,0.0508136972784996,0.7344068884849548,0.5411103963851929,0.6223852634429932,-0.33034318685531616,0.8117446899414062,0.5968838930130005,0.8348537087440491,0.029873505234718323,0.7567868232727051,0.5468086004257202,0.6210880279541016,-0.3255752623081207,0.8098687529563904,0.5896018743515015,0.8303033709526062,0.04345783591270447,0.7612183094024658,0.5452283024787903,0.6218487024307251,-0.30205750465393066,0.7733124494552612,0.4900660514831543,0.7144964337348938,0.04634562134742737,0.9992635250091553,0.4580531120300293,0.6678829789161682,-0.046124137938022614,0.9994649887084961,0.5176172256469727,0.8213344812393188,-0.12379348278045654,0.9660517573356628,0.4774637818336487,0.6598213315010071,-0.3274381458759308,0.9719353318214417,0.4275996685028076,0.7860870957374573,-0.07221542298793793,0.8154781460762024,0.4523812234401703,0.8365908265113831,-0.3341009020805359,0.9157482981681824,0.4210329055786133,0.7608778476715088,-0.06389223784208298,0.7965378761291504,0.44418829679489136,0.8545235395431519,-0.3320404887199402,0.8591414093971252,0.40587979555130005,0.8043028116226196,-0.09060113877058029,0.8603427410125732,0.47177547216415405,0.8966311812400818,-0.3969198167324066,0.9203316569328308
72,stand,0.6012971997261047,0.6155713200569153,-0.046079423278570175,0.9999104738235474,0.608192503452301,0.6126382350921631,-0.030503207817673683,0.9999333620071411,0.6081650257110596,0.6144846081733704,-0.030545422807335854,0.9999276399612427,0.6081105470657349,0.616170346736908,-0.030569512397050858,0.9999455213546753,0.6077488660812378,0.6033042669296265,-0.04757968708872795,0.9999376535415649,0.6074932813644409,0.5988747477531433,-0.047601282596588135,0.9999341368675232,0.6072548627853394,0.5938175916671753,-0.04759499803185463,0.9999184608459473,0.6035730838775635,0.6050398945808411,0.053592078387737274,0.9999191761016846,0.6025546193122864,0.576284646987915,-0.040545545518398285,0.9998747706413269,0.5926600694656372,0.6192333698272705,-0.013916047289967537,0.9999282956123352,0.5928893685340881,0.6081929802894592,-0.04142409563064575,0.9999319911003113,0.5697340369224548,0.6364617347717285,0.10141502320766449,0.9995740652084351,0.5600611567497253,0.5409306883811951,-0.062299273908138275,0.9993590116500854,0.5628522634506226,0.7271957397460938,0.12212829291820526,0.6171892881393433,0.5267241597175598,0.5319482088088989,-0.17109137773513794,0.8973915576934814,0.5800271034240723,0.8196107745170593,0.052603840827941895,0.7703081369400024,0.5181336998939514,0.6210851669311523,-0.2839505970478058,0.8626614809036255,0.5947237610816956,0.8337026238441467,0.04805038869380951,0.748890221118927,0.5130610466003418,0.6457939743995667,-0.311867892742157,0.8229581713676453,0.5958254933357239,0.8354944586753845,0.026737671345472336,0.7706071138381958,0.5189778208732605,0.6432700157165527,-0.30518481135368347,0.8212642073631287,0.589289128780365,0.8316531777381897,0.0418119803071022,0.7739933133125305,0.5205387473106384,0.641568124294281,-0.28286510705947876,0.7855063676834106,0.49047011137008667,0.70378178358078,0.04748266190290451,0.9992341995239258,0.4593711495399475,0.6613684892654419,-0.047281768172979355,0.999477207660675,0.5122130513191223,0.8138539791107178,-0.09751985967159271,0.9650434255599976,0.47646480798721313,0.6832050681114197,-0.3246421813964844,0.9740129113197327,0.4268854260444641,0.7665688991546631,-0.01698463037610054,0.8105109333992004,0.45248404145240784,0.8348659873008728,-0.29234379529953003,0.920280933380127,0.4189075827598572,0.7415472865104675,-0.006252803839743137,0.7961286902427673,0.44546717405319214,0.8502113223075867,-0.2868421673774719,0.8669877052307129,0.4003593325614929,0.785042405128479,-0.027291590347886086,0.8516746163368225,0.4697938561439514,0.8964124917984009,-0.34724149107933044,0.9237513542175293
73,stand,0.6000912189483643,0.6207123398780823,-0.10702105611562729,0.9999170899391174,0.6071496605873108,0.6203945875167847,-0.08726200461387634,0.9999363422393799,0.6071494817733765,0.6228870153427124,-0.08730720728635788,0.999930202960968,0.607085108757019,0.6250577569007874,-0.08737899363040924,0.9999463558197021,0.6068804264068604,0.609075665473938,-0.10305406898260117,0.999941349029541,0.6067379713058472,0.603977382183075,-0.10306230932474136,0.9999378323554993,0.6064788103103638,0.5980764031410217,-0.10303519666194916,0.9999239444732666,0.6029368042945862,0.6166170239448547,0.01441210974007845,0.9999191164970398,0.6022736430168152,0.5803651809692383,-0.06209943816065788,0.9998839497566223,0.5916382074356079,0.6243728399276733,-0.06830395013093948,0.9999306201934814,0.5913995504379272,0.6123830676078796,-0.09047384560108185,0.9999370574951172,0.5686386823654175,0.6403912305831909,0.0906219407916069,0.9996069073677063,0.5634346604347229,0.5431839823722839,-0.06684786081314087,0.9994211792945862,0.5628618001937866,0.7301951050758362,0.11440782248973846,0.6412023305892944,0.5235961675643921,0.5193171501159668,-0.15385158360004425,0.9059990644454956,0.5802013278007507,0.820257842540741,0.04730764776468277,0.787001371383667,0.5062299966812134,0.6188141703605652,-0.2605343461036682,0.8707468509674072,0.5953077673912048,0.8341969847679138,0.04477226734161377,0.7650326490402222,0.4966464638710022,0.6430091261863708,-0.2852489948272705,0.8308385610580444,0.5959364175796509,0.8360202312469482,0.02015708200633526,0.7857156991958618,0.5015978217124939,0.6488915681838989,-0.27875640988349915,0.8294804692268372,0.5893232822418213,0.8322382569313049,0.03948768228292465,0.7879340052604675,0.5043144226074219,0.6448361277580261,-0.2584726810455322,0.7944363951683044,0.48963838815689087,0.6900987029075623,0.04988476261496544,0.9992275834083557,0.46244317293167114,0.6565548181533813,-0.04972248524427414,0.9994949102401733,0.5037952065467834,0.8037083148956299,-0.05133024603128433,0.9594953656196594,0.4627758860588074,0.7192912697792053,-0.3034810721874237,0.975333034992218,0.4132417142391205,0.7564346194267273,0.015458039939403534,0.802528977394104,0.4536246359348297,0.8321041464805603,-0.26407718658447266,0.9200287461280823,0.4091116786003113,0.7281379699707031,0.023841265588998795,0.7953455448150635,0.448080450296402,0.8498948216438293,-0.2554667592048645,0.8695067167282104,0.39145025610923767,0.7886340022087097,0.00280375755392015,0.8377063274383545,0.46894168853759766,0.8958523869514465,-0.30603983998298645,0.9215551018714905
74,stand,0.5988066792488098,0.6260412931442261,-0.16498759388923645,0.9999207258224487,0.6057076454162598,0.6248184442520142,-0.1481402963399887,0.9999316334724426,0.605718195438385,0.626971960067749,-0.14814886450767517,0.9999231100082397,0.6056696176528931,0.6288360953330994,-0.14820027351379395,0.9999359250068665,0.6054588556289673,0.6148830652236938,-0.16380514204502106,0.9999403357505798,0.6053270101547241,0.6096411943435669,-0.16383691132068634,0.9999368786811829,0.6051753759384155,0.6038331985473633,-0.16381551325321198,0.9999252557754517,0.6017077565193176,0.6191259026527405,-0.05710998922586441,0.9998986721038818,0.6016805171966553,0.5854252576828003,-0.13152046501636505,0.9998897910118103,0.5905445218086243,0.6286942958831787,-0.12961840629577637,0.9999268651008606,0.5899366140365601,0.6181461811065674,-0.15124846994876862,0.9999407529830933,0.5680670142173767,0.6424188017845154,0.022928329184651375,0.9996358156204224,0.5638178586959839,0.5444830656051636,-0.1264079511165619,0.999477744102478,0.5628300309181213,0.7308464646339417,0.06103032827377319,0.6685011386871338,0.519690752029419,0.5127407908439636,-0.18865415453910828,0.9149503111839294,0.5800105333328247,0.8209010362625122,-0.011778978630900383,0.8051186203956604,0.4982573091983795,0.6141064763069153,-0.26628655195236206,0.8814822435379028,0.5951877236366272,0.834253191947937,-0.016968563199043274,0.78300940990448,0.4865686297416687,0.6335005164146423,-0.2880069613456726,0.8426406979560852,0.5953377485275269,0.8360191583633423,-0.038115404546260834,0.8023779988288879,0.4933052659034729,0.6444196701049805,-0.2842150032520294,0.8414726257324219,0.5886430740356445,0.8322417140007019,-0.022458581253886223,0.8037845492362976,0.49687257409095764,0.6404809951782227,-0.26475515961647034,0.8083171844482422,0.48881417512893677,0.6787065863609314,0.05592496320605278,0.9991732239723206,0.4646282196044922,0.649280309677124,-0.05583392456173897,0.9995049238204956,0.4886144697666168,0.7895538210868835,0.04587658494710922,0.929401695728302,0.4636479914188385,0.7543138265609741,-0.20867577195167542,0.9766435623168945,0.40537261962890625,0.7559203505516052,0.13061222434043884,0.7860603332519531,0.4461999833583832,0.8371567726135254,-0.1553048938512802,0.9234206080436707,0.3973677158355713,0.7336832880973816,0.13833342492580414,0.782269299030304,0.44651681184768677,0.8498232364654541,-0.14990191161632538,0.8742093443870544,0.39313268661499023,0.796991229057312,0.12020426988601685,0.8180105090141296,0.46844714879989624,0.888684093952179,-0.19510255753993988,0.9228718876838684
75,stand,0.597933828830719,0.6293209791183472,-0.1375661939382553,0.9999268054962158,0.6047252416610718,0.6282239556312561,-0.12809646129608154,0.9999357461929321,0.6048562526702881,0.6304140090942383,-0.12811939418315887,0.9999269843101501,0.6049811840057373,0.6323502659797668,-0.12814968824386597,0.9999385476112366,0.60426926612854,0.6186439990997314,-0.14193564653396606,0.9999445676803589,0.6041470170021057,0.6134867072105408,-0.14213348925113678,0.9999412894248962,0.604071319103241,0.6078142523765564,-0.14199593663215637,0.9999312162399292,0.60084068775177,0.6228213906288147,-0.017148783430457115,0.9999024868011475,0.6007794141769409,0.5899803638458252,-0.09039556980133057,0.9998995661735535,0.5901035070419312,0.632049024105072,-0.09349129348993301,0.9999304413795471,0.5889261960983276,0.621742308139801,-0.11410808563232422,0.9999459385871887,0.5656136870384216,0.6438982486724854,0.07173620909452438,0.9996675252914429,0.5623888373374939,0.5452181100845337,-0.09810222685337067,0.999529242515564,0.5613084435462952,0.7311200499534607,0.1068984642624855,0.6887196898460388,0.5153539776802063,0.5067440867424011,-0.15033367276191711,0.9228785037994385,0.5790508985519409,0.8211328983306885,0.03804865479469299,0.8211583495140076,0.4899459481239319,0.6100011467933655,-0.21259558200836182,0.8908796906471252,0.5943795442581177,0.8342540264129639,0.03711637109518051,0.7991703152656555,0.47889262437820435,0.6306569576263428,-0.2286197394132614,0.8532434701919556,0.5948342084884644,0.8359091877937317,0.018535129725933075,0.8171182870864868,0.4869735836982727,0.6434820294380188,-0.22348777949810028,0.8520792722702026,0.5875022411346436,0.832186222076416,0.02830870822072029,0.8175049424171448,0.4901149868965149,0.6391753554344177,-0.20940685272216797,0.8204034566879272,0.4830322861671448,0.6720113754272461,0.06114984676241875,0.9992231130599976,0.4647045135498047,0.6358312964439392,-0.06111236289143562,0.9995291233062744,0.4763732850551605,0.7896750569343567,0.011055362410843372,0.9039478302001953,0.4756813645362854,0.7332109212875366,-0.18630845844745636,0.9770935773849487,0.4048796594142914,0.7601015567779541,0.06865528970956802,0.7632046341896057,0.4528046250343323,0.8345829248428345,-0.15564171969890594,0.9256042838096619,0.3897661566734314,0.7407533526420593,0.0744660347700119,0.7727764844894409,0.4471263885498047,0.8499631881713867,-0.15239131450653076,0.879236102104187,0.3907361924648285,0.8003969192504883,0.055653173476457596,0.7967580556869507,0.4781782031059265,0.8887091875076294,-0.1992444097995758,0.9229812622070312
76,stand,0.5971534848213196,0.6343488693237305,-0.09195476025342941,0.9999333024024963,0.6042359471321106,0.6323827505111694,-0.07628916949033737,0.9999409914016724,0.6041444540023804,0.6338503360748291,-0.07628726214170456,0.999932587146759,0.6040528416633606,0.6350980401039124,-0.07627540826797485,0.9999430775642395,0.6037503480911255,0.6249353885650635,-0.10153083503246307,0.9999494552612305,0.60329669713974,0.620618999004364,-0.1015775203704834,0.9999464154243469,0.6029440760612488,0.61564040184021,-0.10153541713953018,0.9999374151229858,0.6003288626670837,0.623744785785675,-0.006353179924190044,0.9999099969863892,0.5994349718093872,0.5966694951057434,-0.07824251055717468,0.9999091625213623,0.5887936949729919,0.6360766291618347,-0.06319551169872284,0.9999364614486694,0.5885684490203857,0.6279419660568237,-0.10402128845453262,0.999951183795929,0.5591977834701538,0.6446822881698608,0.08544336259365082,0.9996982216835022,0.560575544834137,0.5455377697944641,-0.10348404943943024,0.9995759129524231,0.5598976612091064,0.7313005328178406,0.10747088491916656,0.7147166728973389,0.5101643800735474,0.5059056282043457,-0.1623738557100296,0.9302784204483032,0.5780763030052185,0.8211312294006348,0.03814757242798805,0.837428867816925,0.4842711091041565,0.6094620823860168,-0.21533510088920593,0.9005386829376221,0.5933445692062378,0.8332945108413696,0.0368867851793766,0.8158479928970337,0.47253966331481934,0.6319493055343628,-0.2313138246536255,0.8650790452957153,0.5944065451622009,0.8338932394981384,0.019261334091424942,0.832177996635437,0.4820031523704529,0.6429246068000793,-0.2264096438884735,0.8638913631439209,0.5870594382286072,0.8307475447654724,0.02857513166964054,0.8319461941719055,0.485649436712265,0.638479471206665,-0.21213452517986298,0.8341555595397949,0.471851646900177,0.661706268787384,0.07070252299308777,0.9992871284484863,0.46003514528274536,0.6225243210792542,-0.07067546993494034,0.9995565414428711,0.46859878301620483,0.7875012159347534,0.022345153614878654,0.9016342163085938,0.49279284477233887,0.7179914712905884,-0.1676022857427597,0.9788936376571655,0.3984460234642029,0.7584362626075745,0.04864149168133736,0.7713224291801453,0.4576561450958252,0.8345831036567688,-0.15076830983161926,0.9318351745605469,0.38005781173706055,0.7381262183189392,0.05115511268377304,0.7844886183738708,0.4492955207824707,0.8503110408782959,-0.14939621090888977,0.8887048363685608,0.38794368505477905,0.808616578578949,0.027066683396697044,0.803343653678894,0.48447760939598083,0.8922195434570312,-0.19679181277751923,0.9288082122802734
77,stand,0.5932859778404236,0.6366890072822571,-0.08130014687776566,0.9999371767044067,0.6007006168365479,0.6349154710769653,-0.06507181376218796,0.999943196773529,0.6006354093551636,0.6362544894218445,-0.06509692966938019,0.999933660030365,0.6006233096122742,0.6374497413635254,-0.06512141972780228,0.9999433159828186,0.6007483005523682,0.627424955368042,-0.08893013000488281,0.9999528527259827,0.600762665271759,0.6228693127632141,-0.08898855000734329,0.9999499320983887,0.6009529829025269,0.6175329089164734,-0.08903513848781586,0.9999423623085022,0.5976737141609192,0.6261458992958069,0.0018563487101346254,0.9999079704284668,0.5991248488426208,0.5981208682060242,-0.07476281374692917,0.9999172687530518,0.5850240588188171,0.6386256217956543,-0.05377572774887085,0.9999390244483948,0.5849716067314148,0.630058765411377,-0.09532675892114639,0.9999555945396423,0.5570461750030518,0.6450201869010925,0.08434376120567322,0.9997153878211975,0.558989405632019,0.5468488335609436,-0.09711336344480515,0.9996175765991211,0.5575754642486572,0.732056736946106,0.1039845198392868,0.7299095392227173,0.5059670209884644,0.50761479139328,-0.16620244085788727,0.936384379863739,0.5776835083961487,0.8205490112304688,0.04018876329064369,0.848660945892334,0.4798329472541809,0.6101311445236206,-0.21905095875263214,0.9073572158813477,0.5915382504463196,0.8322910666465759,0.03940475732088089,0.8255402445793152,0.46970334649086,0.6328096389770508,-0.2423286736011505,0.8730271458625793,0.5925222635269165,0.8325650691986084,0.02336980402469635,0.8406029939651489,0.47904127836227417,0.6424199938774109,-0.23578684031963348,0.8716912269592285,0.5860930681228638,0.8286687135696411,0.0313483290374279,0.8394665718078613,0.4821051061153412,0.6374118328094482,-0.21782641112804413,0.8429992198944092,0.46903401613235474,0.6567307710647583,0.06899257004261017,0.9993337392807007,0.45739230513572693,0.6131529211997986,-0.06896431744098663,0.9995834231376648,0.45436349511146545,0.7689273357391357,0.06917083263397217,0.890798807144165,0.4870455861091614,0.7145151495933533,-0.1748400330543518,0.9802618622779846,0.38808801770210266,0.7630089521408081,0.12704113125801086,0.7737929821014404,0.4604020118713379,0.8345490097999573,-0.1749384105205536,0.9373975992202759,0.37235015630722046,0.7400758266448975,0.13172577321529388,0.7892364263534546,0.4514225125312805,0.8530299067497253,-0.1758061945438385,0.8973489999771118,0.3856971263885498,0.8212018609046936,0.1036672443151474,0.8051390051841736,0.4875870645046234,0.8917534947395325,-0.23322077095508575,0.9342789053916931
78,stand,0.5893123149871826,0.6414250135421753,-0.053209125995635986,0.9999428391456604,0.5969293117523193,0.6404499411582947,-0.03569620102643967,0.9999483823776245,0.5969191789627075,0.6416820287704468,-0.035728223621845245,0.999939501285553,0.5969303250312805,0.642753541469574,-0.03575422614812851,0.9999482035636902,0.5969223380088806,0.63273024559021,-0.056387804448604584,0.999957263469696,0.5970003008842468,0.627804696559906,-0.05641208961606026,0.9999545812606812,0.5972185730934143,0.6219616532325745,-0.05643782019615173,0.9999479055404663,0.5937440395355225,0.6302904486656189,0.042752645909786224,0.9999154806137085,0.5952691435813904,0.6015429496765137,-0.0508209690451622,0.9999253749847412,0.5810171365737915,0.6429980397224426,-0.02240939997136593,0.9999444484710693,0.5808362364768982,0.6344822645187378,-0.05206815153360367,0.9999599456787109,0.554101824760437,0.6477649211883545,0.11129895597696304,0.9997392296791077,0.5587838888168335,0.5497422218322754,-0.08114062994718552,0.9996552467346191,0.5566457509994507,0.7340186834335327,0.12390504032373428,0.7483060359954834,0.5017799139022827,0.510280191898346,-0.15672780573368073,0.9417188167572021,0.577276885509491,0.8196638226509094,0.06332630664110184,0.8609950542449951,0.47670215368270874,0.6111057996749878,-0.22364851832389832,0.9137276411056519,0.5910107493400574,0.831760048866272,0.06257084012031555,0.8373327255249023,0.4670329988002777,0.6343628168106079,-0.24295330047607422,0.8807450532913208,0.5923080444335938,0.8317037224769592,0.04864528030157089,0.8508749604225159,0.47586163878440857,0.6431914567947388,-0.23785682022571564,0.8792091608047485,0.585761308670044,0.8274722695350647,0.055789053440093994,0.848900318145752,0.47911423444747925,0.6376620531082153,-0.2212492972612381,0.8511881232261658,0.4637986719608307,0.6591047048568726,0.0699976310133934,0.9993927478790283,0.45250099897384644,0.6093100309371948,-0.069991834461689,0.9996138215065002,0.45318445563316345,0.761048436164856,0.0019222464179620147,0.8907347321510315,0.4816816449165344,0.6835257411003113,-0.2308633029460907,0.9816961884498596,0.38361698389053345,0.7660325169563293,0.018920861184597015,0.7865285873413086,0.46159571409225464,0.8334963321685791,-0.2926008105278015,0.942270040512085,0.36663568019866943,0.7500627040863037,0.014034835621714592,0.8016732931137085,0.45126157999038696,0.8533124327659607,-0.2985253930091858,0.9047276377677917,0.3806277811527252,0.8285666704177856,-0.038247399032115936,0.8177903890609741,0.48678913712501526,0.8898598551750183,-0.3722968101501465,0.9396643042564392
79,stand,0.5859771966934204,0.6458061933517456,-0.07426680624485016,0.9999469518661499,0.5937730073928833,0.6446532011032104,-0.05635758116841316,0.9999517798423767,0.5937727689743042,0.6456980109214783,-0.05641581490635872,0.9999427795410156,0.5937678813934326,0.6465622186660767,-0.056447725743055344,0.9999505281448364,0.5938105583190918,0.6367802023887634,-0.079083152115345,0.999960720539093,0.5939228534698486,0.6316025853157043,-0.07910585403442383,0.9999581575393677,0.5941314101219177,0.6254603862762451,-0.07914888858795166,0.9999523758888245,0.5904356241226196,0.6337319612503052,0.022772662341594696,0.9999196529388428,0.5918923616409302,0.6052259802818298,-0.07642237842082977,0.9999324679374695,0.5771161317825317,0.6465079188346863,-0.043238475918769836,0.9999483227729797,0.5768352150917053,0.6380448937416077,-0.07366638630628586,0.9999637603759766,0.5505422353744507,0.6493898034095764,0.10142967849969864,0.9997517466545105,0.5565036535263062,0.5544240474700928,-0.10889371484518051,0.9996883869171143,0.5532599687576294,0.7343569397926331,0.10845784097909927,0.7659191489219666,0.49684005975723267,0.5131015181541443,-0.2020672857761383,0.9469863176345825,0.57703697681427,0.8196913003921509,0.036913249641656876,0.8724271655082703,0.4741997718811035,0.613709032535553,-0.2872561514377594,0.9207687973976135,0.5903640389442444,0.8316038250923157,0.03200676664710045,0.8493884801864624,0.464176744222641,0.6368750929832458,-0.31032854318618774,0.8897101879119873,0.5917561054229736,0.8315126895904541,0.016739586368203163,0.8616666197776794,0.47370147705078125,0.6436042189598083,-0.3052349388599396,0.8883640170097351,0.5854339599609375,0.8270313739776611,0.027858084067702293,0.8591815233230591,0.4771842062473297,0.6383990049362183,-0.28472957015037537,0.862278163433075,0.4490923285484314,0.6525179147720337,0.07558995485305786,0.9994385838508606,0.4431331753730774,0.5997587442398071,-0.07560869306325912,0.9996352791786194,0.4519224762916565,0.767389178276062,0.11528632789850235,0.8932451009750366,0.4817657470703125,0.6751070022583008,-0.1519847959280014,0.983177900314331,0.37798094749450684,0.7676324844360352,0.183601513504982,0.797586977481842,0.4627065658569336,0.8333073258399963,-0.13481351733207703,0.9472919702529907,0.3636297285556793,0.7597481608390808,0.1890733689069748,0.8118550777435303,0.4511239528656006,0.8532754778862,-0.13380876183509827,0.9127153754234314,0.38011810183525085,0.8338225483894348,0.1622856855392456,0.8267077803611755,0.48752838373184204,0.8922837972640991,-0.1869255006313324,0.9446953535079956
80,stand,0.581457257270813,0.6504330635070801,-0.07543668150901794,0.9999502301216125,0.5897026062011719,0.6481888890266418,-0.05828750133514404,0.9999545812606812,0.5897474884986877,0.6491543054580688,-0.0583566315472126,0.9999452233314514,0.5897558927536011,0.6499125957489014,-0.05839065834879875,0.9999515414237976,0.5895048379898071,0.6402803659439087,-0.08072353154420853,0.9999637603759766,0.5894371271133423,0.6347686052322388,-0.08074893057346344,0.9999613165855408,0.5894211530685425,0.628538966178894,-0.0807914137840271,0.9999563097953796,0.5862372517585754,0.6342822313308716,0.021092914044857025,0.9999207854270935,0.5865459442138672,0.6084374785423279,-0.07424339652061462,0.9999388456344604,0.5718584060668945,0.6504954695701599,-0.04418669641017914,0.9999505281448364,0.571559727191925,0.641867458820343,-0.07397975027561188,0.999967098236084,0.5468102693557739,0.6517236232757568,0.09923169761896133,0.999742865562439,0.5520648956298828,0.5603207349777222,-0.10488457977771759,0.9997174143791199,0.5535120368003845,0.735821545124054,0.11067929118871689,0.7696136236190796,0.4933167099952698,0.5153811573982239,-0.19152122735977173,0.9510353803634644,0.5767573714256287,0.819132924079895,0.04315360635519028,0.8770875930786133,0.4718620777130127,0.6135634779930115,-0.2698216140270233,0.9252863526344299,0.5901817083358765,0.8315300941467285,0.040737975388765335,0.8529879450798035,0.4621613919734955,0.6384616494178772,-0.28977566957473755,0.8952236771583557,0.5919729471206665,0.8312588930130005,0.026714453473687172,0.8640256524085999,0.47195371985435486,0.6449935436248779,-0.2843330502510071,0.8941286206245422,0.5856086015701294,0.8267096877098083,0.03475923091173172,0.8607563972473145,0.4752117693424225,0.6399348378181458,-0.2666599750518799,0.8693435788154602,0.4394834041595459,0.6428467035293579,0.07838066667318344,0.9994879961013794,0.4333014488220215,0.595849335193634,-0.07843093574047089,0.9996657967567444,0.4512922167778015,0.7708256840705872,0.15011343359947205,0.8961509466171265,0.48186954855918884,0.6696566939353943,-0.17351387441158295,0.9847036600112915,0.37604284286499023,0.7899543046951294,0.2175617516040802,0.8128331303596497,0.4627837538719177,0.833730936050415,-0.17751522362232208,0.9522190690040588,0.3579050898551941,0.7679067850112915,0.2232784926891327,0.8252545595169067,0.4523014426231384,0.8510798215866089,-0.17643167078495026,0.9206106662750244,0.3800956904888153,0.8384917974472046,0.20048335194587708,0.8396630883216858,0.48816952109336853,0.8929019570350647,-0.22921383380889893,0.9497624635696411
81,stand,0.5755411386489868,0.6535181403160095,-0.09911646693944931,0.999954879283905,0.5841327905654907,0.6517360210418701,-0.08088754117488861,0.9999586939811707,0.5841924548149109,0.6532304286956787,-0.08092676103115082,0.9999499917030334,0.5842100381851196,0.6544467210769653,-0.08095983415842056,0.9999552965164185,0.5839202404022217,0.6425748467445374,-0.09889257699251175,0.9999672174453735,0.5838668346405029,0.6370928883552551,-0.09890498220920563,0.9999650120735168,0.5838335156440735,0.6307385563850403,-0.0989169105887413,0.9999605417251587,0.5815443396568298,0.6423951983451843,0.011927837505936623,0.9999273419380188,0.5813485980033875,0.6123555898666382,-0.07249747216701508,0.9999449253082275,0.5662621259689331,0.6539478898048401,-0.06180404871702194,0.999954342842102,0.5659034252166748,0.644107460975647,-0.08596919476985931,0.9999702572822571,0.5457448363304138,0.653875470161438,0.10960106551647186,0.9997586607933044,0.5469735860824585,0.5690850019454956,-0.10072445869445801,0.999744713306427,0.5520030856132507,0.7385777235031128,0.13505320250988007,0.7728303670883179,0.4892483353614807,0.5177203416824341,-0.2012203484773636,0.9540008902549744,0.5755212306976318,0.8205156922340393,0.07634539902210236,0.8833146691322327,0.46764564514160156,0.6147559285163879,-0.29501187801361084,0.9298900365829468,0.590008556842804,0.8349639773368835,0.07663397490978241,0.8584927320480347,0.4581677317619324,0.6402549147605896,-0.3148668110370636,0.9005244374275208,0.5918136835098267,0.8337109684944153,0.06393090635538101,0.8686013221740723,0.4685346186161041,0.6457232236862183,-0.3100307583808899,0.8997340202331543,0.5855553150177002,0.8295091986656189,0.06895698606967926,0.8648619651794434,0.4719369411468506,0.6403194665908813,-0.29183056950569153,0.8764013648033142,0.43130454421043396,0.6316583156585693,0.08263058960437775,0.9995381236076355,0.42835211753845215,0.6026366949081421,-0.08281262218952179,0.9996973276138306,0.4462675452232361,0.770797073841095,0.18598595261573792,0.8958094120025635,0.499384343624115,0.6865304112434387,-0.13642960786819458,0.985934317111969,0.37100473046302795,0.7853383421897888,0.2699100375175476,0.8234618306159973,0.4626573920249939,0.8334171772003174,-0.0878194123506546,0.9555304050445557,0.35204681754112244,0.7671023011207581,0.27823692560195923,0.8350680470466614,0.4521075189113617,0.8491297960281372,-0.08046755939722061,0.9259073138237,0.37720105051994324,0.8354986310005188,0.2706247866153717,0.8488592505455017,0.48890751600265503,0.8938380479812622,-0.09548111259937286,0.9529969692230225
82,stand,0.5708979964256287,0.6562045216560364,-0.12645065784454346,0.9999590516090393,0.5792144536972046,0.6537110209465027,-0.10832013934850693,0.9999623894691467,0.5793857574462891,0.6555298566818237,-0.10834350436925888,0.9999542236328125,0.5795269012451172,0.6571128368377686,-0.10837441682815552,0.9999585151672363,0.5785144567489624,0.6441664099693298,-0.12534719705581665,0.9999703168869019,0.5781881809234619,0.6385624408721924,-0.12537549436092377,0.9999683499336243,0.5778449773788452,0.6327065229415894,-0.1253855675458908,0.9999643564224243,0.57657790184021,0.6461753249168396,-0.01237487606704235,0.9999328851699829,0.575036883354187,0.617290735244751,-0.091387078166008,0.9999504089355469,0.5618754625320435,0.6580079197883606,-0.08800138533115387,0.9999576807022095,0.5608708262443542,0.647939920425415,-0.11096800863742828,0.9999731183052063,0.5418751835823059,0.6548788547515869,0.10179002583026886,0.9997624754905701,0.5410019755363464,0.5751523375511169,-0.11736669391393661,0.999769389629364,0.5485961437225342,0.7397068738937378,0.13092204928398132,0.7606043815612793,0.48506608605384827,0.5195427536964417,-0.22844889760017395,0.9562395215034485,0.575439989566803,0.819536566734314,0.07902243733406067,0.8832862377166748,0.4648680090904236,0.6151411533355713,-0.3292114734649658,0.933256983757019,0.5900906920433044,0.8341764807701111,0.08060061186552048,0.8556579947471619,0.4580043852329254,0.6407504677772522,-0.3517190217971802,0.9038792252540588,0.5919421911239624,0.8325954079627991,0.06831102818250656,0.8651517033576965,0.4665505290031433,0.6463496088981628,-0.3462837040424347,0.9031767845153809,0.5855769515037537,0.8287895321846008,0.07186269015073776,0.8613460063934326,0.46981072425842285,0.6411356925964355,-0.32609331607818604,0.8807216286659241,0.42228764295578003,0.6381722092628479,0.08424092084169388,0.9995822906494141,0.42488211393356323,0.6011705994606018,-0.0844033807516098,0.999725878238678,0.44293099641799927,0.7456291317939758,0.2421749383211136,0.8901943564414978,0.49723339080810547,0.6924899816513062,-0.13629406690597534,0.987153172492981,0.3700014650821686,0.7814903259277344,0.3669910728931427,0.8331695199012756,0.4622158110141754,0.8334412574768066,-0.08394642919301987,0.9590714573860168,0.3521901071071625,0.7665975093841553,0.3787192702293396,0.8429266810417175,0.4522188603878021,0.8473243713378906,-0.07660163193941116,0.9311521649360657,0.37745627760887146,0.8354309797286987,0.36729052662849426,0.857988178730011,0.48764872550964355,0.893085241317749,-0.10448100417852402,0.9566053152084351
83,stand,0.5665057301521301,0.6576079726219177,-0.11605695635080338,0.9999630451202393,0.5743615031242371,0.6535764932632446,-0.09853555262088776,0.999966025352478,0.5746643543243408,0.6551693081855774,-0.0985565036535263,0.9999585747718811,0.5749189853668213,0.656486451625824,-0.09858196973800659,0.9999623894691467,0.5731072425842285,0.6437394022941589,-0.1174769401550293,0.9999732375144958,0.5725764036178589,0.6385507583618164,-0.11750780045986176,0.9999714493751526,0.5720284581184387,0.6334044337272644,-0.1175021156668663,0.9999678730964661,0.5717434287071228,0.6438506245613098,-0.00818719994276762,0.9999390840530396,0.5688700675964355,0.618955135345459,-0.09715481847524643,0.9999553561210632,0.5580280423164368,0.6600064039230347,-0.07998090982437134,0.9999616146087646,0.5565183758735657,0.6500362753868103,-0.10575179755687714,0.9999757409095764,0.5390883684158325,0.6540208458900452,0.10061852633953094,0.9997814893722534,0.533711314201355,0.5774455070495605,-0.12263921648263931,0.9997918605804443,0.5474361181259155,0.7397909164428711,0.12640506029129028,0.7661039233207703,0.47928887605667114,0.519229531288147,-0.22698457539081573,0.9576035141944885,0.5755425095558167,0.8188701272010803,0.07814888656139374,0.8897625207901001,0.4639190137386322,0.6156402826309204,-0.3162478506565094,0.933753490447998,0.590141773223877,0.8310542702674866,0.07840843498706818,0.8613619208335876,0.4586141109466553,0.6409139633178711,-0.3379063904285431,0.9033488035202026,0.5919855833053589,0.8308972716331482,0.06528641283512115,0.8701338171958923,0.46753525733947754,0.6464030146598816,-0.33345839381217957,0.9025352001190186,0.5856248140335083,0.8276403546333313,0.07072192430496216,0.8660763502120972,0.47044771909713745,0.641656756401062,-0.3134384751319885,0.8801221251487732,0.41916292905807495,0.6226528882980347,0.08444058150053024,0.9996234774589539,0.41771894693374634,0.5956252813339233,-0.08462073653936386,0.9997528195381165,0.4310554563999176,0.7377139329910278,0.2684856057167053,0.8901121020317078,0.49717530608177185,0.6924642324447632,-0.15703445672988892,0.9883245825767517,0.3667263686656952,0.7812560796737671,0.40365415811538696,0.8458671569824219,0.4634362757205963,0.8334430456161499,-0.10772170126438141,0.962337076663971,0.3478023409843445,0.7740201950073242,0.41677626967430115,0.8537717461585999,0.4543447494506836,0.8503002524375916,-0.10094480216503143,0.9357337355613708,0.3783271908760071,0.8364999294281006,0.41065549850463867,0.8693887591362,0.4944738745689392,0.8987334370613098,-0.12734118103981018,0.9600652456283569
84,stand,0.5606911778450012,0.6580970883369446,-0.11571425199508667,0.999966561794281,0.5686818361282349,0.6537225842475891,-0.0956311896443367,0.9999692440032959,0.5690773129463196,0.6554741263389587,-0.09567932039499283,0.9999624490737915,0.5694084167480469,0.6568381190299988,-0.09571632742881775,0.9999657273292542,0.5672946572303772,0.6434239745140076,-0.11468019336462021,0.999975860118866,0.5667365789413452,0.6382682919502258,-0.11466282606124878,0.9999741911888123,0.5662225484848022,0.6329526305198669,-0.1146806851029396,0.9999710321426392,0.5663713216781616,0.643094003200531,-0.0011640193406492472,0.9999445080757141,0.5630608797073364,0.616968035697937,-0.08870851248502731,0.9999597668647766,0.5523548722267151,0.6606691479682922,-0.07729052007198334,0.9999649524688721,0.5507556200027466,0.6502771973609924,-0.10151533782482147,0.9999780654907227,0.5341261029243469,0.6534801125526428,0.10197703540325165,0.9997957944869995,0.5274465680122375,0.5765295028686523,-0.11350792646408081,0.9998115301132202,0.5464269518852234,0.7397107481956482,0.12251744419336319,0.7718104124069214,0.47193092107772827,0.5179580450057983,-0.2180333435535431,0.9564527869224548,0.5751031041145325,0.818267285823822,0.06743254512548447,0.8942409753799438,0.4629826545715332,0.6159846186637878,-0.3130931854248047,0.9302878975868225,0.5901311039924622,0.8309438824653625,0.059609681367874146,0.864997148513794,0.45779427886009216,0.642245352268219,-0.3364676833152771,0.8983451128005981,0.5913191437721252,0.8308760523796082,0.05076833814382553,0.8729495406150818,0.4670667052268982,0.6475329399108887,-0.331351101398468,0.8974840044975281,0.5851515531539917,0.8276577591896057,0.05974627286195755,0.8685478568077087,0.46973568201065063,0.6417157649993896,-0.3104589283466339,0.8743010759353638,0.4117642939090729,0.6223613023757935,0.08552158623933792,0.9996604919433594,0.4152657985687256,0.5927895903587341,-0.08568355441093445,0.9997768998146057,0.42579492926597595,0.7472231388092041,0.24642880260944366,0.8936367034912109,0.4956119954586029,0.6932075023651123,-0.16551357507705688,0.9893409013748169,0.3620765507221222,0.783304750919342,0.364321768283844,0.858311116695404,0.46328455209732056,0.8334964513778687,-0.12944522500038147,0.9652854204177856,0.34358102083206177,0.7801648378372192,0.3752403259277344,0.8647028803825378,0.45362919569015503,0.8524692058563232,-0.12426034361124039,0.9399240016937256,0.3753716051578522,0.8409837484359741,0.3623530864715576,0.8801618218421936,0.4982847571372986,0.9067330956459045,-0.15521910786628723,0.9632149338722229
85,stand,0.5562508702278137,0.6575763821601868,-0.09710387885570526,0.9999697208404541,0.5640817880630493,0.653022825717926,-0.07733504474163055,0.9999721646308899,0.5644479990005493,0.6549296379089355,-0.07737745344638824,0.9999659657478333,0.5647442936897278,0.6564874053001404,-0.07740741223096848,0.9999688863754272,0.562757670879364,0.64251708984375,-0.09643150866031647,0.9999781847000122,0.5621830821037292,0.6370734572410583,-0.09646441787481308,0.9999766945838928,0.5616209506988525,0.6313415765762329,-0.09645943343639374,0.9999738335609436,0.5617588758468628,0.6443036794662476,0.016098737716674805,0.9999493956565857,0.5583566427230835,0.6146831512451172,-0.07302315533161163,0.9999637603759766,0.5477300882339478,0.6607442498207092,-0.06038585305213928,0.9999678730964661,0.5461872816085815,0.6495931148529053,-0.08587902039289474,0.9999801516532898,0.5315725207328796,0.6598923206329346,0.10898282378911972,0.9998098015785217,0.522232174873352,0.5748997926712036,-0.10191453993320465,0.9998294115066528,0.5473421812057495,0.7457851767539978,0.10203015804290771,0.7772662043571472,0.46571460366249084,0.514808714389801,-0.21038003265857697,0.9563001394271851,0.5750672221183777,0.81818687915802,0.008109473623335361,0.9003636837005615,0.4620753824710846,0.6160879135131836,-0.3136971592903137,0.930594801902771,0.5903058648109436,0.8314102292060852,-0.0009325003484264016,0.8713979721069336,0.4571917951107025,0.6435673832893372,-0.33751755952835083,0.898402988910675,0.5913468599319458,0.8310553431510925,-0.008914250880479813,0.8784865736961365,0.4668489992618561,0.6478696465492249,-0.33042386174201965,0.8972071409225464,0.5849628448486328,0.8276688456535339,0.000949220557231456,0.8734696507453918,0.4690745770931244,0.6420281529426575,-0.3102557063102722,0.8731347918510437,0.4093119502067566,0.629770040512085,0.08510346710681915,0.9996936321258545,0.41138219833374023,0.5931990742683411,-0.08523393422365189,0.999798595905304,0.42747554183006287,0.7492404580116272,0.21955713629722595,0.8948293924331665,0.4955316185951233,0.681206226348877,-0.21342675387859344,0.9902322292327881,0.3630484342575073,0.7837182879447937,0.3119843006134033,0.8688597083091736,0.46322816610336304,0.8285546898841858,-0.21699659526348114,0.9679617881774902,0.34337717294692993,0.7852022647857666,0.31956154108047485,0.8738076686859131,0.45460063219070435,0.8503531813621521,-0.21658094227313995,0.9436598420143127,0.3770211338996887,0.8412037491798401,0.29939764738082886,0.8895042538642883,0.4954769015312195,0.9048236608505249,-0.2607801556587219,0.9661391377449036
86,stand,0.5517728924751282,0.6557140350341797,-0.09369334578514099,0.9999725222587585,0.5594499707221985,0.6511391401290894,-0.0744246318936348,0.9999747276306152,0.559817373752594,0.652911901473999,-0.07446493208408356,0.9999690651893616,0.5601391792297363,0.6543889045715332,-0.07449303567409515,0.9999716281890869,0.5581106543540955,0.6409037709236145,-0.09289585798978806,0.9999802708625793,0.5575926303863525,0.6355204582214355,-0.09293781220912933,0.9999788999557495,0.5571009516716003,0.6298803687095642,-0.09292427450418472,0.999976396560669,0.5572413206100464,0.6423382759094238,0.01700003445148468,0.9999536871910095,0.5540844202041626,0.6144552230834961,-0.0695285052061081,0.9999673366546631,0.5431309938430786,0.6591028571128845,-0.05819949507713318,0.9999704360961914,0.5418897867202759,0.6477614045143127,-0.08304845541715622,0.9999820590019226,0.5266542434692383,0.6596013903617859,0.10586998611688614,0.9998195171356201,0.5164750814437866,0.5742883682250977,-0.0973031222820282,0.9998452067375183,0.5478878021240234,0.7452669739723206,0.08441338688135147,0.7795497179031372,0.46044549345970154,0.5110107660293579,-0.2075633555650711,0.9567691087722778,0.5745798945426941,0.8180303573608398,-0.01670301891863346,0.9041863679885864,0.4604598879814148,0.61614590883255,-0.31399086117744446,0.9317786693572998,0.5901867151260376,0.8313737511634827,-0.0256882905960083,0.8751192688941956,0.45642605423927307,0.6442132592201233,-0.3375938832759857,0.8996095657348633,0.590395450592041,0.8309658765792847,-0.03287462145090103,0.8812586665153503,0.46623653173446655,0.6481296420097351,-0.3286743462085724,0.8980762958526611,0.5836790204048157,0.827508807182312,-0.02348587103188038,0.875432014465332,0.4681374430656433,0.6422802805900574,-0.30983737111091614,0.8735811114311218,0.4060845375061035,0.6320304274559021,0.08380386233329773,0.9997228384017944,0.4058389663696289,0.5901094079017639,-0.08391164243221283,0.9998176693916321,0.4274469316005707,0.7472204566001892,0.2022981345653534,0.8960893750190735,0.4955734312534332,0.6755815148353577,-0.2149883508682251,0.991037130355835,0.3620659410953522,0.7848608493804932,0.28021949529647827,0.8783861398696899,0.4622749388217926,0.828809380531311,-0.22636158764362335,0.9704905152320862,0.3430250585079193,0.7856513857841492,0.2862609028816223,0.8815497756004333,0.454378604888916,0.8499099612236023,-0.22672292590141296,0.9473114609718323,0.3770582675933838,0.8449928164482117,0.26400309801101685,0.8977208137512207,0.49374499917030334,0.9035690426826477,-0.27240508794784546,0.9688196778297424
87,stand,0.5472410917282104,0.6546354293823242,-0.08360457420349121,0.9999743700027466,0.5549324750900269,0.6502894163131714,-0.06653564423322678,0.999976634979248,0.5554288625717163,0.6517599821090698,-0.06658481061458588,0.999971330165863,0.555896520614624,0.6528567671775818,-0.06662572175264359,0.9999734163284302,0.5535081624984741,0.6400367617607117,-0.08567232638597488,0.9999818801879883,0.5529158115386963,0.6337584853172302,-0.08571209013462067,0.9999805688858032,0.5523871183395386,0.6269237399101257,-0.08570010960102081,0.9999784231185913,0.5533890724182129,0.63971346616745,0.020450409501791,0.9999565482139587,0.548867404460907,0.6053825616836548,-0.0677337720990181,0.9999704957008362,0.5392611622810364,0.6579503417015076,-0.049550000578165054,0.9999716281890869,0.5377048254013062,0.6473855972290039,-0.075116366147995,0.999983549118042,0.5277168154716492,0.6586811542510986,0.10517457872629166,0.9998279213905334,0.5102143883705139,0.5660515427589417,-0.09328444302082062,0.9998568296432495,0.5467305183410645,0.7421409487724304,0.07323645800352097,0.7832434773445129,0.4536624550819397,0.5070827007293701,-0.20633836090564728,0.9565410614013672,0.5744962096214294,0.8169971704483032,-0.03802778571844101,0.9078508615493774,0.4600107669830322,0.6163166165351868,-0.3074696660041809,0.9317911267280579,0.5902530550956726,0.8308675289154053,-0.04750250279903412,0.8792087435722351,0.457131564617157,0.645422637462616,-0.3302658498287201,0.8993459343910217,0.590461254119873,0.8308783769607544,-0.05522812530398369,0.8845214247703552,0.4673677384853363,0.6483094096183777,-0.32050153613090515,0.8972764611244202,0.5837565660476685,0.8275057673454285,-0.04522243142127991,0.8781484961509705,0.4686364531517029,0.6424806118011475,-0.30277496576309204,0.8715865612030029,0.4060773253440857,0.6326507925987244,0.08232884854078293,0.9997472167015076,0.4008282721042633,0.583012580871582,-0.08244258165359497,0.9998307824134827,0.43095117807388306,0.7463853359222412,0.13690832257270813,0.8967642188072205,0.49475425481796265,0.6616309881210327,-0.22669677436351776,0.9915387630462646,0.36003029346466064,0.7860628962516785,0.14769406616687775,0.8859875202178955,0.46038293838500977,0.8257985711097717,-0.2499956339597702,0.972064197063446,0.3423294425010681,0.7906708717346191,0.14716556668281555,0.8874908089637756,0.45246148109436035,0.8494999408721924,-0.2504049837589264,0.9496358036994934,0.37491315603256226,0.8451098203659058,0.1141616478562355,0.9042122960090637,0.4930182099342346,0.9046269059181213,-0.2926805317401886,0.9705953001976013
88,stand,0.5446106791496277,0.6482418775558472,-0.10223189741373062,0.9999759793281555,0.5526820421218872,0.6416478157043457,-0.08700081706047058,0.9999783635139465,0.5532850027084351,0.6427085399627686,-0.08705756813287735,0.999973475933075,0.5538944602012634,0.6436665654182434,-0.08711837232112885,0.9999751448631287,0.5507665276527405,0.6320379376411438,-0.10587431490421295,0.9999833106994629,0.5499499440193176,0.6255002617835999,-0.10592839866876602,0.9999819993972778,0.5491325855255127,0.6182806491851807,-0.10591763257980347,0.9999802112579346,0.5513730645179749,0.6310331225395203,-0.0013499620836228132,0.9999591708183289,0.5444033145904541,0.594509482383728,-0.08815242350101471,0.9999732971191406,0.5369298458099365,0.6520971059799194,-0.06753519177436829,0.9999721050262451,0.5349788665771484,0.6414250135421753,-0.09269185364246368,0.9999846816062927,0.5286815762519836,0.6520346999168396,0.08544065058231354,0.9998371601104736,0.5063197612762451,0.5578140020370483,-0.10540369898080826,0.9998654723167419,0.545104444026947,0.7317264080047607,0.056730858981609344,0.7872438430786133,0.44839638471603394,0.5058529376983643,-0.20509962737560272,0.9545115828514099,0.5754823088645935,0.8132228255271912,-0.04725542664527893,0.9128775596618652,0.45931583642959595,0.6163843274116516,-0.29327547550201416,0.930025041103363,0.5915393829345703,0.8288394212722778,-0.05599123239517212,0.8854973912239075,0.4576167166233063,0.6456977128982544,-0.31204476952552795,0.8969064354896545,0.5913516879081726,0.8289664387702942,-0.06446864455938339,0.8902000188827515,0.4675556719303131,0.648382842540741,-0.29996198415756226,0.8943529725074768,0.5844894647598267,0.8248447775840759,-0.05445317178964615,0.8835663199424744,0.4686642587184906,0.6426321864128113,-0.2864569425582886,0.867448091506958,0.4072672426700592,0.6321415901184082,0.08013483136892319,0.9997695088386536,0.39731234312057495,0.5783636569976807,-0.08014880120754242,0.9998438954353333,0.43414372205734253,0.7420122027397156,0.12369793653488159,0.8983516693115234,0.47967416048049927,0.6558048725128174,-0.24244460463523865,0.9919396638870239,0.36185699701309204,0.7856501936912537,0.14082245528697968,0.8927593231201172,0.4594051241874695,0.8262563943862915,-0.2751900851726532,0.9732840061187744,0.34181228280067444,0.7890500426292419,0.1410953551530838,0.892139732837677,0.44912347197532654,0.8495372533798218,-0.27598074078559875,0.951630711555481,0.3714525103569031,0.8435380458831787,0.10749520361423492,0.9097793102264404,0.4925796091556549,0.9048875570297241,-0.32105523347854614,0.9720691442489624
89,stand,0.5411580801010132,0.6338431239128113,-0.19318050146102905,0.9999728202819824,0.5497305989265442,0.6282709240913391,-0.18131187558174133,0.9999771118164062,0.550393283367157,0.6297721266746521,-0.1813678741455078,0.9999714493751526,0.5511663556098938,0.6312167048454285,-0.18146243691444397,0.9999726414680481,0.5475536584854126,0.617824137210846,-0.19987575709819794,0.9999827146530151,0.5463740825653076,0.6110718846321106,-0.1999453753232956,0.9999806880950928,0.5451425313949585,0.6040970087051392,-0.1999422013759613,0.9999799132347107,0.5498576760292053,0.6200469732284546,-0.09766535460948944,0.9999551177024841,0.5388468503952026,0.580622673034668,-0.1825772225856781,0.9999747276306152,0.5335076451301575,0.6383188366889954,-0.15737034380435944,0.9999653697013855,0.5317085385322571,0.6279296875,-0.18205030262470245,0.9999837279319763,0.5297486186027527,0.639302134513855,0.0033729940187186003,0.9998264908790588,0.5006966590881348,0.5477676391601562,-0.1883617341518402,0.9998636841773987,0.5450299978256226,0.7202484011650085,-0.0003340402035973966,0.7850867509841919,0.4420887529850006,0.5077622532844543,-0.2988782525062561,0.953794002532959,0.5787670612335205,0.8089021444320679,-0.0846317857503891,0.9168753027915955,0.4593420922756195,0.6173014640808105,-0.4136536717414856,0.9313948750495911,0.5951836705207825,0.8267268538475037,-0.09219329059123993,0.8910892009735107,0.4581119120121002,0.6458749771118164,-0.44509023427963257,0.8986591100692749,0.5938853621482849,0.8270727396011353,-0.11031074821949005,0.8954663276672363,0.4678853154182434,0.648428738117218,-0.4348854124546051,0.8962246179580688,0.5873779058456421,0.8225002884864807,-0.09492228180170059,0.8887035846710205,0.46922653913497925,0.6427107453346252,-0.41012042760849,0.8687812685966492,0.4109000265598297,0.6258879899978638,0.07951875030994415,0.9997795820236206,0.39616310596466064,0.5739977359771729,-0.0795389786362648,0.9998450875282288,0.43630799651145935,0.728181004524231,0.118638776242733,0.894565761089325,0.47181153297424316,0.6594680547714233,-0.23017606139183044,0.9919931888580322,0.3640791177749634,0.784087061882019,0.15797826647758484,0.8946836590766907,0.45939692854881287,0.8270372152328491,-0.2334846556186676,0.9741209745407104,0.34311965107917786,0.7876395583152771,0.16006946563720703,0.8914610147476196,0.4471069872379303,0.8504905104637146,-0.23214015364646912,0.9530987739562988,0.3718981444835663,0.842560350894928,0.12836898863315582,0.9105783104896545,0.49209585785865784,0.9088773727416992,-0.27529293298721313,0.9729077816009521
90,stand,0.5379383563995361,0.6172086000442505,-0.18898294866085052,0.9999690651893616,0.5475109815597534,0.6124049425125122,-0.17792156338691711,0.9999752640724182,0.5485008358955383,0.6147540807723999,-0.17798221111297607,0.9999690055847168,0.5495821833610535,0.616907000541687,-0.17807623744010925,0.9999692440032959,0.5446521043777466,0.6008066534996033,-0.1939016878604889,0.9999817609786987,0.5433834195137024,0.5936688184738159,-0.19397231936454773,0.9999791383743286,0.5421985387802124,0.5869102478027344,-0.19395680725574493,0.9999793171882629,0.5493105053901672,0.6079279780387878,-0.09669256210327148,0.9999518394470215,0.5358127355575562,0.5662135481834412,-0.1695701628923416,0.9999755620956421,0.5306549668312073,0.6231345534324646,-0.15417058765888214,0.9999597668647766,0.5283278226852417,0.6096638441085815,-0.17532652616500854,0.9999827742576599,0.5300588011741638,0.6291024088859558,0.0025843153707683086,0.999823272228241,0.49920663237571716,0.5330697894096375,-0.17581431567668915,0.9998647570610046,0.5455394983291626,0.7123520970344543,-0.0003023622266482562,0.7890587449073792,0.43559709191322327,0.5086058974266052,-0.2812139093875885,0.9532516598701477,0.581763505935669,0.8037973046302795,-0.07831890881061554,0.9211907982826233,0.4588388502597809,0.6179918646812439,-0.39419668912887573,0.9320477247238159,0.5962972640991211,0.8243404626846313,-0.08561529219150543,0.8968018293380737,0.458066463470459,0.6468700170516968,-0.423298180103302,0.8989126682281494,0.5954340696334839,0.826059877872467,-0.10342486202716827,0.9009336829185486,0.46739593148231506,0.6486688256263733,-0.4120207726955414,0.8965675830841064,0.589358925819397,0.8203128576278687,-0.08853358030319214,0.8943020105361938,0.4689124524593353,0.6427701115608215,-0.3901263475418091,0.8689591288566589,0.4104694724082947,0.6206783652305603,0.07859866321086884,0.9997860193252563,0.394044429063797,0.5674037337303162,-0.07852201908826828,0.9998472929000854,0.4394221901893616,0.7145163416862488,0.12462786585092545,0.8867279291152954,0.46957725286483765,0.663300096988678,-0.2127307653427124,0.9919056296348572,0.36014652252197266,0.7657234072685242,0.17632955312728882,0.8925828337669373,0.45774024724960327,0.8272958397865295,-0.23911580443382263,0.9757539629936218,0.3406705856323242,0.7584694623947144,0.17920291423797607,0.8879154920578003,0.43462079763412476,0.8493514060974121,-0.24117083847522736,0.955997884273529,0.3717508912086487,0.8337135910987854,0.15083655714988708,0.9076668620109558,0.4900875985622406,0.9107847213745117,-0.29243355989456177,0.974465012550354
91,stand,0.5357366800308228,0.5976954698562622,-0.18623484671115875,0.99996417760849,0.5454293489456177,0.5945929884910583,-0.17485156655311584,0.9999720454216003,0.5464603304862976,0.5972673892974854,-0.17492356896400452,0.9999648928642273,0.5476034283638,0.5999606847763062,-0.1750234067440033,0.9999638199806213,0.542570948600769,0.580976128578186,-0.18910783529281616,0.999979555606842,0.5413917303085327,0.5740441083908081,-0.18916746973991394,0.9999760985374451,0.5402337312698364,0.5671722292900085,-0.18913865089416504,0.999977171421051,0.5474966764450073,0.5919985175132751,-0.09259219467639923,0.9999454617500305,0.5345043540000916,0.5467337965965271,-0.15693438053131104,0.9999755024909973,0.5283914804458618,0.6044929027557373,-0.15121766924858093,0.9999534487724304,0.5257952809333801,0.5882105827331543,-0.16990242898464203,0.9999812245368958,0.5286906361579895,0.6151305437088013,0.008121058344841003,0.9998260140419006,0.4975375235080719,0.5179765820503235,-0.16686126589775085,0.999865710735321,0.5458754897117615,0.7026216387748718,0.0022087362594902515,0.7981891632080078,0.42928609251976013,0.5095102787017822,-0.2726152241230011,0.9539009928703308,0.5829716920852661,0.7988862991333008,-0.07648932933807373,0.926444411277771,0.4580903947353363,0.618053138256073,-0.3871420919895172,0.935650110244751,0.5960520505905151,0.8226414322853088,-0.0846223384141922,0.903310239315033,0.4577364921569824,0.6473091840744019,-0.41732057929039,0.9036707282066345,0.595283567905426,0.8260369300842285,-0.10499737411737442,0.907214343547821,0.4672657549381256,0.648740828037262,-0.40665197372436523,0.9015259146690369,0.5893488526344299,0.8190522193908691,-0.08783076703548431,0.9009776711463928,0.4687558710575104,0.6425425410270691,-0.38339149951934814,0.8748589158058167,0.40841174125671387,0.6111215353012085,0.07614903151988983,0.9997987747192383,0.39231887459754944,0.5600621104240417,-0.0760391503572464,0.9998517632484436,0.4354684352874756,0.716825544834137,0.12913016974925995,0.8843497633934021,0.46886807680130005,0.6653547883033752,-0.19450022280216217,0.9919388890266418,0.3613659143447876,0.7678301334381104,0.18010374903678894,0.8939322233200073,0.4577891230583191,0.8285717368125916,-0.2147684395313263,0.9769476056098938,0.3413737714290619,0.7715626358985901,0.18284660577774048,0.8879563808441162,0.4374919831752777,0.8494724631309509,-0.21608546376228333,0.958191454410553,0.3723463714122772,0.8337211608886719,0.1535874456167221,0.9081583619117737,0.4907219409942627,0.9102925658226013,-0.2614338994026184,0.9756938815116882
92,stand,0.5349347591400146,0.5794487595558167,-0.20795336365699768,0.999958336353302,0.5443719625473022,0.574653685092926,-0.19612722098827362,0.9999680519104004,0.5454703569412231,0.5770838260650635,-0.19620457291603088,0.9999600052833557,0.5466268062591553,0.5794088244438171,-0.19632473587989807,0.9999583959579468,0.5413926243782043,0.5623959302902222,-0.2116357386112213,0.9999768137931824,0.5401080846786499,0.5561457276344299,-0.21169228851795197,0.9999720454216003,0.5388197898864746,0.5498719215393066,-0.2116413563489914,0.9999741315841675,0.5457597374916077,0.5723478198051453,-0.11321727186441422,0.9999379515647888,0.532547116279602,0.5305140018463135,-0.18284496665000916,0.9999744296073914,0.5277448892593384,0.5868043899536133,-0.17280323803424835,0.9999459981918335,0.5248703360557556,0.5713751912117004,-0.19306617975234985,0.9999789595603943,0.5264216065406799,0.6029412150382996,-0.012514589354395866,0.9998266100883484,0.49237141013145447,0.5010465383529663,-0.18969394266605377,0.9998637437820435,0.5451079607009888,0.6948206424713135,-0.021989168599247932,0.8092272877693176,0.42400941252708435,0.5089454650878906,-0.2944439649581909,0.9549245834350586,0.5823984146118164,0.7987530827522278,-0.10764779895544052,0.9316152930259705,0.4573594629764557,0.6180962324142456,-0.4106031358242035,0.9391795992851257,0.5951662063598633,0.8222595453262329,-0.11681602895259857,0.9094681739807129,0.45731884241104126,0.6474448442459106,-0.44438013434410095,0.9084040522575378,0.5945655107498169,0.8259795308113098,-0.13937945663928986,0.9131892919540405,0.467072069644928,0.6488891243934631,-0.43224677443504333,0.9063872694969177,0.588972806930542,0.8190160989761353,-0.1201644316315651,0.9073438048362732,0.46821317076683044,0.6421566009521484,-0.4067932665348053,0.8802947998046875,0.4065970778465271,0.6058083176612854,0.07486122846603394,0.9998116493225098,0.3907029330730438,0.551822304725647,-0.07470743358135223,0.9998582005500793,0.4240781366825104,0.7174447774887085,0.1303940713405609,0.8833993673324585,0.46569496393203735,0.6581249833106995,-0.19971348345279694,0.9922127723693848,0.35625606775283813,0.771405041217804,0.18474479019641876,0.8973093628883362,0.45770716667175293,0.8292389512062073,-0.21912148594856262,0.9783743619918823,0.3379175066947937,0.7796241641044617,0.1881987601518631,0.8897401690483093,0.4399073123931885,0.8497524857521057,-0.21987120807170868,0.9606823325157166,0.3716883361339569,0.8338813185691833,0.15514683723449707,0.9107241034507751,0.4921410083770752,0.906629204750061,-0.2719505727291107,0.9771541357040405
93,stand,0.5358390808105469,0.55888432264328,-0.21081510186195374,0.9999493956565857,0.5446727275848389,0.5503821969032288,-0.19844156503677368,0.9999635219573975,0.5457421541213989,0.5516878962516785,-0.19852885603904724,0.9999552369117737,0.5467791557312012,0.5527538657188416,-0.19865478575229645,0.9999542832374573,0.5415523052215576,0.5418078303337097,-0.21622514724731445,0.9999725222587585,0.5400346517562866,0.5365695357322693,-0.21627278625965118,0.9999659061431885,0.5384584069252014,0.5310424566268921,-0.2162082940340042,0.9999685883522034,0.5449631810188293,0.5428138971328735,-0.11510360240936279,0.9999333620071411,0.5312132239341736,0.5113709568977356,-0.1948234885931015,0.9999712705612183,0.5283972024917603,0.5652052760124207,-0.17591315507888794,0.9999419450759888,0.5255618095397949,0.5525192022323608,-0.1991274505853653,0.9999762177467346,0.5253711342811584,0.5869265794754028,-0.021128157153725624,0.9998294115066528,0.48550716042518616,0.484806090593338,-0.2058025598526001,0.9998398423194885,0.5438675880432129,0.686035692691803,-0.031791575253009796,0.8196430206298828,0.4204132556915283,0.5129024386405945,-0.2940715551376343,0.9553410410881042,0.5789180994033813,0.7895461320877075,-0.1307264268398285,0.9357631802558899,0.45650196075439453,0.6181879043579102,-0.3851372003555298,0.9395819902420044,0.5903823971748352,0.8162747025489807,-0.14372029900550842,0.9141395092010498,0.45671209692955017,0.6477085947990417,-0.41861647367477417,0.908973217010498,0.5899092555046082,0.8210328817367554,-0.17003926634788513,0.9178959131240845,0.46657782793045044,0.648970901966095,-0.4092787206172943,0.9072108864784241,0.5844772458076477,0.813780665397644,-0.14548075199127197,0.9124389886856079,0.4677625298500061,0.641427755355835,-0.38255083560943604,0.8806902170181274,0.4062879681587219,0.6001952290534973,0.07312358915805817,0.9998177289962769,0.3881775736808777,0.5455417037010193,-0.07291971147060394,0.9998477697372437,0.41947197914123535,0.7225331664085388,0.07839725911617279,0.8847693204879761,0.46220365166664124,0.6501032710075378,-0.2133089005947113,0.9926139116287231,0.34227174520492554,0.7988700866699219,0.10456369072198868,0.9026550054550171,0.4558786451816559,0.8266525864601135,-0.23645325005054474,0.9800353050231934,0.33522582054138184,0.7944689989089966,0.10444768518209457,0.8933095335960388,0.44134002923965454,0.8458051085472107,-0.23835435509681702,0.9634544849395752,0.36777034401893616,0.8338983058929443,0.053940825164318085,0.9153382778167725,0.49148258566856384,0.9009241461753845,-0.29694777727127075,0.9787991046905518
94,stand,0.5357489585876465,0.5345029830932617,-0.2555932402610779,0.9999397397041321,0.5445312261581421,0.5251135230064392,-0.2437734603881836,0.9999580383300781,0.5456253886222839,0.5259259939193726,-0.2438536435365677,0.9999492168426514,0.5466979742050171,0.5265686511993408,-0.24400369822978973,0.999950647354126,0.5411494970321655,0.5179440379142761,-0.2633645534515381,0.9999673366546631,0.5395142436027527,0.5132526159286499,-0.2634267210960388,0.9999578595161438,0.5377823710441589,0.5080829858779907,-0.263369083404541,0.9999619722366333,0.5446983575820923,0.5163862705230713,-0.161198228597641,0.9999234080314636,0.5299903154373169,0.48780086636543274,-0.24882182478904724,0.9999643564224243,0.5281857252120972,0.5403333306312561,-0.22069501876831055,0.999937117099762,0.5251492261886597,0.5292778015136719,-0.2462565153837204,0.9999730587005615,0.5258153676986694,0.5646799206733704,-0.06573168933391571,0.9998234510421753,0.4798033833503723,0.4665047228336334,-0.25402313470840454,0.9998160004615784,0.5381180047988892,0.6657225489616394,-0.06548259407281876,0.8311755657196045,0.41786885261535645,0.5154909491539001,-0.3105599284172058,0.9585461020469666,0.5711168050765991,0.7746701836585999,-0.1634451448917389,0.9399835467338562,0.45619601011276245,0.6182104349136353,-0.371023029088974,0.9434627890586853,0.5811506509780884,0.8044400811195374,-0.17852067947387695,0.9185354709625244,0.4562707841396332,0.6477181315422058,-0.4044261574745178,0.9138420820236206,0.581780195236206,0.8098991513252258,-0.20828330516815186,0.9223920702934265,0.4666499197483063,0.6480420231819153,-0.39708808064460754,0.9123550653457642,0.5775872468948364,0.8023245334625244,-0.1795775592327118,0.9173757433891296,0.46789664030075073,0.6400946974754333,-0.36862531304359436,0.8866916298866272,0.4079470634460449,0.5858218669891357,0.07046715915203094,0.9997914433479309,0.39033353328704834,0.5365324020385742,-0.07018692791461945,0.9998010396957397,0.42360973358154297,0.7229393124580383,0.04690105840563774,0.8832238912582397,0.4572453498840332,0.6536971926689148,-0.20734265446662903,0.9929035305976868,0.3491262197494507,0.7950193881988525,0.07701200991868973,0.9058865904808044,0.4560156762599945,0.8284520506858826,-0.2327433079481125,0.9815685749053955,0.3366048038005829,0.8019251227378845,0.07714385539293289,0.8949165940284729,0.44454169273376465,0.850378692150116,-0.2362120896577835,0.9660709500312805,0.37194833159446716,0.8349111080169678,0.01929592154920101,0.9181163907051086,0.48405155539512634,0.8982128500938416,-0.30683428049087524,0.9802705645561218
95,stand,0.5346614122390747,0.510959267616272,-0.278335303068161,0.9998875856399536,0.5436854362487793,0.5010128021240234,-0.26809969544410706,0.999926745891571,0.5449594259262085,0.5020079612731934,-0.2681977152824402,0.9999129772186279,0.5461832284927368,0.5027611255645752,-0.26837509870529175,0.999923050403595,0.5397762060165405,0.4936380088329315,-0.285837858915329,0.9999366998672485,0.5379344820976257,0.4892673194408417,-0.2859025001525879,0.9999154210090637,0.5359440445899963,0.48452648520469666,-0.2858569025993347,0.9999273419380188,0.5441104769706726,0.4925253987312317,-0.18724027276039124,0.9998597502708435,0.5276514291763306,0.4655793011188507,-0.2655719518661499,0.999925971031189,0.5273555517196655,0.5182138681411743,-0.24349112808704376,0.9999157786369324,0.5237148404121399,0.5074970126152039,-0.2663591504096985,0.9999619722366333,0.5256310701370239,0.5426915287971497,-0.08872111886739731,0.9998010396957397,0.47738116979599,0.45154058933258057,-0.2662223279476166,0.9997647404670715,0.5333234667778015,0.6475484371185303,-0.08564911782741547,0.8369705677032471,0.41577720642089844,0.5184712409973145,-0.3132976293563843,0.960969090461731,0.5606414079666138,0.7578446269035339,-0.18723106384277344,0.9402046799659729,0.4551377296447754,0.6191785931587219,-0.36603111028671265,0.9453881978988647,0.5698376893997192,0.7960529923439026,-0.20454314351081848,0.9173963069915771,0.4553125500679016,0.6486883163452148,-0.3978906273841858,0.916098952293396,0.5706883668899536,0.7991459965705872,-0.2335476130247116,0.9219064712524414,0.46604490280151367,0.6481395959854126,-0.39246484637260437,0.9150346517562866,0.5667341947555542,0.7905404567718506,-0.20310565829277039,0.9174913763999939,0.46702322363853455,0.6399933099746704,-0.3629683554172516,0.8898941278457642,0.4102322459220886,0.5744040012359619,0.06725551933050156,0.9997422695159912,0.3907785713672638,0.5307920575141907,-0.0669802874326706,0.9997060298919678,0.4240865111351013,0.7246710658073425,0.029877498745918274,0.8833523988723755,0.4549795091152191,0.6514468193054199,-0.18721191585063934,0.993036150932312,0.3495599329471588,0.7937730550765991,0.0676008015871048,0.9100174903869629,0.45597219467163086,0.8281604051589966,-0.22419610619544983,0.9829980731010437,0.3352509140968323,0.8039996027946472,0.0687984749674797,0.8974668979644775,0.44473591446876526,0.8508616089820862,-0.23378345370292664,0.9685596227645874,0.36692437529563904,0.8385592699050903,0.010270100086927414,0.9212305545806885,0.4821019768714905,0.8997367024421692,-0.2932380139827728,0.9816415309906006
96,stand,0.5319408774375916,0.48505932092666626,-0.30938294529914856,0.9998664855957031,0.5411799550056458,0.47556072473526,-0.29826194047927856,0.9999149441719055,0.5428103804588318,0.4767475426197052,-0.2983752489089966,0.9998994469642639,0.5443801283836365,0.477660596370697,-0.2985638976097107,0.9999129772186279,0.5362697839736938,0.46731534600257874,-0.31159329414367676,0.9999223947525024,0.5340378880500793,0.46247947216033936,-0.31167036294937134,0.9998966455459595,0.5317649245262146,0.4575221538543701,-0.3116341531276703,0.9999129772186279,0.5428463220596313,0.4692009687423706,-0.21028482913970947,0.9998292922973633,0.5231097936630249,0.44068726897239685,-0.2691881060600281,0.9999097585678101,0.5252243876457214,0.4945767819881439,-0.27228832244873047,0.9999109506607056,0.5203010439872742,0.4827826917171478,-0.2895609736442566,0.9999586939811707,0.5261480808258057,0.515920877456665,-0.09816290438175201,0.9998056292533875,0.4751014709472656,0.43870073556900024,-0.26112282276153564,0.9997615218162537,0.5288494229316711,0.6236947774887085,-0.08401469886302948,0.8473842144012451,0.41662853956222534,0.5226742029190063,-0.29869145154953003,0.9639833569526672,0.5471774339675903,0.7329310178756714,-0.19071868062019348,0.943598210811615,0.4540221095085144,0.6194377541542053,-0.34852179884910583,0.9486194849014282,0.553513765335083,0.7701670527458191,-0.21052972972393036,0.9211305379867554,0.45483261346817017,0.6495578289031982,-0.3887578547000885,0.9201303720474243,0.5533462762832642,0.7741224765777588,-0.24151477217674255,0.9257111549377441,0.46414947509765625,0.6491216421127319,-0.391382098197937,0.9193622469902039,0.5497987270355225,0.7652493715286255,-0.2068146914243698,0.9215778112411499,0.4647983908653259,0.6400086283683777,-0.34924060106277466,0.895236611366272,0.41739287972450256,0.5641870498657227,0.06573210656642914,0.999721109867096,0.39212045073509216,0.5287029147148132,-0.06544424593448639,0.9996741414070129,0.4319475591182709,0.7078215479850769,0.011087136343121529,0.8847585320472717,0.45158401131629944,0.6495904922485352,-0.18414190411567688,0.993375837802887,0.35061877965927124,0.7931485772132874,0.03547639399766922,0.9140571355819702,0.4533001780509949,0.8282191753387451,-0.22990679740905762,0.9844023585319519,0.3366234004497528,0.8009375929832458,0.03517793118953705,0.9014748930931091,0.44469356536865234,0.8533517718315125,-0.23762886226177216,0.9709831476211548,0.3674100339412689,0.8382089138031006,-0.02324160560965538,0.9246065020561218,0.48248472809791565,0.8920376896858215,-0.3095593750476837,0.9829954504966736
97,stand,0.5311979651451111,0.4582878649234772,-0.3493284583091736,0.9998618364334106,0.5398710370063782,0.4461415708065033,-0.3365985155105591,0.9999099373817444,0.5414372086524963,0.4463942348957062,-0.3367135226726532,0.9998950362205505,0.5429765582084656,0.44636303186416626,-0.3369103670120239,0.9999096989631653,0.5348650813102722,0.4402333199977875,-0.3526093363761902,0.999915599822998,0.5324223041534424,0.4361501932144165,-0.3526877760887146,0.99988853931427,0.529839277267456,0.4316938519477844,-0.3526517152786255,0.9999054670333862,0.5411666631698608,0.43706411123275757,-0.24153956770896912,0.9998175501823425,0.5203065872192383,0.4161697030067444,-0.3124707341194153,0.999901533126831,0.5247353911399841,0.4679650664329529,-0.30957597494125366,0.9999122619628906,0.5193341970443726,0.4581187069416046,-0.33037859201431274,0.9999581575393677,0.5265211462974548,0.49355143308639526,-0.11648768186569214,0.999820351600647,0.4719525873661041,0.42255112528800964,-0.29932984709739685,0.9997733235359192,0.523530125617981,0.605856716632843,-0.09453660994768143,0.8601698279380798,0.41910427808761597,0.5222961902618408,-0.33780115842819214,0.9666736721992493,0.5347952246665955,0.7113747596740723,-0.21163754165172577,0.9480640292167664,0.4540291428565979,0.6189454197883606,-0.3910985291004181,0.9515755772590637,0.5406185984611511,0.7511010766029358,-0.23308631777763367,0.9267240166664124,0.4548303484916687,0.6498386859893799,-0.43536609411239624,0.9241272211074829,0.5389403700828552,0.7535725831985474,-0.26742100715637207,0.9311181902885437,0.46461716294288635,0.6491429805755615,-0.43471449613571167,0.9234310984611511,0.5356141924858093,0.7402719855308533,-0.22899393737316132,0.9270971417427063,0.4653318524360657,0.6394696235656738,-0.39238837361335754,0.8994362354278564,0.42437925934791565,0.5539842247962952,0.06698207557201385,0.9997196793556213,0.39308857917785645,0.5265771150588989,-0.06657879054546356,0.9996793866157532,0.44233185052871704,0.6981313228607178,0.03200981765985489,0.8875188231468201,0.45187824964523315,0.6508353352546692,-0.23520979285240173,0.9937993288040161,0.35689979791641235,0.7808709740638733,0.08733243495225906,0.9191431999206543,0.45280951261520386,0.8277110457420349,-0.27986225485801697,0.9857254028320312,0.34028685092926025,0.7972056269645691,0.08940202742815018,0.9066556692123413,0.44477811455726624,0.8559383153915405,-0.2873897850513458,0.9731261134147644,0.37462371587753296,0.8357062339782715,0.030658069998025894,0.9286105632781982,0.4846070408821106,0.8831800818443298,-0.37695544958114624,0.9842931032180786
98,stand,0.532382607460022,0.4285007417201996,-0.3848244547843933,0.9998544454574585,0.5394812822341919,0.41348791122436523,-0.36902040243148804,0.9998955130577087,0.5409002304077148,0.41296058893203735,-0.36913755536079407,0.9998825788497925,0.5422724485397339,0.41222143173217773,-0.3693285584449768,0.999900758266449,0.5342382192611694,0.41019418835639954,-0.3916928172111511,0.9999000430107117,0.5314638614654541,0.40713340044021606,-0.391794353723526,0.9998700022697449,0.5283798575401306,0.4035423994064331,-0.3917813003063202,0.9998875260353088,0.5381941199302673,0.404257595539093,-0.26507848501205444,0.9997978806495667,0.5168138742446899,0.39213162660598755,-0.3659313917160034,0.9998790621757507,0.526115894317627,0.4399663805961609,-0.3420308232307434,0.9999088644981384,0.5202556848526001,0.43293631076812744,-0.37153369188308716,0.9999532699584961,0.5267384648323059,0.4617868661880493,-0.12688782811164856,0.9998340010643005,0.4649887979030609,0.4215405285358429,-0.34687885642051697,0.9997766613960266,0.5172754526138306,0.5772877335548401,-0.07965066283941269,0.8709077835083008,0.42055219411849976,0.5234976410865784,-0.3767262399196625,0.9690284729003906,0.5236893892288208,0.6873897910118103,-0.19106724858283997,0.9517555236816406,0.4533778131008148,0.6189491748809814,-0.41659513115882874,0.9543262720108032,0.5278810858726501,0.7240403890609741,-0.20819683372974396,0.9313287734985352,0.4545820355415344,0.6501244306564331,-0.4625895023345947,0.9280334115028381,0.5269923806190491,0.7300814390182495,-0.24824900925159454,0.9355743527412415,0.4646463990211487,0.6490837335586548,-0.4629075527191162,0.9273365139961243,0.5223250985145569,0.7158033847808838,-0.20998236536979675,0.9317082762718201,0.46504753828048706,0.63917475938797,-0.4181784689426422,0.9032657742500305,0.42570042610168457,0.5401080846786499,0.0781962051987648,0.9997243285179138,0.3934953212738037,0.5252673625946045,-0.07783631235361099,0.9996865391731262,0.44505661725997925,0.6947658061981201,0.09079352766275406,0.886762261390686,0.45286625623703003,0.651818037033081,-0.22393110394477844,0.9942111968994141,0.3589428961277008,0.7773408889770508,0.2139146327972412,0.9231151342391968,0.45296725630760193,0.8332238793373108,-0.1974913626909256,0.9869230389595032,0.34031516313552856,0.7883369326591492,0.22241222858428955,0.9103109836578369,0.4447682499885559,0.8634918332099915,-0.19789186120033264,0.9748106002807617,0.37672415375709534,0.8347311019897461,0.16954050958156586,0.9311766624450684,0.4847358167171478,0.8858347535133362,-0.28319862484931946,0.985379159450531
99,stand,0.5297844409942627,0.405534565448761,-0.4798615574836731,0.9998233318328857,0.5356258749961853,0.38935452699661255,-0.46353498101234436,0.9998319745063782,0.5369652509689331,0.3885607123374939,-0.4636436402797699,0.9998154044151306,0.5383204221725464,0.38746896386146545,-0.4638446867465973,0.999861478805542,0.5302310585975647,0.3864072263240814,-0.4867182672023773,0.9998408555984497,0.5273401737213135,0.383523166179657,-0.4868558943271637,0.9997939467430115,0.524168074131012,0.3801524341106415,-0.48687368631362915,0.999829888343811,0.5333240032196045,0.37864363193511963,-0.3454553186893463,0.9997084736824036,0.5123061537742615,0.3695778250694275,-0.44806522130966187,0.9997718334197998,0.5239372253417969,0.4175737500190735,-0.4310131072998047,0.9998807907104492,0.51703941822052,0.41124051809310913,-0.46102815866470337,0.9999262094497681,0.5265465378761292,0.43630853295326233,-0.18387708067893982,0.9998451471328735,0.46096569299697876,0.40861374139785767,-0.40317192673683167,0.9997758269309998,0.513170599937439,0.5523415207862854,-0.11302534490823746,0.8805533051490784,0.41879668831825256,0.5241155028343201,-0.41608095169067383,0.9715542197227478,0.5132851004600525,0.6720819473266602,-0.22412090003490448,0.9540703892707825,0.45394331216812134,0.6200460195541382,-0.4498980641365051,0.9574598670005798,0.5134118795394897,0.7013487219810486,-0.2469072788953781,0.9334593415260315,0.4546736180782318,0.653415322303772,-0.49718204140663147,0.9324084520339966,0.5092512965202332,0.7023441195487976,-0.28919923305511475,0.9378233551979065,0.4648759365081787,0.6526852250099182,-0.5031384229660034,0.9317121505737305,0.5063515901565552,0.690125584602356,-0.24373500049114227,0.9338049292564392,0.46537965536117554,0.6423339247703552,-0.4528793394565582,0.9077175259590149,0.43044549226760864,0.5304736495018005,0.07727815955877304,0.9997005462646484,0.3939974904060364,0.5229157209396362,-0.07683957368135452,0.9996417760848999,0.4532654285430908,0.6793619990348816,-0.02488284930586815,0.8820949792861938,0.4530237317085266,0.6529443860054016,-0.20245316624641418,0.9938979148864746,0.40497294068336487,0.8084381222724915,0.05829845741391182,0.9195510745048523,0.4219512343406677,0.8281382322311401,-0.10524590313434601,0.9870451092720032,0.3861134648323059,0.8230624794960022,0.06287632882595062,0.9060631990432739,0.40676945447921753,0.8530418276786804,-0.09913717210292816,0.9728482365608215,0.42902079224586487,0.8647804260253906,-0.007273133844137192,0.9288613200187683,0.45349130034446716,0.8770484328269958,-0.18240325152873993,0.9847977757453918
100,stand,0.523242175579071,0.38202473521232605,-0.4936085343360901,0.9998089075088501,0.5291398167610168,0.3649244010448456,-0.4770013391971588,0.9997909069061279,0.5306453704833984,0.36411377787590027,-0.4771057069301605,0.9997687935829163,0.5321655869483948,0.3629682660102844,-0.47728973627090454,0.9998316764831543,0.5225390195846558,0.3617575764656067,-0.4945797324180603,0.9998022317886353,0.5191282033920288,0.35860905051231384,-0.49471837282180786,0.9997497797012329,0.5154749155044556,0.3548215329647064,-0.4947471022605896,0.9998002052307129,0.5278042554855347,0.3548979163169861,-0.3541516959667206,0.9996208548545837,0.5051862597465515,0.3445131778717041,-0.4316287636756897,0.9997125267982483,0.5185648202896118,0.39499613642692566,-0.4432258605957031,0.9998667240142822,0.5101549625396729,0.38903528451919556,-0.4659653306007385,0.9999136328697205,0.5253152251243591,0.4152624011039734,-0.18525543808937073,0.9998564720153809,0.4555472433567047,0.39000141620635986,-0.3911489248275757,0.9997907876968384,0.5102062821388245,0.5293930768966675,-0.118632473051548,0.8885300159454346,0.4192957878112793,0.5238117575645447,-0.412921279668808,0.9741156101226807,0.5043895840644836,0.6419028043746948,-0.23277702927589417,0.9552755355834961,0.4542037844657898,0.619468092918396,-0.46110668778419495,0.9609512090682983,0.5040525794029236,0.67231684923172,-0.25672852993011475,0.9341984391212463,0.45583051443099976,0.6535255312919617,-0.5097240209579468,0.9374982714653015,0.49862512946128845,0.6732280850410461,-0.29711028933525085,0.9386346340179443,0.4659590721130371,0.6525159478187561,-0.5162788033485413,0.93681800365448,0.49568691849708557,0.6627756357192993,-0.25166964530944824,0.9343596696853638,0.46575331687927246,0.6420352458953857,-0.4646402895450592,0.9138293266296387,0.4302932322025299,0.520451545715332,0.07662387937307358,0.9997062683105469,0.3940731883049011,0.5139103531837463,-0.07620186358690262,0.9996472597122192,0.45777231454849243,0.6738319396972656,-0.05235721915960312,0.8726001381874084,0.451342910528183,0.6459694504737854,-0.20377743244171143,0.9936805963516235,0.3994249701499939,0.8028044104576111,0.03392087668180466,0.9131011962890625,0.402482271194458,0.7932201027870178,-0.11705110222101212,0.9873912930488586,0.3704391121864319,0.8215761184692383,0.03917964547872543,0.9006351828575134,0.4038473665714264,0.8443699479103088,-0.11086803674697876,0.9719806909561157,0.43485745787620544,0.8693305253982544,-0.029135812073946,0.9254216551780701,0.4480215907096863,0.8707532286643982,-0.19372758269309998,0.9848971962928772
101,stand,0.5199043154716492,0.35616403818130493,-0.5462060570716858,0.9998185038566589,0.5241838693618774,0.33864927291870117,-0.5290948748588562,0.9997848272323608,0.5255409479141235,0.3376755118370056,-0.5291953682899475,0.9997597932815552,0.5268962979316711,0.33635327219963074,-0.5293926000595093,0.9998270869255066,0.5176005363464355,0.336788147687912,-0.5455291271209717,0.9997982382774353,0.514086127281189,0.33421382308006287,-0.5456596612930298,0.9997462034225464,0.5103068351745605,0.33110320568084717,-0.54571133852005,0.9997982978820801,0.5221021175384521,0.32946592569351196,-0.39839649200439453,0.9995886087417603,0.4995821416378021,0.323222279548645,-0.471344530582428,0.9996891617774963,0.5156837701797485,0.37019801139831543,-0.4924229085445404,0.9998680353164673,0.5068444609642029,0.3657110333442688,-0.5140020251274109,0.9999117255210876,0.5240726470947266,0.39191338419914246,-0.22426418960094452,0.9998691082000732,0.4522743225097656,0.37528860569000244,-0.41611337661743164,0.9998073577880859,0.5090823769569397,0.5176668167114258,-0.14615727961063385,0.8969642519950867,0.42186102271080017,0.5177657008171082,-0.4322595000267029,0.9761711359024048,0.49868685007095337,0.6247016191482544,-0.24778158962726593,0.9574229121208191,0.45452985167503357,0.6192810535430908,-0.4825006127357483,0.9639992117881775,0.49719175696372986,0.6566344499588013,-0.27232977747917175,0.9363397359848022,0.45523786544799805,0.6546407341957092,-0.5324881076812744,0.9418200254440308,0.49220794439315796,0.6574179530143738,-0.3138367533683777,0.9408200979232788,0.46494951844215393,0.6530652642250061,-0.5426019430160522,0.9412040114402771,0.4897153973579407,0.6463789343833923,-0.2662132978439331,0.9361919164657593,0.4654870629310608,0.6420495510101318,-0.4877074360847473,0.9187502861022949,0.4332845211029053,0.5115002393722534,0.06859935075044632,0.9997077584266663,0.3955160975456238,0.5039870142936707,-0.06838591396808624,0.9996575713157654,0.4647160470485687,0.665434718132019,-0.08246655762195587,0.871321439743042,0.4486246109008789,0.6447973847389221,-0.2529516816139221,0.9931492805480957,0.4539146423339844,0.8263160586357117,0.027271036058664322,0.9089609980583191,0.38169074058532715,0.7702459692955017,-0.09909485280513763,0.9868449568748474,0.4403948187828064,0.8499209880828857,0.03478096425533295,0.8925300240516663,0.3645520806312561,0.7927840352058411,-0.08542381227016449,0.9645944833755493,0.48423320055007935,0.8917930722236633,-0.03538651391863823,0.9216945767402649,0.3969450891017914,0.8434359431266785,-0.16997045278549194,0.9837251901626587
102,stand,0.5158581137657166,0.3322003483772278,-0.5776221752166748,0.9998264908790588,0.5193163156509399,0.312886118888855,-0.5602148175239563,0.9997783899307251,0.5206772089004517,0.31163206696510315,-0.5602980852127075,0.9997502565383911,0.5219436287879944,0.3102569580078125,-0.5604700446128845,0.9998222589492798,0.512535810470581,0.3127060830593109,-0.5768275260925293,0.9997953772544861,0.5088008046150208,0.3106762170791626,-0.5769761800765991,0.9997457265853882,0.5047882795333862,0.308490127325058,-0.5770338177680969,0.9997996687889099,0.5170337557792664,0.3060198426246643,-0.4271111488342285,0.9995511770248413,0.49381223320961,0.3031710386276245,-0.5003147125244141,0.9996766448020935,0.5128303170204163,0.3470805287361145,-0.5231046676635742,0.9998685121536255,0.5034065246582031,0.34431248903274536,-0.5447570085525513,0.9999099373817444,0.5227277278900146,0.3718298077583313,-0.2517945170402527,0.9998785257339478,0.44885388016700745,0.36585476994514465,-0.44768649339675903,0.9998199939727783,0.5105525255203247,0.49542245268821716,-0.19237299263477325,0.9031522870063782,0.4315806031227112,0.5110757350921631,-0.47342318296432495,0.9782545566558838,0.4924233853816986,0.6044164896011353,-0.30120915174484253,0.9576418995857239,0.4537228047847748,0.6173150539398193,-0.525769054889679,0.9669283032417297,0.4889770448207855,0.635696530342102,-0.32643309235572815,0.9357537031173706,0.4527321755886078,0.6524180769920349,-0.5770233869552612,0.9461252093315125,0.4847458302974701,0.6385007500648499,-0.3662034869194031,0.9404084086418152,0.46206170320510864,0.6528553366661072,-0.5879409909248352,0.9455493092536926,0.4832914471626282,0.6282191276550293,-0.31941860914230347,0.9355244040489197,0.4633124768733978,0.6415780186653137,-0.5319880247116089,0.9241080284118652,0.4369831681251526,0.5059553384780884,0.06869381666183472,0.9997101426124573,0.39729195833206177,0.5038487911224365,-0.06850332766771317,0.9996606707572937,0.4630461633205414,0.6583177447319031,-0.07170721888542175,0.8641348481178284,0.44492053985595703,0.6398836970329285,-0.24458003044128418,0.9928886890411377,0.42336946725845337,0.8168240785598755,0.0545312762260437,0.9032246470451355,0.3959001302719116,0.7787803411483765,-0.08502311259508133,0.9867148399353027,0.4060046076774597,0.833771288394928,0.06304506957530975,0.8836244344711304,0.3825381398200989,0.7999587059020996,-0.07099582254886627,0.9621091485023499,0.4422681927680969,0.883087158203125,-0.006553430110216141,0.9182212352752686,0.4046657979488373,0.8322718143463135,-0.1523243486881256,0.983527421951294
103,stand,0.5075953006744385,0.3090996742248535,-0.5851927995681763,0.9998301267623901,0.5118245482444763,0.2888413965702057,-0.5692979693412781,0.999772846698761,0.5141498446464539,0.28772783279418945,-0.5694061517715454,0.9997420907020569,0.5164042711257935,0.2866576611995697,-0.569597065448761,0.9998161792755127,0.5025859475135803,0.28794848918914795,-0.5808745622634888,0.9997908473014832,0.49838799238204956,0.2859322130680084,-0.5810062289237976,0.999741792678833,0.4942694306373596,0.2835581600666046,-0.5810392498970032,0.9997978806495667,0.5148807168006897,0.284168004989624,-0.43424010276794434,0.9995288848876953,0.4857920706272125,0.28071141242980957,-0.4822867810726166,0.9996682405471802,0.5080690979957581,0.32509946823120117,-0.5292685627937317,0.9998660683631897,0.49678605794906616,0.3218711018562317,-0.5435498952865601,0.9999054074287415,0.522568941116333,0.35297268629074097,-0.25271695852279663,0.9998863935470581,0.4455513060092926,0.35393181443214417,-0.42263227701187134,0.9998311400413513,0.5135655403137207,0.4637705981731415,-0.23396718502044678,0.9066922664642334,0.4365328848361969,0.5000942945480347,-0.44245266914367676,0.9799057245254517,0.48960691690444946,0.5645362734794617,-0.3816899359226227,0.9527167081832886,0.45380672812461853,0.6080758571624756,-0.4939723610877991,0.9687992334365845,0.48308396339416504,0.5958867073059082,-0.4149281978607178,0.9281031489372253,0.4529237747192383,0.6376846432685852,-0.5408563613891602,0.948573112487793,0.47807225584983826,0.5966633558273315,-0.4463082253932953,0.9329736232757568,0.4623139500617981,0.6373485326766968,-0.5536668300628662,0.9479882121086121,0.4766601026058197,0.5858541131019592,-0.3975994884967804,0.9272371530532837,0.4633346498012543,0.6269114017486572,-0.5001882910728455,0.9264379143714905,0.4411686956882477,0.4973028004169464,0.06579285115003586,0.9997186064720154,0.399005651473999,0.4974082112312317,-0.0656714215874672,0.9996699094772339,0.4630521833896637,0.6489955186843872,-0.08849294483661652,0.850125789642334,0.4431120455265045,0.6364051103591919,-0.2529478967189789,0.9920716881752014,0.42936792969703674,0.8158390522003174,0.03515626862645149,0.8868128061294556,0.39416974782943726,0.7827523350715637,-0.11987558752298355,0.9854760766029358,0.4112244248390198,0.8336368799209595,0.043738529086112976,0.868236243724823,0.37992018461227417,0.8060987591743469,-0.10965085029602051,0.9564804434776306,0.4602910876274109,0.8835828900337219,-0.03242696821689606,0.908149778842926,0.40484946966171265,0.8296613097190857,-0.19651708006858826,0.9825705289840698
104,stand,0.49869951605796814,0.2905377149581909,-0.5652936697006226,0.999818742275238,0.503476619720459,0.27013781666755676,-0.5507900714874268,0.9997366666793823,0.5063720345497131,0.2686607241630554,-0.5508915781974792,0.9996961355209351,0.5092520117759705,0.26731544733047485,-0.5510720014572144,0.9997824430465698,0.492926687002182,0.2692701518535614,-0.5601783990859985,0.9997615814208984,0.48866209387779236,0.26718077063560486,-0.560306191444397,0.9997084736824036,0.4846305847167969,0.265252023935318,-0.5603479743003845,0.9997753500938416,0.5104263424873352,0.2652986943721771,-0.4201878607273102,0.999434232711792,0.4780476689338684,0.2628772258758545,-0.45768293738365173,0.9996210932731628,0.5017521381378174,0.30639368295669556,-0.510761559009552,0.9998511075973511,0.48946064710617065,0.30387187004089355,-0.5219541788101196,0.9998893141746521,0.5215701460838318,0.32985639572143555,-0.23596851527690887,0.9998940825462341,0.4428345263004303,0.34038639068603516,-0.3971889615058899,0.9998410940170288,0.5166682600975037,0.43528345227241516,-0.20690903067588806,0.910290002822876,0.44155144691467285,0.4891815185546875,-0.4119254946708679,0.9813802242279053,0.49085721373558044,0.5400019884109497,-0.3456996977329254,0.9493354558944702,0.45387428998947144,0.5997275114059448,-0.46596819162368774,0.9705691337585449,0.4839954972267151,0.5644164085388184,-0.3772531747817993,0.9225812554359436,0.45241579413414,0.6315250992774963,-0.5109798312187195,0.9509761333465576,0.4767523407936096,0.5615942478179932,-0.4076785147190094,0.9275466799736023,0.4614824652671814,0.631626546382904,-0.5224134922027588,0.9504185914993286,0.4763716757297516,0.5522856116294861,-0.3605697751045227,0.9208312630653381,0.4630338251590729,0.616961658000946,-0.4709142744541168,0.9291824698448181,0.4428105354309082,0.4874764680862427,0.06428603082895279,0.9997211694717407,0.4013441205024719,0.4876038134098053,-0.06419672071933746,0.9996605515480042,0.4599570631980896,0.6433438062667847,-0.07980893552303314,0.8387877345085144,0.43902379274368286,0.6341769695281982,-0.21445751190185547,0.9907208681106567,0.43168920278549194,0.8138501644134521,0.023521576076745987,0.8733134865760803,0.399967759847641,0.7851933836936951,-0.08450315147638321,0.982568085193634,0.4156356751918793,0.8332419395446777,0.029957374557852745,0.8510335683822632,0.3874824047088623,0.8087411522865295,-0.07455488294363022,0.947127640247345,0.46310752630233765,0.8774293065071106,-0.04875229299068451,0.899142861366272,0.4187573790550232,0.8354547023773193,-0.16134047508239746,0.98004150390625
105,stand,0.492990106344223,0.27418795228004456,-0.5328418016433716,0.9998281598091125,0.49697813391685486,0.25374123454093933,-0.5152382254600525,0.9997484683990479,0.4999319612979889,0.2521062195301056,-0.5153493881225586,0.9997079968452454,0.5028778314590454,0.2505461871623993,-0.5155371427536011,0.999791145324707,0.48606958985328674,0.2543571889400482,-0.52427077293396,0.9997729659080505,0.4816513955593109,0.25310319662094116,-0.5243854522705078,0.9997220635414124,0.4774416387081146,0.2516040503978729,-0.5243910551071167,0.9997857809066772,0.5041447281837463,0.24876484274864197,-0.3819776177406311,0.9994579553604126,0.4709777235984802,0.2504531741142273,-0.421224981546402,0.9996349215507507,0.49735888838768005,0.29042091965675354,-0.47791561484336853,0.9998564720153809,0.4840691089630127,0.2895435392856598,-0.4884628653526306,0.9998899102210999,0.5181437134742737,0.3122706413269043,-0.20235951244831085,0.99990314245224,0.43960899114608765,0.3363584876060486,-0.3726235032081604,0.9998435378074646,0.5215524435043335,0.41085463762283325,-0.1765911728143692,0.9174526929855347,0.4438326358795166,0.48158106207847595,-0.35341429710388184,0.9827045202255249,0.49830976128578186,0.5071496963500977,-0.32967543601989746,0.9530618786811829,0.4540543556213379,0.5884310007095337,-0.4073021411895752,0.9723818302154541,0.4923245310783386,0.5345007181167603,-0.3354124426841736,0.9273357391357422,0.4562772810459137,0.616461455821991,-0.45198649168014526,0.9535030722618103,0.48492902517318726,0.523632287979126,-0.405831903219223,0.9319511651992798,0.4642902910709381,0.6147202849388123,-0.46932297945022583,0.9530158638954163,0.4847854673862457,0.5133906602859497,-0.3161003589630127,0.9250295758247375,0.4642147421836853,0.5999448299407959,-0.4147017002105713,0.9326323866844177,0.44385915994644165,0.4794085919857025,0.06386454403400421,0.9997146725654602,0.4044269025325775,0.48642829060554504,-0.06376127153635025,0.9996194839477539,0.45608654618263245,0.6392977833747864,-0.06287294626235962,0.834304928779602,0.4418887495994568,0.6351931095123291,-0.1717415750026703,0.9896880388259888,0.42585045099258423,0.8117436170578003,0.022296462208032608,0.8670545816421509,0.4280764162540436,0.8135157227516174,-0.09799908846616745,0.9809297919273376,0.4051223695278168,0.8291928768157959,0.026696201413869858,0.84166020154953,0.41830673813819885,0.8422550559043884,-0.09303522109985352,0.9428306818008423,0.4481077790260315,0.8707371950149536,-0.051951564848423004,0.8934800028800964,0.46894559264183044,0.8585076928138733,-0.17925907671451569,0.9782316088676453
106,stand,0.4883826673030853,0.2540711760520935,-0.5527738928794861,0.9998400211334229,0.49184948205947876,0.2341437041759491,-0.5334056615829468,0.9997655153274536,0.4948539733886719,0.23244339227676392,-0.5335078239440918,0.999726414680481,0.49788564443588257,0.2310560643672943,-0.5337036848068237,0.9998049139976501,0.4808414578437805,0.2369408905506134,-0.5422791242599487,0.9997895359992981,0.47627925872802734,0.23657462000846863,-0.5424119234085083,0.9997421503067017,0.4718729555606842,0.23589587211608887,-0.5424253344535828,0.9998013973236084,0.4998614192008972,0.23166796565055847,-0.394657701253891,0.9994930624961853,0.46512269973754883,0.23752477765083313,-0.42908650636672974,0.9996581077575684,0.49380984902381897,0.27067694067955017,-0.4965454638004303,0.9998655319213867,0.48066553473472595,0.2710321843624115,-0.5068768262863159,0.9998958110809326,0.5155340433120728,0.29997095465660095,-0.20981600880622864,0.9999111294746399,0.437091588973999,0.33348003029823303,-0.36822786927223206,0.9998457431793213,0.5257682204246521,0.3980409801006317,-0.15643508732318878,0.9247467517852783,0.4451395571231842,0.47398269176483154,-0.3581521809101105,0.9839896559715271,0.5013695955276489,0.4853946268558502,-0.26366540789604187,0.9569970369338989,0.45385774970054626,0.5932894945144653,-0.4098026752471924,0.9743397235870361,0.4959335923194885,0.5158841609954834,-0.28619471192359924,0.9327290058135986,0.45400896668434143,0.6217641830444336,-0.4541672170162201,0.9563504457473755,0.4877927303314209,0.5042054057121277,-0.3179352581501007,0.9369663596153259,0.4640072286128998,0.6133270859718323,-0.46997585892677307,0.9559193849563599,0.48750314116477966,0.4928504228591919,-0.26380202174186707,0.9299944043159485,0.4641452729701996,0.601837158203125,-0.41660475730895996,0.9365053176879883,0.4503169655799866,0.4692888557910919,0.06429597735404968,0.9996870756149292,0.40926653146743774,0.47945255041122437,-0.06417351961135864,0.9995743036270142,0.4633829593658447,0.6312679648399353,-0.05504853278398514,0.8266057372093201,0.4448990225791931,0.6335721611976624,-0.18945163488388062,0.9878562092781067,0.42481908202171326,0.7905514240264893,0.03936788812279701,0.84571373462677,0.44970887899398804,0.8235395550727844,-0.11421273648738861,0.9782025218009949,0.40841469168663025,0.809204638004303,0.05139197036623955,0.8174641728401184,0.44301551580429077,0.8520573973655701,-0.10794751346111298,0.9367499947547913,0.4479239583015442,0.8468268513679504,-0.04345952346920967,0.8740325570106506,0.48225417733192444,0.8768648505210876,-0.2008928507566452,0.9750820398330688
107,stand,0.48365816473960876,0.23636862635612488,-0.5263220071792603,0.9998496174812317,0.4872868061065674,0.21623577177524567,-0.5064345002174377,0.9997768402099609,0.49021950364112854,0.2146955132484436,-0.5065197348594666,0.9997363686561584,0.4932675361633301,0.2136317640542984,-0.5066899657249451,0.999812126159668,0.4761820435523987,0.21952751278877258,-0.5155352354049683,0.9998025894165039,0.47149696946144104,0.22013728320598602,-0.5156631469726562,0.9997579455375671,0.4670100212097168,0.22014814615249634,-0.5157080888748169,0.9998142719268799,0.4961782395839691,0.21619509160518646,-0.37067273259162903,0.9995100498199463,0.45998573303222656,0.22483880817890167,-0.4156290888786316,0.9996693134307861,0.48978057503700256,0.2533346712589264,-0.4717039465904236,0.9998713731765747,0.4765773415565491,0.25474581122398376,-0.48242640495300293,0.9998992681503296,0.5140116214752197,0.29092979431152344,-0.2064102441072464,0.9999144077301025,0.434244304895401,0.32457831501960754,-0.35926681756973267,0.9998437166213989,0.5273443460464478,0.3887600302696228,-0.09642334282398224,0.9299035668373108,0.44365328550338745,0.46605443954467773,-0.352106511592865,0.9849609136581421,0.5033383965492249,0.47190603613853455,-0.15890663862228394,0.9592002630233765,0.45339012145996094,0.5934568047523499,-0.40470489859580994,0.9757726192474365,0.4984464645385742,0.5064066648483276,-0.17804056406021118,0.9349182844161987,0.4518049359321594,0.6260863542556763,-0.44775310158729553,0.9581915140151978,0.4900231957435608,0.49576106667518616,-0.20328252017498016,0.9388641119003296,0.4619653820991516,0.6144393682479858,-0.46281108260154724,0.9577928781509399,0.48951610922813416,0.4833383858203888,-0.16770587861537933,0.9311689138412476,0.4625798761844635,0.6073517799377441,-0.4110376238822937,0.9389596581459045,0.4543493688106537,0.47680553793907166,0.06586159020662308,0.9995299577713013,0.41079068183898926,0.4865688383579254,-0.0658009797334671,0.9994319677352905,0.4833667278289795,0.6136474609375,-0.046786095947027206,0.8093841075897217,0.4454444348812103,0.6419107913970947,-0.18895123898983002,0.9831977486610413,0.44009605050086975,0.7542116641998291,0.10753452777862549,0.8064785003662109,0.45306605100631714,0.8282104730606079,-0.10687724500894547,0.9721416234970093,0.4236082136631012,0.7690020203590393,0.12098939716815948,0.7837072610855103,0.4471839964389801,0.8560283184051514,-0.1002221554517746,0.9253190755844116,0.4601666331291199,0.8178771138191223,0.06334827840328217,0.8350039720535278,0.4878161549568176,0.8828833103179932,-0.19086521863937378,0.9666807055473328
108,stand,0.4809719920158386,0.2219148576259613,-0.52004474401474,0.99986332654953,0.4838559627532959,0.20206260681152344,-0.49974292516708374,0.9997957348823547,0.48678478598594666,0.20061050355434418,-0.49980562925338745,0.9997578263282776,0.48980051279067993,0.19956326484680176,-0.49993568658828735,0.9998269081115723,0.47262778878211975,0.20644845068454742,-0.5072680115699768,0.9998205304145813,0.46782416105270386,0.20723648369312286,-0.5073904395103455,0.9997801184654236,0.4633914828300476,0.2075570821762085,-0.5074361562728882,0.9998313188552856,0.49281254410743713,0.20219531655311584,-0.3632785677909851,0.9995488524436951,0.45722174644470215,0.21305857598781586,-0.39266782999038696,0.9996979832649231,0.48753443360328674,0.23798783123493195,-0.4656097888946533,0.9998828172683716,0.47406473755836487,0.24216550588607788,-0.4743610918521881,0.9999082684516907,0.5140687227249146,0.282827228307724,-0.18521425127983093,0.9999212026596069,0.43256068229675293,0.3145209848880768,-0.3493524491786957,0.9998573660850525,0.5275293588638306,0.38132354617118835,-0.0672491043806076,0.9353935718536377,0.4425846040248871,0.4553079307079315,-0.35034868121147156,0.9862025380134583,0.5046383142471313,0.4660358726978302,-0.10850369930267334,0.9618876576423645,0.4533442556858063,0.5883219242095947,-0.4077497124671936,0.977750837802887,0.5002256631851196,0.5004132390022278,-0.12289158999919891,0.9382640719413757,0.45082202553749084,0.625073254108429,-0.4520147442817688,0.961195707321167,0.49197420477867126,0.4892658591270447,-0.1491762101650238,0.9418788552284241,0.46180811524391174,0.6197218298912048,-0.4659128189086914,0.9608279466629028,0.4912854731082916,0.47712409496307373,-0.11793829500675201,0.9338749051094055,0.4626010060310364,0.6110057234764099,-0.41385260224342346,0.9431433081626892,0.46109288930892944,0.47174617648124695,0.06652317941188812,0.9995140433311462,0.41759347915649414,0.481897234916687,-0.06650929152965546,0.9994603395462036,0.4870781898498535,0.6076770424842834,0.015423146076500416,0.8024313449859619,0.45265594124794006,0.6406933665275574,-0.20102110505104065,0.9816406965255737,0.4396219849586487,0.7231717705726624,0.21931186318397522,0.7814505100250244,0.456369012594223,0.8311530947685242,-0.11296749114990234,0.9711295962333679,0.4247073531150818,0.7327784299850464,0.23696580529212952,0.7604096531867981,0.45071515440940857,0.8558475971221924,-0.10741182416677475,0.9219450354576111,0.4583583474159241,0.7744347453117371,0.1839231252670288,0.8086293935775757,0.4864189624786377,0.8876210451126099,-0.21106946468353271,0.965039849281311
109,stand,0.4778783321380615,0.21105584502220154,-0.51021409034729,0.9998730421066284,0.4811333119869232,0.19087155163288116,-0.4913920760154724,0.9998030662536621,0.4841309189796448,0.18958789110183716,-0.4914708733558655,0.9997650384902954,0.48696979880332947,0.18847817182540894,-0.4916258752346039,0.9998298287391663,0.4706493020057678,0.1950734257698059,-0.5028178691864014,0.9998315572738647,0.46584662795066833,0.19639849662780762,-0.5029332041740417,0.999794602394104,0.4611184000968933,0.1972968876361847,-0.5029266476631165,0.9998423457145691,0.49009957909584045,0.19171001017093658,-0.3595821261405945,0.999555766582489,0.45496970415115356,0.2021457850933075,-0.37918996810913086,0.999712347984314,0.4838928282260895,0.2265426218509674,-0.45730453729629517,0.9998910427093506,0.471351683139801,0.23253002762794495,-0.47304409742355347,0.9999152421951294,0.5143860578536987,0.27689987421035767,-0.1712552011013031,0.9999273419380188,0.42953014373779297,0.305436909198761,-0.3397330045700073,0.9998703002929688,0.5282169580459595,0.3746846616268158,-0.07815150171518326,0.9408329129219055,0.43979763984680176,0.44755542278289795,-0.3396661877632141,0.9872066378593445,0.5052279233932495,0.4690537452697754,-0.14306917786598206,0.9643730521202087,0.45250946283340454,0.5788908004760742,-0.3940712809562683,0.9793574213981628,0.5014938116073608,0.5020086765289307,-0.16230061650276184,0.9414161443710327,0.4495465159416199,0.6149680018424988,-0.43868669867515564,0.9635501503944397,0.4937968850135803,0.4926079213619232,-0.18987610936164856,0.9447404146194458,0.45967593789100647,0.616011917591095,-0.45348915457725525,0.9631958603858948,0.49282902479171753,0.4833761751651764,-0.15417508780956268,0.9366061687469482,0.4608303904533386,0.6058282852172852,-0.4001414179801941,0.9463639855384827,0.46715396642684937,0.4755553901195526,0.06811653077602386,0.9994999766349792,0.4208722710609436,0.4829118549823761,-0.06812398880720139,0.9994991421699524,0.49204081296920776,0.6087580323219299,0.07722033560276031,0.7975521087646484,0.4545963406562805,0.6384977698326111,-0.2253473997116089,0.9814401268959045,0.44805437326431274,0.7088279128074646,0.3128657937049866,0.7595928311347961,0.45671066641807556,0.8285633325576782,-0.13210704922676086,0.9719639420509338,0.4350065588951111,0.7159899473190308,0.33351069688796997,0.7419988512992859,0.45202741026878357,0.8670544028282166,-0.126592755317688,0.9233285188674927,0.46077799797058105,0.7652714252471924,0.28142935037612915,0.7881492972373962,0.48644620180130005,0.8887425661087036,-0.2440268099308014,0.9658247232437134
110,stand,0.4726134240627289,0.20057910680770874,-0.509099543094635,0.9998775720596313,0.47728246450424194,0.1813349425792694,-0.4920381009578705,0.999791145324707,0.480569064617157,0.18023918569087982,-0.49209022521972656,0.9997484087944031,0.4834167957305908,0.17906352877616882,-0.4921831488609314,0.99981290102005,0.4670329988002777,0.1837150752544403,-0.499812513589859,0.9998319745063782,0.46268773078918457,0.18402907252311707,-0.49992942810058594,0.9997981786727905,0.4583962857723236,0.1845373809337616,-0.4999692440032959,0.9998445510864258,0.48796766996383667,0.18308298289775848,-0.36095136404037476,0.9995139837265015,0.45286670327186584,0.18932011723518372,-0.38073086738586426,0.9997082352638245,0.47859734296798706,0.21752125024795532,-0.45608335733413696,0.9998958110809326,0.46621108055114746,0.2227015197277069,-0.4682660698890686,0.9999199509620667,0.514578640460968,0.2689046561717987,-0.1731298863887787,0.999931812286377,0.4269937574863434,0.2970207929611206,-0.3327349126338959,0.9998814463615417,0.5286754965782166,0.36738407611846924,-0.07882820069789886,0.9456456303596497,0.4341103434562683,0.4400847554206848,-0.325072705745697,0.9880834221839905,0.5091009736061096,0.4696890115737915,-0.13127660751342773,0.966068685054779,0.44942206144332886,0.5659778118133545,-0.3821956217288971,0.980728030204773,0.5044797658920288,0.50445157289505,-0.14908361434936523,0.9427919387817383,0.4475916028022766,0.5994007587432861,-0.4252455234527588,0.9653221964836121,0.4958414137363434,0.49694374203681946,-0.17756155133247375,0.9459060430526733,0.457111656665802,0.6004135608673096,-0.4419402480125427,0.9649770259857178,0.4944499433040619,0.4873826205730438,-0.14264008402824402,0.9374141693115234,0.45877209305763245,0.5913596749305725,-0.3888845145702362,0.9488641619682312,0.4758843779563904,0.4786011278629303,0.06132165715098381,0.9994900822639465,0.42813530564308167,0.48118481040000916,-0.06135719269514084,0.9995307326316833,0.49580472707748413,0.6187552213668823,0.09447913616895676,0.7970723509788513,0.45703235268592834,0.6387062668800354,-0.1726483404636383,0.9793892502784729,0.44918006658554077,0.7303608655929565,0.3157939612865448,0.7474055886268616,0.4609294533729553,0.8294177651405334,-0.06287660449743271,0.9713774919509888,0.4371213912963867,0.7398978471755981,0.3339303135871887,0.7232375741004944,0.4548889100551605,0.8618943095207214,-0.056060563772916794,0.9200860857963562,0.4580067992210388,0.7891631126403809,0.2569221258163452,0.7755354046821594,0.4838190972805023,0.8863634467124939,-0.18491587042808533,0.965512216091156
111,stand,0.4714674949645996,0.18964038789272308,-0.4971781373023987,0.9998771548271179,0.4758022427558899,0.17059184610843658,-0.4803542196750641,0.9997603297233582,0.4787411689758301,0.16931265592575073,-0.48041123151779175,0.9997139573097229,0.4818890690803528,0.16817139089107513,-0.4804746210575104,0.9997814297676086,0.46592211723327637,0.17316056787967682,-0.4848155081272125,0.9998178482055664,0.4618059992790222,0.17378875613212585,-0.484926700592041,0.9997867941856384,0.4575973153114319,0.17420220375061035,-0.48503366112709045,0.999832808971405,0.48705968260765076,0.17366769909858704,-0.3520968556404114,0.9993866086006165,0.451481431722641,0.1792108565568924,-0.36883896589279175,0.9996713995933533,0.47790709137916565,0.2060391753911972,-0.4459708631038666,0.9998946189880371,0.4653979241847992,0.21089871227741241,-0.45189961791038513,0.9999206066131592,0.5148633718490601,0.26772579550743103,-0.19003227353096008,0.9999336004257202,0.4257175326347351,0.28913944959640503,-0.3207794427871704,0.9998904466629028,0.5290793180465698,0.37245139479637146,-0.14696812629699707,0.9486868381500244,0.43091264367103577,0.4315161108970642,-0.31822842359542847,0.9881953001022339,0.5124653577804565,0.46997344493865967,-0.25440138578414917,0.964962363243103,0.44752708077430725,0.552119255065918,-0.3842725157737732,0.9805007576942444,0.5098928809165955,0.5064108967781067,-0.2890600562095642,0.939692497253418,0.4464861750602722,0.5922133922576904,-0.42882809042930603,0.96449875831604,0.5016161203384399,0.4991648495197296,-0.3161138892173767,0.9428898096084595,0.4561604857444763,0.5902808904647827,-0.4455782473087311,0.9640779495239258,0.49921518564224243,0.48939049243927,-0.26785385608673096,0.9334059357643127,0.45797890424728394,0.5804910063743591,-0.3916763663291931,0.9476476311683655,0.483192503452301,0.4817357361316681,0.051931269466876984,0.999431312084198,0.4344545900821686,0.48355382680892944,-0.05196158215403557,0.9995525479316711,0.49667486548423767,0.6230912208557129,0.12745758891105652,0.7771836519241333,0.4565439224243164,0.6402592062950134,-0.12134846299886703,0.9740212559700012,0.4606666564941406,0.7398216128349304,0.39009803533554077,0.7098826169967651,0.4620194435119629,0.8289090394973755,0.003197653917595744,0.9673914313316345,0.450540155172348,0.7504463195800781,0.41301780939102173,0.6908251643180847,0.457571804523468,0.8592949509620667,0.011348193511366844,0.9034159779548645,0.47289958596229553,0.7991119623184204,0.338192880153656,0.7456077933311462,0.4814181327819824,0.8852541446685791,-0.12003698199987411,0.9609721899032593
112,stand,0.4701271057128906,0.1803496927022934,-0.4382886290550232,0.9998852014541626,0.4741498827934265,0.16127856075763702,-0.4198113977909088,0.9997669458389282,0.4775537848472595,0.16008177399635315,-0.4198586046695709,0.9997239708900452,0.48064345121383667,0.15916311740875244,-0.41989216208457947,0.9997830390930176,0.46436959505081177,0.1645246297121048,-0.4253358244895935,0.9998253583908081,0.46044260263442993,0.16550593078136444,-0.4254004955291748,0.9997974038124084,0.4565965533256531,0.16602495312690735,-0.42551717162132263,0.9998384714126587,0.4852132201194763,0.16478396952152252,-0.2895445227622986,0.9993845820426941,0.4501306414604187,0.1717105507850647,-0.3123786747455597,0.9996823668479919,0.4771548807621002,0.1965152770280838,-0.386895090341568,0.9999001026153564,0.46446532011032104,0.19885380566120148,-0.3935866355895996,0.9999259114265442,0.5149832963943481,0.25929856300354004,-0.15612052381038666,0.9999376535415649,0.42445167899131775,0.2800233066082001,-0.2542557120323181,0.9999002814292908,0.5295520424842834,0.3693043887615204,-0.13730522990226746,0.9516716003417969,0.42862048745155334,0.4218313992023468,-0.2395009547472,0.9880481362342834,0.5215747356414795,0.46932393312454224,-0.25391411781311035,0.964728593826294,0.4441230297088623,0.5378561019897461,-0.32587510347366333,0.9802678227424622,0.5209249258041382,0.506674587726593,-0.2915664315223694,0.9397512674331665,0.44334468245506287,0.573671817779541,-0.3695222735404968,0.9638524055480957,0.5134748220443726,0.49984389543533325,-0.3216548562049866,0.9431013464927673,0.45299577713012695,0.5731855034828186,-0.3910199999809265,0.9637458920478821,0.5106794238090515,0.4892958402633667,-0.2687256932258606,0.9323537945747375,0.4553021490573883,0.5623260736465454,-0.3350566029548645,0.94749915599823,0.4916714131832123,0.4860917925834656,0.046008966863155365,0.9993890523910522,0.441944420337677,0.48927295207977295,-0.04615408554673195,0.9995889067649841,0.49994438886642456,0.6338009834289551,0.1610110104084015,0.7868286371231079,0.4584083557128906,0.6440883278846741,-0.14605262875556946,0.9743238687515259,0.4804958403110504,0.7430861592292786,0.4788490831851959,0.6941256523132324,0.4618421196937561,0.8290066123008728,-0.03699657693505287,0.9680438041687012,0.47515544295310974,0.7509358525276184,0.5069962739944458,0.6710881590843201,0.45640987157821655,0.8576003909111023,-0.03127577155828476,0.8889139890670776,0.4876607060432434,0.8034124374389648,0.4328461289405823,0.7385504841804504,0.47998112440109253,0.8873006105422974,-0.16174829006195068,0.9611033797264099
113,stand,0.46994131803512573,0.1722719371318817,-0.36205849051475525,0.9998936057090759,0.4739667773246765,0.15431874990463257,-0.3447379469871521,0.9997784495353699,0.4771636128425598,0.15383225679397583,-0.3447785973548889,0.9997388124465942,0.480072021484375,0.1536048948764801,-0.3447897434234619,0.9997898936271667,0.4637466073036194,0.15618833899497986,-0.35073214769363403,0.9998352527618408,0.46029743552207947,0.15694324672222137,-0.3507736027240753,0.9998100399971008,0.45666566491127014,0.1576630175113678,-0.35086384415626526,0.999846339225769,0.4831513464450836,0.15963998436927795,-0.22430363297462463,0.9994019269943237,0.4504878520965576,0.1675071120262146,-0.25088775157928467,0.9997003078460693,0.47631320357322693,0.18820150196552277,-0.3147055208683014,0.9999063611030579,0.4633188843727112,0.18892428278923035,-0.32238954305648804,0.9999314546585083,0.5142341256141663,0.25276434421539307,-0.10937414318323135,0.9999412298202515,0.42305707931518555,0.2739475965499878,-0.1889459192752838,0.9999091029167175,0.530819296836853,0.36404842138290405,-0.07667364180088043,0.9548410177230835,0.4245111346244812,0.4131610095500946,-0.1623118370771408,0.9879977107048035,0.5276352167129517,0.4606330096721649,-0.23501941561698914,0.9659119844436646,0.4426852762699127,0.5341284275054932,-0.24872906506061554,0.9797868132591248,0.5288792848587036,0.5001621842384338,-0.2629918158054352,0.9414582252502441,0.4417826235294342,0.5701197981834412,-0.28698021173477173,0.9627167582511902,0.5206831097602844,0.49270179867744446,-0.2918343245983124,0.9448704123497009,0.4517919421195984,0.569408118724823,-0.31099793314933777,0.9629658460617065,0.5176196694374084,0.48133909702301025,-0.2545860707759857,0.933532178401947,0.45435410737991333,0.5592159032821655,-0.258392870426178,0.9468357563018799,0.4971712529659271,0.4917773902416229,0.040458254516124725,0.9993221163749695,0.4487592577934265,0.4954676628112793,-0.04059993103146553,0.999619722366333,0.5013837218284607,0.6450311541557312,0.1580115407705307,0.7963429093360901,0.458587110042572,0.6492630243301392,-0.15206857025623322,0.9751561284065247,0.4829935133457184,0.7692306637763977,0.432761013507843,0.6906293034553528,0.46158304810523987,0.8282687664031982,-0.05372589826583862,0.9684791564941406,0.4737245440483093,0.7792164087295532,0.45536908507347107,0.661118745803833,0.4567975103855133,0.8579990863800049,-0.04832940548658371,0.8736507892608643,0.5008807182312012,0.819543182849884,0.3771633505821228,0.739674985408783,0.4801945090293884,0.8863021731376648,-0.2114546000957489,0.9608676433563232
114,stand,0.4685857892036438,0.1618882119655609,-0.36120736598968506,0.9999005794525146,0.47278934717178345,0.14667418599128723,-0.3429085910320282,0.9997847676277161,0.4761490821838379,0.14646905660629272,-0.34293660521507263,0.9997482895851135,0.4791032671928406,0.14663459360599518,-0.34293070435523987,0.9997908473014832,0.4617704451084137,0.14781318604946136,-0.34975510835647583,0.9998413920402527,0.45792341232299805,0.14829856157302856,-0.3498052656650543,0.9998195767402649,0.45482540130615234,0.14885157346725464,-0.3499005436897278,0.9998512268066406,0.48152393102645874,0.15414145588874817,-0.22305770218372345,0.9994039535522461,0.44919553399086,0.1578572541475296,-0.25432220101356506,0.9997120499610901,0.4748189449310303,0.18039342761039734,-0.3146995007991791,0.999911367893219,0.46109476685523987,0.18134574592113495,-0.32372593879699707,0.9999361038208008,0.5135396122932434,0.24870841205120087,-0.11544682085514069,0.9999428987503052,0.4216575026512146,0.27125659584999084,-0.1917666345834732,0.9999160170555115,0.5321701765060425,0.36159956455230713,-0.08090128749608994,0.9578560590744019,0.4220287799835205,0.4095986783504486,-0.16599330306053162,0.9880581498146057,0.5301117897033691,0.4568864703178406,-0.22770018875598907,0.9670079350471497,0.4401491582393646,0.5279234647750854,-0.24656172096729279,0.9787677526473999,0.532380223274231,0.49628540873527527,-0.2521831691265106,0.9429740905761719,0.44114112854003906,0.565338671207428,-0.2823215126991272,0.960397481918335,0.5235831141471863,0.4884096682071686,-0.28095483779907227,0.9463943839073181,0.4499889016151428,0.5630061030387878,-0.30649861693382263,0.9611304402351379,0.5202658176422119,0.47705280780792236,-0.2456449568271637,0.9346154928207397,0.45129385590553284,0.5508934259414673,-0.2561104893684387,0.9448822140693665,0.5013603568077087,0.4925086200237274,0.03678920120000839,0.9992800354957581,0.4516330659389496,0.4989568591117859,-0.03693349286913872,0.999644935131073,0.5034477710723877,0.6447254419326782,0.12369227409362793,0.8087378740310669,0.45984750986099243,0.650787353515625,-0.16172978281974792,0.9759155511856079,0.4889354109764099,0.7729852199554443,0.4007681906223297,0.7024157643318176,0.4608280062675476,0.8277883529663086,-0.06777020543813705,0.969147264957428,0.4777643084526062,0.7848697304725647,0.4231415390968323,0.6635285019874573,0.45560207962989807,0.8572050333023071,-0.06272025406360626,0.8616554141044617,0.5088419318199158,0.8288224339485168,0.33877402544021606,0.7515705227851868,0.47983771562576294,0.8857368230819702,-0.21310897171497345,0.9615095853805542
115,stand,0.46793103218078613,0.1533658504486084,-0.3582181930541992,0.9999077916145325,0.4723953306674957,0.13884946703910828,-0.33938732743263245,0.9997963309288025,0.47534269094467163,0.13897693157196045,-0.3394087255001068,0.999761700630188,0.4779457151889801,0.13928495347499847,-0.3393992781639099,0.9997978806495667,0.46075350046157837,0.13953754305839539,-0.3460651934146881,0.9998509287834167,0.456587553024292,0.14004673063755035,-0.3461316227912903,0.9998316168785095,0.45284730195999146,0.14084570109844208,-0.3462051749229431,0.9998602271080017,0.48110079765319824,0.14788001775741577,-0.21880367398262024,0.9994199275970459,0.44798311591148376,0.15204653143882751,-0.2503480911254883,0.9997321367263794,0.4744710326194763,0.17108020186424255,-0.31201308965682983,0.9999173283576965,0.4610446095466614,0.17359596490859985,-0.32109326124191284,0.9999412298202515,0.5134038925170898,0.24535074830055237,-0.11464504152536392,0.9999425411224365,0.42184919118881226,0.2664150595664978,-0.18972110748291016,0.9999226927757263,0.533812403678894,0.35654136538505554,-0.08706990629434586,0.9585754871368408,0.4177590012550354,0.4049106240272522,-0.16766414046287537,0.9881433844566345,0.5333788990974426,0.45319047570228577,-0.2286674529314041,0.9646762609481812,0.43665799498558044,0.5238175392150879,-0.25071224570274353,0.9768714904785156,0.5356675386428833,0.493026465177536,-0.263761967420578,0.9391894340515137,0.4377174973487854,0.5610513687133789,-0.2864767909049988,0.9569569230079651,0.5266028046607971,0.4855499267578125,-0.2907021641731262,0.9428093433380127,0.44639700651168823,0.5571842789649963,-0.3104582130908966,0.9578090310096741,0.5235332250595093,0.47382667660713196,-0.2429538071155548,0.930088222026825,0.4479547441005707,0.5447375178337097,-0.260321706533432,0.9410300254821777,0.505852460861206,0.49213287234306335,0.036995433270931244,0.9992527961730957,0.45635437965393066,0.4992329776287079,-0.03709682077169418,0.9996612071990967,0.5084164142608643,0.6433821320533752,0.11133857816457748,0.8183882236480713,0.46128588914871216,0.6516711115837097,-0.1411692202091217,0.976922869682312,0.497445672750473,0.7788095474243164,0.3546493649482727,0.7198151350021362,0.4610421061515808,0.8277705907821655,-0.03439398854970932,0.9703097343444824,0.4831980764865875,0.7980844378471375,0.37304654717445374,0.6722809672355652,0.456346333026886,0.8571482300758362,-0.030584916472434998,0.8537163138389587,0.517703652381897,0.8368291854858398,0.2867463231086731,0.7660499811172485,0.48156222701072693,0.8852982521057129,-0.1730046421289444,0.9625464081764221
116,stand,0.4687851071357727,0.14597797393798828,-0.3440297245979309,0.9999157190322876,0.4725719094276428,0.13248522579669952,-0.3253537714481354,0.99981290102005,0.47543126344680786,0.1321556568145752,-0.3253594636917114,0.9997808337211609,0.47804802656173706,0.13204888999462128,-0.32533231377601624,0.9998124837875366,0.4622527062892914,0.1337950974702835,-0.3332782983779907,0.99986332654953,0.4580899178981781,0.13437916338443756,-0.33334508538246155,0.9998460412025452,0.45424026250839233,0.1351560801267624,-0.33339715003967285,0.9998718500137329,0.4803710877895355,0.1405477374792099,-0.20572993159294128,0.9994619488716125,0.44826287031173706,0.14635930955410004,-0.2445874959230423,0.9997559785842896,0.4748148024082184,0.16288264095783234,-0.2984587848186493,0.9999243021011353,0.46254032850265503,0.1658988744020462,-0.30958953499794006,0.9999465346336365,0.5132907629013062,0.23974327743053436,-0.10392047464847565,0.9999438524246216,0.4213694930076599,0.26152071356773376,-0.1830291897058487,0.9999293088912964,0.5351613759994507,0.35063475370407104,-0.06603395193815231,0.9602169990539551,0.4148985743522644,0.39957085251808167,-0.15861445665359497,0.9887897968292236,0.5363211631774902,0.4483817219734192,-0.20182819664478302,0.9652259349822998,0.4317062497138977,0.514633059501648,-0.23999032378196716,0.9769693613052368,0.5395890474319458,0.48990026116371155,-0.2384570837020874,0.9396125674247742,0.43249577283859253,0.5519164204597473,-0.2738416790962219,0.9568250775337219,0.5305864810943604,0.48291558027267456,-0.2682850658893585,0.9431322813034058,0.44096747040748596,0.5485174655914307,-0.30022692680358887,0.9577364325523376,0.5272173881530762,0.4703006446361542,-0.21648924052715302,0.9305104613304138,0.4436868727207184,0.5356488823890686,-0.25057777762413025,0.9413804411888123,0.5081345438957214,0.48758968710899353,0.037191253155469894,0.9992637634277344,0.4596613943576813,0.49837133288383484,-0.03726254031062126,0.9996803402900696,0.5144793391227722,0.6428340673446655,0.11298699676990509,0.8316630125045776,0.46076440811157227,0.6527594327926636,-0.10760433971881866,0.9784402847290039,0.502659022808075,0.7840331792831421,0.33259597420692444,0.7428889274597168,0.46018534898757935,0.8292322158813477,-0.01358185987919569,0.9720768332481384,0.49130305647850037,0.805300235748291,0.3511034846305847,0.6925633549690247,0.4568048417568207,0.8580799698829651,-0.0116365235298872,0.85243159532547,0.5240730047225952,0.8408536911010742,0.25951606035232544,0.7843611836433411,0.4811289310455322,0.8840872645378113,-0.15000799298286438,0.9642588496208191
117,stand,0.46984654664993286,0.14079402387142181,-0.31682997941970825,0.9999226331710815,0.4736930727958679,0.12726014852523804,-0.2982439398765564,0.9998267889022827,0.47641927003860474,0.12733162939548492,-0.2982393801212311,0.9997966885566711,0.47897666692733765,0.1274956911802292,-0.2981876730918884,0.9998236894607544,0.46367722749710083,0.12819498777389526,-0.3058563470840454,0.9998740553855896,0.45961642265319824,0.12866847217082977,-0.30592232942581177,0.9998587965965271,0.4556833803653717,0.12932457029819489,-0.3059788942337036,0.999882161617279,0.4811197817325592,0.1371236890554428,-0.18283434212207794,0.9994938969612122,0.4491373598575592,0.14049136638641357,-0.22123725712299347,0.9997774362564087,0.4752935469150543,0.15832144021987915,-0.2732485830783844,0.9999301433563232,0.46360310912132263,0.15968084335327148,-0.28418585658073425,0.9999512434005737,0.513361930847168,0.23683738708496094,-0.08644702285528183,0.999943733215332,0.4206106662750244,0.2574866712093353,-0.1638561636209488,0.9999353289604187,0.5372640490531921,0.34636345505714417,-0.031170770525932312,0.9616861939430237,0.4127824306488037,0.39273837208747864,-0.1386207640171051,0.9895508289337158,0.5400501489639282,0.4455137848854065,-0.144192636013031,0.965928316116333,0.42697834968566895,0.5087045431137085,-0.21935692429542542,0.9780559539794922,0.5433409810066223,0.48614710569381714,-0.1750810295343399,0.9404377937316895,0.4278436601161957,0.5469920039176941,-0.2520451843738556,0.958525538444519,0.534294843673706,0.47961828112602234,-0.20540177822113037,0.943799614906311,0.436624675989151,0.5428088307380676,-0.2783721685409546,0.9594120383262634,0.5310271978378296,0.46734216809272766,-0.15825222432613373,0.9314520359039307,0.43931394815444946,0.5291581749916077,-0.23005791008472443,0.943984866142273,0.5083215236663818,0.4860174357891083,0.035774726420640945,0.999291718006134,0.45930084586143494,0.4977007508277893,-0.035852111876010895,0.999698281288147,0.5156183838844299,0.6430927515029907,0.10681487619876862,0.8453406095504761,0.46039628982543945,0.6551182866096497,-0.08571015298366547,0.9799574017524719,0.5086133480072021,0.789398193359375,0.3045367896556854,0.7659290432929993,0.45945867896080017,0.8305784463882446,0.02807624265551567,0.9738348722457886,0.5027155876159668,0.8108364343643188,0.3161419630050659,0.7144203782081604,0.4563235640525818,0.8595902323722839,0.032349735498428345,0.8532560467720032,0.5278319120407104,0.846204400062561,0.2150622308254242,0.8028424978256226,0.4805220067501068,0.8818010091781616,-0.10125813633203506,0.9660477638244629
118,stand,0.47066283226013184,0.13637129962444305,-0.29899004101753235,0.9999275803565979,0.4745226800441742,0.12406192719936371,-0.281263530254364,0.9998340606689453,0.4771818518638611,0.1243174746632576,-0.2812579274177551,0.9998051524162292,0.47977322340011597,0.12453814595937729,-0.2812022566795349,0.9998266696929932,0.46465572714805603,0.12457478046417236,-0.2871415615081787,0.9998803734779358,0.46062764525413513,0.12485433369874954,-0.2871999144554138,0.9998671412467957,0.45669761300086975,0.12540870904922485,-0.2872602641582489,0.9998885989189148,0.48171600699424744,0.13494178652763367,-0.1715807467699051,0.9995077252388,0.4500425457954407,0.13686533272266388,-0.2016182690858841,0.9997919201850891,0.47586315870285034,0.1539936065673828,-0.25777268409729004,0.9999333620071411,0.4643877446651459,0.15386813879013062,-0.26633143424987793,0.9999544620513916,0.5134480595588684,0.23506048321723938,-0.08878128230571747,0.9999405741691589,0.4208560585975647,0.25419995188713074,-0.14102371037006378,0.9999394416809082,0.5392903089523315,0.34216371178627014,-0.03437994793057442,0.9635878801345825,0.4111790060997009,0.3856816589832306,-0.11271780729293823,0.9900806546211243,0.5427869558334351,0.442139595746994,-0.1342998892068863,0.9669639468193054,0.4228363037109375,0.5037019848823547,-0.1880446970462799,0.9786163568496704,0.54674232006073,0.4834485352039337,-0.16226904094219208,0.9416868686676025,0.4238808751106262,0.5399209260940552,-0.217380091547966,0.9591264128684998,0.5371100902557373,0.47714683413505554,-0.19181039929389954,0.9448789358139038,0.4322888255119324,0.5351892709732056,-0.24444186687469482,0.9600220918655396,0.5335968136787415,0.4647621512413025,-0.1475781798362732,0.9327377080917358,0.4345439374446869,0.5232352614402771,-0.199348583817482,0.9453511238098145,0.5085890293121338,0.48555511236190796,0.0235170628875494,0.9993032217025757,0.45850372314453125,0.4972837567329407,-0.023579774424433708,0.9997075200080872,0.5151620507240295,0.6435036659240723,0.09560976177453995,0.8590598702430725,0.4601736068725586,0.6559943556785583,-0.05053320527076721,0.9813402891159058,0.5139607191085815,0.7927395105361938,0.26378077268600464,0.7875769734382629,0.45955365896224976,0.8313269019126892,0.07725880295038223,0.9754651784896851,0.5103532671928406,0.8144673109054565,0.2737281024456024,0.7339866161346436,0.4578801095485687,0.8594739437103271,0.08286388963460922,0.8545469641685486,0.5288847088813782,0.848724901676178,0.1677820384502411,0.8203145265579224,0.4801836609840393,0.877963662147522,-0.04747858643531799,0.9677252173423767
119,stand,0.47112369537353516,0.13307224214076996,-0.3098786473274231,0.9999315142631531,0.47510671615600586,0.12182381004095078,-0.2924349009990692,0.9998383522033691,0.4777718186378479,0.12216953933238983,-0.29243043065071106,0.9998107552528381,0.48040491342544556,0.12251332402229309,-0.29237768054008484,0.9998275637626648,0.46527808904647827,0.1221335306763649,-0.2969096004962921,0.9998839497566223,0.4612690806388855,0.12238120287656784,-0.29696980118751526,0.999872624874115,0.457347571849823,0.12294819951057434,-0.29703158140182495,0.99989253282547,0.48252764344215393,0.13327527046203613,-0.18176156282424927,0.9995203018188477,0.4507429003715515,0.1347150057554245,-0.20499739050865173,0.9998007416725159,0.47636502981185913,0.15087240934371948,-0.26813647150993347,0.9999358654022217,0.46486037969589233,0.15007707476615906,-0.2748320698738098,0.9999568462371826,0.514459490776062,0.23336705565452576,-0.10046960413455963,0.99993896484375,0.42150530219078064,0.2507179081439972,-0.13472673296928406,0.9999423623085022,0.5421040654182434,0.3395272195339203,-0.048158153891563416,0.9657904505729675,0.4104391038417816,0.37761828303337097,-0.09955836832523346,0.9903311133384705,0.5452816486358643,0.43856146931648254,-0.14786052703857422,0.9681625366210938,0.418851375579834,0.49641120433807373,-0.18008534610271454,0.9783967733383179,0.5487288236618042,0.47973504662513733,-0.17617258429527283,0.9431756138801575,0.4189039170742035,0.5345807671546936,-0.20920351147651672,0.958325982093811,0.5390223264694214,0.4730656147003174,-0.20576944947242737,0.9462035894393921,0.42707449197769165,0.5305884480476379,-0.2382718026638031,0.9593257904052734,0.5354833006858826,0.4611336588859558,-0.1608886420726776,0.9341066479682922,0.4295937120914459,0.5192936658859253,-0.192562997341156,0.945186197757721,0.5094955563545227,0.4836013913154602,0.01439176220446825,0.9992986917495728,0.45823702216148376,0.4956226050853729,-0.014426383189857006,0.9997091293334961,0.5152922868728638,0.6437972784042358,0.07521852850914001,0.8716627955436707,0.46002525091171265,0.655752420425415,-0.05080604553222656,0.9824914336204529,0.5184162855148315,0.7954357862472534,0.24002878367900848,0.8071122169494629,0.4597257077693939,0.8324196934700012,0.07782270014286041,0.9767441153526306,0.515962541103363,0.8166049718856812,0.24916322529315948,0.7479193210601807,0.4590941369533539,0.8603975176811218,0.08310292661190033,0.8526272773742676,0.5297216773033142,0.8516347408294678,0.13437415659427643,0.835989236831665,0.4799440801143646,0.8754969239234924,-0.05201189965009689,0.9690575003623962
120,stand,0.47147560119628906,0.12975424528121948,-0.3188309967517853,0.9999345541000366,0.4754728674888611,0.11889337748289108,-0.3010089099407196,0.9998393058776855,0.4781786799430847,0.11930184811353683,-0.301003634929657,0.9998130202293396,0.48078861832618713,0.11979552358388901,-0.3009578287601471,0.9998252987861633,0.4655018746852875,0.11910510808229446,-0.30542802810668945,0.9998854398727417,0.4614308476448059,0.11935000866651535,-0.3054947555065155,0.9998764395713806,0.4574173092842102,0.12002812325954437,-0.3055539131164551,0.9998950362205505,0.4827825129032135,0.13113254308700562,-0.18798771500587463,0.9995255470275879,0.4509926438331604,0.13215672969818115,-0.210283562541008,0.9998074769973755,0.4766097962856293,0.14796166121959686,-0.27611416578292847,0.9999372959136963,0.464899480342865,0.1468467116355896,-0.2826053202152252,0.9999584555625916,0.516175389289856,0.23122304677963257,-0.10468494892120361,0.99993497133255,0.42184147238731384,0.2475975900888443,-0.13624931871891022,0.9999440908432007,0.5460357666015625,0.33661970496177673,-0.0475604347884655,0.9678225517272949,0.40985313057899475,0.3725277781486511,-0.09712521731853485,0.9906025528907776,0.5485429763793945,0.43519362807273865,-0.13592609763145447,0.9685987830162048,0.41635364294052124,0.4904974102973938,-0.1776280403137207,0.9782561659812927,0.5515168905258179,0.47670778632164,-0.1612829566001892,0.9429802298545837,0.4163728654384613,0.5296238660812378,-0.20602650940418243,0.9574843645095825,0.5419550538063049,0.4701445698738098,-0.19060082733631134,0.9459700584411621,0.4238506257534027,0.5259950757026672,-0.2354220598936081,0.9585938453674316,0.5382165908813477,0.4581042528152466,-0.14859387278556824,0.9336576461791992,0.42625147104263306,0.5148363709449768,-0.19030790030956268,0.9448866844177246,0.5106847882270813,0.4805615246295929,0.011198487132787704,0.9992508888244629,0.45844507217407227,0.4916764199733734,-0.011235280893743038,0.9996823668479919,0.5153239965438843,0.6439959406852722,0.03564699366688728,0.8828931450843811,0.46047624945640564,0.6545406579971313,-0.06662361323833466,0.9832299947738647,0.5212355852127075,0.8027880191802979,0.18124112486839294,0.8244359493255615,0.4604825973510742,0.8336408138275146,0.06887809932231903,0.9774429798126221,0.5192896723747253,0.8266854882240295,0.18786491453647614,0.7571246027946472,0.4600200653076172,0.8615161180496216,0.07464225590229034,0.8463674187660217,0.529338002204895,0.856699526309967,0.06587754935026169,0.8496570587158203,0.47986850142478943,0.874432384967804,-0.06340669095516205,0.9696826338768005
121,stand,0.47186461091041565,0.1262659728527069,-0.31824085116386414,0.9999359250068665,0.47585731744766235,0.1163986325263977,-0.30027610063552856,0.9998347759246826,0.47854557633399963,0.11693453043699265,-0.30026692152023315,0.9998095631599426,0.4812670350074768,0.11762357503175735,-0.30022722482681274,0.9998175501823425,0.4662691652774811,0.11644915491342545,-0.3044876456260681,0.9998829364776611,0.46238189935684204,0.11684158444404602,-0.30455470085144043,0.9998770356178284,0.4585057199001312,0.11764927953481674,-0.3046112656593323,0.9998947381973267,0.4839652478694916,0.12962248921394348,-0.18693825602531433,0.9995152950286865,0.45308780670166016,0.13042937219142914,-0.2078617513179779,0.9998082518577576,0.4771234095096588,0.1439565271139145,-0.27548086643218994,0.9999365210533142,0.4657970368862152,0.14285913109779358,-0.28158554434776306,0.999958336353302,0.5182867646217346,0.23047342896461487,-0.10245560109615326,0.9999279975891113,0.4238261282444,0.24464045464992523,-0.13295675814151764,0.9999440908432007,0.549553394317627,0.3340499699115753,-0.036515746265649796,0.9694080948829651,0.41006237268447876,0.36875662207603455,-0.0896529033780098,0.9908048510551453,0.5525805950164795,0.43092700839042664,-0.11432649940252304,0.9677340388298035,0.41435009241104126,0.4856133460998535,-0.16549652814865112,0.9778338670730591,0.555608332157135,0.472347229719162,-0.13669909536838531,0.940043568611145,0.4136676788330078,0.5252715349197388,-0.19222022593021393,0.9558800458908081,0.5461449027061462,0.4661582410335541,-0.16607189178466797,0.9432363510131836,0.4211730360984802,0.5212880373001099,-0.2220592200756073,0.9571269154548645,0.542137622833252,0.4537886679172516,-0.12697477638721466,0.9304747581481934,0.42363905906677246,0.510138750076294,-0.17834921181201935,0.9437276124954224,0.51165372133255,0.4781324565410614,0.010218093171715736,0.999199390411377,0.45849689841270447,0.4878624677658081,-0.010281136259436607,0.9996315836906433,0.5151559114456177,0.6444198489189148,0.014071205630898476,0.8927157521247864,0.4607509970664978,0.6544649600982666,-0.05070305988192558,0.9833499789237976,0.5228368043899536,0.809972882270813,0.15175585448741913,0.8397508859634399,0.4605178236961365,0.833616316318512,0.0963202491402626,0.9773676991462708,0.5213255882263184,0.8341237306594849,0.1575869470834732,0.7624603509902954,0.4595772624015808,0.8612660765647888,0.10313328355550766,0.835192084312439,0.5274297595024109,0.8603182435035706,0.030797794461250305,0.861596941947937,0.47976595163345337,0.8742188215255737,-0.034942276775836945,0.969416618347168
122,stand,0.4761509299278259,0.12609975039958954,-0.31280118227005005,0.9999368786811829,0.4793398976325989,0.11636079102754593,-0.29444265365600586,0.9998296499252319,0.4819892942905426,0.11708524823188782,-0.2944377064704895,0.9998050928115845,0.48455604910850525,0.11798986047506332,-0.2944023609161377,0.9998094439506531,0.4703279435634613,0.11590012162923813,-0.2993397116661072,0.9998803734779358,0.4666348397731781,0.11615316569805145,-0.2993967831134796,0.9998766183853149,0.46273550391197205,0.11671307682991028,-0.29945021867752075,0.9998936057090759,0.4864901900291443,0.1298971027135849,-0.18043257296085358,0.9995086789131165,0.45742231607437134,0.12975741922855377,-0.2044396847486496,0.9998068809509277,0.48058024048805237,0.14397279918193817,-0.2698977589607239,0.9999347925186157,0.4702633023262024,0.14267942309379578,-0.27688562870025635,0.999957263469696,0.5204054117202759,0.2297726720571518,-0.10043990612030029,0.9999204277992249,0.42614951729774475,0.24336101114749908,-0.12584948539733887,0.9999427199363708,0.5540597438812256,0.330447793006897,-0.034623242914676666,0.97100830078125,0.4105084538459778,0.36527371406555176,-0.08033697307109833,0.9908931851387024,0.5560786128044128,0.42629560828208923,-0.11563144624233246,0.96711266040802,0.41258883476257324,0.47922807931900024,-0.1569240391254425,0.9774819612503052,0.5588853359222412,0.46893370151519775,-0.1383770853281021,0.9375436305999756,0.41089195013046265,0.5199487209320068,-0.183073490858078,0.9546030163764954,0.549189031124115,0.46302130818367004,-0.16838285326957703,0.9409490823745728,0.4182337820529938,0.5162683129310608,-0.21359530091285706,0.9560250043869019,0.5448585748672485,0.45023202896118164,-0.12859442830085754,0.927760124206543,0.4207709729671478,0.5040913820266724,-0.1701842099428177,0.9428390860557556,0.5131542086601257,0.4777829349040985,0.006409496068954468,0.9991398453712463,0.45927515625953674,0.48741570115089417,-0.006441017147153616,0.9995865821838379,0.5160588026046753,0.6450396180152893,0.0047466931864619255,0.9021812677383423,0.4606703221797943,0.6554235816001892,-0.046215787529945374,0.9839041233062744,0.5224267244338989,0.8134902119636536,0.139297217130661,0.8541284799575806,0.46090349555015564,0.8337554931640625,0.09916479885578156,0.9779413342475891,0.5206099152565002,0.8382046818733215,0.1447952389717102,0.7714999914169312,0.4607100486755371,0.8610734939575195,0.10558252036571503,0.8303056955337524,0.5263880491256714,0.8599807620048523,0.01809936948120594,0.8730729222297668,0.47753024101257324,0.8724958896636963,-0.02984141930937767,0.9698277711868286
123,stand,0.4795072674751282,0.12440744787454605,-0.2983226776123047,0.9999363422393799,0.4824519753456116,0.11540103703737259,-0.2803316116333008,0.9998196363449097,0.4850608706474304,0.11624057590961456,-0.2803295850753784,0.9997950792312622,0.48749151825904846,0.11726434528827667,-0.2802925705909729,0.9997963905334473,0.47411665320396423,0.11474114656448364,-0.2844906151294708,0.9998747706413269,0.47059202194213867,0.1149856224656105,-0.28453996777534485,0.9998727440834045,0.46697545051574707,0.11556632816791534,-0.28460219502449036,0.9998896718025208,0.48963379859924316,0.12960335612297058,-0.16809993982315063,0.9994893670082092,0.4619506895542145,0.12940272688865662,-0.1888272613286972,0.9997996091842651,0.4836985170841217,0.14203178882598877,-0.25611990690231323,0.999931275844574,0.4739024043083191,0.14054638147354126,-0.2621607482433319,0.9999549984931946,0.523148775100708,0.2275387942790985,-0.09112797677516937,0.9999140501022339,0.43006253242492676,0.24006357789039612,-0.11175359785556793,0.9999420046806335,0.5593134164810181,0.32625290751457214,-0.028857365250587463,0.9727544188499451,0.4111045300960541,0.358981192111969,-0.06656895577907562,0.9909204840660095,0.5592997074127197,0.4230788052082062,-0.11332207918167114,0.9676898121833801,0.4119349420070648,0.47419416904449463,-0.14519044756889343,0.9774120450019836,0.5614664554595947,0.4658980369567871,-0.13689185678958893,0.9376110434532166,0.40942439436912537,0.514860987663269,-0.1717652529478073,0.9540717005729675,0.551391065120697,0.4603396952152252,-0.16738775372505188,0.941027045249939,0.41708821058273315,0.5111348628997803,-0.20329435169696808,0.9556100368499756,0.5474092364311218,0.4472872316837311,-0.12641175091266632,0.9276716113090515,0.4200488030910492,0.4979839622974396,-0.15892335772514343,0.9426894783973694,0.5147312879562378,0.47734731435775757,0.006181308533996344,0.9990724921226501,0.460260808467865,0.4856158494949341,-0.006190118845552206,0.999550998210907,0.5167762041091919,0.6464189291000366,0.011478109285235405,0.9103314280509949,0.4606003165245056,0.6556500196456909,-0.052757345139980316,0.9843878746032715,0.5220961570739746,0.8157256245613098,0.13266105949878693,0.8666198253631592,0.4612915515899658,0.8340696692466736,0.07911048084497452,0.9782679677009583,0.5199152231216431,0.8422434329986572,0.13666319847106934,0.7781705856323242,0.4617423117160797,0.8613435626029968,0.08426255732774734,0.8253562450408936,0.5261200070381165,0.8586790561676025,0.010898365639150143,0.8827506899833679,0.47572940587997437,0.8712254166603088,-0.05081159994006157,0.9698204398155212
124,stand,0.48162370920181274,0.12618158757686615,-0.3076615333557129,0.9999380111694336,0.4851425290107727,0.11645979434251785,-0.2903139293193817,0.9998192191123962,0.4879300594329834,0.11730554699897766,-0.2903095781803131,0.9997954368591309,0.49057823419570923,0.11831296235322952,-0.2902714014053345,0.9997952580451965,0.47667011618614197,0.11587749421596527,-0.2934476137161255,0.9998747706413269,0.4730748236179352,0.11610545963048935,-0.2934977412223816,0.9998735189437866,0.469346821308136,0.11657281219959259,-0.2935517430305481,0.9998899698257446,0.4938186705112457,0.12972530722618103,-0.17756755650043488,0.999496579170227,0.46474161744117737,0.12895320355892181,-0.1934075504541397,0.9997985363006592,0.48640719056129456,0.14468011260032654,-0.2649928331375122,0.9999314546585083,0.47614797949790955,0.14316622912883759,-0.2696523070335388,0.9999547004699707,0.5269397497177124,0.22716066241264343,-0.09663598239421844,0.9999121427536011,0.43247804045677185,0.23853370547294617,-0.10989703983068466,0.9999420642852783,0.5648192167282104,0.3230685591697693,-0.03596397116780281,0.9748573899269104,0.41154828667640686,0.3557043671607971,-0.05616277456283569,0.9910712838172913,0.5625883340835571,0.41820624470710754,-0.1252971887588501,0.9692198634147644,0.41106730699539185,0.4686821401119232,-0.1397823691368103,0.9778662919998169,0.5637599229812622,0.45963695645332336,-0.15060505270957947,0.9395284652709961,0.40849989652633667,0.508529007434845,-0.16745713353157043,0.9545559287071228,0.5535094738006592,0.45517802238464355,-0.18099172413349152,0.9428380727767944,0.41581425070762634,0.5046802759170532,-0.19987913966178894,0.9561892747879028,0.5500665307044983,0.4427587389945984,-0.13829228281974792,0.9296450614929199,0.4189653992652893,0.49085405468940735,-0.1540725827217102,0.9437099099159241,0.5154027342796326,0.4777817726135254,0.0035362783819437027,0.9990071058273315,0.46074214577674866,0.4850649833679199,-0.0035385191440582275,0.9995166659355164,0.5168573260307312,0.6474484801292419,0.01018831692636013,0.9176547527313232,0.4607650637626648,0.6564503312110901,-0.0523810088634491,0.9848136305809021,0.521790087223053,0.8161335587501526,0.13188011944293976,0.8777461647987366,0.46155887842178345,0.8341020345687866,0.07942225784063339,0.9784001708030701,0.519723653793335,0.84344083070755,0.13613691926002502,0.7833813428878784,0.4627959132194519,0.8614829778671265,0.08455760776996613,0.8207477927207947,0.5257644057273865,0.8588742613792419,0.008846432901918888,0.8912736773490906,0.4750582277774811,0.8705828189849854,-0.05113382264971733,0.9695285558700562
125,stand,0.4834696650505066,0.12771154940128326,-0.3124982416629791,0.9999398589134216,0.4873731732368469,0.11785569787025452,-0.295654296875,0.9998204708099365,0.49029430747032166,0.11864840984344482,-0.29565155506134033,0.9997978210449219,0.4930779039859772,0.1196027547121048,-0.2956155836582184,0.9997970461845398,0.47877201437950134,0.11719848960638046,-0.29795295000076294,0.9998753070831299,0.4752839505672455,0.1174091026186943,-0.2979997992515564,0.9998743534088135,0.47158676385879517,0.11766907572746277,-0.2980450987815857,0.9998900890350342,0.49676594138145447,0.13025282323360443,-0.1833181381225586,0.9995092153549194,0.46764451265335083,0.1290597766637802,-0.19524268805980682,0.9997958540916443,0.4887753129005432,0.14625926315784454,-0.26990020275115967,0.9999319314956665,0.47828564047813416,0.14470985531806946,-0.2734239995479584,0.9999541640281677,0.5295199155807495,0.22634461522102356,-0.09735343605279922,0.9999123215675354,0.4349845051765442,0.23747649788856506,-0.107894167304039,0.9999418258666992,0.5681953430175781,0.3200419247150421,-0.03720017522573471,0.9768986701965332,0.4121524691581726,0.35390469431877136,-0.04950837045907974,0.9911403656005859,0.5655529499053955,0.417008638381958,-0.1318482905626297,0.9710075259208679,0.4106937050819397,0.4649280905723572,-0.13410401344299316,0.9782224297523499,0.566452145576477,0.45651593804359436,-0.15779539942741394,0.9421043395996094,0.40784937143325806,0.5048149824142456,-0.1614915132522583,0.9548967480659485,0.5565081834793091,0.4527890384197235,-0.18768757581710815,0.9452793002128601,0.41472476720809937,0.501524031162262,-0.1946066915988922,0.9566504955291748,0.5536690950393677,0.44069311022758484,-0.14495553076267242,0.9323893189430237,0.4179913103580475,0.4878154397010803,-0.14883385598659515,0.9445781111717224,0.5157921314239502,0.4779529869556427,0.002247460652142763,0.9989505410194397,0.46162185072898865,0.4837249219417572,-0.0022478902246803045,0.9994850754737854,0.5169945955276489,0.6477536559104919,0.0030891993083059788,0.9239502549171448,0.4613770544528961,0.6566129326820374,-0.05932068079710007,0.9851072430610657,0.5217919945716858,0.8171866536140442,0.11361875385046005,0.8875598907470703,0.4618663787841797,0.8341143131256104,0.06577550619840622,0.9784471392631531,0.5201479196548462,0.8459063172340393,0.11673469841480255,0.7878189086914062,0.46351122856140137,0.8617706894874573,0.07067500799894333,0.815981388092041,0.5254377126693726,0.8580973148345947,-0.01169605366885662,0.8987325429916382,0.4746862053871155,0.8690327405929565,-0.06348038464784622,0.9692122340202332
126,stand,0.4866608679294586,0.12758764624595642,-0.31633633375167847,0.9999426603317261,0.4903333783149719,0.11789880692958832,-0.29951706528663635,0.9998263120651245,0.4932078421115875,0.11871957778930664,-0.29951149225234985,0.9998049736022949,0.49592891335487366,0.11967507749795914,-0.29947879910469055,0.9998041987419128,0.4817814826965332,0.11716794967651367,-0.30174922943115234,0.9998794198036194,0.4783727526664734,0.11736103892326355,-0.3017900884151459,0.9998784065246582,0.4748573303222656,0.11761622130870819,-0.30182480812072754,0.9998931884765625,0.49918025732040405,0.12994103133678436,-0.18698763847351074,0.9995346069335938,0.4710637032985687,0.12875400483608246,-0.1980743110179901,0.9997994899749756,0.4920312762260437,0.14617131650447845,-0.27359437942504883,0.9999343156814575,0.48189035058021545,0.14480814337730408,-0.27690592408180237,0.9999547004699707,0.5322824716567993,0.2255556732416153,-0.1031256690621376,0.9999136924743652,0.4378412365913391,0.23743940889835358,-0.10755547136068344,0.9999423027038574,0.5726968050003052,0.31469324231147766,-0.03798414021730423,0.9788320064544678,0.4140198230743408,0.352235347032547,-0.04379861801862717,0.9911797642707825,0.5678854584693909,0.4119674563407898,-0.13293007016181946,0.9726513028144836,0.41063636541366577,0.46040627360343933,-0.12657788395881653,0.9786295890808105,0.5681185126304626,0.45107269287109375,-0.15820011496543884,0.9444064497947693,0.4080161154270172,0.49966081976890564,-0.15336298942565918,0.9553436636924744,0.5584131479263306,0.44736379384994507,-0.1883486956357956,0.9474685192108154,0.4142495095729828,0.4962541460990906,-0.18701814115047455,0.9571985602378845,0.5560027956962585,0.43616974353790283,-0.145590141415596,0.9348457455635071,0.4174675941467285,0.48269209265708923,-0.14156517386436462,0.9454615116119385,0.5175497531890869,0.47684401273727417,1.4973897123127244e-05,0.9989108443260193,0.4631667137145996,0.48139530420303345,-1.231419992109295e-05,0.9994615316390991,0.5174511671066284,0.6477355360984802,-0.02603255771100521,0.9296080470085144,0.4622494578361511,0.6565370559692383,-0.060936152935028076,0.9853702187538147,0.5216142535209656,0.8193712830543518,0.06855769455432892,0.8964512944221497,0.4621767997741699,0.8340877890586853,0.0442216582596302,0.9787567853927612,0.5194629430770874,0.850357711315155,0.06979145109653473,0.7931585907936096,0.4650422930717468,0.8629453778266907,0.04666396230459213,0.8162311315536499,0.5248857736587524,0.8578613996505737,-0.06104529649019241,0.9056307077407837,0.4727369248867035,0.8673262000083923,-0.08886836469173431,0.9694446325302124
127,stand,0.48879116773605347,0.12580980360507965,-0.3149937093257904,0.999946117401123,0.49251919984817505,0.1165589764714241,-0.2979716658592224,0.9998353123664856,0.4954087734222412,0.1173732727766037,-0.2979639768600464,0.9998155236244202,0.49819356203079224,0.1183120533823967,-0.2979356050491333,0.9998149871826172,0.4840129017829895,0.11592782288789749,-0.2995036542415619,0.9998856782913208,0.4806899130344391,0.11621367186307907,-0.29953569173812866,0.9998847246170044,0.47720903158187866,0.11651187390089035,-0.29955393075942993,0.9998984336853027,0.5017973780632019,0.12882626056671143,-0.18634507060050964,0.9995650053024292,0.473585307598114,0.12791374325752258,-0.19422361254692078,0.9998072385787964,0.494346559047699,0.14443135261535645,-0.2728317975997925,0.9999377131462097,0.48418551683425903,0.1430443823337555,-0.2752184271812439,0.9999562501907349,0.5343166589736938,0.22446636855602264,-0.10486698150634766,0.9999159574508667,0.44070738554000854,0.23768168687820435,-0.10126018524169922,0.9999423623085022,0.57755047082901,0.3078838884830475,-0.04092182219028473,0.9806780815124512,0.41660499572753906,0.3519284725189209,-0.032126590609550476,0.9912973642349243,0.5700796246528625,0.4058641195297241,-0.12900593876838684,0.9744529724121094,0.4111291766166687,0.4579277038574219,-0.113225057721138,0.9792484045028687,0.5700380206108093,0.4446120262145996,-0.15379515290260315,0.9471815228462219,0.4086954593658447,0.49616575241088867,-0.1394548863172531,0.956201434135437,0.5606796145439148,0.4410073459148407,-0.18370473384857178,0.9501004219055176,0.41447561979293823,0.4932904839515686,-0.1730065643787384,0.9581137299537659,0.5585537552833557,0.43084925413131714,-0.14111113548278809,0.9378913640975952,0.4175758361816406,0.4801701009273529,-0.12807327508926392,0.9467625021934509,0.5188338756561279,0.4744410514831543,-0.001473644282668829,0.9988702535629272,0.46490246057510376,0.4774158000946045,0.0014737371820956469,0.9994372725486755,0.5175094604492188,0.647764265537262,-0.024478409439325333,0.9345260262489319,0.4634893834590912,0.6564474701881409,-0.0645161047577858,0.9855025410652161,0.5217941999435425,0.8205191493034363,0.07287470996379852,0.9041712880134583,0.4623475968837738,0.83418869972229,0.03845568373799324,0.9788620471954346,0.5195844769477844,0.8513047695159912,0.0743786096572876,0.7961234450340271,0.4652235507965088,0.8634554743766785,0.040686897933483124,0.8147637248039246,0.5247161388397217,0.858060359954834,-0.055412761867046356,0.9112857580184937,0.4710550308227539,0.8663665056228638,-0.0949067771434784,0.9692844152450562
128,stand,0.49005717039108276,0.123590387403965,-0.3105925917625427,0.9999488592147827,0.4939894676208496,0.11481483280658722,-0.293741375207901,0.9998418688774109,0.4968958795070648,0.1155906394124031,-0.2937341332435608,0.9998231530189514,0.49982213973999023,0.11656000465154648,-0.29370802640914917,0.9998228549957275,0.4854220747947693,0.11417859047651291,-0.2940704822540283,0.9998905062675476,0.4819943904876709,0.11454924196004868,-0.29410094022750854,0.9998895525932312,0.4784371852874756,0.11484382301568985,-0.29411739110946655,0.9999024868011475,0.5041931867599487,0.12774020433425903,-0.18401753902435303,0.9995887279510498,0.4751006066799164,0.12712502479553223,-0.1863449513912201,0.9998122453689575,0.4958863854408264,0.14225509762763977,-0.2693535089492798,0.9999402165412903,0.4855661392211914,0.1406022608280182,-0.2700720429420471,0.9999570250511169,0.5372432470321655,0.22417619824409485,-0.10522285848855972,0.9999157786369324,0.4439152181148529,0.23683929443359375,-0.09512477368116379,0.9999420046806335,0.5828067064285278,0.30032017827033997,-0.0418827049434185,0.9823251962661743,0.41897305846214294,0.3502388596534729,-0.0265202634036541,0.9912747740745544,0.5727213025093079,0.3987533450126648,-0.12311180680990219,0.9757944941520691,0.41162171959877014,0.45508283376693726,-0.10974600166082382,0.9794787764549255,0.5718960762023926,0.43653640151023865,-0.14739443361759186,0.9488685131072998,0.40923160314559937,0.4917880594730377,-0.13656941056251526,0.9562290906906128,0.5630160570144653,0.43279337882995605,-0.1764841377735138,0.951694905757904,0.41501864790916443,0.4892975986003876,-0.16944605112075806,0.9582051634788513,0.5612902641296387,0.4236810505390167,-0.13471655547618866,0.9396821856498718,0.41806483268737793,0.4765961468219757,-0.12444384396076202,0.9470869898796082,0.5203894972801208,0.47330835461616516,-0.0022107278928160667,0.9988085627555847,0.4666079580783844,0.4747454822063446,0.002214600332081318,0.9994039535522461,0.517612099647522,0.6477351784706116,-0.023879703134298325,0.9385648965835571,0.46427029371261597,0.6564092636108398,-0.06697795540094376,0.9855239987373352,0.5216805338859558,0.8220754265785217,0.07467678934335709,0.9107376933097839,0.46248331665992737,0.8343119025230408,0.039398714900016785,0.9788668155670166,0.5192304849624634,0.8520260453224182,0.07626532763242722,0.798457682132721,0.4657498300075531,0.863505482673645,0.04205641150474548,0.8140465617179871,0.5246520638465881,0.8587070107460022,-0.05338834971189499,0.9158785939216614,0.4692670702934265,0.8652108907699585,-0.09337885677814484,0.968985378742218
129,stand,0.4912651479244232,0.1252945065498352,-0.2871290147304535,0.9999514222145081,0.4952560365200043,0.11591241508722305,-0.2708534002304077,0.9998474717140198,0.49815669655799866,0.11665185540914536,-0.2708568274974823,0.9998297691345215,0.5010851621627808,0.11759642511606216,-0.27083486318588257,0.9998299479484558,0.48667508363723755,0.11540567874908447,-0.27057337760925293,0.9998940229415894,0.4832454323768616,0.1157364621758461,-0.2706066966056824,0.9998933672904968,0.47986945509910583,0.11604870855808258,-0.2706257700920105,0.9999055862426758,0.5058165192604065,0.12865611910820007,-0.16277699172496796,0.9996089935302734,0.4763549268245697,0.12817096710205078,-0.16196087002754211,0.9998148679733276,0.497077614068985,0.1438131183385849,-0.2463414967060089,0.9999428987503052,0.4870150089263916,0.1424078345298767,-0.24612855911254883,0.9999578595161438,0.5398494005203247,0.22494788467884064,-0.08270667493343353,0.9999188780784607,0.4469219744205475,0.2356281876564026,-0.07231158763170242,0.9999421834945679,0.5865590572357178,0.2980513274669647,-0.01107550598680973,0.9838477969169617,0.4215453565120697,0.34775489568710327,-0.0016712244832888246,0.9914513230323792,0.5744644403457642,0.39547374844551086,-0.09069811552762985,0.9773175716400146,0.41215816140174866,0.4523746073246002,-0.08871958404779434,0.9799479842185974,0.5732499361038208,0.43182554841041565,-0.11589989811182022,0.9511802196502686,0.40971165895462036,0.48920658230781555,-0.1160527691245079,0.9567763805389404,0.5644525289535522,0.42821067571640015,-0.14573021233081818,0.9539257287979126,0.41562357544898987,0.48727816343307495,-0.14990951120853424,0.9587859511375427,0.5627458095550537,0.4193469285964966,-0.10260184109210968,0.9422369599342346,0.41873764991760254,0.4747084379196167,-0.10379190742969513,0.9479708671569824,0.5216023921966553,0.47358977794647217,-0.0008547778124921024,0.9987741708755493,0.4685385823249817,0.474333792924881,0.0008542721043340862,0.9993679523468018,0.5178505182266235,0.6485087275505066,-0.009654121473431587,0.942797839641571,0.465319961309433,0.6565598845481873,-0.041302941739559174,0.9858100414276123,0.5218706727027893,0.822431206703186,0.10276930034160614,0.9172504544258118,0.4624311029911041,0.8344929814338684,0.07329101860523224,0.9788562059402466,0.5190836191177368,0.8500625491142273,0.10603896528482437,0.8007478713989258,0.4655563235282898,0.863166868686676,0.07660188525915146,0.809560239315033,0.5260859727859497,0.8644029498100281,-0.021879589185118675,0.9208101630210876,0.4702109694480896,0.8660911321640015,-0.05735493451356888,0.9686102867126465
130,stand,0.492790162563324,0.12611575424671173,-0.28540948033332825,0.9999541640281677,0.4966672360897064,0.1162118911743164,-0.2690068185329437,0.9998542070388794,0.49949926137924194,0.11690214276313782,-0.2690136134624481,0.9998379349708557,0.5023917555809021,0.1177690327167511,-0.26899611949920654,0.9998383522033691,0.4880155622959137,0.11591274291276932,-0.26860055327415466,0.999897837638855,0.4846039414405823,0.11625533550977707,-0.26863524317741394,0.9998975992202759,0.4812797009944916,0.11669178307056427,-0.26864904165267944,0.9999089241027832,0.5076733827590942,0.12887857854366302,-0.16036629676818848,0.9996318817138672,0.47755980491638184,0.1288994997739792,-0.15871772170066833,0.9998182058334351,0.4988973140716553,0.14477740228176117,-0.24440988898277283,0.9999459981918335,0.48871010541915894,0.14352816343307495,-0.24398577213287354,0.9999589920043945,0.5419887900352478,0.22532984614372253,-0.07937449961900711,0.9999229907989502,0.4497361183166504,0.23496708273887634,-0.06806421279907227,0.9999415278434753,0.5884815454483032,0.2987712323665619,-0.006661972496658564,0.9852529764175415,0.42411065101623535,0.3466796576976776,0.0047022695653140545,0.9915485382080078,0.5758956670761108,0.39455029368400574,-0.08547601848840714,0.9787898659706116,0.4123275876045227,0.4499085247516632,-0.08234288543462753,0.9802815914154053,0.5743814706802368,0.43076783418655396,-0.11063048988580704,0.9534546136856079,0.41012412309646606,0.4869024455547333,-0.10978689044713974,0.9570854902267456,0.565426230430603,0.42726755142211914,-0.14082975685596466,0.9561325311660767,0.4161616861820221,0.4853064715862274,-0.14341554045677185,0.9591493606567383,0.56374591588974,0.41857004165649414,-0.0975424200296402,0.9448155164718628,0.41928595304489136,0.4727035462856293,-0.09738685190677643,0.9485735297203064,0.522528886795044,0.4737091064453125,-0.0008790362626314163,0.9987754225730896,0.4700602889060974,0.4737710654735565,0.0008671182440593839,0.999343991279602,0.5177552700042725,0.6496906876564026,-0.005522961728274822,0.946867823600769,0.46620458364486694,0.6565370559692383,-0.029521554708480835,0.9861205220222473,0.5219537019729614,0.8218047022819519,0.11428423970937729,0.9234554767608643,0.46244221925735474,0.8341662287712097,0.09627008438110352,0.9790648221969604,0.5190761089324951,0.8483676314353943,0.11830122768878937,0.8030113577842712,0.46547651290893555,0.8611286878585815,0.10081416368484497,0.8056982159614563,0.5258611440658569,0.8678670525550842,-0.007307268679141998,0.925719678401947,0.47238945960998535,0.8691980838775635,-0.032592855393886566,0.9686474204063416
131,stand,0.4951752722263336,0.12673009932041168,-0.2911628186702728,0.9999572038650513,0.4992998540401459,0.11646752059459686,-0.27433910965919495,0.9998624324798584,0.5021181106567383,0.117113396525383,-0.2743445038795471,0.9998474717140198,0.5049986243247986,0.11791844666004181,-0.27432647347450256,0.999847948551178,0.49052318930625916,0.11634211242198944,-0.27460575103759766,0.9999028444290161,0.4871276915073395,0.11669931560754776,-0.2746448516845703,0.9999029636383057,0.48377904295921326,0.11720675230026245,-0.27465736865997314,0.9999133944511414,0.5107693076133728,0.128922700881958,-0.16328173875808716,0.9996562600135803,0.4799248278141022,0.12934353947639465,-0.16480456292629242,0.9998254179954529,0.5012539625167847,0.14542599022388458,-0.2492225617170334,0.99994957447052,0.4910166263580322,0.14422325789928436,-0.24973079562187195,0.9999608993530273,0.5437473058700562,0.22554472088813782,-0.0805463045835495,0.9999279379844666,0.4521793723106384,0.23442037403583527,-0.07343011349439621,0.9999420046806335,0.5890401601791382,0.3004826307296753,-0.007103717885911465,0.986534833908081,0.42616263031959534,0.3459857404232025,-0.002039780141785741,0.9917705059051514,0.576816201210022,0.3956415057182312,-0.08905497938394547,0.9802598357200623,0.41245922446250916,0.4494595527648926,-0.08957092463970184,0.9808566570281982,0.5755437612533569,0.431653767824173,-0.11486469209194183,0.9559173583984375,0.41028061509132385,0.4871080219745636,-0.11732301861047745,0.9579271674156189,0.5667886137962341,0.42821812629699707,-0.14508721232414246,0.958507776260376,0.41651877760887146,0.4852980673313141,-0.15096509456634521,0.9600049257278442,0.5650264620780945,0.419434517621994,-0.1012476459145546,0.9476367831230164,0.41958707571029663,0.47257426381111145,-0.10450205951929092,0.9497328996658325,0.5235009789466858,0.4738638699054718,-0.0003573763824533671,0.9988018870353699,0.47132474184036255,0.4732397198677063,0.0003315091016702354,0.9993320107460022,0.5177646279335022,0.6503926515579224,-0.005491011776030064,0.9505384564399719,0.4667856693267822,0.6564776301383972,-0.02941105328500271,0.9863181710243225,0.5217963457107544,0.8220582604408264,0.12603792548179626,0.929011344909668,0.46242403984069824,0.8334017395973206,0.10988958925008774,0.9790639281272888,0.5187039375305176,0.8473930358886719,0.133002370595932,0.8047486543655396,0.46373167634010315,0.8587177991867065,0.11599324643611908,0.800749659538269,0.5255852937698364,0.8701010942459106,0.0012391747441142797,0.9302045702934265,0.4749535024166107,0.8723148107528687,-0.017411306500434875,0.9685269594192505
132,stand,0.4977293908596039,0.1271042674779892,-0.2924512028694153,0.9999598860740662,0.5019487142562866,0.116700679063797,-0.2750619947910309,0.9998698234558105,0.5047062635421753,0.11734553426504135,-0.275063693523407,0.9998561143875122,0.5074334144592285,0.11814747005701065,-0.275044322013855,0.99985671043396,0.49327000975608826,0.11660059541463852,-0.27581873536109924,0.9999073147773743,0.4899100363254547,0.11692888289690018,-0.2758612036705017,0.9999078512191772,0.48652201890945435,0.11746079474687576,-0.2758742570877075,0.9999174475669861,0.5129987597465515,0.12908072769641876,-0.16176535189151764,0.9996776580810547,0.4824773371219635,0.129415363073349,-0.16586431860923767,0.9998317956924438,0.5034046173095703,0.1458473801612854,-0.24977147579193115,0.9999527931213379,0.4933722913265228,0.14473843574523926,-0.25101175904273987,0.9999626874923706,0.5449568033218384,0.22576181590557098,-0.07730741798877716,0.9999323487281799,0.4544519782066345,0.23425047099590302,-0.07634411007165909,0.9999421834945679,0.5886761546134949,0.3029995858669281,-0.0018797082593664527,0.9876540899276733,0.4279076159000397,0.3455224633216858,-0.008231078274548054,0.9919652938842773,0.5771070718765259,0.39850738644599915,-0.08329305052757263,0.9815614223480225,0.4131714403629303,0.4491066038608551,-0.09595189988613129,0.981192409992218,0.5763487815856934,0.43500837683677673,-0.10876564681529999,0.9581802487373352,0.410313218832016,0.48723018169403076,-0.1243763118982315,0.9583064913749695,0.5675339698791504,0.43140628933906555,-0.13947539031505585,0.9606842994689941,0.4165848195552826,0.48539143800735474,-0.15778689086437225,0.9604159593582153,0.5655944347381592,0.4222331941127777,-0.09565065801143646,0.9502074122428894,0.4198012351989746,0.4728184640407562,-0.11084999889135361,0.9503389000892639,0.5249127149581909,0.47396206855773926,-7.29742314433679e-05,0.9988299608230591,0.472739040851593,0.47260183095932007,7.041383651085198e-05,0.9993236660957336,0.5183554887771606,0.6505589485168457,-0.003935836721211672,0.9538852572441101,0.46724995970726013,0.6556942462921143,-0.03648730367422104,0.986607015132904,0.5217469930648804,0.8214759826660156,0.14524789154529572,0.9341151714324951,0.4622999131679535,0.8328076601028442,0.10576008260250092,0.9793877601623535,0.5184506773948669,0.8472763299942017,0.1534591019153595,0.8065860271453857,0.461718887090683,0.8565002679824829,0.1123184934258461,0.7970697283744812,0.5254088640213013,0.8729459047317505,0.023805219680070877,0.9344461560249329,0.4777417778968811,0.877916693687439,-0.023204255849123,0.9688974022865295
133,stand,0.5005144476890564,0.1274162232875824,-0.29583802819252014,0.9999624490737915,0.5043346881866455,0.11697540432214737,-0.27871406078338623,0.9998773336410522,0.5069628953933716,0.11761205643415451,-0.2787178158760071,0.999864935874939,0.5094798803329468,0.118392214179039,-0.27869823575019836,0.9998654127120972,0.4958294928073883,0.11686641722917557,-0.27976760268211365,0.9999117255210876,0.4923884868621826,0.11719093471765518,-0.27980926632881165,0.9999127388000488,0.488847017288208,0.11772895604372025,-0.2798300087451935,0.9999215006828308,0.5142210721969604,0.12927424907684326,-0.16541609168052673,0.9996983408927917,0.4840725362300873,0.12963984906673431,-0.17177432775497437,0.9998390078544617,0.505791187286377,0.14602679014205933,-0.25350940227508545,0.9999558925628662,0.49581775069236755,0.14494112133979797,-0.2552320063114166,0.9999645948410034,0.5463343262672424,0.22596624493598938,-0.07739941775798798,0.9999368190765381,0.4560171663761139,0.23451510071754456,-0.08317005634307861,0.9999430775642395,0.5869038105010986,0.30705830454826355,0.0011349378619343042,0.9886340498924255,0.42935895919799805,0.34502872824668884,-0.015200860798358917,0.9922617673873901,0.5773075819015503,0.40019768476486206,-0.08324335515499115,0.9828120470046997,0.4139760136604309,0.44883203506469727,-0.10053100436925888,0.9818424582481384,0.576741635799408,0.436352401971817,-0.1086152046918869,0.9605256915092468,0.4107770025730133,0.48751839995384216,-0.12880781292915344,0.959414541721344,0.5681308507919312,0.43366703391075134,-0.14052055776119232,0.9629316329956055,0.41751527786254883,0.485696017742157,-0.16192291676998138,0.9615023136138916,0.566193699836731,0.4236101806163788,-0.096182681620121,0.9528985023498535,0.42090004682540894,0.4729331433773041,-0.11513517051935196,0.9517133235931396,0.5258584022521973,0.4738469421863556,0.0029695280827581882,0.998868465423584,0.4738016128540039,0.4717613756656647,-0.0030245620291680098,0.9993235468864441,0.518651008605957,0.651075541973114,-0.0028927463572472334,0.9570782780647278,0.46792712807655334,0.6551239490509033,-0.03717443346977234,0.9868951439857483,0.5216493606567383,0.821031928062439,0.15626466274261475,0.9389997720718384,0.4620667099952698,0.8321789503097534,0.10763508081436157,0.9798153042793274,0.5182242393493652,0.8457939028739929,0.164807990193367,0.8095935583114624,0.45996934175491333,0.8543128371238708,0.11442987620830536,0.7934830188751221,0.5253152251243591,0.8751055598258972,0.03563065081834793,0.9386547803878784,0.47951197624206543,0.8818110823631287,-0.02313884161412716,0.9694831967353821
134,stand,0.5036525130271912,0.128080353140831,-0.3050694465637207,0.9999647736549377,0.5066916346549988,0.11727115511894226,-0.287483274936676,0.9998841285705566,0.5090805888175964,0.11796043068170547,-0.2874768376350403,0.9998729228973389,0.5113077163696289,0.11885657906532288,-0.2874586582183838,0.9998733401298523,0.4984685778617859,0.11706676334142685,-0.28933507204055786,0.9999157190322876,0.49495816230773926,0.11750005930662155,-0.2893866002559662,0.9999170899391174,0.4913453161716461,0.11818363517522812,-0.28940147161483765,0.9999251365661621,0.5147602558135986,0.12967750430107117,-0.16804443299770355,0.9997175335884094,0.4857456088066101,0.1305423378944397,-0.17756888270378113,0.9998454451560974,0.508682906627655,0.14803430438041687,-0.2599477171897888,0.9999586939811707,0.49901241064071655,0.14698372781276703,-0.2626967132091522,0.9999662041664124,0.5473082065582275,0.22657257318496704,-0.08044548332691193,0.9999409317970276,0.4576461911201477,0.2348349243402481,-0.08520805090665817,0.9999440312385559,0.5858390927314758,0.31462252140045166,-0.0011767982505261898,0.9895069599151611,0.43133267760276794,0.3456527590751648,-0.020433437079191208,0.9925437569618225,0.5778919458389282,0.4071153998374939,-0.08674640953540802,0.9838665127754211,0.41515111923217773,0.4499882161617279,-0.10576029121875763,0.9824337959289551,0.5771361589431763,0.44367456436157227,-0.11198359727859497,0.9624303579330444,0.41185325384140015,0.48875072598457336,-0.1340547353029251,0.9604293704032898,0.5683953166007996,0.4407326579093933,-0.14467813074588776,0.9647844433784485,0.4189765453338623,0.4868904948234558,-0.1668703705072403,0.9625258445739746,0.5665303468704224,0.4293707013130188,-0.10007331520318985,0.9550952911376953,0.4223760962486267,0.4742354154586792,-0.12029671669006348,0.9529562592506409,0.5263745188713074,0.4737473428249359,0.004027767572551966,0.9988949298858643,0.47447627782821655,0.471152126789093,-0.004095745738595724,0.99931401014328,0.5186194777488708,0.6514973044395447,-0.0031402860768139362,0.9600641131401062,0.4686547815799713,0.6545617580413818,-0.0332745686173439,0.9871585965156555,0.5215681195259094,0.8207067847251892,0.1538313925266266,0.9435082077980042,0.46206265687942505,0.8317704796791077,0.1130179613828659,0.9802244305610657,0.5180374383926392,0.8447657227516174,0.1619490683078766,0.8124207854270935,0.4598974287509918,0.8526067733764648,0.11976268142461777,0.7894320487976074,0.5253373384475708,0.8766668438911438,0.03180881589651108,0.9425979256629944,0.4798092246055603,0.8842325806617737,-0.01880497857928276,0.9700266718864441
135,stand,0.5044743418693542,0.12865611910820007,-0.321416974067688,0.9999666810035706,0.5071081519126892,0.117768295109272,-0.30463534593582153,0.9998893141746521,0.5095118880271912,0.11850500106811523,-0.3046230673789978,0.9998793601989746,0.5117083787918091,0.11945927888154984,-0.30460309982299805,0.999879777431488,0.49909892678260803,0.1175464615225792,-0.30625638365745544,0.9999183416366577,0.49564939737319946,0.11813942342996597,-0.3063136637210846,0.9999200701713562,0.4921031892299652,0.11906515806913376,-0.3063368797302246,0.999927282333374,0.5147168040275574,0.13023455440998077,-0.18766412138938904,0.9997326731681824,0.4866410195827484,0.13210900127887726,-0.1959679126739502,0.9998481273651123,0.5097705125808716,0.14918379485607147,-0.2766838073730469,0.9999606609344482,0.5002519488334656,0.14819703996181488,-0.2791876196861267,0.9999669194221497,0.5484399795532227,0.22814315557479858,-0.09397491812705994,0.999944269657135,0.45889830589294434,0.2350529134273529,-0.10276428610086441,0.9999445080757141,0.5848497152328491,0.3227386772632599,-0.01129823736846447,0.990198016166687,0.4330541491508484,0.34630948305130005,-0.0332530215382576,0.9926238059997559,0.5778630375862122,0.4143258035182953,-0.0955204963684082,0.9846326112747192,0.41660720109939575,0.4509482979774475,-0.11621435731649399,0.9823920726776123,0.5772198438644409,0.45214152336120605,-0.11857268959283829,0.9637384414672852,0.4127184748649597,0.489778995513916,-0.14351721107959747,0.9601466655731201,0.568225622177124,0.4485447406768799,-0.154012992978096,0.9660863280296326,0.4201805591583252,0.4878735840320587,-0.17732325196266174,0.9623210430145264,0.5662238001823425,0.43609991669654846,-0.10972627252340317,0.9565948247909546,0.42379850149154663,0.4750407338142395,-0.1311955451965332,0.9527632594108582,0.5266334414482117,0.4735875427722931,0.00475151464343071,0.9989165663719177,0.47479861974716187,0.470444917678833,-0.0048285918310284615,0.9993094205856323,0.518585205078125,0.6514708995819092,-0.002591750118881464,0.9624916315078735,0.469740629196167,0.6511662006378174,-0.03385788947343826,0.9873884320259094,0.5214420557022095,0.8203737735748291,0.150008887052536,0.9475830793380737,0.46346521377563477,0.8289971947669983,0.10921963304281235,0.9806666970252991,0.5175907611846924,0.8428452610969543,0.1573428213596344,0.8160945773124695,0.4625183045864105,0.8479646444320679,0.1155627965927124,0.7865968346595764,0.5259230136871338,0.8771750330924988,0.02938253805041313,0.9462046027183533,0.4795955717563629,0.8842496275901794,-0.022785570472478867,0.9706398248672485
136,stand,0.5050723552703857,0.13066984713077545,-0.3239082098007202,0.999968409538269,0.507483184337616,0.1192648708820343,-0.3076183497905731,0.9998935461044312,0.5099124908447266,0.11999790370464325,-0.3076101243495941,0.9998849034309387,0.5122095346450806,0.12091292440891266,-0.3075907826423645,0.9998850226402283,0.4995092749595642,0.11930309981107712,-0.30892354249954224,0.9999201893806458,0.49607419967651367,0.12013694643974304,-0.3089695870876312,0.9999221563339233,0.49251943826675415,0.12136496603488922,-0.30899280309677124,0.9999284148216248,0.5151800513267517,0.1311785876750946,-0.1924644410610199,0.9997458457946777,0.48731908202171326,0.13425740599632263,-0.19909486174583435,0.9998486638069153,0.5104761123657227,0.151280477643013,-0.2796197831630707,0.9999620914459229,0.5010535717010498,0.15059766173362732,-0.281666100025177,0.9999670386314392,0.5492527484893799,0.22975711524486542,-0.0989600345492363,0.9999468326568604,0.4600047171115875,0.23524212837219238,-0.10430030524730682,0.999944269657135,0.580845057964325,0.3307582139968872,-0.015135261230170727,0.9907562732696533,0.4350534975528717,0.34699270129203796,-0.03375009447336197,0.9925559163093567,0.5776090025901794,0.4213511049747467,-0.09613161534070969,0.9853032827377319,0.41806846857070923,0.4515976011753082,-0.11640819162130356,0.9823028445243835,0.5773118138313293,0.4610939025878906,-0.12073665857315063,0.9648924469947815,0.4135909676551819,0.49036967754364014,-0.14358903467655182,0.9598062634468079,0.5684067606925964,0.4566448926925659,-0.15411676466464996,0.9672520756721497,0.4210229516029358,0.48832881450653076,-0.17744019627571106,0.9620683193206787,0.5661004781723022,0.4434070587158203,-0.11053138971328735,0.9579560160636902,0.42474937438964844,0.4754318296909332,-0.13163988292217255,0.9525696635246277,0.527213990688324,0.47350022196769714,0.003969449084252119,0.9989427328109741,0.47536587715148926,0.47011634707450867,-0.004030843265354633,0.9993164539337158,0.518704354763031,0.6506050229072571,-0.003464835463091731,0.965135395526886,0.4699382185935974,0.6463874578475952,-0.029167041182518005,0.9878432154655457,0.5207644701004028,0.8202314376831055,0.14085033535957336,0.9516497254371643,0.46655768156051636,0.8271933794021606,0.10936354100704193,0.9815059900283813,0.5152201056480408,0.8418518900871277,0.1469571888446808,0.822228193283081,0.46875882148742676,0.8455966711044312,0.11493978649377823,0.7897008657455444,0.5262324213981628,0.8770513534545898,0.01468214113265276,0.9499847292900085,0.47594475746154785,0.8842151165008545,-0.02201598696410656,0.971898078918457
137,stand,0.5065266489982605,0.13069842755794525,-0.322195440530777,0.9999697208404541,0.5085505247116089,0.11941021680831909,-0.3074234127998352,0.9998960494995117,0.5109049081802368,0.12015365064144135,-0.3074131906032562,0.9998890161514282,0.5131756663322449,0.12106598913669586,-0.3074076771736145,0.9998886585235596,0.5006694197654724,0.11948475241661072,-0.3083868622779846,0.9999202489852905,0.4971996247768402,0.12040575593709946,-0.3084702789783478,0.9999226927757263,0.4936246871948242,0.12176986038684845,-0.3085078299045563,0.9999275803565979,0.5157321095466614,0.1316113919019699,-0.18927820026874542,0.9997560381889343,0.4883066713809967,0.13522014021873474,-0.19643504917621613,0.9998452067375183,0.5119010806083679,0.15132321417331696,-0.2788774073123932,0.9999627470970154,0.5025858879089355,0.1507096141576767,-0.2805716395378113,0.9999659061431885,0.5501632690429688,0.23196682333946228,-0.09855502098798752,0.9999485015869141,0.46043211221694946,0.2369946837425232,-0.10372868925333023,0.9999422430992126,0.575276792049408,0.3357466459274292,-0.014897877350449562,0.9911128878593445,0.4365597665309906,0.3495461642742157,-0.033410292118787766,0.992150068283081,0.5774940848350525,0.43096923828125,-0.08418752253055573,0.9856306314468384,0.41953128576278687,0.45182400941848755,-0.1092638224363327,0.9814306497573853,0.5775652527809143,0.4702439606189728,-0.10347960889339447,0.9652805924415588,0.41465020179748535,0.49051639437675476,-0.13312730193138123,0.9580573439598083,0.5690739750862122,0.4648269712924957,-0.1377091109752655,0.9677106738090515,0.4219387471675873,0.48849132657051086,-0.16781321167945862,0.9604605436325073,0.5664905309677124,0.4518289864063263,-0.09812488406896591,0.9585165977478027,0.4257214665412903,0.4766991138458252,-0.1248079314827919,0.9508873224258423,0.5276025533676147,0.47376111149787903,0.003137121442705393,0.9989720582962036,0.47559279203414917,0.4703132212162018,-0.0031912256963551044,0.9993293285369873,0.5186716318130493,0.6505945920944214,-0.0019858237355947495,0.9677417278289795,0.4697542190551758,0.6448469161987305,-0.02489813230931759,0.988457441329956,0.5190998315811157,0.8201345801353455,0.1388472020626068,0.9556009769439697,0.468513160943985,0.824958860874176,0.11446107923984528,0.9825384616851807,0.5124894380569458,0.8415189981460571,0.14434312283992767,0.8300225138664246,0.47259655594825745,0.843048095703125,0.12001155316829681,0.7961657047271729,0.5261800289154053,0.8769384622573853,0.013610506430268288,0.9537215232849121,0.47232237458229065,0.8839530944824219,-0.012835003435611725,0.9734130501747131
138,stand,0.5074593424797058,0.13084013760089874,-0.3249382972717285,0.9999708533287048,0.5093950629234314,0.1201072409749031,-0.30978041887283325,0.9998975992202759,0.5117636322975159,0.12087610363960266,-0.3097665011882782,0.9998921155929565,0.5141109228134155,0.12177607417106628,-0.30975478887557983,0.9998911619186401,0.501517653465271,0.12034086883068085,-0.3108551800251007,0.9999200701713562,0.4980801045894623,0.12140156328678131,-0.3108961880207062,0.9999229311943054,0.4945785403251648,0.12290380150079727,-0.3109164237976074,0.999926745891571,0.5169559121131897,0.13282862305641174,-0.19965244829654694,0.9997638463973999,0.4894469380378723,0.1368468552827835,-0.20547416806221008,0.9998424649238586,0.5129357576370239,0.15135397017002106,-0.2829912602901459,0.999962568283081,0.5036550760269165,0.1508648693561554,-0.28467220067977905,0.9999642372131348,0.5508902072906494,0.2343800663948059,-0.11125980317592621,0.9999480843544006,0.4613851010799408,0.23824165761470795,-0.11331085860729218,0.9999403953552246,0.5714303851127625,0.33973821997642517,-0.02435494214296341,0.9912853837013245,0.4376921057701111,0.35103365778923035,-0.042240485548973083,0.9916139841079712,0.5772351622581482,0.43576955795288086,-0.08600762486457825,0.9855517148971558,0.42068782448768616,0.45190951228141785,-0.10986073315143585,0.9803681373596191,0.5776553153991699,0.474614679813385,-0.10356129705905914,0.9647976160049438,0.41562002897262573,0.49088096618652344,-0.13493213057518005,0.9557816386222839,0.5700613856315613,0.46940234303474426,-0.1378314048051834,0.9673584699630737,0.4226720333099365,0.4888736307621002,-0.1691201776266098,0.9583208560943604,0.5673068761825562,0.45664840936660767,-0.09982291609048843,0.9581604599952698,0.42651861906051636,0.4769264757633209,-0.12513555586338043,0.9487622976303101,0.5277677178382874,0.4739430248737335,0.0015305906999856234,0.9989830851554871,0.4757204055786133,0.4704510271549225,-0.0015864139422774315,0.999342143535614,0.5186492204666138,0.6505711078643799,0.0011383541859686375,0.9700936675071716,0.4693588614463806,0.6442406177520752,-0.024597179144620895,0.9890583157539368,0.5181497931480408,0.8200740218162537,0.13726425170898438,0.9591740965843201,0.4701248109340668,0.8218387961387634,0.11372973769903183,0.9835481643676758,0.5113838911056519,0.8405502438545227,0.1422063708305359,0.8359159827232361,0.475119411945343,0.8401145935058594,0.11918140947818756,0.8043385744094849,0.526157021522522,0.8764915466308594,0.012929652817547321,0.957082211971283,0.46910014748573303,0.8836934566497803,-0.010480618104338646,0.9748846888542175
139,stand,0.5070202946662903,0.13413864374160767,-0.331159383058548,0.9999721646308899,0.5092551708221436,0.12297472357749939,-0.3168785274028778,0.9999001026153564,0.511709988117218,0.12354516237974167,-0.3168575167655945,0.9998957514762878,0.5142374038696289,0.12423347681760788,-0.31684017181396484,0.9998942613601685,0.5011261701583862,0.12381888180971146,-0.3175643980503082,0.9999215006828308,0.49766430258750916,0.12510964274406433,-0.3175921142101288,0.9999243021011353,0.4943016469478607,0.1266299933195114,-0.3176097273826599,0.9999271035194397,0.5180500745773315,0.13504847884178162,-0.2103518694639206,0.9997725486755371,0.489615261554718,0.14050108194351196,-0.21390993893146515,0.999843418598175,0.5128670334815979,0.15412801504135132,-0.2897874414920807,0.999962568283081,0.5031403303146362,0.15438342094421387,-0.29089677333831787,0.9999632239341736,0.5517700910568237,0.2360488623380661,-0.12116903066635132,0.9999467730522156,0.46245765686035156,0.23967939615249634,-0.12231191247701645,0.9999403357505798,0.5704959034919739,0.3426346778869629,-0.03909676522016525,0.9914047122001648,0.4384891986846924,0.35306990146636963,-0.05533580109477043,0.9911143779754639,0.5770004987716675,0.4395732879638672,-0.0942235141992569,0.9853633642196655,0.4215851426124573,0.4523685574531555,-0.12187888473272324,0.9795104265213013,0.5775454640388489,0.4791398048400879,-0.10373810678720474,0.9642294049263,0.41660770773887634,0.4911647439002991,-0.14405889809131622,0.9539542198181152,0.5703827142715454,0.4741440713405609,-0.13994567096233368,0.9669065475463867,0.4234303832054138,0.4892262816429138,-0.1780347377061844,0.9566150307655334,0.5675729513168335,0.4617014527320862,-0.1081681102514267,0.9577409625053406,0.42729729413986206,0.4770827889442444,-0.13716357946395874,0.9471480846405029,0.5279325246810913,0.47489669919013977,-2.5228535378118977e-05,0.998995304107666,0.47572073340415955,0.4709462821483612,-2.266850060550496e-05,0.9993601441383362,0.5186255574226379,0.650569498538971,0.003235511016100645,0.9721851348876953,0.46800971031188965,0.6411318182945251,-0.026442084461450577,0.9896811842918396,0.5175167322158813,0.8199834823608398,0.12880602478981018,0.9624552130699158,0.47041410207748413,0.8186312913894653,0.11010811477899551,0.9845729470252991,0.5108950138092041,0.8401114344596863,0.13249069452285767,0.8427530527114868,0.47564131021499634,0.8377333879470825,0.1160556823015213,0.814099907875061,0.5262523889541626,0.8762429356575012,0.005908821243792772,0.9601880311965942,0.4644426703453064,0.8825773596763611,-0.015708159655332565,0.9763529896736145
140,stand,0.5077940225601196,0.13542474806308746,-0.31543487310409546,0.9999731779098511,0.5097321271896362,0.1243150606751442,-0.3015384078025818,0.9999018311500549,0.5120964646339417,0.12486347556114197,-0.3015202283859253,0.9998985528945923,0.5144802331924438,0.12550993263721466,-0.3015092611312866,0.9998966455459595,0.5016170144081116,0.1252308189868927,-0.3022187650203705,0.9999220967292786,0.4981083273887634,0.12660685181617737,-0.3022116422653198,0.9999246597290039,0.49486446380615234,0.12814129889011383,-0.30222365260124207,0.9999262094497681,0.517791748046875,0.13648413121700287,-0.2052861750125885,0.9997804164886475,0.4899635910987854,0.14210249483585358,-0.20491857826709747,0.9998422265052795,0.5133883953094482,0.15574340522289276,-0.2762952744960785,0.999962329864502,0.5035271644592285,0.15619021654129028,-0.2771053910255432,0.9999614357948303,0.5515713691711426,0.2378869354724884,-0.11405771970748901,0.9999465346336365,0.46257632970809937,0.24143736064434052,-0.11917539685964584,0.9999390840530396,0.5697968602180481,0.34472477436065674,-0.03539780527353287,0.9914224147796631,0.4389621317386627,0.3555848002433777,-0.04996170848608017,0.9901626110076904,0.5769792795181274,0.44277164340019226,-0.09426738321781158,0.9851668477058411,0.4221675395965576,0.4543805718421936,-0.11666771024465561,0.9782705307006836,0.577335774898529,0.4824185371398926,-0.10827638953924179,0.9638774394989014,0.41750550270080566,0.491413950920105,-0.13784490525722504,0.9517549276351929,0.5702308416366577,0.47749850153923035,-0.14281092584133148,0.9666476249694824,0.4242944121360779,0.4893192648887634,-0.17219091951847076,0.954582691192627,0.5674124360084534,0.4652530550956726,-0.10815659910440445,0.9575409889221191,0.42807358503341675,0.4780477285385132,-0.13247665762901306,0.9451861381530762,0.5277838110923767,0.4769563376903534,-0.0017074929783120751,0.9990312457084656,0.4755633473396301,0.47270992398262024,0.0016731498762965202,0.9993880987167358,0.518841028213501,0.6508732438087463,0.0019886093214154243,0.9742645621299744,0.4654097557067871,0.6379184722900391,-0.024515775963664055,0.9903424978256226,0.5173881649971008,0.820228636264801,0.11641518026590347,0.9655681252479553,0.47020190954208374,0.8141513466835022,0.10836424678564072,0.985625147819519,0.5108336210250854,0.8400810360908508,0.11938305199146271,0.8502072691917419,0.47581321001052856,0.833547830581665,0.11383110284805298,0.8251489400863647,0.5270403623580933,0.8759709596633911,-0.004396050237119198,0.963148832321167,0.4593321681022644,0.8810017704963684,-0.008740042336285114,0.9778469800949097
141,stand,0.5075181126594543,0.13709641993045807,-0.326200008392334,0.9999746680259705,0.5095758438110352,0.12603048980236053,-0.31192779541015625,0.999906063079834,0.5119115114212036,0.12652069330215454,-0.31191134452819824,0.999903678894043,0.5142360925674438,0.1270773708820343,-0.31190207600593567,0.999901294708252,0.5014359951019287,0.12698321044445038,-0.31229978799819946,0.9999246597290039,0.4980054497718811,0.12835660576820374,-0.312302827835083,0.9999272227287292,0.49483808875083923,0.12982171773910522,-0.3123113512992859,0.9999278783798218,0.5175061821937561,0.13817042112350464,-0.2074161022901535,0.9997928738594055,0.4900560975074768,0.14363867044448853,-0.20846983790397644,0.9998468160629272,0.5130786895751953,0.15732964873313904,-0.2853189706802368,0.999963641166687,0.5031050443649292,0.15776558220386505,-0.28577280044555664,0.9999616146087646,0.5515134334564209,0.23957858979701996,-0.1184592992067337,0.9999476075172424,0.4626103341579437,0.2431631237268448,-0.1179695576429367,0.9999396204948425,0.5697439908981323,0.3462350070476532,-0.037013065069913864,0.9915910363197327,0.4394241273403168,0.35685938596725464,-0.04801381006836891,0.9895226359367371,0.5768747329711914,0.44540926814079285,-0.09647826850414276,0.9849677681922913,0.4227778911590576,0.45509326457977295,-0.11649070680141449,0.9776858687400818,0.5772663354873657,0.48565754294395447,-0.10842323303222656,0.9631972908973694,0.41843217611312866,0.49161508679389954,-0.13793513178825378,0.9506037831306458,0.5699659585952759,0.4804334044456482,-0.14581137895584106,0.9661012887954712,0.4250117838382721,0.48963791131973267,-0.17244544625282288,0.9535355567932129,0.5671986937522888,0.4681519865989685,-0.11101362854242325,0.9569993019104004,0.4286916255950928,0.47827211022377014,-0.1324145495891571,0.944203794002533,0.5276382565498352,0.47825559973716736,-0.0028074656147509813,0.9990764260292053,0.4754464626312256,0.47383973002433777,0.002772084902971983,0.9994202852249146,0.5191493034362793,0.6511589884757996,-0.0013088982086628675,0.9762907028198242,0.46374043822288513,0.638365626335144,-0.02035071700811386,0.991020143032074,0.5174046158790588,0.8207294940948486,0.12018764019012451,0.9685003757476807,0.47008928656578064,0.812480092048645,0.11875500530004501,0.9867076873779297,0.5109330415725708,0.8402488827705383,0.12397394329309464,0.8583036065101624,0.47488656640052795,0.8314699530601501,0.12420862913131714,0.8366949558258057,0.5277761816978455,0.8760899305343628,-0.001981479814276099,0.9660073518753052,0.45476144552230835,0.8790798783302307,0.0034522865898907185,0.9794203042984009
142,stand,0.5070552229881287,0.13985559344291687,-0.33941715955734253,0.9999762773513794,0.5092476010322571,0.12816976010799408,-0.3251515030860901,0.9999110102653503,0.5116053819656372,0.1285017877817154,-0.3251337707042694,0.9999092817306519,0.5139256119728088,0.12887969613075256,-0.3251221776008606,0.9999065399169922,0.5010577440261841,0.12926913797855377,-0.3250209093093872,0.9999279379844666,0.497663676738739,0.13051533699035645,-0.32503852248191833,0.9999305605888367,0.4945080876350403,0.13181212544441223,-0.32504701614379883,0.9999305605888367,0.5172363519668579,0.13932999968528748,-0.21730375289916992,0.9998061656951904,0.4898753762245178,0.14491087198257446,-0.21636971831321716,0.999853253364563,0.5126393437385559,0.15938280522823334,-0.2973739206790924,0.9999653697013855,0.5026434659957886,0.1598333865404129,-0.2971611022949219,0.9999625086784363,0.5514997243881226,0.24006040394306183,-0.12664344906806946,0.9999495148658752,0.46238404512405396,0.24460868537425995,-0.12002237886190414,0.9999406933784485,0.5697559118270874,0.346561998128891,-0.04532036557793617,0.9918991327285767,0.43970125913619995,0.3579314649105072,-0.04776158556342125,0.9890410900115967,0.5767189264297485,0.4450892508029938,-0.11051353067159653,0.9851430654525757,0.4231537878513336,0.455393522977829,-0.11838201433420181,0.9776347875595093,0.5771303176879883,0.48602575063705444,-0.1271003633737564,0.9632441997528076,0.41883769631385803,0.49181005358695984,-0.14024633169174194,0.9504792094230652,0.5698355436325073,0.48069071769714355,-0.16397634148597717,0.9662169218063354,0.4252188205718994,0.489881306886673,-0.17603057622909546,0.9534560441970825,0.5671011209487915,0.4683353304862976,-0.1254187375307083,0.9572323560714722,0.42887091636657715,0.47855278849601746,-0.1345510631799698,0.9442239999771118,0.527528703212738,0.4788722097873688,-0.004338868893682957,0.9991239905357361,0.4753389358520508,0.4748092293739319,0.004286093171685934,0.9994527697563171,0.5192784070968628,0.6514590978622437,-0.007634052541106939,0.978207528591156,0.4618268609046936,0.6387497782707214,-0.017696723341941833,0.9916704893112183,0.5177395939826965,0.8206731081008911,0.12247781455516815,0.9712142944335938,0.4670857787132263,0.8124738931655884,0.13011987507343292,0.9877418279647827,0.5109503865242004,0.840228796005249,0.126346617937088,0.8662100434303284,0.47475823760032654,0.8308197259902954,0.13631977140903473,0.847797155380249,0.528102457523346,0.875951886177063,0.0005861440440639853,0.9687000513076782,0.44941964745521545,0.8776875138282776,0.01488438993692398,0.9809398651123047
143,stand,0.506766140460968,0.141051784157753,-0.3450179100036621,0.9999779462814331,0.509009063243866,0.12909281253814697,-0.3302247226238251,0.9999164938926697,0.511394202709198,0.12942437827587128,-0.33020827174186707,0.9999153017997742,0.5137212872505188,0.12985095381736755,-0.33019348978996277,0.9999122023582458,0.5008154511451721,0.13017472624778748,-0.330279141664505,0.9999318718910217,0.49740609526634216,0.13136765360832214,-0.3303007483482361,0.9999345541000366,0.494236558675766,0.13257700204849243,-0.33030349016189575,0.9999341368675232,0.5171144008636475,0.14012183248996735,-0.21892037987709045,0.9998196363449097,0.4896758198738098,0.1451347917318344,-0.21914824843406677,0.9998617768287659,0.5123299360275269,0.16027627885341644,-0.3017294704914093,0.9999673366546631,0.5024803876876831,0.16068731248378754,-0.30183103680610657,0.9999639987945557,0.5512748956680298,0.24020537734031677,-0.12640008330345154,0.9999520182609558,0.462039053440094,0.2456052005290985,-0.11931858211755753,0.9999426007270813,0.5697656273841858,0.3458728492259979,-0.04442717880010605,0.9922661781311035,0.43952932953834534,0.3580428957939148,-0.047419000416994095,0.9888367056846619,0.5768572688102722,0.4442337453365326,-0.11362393200397491,0.9855834245681763,0.423313707113266,0.4555472433567047,-0.11805881559848785,0.9781111478805542,0.5772188305854797,0.48531872034072876,-0.13171270489692688,0.963812530040741,0.41913318634033203,0.49200892448425293,-0.13974861800670624,0.951363742351532,0.5700821280479431,0.48015296459198,-0.16883158683776855,0.9668129682540894,0.425475537776947,0.48992034792900085,-0.17574399709701538,0.954309344291687,0.5673918128013611,0.4676676094532013,-0.1288539618253708,0.9580199122428894,0.4291059374809265,0.4785958528518677,-0.13431522250175476,0.9452449083328247,0.5274580717086792,0.47928670048713684,-0.005109453108161688,0.9991738200187683,0.4752601683139801,0.47575467824935913,0.00504269590601325,0.999487578868866,0.5193315744400024,0.6522723436355591,-0.011160185560584068,0.9799301028251648,0.46049532294273376,0.6402311325073242,-0.018282117322087288,0.9922532439231873,0.5181289315223694,0.8208916783332825,0.12396766245365143,0.9736654758453369,0.46269717812538147,0.812985897064209,0.13223834335803986,0.9886956214904785,0.511025071144104,0.8406047224998474,0.12835989892482758,0.8740388751029968,0.4721376299858093,0.8314160704612732,0.13849568367004395,0.8583877086639404,0.5296176075935364,0.8760001063346863,0.0017944418359547853,0.9711681604385376,0.44551244378089905,0.8773618936538696,0.017054487019777298,0.9823595285415649
144,stand,0.506598174571991,0.14165158569812775,-0.3417159914970398,0.9999793171882629,0.5089001655578613,0.12985514104366302,-0.32979393005371094,0.9999204874038696,0.5112964510917664,0.13021600246429443,-0.32979610562324524,0.9999197125434875,0.5136532187461853,0.13066509366035461,-0.3297884464263916,0.9999164342880249,0.500703752040863,0.1309065967798233,-0.32791972160339355,0.9999349117279053,0.49724477529525757,0.13206899166107178,-0.3279400169849396,0.9999374747276306,0.494053453207016,0.13323815166950226,-0.3279416859149933,0.9999366998672485,0.5170239806175232,0.14093437790870667,-0.21373872458934784,0.9998294711112976,0.4894869327545166,0.1457078605890274,-0.21690502762794495,0.9998672008514404,0.5121527910232544,0.16084051132202148,-0.30056682229042053,0.9999684691429138,0.5023641586303711,0.16111387312412262,-0.2980601191520691,0.9999645948410034,0.5511347651481628,0.24016910791397095,-0.12272826582193375,0.999953031539917,0.46180978417396545,0.24614009261131287,-0.11767061054706573,0.9999440908432007,0.5697131156921387,0.34533262252807617,-0.04134640470147133,0.9924765229225159,0.439344584941864,0.35800087451934814,-0.04608798027038574,0.9884725213050842,0.5775976777076721,0.4442942440509796,-0.11233054101467133,0.9858394861221313,0.4233277440071106,0.4552501142024994,-0.11520357429981232,0.9780682921409607,0.5778005719184875,0.4857863485813141,-0.12964457273483276,0.9641909599304199,0.41907697916030884,0.49196958541870117,-0.13699203729629517,0.9512699842453003,0.5708551406860352,0.4807753562927246,-0.16750086843967438,0.9672179222106934,0.4254299998283386,0.489690363407135,-0.1725139319896698,0.954249382019043,0.5685073137283325,0.4680575430393219,-0.12645499408245087,0.9585626721382141,0.42909902334213257,0.47831296920776367,-0.1312127411365509,0.9452422857284546,0.5274298191070557,0.4796432554721832,-0.004631067626178265,0.9992091059684753,0.47521084547042847,0.47696083784103394,0.004567761905491352,0.9995163679122925,0.5194922685623169,0.6528196930885315,-0.009694607928395271,0.9814403057098389,0.45987874269485474,0.6409975290298462,-0.019983086735010147,0.9928022623062134,0.5185214877128601,0.8210011124610901,0.11870826780796051,0.9758471250534058,0.45761141180992126,0.813732385635376,0.12597618997097015,0.9895655512809753,0.5113242864608765,0.8413003087043762,0.12236650288105011,0.8806835412979126,0.46704381704330444,0.8319262266159058,0.12987878918647766,0.8674476146697998,0.5310007333755493,0.87619948387146,-0.003076449502259493,0.9733757376670837,0.44246840476989746,0.8773607611656189,0.010762730613350868,0.9836341738700867
145,stand,0.5048088431358337,0.1425863802433014,-0.3388768434524536,0.9999803900718689,0.5078132152557373,0.1309363842010498,-0.3240538239479065,0.9999234080314636,0.510430097579956,0.13139861822128296,-0.3240567445755005,0.9999228715896606,0.5129300951957703,0.13194063305854797,-0.3240460753440857,0.9999196529388428,0.49948301911354065,0.1318458616733551,-0.3240380883216858,0.9999372959136963,0.4961357116699219,0.13291622698307037,-0.3240469992160797,0.9999396800994873,0.4931005835533142,0.13398264348506927,-0.32405105233192444,0.9999385476112366,0.5165404081344604,0.14228206872940063,-0.21185553073883057,0.999836266040802,0.48905834555625916,0.1464604288339615,-0.21341219544410706,0.9998700618743896,0.5110188722610474,0.1616232842206955,-0.2954716980457306,0.999968945980072,0.4999935030937195,0.16171734035015106,-0.2951012849807739,0.999964714050293,0.550837516784668,0.24058641493320465,-0.12261412292718887,0.999952495098114,0.4616633355617523,0.24706102907657623,-0.11760525405406952,0.9999455213546753,0.5695211887359619,0.34507888555526733,-0.045744430273771286,0.9926003217697144,0.4391077160835266,0.3579660654067993,-0.0492045134305954,0.9881125688552856,0.5782529711723328,0.44428256154060364,-0.11267659813165665,0.9858808517456055,0.42332178354263306,0.4548948407173157,-0.1182476133108139,0.9776402115821838,0.5785345435142517,0.4859456419944763,-0.13030888140201569,0.9641941785812378,0.4190128445625305,0.49171867966651917,-0.13977846503257751,0.9503631591796875,0.5719301104545593,0.4814770519733429,-0.16663135588169098,0.9672707915306091,0.4253845810890198,0.4893202483654022,-0.17470276355743408,0.9534173011779785,0.5698010921478271,0.46877431869506836,-0.12706893682479858,0.9587038159370422,0.4290688633918762,0.4778592884540558,-0.1339162141084671,0.944385290145874,0.5274017453193665,0.4796125590801239,-0.004345320630818605,0.9992293119430542,0.4751974046230316,0.4771696627140045,0.004285808186978102,0.999536395072937,0.5194886326789856,0.6529273986816406,-0.008798041380941868,0.9826626777648926,0.45994725823402405,0.6411257982254028,-0.020944740623235703,0.9932419061660767,0.5185714364051819,0.8209834694862366,0.10765691846609116,0.9777190089225769,0.4524901509284973,0.8142789006233215,0.10386504977941513,0.990283727645874,0.5113823413848877,0.8414222598075867,0.11024762690067291,0.885671854019165,0.46099966764450073,0.8319896459579468,0.10655466467142105,0.8741733431816101,0.5310654640197754,0.8761228919029236,-0.014310026541352272,0.9752366542816162,0.4377298951148987,0.8777471780776978,-0.014756247401237488,0.9846671223640442
146,stand,0.5018501281738281,0.14349213242530823,-0.33765116333961487,0.9999812841415405,0.5049683451652527,0.1316942274570465,-0.3240163028240204,0.9999258518218994,0.5079153180122375,0.13207486271858215,-0.32400110363960266,0.9999256134033203,0.5106465220451355,0.13258591294288635,-0.3239882290363312,0.9999223947525024,0.49675503373146057,0.13288293778896332,-0.32313114404678345,0.9999392032623291,0.49363207817077637,0.13396741449832916,-0.3231637179851532,0.9999414682388306,0.4908958375453949,0.1351315975189209,-0.3231751024723053,0.9999399781227112,0.514816403388977,0.14283226430416107,-0.21885228157043457,0.9998418688774109,0.4877413213253021,0.14779286086559296,-0.21469314396381378,0.9998717308044434,0.5087160468101501,0.16179467737674713,-0.2965274453163147,0.9999693036079407,0.4970759451389313,0.16196861863136292,-0.2953169643878937,0.9999645948410034,0.5498563051223755,0.24091139435768127,-0.12821394205093384,0.9999511241912842,0.46094027161598206,0.247638538479805,-0.12092246860265732,0.9999468326568604,0.5687105059623718,0.3449726402759552,-0.052776407450437546,0.9926409721374512,0.4389670491218567,0.35785767436027527,-0.05273974686861038,0.9877675175666809,0.5784987211227417,0.44384878873825073,-0.1197652593255043,0.985643208026886,0.423408180475235,0.45416319370269775,-0.12240678071975708,0.9768553972244263,0.5792235732078552,0.48552271723747253,-0.13793954253196716,0.9634343981742859,0.4189692437648773,0.4908677935600281,-0.14427408576011658,0.9486660361289978,0.5732638835906982,0.48187339305877686,-0.17446044087409973,0.9666461944580078,0.42531466484069824,0.4885208010673523,-0.17890135943889618,0.9518302083015442,0.5711126923561096,0.46943381428718567,-0.1347641944885254,0.9580540060997009,0.4290376603603363,0.47706153988838196,-0.1379866898059845,0.9427251219749451,0.5273606777191162,0.47945913672447205,-0.004175235982984304,0.999240517616272,0.4751654267311096,0.47716861963272095,0.0041068121790885925,0.9995523691177368,0.5192036032676697,0.653297483921051,-0.0034947029780596495,0.9836908578872681,0.46017780900001526,0.6441361904144287,-0.014171247370541096,0.993617057800293,0.5185190439224243,0.820957601070404,0.11268346011638641,0.9793462157249451,0.4495440125465393,0.8167105913162231,0.10450349003076553,0.990903913974762,0.5113926529884338,0.8414137363433838,0.11623568832874298,0.8900538682937622,0.45615720748901367,0.8341416120529175,0.10852821916341782,0.8792380690574646,0.5310705900192261,0.8760687112808228,-0.009390516206622124,0.9768540263175964,0.43636149168014526,0.8785830140113831,-0.014361703768372536,0.9855365753173828
147,stand,0.4993980824947357,0.14619402587413788,-0.3472188115119934,0.9999823570251465,0.5027680993080139,0.13353241980075836,-0.3339908719062805,0.999929666519165,0.5058227777481079,0.13376541435718536,-0.33396926522254944,0.999929666519165,0.5087159872055054,0.13407574594020844,-0.33396145701408386,0.9999266862869263,0.49428361654281616,0.13502773642539978,-0.3330031931400299,0.9999420046806335,0.49126482009887695,0.13616545498371124,-0.3330463171005249,0.9999440312385559,0.48855751752853394,0.13752570748329163,-0.33305084705352783,0.9999421834945679,0.5133481025695801,0.14434108138084412,-0.22955234348773956,0.9998504519462585,0.4857107698917389,0.15037044882774353,-0.22587482631206512,0.9998748898506165,0.5061928629875183,0.16349974274635315,-0.3066455125808716,0.9999702572822571,0.4943601191043854,0.16420955955982208,-0.3056170344352722,0.9999651908874512,0.5481969118118286,0.24290190637111664,-0.13821998238563538,0.9999512434005737,0.4594113826751709,0.24938125908374786,-0.13035310804843903,0.9999474883079529,0.567267894744873,0.34635651111602783,-0.06516797840595245,0.9928225874900818,0.43835291266441345,0.35811421275138855,-0.0625794380903244,0.9874846339225769,0.5785359144210815,0.445538192987442,-0.13531780242919922,0.9859835505485535,0.4230552613735199,0.45423588156700134,-0.13211844861507416,0.9759842753410339,0.5798252820968628,0.48617255687713623,-0.1550535261631012,0.9640463590621948,0.4188768267631531,0.49044740200042725,-0.15419934689998627,0.946815550327301,0.5743421316146851,0.4835856556892395,-0.19232161343097687,0.9672583341598511,0.42483535408973694,0.4880863130092621,-0.1891501545906067,0.9501177668571472,0.5721457004547119,0.4717518389225006,-0.15082445740699768,0.958842933177948,0.4285394251346588,0.4768284559249878,-0.14779922366142273,0.9409394264221191,0.5265640616416931,0.47943374514579773,-0.0033652386628091335,0.9992486238479614,0.4745790362358093,0.4773028492927551,0.0032953296322375536,0.9995629787445068,0.518620491027832,0.6534150838851929,-0.0015449412167072296,0.9844700694084167,0.4603307247161865,0.6472648978233337,-0.012145291082561016,0.9938861727714539,0.5184080600738525,0.8209911584854126,0.11173437535762787,0.9806746244430542,0.4480033814907074,0.8205899596214294,0.10157771408557892,0.9913657307624817,0.511317253112793,0.8418818116188049,0.11464043706655502,0.8933190703392029,0.4539456367492676,0.8396981358528137,0.1040629893541336,0.8819571733474731,0.5311704277992249,0.8757821917533875,-0.011513860896229744,0.9781306982040405,0.43554624915122986,0.8790222406387329,-0.02431885153055191,0.9861390590667725
148,stand,0.4979860782623291,0.14871974289417267,-0.34241384267807007,0.9999830722808838,0.5008944272994995,0.13559937477111816,-0.3285976052284241,0.999932050704956,0.5037066340446472,0.13576209545135498,-0.32857754826545715,0.9999323487281799,0.5064860582351685,0.13591614365577698,-0.32856452465057373,0.9999296069145203,0.4925317168235779,0.13721758127212524,-0.3281903564929962,0.9999435544013977,0.48960480093955994,0.13844294846057892,-0.32822850346565247,0.9999454021453857,0.48690420389175415,0.1400204747915268,-0.32823848724365234,0.9999430775642395,0.5110863447189331,0.14605802297592163,-0.22306442260742188,0.9998559355735779,0.4838813841342926,0.15304477512836456,-0.2211623638868332,0.9998748302459717,0.5044316053390503,0.16535140573978424,-0.3013646900653839,0.9999704360961914,0.4929874837398529,0.16650697588920593,-0.30090785026550293,0.9999648332595825,0.546168327331543,0.24514679610729218,-0.13329964876174927,0.9999508857727051,0.4575839638710022,0.2518453896045685,-0.12729552388191223,0.9999465942382812,0.5658161640167236,0.348078191280365,-0.06315433979034424,0.9929679036140442,0.43611010909080505,0.35978376865386963,-0.06307556480169296,0.9872241616249084,0.5791116952896118,0.44902288913726807,-0.13590511679649353,0.9863206744194031,0.42180871963500977,0.45445623993873596,-0.1342477798461914,0.9753385782241821,0.5818058252334595,0.4881099760532379,-0.15654142200946808,0.9646856188774109,0.41828036308288574,0.4901218116283417,-0.15720772743225098,0.9454247951507568,0.5769165754318237,0.4864600598812103,-0.19367876648902893,0.9679093360900879,0.4238359332084656,0.4876810312271118,-0.19169177114963531,0.9488576650619507,0.5746334791183472,0.4752505123615265,-0.1516076624393463,0.9596872329711914,0.4273831844329834,0.4767085909843445,-0.14982332289218903,0.9395766258239746,0.5250558853149414,0.4798145592212677,-0.002475414890795946,0.9992534518241882,0.47368988394737244,0.47793737053871155,0.0024143350310623646,0.9995681643486023,0.518327534198761,0.6535642147064209,-0.0016600021626800299,0.9850691556930542,0.46046239137649536,0.6501829624176025,-0.012717120349407196,0.9940674901008606,0.518276035785675,0.8215683102607727,0.10533644258975983,0.9817579388618469,0.44702285528182983,0.8233234882354736,0.09615585952997208,0.9916946291923523,0.5112122893333435,0.8430366516113281,0.10769064724445343,0.8953797817230225,0.4524545669555664,0.8434290289878845,0.09802687913179398,0.8829787373542786,0.5312648415565491,0.8757574558258057,-0.018087467178702354,0.9790828824043274,0.43556731939315796,0.879083514213562,-0.030309295281767845,0.986505925655365
149,stand,0.4955365061759949,0.1512099951505661,-0.34471288323402405,0.9999838471412659,0.4984548091888428,0.138154998421669,-0.33084386587142944,0.999934732913971,0.5011803507804871,0.13837558031082153,-0.33082500100135803,0.9999353885650635,0.5039242506027222,0.13861390948295593,-0.3308233916759491,0.9999328255653381,0.4900832176208496,0.1393895149230957,-0.3304019570350647,0.9999452829360962,0.4872881770133972,0.1406003087759018,-0.3304349184036255,0.9999468922615051,0.4846457540988922,0.14225831627845764,-0.3304360508918762,0.9999440312385559,0.5087653398513794,0.14903247356414795,-0.2263447493314743,0.999862790107727,0.48151907324790955,0.1555359661579132,-0.22479310631752014,0.9998756647109985,0.5018161535263062,0.167507603764534,-0.3044194281101227,0.9999710917472839,0.49050045013427734,0.16858290135860443,-0.3040226399898529,0.9999648928642273,0.5432606935501099,0.247868150472641,-0.13668081164360046,0.9999513030052185,0.4547343850135803,0.25393053889274597,-0.13253994286060333,0.9999454617500305,0.5638238191604614,0.34970059990882874,-0.06473872065544128,0.9931299090385437,0.43359455466270447,0.36145028471946716,-0.0692322701215744,0.9867991209030151,0.579734742641449,0.45082396268844604,-0.13579097390174866,0.9866369366645813,0.4204884469509125,0.4544197916984558,-0.13864023983478546,0.9741387367248535,0.5841795802116394,0.48881611227989197,-0.1560055911540985,0.9652907252311707,0.4173128604888916,0.4898090064525604,-0.1614164412021637,0.9429783225059509,0.579891562461853,0.4878610074520111,-0.19332543015480042,0.9685264825820923,0.42274394631385803,0.4873066842556,-0.19620032608509064,0.9465848803520203,0.5774303674697876,0.4772379994392395,-0.15159060060977936,0.9605112075805664,0.42630165815353394,0.4763396680355072,-0.15438202023506165,0.9371850490570068,0.5235172510147095,0.48004159331321716,-0.001976689323782921,0.9992571473121643,0.47208747267723083,0.4790197014808655,0.0019233530620113015,0.9995696544647217,0.517782986164093,0.6538129448890686,-0.001242456492036581,0.9856192469596863,0.4602769911289215,0.6532745957374573,-0.01044695544987917,0.9941983819007874,0.5180863738059998,0.8220903277397156,0.10775376856327057,0.982708752155304,0.4467923045158386,0.8249333500862122,0.09856061637401581,0.991912305355072,0.5112037062644958,0.8438748717308044,0.11035319417715073,0.8960484266281128,0.4522177278995514,0.8453343510627747,0.1010228767991066,0.8831110000610352,0.5312095880508423,0.8757062554359436,-0.01638321951031685,0.9798685312271118,0.43611258268356323,0.8790220618247986,-0.02713708207011223,0.9867051243782043
150,stand,0.493823379278183,0.1527954787015915,-0.34087878465652466,0.999984860420227,0.49705401062965393,0.14003311097621918,-0.3261716961860657,0.9999386072158813,0.4998038411140442,0.14030994474887848,-0.32615458965301514,0.999939501285553,0.5025812387466431,0.14060252904891968,-0.3261578679084778,0.999937117099762,0.48841747641563416,0.14090342819690704,-0.32550331950187683,0.9999480247497559,0.4856022894382477,0.14201530814170837,-0.32551664113998413,0.9999494552612305,0.48300331830978394,0.14354223012924194,-0.32549503445625305,0.9999462366104126,0.507491946220398,0.15108418464660645,-0.22291210293769836,0.9998719096183777,0.47986406087875366,0.1566934734582901,-0.22048147022724152,0.9998797178268433,0.49998873472213745,0.16895245015621185,-0.30201977491378784,0.9999725222587585,0.4886375069618225,0.16994407773017883,-0.3012996017932892,0.9999659657478333,0.5410218238830566,0.2502000033855438,-0.13464398682117462,0.9999529123306274,0.45235031843185425,0.2557154893875122,-0.1320500373840332,0.9999443888664246,0.5620059370994568,0.352209210395813,-0.06099680811166763,0.9933902025222778,0.4314363896846771,0.36231672763824463,-0.0652788057923317,0.9862833619117737,0.5801621675491333,0.4533523917198181,-0.13247238099575043,0.9871711134910583,0.41872724890708923,0.4541376233100891,-0.13659629225730896,0.9729489684104919,0.5857040882110596,0.49026480317115784,-0.15279416739940643,0.9664148092269897,0.4155157506465912,0.4897768795490265,-0.1600102037191391,0.9406003355979919,0.5813153386116028,0.4895435869693756,-0.1878589689731598,0.969605565071106,0.42093324661254883,0.48731887340545654,-0.19392797350883484,0.9443770051002502,0.5786259770393372,0.4795211851596832,-0.14703145623207092,0.961857795715332,0.42478999495506287,0.4763248562812805,-0.1517784595489502,0.9349377155303955,0.5220527052879333,0.4809683859348297,-0.0019180469680577517,0.999269962310791,0.47052741050720215,0.4807277321815491,0.0018694307655096054,0.9995754957199097,0.5170719623565674,0.6540166735649109,0.0004332343232817948,0.986168384552002,0.4601110517978668,0.6553784608840942,-0.008998834528028965,0.9943305850028992,0.5180186629295349,0.822505533695221,0.10964037477970123,0.9836119413375854,0.44701600074768066,0.8259925246238708,0.0992046669125557,0.9921524524688721,0.511218249797821,0.8446434736251831,0.1126251071691513,0.8967306613922119,0.45271992683410645,0.8462153673171997,0.10256654024124146,0.8842508792877197,0.5311782956123352,0.8758333921432495,-0.01415520440787077,0.9806322455406189,0.4358660578727722,0.878848671913147,-0.025009308010339737,0.9869704842567444
151,stand,0.492037832736969,0.15314005315303802,-0.33122971653938293,0.999985933303833,0.495699942111969,0.1409887671470642,-0.315802663564682,0.99994295835495,0.49845781922340393,0.14141260087490082,-0.3157891035079956,0.9999439716339111,0.5012518167495728,0.1418253630399704,-0.31579962372779846,0.9999418258666992,0.48674649000167847,0.14151346683502197,-0.3151765763759613,0.9999513030052185,0.48387327790260315,0.14259807765483856,-0.31518036127090454,0.9999525547027588,0.48126697540283203,0.14396335184574127,-0.3151501417160034,0.9999492168426514,0.5059847831726074,0.1524958312511444,-0.21272651851177216,0.9998816847801208,0.4777258336544037,0.15721012651920319,-0.2105635106563568,0.9998856782913208,0.4979996681213379,0.16936348378658295,-0.29281988739967346,0.9999741911888123,0.4865228235721588,0.17021845281124115,-0.29217854142189026,0.9999675154685974,0.5380048155784607,0.2534290850162506,-0.12962810695171356,0.9999540448188782,0.44983571767807007,0.2575359046459198,-0.12525920569896698,0.9999433159828186,0.5597888827323914,0.35564130544662476,-0.05600453168153763,0.993567705154419,0.42912226915359497,0.3634657859802246,-0.05981847643852234,0.9854698777198792,0.5801114439964294,0.4549374580383301,-0.12135995924472809,0.9874100089073181,0.41704607009887695,0.4535335898399353,-0.12629511952400208,0.9708788990974426,0.5859288573265076,0.49109628796577454,-0.1399206519126892,0.9668157696723938,0.41388487815856934,0.4892945885658264,-0.14794309437274933,0.9366917610168457,0.581734299659729,0.4906093180179596,-0.1773240715265274,0.9700403213500977,0.41899269819259644,0.48705241084098816,-0.1829041838645935,0.9407474398612976,0.5789445042610168,0.48110634088516235,-0.13716576993465424,0.9624447226524353,0.4227360785007477,0.47604861855506897,-0.1422654092311859,0.9311857223510742,0.5199862718582153,0.48115357756614685,-0.0018641682108864188,0.9992817044258118,0.4682309031486511,0.48113903403282166,0.0018204847583547235,0.9995795488357544,0.5160382986068726,0.6540395617485046,-0.004468550905585289,0.9865232110023499,0.4598960876464844,0.6560273170471191,-0.01040178257972002,0.9943925738334656,0.5178220868110657,0.8228347897529602,0.10037793964147568,0.9843176603317261,0.44731736183166504,0.8271942734718323,0.0959315225481987,0.9922879338264465,0.5112049579620361,0.8449802994728088,0.10242348909378052,0.8969148993492126,0.4531208872795105,0.8478860855102539,0.09789847582578659,0.884842574596405,0.5311590433120728,0.8753527402877808,-0.025214603170752525,0.9811317324638367,0.43614712357521057,0.8784800171852112,-0.029885446652770042,0.9870368242263794
152,stand,0.4911556839942932,0.15442578494548798,-0.3365953862667084,0.9999868869781494,0.4948384761810303,0.14249418675899506,-0.32109200954437256,0.9999468326568604,0.4975585341453552,0.14303156733512878,-0.321073979139328,0.9999479651451111,0.5003095865249634,0.14343468844890594,-0.32108673453330994,0.9999459981918335,0.48573294281959534,0.14265768229961395,-0.3214018940925598,0.999954342842102,0.48281151056289673,0.14365707337856293,-0.3214126229286194,0.9999554753303528,0.48024672269821167,0.14480283856391907,-0.3213813900947571,0.9999520182609558,0.5046151876449585,0.15375562012195587,-0.21635034680366516,0.9998905062675476,0.47643619775772095,0.1577850729227066,-0.21853789687156677,0.999891996383667,0.4968661367893219,0.17085808515548706,-0.2971797287464142,0.9999757409095764,0.48523378372192383,0.17148897051811218,-0.2978074252605438,0.9999691247940063,0.5357035994529724,0.2551195025444031,-0.1301802396774292,0.9999550580978394,0.4470730721950531,0.25893858075141907,-0.12894269824028015,0.9999435544013977,0.5575318932533264,0.3578415811061859,-0.05550455302000046,0.9936980605125427,0.42712679505348206,0.3636157214641571,-0.05929892510175705,0.9850447177886963,0.5799040794372559,0.45654627680778503,-0.11803694069385529,0.9874687194824219,0.41531914472579956,0.45312169194221497,-0.12009406089782715,0.9698354005813599,0.5855746269226074,0.4930437207221985,-0.13511648774147034,0.9667949676513672,0.41192951798439026,0.48880648612976074,-0.13953344523906708,0.9347158074378967,0.5813310146331787,0.4929716885089874,-0.1731148213148117,0.9700887799263,0.416888952255249,0.48675885796546936,-0.1749143749475479,0.9389517903327942,0.5785366296768188,0.48407092690467834,-0.13406971096992493,0.9625968933105469,0.42056170105934143,0.47574561834335327,-0.13584288954734802,0.9293271899223328,0.5180514454841614,0.48122578859329224,-0.0017357118194922805,0.9992961287498474,0.4664480686187744,0.4814739227294922,0.001694390899501741,0.9995861053466797,0.5151296854019165,0.6542137265205383,-0.012792006134986877,0.9869347214698792,0.4597218930721283,0.656653106212616,-0.01257447898387909,0.9944424629211426,0.5177622437477112,0.8234375715255737,0.0889367014169693,0.985073983669281,0.447531133890152,0.8279826045036316,0.08904875814914703,0.9924659729003906,0.511210560798645,0.8460783362388611,0.09044933319091797,0.897845447063446,0.4535556733608246,0.8502305746078491,0.09022261202335358,0.8863803744316101,0.5310343503952026,0.8750572204589844,-0.03676144778728485,0.9817611575126648,0.43623024225234985,0.878171443939209,-0.0369248166680336,0.9872257113456726
153,stand,0.48919838666915894,0.1557832658290863,-0.33924126625061035,0.999987781047821,0.49292492866516113,0.1441955715417862,-0.32413363456726074,0.9999505877494812,0.49557632207870483,0.14479538798332214,-0.32411089539527893,0.9999517202377319,0.4982631206512451,0.14525184035301208,-0.324124276638031,0.9999499320983887,0.4838579595088959,0.1441146433353424,-0.3248165249824524,0.9999573826789856,0.48093318939208984,0.14504501223564148,-0.3248344659805298,0.9999583959579468,0.4783112108707428,0.14598101377487183,-0.3248090147972107,0.9999549984931946,0.5023950934410095,0.15544340014457703,-0.22027714550495148,0.9998986721038818,0.4744598865509033,0.15871214866638184,-0.2242755889892578,0.9998987317085266,0.4948217272758484,0.17207585275173187,-0.2998611330986023,0.9999772906303406,0.48327702283859253,0.17262278497219086,-0.3010190725326538,0.9999708533287048,0.5334423184394836,0.25692954659461975,-0.13257843255996704,0.9999552965164185,0.444357305765152,0.2596672773361206,-0.1354043185710907,0.999944806098938,0.5548454523086548,0.36080202460289,-0.05473005771636963,0.9936575889587402,0.42516881227493286,0.36433708667755127,-0.06471211463212967,0.9846684336662292,0.5785053372383118,0.45833876729011536,-0.1134057492017746,0.986929714679718,0.41327303647994995,0.4539686441421509,-0.12054711580276489,0.9686747193336487,0.5847797393798828,0.4944506287574768,-0.12903842329978943,0.9655300378799438,0.4100828170776367,0.48897087574005127,-0.13988307118415833,0.9325689077377319,0.5812383890151978,0.49426040053367615,-0.16599076986312866,0.9690113067626953,0.41475027799606323,0.4870513081550598,-0.17509546875953674,0.9369941353797913,0.5783877372741699,0.48566457629203796,-0.12891168892383575,0.9614716172218323,0.4180491864681244,0.47629013657569885,-0.13622066378593445,0.9272913932800293,0.5157889723777771,0.4818459749221802,-0.0015734850894659758,0.9993112087249756,0.464998722076416,0.48194757103919983,0.0015306421555578709,0.9995917677879333,0.5144264698028564,0.6543223857879639,-0.01806759089231491,0.9872287511825562,0.45940035581588745,0.6569812893867493,-0.014253102242946625,0.9944193959236145,0.5176305174827576,0.823972225189209,0.08183570206165314,0.9857276082038879,0.44749969244003296,0.8281702399253845,0.08610399067401886,0.9925626516342163,0.5111332535743713,0.8479564189910889,0.08323410153388977,0.8986532688140869,0.45370084047317505,0.8516104817390442,0.0872938334941864,0.887586236000061,0.5304946899414062,0.874640166759491,-0.04179241880774498,0.9822596907615662,0.4362033009529114,0.8774879574775696,-0.0372016504406929,0.9872925877571106
154,stand,0.4873407483100891,0.15734204649925232,-0.32986027002334595,0.9999885559082031,0.4912342429161072,0.1458510458469391,-0.3144024908542633,0.99995356798172,0.4938955307006836,0.14648352563381195,-0.3143858313560486,0.9999547004699707,0.49658551812171936,0.1469092071056366,-0.31439638137817383,0.999953031539917,0.4821288585662842,0.14566276967525482,-0.31532976031303406,0.9999598264694214,0.4791794419288635,0.14647532999515533,-0.31534790992736816,0.999960720539093,0.4765802323818207,0.1472557634115219,-0.31533071398735046,0.9999573826789856,0.5006837248802185,0.156754732131958,-0.21088221669197083,0.9999050498008728,0.47266799211502075,0.15949709713459015,-0.21673834323883057,0.9999039769172668,0.49281200766563416,0.1733994036912918,-0.2907468378543854,0.9999784231185913,0.48133859038352966,0.1738893687725067,-0.29241424798965454,0.9999722242355347,0.5315474271774292,0.25779980421066284,-0.1260887235403061,0.9999552369117737,0.4421915113925934,0.25983938574790955,-0.1349320262670517,0.9999460577964783,0.5525738000869751,0.36264708638191223,-0.050573281943798065,0.9936138391494751,0.42281413078308105,0.3648528754711151,-0.0648488700389862,0.9846002459526062,0.5759158730506897,0.45925551652908325,-0.11227317154407501,0.9865565299987793,0.4113926887512207,0.4541412889957428,-0.12882648408412933,0.9684480428695679,0.5817543864250183,0.49605661630630493,-0.12918315827846527,0.9646831154823303,0.4081222414970398,0.48900142312049866,-0.14965948462486267,0.9321957230567932,0.5784355401992798,0.49563029408454895,-0.16568787395954132,0.9682838916778564,0.4131041467189789,0.4870643615722656,-0.18474356830120087,0.9366801381111145,0.5755348205566406,0.4870249927043915,-0.1276986002922058,0.9607341289520264,0.4164591431617737,0.47626957297325134,-0.14455558359622955,0.9269358515739441,0.51407790184021,0.48310524225234985,-0.0012324901763349771,0.9993261694908142,0.4637294411659241,0.4828832447528839,0.0011902246624231339,0.9995977878570557,0.513725221157074,0.6548358798027039,-0.018158409744501114,0.987477719783783,0.458657443523407,0.6577698588371277,-0.015085645020008087,0.9944062829017639,0.5174874663352966,0.8242404460906982,0.08059824258089066,0.9862608909606934,0.44751015305519104,0.82813560962677,0.08496693521738052,0.9926361441612244,0.5110235214233398,0.8488571047782898,0.08184853196144104,0.899459719657898,0.45364731550216675,0.8519969582557678,0.08613995462656021,0.8885132074356079,0.5304790139198303,0.8746252059936523,-0.04245693236589432,0.9826639890670776,0.4363020956516266,0.8772321939468384,-0.037692856043577194,0.9873429536819458
155,stand,0.48521485924720764,0.15781483054161072,-0.32272979617118835,0.9999890923500061,0.4890868067741394,0.14656825363636017,-0.30725884437561035,0.9999558329582214,0.49173325300216675,0.14722171425819397,-0.3072446882724762,0.9999569058418274,0.49444788694381714,0.14770688116550446,-0.30725452303886414,0.9999553561210632,0.480135440826416,0.1463993340730667,-0.3082424998283386,0.9999616742134094,0.47722992300987244,0.14711491763591766,-0.3082618713378906,0.9999624490737915,0.474606990814209,0.1478579342365265,-0.3082519769668579,0.9999591708183289,0.49849289655685425,0.15743176639080048,-0.20416393876075745,0.9999096393585205,0.47083863615989685,0.15992528200149536,-0.21028336882591248,0.9999081492424011,0.49062880873680115,0.17383302748203278,-0.28374916315078735,0.9999791979789734,0.4792998433113098,0.17428745329380035,-0.28551802039146423,0.9999732375144958,0.52932208776474,0.2580125033855438,-0.11935361474752426,0.9999544024467468,0.44020742177963257,0.26001495122909546,-0.13213735818862915,0.9999473690986633,0.5503551959991455,0.36347275972366333,-0.044029124081134796,0.9934120774269104,0.4203159809112549,0.36546576023101807,-0.06585785001516342,0.984521210193634,0.5727832913398743,0.45938432216644287,-0.10628832876682281,0.9857290983200073,0.409541517496109,0.4541414976119995,-0.1332317441701889,0.9680047631263733,0.5781384706497192,0.49692314863204956,-0.1233176589012146,0.9628794193267822,0.4062936305999756,0.4889911115169525,-0.15454503893852234,0.9314461350440979,0.5746119022369385,0.4964536428451538,-0.15911555290222168,0.9666862487792969,0.41166386008262634,0.48694512248039246,-0.18897958099842072,0.9359849691390991,0.5714594125747681,0.48753687739372253,-0.12150651216506958,0.9590227603912354,0.41505804657936096,0.47604650259017944,-0.14866983890533447,0.9261037111282349,0.5124800801277161,0.48355916142463684,-0.00034970242995768785,0.9993413686752319,0.46226340532302856,0.48358964920043945,0.0003047857608180493,0.9996038675308228,0.5129269957542419,0.6552597284317017,-0.019432684406638145,0.9876207113265991,0.4580398201942444,0.6580343246459961,-0.01798406057059765,0.9943452477455139,0.517177164554596,0.824514627456665,0.07697267085313797,0.9866728186607361,0.4475116729736328,0.8280764818191528,0.08131571114063263,0.9926241040229797,0.5108088254928589,0.8500257134437561,0.07800072431564331,0.8994868397712708,0.4536018967628479,0.8523326516151428,0.08239775896072388,0.8881560564041138,0.5305600166320801,0.8746243715286255,-0.04604468122124672,0.9829093813896179,0.43647298216819763,0.8771243691444397,-0.04121870547533035,0.9872602820396423
156,stand,0.4840681552886963,0.15866893529891968,-0.32500097155570984,0.9999895691871643,0.4876113533973694,0.14722050726413727,-0.3083535134792328,0.9999578595161438,0.4903416633605957,0.14781734347343445,-0.3083420991897583,0.999958872795105,0.4929756224155426,0.14830365777015686,-0.3083610236644745,0.9999574422836304,0.47868141531944275,0.14721007645130157,-0.311261385679245,0.9999632835388184,0.47576236724853516,0.1478816419839859,-0.31128472089767456,0.9999639987945557,0.47301387786865234,0.14866790175437927,-0.3112749755382538,0.999960720539093,0.4965943396091461,0.15788975358009338,-0.2051430642604828,0.9999140501022339,0.4692104756832123,0.16029803454875946,-0.21547023952007294,0.9999120235443115,0.48956814408302307,0.17513218522071838,-0.2853243947029114,0.9999799728393555,0.478161096572876,0.17561393976211548,-0.2891594171524048,0.999974250793457,0.5277922749519348,0.2586895525455475,-0.12023796886205673,0.9999540448188782,0.4382215440273285,0.2605363428592682,-0.13253448903560638,0.999948263168335,0.5481979250907898,0.3647080361843109,-0.043763164430856705,0.993246853351593,0.4180896282196045,0.36604970693588257,-0.07175309956073761,0.9845166206359863,0.5690658092498779,0.460830420255661,-0.1064605563879013,0.9850622415542603,0.4075118899345398,0.45425015687942505,-0.14084681868553162,0.9675851464271545,0.5739156007766724,0.49904102087020874,-0.12358744442462921,0.9614375829696655,0.40435314178466797,0.4892386198043823,-0.16232147812843323,0.9306678175926208,0.569863498210907,0.4985761344432831,-0.15962433815002441,0.9654043316841125,0.40991201996803284,0.48706895112991333,-0.19708354771137238,0.9352728724479675,0.5666019320487976,0.4895157217979431,-0.12170065939426422,0.9576253294944763,0.41332167387008667,0.4760647118091583,-0.15634499490261078,0.9252655506134033,0.5113841891288757,0.48424822092056274,0.0003614738816395402,0.9993549585342407,0.4609221816062927,0.4850042462348938,-0.00040766113670542836,0.9996076822280884,0.5121840238571167,0.6563453674316406,-0.018926724791526794,0.9879075884819031,0.45745864510536194,0.6589174270629883,-0.01892705261707306,0.9943141341209412,0.5171092748641968,0.8247899413108826,0.07966674119234085,0.9871777296066284,0.4476182460784912,0.8282191157341003,0.08304960280656815,0.992685079574585,0.5107933878898621,0.850956380367279,0.08080016076564789,0.9001258611679077,0.45373934507369995,0.8531831502914429,0.08429881930351257,0.8887174129486084,0.530555009841919,0.8746342062950134,-0.04453530162572861,0.9833027124404907,0.43663302063941956,0.8768891096115112,-0.04049224033951759,0.98731929063797
157,stand,0.48188847303390503,0.15977442264556885,-0.3261624574661255,0.9999899864196777,0.4854406416416168,0.14790980517864227,-0.3101273775100708,0.9999593496322632,0.48819369077682495,0.14840534329414368,-0.31011468172073364,0.9999603629112244,0.49084168672561646,0.14885181188583374,-0.3101258873939514,0.999958872795105,0.47648924589157104,0.14806756377220154,-0.31206661462783813,0.9999643564224243,0.4736199378967285,0.1487218141555786,-0.31208866834640503,0.9999650120735168,0.4708269238471985,0.14953027665615082,-0.312080979347229,0.9999617338180542,0.4944375157356262,0.1580432802438736,-0.20587483048439026,0.9999173283576965,0.46721988916397095,0.1607128083705902,-0.21411161124706268,0.9999146461486816,0.487448126077652,0.1763521134853363,-0.28633588552474976,0.9999805688858032,0.47607794404029846,0.1769322007894516,-0.28919076919555664,0.9999749660491943,0.526240348815918,0.2592175006866455,-0.11997220665216446,0.999953031539917,0.43630099296569824,0.26122382283210754,-0.13071516156196594,0.9999483823776245,0.546588122844696,0.36632680892944336,-0.04204057902097702,0.9931285381317139,0.41663557291030884,0.3664560616016388,-0.06996458768844604,0.9842846393585205,0.5662844181060791,0.46211692690849304,-0.10325966775417328,0.9844555258750916,0.405937522649765,0.4543362557888031,-0.13778427243232727,0.9671028852462769,0.5707014203071594,0.49983614683151245,-0.11989802122116089,0.9599281549453735,0.4027334749698639,0.48937365412712097,-0.1593133807182312,0.9298071265220642,0.5664101839065552,0.4990539848804474,-0.15592987835407257,0.9640470743179321,0.40824413299560547,0.4871283173561096,-0.1941174417734146,0.9344636797904968,0.5633521676063538,0.49030667543411255,-0.11836159229278564,0.9561463594436646,0.4116666913032532,0.47607651352882385,-0.1533273309469223,0.9243345856666565,0.5093452334403992,0.4858873188495636,0.0006352419150061905,0.9993608593940735,0.45928603410720825,0.4870821237564087,-0.0006815363885834813,0.9996102452278137,0.5116742849349976,0.6567097902297974,-0.01413012482225895,0.9882676601409912,0.4566563665866852,0.6594864726066589,-0.018763000145554543,0.9944155216217041,0.5170414447784424,0.8246943950653076,0.08894497156143188,0.9877322912216187,0.4476569592952728,0.8282954096794128,0.08884270489215851,0.9929020404815674,0.5107697248458862,0.8508156538009644,0.09033124893903732,0.9021612405776978,0.4538330137729645,0.8534016013145447,0.09063554555177689,0.8912734389305115,0.5304554104804993,0.8742027282714844,-0.03356577455997467,0.9838178157806396,0.43677449226379395,0.8767557740211487,-0.03359394520521164,0.9876230955123901
158,stand,0.47985514998435974,0.1598467379808426,-0.3237468898296356,0.9999902844429016,0.4834909439086914,0.14822973310947418,-0.30829328298568726,0.9999606013298035,0.4862324595451355,0.14871446788311005,-0.3082834780216217,0.9999616146087646,0.48883476853370667,0.1492440402507782,-0.30829453468322754,0.99996018409729,0.47464972734451294,0.1484062373638153,-0.3094112277030945,0.999965250492096,0.471782386302948,0.1490168571472168,-0.30942776799201965,0.9999657869338989,0.46902260184288025,0.1497846245765686,-0.3094239830970764,0.9999625086784363,0.49251025915145874,0.15833845734596252,-0.20450225472450256,0.999920129776001,0.4657674729824066,0.1608404666185379,-0.21024760603904724,0.9999165534973145,0.485342413187027,0.17647473514080048,-0.2842152416706085,0.9999809861183167,0.47415146231651306,0.17702339589595795,-0.28608644008636475,0.9999755024909973,0.5243970155715942,0.25925159454345703,-0.11881154775619507,0.9999516606330872,0.4346224367618561,0.2615909278392792,-0.12586280703544617,0.9999482035636902,0.544769823551178,0.36721768975257874,-0.040435194969177246,0.9927964210510254,0.4153914451599121,0.36722514033317566,-0.06810545176267624,0.9837353229522705,0.5634965300559998,0.4632358253002167,-0.09933007508516312,0.983172595500946,0.4043463170528412,0.4547346234321594,-0.13716937601566315,0.9658054709434509,0.5679141283035278,0.5003319382667542,-0.11550040543079376,0.9571951031684875,0.40104228258132935,0.48988741636276245,-0.1580442190170288,0.9276103973388672,0.5635701417922974,0.49942547082901,-0.1511128842830658,0.9615772366523743,0.40650057792663574,0.4876701831817627,-0.19279494881629944,0.9324120879173279,0.5604425072669983,0.49083325266838074,-0.11420148611068726,0.9534377455711365,0.4099234640598297,0.47657373547554016,-0.15268264710903168,0.9220601916313171,0.507856011390686,0.4860532879829407,0.0006360265542753041,0.9993698000907898,0.4579541087150574,0.4874521791934967,-0.0006825122400186956,0.9996110796928406,0.5106815099716187,0.6567942500114441,-0.014967041090130806,0.9884865880012512,0.4560971260070801,0.6597166657447815,-0.018708692863583565,0.9944173097610474,0.5170081257820129,0.8246259093284607,0.0861474946141243,0.988170325756073,0.4476849436759949,0.8282641172409058,0.08881013095378876,0.9930006861686707,0.5107690095901489,0.8507917523384094,0.08739353716373444,0.9031051993370056,0.45390352606773376,0.8533491492271423,0.09055720269680023,0.8925737738609314,0.5303508639335632,0.8741413354873657,-0.0377388596534729,0.9841556549072266,0.43687567114830017,0.8766842484474182,-0.033711932599544525,0.987741231918335
159,stand,0.47729700803756714,0.16016367077827454,-0.3250548243522644,0.9999903440475464,0.4812442362308502,0.14898823201656342,-0.31042376160621643,0.9999609589576721,0.4839993119239807,0.1494891196489334,-0.31041765213012695,0.9999620914459229,0.4867023527622223,0.1500922441482544,-0.3104321360588074,0.9999606609344482,0.4724084436893463,0.14914008975028992,-0.310993492603302,0.9999653100967407,0.4695705473423004,0.14968512952327728,-0.31101053953170776,0.9999657869338989,0.46688318252563477,0.1504274606704712,-0.31101560592651367,0.9999625086784363,0.4909522533416748,0.1593085080385208,-0.20819497108459473,0.9999216794967651,0.4641179144382477,0.1613985002040863,-0.21171662211418152,0.9999169707298279,0.4828944802284241,0.17674322426319122,-0.28599122166633606,0.9999811053276062,0.4717037081718445,0.1773512363433838,-0.28728094696998596,0.9999755620956421,0.5226202011108398,0.2591731548309326,-0.12143933773040771,0.9999486804008484,0.4334823191165924,0.26154592633247375,-0.12584058940410614,0.9999475479125977,0.5429688692092896,0.36743858456611633,-0.04110119864344597,0.9923486709594727,0.41463503241539,0.36719784140586853,-0.06718295067548752,0.9829561710357666,0.5592076182365417,0.4632304608821869,-0.1010679230093956,0.9813876748085022,0.40250450372695923,0.45572370290756226,-0.13623064756393433,0.9641324877738953,0.5629165768623352,0.5004512667655945,-0.11717983335256577,0.9534318447113037,0.39920175075531006,0.49114087224006653,-0.1564599722623825,0.9249377250671387,0.5582074522972107,0.49931395053863525,-0.15296685695648193,0.9581266641616821,0.40438318252563477,0.4889664947986603,-0.19093850255012512,0.929925262928009,0.5548621416091919,0.49071019887924194,-0.11596707254648209,0.9495987892150879,0.4076526165008545,0.4777795076370239,-0.15167637169361115,0.9194194674491882,0.5059937238693237,0.48610857129096985,0.0006358608952723444,0.9993672966957092,0.45606333017349243,0.4872918128967285,-0.0006829580524936318,0.9996101260185242,0.5093044638633728,0.656639814376831,-0.014572692103683949,0.9888433814048767,0.4548601508140564,0.659832775592804,-0.017883706837892532,0.994520902633667,0.5170068144798279,0.8241091966629028,0.0863572508096695,0.9886630773544312,0.4476129412651062,0.828423798084259,0.08908100426197052,0.9931769967079163,0.5107704401016235,0.8504780530929565,0.08784136176109314,0.903763473033905,0.4539586007595062,0.8534672856330872,0.09084820002317429,0.8939579725265503,0.5303234457969666,0.8739176988601685,-0.037125345319509506,0.9845688939094543,0.436908096075058,0.876645565032959,-0.033593758940696716,0.9879670739173889
160,stand,0.4767504632472992,0.1611044853925705,-0.33575183153152466,0.9999903440475464,0.48047980666160583,0.14993402361869812,-0.3209846019744873,0.9999611377716064,0.4833218455314636,0.15042589604854584,-0.3209753930568695,0.9999623894691467,0.4859686493873596,0.15099340677261353,-0.32098355889320374,0.9999608397483826,0.47167372703552246,0.15011292695999146,-0.3220915198326111,0.999965250492096,0.4687489867210388,0.15068969130516052,-0.3221162259578705,0.9999657869338989,0.4659709930419922,0.15146400034427643,-0.3221210539340973,0.999962568283081,0.4898797571659088,0.1601046919822693,-0.21550655364990234,0.9999229907989502,0.46293434500694275,0.16220495104789734,-0.2213725745677948,0.9999179244041443,0.4823280870914459,0.17765794694423676,-0.29528069496154785,0.9999811053276062,0.4709879755973816,0.178404301404953,-0.29717010259628296,0.9999756217002869,0.521353006362915,0.25919586420059204,-0.12576016783714294,0.9999465346336365,0.4324270784854889,0.26170778274536133,-0.129328191280365,0.9999471306800842,0.5408849120140076,0.367599755525589,-0.043399788439273834,0.9919636845588684,0.41384705901145935,0.3673889636993408,-0.0668630301952362,0.9826734066009521,0.5557555556297302,0.46332821249961853,-0.10183478891849518,0.9800237417221069,0.40100258588790894,0.4573143422603607,-0.1355409473180771,0.9637475609779358,0.5591739416122437,0.5005707740783691,-0.11790645122528076,0.9504070281982422,0.3976183235645294,0.4929572343826294,-0.15613523125648499,0.9243529438972473,0.554414689540863,0.49925923347473145,-0.1530604511499405,0.9553517699241638,0.4030056893825531,0.4907228648662567,-0.19066765904426575,0.9294201731681824,0.5510594248771667,0.49070730805397034,-0.11698691546916962,0.9464911818504333,0.40636152029037476,0.4796096384525299,-0.15097162127494812,0.9188662171363831,0.5052332878112793,0.4860711097717285,0.0006355949444696307,0.9993642568588257,0.45481038093566895,0.48717495799064636,-0.0006836211541667581,0.9996111392974854,0.5083412528038025,0.6566346287727356,-0.014433848671615124,0.9893187284469604,0.45348626375198364,0.6600039005279541,-0.016832809895277023,0.9946482181549072,0.5170051455497742,0.8230801224708557,0.08789919316768646,0.9892038106918335,0.44751447439193726,0.8284623622894287,0.08915193378925323,0.9933934807777405,0.5107654929161072,0.8494521975517273,0.08929389715194702,0.9044003486633301,0.45399919152259827,0.8533754944801331,0.0909719169139862,0.8958117961883545,0.5296035408973694,0.8730535507202148,-0.03653420880436897,0.9851114153862,0.4367932379245758,0.8765912652015686,-0.03353364020586014,0.9882957935333252
161,stand,0.47556179761886597,0.1614207923412323,-0.338633269071579,0.9999900460243225,0.4792558550834656,0.15031608939170837,-0.3238525986671448,0.9999602437019348,0.4821513295173645,0.15085835754871368,-0.3238442540168762,0.9999616742134094,0.48480063676834106,0.15146949887275696,-0.3238498568534851,0.9999598860740662,0.4703736901283264,0.1504473090171814,-0.3247498869895935,0.99996417760849,0.4674220681190491,0.1510501652956009,-0.3247777819633484,0.9999649524688721,0.46463584899902344,0.15183046460151672,-0.3247836232185364,0.9999618530273438,0.4886988699436188,0.16064994037151337,-0.21788623929023743,0.9999224543571472,0.46161016821861267,0.1625603586435318,-0.22279362380504608,0.9999175667762756,0.4812813401222229,0.17789603769779205,-0.2979985773563385,0.999980628490448,0.46981602907180786,0.1785852462053299,-0.29955369234085083,0.9999750852584839,0.5204732418060303,0.2591879665851593,-0.12733770906925201,0.9999428987503052,0.43153470754623413,0.26182180643081665,-0.12908326089382172,0.9999459385871887,0.5397883653640747,0.3678809404373169,-0.044221796095371246,0.9914096593856812,0.4131034016609192,0.3679579794406891,-0.06258875876665115,0.9821150302886963,0.5527598857879639,0.46308624744415283,-0.10274704545736313,0.9778265357017517,0.3998003304004669,0.45773738622665405,-0.1282743364572525,0.9631971716880798,0.5555227398872375,0.5003846883773804,-0.11925864219665527,0.9456706047058105,0.3963833451271057,0.49321067333221436,-0.14821362495422363,0.9235551953315735,0.5504106283187866,0.4990553855895996,-0.15478959679603577,0.9509589076042175,0.4019332528114319,0.49093154072761536,-0.1823873370885849,0.92870032787323,0.5472213625907898,0.4904557168483734,-0.11787152290344238,0.9416175484657288,0.40533390641212463,0.47979408502578735,-0.14334270358085632,0.9180959463119507,0.5044842958450317,0.4859985411167145,0.000464442593511194,0.9993552565574646,0.45354610681533813,0.48710501194000244,-0.0005228332011029124,0.9996102452278137,0.5074356198310852,0.6566845774650574,-0.01408475823700428,0.9897907376289368,0.45238566398620605,0.6604092717170715,-0.015004588291049004,0.9947709441184998,0.517063319683075,0.8219223618507385,0.09074821323156357,0.9897298812866211,0.4474545121192932,0.828450083732605,0.09170854836702347,0.9936115145683289,0.5108119249343872,0.8480449318885803,0.09217847138643265,0.9046811461448669,0.45425018668174744,0.8533172011375427,0.09331351518630981,0.8978435397148132,0.5291868448257446,0.8722968101501465,-0.03626047447323799,0.9856330752372742,0.43683043122291565,0.8764356970787048,-0.03218362480401993,0.9886394143104553
162,stand,0.4748086929321289,0.16232475638389587,-0.32314449548721313,0.9999898672103882,0.47846874594688416,0.15100830793380737,-0.3081163763999939,0.9999596476554871,0.48140057921409607,0.15153315663337708,-0.3081154525279999,0.9999611377716064,0.4840449392795563,0.15208430588245392,-0.308115154504776,0.9999591708183289,0.4695769250392914,0.1511271893978119,-0.3090279996395111,0.9999634027481079,0.4665450155735016,0.15173812210559845,-0.30904698371887207,0.9999642372131348,0.4636949896812439,0.15251179039478302,-0.3090546727180481,0.999961256980896,0.4877418577671051,0.16106915473937988,-0.2027876377105713,0.9999221563339233,0.4605172276496887,0.1630328893661499,-0.2075272500514984,0.9999170303344727,0.4805244505405426,0.17876370251178741,-0.2828288674354553,0.9999804496765137,0.4690121114253998,0.17940592765808105,-0.28432580828666687,0.9999749064445496,0.5195196270942688,0.25914791226387024,-0.11638031899929047,0.9999415278434753,0.4305051863193512,0.2618711590766907,-0.11549323797225952,0.999945342540741,0.5387938022613525,0.3677397072315216,-0.03742201626300812,0.9911520481109619,0.4122859537601471,0.36830779910087585,-0.05065705254673958,0.9817711710929871,0.5506101846694946,0.46304550766944885,-0.09828560054302216,0.9770215153694153,0.3987312912940979,0.45801571011543274,-0.12225989252328873,0.9632068872451782,0.5537000298500061,0.5002672672271729,-0.11506035178899765,0.9440049529075623,0.3952583074569702,0.4935016930103302,-0.14374469220638275,0.9238941073417664,0.5477714538574219,0.4989036023616791,-0.1508982926607132,0.9493671655654907,0.40074390172958374,0.49127718806266785,-0.17828451097011566,0.9290433526039124,0.5443432927131653,0.49036356806755066,-0.11334298551082611,0.9397425055503845,0.40409278869628906,0.48003870248794556,-0.1376771330833435,0.9184887409210205,0.5033581256866455,0.48604175448417664,0.00021238003682810813,0.99934983253479,0.452479749917984,0.48718714714050293,-0.00027030688943341374,0.999610185623169,0.5063513517379761,0.6567344069480896,-0.011684158816933632,0.9903134107589722,0.45101064443588257,0.6610440015792847,-0.014266392216086388,0.9949396252632141,0.5172024965286255,0.8209999203681946,0.09399117529392242,0.99024897813797,0.4473852217197418,0.8285584449768066,0.09193192422389984,0.9938564896583557,0.5109683275222778,0.8468707799911499,0.09544587135314941,0.9053457379341125,0.45453232526779175,0.8533933758735657,0.09345418959856033,0.9001439809799194,0.5288761854171753,0.871175229549408,-0.03301768749952316,0.986178457736969,0.43679124116897583,0.8764999508857727,-0.03210892900824547,0.9890210628509521
163,stand,0.473672479391098,0.16347338259220123,-0.31715497374534607,0.9999897480010986,0.4771854877471924,0.15203802287578583,-0.30224043130874634,0.9999589920043945,0.4801473617553711,0.15249665081501007,-0.3022378981113434,0.9999606609344482,0.48280009627342224,0.15293891727924347,-0.30223554372787476,0.9999585151672363,0.46837109327316284,0.1522277146577835,-0.30302080512046814,0.9999626874923706,0.4653381407260895,0.1528344750404358,-0.303040474653244,0.999963641166687,0.4624675214290619,0.1536538302898407,-0.3030482232570648,0.9999608397483826,0.486579567193985,0.161744624376297,-0.19785450398921967,0.9999220967292786,0.4593210220336914,0.16427749395370483,-0.20180277526378632,0.9999168515205383,0.4795435070991516,0.17985709011554718,-0.2771804630756378,0.9999803304672241,0.4679114818572998,0.18056030571460724,-0.27844545245170593,0.99997478723526,0.5183624625205994,0.25908228754997253,-0.11251666396856308,0.9999411702156067,0.429556667804718,0.2619346082210541,-0.11013573408126831,0.9999451637268066,0.5375295877456665,0.36760443449020386,-0.0348675437271595,0.9909706711769104,0.4114052355289459,0.36884379386901855,-0.04481047764420509,0.981534481048584,0.5494569540023804,0.46138522028923035,-0.09737804532051086,0.9765222072601318,0.39812591671943665,0.45851930975914,-0.11712311208248138,0.9634917378425598,0.5529187917709351,0.49902966618537903,-0.11418048292398453,0.9430212378501892,0.39446958899497986,0.4938819110393524,-0.13912327587604523,0.9246470928192139,0.5465215444564819,0.49699866771698,-0.15035703778266907,0.9483968615531921,0.39990025758743286,0.49180108308792114,-0.17340262234210968,0.9297646880149841,0.5429009199142456,0.48815858364105225,-0.11253360658884048,0.9385476112365723,0.4033426344394684,0.4805862307548523,-0.13247808814048767,0.9192981719970703,0.5028254985809326,0.48601287603378296,-0.00030187825905159116,0.9993444681167603,0.4517085552215576,0.4872550666332245,0.0002383577375439927,0.9996107816696167,0.5053972601890564,0.6566175818443298,-0.0101396469399333,0.9908185601234436,0.4497881829738617,0.6616129875183105,-0.013132895343005657,0.9950881600379944,0.5175437927246094,0.820096492767334,0.09513545036315918,0.9907236695289612,0.4473707675933838,0.8286662697792053,0.09193415939807892,0.9940575361251831,0.5117558240890503,0.8451367020606995,0.09655503928661346,0.9044055938720703,0.45459550619125366,0.8533766269683838,0.09344156086444855,0.9016707539558411,0.5280651450157166,0.869979202747345,-0.03256559744477272,0.986677885055542,0.43679457902908325,0.8767186403274536,-0.032114800065755844,0.9893534779548645
164,stand,0.4726324677467346,0.16424638032913208,-0.3137906789779663,0.9999893307685852,0.47627800703048706,0.15294954180717468,-0.2989521622657776,0.9999573826789856,0.4791626036167145,0.1534075140953064,-0.2989489734172821,0.9999591708183289,0.48175248503685,0.1538362354040146,-0.2989484369754791,0.9999569654464722,0.4676571488380432,0.15307408571243286,-0.2998698949813843,0.9999610781669617,0.46461349725723267,0.1536511480808258,-0.2998904585838318,0.9999621510505676,0.4617093503475189,0.15443961322307587,-0.2999005913734436,0.9999595880508423,0.4855889678001404,0.16279876232147217,-0.19554583728313446,0.9999201893806458,0.4587113857269287,0.16523568332195282,-0.20012517273426056,0.9999147057533264,0.47851768136024475,0.18067941069602966,-0.27424031496047974,0.9999797344207764,0.4669570028781891,0.18117377161979675,-0.2757004499435425,0.9999740719795227,0.5175119042396545,0.2590658664703369,-0.11137028783559799,0.9999397397041321,0.4286894202232361,0.26237109303474426,-0.10968363285064697,0.9999443888664246,0.5367964506149292,0.36745673418045044,-0.03339793533086777,0.9906604886054993,0.41041556000709534,0.36952999234199524,-0.04433443769812584,0.9812951683998108,0.5482305288314819,0.4602232575416565,-0.09418131411075592,0.9757097959518433,0.3975791037082672,0.4594579339027405,-0.11416049301624298,0.9634448289871216,0.5518108606338501,0.4983530640602112,-0.11056903749704361,0.9414247870445251,0.3938029408454895,0.49519819021224976,-0.1357985883951187,0.9247862100601196,0.545271635055542,0.49590611457824707,-0.14656886458396912,0.9468647837638855,0.39919760823249817,0.4932015836238861,-0.16968294978141785,0.9299036264419556,0.5415614247322083,0.4867003560066223,-0.10916478931903839,0.9367388486862183,0.4027482867240906,0.4821525514125824,-0.12932464480400085,0.9194608926773071,0.5023224353790283,0.486025869846344,-0.0003193182055838406,0.999332845211029,0.45124369859695435,0.48764821887016296,0.00025484900106675923,0.9996080994606018,0.5051084160804749,0.6565448641777039,-0.009155591949820518,0.9912055134773254,0.4491393566131592,0.6626269221305847,-0.013249796815216541,0.9951899647712708,0.5179913640022278,0.819722056388855,0.09540616720914841,0.9910670518875122,0.4473420977592468,0.8290206789970398,0.09073473513126373,0.9941726326942444,0.5124915838241577,0.8445975184440613,0.09686101973056793,0.9027338027954102,0.4546143114566803,0.8536599278450012,0.09210456907749176,0.9017592668533325,0.527797520160675,0.8686503171920776,-0.032061003148555756,0.98700350522995,0.43680858612060547,0.8767961859703064,-0.03313157707452774,0.9895259737968445
165,stand,0.47195878624916077,0.16453787684440613,-0.3156777322292328,0.99998939037323,0.47562089562416077,0.15321354568004608,-0.3003655672073364,0.9999576210975647,0.4784323573112488,0.1536865383386612,-0.3003641664981842,0.9999595880508423,0.48100152611732483,0.1541404277086258,-0.3003522753715515,0.999957263469696,0.4669387936592102,0.153348907828331,-0.30244678258895874,0.9999609589576721,0.46380823850631714,0.1539595127105713,-0.3024633526802063,0.9999621510505676,0.46082955598831177,0.1547422707080841,-0.30247020721435547,0.9999597668647766,0.48460301756858826,0.16318704187870026,-0.19637909531593323,0.9999216794967651,0.4577125608921051,0.16546474397182465,-0.20400595664978027,0.9999153017997742,0.4780116677284241,0.18115133047103882,-0.2753501832485199,0.9999799728393555,0.46632224321365356,0.18146054446697235,-0.2782507538795471,0.999974250793457,0.5169965624809265,0.2591645419597626,-0.11180613934993744,0.9999405145645142,0.4279586672782898,0.262969046831131,-0.11177179962396622,0.9999432563781738,0.536263108253479,0.36732161045074463,-0.03481166437268257,0.9906793832778931,0.40961235761642456,0.37015947699546814,-0.04616350680589676,0.9812464714050293,0.5478943586349487,0.45918065309524536,-0.09540559351444244,0.9758390188217163,0.39705729484558105,0.4599681496620178,-0.11443758010864258,0.9638606905937195,0.5515779852867126,0.4971586763858795,-0.11168752610683441,0.941514253616333,0.3932822644710541,0.4958917498588562,-0.1355973780155182,0.9256502985954285,0.545049250125885,0.49424371123313904,-0.14794637262821198,0.946905255317688,0.3986594080924988,0.49387308955192566,-0.16958628594875336,0.930720865726471,0.5413159132003784,0.4846040904521942,-0.11042243242263794,0.9366942048072815,0.40217965841293335,0.48282390832901,-0.12950493395328522,0.9203452467918396,0.5017200708389282,0.4860180616378784,-0.000353571173036471,0.9993265867233276,0.4507414400577545,0.4877060651779175,0.0002862531109713018,0.9996054172515869,0.5047129392623901,0.6565206050872803,-0.008074106648564339,0.9915990233421326,0.44896000623703003,0.6631854176521301,-0.01292273961007595,0.9952812790870667,0.5183032155036926,0.8193975687026978,0.09769029170274734,0.9914325475692749,0.4473261833190918,0.8290354609489441,0.09117628633975983,0.9942970871925354,0.5129765272140503,0.8437740802764893,0.09928305447101593,0.9017645120620728,0.45463132858276367,0.8536393046379089,0.09254051744937897,0.9022861123085022,0.5276713967323303,0.8679725527763367,-0.030081551522016525,0.9873740077018738,0.43692025542259216,0.8768628239631653,-0.03286276012659073,0.9897226691246033
166,stand,0.470880925655365,0.1645253449678421,-0.3178974688053131,0.9999895095825195,0.47455134987831116,0.15321262180805206,-0.3025783896446228,0.9999581575393677,0.4773724675178528,0.1537075787782669,-0.30257493257522583,0.99996018409729,0.47995585203170776,0.15419736504554749,-0.30257007479667664,0.999957799911499,0.46591153740882874,0.1533716768026352,-0.30422401428222656,0.9999611377716064,0.46277523040771484,0.15401522815227509,-0.30424049496650696,0.9999623894691467,0.4598156809806824,0.15478837490081787,-0.30424562096595764,0.9999601244926453,0.48359280824661255,0.16328877210617065,-0.19723445177078247,0.9999232292175293,0.45684394240379333,0.16546492278575897,-0.2047538012266159,0.9999161958694458,0.47710737586021423,0.1811957061290741,-0.2773330807685852,0.9999803304672241,0.4653496742248535,0.181436225771904,-0.27968671917915344,0.9999746084213257,0.5165334939956665,0.25938862562179565,-0.11271266639232635,0.9999411702156067,0.4273220896720886,0.2633161246776581,-0.11224941164255142,0.9999428987503052,0.5356307029724121,0.36724036931991577,-0.03564620763063431,0.9907218813896179,0.40884995460510254,0.3707263469696045,-0.0473836287856102,0.9811019897460938,0.5475042462348938,0.45916226506233215,-0.09445084631443024,0.9760630130767822,0.3961612582206726,0.4614657163619995,-0.1132691502571106,0.9640056490898132,0.5513808727264404,0.4969005882740021,-0.11014042794704437,0.941878616809845,0.39243051409721375,0.49741095304489136,-0.13360238075256348,0.9261085391044617,0.5446289777755737,0.49386125802993774,-0.14620552957057953,0.947193443775177,0.3979480564594269,0.49537569284439087,-0.16747203469276428,0.9311296939849854,0.5409243702888489,0.4843136668205261,-0.10921072959899902,0.9369622468948364,0.4015510678291321,0.48464134335517883,-0.12817436456680298,0.9208138585090637,0.5011168718338013,0.4861403703689575,-0.0003030245134141296,0.999321699142456,0.450245201587677,0.48785972595214844,0.00023186086036730558,0.9996035099029541,0.5040914416313171,0.6565565466880798,-0.006687396205961704,0.991928219795227,0.44894108176231384,0.6634268164634705,-0.012999477796256542,0.9953797459602356,0.5185226202011108,0.8192779421806335,0.09904445707798004,0.9917627573013306,0.44733065366744995,0.8290254473686218,0.09122199565172195,0.9944154024124146,0.5131635665893555,0.8436070084571838,0.10072235018014908,0.9018287062644958,0.4546496868133545,0.8536227941513062,0.0926043912768364,0.9027093648910522,0.5276781320571899,0.8671380877494812,-0.026823947206139565,0.9877143502235413,0.43702754378318787,0.8768730163574219,-0.032498471438884735,0.9898927211761475
167,stand,0.47081947326660156,0.16446605324745178,-0.32156288623809814,0.9999896883964539,0.47441238164901733,0.1531900018453598,-0.3063519597053528,0.9999589323997498,0.47717219591140747,0.1537134349346161,-0.30634820461273193,0.9999610185623169,0.4797200560569763,0.15422433614730835,-0.3063404858112335,0.9999586343765259,0.4657927453517914,0.15335741639137268,-0.30860474705696106,0.9999615550041199,0.4626096785068512,0.15404683351516724,-0.30862537026405334,0.9999628663063049,0.45955270528793335,0.1548507809638977,-0.3086302578449249,0.9999606609344482,0.4830258786678314,0.16338662803173065,-0.20089368522167206,0.9999251961708069,0.45635515451431274,0.1655045598745346,-0.21140292286872864,0.9999176263809204,0.4770897924900055,0.1812109798192978,-0.2810380458831787,0.9999808073043823,0.46532660722732544,0.1814102977514267,-0.2843262255191803,0.9999750852584839,0.5159757137298584,0.259657621383667,-0.1152554377913475,0.9999423027038574,0.4269752502441406,0.26351141929626465,-0.1173688992857933,0.9999426007270813,0.5350835919380188,0.36712929606437683,-0.03616384416818619,0.9907821416854858,0.40831464529037476,0.3712660074234009,-0.047829076647758484,0.981106162071228,0.5472093820571899,0.4593462646007538,-0.09488426893949509,0.9763936996459961,0.3953574299812317,0.4627440571784973,-0.11416371911764145,0.9643402695655823,0.5512751340866089,0.4969525635242462,-0.11045974493026733,0.9424646496772766,0.39160221815109253,0.4987938404083252,-0.13423600792884827,0.9268602728843689,0.5448050498962402,0.4940034747123718,-0.14657671749591827,0.9477137923240662,0.39712607860565186,0.49689972400665283,-0.1681741178035736,0.9318345785140991,0.5410836935043335,0.4848840832710266,-0.10965479910373688,0.937515377998352,0.4008060395717621,0.4864737093448639,-0.12904362380504608,0.9215897917747498,0.5002293586730957,0.48618558049201965,-0.00016050226986408234,0.9993230104446411,0.44952520728111267,0.48796379566192627,8.305857772938907e-05,0.9996033906936646,0.5033808946609497,0.6567869186401367,-0.004560031928122044,0.9922641515731812,0.44879788160324097,0.6637290716171265,-0.012851419858634472,0.9954734444618225,0.5186614990234375,0.8192154169082642,0.10254113376140594,0.992110550403595,0.44733428955078125,0.8290268778800964,0.09321872889995575,0.994540810585022,0.5132191777229309,0.8435656428337097,0.10443335771560669,0.9024501442909241,0.45467668771743774,0.8536137342453003,0.09491150081157684,0.9031909704208374,0.5276850461959839,0.867018461227417,-0.022122591733932495,0.988104522228241,0.4371739327907562,0.8769568800926208,-0.029967371374368668,0.9900887608528137
168,stand,0.4702909588813782,0.16440309584140778,-0.3268444836139679,0.9999896883964539,0.47385483980178833,0.15311776101589203,-0.3119999170303345,0.9999589920043945,0.47661691904067993,0.15364088118076324,-0.31199488043785095,0.999961256980896,0.47917094826698303,0.1541585773229599,-0.3119896352291107,0.9999588131904602,0.4652797281742096,0.1532864272594452,-0.314460813999176,0.999961256980896,0.46206459403038025,0.15398496389389038,-0.31448784470558167,0.9999627470970154,0.4589565396308899,0.15479902923107147,-0.3144938051700592,0.9999605417251587,0.4823368489742279,0.1633342057466507,-0.20674510300159454,0.9999260306358337,0.45573410391807556,0.16546064615249634,-0.21821537613868713,0.9999178647994995,0.4766058027744293,0.18115440011024475,-0.28632214665412903,0.9999809861183167,0.4648694097995758,0.18138137459754944,-0.28992900252342224,0.9999752044677734,0.5154577493667603,0.2597174644470215,-0.11889731884002686,0.9999430775642395,0.42635291814804077,0.26352232694625854,-0.12290237843990326,0.999941885471344,0.5345352292060852,0.36709505319595337,-0.03649415820837021,0.9906975626945496,0.40774574875831604,0.3715935945510864,-0.048326365649700165,0.9810426831245422,0.5466142892837524,0.4591374695301056,-0.09297167509794235,0.9762155413627625,0.39444929361343384,0.463539719581604,-0.11144640296697617,0.9642592668533325,0.5508875846862793,0.4968409538269043,-0.1075395792722702,0.9419714212417603,0.3907051384449005,0.4998660981655121,-0.130216583609581,0.9268189668655396,0.5449076890945435,0.493976891040802,-0.14366237819194794,0.9472572803497314,0.396218478679657,0.49794790148735046,-0.1641550064086914,0.9318045377731323,0.5411328077316284,0.48488849401474,-0.10765445232391357,0.9369508624076843,0.39990487694740295,0.4876059293746948,-0.12610159814357758,0.9215620160102844,0.49946457147598267,0.4861805737018585,-0.0001108165379264392,0.9993172287940979,0.4487137794494629,0.4880925118923187,2.865639362426009e-05,0.9995971918106079,0.5027294754981995,0.6570765376091003,-0.003096027532592416,0.9925485253334045,0.44888535141944885,0.6636979579925537,-0.01250334270298481,0.9955164790153503,0.5188187956809998,0.8192295432090759,0.10525758564472198,0.9924077987670898,0.44733747839927673,0.8290254473686218,0.09566445648670197,0.9946013689041138,0.5134983658790588,0.8435763716697693,0.10729102790355682,0.9018698930740356,0.45469045639038086,0.8536033630371094,0.097666896879673,0.9027875661849976,0.5276257395744324,0.867085337638855,-0.019912919029593468,0.9884264469146729,0.4377090334892273,0.876978874206543,-0.02751513198018074,0.9901992678642273
169,stand,0.4698264002799988,0.16420292854309082,-0.33823567628860474,0.9999898076057434,0.4734481871128082,0.1530984491109848,-0.32336318492889404,0.9999595284461975,0.4762095808982849,0.15360930562019348,-0.32335370779037476,0.9999620318412781,0.478773832321167,0.15411363542079926,-0.3233475685119629,0.999959409236908,0.4649078845977783,0.15325935184955597,-0.3253834843635559,0.9999613165855408,0.4616667330265045,0.1539638191461563,-0.3254121243953705,0.9999630451202393,0.45852917432785034,0.1547691524028778,-0.3254123628139496,0.9999607801437378,0.48192232847213745,0.1632874608039856,-0.21660062670707703,0.9999276995658875,0.45531049370765686,0.16544665396213531,-0.22681739926338196,0.9999191164970398,0.4761653542518616,0.18111851811408997,-0.29726436734199524,0.9999814629554749,0.4644251763820648,0.18127380311489105,-0.3003823161125183,0.9999755620956421,0.5151016116142273,0.2597532570362091,-0.12601935863494873,0.9999449253082275,0.42593079805374146,0.26346197724342346,-0.12776263058185577,0.9999417662620544,0.5340285897254944,0.36660629510879517,-0.03685503825545311,0.9908965826034546,0.40737876296043396,0.37157025933265686,-0.048492416739463806,0.9810361266136169,0.5467430949211121,0.45865577459335327,-0.09220241755247116,0.9767439365386963,0.3936399817466736,0.46413108706474304,-0.10398612171411514,0.9646369814872742,0.5510286092758179,0.49661576747894287,-0.10604618489742279,0.9427614212036133,0.39009183645248413,0.5008843541145325,-0.1213245838880539,0.9275420308113098,0.5453481674194336,0.493895560503006,-0.14287632703781128,0.9479967951774597,0.39563196897506714,0.4988492727279663,-0.15558424592018127,0.9324731826782227,0.5416133403778076,0.4848223030567169,-0.10703980922698975,0.9377498626708984,0.3992689251899719,0.48843735456466675,-0.11847005039453506,0.9223191142082214,0.4990730881690979,0.4861297905445099,-0.0001094481922336854,0.9993165135383606,0.4481925964355469,0.4881174862384796,2.732249595283065e-05,0.999595582485199,0.5021364092826843,0.6571832299232483,1.0423040293972008e-05,0.9928277730941772,0.4489513039588928,0.6636874079704285,-0.010663716122508049,0.9955568313598633,0.5188530683517456,0.8192371726036072,0.1130857840180397,0.9926837682723999,0.44734469056129456,0.8289358615875244,0.10369433462619781,0.9946732521057129,0.5135453343391418,0.8435918092727661,0.11553923040628433,0.9016978144645691,0.4547012746334076,0.8534094095230103,0.10619422048330307,0.902982771396637,0.5274777412414551,0.8671030402183533,-0.012186471372842789,0.9887282848358154,0.43803906440734863,0.8769823908805847,-0.01953759416937828,0.9903376698493958
170,stand,0.4694597125053406,0.16418294608592987,-0.347034752368927,0.9999900460243225,0.4732089936733246,0.15306279063224792,-0.33196911215782166,0.9999604225158691,0.4759763777256012,0.15359118580818176,-0.3319548964500427,0.999963104724884,0.4785444736480713,0.15408317744731903,-0.33194485306739807,0.9999602437019348,0.46459847688674927,0.15320023894309998,-0.33403581380844116,0.999961793422699,0.46133679151535034,0.15391574800014496,-0.3340679407119751,0.9999638199806213,0.45813441276550293,0.1547269970178604,-0.33406153321266174,0.9999614953994751,0.48170891404151917,0.1632494032382965,-0.2235097587108612,0.9999300241470337,0.4549563527107239,0.1653515249490738,-0.2341645210981369,0.9999215006828308,0.4757537841796875,0.18105919659137726,-0.30545690655708313,0.9999820590019226,0.4639676511287689,0.18121713399887085,-0.3086434304714203,0.9999761581420898,0.5145686864852905,0.259746253490448,-0.1315622627735138,0.9999470114707947,0.4255557656288147,0.2634316086769104,-0.13083428144454956,0.9999420046806335,0.5337885022163391,0.365360289812088,-0.03772702440619469,0.9912203550338745,0.4070807099342346,0.37155455350875854,-0.04551049321889877,0.9811772108078003,0.5468989610671997,0.4578050971031189,-0.09139154106378555,0.9775145649909973,0.3930305540561676,0.46418654918670654,-0.09440280497074127,0.9655620455741882,0.5511310696601868,0.4961961507797241,-0.10442690551280975,0.9439942240715027,0.38956350088119507,0.5010841488838196,-0.11048869043588638,0.929215133190155,0.5456701517105103,0.4937364459037781,-0.1419890820980072,0.9491387009620667,0.39513838291168213,0.4990241229534149,-0.14496542513370514,0.9340373277664185,0.5419976115226746,0.4846433997154236,-0.10638365894556046,0.9390315413475037,0.39876416325569153,0.48850733041763306,-0.1086815595626831,0.9240509271621704,0.4991329610347748,0.4860735237598419,-0.00040767676546238363,0.9993174076080322,0.4482390284538269,0.48824310302734375,0.00031122699147090316,0.9995970129966736,0.5020231008529663,0.657248854637146,0.00035965064307674766,0.9931317567825317,0.448809951543808,0.6635901927947998,-0.00839278195053339,0.9956108927726746,0.5188623666763306,0.8192455768585205,0.11532585322856903,0.9929754734039307,0.44734567403793335,0.8287253379821777,0.10828299820423126,0.9948008060455322,0.5135474801063538,0.8435723185539246,0.11785402148962021,0.9020782113075256,0.45471125841140747,0.8531243205070496,0.11074016988277435,0.904557466506958,0.5270408391952515,0.867154598236084,-0.009925292804837227,0.989086389541626,0.4380417466163635,0.8769627213478088,-0.014412051066756248,0.9905858039855957
171,stand,0.4689950942993164,0.16414812207221985,-0.3506963849067688,0.9999903440475464,0.47287899255752563,0.15302181243896484,-0.3358692228794098,0.9999614953994751,0.4756687581539154,0.15356670320034027,-0.33584997057914734,0.9999643564224243,0.4782505929470062,0.15406621992588043,-0.33583706617355347,0.999961256980896,0.46420907974243164,0.1531466245651245,-0.33799391984939575,0.9999625086784363,0.4609455466270447,0.15387366712093353,-0.3380267024040222,0.9999648332595825,0.4577147364616394,0.15468671917915344,-0.33801591396331787,0.9999624490737915,0.48140662908554077,0.1632237732410431,-0.2278626412153244,0.9999327659606934,0.45460397005081177,0.1652204692363739,-0.23881056904792786,0.9999244213104248,0.4752696454524994,0.1810130476951599,-0.30924656987190247,0.9999827146530151,0.46340903639793396,0.18117114901542664,-0.31249016523361206,0.9999768733978271,0.5143023729324341,0.25970861315727234,-0.1351727992296219,0.9999491572380066,0.4251067638397217,0.26341521739959717,-0.13376213610172272,0.9999427795410156,0.5337216258049011,0.3637986481189728,-0.037781693041324615,0.9915643334388733,0.4068257212638855,0.3715324401855469,-0.04197420924901962,0.9814140200614929,0.5470195412635803,0.4565577507019043,-0.08357999473810196,0.9782953858375549,0.3925284743309021,0.4641961455345154,-0.08261586725711823,0.9666170477867126,0.5512255430221558,0.49532246589660645,-0.09443451464176178,0.9452518224716187,0.3890801668167114,0.5013243556022644,-0.09678581357002258,0.9311127066612244,0.5459082126617432,0.49316543340682983,-0.13238221406936646,0.9502922296524048,0.39464065432548523,0.49929550290107727,-0.13106440007686615,0.9357981085777283,0.5422965288162231,0.4838072955608368,-0.09842990338802338,0.9403439164161682,0.39830923080444336,0.48868563771247864,-0.09649161994457245,0.9260011315345764,0.49916496872901917,0.4860663115978241,-0.0007796612335368991,0.9993164539337158,0.4481956362724304,0.4886810779571533,0.0006685897242277861,0.9995988607406616,0.5019228458404541,0.6572747826576233,0.00039280144846998155,0.9934401512145996,0.44854187965393066,0.6635758876800537,-0.006925585214048624,0.9956941604614258,0.5188615918159485,0.8192263245582581,0.11664365231990814,0.9932606220245361,0.44734445214271545,0.8286245465278625,0.11015162616968155,0.9949501752853394,0.5135408639907837,0.8435249924659729,0.11921863257884979,0.9025416374206543,0.45472806692123413,0.8529765009880066,0.11254525184631348,0.9067215919494629,0.5268131494522095,0.8671372532844543,-0.00762559100985527,0.9894453883171082,0.4380037784576416,0.8769621849060059,-0.011371754109859467,0.9908726811408997
172,stand,0.4688524603843689,0.16419261693954468,-0.3504023849964142,0.9999904632568359,0.47278743982315063,0.15296724438667297,-0.3357146084308624,0.9999618530273438,0.4755743145942688,0.1535176932811737,-0.335682213306427,0.9999648928642273,0.4781292974948883,0.15402372181415558,-0.3356752097606659,0.9999614953994751,0.4640214443206787,0.15309888124465942,-0.33676451444625854,0.9999625086784363,0.4607299268245697,0.15383921563625336,-0.3368021547794342,0.9999651312828064,0.45748868584632874,0.15466882288455963,-0.3367947041988373,0.9999626874923706,0.4811839163303375,0.16320814192295074,-0.22287380695343018,0.999934196472168,0.45428237318992615,0.1651872992515564,-0.23709270358085632,0.9999257922172546,0.475127637386322,0.18120308220386505,-0.30646416544914246,0.9999831318855286,0.463167279958725,0.1814296692609787,-0.31081128120422363,0.9999772906303406,0.5140826106071472,0.2595352530479431,-0.12900401651859283,0.9999514818191528,0.42494192719459534,0.26334148645401,-0.1273544728755951,0.9999433159828186,0.5336591005325317,0.3620278239250183,-0.03453214094042778,0.9919371008872986,0.4066213071346283,0.3715299367904663,-0.040322113782167435,0.9817366600036621,0.5472255945205688,0.45492884516716003,-0.08601226657629013,0.9793559908866882,0.3921858072280884,0.4642598032951355,-0.0919261947274208,0.9679269194602966,0.5514543652534485,0.49419349431991577,-0.09825140982866287,0.9474267363548279,0.3887312710285187,0.5016302466392517,-0.10849986225366592,0.933608889579773,0.5461322665214539,0.49217262864112854,-0.13531050086021423,0.9522895216941833,0.394324392080307,0.499645859003067,-0.14253106713294983,0.938143253326416,0.5425325632095337,0.4821987450122833,-0.10089745372533798,0.9426379203796387,0.39800378680229187,0.4889119863510132,-0.10625342279672623,0.9286112189292908,0.49907606840133667,0.48614081740379333,-0.0009694198961369693,0.9993189573287964,0.4481266140937805,0.4892946481704712,0.000861732754856348,0.9996013641357422,0.5018590688705444,0.6574859023094177,0.0006963365012779832,0.9937446713447571,0.4482352137565613,0.6635543704032898,-0.006938707083463669,0.9957883954048157,0.5188616514205933,0.819221556186676,0.11568295955657959,0.9935124516487122,0.44734349846839905,0.8283741474151611,0.1086278185248375,0.995093822479248,0.5135344862937927,0.8434910178184509,0.1180928498506546,0.9032763838768005,0.45480433106422424,0.8525522947311401,0.11089074611663818,0.9086835980415344,0.5267074108123779,0.8671541810035706,-0.008438853546977043,0.9897487163543701,0.43790093064308167,0.8770102858543396,-0.01309097371995449,0.9911229014396667
173,stand,0.4688873291015625,0.16417257487773895,-0.3457677960395813,0.999990701675415,0.47276291251182556,0.15285636484622955,-0.3309295177459717,0.9999627470970154,0.47554701566696167,0.15339377522468567,-0.3309083580970764,0.9999659061431885,0.47807011008262634,0.1538945436477661,-0.3309016823768616,0.9999623894691467,0.46394792199134827,0.1530061662197113,-0.33235079050064087,0.9999630451202393,0.46065038442611694,0.15377435088157654,-0.3323817849159241,0.9999658465385437,0.4573865532875061,0.15464605391025543,-0.3323759436607361,0.9999632835388184,0.48098626732826233,0.16308070719242096,-0.22100627422332764,0.9999365210533142,0.4540131688117981,0.16510795056819916,-0.23259201645851135,0.9999276995658875,0.47517961263656616,0.18120746314525604,-0.3032640516757965,0.9999837279319763,0.4631337523460388,0.18147936463356018,-0.30681782960891724,0.9999778866767883,0.5139877796173096,0.2593957185745239,-0.128572016954422,0.9999537467956543,0.4247615933418274,0.2633279263973236,-0.127156063914299,0.999943196773529,0.5336520671844482,0.3609350323677063,-0.03480092063546181,0.9922990202903748,0.4061197340488434,0.3722221851348877,-0.04133467748761177,0.9819203615188599,0.5473717451095581,0.4542640745639801,-0.08730755746364594,0.9803357124328613,0.39197057485580444,0.4642745852470398,-0.0952439233660698,0.9687997102737427,0.5516284704208374,0.49403563141822815,-0.1002710610628128,0.9494032263755798,0.3884211778640747,0.5018087029457092,-0.11260706186294556,0.9352484941482544,0.5462906360626221,0.4920560121536255,-0.13713255524635315,0.9541059136390686,0.3940451741218567,0.4998754858970642,-0.14706173539161682,0.9396847486495972,0.5427016019821167,0.4819697439670563,-0.10223039239645004,0.9447354674339294,0.3978200852870941,0.4889812171459198,-0.10979132354259491,0.9303092956542969,0.4987761974334717,0.4862564206123352,-0.0010145134292542934,0.999324381351471,0.4478071331977844,0.4898272156715393,0.0009075785055756569,0.9996030330657959,0.5016965270042419,0.6575744152069092,0.0008385929395444691,0.9940102696418762,0.4478805959224701,0.6635382771492004,-0.006791017018258572,0.9958747029304504,0.5188621282577515,0.8191869258880615,0.11587413400411606,0.993757426738739,0.4473418593406677,0.8281601071357727,0.10864858329296112,0.9952309131622314,0.5135312676429749,0.843457043170929,0.11830636113882065,0.9043694734573364,0.45489877462387085,0.8522396683692932,0.11089930683374405,0.910475492477417,0.5266498923301697,0.8671138286590576,-0.008152981288731098,0.9900615215301514,0.4378035068511963,0.8770976662635803,-0.013190358877182007,0.9913594722747803
174,stand,0.4686446785926819,0.16419193148612976,-0.3433643877506256,0.9999907612800598,0.4724934995174408,0.15283545851707458,-0.3285810351371765,0.9999629259109497,0.4753122329711914,0.15337611734867096,-0.3285753130912781,0.9999662041664124,0.47785162925720215,0.15385960042476654,-0.32856684923171997,0.999962568283081,0.46361273527145386,0.15296901762485504,-0.3303473889827728,0.9999629259109497,0.4603073000907898,0.15374033153057098,-0.3303709626197815,0.9999658465385437,0.457053005695343,0.1546267718076706,-0.33037087321281433,0.9999631643295288,0.4807557165622711,0.1629209667444229,-0.21786141395568848,0.9999374747276306,0.4536319375038147,0.16508157551288605,-0.22923322021961212,0.9999277591705322,0.47506847977638245,0.18139785528182983,-0.30020979046821594,0.9999839663505554,0.4629083275794983,0.18176484107971191,-0.3037085235118866,0.9999780654907227,0.513853132724762,0.25869008898735046,-0.12623034417629242,0.9999556541442871,0.4246852397918701,0.2633216381072998,-0.12474554777145386,0.9999428987503052,0.5336009860038757,0.3600861430168152,-0.03506436571478844,0.9925913214683533,0.4059152603149414,0.3728087544441223,-0.04322827234864235,0.9820632934570312,0.5474950075149536,0.4539438784122467,-0.09515337646007538,0.9812455773353577,0.39174091815948486,0.4644104540348053,-0.11077580600976944,0.9696396589279175,0.5517537593841553,0.4939629137516022,-0.11087125539779663,0.9514140486717224,0.38806694746017456,0.502148449420929,-0.1313590556383133,0.9368916749954224,0.5463860630989075,0.4920070767402649,-0.14842471480369568,0.9559571146965027,0.3936619460582733,0.5002540946006775,-0.1670840084552765,0.9412558078765869,0.5427638292312622,0.48183631896972656,-0.11044814437627792,0.9468856453895569,0.3974536657333374,0.48927655816078186,-0.12624980509281158,0.9320387244224548,0.4986613690853119,0.48645591735839844,-0.0011046725558117032,0.9993288516998291,0.4478245675563812,0.4901164174079895,0.0010033512953668833,0.9996023774147034,0.5016124844551086,0.6576915979385376,0.002409831155091524,0.9942536950111389,0.4477141499519348,0.6634450554847717,-0.005933309905230999,0.9959595203399658,0.5188443660736084,0.8190802931785583,0.11704466491937637,0.9939855933189392,0.44733500480651855,0.8280109763145447,0.10900454223155975,0.9953523874282837,0.5134989619255066,0.8431864380836487,0.11948398500680923,0.9052790403366089,0.45494937896728516,0.8518121242523193,0.11131775379180908,0.9117993712425232,0.5264998078346252,0.867110550403595,-0.007228331174701452,0.9903427362442017,0.4377603530883789,0.8772068619728088,-0.012941254302859306,0.991563081741333
175,stand,0.46856021881103516,0.1641647070646286,-0.34619173407554626,0.9999908804893494,0.47238174080848694,0.15275341272354126,-0.33140093088150024,0.9999634027481079,0.47520503401756287,0.15326029062271118,-0.3313961625099182,0.9999668598175049,0.4777336120605469,0.153726264834404,-0.3313877284526825,0.999963104724884,0.46348243951797485,0.15295305848121643,-0.3333180546760559,0.999963104724884,0.4601915776729584,0.15371963381767273,-0.3333440124988556,0.9999660849571228,0.45695191621780396,0.1546042263507843,-0.33334141969680786,0.9999633431434631,0.4806362986564636,0.1626996546983719,-0.22138337790966034,0.9999390840530396,0.4534783959388733,0.16506974399089813,-0.23184125125408173,0.9999287128448486,0.47505897283554077,0.18143422901630402,-0.30354034900665283,0.9999843239784241,0.46285194158554077,0.18184807896614075,-0.3066868185997009,0.9999784231185913,0.5138356685638428,0.258188933134079,-0.12897652387619019,0.9999575614929199,0.4247013032436371,0.2631753087043762,-0.12666155397891998,0.9999427199363708,0.533605694770813,0.35971176624298096,-0.03857146203517914,0.9928832650184631,0.4059318006038666,0.37282252311706543,-0.04336623474955559,0.982204020023346,0.5475889444351196,0.4536856412887573,-0.09809832274913788,0.9820964336395264,0.3916047513484955,0.464568555355072,-0.11014185100793839,0.9703522324562073,0.5518471002578735,0.4938613772392273,-0.11341424286365509,0.9532243013381958,0.38779252767562866,0.5024858117103577,-0.1305197775363922,0.9382460117340088,0.546482503414154,0.491889625787735,-0.15149728953838348,0.9576210379600525,0.39328914880752563,0.5005635023117065,-0.16559883952140808,0.9425407648086548,0.5428632497787476,0.48162567615509033,-0.11345197260379791,0.9488040208816528,0.3970619738101959,0.4894378185272217,-0.1254321038722992,0.9334552884101868,0.4986739754676819,0.4864902198314667,-0.001140191568993032,0.9993300437927246,0.447875440120697,0.4901830852031708,0.0010399180464446545,0.9996017217636108,0.5015544295310974,0.6578317284584045,0.0032092139590531588,0.9944760203361511,0.44761839509010315,0.6633118391036987,-0.005660312250256538,0.9960447549819946,0.5187925696372986,0.8189380168914795,0.11919473111629486,0.99420166015625,0.44733357429504395,0.8278605341911316,0.11001250892877579,0.9954721927642822,0.5134077072143555,0.8428373336791992,0.1217629536986351,0.9063838720321655,0.4550390839576721,0.851367175579071,0.11238914728164673,0.9132338166236877,0.5263068675994873,0.8671125769615173,-0.005165140610188246,0.9906148910522461,0.4377226233482361,0.8773490190505981,-0.012195351533591747,0.9917656779289246
176,stand,0.4681793749332428,0.16414794325828552,-0.34516531229019165,0.9999909996986389,0.47223424911499023,0.15268118679523468,-0.33027544617652893,0.9999635219573975,0.47511735558509827,0.15316610038280487,-0.33026546239852905,0.9999671578407288,0.47768211364746094,0.15361760556697845,-0.33025845885276794,0.9999632239341736,0.46322137117385864,0.15293851494789124,-0.3323420286178589,0.9999629855155945,0.45993560552597046,0.15370173752307892,-0.3323703408241272,0.9999660849571228,0.45668697357177734,0.15458576381206512,-0.3323667049407959,0.9999632835388184,0.48070040345191956,0.16254612803459167,-0.221205472946167,0.9999398589134216,0.4532908797264099,0.1650434285402298,-0.23071090877056122,0.9999290108680725,0.47486788034439087,0.18145757913589478,-0.30305755138397217,0.9999845623970032,0.462477445602417,0.18189109861850739,-0.3064815402030945,0.9999786019325256,0.5138359665870667,0.2576611638069153,-0.1284833699464798,0.9999589323997498,0.42471566796302795,0.2630605697631836,-0.1255679875612259,0.9999426603317261,0.53361976146698,0.35966432094573975,-0.03881518170237541,0.9931027293205261,0.4060053825378418,0.37292417883872986,-0.0439615324139595,0.9822672605514526,0.5476076006889343,0.45371249318122864,-0.09943576157093048,0.9827194809913635,0.3916822075843811,0.464693158864975,-0.11339223384857178,0.9709254503250122,0.5519124865531921,0.49395230412483215,-0.11503078043460846,0.9544835686683655,0.3878088891506195,0.5026942491531372,-0.13385562598705292,0.9393635988235474,0.5465301275253296,0.49198117852211,-0.15304985642433167,0.95879065990448,0.39319348335266113,0.5007419586181641,-0.1693098396062851,0.9436087012290955,0.5429185628890991,0.48181211948394775,-0.11485826969146729,0.9501868486404419,0.3969357907772064,0.4894973635673523,-0.12881165742874146,0.93464195728302,0.49867573380470276,0.4865180253982544,-0.0011415177723392844,0.999333381652832,0.44787532091140747,0.49020257592201233,0.0010415699798613787,0.9996024966239929,0.5014628171920776,0.6580430269241333,0.005007308907806873,0.9946753978729248,0.44747766852378845,0.6632884740829468,-0.0051881419494748116,0.9961327910423279,0.5186818242073059,0.8188695311546326,0.12178386747837067,0.9943975806236267,0.4473349153995514,0.8276718258857727,0.11161209642887115,0.9955863952636719,0.5132333636283875,0.8427239060401917,0.12442702054977417,0.9075112342834473,0.4550897479057312,0.8508169651031494,0.11411535739898682,0.9144189953804016,0.5260674357414246,0.8671130537986755,-0.0026666850317269564,0.9908578395843506,0.4377261698246002,0.8774617314338684,-0.010901561006903648,0.9919552803039551
177,stand,0.46809715032577515,0.16414326429367065,-0.3357740044593811,0.9999911189079285,0.47221192717552185,0.15263472497463226,-0.320857435464859,0.9999637603759766,0.4751092791557312,0.15309982001781464,-0.32085752487182617,0.9999673962593079,0.47767534852027893,0.15353943407535553,-0.32084691524505615,0.9999633431434631,0.46315687894821167,0.1529250293970108,-0.3226507306098938,0.9999630451202393,0.4598723351955414,0.15368284285068512,-0.32267239689826965,0.9999662041664124,0.45661407709121704,0.1545703113079071,-0.32267096638679504,0.9999634027481079,0.48075881600379944,0.162412628531456,-0.21274617314338684,0.9999404549598694,0.45317211747169495,0.16500425338745117,-0.2214115560054779,0.9999293684959412,0.47484928369522095,0.18151186406612396,-0.2940914034843445,0.9999848008155823,0.4624008536338806,0.1819792240858078,-0.29689061641693115,0.9999788999557495,0.5138699412345886,0.257523775100708,-0.1225876584649086,0.9999602437019348,0.4247334599494934,0.26303398609161377,-0.12128402292728424,0.9999431371688843,0.5336509943008423,0.35969239473342896,-0.03737245127558708,0.993279755115509,0.40607166290283203,0.37341782450675964,-0.04428181052207947,0.9822866320610046,0.5476726293563843,0.4537355601787567,-0.09900019317865372,0.9832868576049805,0.39175885915756226,0.46494877338409424,-0.11466316133737564,0.9714531302452087,0.5519567728042603,0.49420830607414246,-0.11475535482168198,0.9557260274887085,0.38791871070861816,0.50285404920578,-0.13556508719921112,0.9404707551002502,0.5465435981750488,0.4921896159648895,-0.15258672833442688,0.9599415063858032,0.3932959735393524,0.5009298920631409,-0.17127296328544617,0.9446701407432556,0.5430166721343994,0.4821556508541107,-0.11439748108386993,0.9515438675880432,0.3970387578010559,0.48968595266342163,-0.13023696839809418,0.9358317852020264,0.49871698021888733,0.48662546277046204,-0.0011118703987449408,0.9993395805358887,0.4479166567325592,0.4903590679168701,0.0010143803665414453,0.9996053576469421,0.5014744400978088,0.6584210991859436,0.006998675409704447,0.9948578476905823,0.44747480750083923,0.663270115852356,-0.00509540643543005,0.9962164759635925,0.5185930132865906,0.8187942504882812,0.12346752732992172,0.9945697784423828,0.44733867049217224,0.8275789618492126,0.11213576793670654,0.9956936240196228,0.5130360722541809,0.8426554203033447,0.12609948217868805,0.9085637331008911,0.45514973998069763,0.8505117893218994,0.11468853056430817,0.915481686592102,0.5259776711463928,0.8670991063117981,-0.000269919604761526,0.9910737872123718,0.4377210736274719,0.8776857256889343,-0.010178757831454277,0.9921340942382812
178,stand,0.4678278863430023,0.1641319990158081,-0.3276926279067993,0.9999911785125732,0.4721120297908783,0.15247075259685516,-0.31304365396499634,0.9999637603759766,0.47506141662597656,0.15287548303604126,-0.3130452632904053,0.9999674558639526,0.47764936089515686,0.15328602492809296,-0.31303176283836365,0.9999632835388184,0.46292296051979065,0.1528835892677307,-0.31429678201675415,0.9999629855155945,0.45963364839553833,0.15367096662521362,-0.31431564688682556,0.9999662041664124,0.4563433527946472,0.15455864369869232,-0.3143150508403778,0.9999633431434631,0.48081231117248535,0.1621132493019104,-0.20672471821308136,0.9999406337738037,0.45301851630210876,0.1649494767189026,-0.2131064236164093,0.9999293684959412,0.4747244417667389,0.18152782320976257,-0.2867420017719269,0.9999849796295166,0.46209925413131714,0.18203748762607574,-0.28871890902519226,0.9999791383743286,0.5139099955558777,0.2574000656604767,-0.11873459815979004,0.9999613761901855,0.4247642159461975,0.26297032833099365,-0.11530407518148422,0.9999438524246216,0.5336858034133911,0.35955610871315,-0.03607477620244026,0.9934605360031128,0.40612196922302246,0.3738279938697815,-0.041572462767362595,0.982282280921936,0.5477396845817566,0.45374757051467896,-0.09876185655593872,0.9838302731513977,0.39177361130714417,0.46527501940727234,-0.11375398933887482,0.9720667600631714,0.5520039796829224,0.49442625045776367,-0.11429554224014282,0.9569398760795593,0.38799887895584106,0.5030907392501831,-0.13396331667900085,0.941769003868103,0.5466047525405884,0.49232834577560425,-0.15204843878746033,0.9610576629638672,0.3933632969856262,0.5011956691741943,-0.16949552297592163,0.9459070563316345,0.5430724620819092,0.48240870237350464,-0.11413438618183136,0.9528541564941406,0.39709997177124023,0.4899228513240814,-0.1290636956691742,0.9372308850288391,0.49873238801956177,0.4867396354675293,-0.0012022047303617,0.9993447065353394,0.4479505121707916,0.4905032217502594,0.0011076831724494696,0.9996077418327332,0.5014721751213074,0.6584818959236145,0.007142418064177036,0.995040774345398,0.4474419057369232,0.6633738875389099,-0.004669594578444958,0.9963028430938721,0.5185174942016602,0.8187729716300964,0.12298589944839478,0.994740903377533,0.4473380148410797,0.8274043798446655,0.11262466013431549,0.99579918384552,0.5129402875900269,0.8425813317298889,0.12554971873760223,0.9095231294631958,0.4551866054534912,0.850218653678894,0.11518754065036774,0.916689932346344,0.5259037613868713,0.8670963644981384,-0.0005536183016374707,0.9912834167480469,0.4377370774745941,0.8777140974998474,-0.009045764803886414,0.992313802242279
179,stand,0.4678731858730316,0.16413304209709167,-0.32744550704956055,0.999991238117218,0.4721471667289734,0.152427539229393,-0.3127586841583252,0.9999635219573975,0.4750938415527344,0.15279027819633484,-0.3127593398094177,0.9999673962593079,0.47767919301986694,0.15317925810813904,-0.31274348497390747,0.9999629259109497,0.46295714378356934,0.15285822749137878,-0.3140699863433838,0.9999626278877258,0.45967087149620056,0.15365003049373627,-0.3140920102596283,0.9999660849571228,0.456387460231781,0.15456043183803558,-0.31409114599227905,0.9999631643295288,0.48085299134254456,0.16195225715637207,-0.205826073884964,0.9999404549598694,0.45301032066345215,0.16492930054664612,-0.21254101395606995,0.9999292492866516,0.4747554361820221,0.18157857656478882,-0.28623878955841064,0.9999850988388062,0.4621350169181824,0.18213337659835815,-0.28828170895576477,0.9999791979789734,0.5139390826225281,0.2572483718395233,-0.1174527034163475,0.9999626278877258,0.42479246854782104,0.2629578411579132,-0.1135239452123642,0.9999445676803589,0.5337141156196594,0.35922971367836,-0.03421301394701004,0.9936786890029907,0.4062046408653259,0.3740999102592468,-0.03758230805397034,0.9824538826942444,0.5478558540344238,0.45376524329185486,-0.09748999774456024,0.9844329357147217,0.3920314610004425,0.46568381786346436,-0.10920156538486481,0.9729545712471008,0.5520327687263489,0.49452102184295654,-0.11333215236663818,0.9582164883613586,0.38814395666122437,0.5032863020896912,-0.12981712818145752,0.9435390830039978,0.5466482043266296,0.49238064885139465,-0.15125659108161926,0.9622284770011902,0.39339375495910645,0.5014575719833374,-0.1657349318265915,0.9475728869438171,0.5431053042411804,0.4825204312801361,-0.11293576657772064,0.9542304277420044,0.3971472680568695,0.49020513892173767,-0.12469016015529633,0.9390756487846375,0.4988788068294525,0.48699718713760376,-0.001299208728596568,0.9993484020233154,0.44810038805007935,0.4906650483608246,0.001204655971378088,0.9996108412742615,0.5014829039573669,0.6586173176765442,0.007351952139288187,0.9952250719070435,0.4474391043186188,0.6633646488189697,-0.004500137642025948,0.9963929653167725,0.5185102224349976,0.8187812566757202,0.12343879044055939,0.9949093461036682,0.447337806224823,0.8272431492805481,0.11358582973480225,0.9959176778793335,0.5129357576370239,0.8425695896148682,0.12602391839027405,0.9108069539070129,0.4551911950111389,0.8500097393989563,0.11620967090129852,0.9182661771774292,0.525849461555481,0.8670997023582458,0.00020853760361205786,0.9915105700492859,0.43775758147239685,0.8777193427085876,-0.007580886594951153,0.9925272464752197
180,stand,0.4679299294948578,0.16409897804260254,-0.32714250683784485,0.9999913573265076,0.4722119867801666,0.1522965282201767,-0.31234830617904663,0.9999638795852661,0.475158154964447,0.15261049568653107,-0.31234946846961975,0.9999678134918213,0.4776970446109772,0.1529991626739502,-0.3123333752155304,0.9999632239341736,0.4629738926887512,0.15277981758117676,-0.31382086873054504,0.9999628067016602,0.45969295501708984,0.15359176695346832,-0.31384238600730896,0.9999663829803467,0.4564168453216553,0.1545427143573761,-0.31383925676345825,0.9999634623527527,0.48089009523391724,0.1617346704006195,-0.20491819083690643,0.9999411702156067,0.45302000641822815,0.1648629754781723,-0.21248917281627655,0.9999299645423889,0.4748055934906006,0.18157754838466644,-0.28579404950141907,0.9999853372573853,0.4621508717536926,0.18213406205177307,-0.28805607557296753,0.9999794960021973,0.5139667987823486,0.25713050365448,-0.1162106990814209,0.9999638199806213,0.424816370010376,0.2629944384098053,-0.11293715238571167,0.9999449253082275,0.5337336659431458,0.35905295610427856,-0.03142074868083,0.9938739538192749,0.40631991624832153,0.37464600801467896,-0.03572874516248703,0.9825661778450012,0.5480374097824097,0.4537619352340698,-0.09261147677898407,0.9849954843521118,0.3923214077949524,0.4664325714111328,-0.10534775257110596,0.9736884236335754,0.5520447492599487,0.49452388286590576,-0.10822008550167084,0.959398627281189,0.38842424750328064,0.5036064386367798,-0.12574437260627747,0.945002019405365,0.5466650128364563,0.49238234758377075,-0.14616718888282776,0.9633119702339172,0.3934333324432373,0.5017681121826172,-0.1616421639919281,0.9489507079124451,0.5431365966796875,0.4825223684310913,-0.10801278054714203,0.9554997086524963,0.39719462394714355,0.4906511604785919,-0.12081421911716461,0.9406025409698486,0.4988897442817688,0.4874752163887024,-0.0012978767044842243,0.9993531703948975,0.4481792449951172,0.49093300104141235,0.00120326888281852,0.9996142387390137,0.5014953017234802,0.6589145660400391,0.007595487870275974,0.9954079389572144,0.44741082191467285,0.663366436958313,-0.005388888530433178,0.996498167514801,0.5185061693191528,0.818783164024353,0.12375526130199432,0.9950833320617676,0.4473305642604828,0.8271719217300415,0.11298666149377823,0.9960429072380066,0.5129319429397583,0.8425129652023315,0.12637396156787872,0.9123302698135376,0.45519986748695374,0.8499037027359009,0.11556591838598251,0.9198694825172424,0.5258371829986572,0.8671961426734924,0.0009168825345113873,0.991744339466095,0.43779975175857544,0.8777074217796326,-0.00816536694765091,0.9927413463592529
181,stand,0.46796879172325134,0.16409340500831604,-0.325359046459198,0.9999913573265076,0.4722353518009186,0.152241513133049,-0.3104621469974518,0.9999637007713318,0.4751746654510498,0.1525242030620575,-0.31046363711357117,0.9999677538871765,0.4777185916900635,0.15290567278862,-0.31044599413871765,0.9999629855155945,0.46300482749938965,0.1527603417634964,-0.3118232190608978,0.999962568283081,0.4597252905368805,0.15358352661132812,-0.3118470013141632,0.9999663233757019,0.4564526677131653,0.15453405678272247,-0.31184521317481995,0.9999634027481079,0.48092857003211975,0.1616096943616867,-0.20315197110176086,0.9999409317970276,0.45301586389541626,0.16485075652599335,-0.21022582054138184,0.9999298453330994,0.47482600808143616,0.1815846562385559,-0.28413698077201843,0.9999853372573853,0.4621918797492981,0.18214797973632812,-0.2862515449523926,0.9999794960021973,0.5139838457107544,0.2569625675678253,-0.11514447629451752,0.9999645352363586,0.4248317778110504,0.2631048560142517,-0.1109849065542221,0.999944806098938,0.5337868928909302,0.35876843333244324,-0.03110766038298607,0.9940398931503296,0.4064587950706482,0.37509074807167053,-0.03409692645072937,0.9826067090034485,0.5481885671615601,0.4537281394004822,-0.09233959019184113,0.9854710698127747,0.392766535282135,0.46701595187187195,-0.1035379022359848,0.9742238521575928,0.5520649552345276,0.4944605827331543,-0.1080177053809166,0.9604047536849976,0.38895589113235474,0.5039263367652893,-0.1240462213754654,0.9460741877555847,0.5467029809951782,0.49223947525024414,-0.14585550129413605,0.964230477809906,0.39364030957221985,0.5020418763160706,-0.15945127606391907,0.9499552845954895,0.5431956648826599,0.48221203684806824,-0.10768022388219833,0.9565607905387878,0.39723867177963257,0.49091076850891113,-0.1188194751739502,0.9416978359222412,0.49921226501464844,0.48796743154525757,-0.0013073820155113935,0.9993503093719482,0.4484465718269348,0.49122297763824463,0.0012128881644457579,0.9996141195297241,0.5015238523483276,0.659011960029602,0.007735679857432842,0.995539128780365,0.4474146366119385,0.6634237766265869,-0.006138303317129612,0.9965742826461792,0.5185123682022095,0.8188142776489258,0.12388453632593155,0.9951989054679871,0.4473215639591217,0.8271632790565491,0.11275428533554077,0.9961298108100891,0.5129393339157104,0.8425049781799316,0.12651413679122925,0.9129875898361206,0.4551849365234375,0.8499026894569397,0.1152462586760521,0.9208892583847046,0.5258399248123169,0.8672171831130981,0.001005444792099297,0.9918875694274902,0.43784332275390625,0.8776857256889343,-0.0086867306381464,0.9928843379020691
182,stand,0.46798819303512573,0.16405926644802094,-0.31767410039901733,0.9999914169311523,0.4722537100315094,0.15211620926856995,-0.3026002049446106,0.999963641166687,0.47520118951797485,0.15235839784145355,-0.30260592699050903,0.9999677538871765,0.47772520780563354,0.15273107588291168,-0.3025912046432495,0.9999629259109497,0.46302977204322815,0.15269318222999573,-0.3040979504585266,0.9999624490737915,0.45975184440612793,0.15354092419147491,-0.3041183352470398,0.9999663233757019,0.4564821720123291,0.1545206606388092,-0.30411621928215027,0.9999634623527527,0.48098379373550415,0.16139453649520874,-0.195559561252594,0.999940812587738,0.45300349593162537,0.16481353342533112,-0.2030385434627533,0.9999299645423889,0.47483906149864197,0.18158462643623352,-0.2765539288520813,0.99998539686203,0.462221622467041,0.18215656280517578,-0.2787877917289734,0.9999794960021973,0.5140149593353271,0.25651097297668457,-0.10862842947244644,0.9999651908874512,0.42490506172180176,0.263238787651062,-0.10436154901981354,0.9999445080757141,0.5339716672897339,0.35774704813957214,-0.02456105872988701,0.9941340684890747,0.4066987633705139,0.375370055437088,-0.027141422033309937,0.9825688600540161,0.5485070943832397,0.45285627245903015,-0.08489223569631577,0.9857734441757202,0.393320769071579,0.4679684042930603,-0.09620708972215652,0.974608838558197,0.5521649122238159,0.49342960119247437,-0.10051415115594864,0.9610447883605957,0.3896421790122986,0.5047968029975891,-0.1165921688079834,0.9468920230865479,0.5467462539672852,0.4909464418888092,-0.13805869221687317,0.9648168087005615,0.3943067491054535,0.502713143825531,-0.15177308022975922,0.9507246613502502,0.5433334112167358,0.4801725745201111,-0.10010459274053574,0.9572263360023499,0.39775699377059937,0.4916556477546692,-0.11136230081319809,0.942520022392273,0.499735027551651,0.48804330825805664,-0.001408636337146163,0.9993428587913513,0.4488740563392639,0.49133309721946716,0.0013164913980290294,0.9996100068092346,0.501563549041748,0.6590862274169922,0.007510307244956493,0.9956310391426086,0.44757503271102905,0.6634262204170227,-0.007539467420428991,0.9966049194335938,0.5185580849647522,0.8189667463302612,0.12380899488925934,0.9952473044395447,0.44731006026268005,0.8271822333335876,0.11006291210651398,0.9961504340171814,0.5130165219306946,0.8425050377845764,0.12646493315696716,0.9124585390090942,0.4551607668399811,0.8499412536621094,0.11259754002094269,0.9210010170936584,0.5258024334907532,0.8672372698783875,0.0007019586628302932,0.9919020533561707,0.43785104155540466,0.8776777386665344,-0.010685039684176445,0.9929117560386658
183,stand,0.4680245518684387,0.16406023502349854,-0.3202342391014099,0.9999915957450867,0.4722818434238434,0.15208947658538818,-0.30517199635505676,0.9999642372131348,0.4752315878868103,0.152346670627594,-0.3051759600639343,0.9999683499336243,0.47773656249046326,0.15271829068660736,-0.3051621913909912,0.9999634623527527,0.4630413055419922,0.15266571938991547,-0.30674463510513306,0.9999629259109497,0.4597659111022949,0.15352699160575867,-0.30676573514938354,0.9999669194221497,0.456493616104126,0.15454326570034027,-0.30676203966140747,0.9999641180038452,0.48104438185691833,0.16134241223335266,-0.19739340245723724,0.9999419450759888,0.4530101418495178,0.16479240357875824,-0.20532934367656708,0.9999315738677979,0.47489213943481445,0.18164198100566864,-0.27882638573646545,0.9999856948852539,0.46226492524147034,0.18224014341831207,-0.2811737358570099,0.9999797940254211,0.5140519142150879,0.25616613030433655,-0.10897736251354218,0.9999662041664124,0.42502012848854065,0.2633169889450073,-0.10484166443347931,0.9999445080757141,0.5342785716056824,0.35680803656578064,-0.02239929512143135,0.9942793846130371,0.40692591667175293,0.3753622770309448,-0.024243762716650963,0.9826494455337524,0.5489580035209656,0.4521164000034332,-0.08138374984264374,0.9861555695533752,0.3938312232494354,0.46824705600738525,-0.09069006145000458,0.9752069115638733,0.5524445176124573,0.4924294650554657,-0.09656323492527008,0.9617877006530762,0.39015015959739685,0.5050321221351624,-0.11039279401302338,0.9480458498001099,0.5469973683357239,0.4897218346595764,-0.13464225828647614,0.9655037522315979,0.3949303925037384,0.5028133988380432,-0.14564938843250275,0.9518040418624878,0.5437315702438354,0.47848036885261536,-0.09676991403102875,0.9580225348472595,0.39836353063583374,0.491717666387558,-0.10570510476827621,0.9436907768249512,0.5003819465637207,0.48814070224761963,-0.0016257266979664564,0.9993384480476379,0.4494919776916504,0.49148842692375183,0.0015347414882853627,0.9996092319488525,0.5017774701118469,0.6593424677848816,0.007261624094098806,0.9957359433174133,0.4477619528770447,0.6635882258415222,-0.00863332487642765,0.9966424107551575,0.5185999870300293,0.8191171288490295,0.12338124215602875,0.9953086376190186,0.4473373293876648,0.827238917350769,0.10955816507339478,0.9961941242218018,0.5130427479743958,0.8425092697143555,0.12600116431713104,0.9124137163162231,0.45517438650131226,0.8499563336372375,0.1121615320444107,0.9218488335609436,0.5257987380027771,0.8672797083854675,0.0001681173889664933,0.9919450283050537,0.4378731846809387,0.8776785135269165,-0.010822901502251625,0.9929841160774231
184,stand,0.4680476188659668,0.16406477987766266,-0.3193015456199646,0.9999916553497314,0.4723091125488281,0.1520606428384781,-0.3042287230491638,0.9999644160270691,0.4752584993839264,0.1523258537054062,-0.30423420667648315,0.9999685883522034,0.4777488112449646,0.1527000516653061,-0.30422186851501465,0.9999635815620422,0.4630495011806488,0.15264461934566498,-0.305768758058548,0.9999630451202393,0.45977315306663513,0.15351885557174683,-0.3057875633239746,0.9999671578407288,0.4565093517303467,0.15456564724445343,-0.3057824671268463,0.9999644160270691,0.48108285665512085,0.16131843626499176,-0.19615083932876587,0.999942421913147,0.45301881432533264,0.16477565467357635,-0.20373789966106415,0.9999323487281799,0.474918931722641,0.18166786432266235,-0.2776826024055481,0.9999857544898987,0.4622933268547058,0.18228499591350555,-0.2799369692802429,0.9999799132347107,0.5140746831893921,0.2557072639465332,-0.10742827504873276,0.9999669790267944,0.4251677393913269,0.2634193003177643,-0.10266901552677155,0.999944269657135,0.5347360968589783,0.3562295138835907,-0.02164231613278389,0.994412362575531,0.40707141160964966,0.3754328787326813,-0.02282578870654106,0.9826937317848206,0.5494774580001831,0.4512518048286438,-0.08201286941766739,0.9865272045135498,0.3944804072380066,0.46829113364219666,-0.09081433713436127,0.9757893681526184,0.5530005693435669,0.4912571907043457,-0.09741844236850739,0.9625638723373413,0.3907693028450012,0.5051128268241882,-0.11078856885433197,0.949177086353302,0.5476744771003723,0.4883458912372589,-0.1355334371328354,0.9662243127822876,0.3955675959587097,0.5028256773948669,-0.14601397514343262,0.9528679251670837,0.5445228815078735,0.47675320506095886,-0.09747754782438278,0.9588711261749268,0.39911624789237976,0.49170804023742676,-0.10587117820978165,0.9448340535163879,0.5008029937744141,0.48817968368530273,-0.0018556180875748396,0.9993361234664917,0.44992414116859436,0.49168235063552856,0.0017689373344182968,0.9996089935302734,0.5020705461502075,0.6593487858772278,0.005712718237191439,0.9958376288414001,0.44786959886550903,0.6638219356536865,-0.009235239587724209,0.9966863989830017,0.5186197757720947,0.8191744685173035,0.12081675231456757,0.995375394821167,0.4473424553871155,0.8272799849510193,0.10790006071329117,0.9962533712387085,0.5130518078804016,0.8425174355506897,0.12325213849544525,0.9125204682350159,0.45517992973327637,0.8499993085861206,0.11038835346698761,0.9228838682174683,0.5257794857025146,0.8672875165939331,-0.00262789661064744,0.9920045137405396,0.43783777952194214,0.8777338862419128,-0.01243341900408268,0.9930807948112488
