frame,activity,l0_x,l0_y,l0_z,l0_v,l1_x,l1_y,l1_z,l1_v,l2_x,l2_y,l2_z,l2_v,l3_x,l3_y,l3_z,l3_v,l4_x,l4_y,l4_z,l4_v,l5_x,l5_y,l5_z,l5_v,l6_x,l6_y,l6_z,l6_v,l7_x,l7_y,l7_z,l7_v,l8_x,l8_y,l8_z,l8_v,l9_x,l9_y,l9_z,l9_v,l10_x,l10_y,l10_z,l10_v,l11_x,l11_y,l11_z,l11_v,l12_x,l12_y,l12_z,l12_v,l13_x,l13_y,l13_z,l13_v,l14_x,l14_y,l14_z,l14_v,l15_x,l15_y,l15_z,l15_v,l16_x,l16_y,l16_z,l16_v,l17_x,l17_y,l17_z,l17_v,l18_x,l18_y,l18_z,l18_v,l19_x,l19_y,l19_z,l19_v,l20_x,l20_y,l20_z,l20_v,l21_x,l21_y,l21_z,l21_v,l22_x,l22_y,l22_z,l22_v,l23_x,l23_y,l23_z,l23_v,l24_x,l24_y,l24_z,l24_v,l25_x,l25_y,l25_z,l25_v,l26_x,l26_y,l26_z,l26_v,l27_x,l27_y,l27_z,l27_v,l28_x,l28_y,l28_z,l28_v,l29_x,l29_y,l29_z,l29_v,l30_x,l30_y,l30_z,l30_v,l31_x,l31_y,l31_z,l31_v,l32_x,l32_y,l32_z,l32_v
0,turn,0.41990572214126587,0.13678744435310364,-0.3200996220111847,0.9998762607574463,0.42544737458229065,0.124827079474926,-0.3095273971557617,0.9998796582221985,0.4285876154899597,0.12511591613292694,-0.30955448746681213,0.9998984336853027,0.43201151490211487,0.12541571259498596,-0.3096006512641907,0.9999144673347473,0.4152485430240631,0.1260567605495453,-0.30712056159973145,0.9998268485069275,0.4116583466529846,0.12736670672893524,-0.3071461319923401,0.999813973903656,0.4090143144130707,0.12841850519180298,-0.3071962893009186,0.999839186668396,0.4378499984741211,0.13077791035175323,-0.22978933155536652,0.9999143481254578,0.41095733642578125,0.13559068739414215,-0.21792466938495636,0.9996458888053894,0.4262288510799408,0.15146903693675995,-0.28911957144737244,0.9998884797096252,0.414623886346817,0.15541647374629974,-0.285747230052948,0.9998142719268799,0.46728983521461487,0.21826773881912231,-0.1674899160861969,0.9999884963035583,0.39437827467918396,0.2361803948879242,-0.1411435306072235,0.9995362758636475,0.4856657087802887,0.34065309166908264,-0.14277903735637665,0.9955315589904785,0.38405829668045044,0.35022804141044617,-0.09907446801662445,0.14736153185367584,0.47388583421707153,0.44108253717422485,-0.17546996474266052,0.9795005917549133,0.38154977560043335,0.447063148021698,-0.15125927329063416,0.1621672660112381,0.4733068346977234,0.47182804346084595,-0.19656339287757874,0.9559513330459595,0.3820149302482605,0.4777581989765167,-0.17064282298088074,0.16495445370674133,0.46526461839675903,0.46845635771751404,-0.21528664231300354,0.9544371962547302,0.3876209855079651,0.47660547494888306,-0.193926140666008,0.1681840866804123,0.46401166915893555,0.4600290060043335,-0.18228644132614136,0.9314019680023193,0.38873669505119324,0.46676796674728394,-0.16099026799201965,0.1672508716583252,0.45062893629074097,0.42127230763435364,-0.012490032240748405,0.9988554120063782,0.41243284940719604,0.4225001037120819,0.012416033074259758,0.9966498613357544,0.45230668783187866,0.592077910900116,-0.02046346664428711,0.9200966954231262,0.4145444333553314,0.5910208225250244,-0.013304834254086018,0.36953097581863403,0.44787654280662537,0.7462612390518188,0.1008659154176712,0.9497169852256775,0.41968053579330444,0.7187212705612183,0.11394442617893219,0.5870456695556641,0.44636955857276917,0.7569013237953186,0.10574187338352203,0.875405490398407,0.42104047536849976,0.761716902256012,0.12064971029758453,0.6402065753936768,0.45409494638442993,0.7768464684486389,-0.0029695567209273577,0.9459420442581177,0.40536707639694214,0.7694535851478577,0.013240275904536247,0.7676497101783752
1,turn,0.4227134585380554,0.12313227355480194,-0.2493453472852707,0.9998883605003357,0.42853283882141113,0.10822692513465881,-0.2369949370622635,0.9998908042907715,0.43197160959243774,0.1082257553935051,-0.23703518509864807,0.9999074339866638,0.4351699948310852,0.10831395536661148,-0.2370605170726776,0.9999219179153442,0.41692018508911133,0.10938890278339386,-0.23462755978107452,0.999843418598175,0.4132481515407562,0.11022330075502396,-0.2346440553665161,0.9998316168785095,0.410087913274765,0.1113305315375328,-0.23468992114067078,0.9998543858528137,0.44172993302345276,0.11731605231761932,-0.15581034123897552,0.9999216794967651,0.4102099537849426,0.12299841642379761,-0.13928215205669403,0.9996799230575562,0.43023237586021423,0.1419563591480255,-0.21603401005268097,0.9998994469642639,0.41675013303756714,0.14325973391532898,-0.21267923712730408,0.9998326301574707,0.47191277146339417,0.21094268560409546,-0.0940113514661789,0.9999878406524658,0.3909524083137512,0.2270328253507614,-0.06638694554567337,0.9995801448822021,0.49036067724227905,0.3377135694026947,-0.06057725101709366,0.9953856468200684,0.38052883744239807,0.3456769585609436,-0.02515288256108761,0.23013511300086975,0.478231281042099,0.4364302456378937,-0.1589595079421997,0.979594349861145,0.3781512379646301,0.4478912055492401,-0.1074235588312149,0.2412160038948059,0.4767993986606598,0.46919554471969604,-0.1743752360343933,0.9563197493553162,0.37949007749557495,0.48125818371772766,-0.1312093734741211,0.23989343643188477,0.46852073073387146,0.465406596660614,-0.1943424642086029,0.9552156329154968,0.3852158784866333,0.4791215658187866,-0.16052106022834778,0.24333836138248444,0.46723493933677673,0.45682960748672485,-0.15672379732131958,0.933600127696991,0.3861146569252014,0.46840375661849976,-0.12005339562892914,0.2416004091501236,0.45718058943748474,0.42556050419807434,-0.01045442745089531,0.9989326596260071,0.41096124053001404,0.4237336814403534,0.01044386811554432,0.9969606995582581,0.456030935049057,0.6165519952774048,-0.030796725302934647,0.9255866408348083,0.4095098078250885,0.6153348088264465,-0.01860853098332882,0.4299086630344391,0.4519902765750885,0.7777135372161865,0.08768663555383682,0.9508087635040283,0.41645655035972595,0.7851285338401794,0.10162398964166641,0.6256086230278015,0.44721347093582153,0.7968807816505432,0.09238534420728683,0.8568403124809265,0.4215036928653717,0.8043150305747986,0.10662249475717545,0.658141016960144,0.4562063217163086,0.8173454403877258,-0.016469867900013924,0.9462321400642395,0.40525612235069275,0.8213133811950684,-0.004932052455842495,0.7868346571922302
2,turn,0.4227432310581207,0.12406494468450546,-0.258076012134552,0.9998992681503296,0.42847442626953125,0.10861638188362122,-0.24497011303901672,0.9999005794525146,0.4317081570625305,0.10836523026227951,-0.24500837922096252,0.999915361404419,0.43481940031051636,0.10832890123128891,-0.24500755965709686,0.9999282956123352,0.41733628511428833,0.1099524050951004,-0.24279728531837463,0.999858021736145,0.4139222204685211,0.11069727689027786,-0.24281351268291473,0.9998472332954407,0.4106045365333557,0.11164959520101547,-0.24284324049949646,0.9998677968978882,0.4414134621620178,0.11589904129505157,-0.15391208231449127,0.9999277591705322,0.40977534651756287,0.12060853093862534,-0.14228910207748413,0.9997100234031677,0.4307088255882263,0.14145581424236298,-0.22262442111968994,0.9999092221260071,0.4172334671020508,0.14300556480884552,-0.21948134899139404,0.9998490810394287,0.47334256768226624,0.2127663493156433,-0.08838190138339996,0.9999874234199524,0.3895074725151062,0.2263028472661972,-0.0664706900715828,0.9996198415756226,0.4904605448246002,0.33600759506225586,-0.05392228811979294,0.9952294826507568,0.3801807761192322,0.344668447971344,-0.019323062151670456,0.3049183487892151,0.47918492555618286,0.43594521284103394,-0.15089856088161469,0.9799864292144775,0.37805870175361633,0.44890281558036804,-0.11103242635726929,0.31371796131134033,0.4778444170951843,0.4692273437976837,-0.17724314332008362,0.9573733806610107,0.3795827329158783,0.4829804003238678,-0.1380833089351654,0.3096913695335388,0.4700959324836731,0.46563953161239624,-0.20443487167358398,0.9565145373344421,0.3858627378940582,0.48044565320014954,-0.1688181459903717,0.3131326735019684,0.46889322996139526,0.45685940980911255,-0.15900835394859314,0.9362422823905945,0.38705337047576904,0.4698697328567505,-0.12440834194421768,0.31068503856658936,0.45872968435287476,0.4337339699268341,-0.00853727012872696,0.9990120530128479,0.4101659655570984,0.43270745873451233,0.008540568873286247,0.9972432255744934,0.45576566457748413,0.6206212043762207,-0.023242376744747162,0.9320524334907532,0.40857234597206116,0.6216784715652466,-0.002169824903830886,0.485784113407135,0.4508841931819916,0.7801844477653503,0.10559512674808502,0.9545624852180481,0.4156057834625244,0.7913304567337036,0.1143614798784256,0.6619536280632019,0.4464649558067322,0.8003531694412231,0.11007434129714966,0.8546839356422424,0.42166417837142944,0.8079626560211182,0.11845491081476212,0.6804947853088379,0.4564683437347412,0.8405051231384277,-0.008172577247023582,0.9498814940452576,0.40127429366111755,0.8509689569473267,0.0027817203663289547,0.8065639734268188
3,turn,0.42287880182266235,0.12013187259435654,-0.24444162845611572,0.9999091029167175,0.42897552251815796,0.1060301661491394,-0.23060086369514465,0.999909520149231,0.4323371946811676,0.10630524158477783,-0.23064160346984863,0.9999227523803711,0.4353125989437103,0.10679573565721512,-0.23063257336616516,0.9999343156814575,0.4176645874977112,0.10699796676635742,-0.22736318409442902,0.9998711943626404,0.41425007581710815,0.10785925388336182,-0.22736665606498718,0.9998612999916077,0.41083985567092896,0.1087317019701004,-0.22737844288349152,0.9998798370361328,0.4416622519493103,0.11541246622800827,-0.14088687300682068,0.9999334812164307,0.409381628036499,0.11825752258300781,-0.12276222556829453,0.9997369647026062,0.4309759736061096,0.1387014091014862,-0.20919795334339142,0.9999180436134338,0.4172559678554535,0.14036795496940613,-0.20462682843208313,0.999863862991333,0.4741825461387634,0.2139793038368225,-0.08084754645824432,0.9999878406524658,0.3895905613899231,0.22385205328464508,-0.045192547142505646,0.9996556043624878,0.48957759141921997,0.33688774704933167,-0.05452856421470642,0.9951595664024353,0.38021475076675415,0.3451760709285736,-0.0011400791117921472,0.37170901894569397,0.4781595766544342,0.43739742040634155,-0.1571420431137085,0.9807978272438049,0.3786768913269043,0.44980350136756897,-0.10022202879190445,0.3791796863079071,0.4759637415409088,0.4704204499721527,-0.1904180943965912,0.9592233896255493,0.3797559142112732,0.4838729798793793,-0.12952777743339539,0.3729681074619293,0.46918290853500366,0.46658337116241455,-0.21854741871356964,0.9585167169570923,0.38638561964035034,0.480959415435791,-0.16076645255088806,0.3763367831707001,0.4680567681789398,0.45792150497436523,-0.16911959648132324,0.9395448565483093,0.3879711329936981,0.47082188725471497,-0.11430157721042633,0.3733028173446655,0.45824867486953735,0.441877543926239,-0.013346657156944275,0.9990965127944946,0.4096880555152893,0.44053328037261963,0.013349262997508049,0.9975038170814514,0.45553264021873474,0.6250830292701721,-0.02130766026675701,0.9381526112556458,0.407890260219574,0.6238377094268799,0.010850881226360798,0.5362808108329773,0.45138826966285706,0.7888641357421875,0.12444017827510834,0.9583539962768555,0.41626691818237305,0.7916398048400879,0.14073246717453003,0.6949493288993835,0.4477877616882324,0.8083030581474304,0.13052015006542206,0.8566046953201294,0.4224894642829895,0.8120769262313843,0.14763371646404266,0.7039328813552856,0.4567314088344574,0.8466869592666626,0.009265064261853695,0.9536604285240173,0.3976331651210785,0.8533178567886353,0.037651367485523224,0.8247658014297485
4,turn,0.42373690009117126,0.11961307376623154,-0.22685976326465607,0.9999178647994995,0.4294140338897705,0.10511784255504608,-0.21209856867790222,0.9999173283576965,0.4327428340911865,0.10520928353071213,-0.21213145554065704,0.9999291300773621,0.43537408113479614,0.10572195053100586,-0.2121107280254364,0.9999394416809082,0.4183375835418701,0.10590876638889313,-0.20929650962352753,0.9998827576637268,0.41494473814964294,0.10658364742994308,-0.20929959416389465,0.9998736381530762,0.41148000955581665,0.10752388834953308,-0.20930275321006775,0.9998903274536133,0.44181451201438904,0.11574641615152359,-0.12894269824028015,0.9999381303787231,0.4093063771724701,0.11935718357563019,-0.10611454397439957,0.9997603297233582,0.43167001008987427,0.13819646835327148,-0.1919035017490387,0.9999258518218994,0.41796499490737915,0.14003828167915344,-0.18792404234409332,0.9998769760131836,0.47400322556495667,0.2118668258190155,-0.06756339222192764,0.9999879598617554,0.38925784826278687,0.22396141290664673,-0.03227435052394867,0.9996871948242188,0.48992419242858887,0.3354865312576294,-0.04980464279651642,0.9950565695762634,0.3797247111797333,0.34608620405197144,0.006883051246404648,0.4319715201854706,0.4790736138820648,0.4376535713672638,-0.15823647379875183,0.9816704392433167,0.3790457844734192,0.45105689764022827,-0.09086620062589645,0.4382357597351074,0.47731953859329224,0.4711531698703766,-0.19304046034812927,0.9611606001853943,0.3800641894340515,0.4849451184272766,-0.1208815723657608,0.43007776141166687,0.4700397551059723,0.4669643044471741,-0.22095195949077606,0.9605674743652344,0.38674435019493103,0.4818629324436188,-0.15133020281791687,0.433349609375,0.468942254781723,0.4580199420452118,-0.170782670378685,0.9427827000617981,0.38849347829818726,0.47214415669441223,-0.10489062964916229,0.4298194348812103,0.45790427923202515,0.4469985067844391,-0.014512059278786182,0.9991678595542908,0.40973252058029175,0.4463508725166321,0.014539437368512154,0.9977371692657471,0.4553584158420563,0.6248477697372437,-0.020209012553095818,0.9436755776405334,0.4077923893928528,0.6253415942192078,0.010557481087744236,0.5818049907684326,0.45146411657333374,0.7860535383224487,0.1159263476729393,0.9617435932159424,0.41693100333213806,0.7916633486747742,0.140745609998703,0.7247206568717957,0.4480504095554352,0.8095794916152954,0.1209636703133583,0.8594263792037964,0.423360675573349,0.8136721849441528,0.1474856436252594,0.7258888483047485,0.4573594629764557,0.8420575261116028,0.0028404812328517437,0.9570764899253845,0.3975364863872528,0.8500891923904419,0.032628558576107025,0.8411908745765686
5,turn,0.42362451553344727,0.12019654363393784,-0.22425587475299835,0.9999257326126099,0.4292012155056,0.10528330504894257,-0.20918019115924835,0.99992436170578,0.4327177107334137,0.10539014637470245,-0.20921079814434052,0.9999349117279053,0.4352140426635742,0.10581139475107193,-0.2091897428035736,0.9999441504478455,0.41832074522972107,0.10674156248569489,-0.20672619342803955,0.999893307685852,0.4150267243385315,0.10779231041669846,-0.20672814548015594,0.999884843826294,0.411567360162735,0.1087447926402092,-0.20672547817230225,0.9998999238014221,0.44158560037612915,0.11574095487594604,-0.1196746826171875,0.9999423027038574,0.4092523157596588,0.11974447965621948,-0.10225331783294678,0.9997816681861877,0.4317055344581604,0.13872654736042023,-0.18828096985816956,0.9999328255653381,0.4178105294704437,0.14065663516521454,-0.1848287582397461,0.9998887777328491,0.47376948595046997,0.21052703261375427,-0.06151346117258072,0.9999878406524658,0.3892363905906677,0.22362487018108368,-0.028303030878305435,0.9997156262397766,0.49008092284202576,0.33493727445602417,-0.041235581040382385,0.9948270916938782,0.3793662488460541,0.34622371196746826,0.009290147572755814,0.4862276613712311,0.47967538237571716,0.4386223256587982,-0.1548212170600891,0.9821256399154663,0.3794958293437958,0.45158830285072327,-0.08874344825744629,0.4909455478191376,0.477660596370697,0.47168654203414917,-0.1841001659631729,0.962261438369751,0.38022640347480774,0.4850296080112457,-0.11898709833621979,0.48061853647232056,0.4701666235923767,0.4677554666996002,-0.21011380851268768,0.9618002772331238,0.38694649934768677,0.4818333089351654,-0.1489747315645218,0.4838240444660187,0.46901339292526245,0.4589594006538391,-0.1627601832151413,0.9448910355567932,0.38886862993240356,0.4724559783935547,-0.10261553525924683,0.47966641187667847,0.45844459533691406,0.4480341970920563,-0.014046410098671913,0.9992296099662781,0.40997201204299927,0.44819357991218567,0.014088749885559082,0.9979458451271057,0.4554411768913269,0.6229627728462219,-0.019503828138113022,0.9486262798309326,0.40785709023475647,0.6254490613937378,0.008194000460207462,0.6228361129760742,0.4515932500362396,0.7874751687049866,0.10444539785385132,0.9648393392562866,0.41713589429855347,0.7927609086036682,0.13208045065402985,0.751563549041748,0.4482925534248352,0.8133599758148193,0.10817055404186249,0.8629671335220337,0.4236668050289154,0.8158402442932129,0.1365261822938919,0.74581378698349,0.4580957293510437,0.8442901372909546,-0.0044847638346254826,0.9602099657058716,0.3973735570907593,0.8516377806663513,0.018300097435712814,0.8560069799423218
6,turn,0.423442542552948,0.12168452143669128,-0.242651104927063,0.9999328851699829,0.42907047271728516,0.10739482939243317,-0.22761180996894836,0.9999308586120605,0.43271106481552124,0.10742578655481339,-0.2276369035243988,0.9999403357505798,0.4351593852043152,0.10765080153942108,-0.22761130332946777,0.9999485611915588,0.4182543158531189,0.10864032804965973,-0.22552648186683655,0.9999029040336609,0.4150329530239105,0.10947512835264206,-0.2255275547504425,0.9998950958251953,0.41161203384399414,0.11031907051801682,-0.22552303969860077,0.9999086856842041,0.4415970742702484,0.11678091436624527,-0.12873655557632446,0.9999462962150574,0.40922337770462036,0.12016793340444565,-0.11990998685359955,0.9998010993003845,0.4316002428531647,0.14014187455177307,-0.20551128685474396,0.9999391436576843,0.4176385998725891,0.1415521651506424,-0.20270054042339325,0.9998994469642639,0.47377362847328186,0.21032661199569702,-0.07412752509117126,0.9999878406524658,0.3893154561519623,0.22307497262954712,-0.04228740558028221,0.99974125623703,0.4901755750179291,0.33469536900520325,-0.0502941720187664,0.9947540163993835,0.37915611267089844,0.346102237701416,-0.0017466743011027575,0.5353506207466125,0.48150578141212463,0.4395824074745178,-0.15444788336753845,0.982871949672699,0.3794013261795044,0.45185327529907227,-0.09987452626228333,0.5389988422393799,0.47999030351638794,0.47176292538642883,-0.1868646889925003,0.9638282656669617,0.3799043297767639,0.4852072298526764,-0.12974292039871216,0.5271452069282532,0.4723367691040039,0.4683394432067871,-0.21565163135528564,0.9634710550308228,0.38673943281173706,0.48209333419799805,-0.15984252095222473,0.5302359461784363,0.4709273874759674,0.45971399545669556,-0.16601023077964783,0.9475170373916626,0.38882988691329956,0.472794771194458,-0.11358022689819336,0.5255373120307922,0.458446741104126,0.44936662912368774,-0.013189506717026234,0.999284565448761,0.40994930267333984,0.4494156837463379,0.013219235464930534,0.9981326460838318,0.4550444483757019,0.6213601231575012,-0.018544143065810204,0.9530766606330872,0.4077080190181732,0.6266852617263794,0.008804334327578545,0.6597684621810913,0.45149001479148865,0.7870184779167175,0.10832617431879044,0.9675908088684082,0.41709670424461365,0.7923399209976196,0.13131646811962128,0.775719940662384,0.4481123983860016,0.813114583492279,0.11241833865642548,0.8665310740470886,0.42364606261253357,0.815605103969574,0.13539789617061615,0.7635331153869629,0.45950570702552795,0.8464530110359192,-0.005956742912530899,0.9630407691001892,0.39700764417648315,0.8517129421234131,0.019323015585541725,0.869339644908905
7,turn,0.42310428619384766,0.1210351437330246,-0.24162480235099792,0.9999392628669739,0.4287521243095398,0.10644436627626419,-0.22643056511878967,0.9999365210533142,0.4325307011604309,0.10625851899385452,-0.22645500302314758,0.9999449253082275,0.43503671884536743,0.10629719495773315,-0.22642438113689423,0.9999522566795349,0.4179789423942566,0.10820523649454117,-0.2243659794330597,0.999911367893219,0.4148537218570709,0.10899411141872406,-0.2243700474500656,0.9999041557312012,0.4114914536476135,0.11000513285398483,-0.22437021136283875,0.9999164342880249,0.4412882924079895,0.11556394398212433,-0.1289660632610321,0.9999493360519409,0.4091463088989258,0.11971104890108109,-0.11931677907705307,0.9998182654380798,0.43134474754333496,0.13935695588588715,-0.20479726791381836,0.9999447464942932,0.41734352707862854,0.14093244075775146,-0.20196287333965302,0.999908983707428,0.4738090932369232,0.2103503793478012,-0.07308025658130646,0.9999875426292419,0.3889990746974945,0.22349809110164642,-0.043712813407182693,0.9997642040252686,0.4900098741054535,0.33379611372947693,-0.0478503555059433,0.9945403933525085,0.37896889448165894,0.34701016545295715,-0.005852400325238705,0.5798941850662231,0.48233646154403687,0.43981173634529114,-0.1526443064212799,0.9833835959434509,0.3793577551841736,0.45253655314445496,-0.10413219779729843,0.5825489163398743,0.4811129570007324,0.4721835255622864,-0.18514417111873627,0.964988112449646,0.3796100318431854,0.4860021770000458,-0.13435658812522888,0.5695136189460754,0.4737967848777771,0.46863120794296265,-0.21376225352287292,0.9647281169891357,0.3865976631641388,0.4828035533428192,-0.16434119641780853,0.5724710822105408,0.4724087119102478,0.46021875739097595,-0.16450558602809906,0.9495846629142761,0.3887781500816345,0.47339922189712524,-0.1178017258644104,0.5673650503158569,0.458840548992157,0.45067012310028076,-0.012852204963564873,0.9993334412574768,0.4099496304988861,0.4507533311843872,0.012875859625637531,0.9983007907867432,0.45481032133102417,0.6223708391189575,-0.017519842833280563,0.9571584463119507,0.4076128900051117,0.6277061700820923,0.009123096242547035,0.6930780410766602,0.45173555612564087,0.7894092202186584,0.11640296876430511,0.9701418280601501,0.41702061891555786,0.7916996479034424,0.13175693154335022,0.7974945306777954,0.44808512926101685,0.8134418725967407,0.12125866115093231,0.870048999786377,0.4236561357975006,0.8146436214447021,0.13554058969020844,0.779295027256012,0.45930805802345276,0.8480013608932495,0.0006522779585793614,0.9656833410263062,0.39693811535835266,0.8526944518089294,0.024763859808444977,0.8813897371292114
8,turn,0.4230310320854187,0.12150006741285324,-0.25831833481788635,0.9999449849128723,0.4286898672580719,0.10663443803787231,-0.2430998533964157,0.9999415874481201,0.43256014585494995,0.10623711347579956,-0.2431197166442871,0.999949038028717,0.4351117014884949,0.10620690137147903,-0.24307551980018616,0.9999555349349976,0.41785869002342224,0.10856489837169647,-0.24150002002716064,0.9999188780784607,0.4147609770298004,0.10932992398738861,-0.2415044754743576,0.9999122023582458,0.4114091396331787,0.11064991354942322,-0.24150435626506805,0.9999232888221741,0.4413674473762512,0.11563479155302048,-0.14361095428466797,0.9999520182609558,0.4090975821018219,0.12031321972608566,-0.13649114966392517,0.9998334050178528,0.43142271041870117,0.13956218957901,-0.2209278643131256,0.9999498128890991,0.41734886169433594,0.14118853211402893,-0.21864791214466095,0.9999175071716309,0.47392207384109497,0.21096271276474,-0.08236740529537201,0.9999874234199524,0.3888974189758301,0.22360043227672577,-0.05726897716522217,0.9997842311859131,0.49028104543685913,0.3320702910423279,-0.05684496834874153,0.994500994682312,0.3792637586593628,0.347014844417572,-0.016475386917591095,0.6200206279754639,0.4837879538536072,0.4402734637260437,-0.1605789065361023,0.9840476512908936,0.37881603837013245,0.4527713656425476,-0.11449239403009415,0.6217674612998962,0.482794851064682,0.47359025478363037,-0.19387689232826233,0.9663799405097961,0.3789020776748657,0.48657363653182983,-0.14415143430233002,0.6076403260231018,0.4756805896759033,0.4692174196243286,-0.22401002049446106,0.9661979079246521,0.3857451379299164,0.48344171047210693,-0.1751488298177719,0.6105045080184937,0.4745303988456726,0.46027493476867676,-0.17390093207359314,0.9519190192222595,0.3879895806312561,0.473871648311615,-0.1284315288066864,0.6050902009010315,0.458660751581192,0.4511924386024475,-0.013962095603346825,0.9993739724159241,0.40962666273117065,0.4510975182056427,0.013964866288006306,0.9984474778175354,0.4546518325805664,0.6223057508468628,-0.014797225594520569,0.960797905921936,0.40759581327438354,0.6275390386581421,0.013854551129043102,0.722933828830719,0.4518994688987732,0.7881594300270081,0.12049492448568344,0.9724220633506775,0.4171821177005768,0.7895216941833496,0.13764338195323944,0.8169625401496887,0.4481539726257324,0.8096411824226379,0.12511876225471497,0.8707321286201477,0.42383527755737305,0.8112977743148804,0.14204196631908417,0.7930108308792114,0.4586227834224701,0.8484583497047424,0.002365696709603071,0.9679680466651917,0.3970404267311096,0.8534950017929077,0.02980267070233822,0.8921142816543579
9,turn,0.42289647459983826,0.12163864076137543,-0.25784415006637573,0.999950110912323,0.4285469949245453,0.10666047036647797,-0.2428141087293625,0.9999460577964783,0.4324897229671478,0.10621382296085358,-0.24283795058727264,0.9999526739120483,0.4351106584072113,0.10615810751914978,-0.24279971420764923,0.9999584555625916,0.4177285134792328,0.10861799120903015,-0.24104364216327667,0.9999255537986755,0.41465646028518677,0.10938657820224762,-0.24105003476142883,0.9999193549156189,0.4113263487815857,0.11082024872303009,-0.2410506010055542,0.9999293088912964,0.4413506090641022,0.11555078625679016,-0.14465661346912384,0.999954342842102,0.40906405448913574,0.12057854235172272,-0.1362970471382141,0.9998467564582825,0.4314405024051666,0.13957780599594116,-0.22060620784759521,0.9999542832374573,0.417313814163208,0.14116200804710388,-0.2181471586227417,0.9999251365661621,0.4741753935813904,0.21108786761760712,-0.08505334705114365,0.9999871253967285,0.38905003666877747,0.2235729694366455,-0.056376803666353226,0.9998018145561218,0.4903140962123871,0.331739217042923,-0.058307915925979614,0.9944073557853699,0.3791651725769043,0.3470269441604614,-0.014982770197093487,0.6560897827148438,0.4852055609226227,0.4406069815158844,-0.16193237900733948,0.9845578670501709,0.3780154585838318,0.45309728384017944,-0.11115522682666779,0.6569144129753113,0.485025554895401,0.4747059643268585,-0.1948973536491394,0.967454195022583,0.3781735301017761,0.487426221370697,-0.14010997116565704,0.6416335701942444,0.47778740525245667,0.46990397572517395,-0.2248416692018509,0.9673545360565186,0.3848987817764282,0.4842366874217987,-0.17082497477531433,0.6444405317306519,0.4764934480190277,0.4606124460697174,-0.17527517676353455,0.9538339972496033,0.3870736062526703,0.474450945854187,-0.12496413290500641,0.6387432813644409,0.45877036452293396,0.4516574442386627,-0.014466707594692707,0.9994081258773804,0.40940970182418823,0.4515279531478882,0.014470309019088745,0.9985778331756592,0.4544672966003418,0.6217092275619507,-0.01602771319448948,0.963797390460968,0.40754103660583496,0.6268504858016968,0.012695210985839367,0.7495447993278503,0.45172423124313354,0.787850022315979,0.11796194314956665,0.9741613864898682,0.41714850068092346,0.7895087599754333,0.13770310580730438,0.8342657685279846,0.4480574131011963,0.8082829713821411,0.1227678656578064,0.8694621324539185,0.42370718717575073,0.8109809756278992,0.1421680897474289,0.8041102886199951,0.45850682258605957,0.8487992882728577,0.001729579409584403,0.9696243405342102,0.3971239924430847,0.8542191982269287,0.027722537517547607,0.9014596343040466
10,turn,0.42282557487487793,0.121348075568676,-0.2588804364204407,0.9999547600746155,0.42846474051475525,0.10647307336330414,-0.24400123953819275,0.9999500513076782,0.4324630796909332,0.1060684323310852,-0.24402296543121338,0.999955952167511,0.4351331293582916,0.10601204633712769,-0.24398306012153625,0.9999610185623169,0.4176415503025055,0.10843944549560547,-0.242256760597229,0.9999315738677979,0.4145791530609131,0.10921172797679901,-0.24226458370685577,0.9999257922172546,0.41126394271850586,0.11061206459999084,-0.2422669678926468,0.9999347925186157,0.44137635827064514,0.11547711491584778,-0.14658130705356598,0.9999563694000244,0.40903767943382263,0.1205008327960968,-0.13816587626934052,0.9998589158058167,0.43146342039108276,0.13948999345302582,-0.2219136506319046,0.999958336353302,0.41728490591049194,0.14104977250099182,-0.2194516658782959,0.9999319911003113,0.4744381010532379,0.21127846837043762,-0.08646271377801895,0.9999867081642151,0.3890226483345032,0.22334007918834686,-0.05982989817857742,0.9998177289962769,0.4905533790588379,0.33211156725883484,-0.05643392354249954,0.9943731427192688,0.3790926933288574,0.34675338864326477,-0.01859615370631218,0.6886956691741943,0.4855949282646179,0.4407653510570526,-0.15934088826179504,0.985098659992218,0.3774205446243286,0.4533339738845825,-0.11450842767953873,0.6887335777282715,0.48546624183654785,0.475874125957489,-0.19123263657093048,0.9685742259025574,0.3777243196964264,0.487989217042923,-0.14321072399616241,0.6725594401359558,0.47836828231811523,0.4711419343948364,-0.21995997428894043,0.9685435891151428,0.3843509554862976,0.48447319865226746,-0.17419463396072388,0.6753039956092834,0.47697657346725464,0.4616275727748871,-0.1718696504831314,0.9557669162750244,0.38642892241477966,0.4746021628379822,-0.12837794423103333,0.6694090366363525,0.4587720036506653,0.45268985629081726,-0.01398363709449768,0.999437153339386,0.40910592675209045,0.4525041878223419,0.013978831470012665,0.9986937046051025,0.45466381311416626,0.622647762298584,-0.016744339838624,0.9665718078613281,0.40737614035606384,0.6272796988487244,0.011504994705319405,0.7735651731491089,0.4516112804412842,0.7878546714782715,0.11940614134073257,0.9757437109947205,0.4171625077724457,0.7896730303764343,0.13773475587368011,0.8498325347900391,0.44799676537513733,0.8080511093139648,0.12443139404058456,0.8681517839431763,0.42366743087768555,0.8111115097999573,0.14220431447029114,0.8141996264457703,0.4581083655357361,0.8486920595169067,0.0037683770060539246,0.9710777997970581,0.3971378207206726,0.8548375368118286,0.027346741408109665,0.909862220287323
11,turn,0.4228088855743408,0.12134873867034912,-0.25491565465927124,0.9999588131904602,0.42840972542762756,0.10647329688072205,-0.24011807143688202,0.9999532103538513,0.4324413239955902,0.10609845072031021,-0.24013933539390564,0.9999584555625916,0.4351518750190735,0.10599792003631592,-0.24010351300239563,0.9999628663063049,0.41759198904037476,0.10842549800872803,-0.23850171267986298,0.999936580657959,0.41453424096107483,0.1091998741030693,-0.2385077178478241,0.9999310970306396,0.4112253189086914,0.11053790152072906,-0.23850977420806885,0.9999392032623291,0.44132933020591736,0.11533253639936447,-0.14404086768627167,0.9999574422836304,0.409029096364975,0.12045987695455551,-0.13556155562400818,0.9998689293861389,0.4314911365509033,0.1395377814769745,-0.21819522976875305,0.999961793422699,0.41732969880104065,0.1410844475030899,-0.2158859521150589,0.9999380111694336,0.4744797646999359,0.2115708291530609,-0.0841149389743805,0.999985933303833,0.3890019953250885,0.2231592983007431,-0.05959763005375862,0.9998315572738647,0.4904990792274475,0.3311949372291565,-0.05258256196975708,0.9942648410797119,0.3789830505847931,0.34609851241111755,-0.019891463220119476,0.7179464101791382,0.4867057204246521,0.44097527861595154,-0.15761283040046692,0.9854465126991272,0.377159059047699,0.45328399538993835,-0.11325399577617645,0.7171022891998291,0.48712101578712463,0.47645485401153564,-0.19005706906318665,0.9693287014961243,0.37732502818107605,0.4878964424133301,-0.14185017347335815,0.699942409992218,0.4799575209617615,0.47198256850242615,-0.21622911095619202,0.9693682789802551,0.3839356303215027,0.48438653349876404,-0.17255213856697083,0.702633261680603,0.47841691970825195,0.46238377690315247,-0.1702757179737091,0.9572142958641052,0.38606590032577515,0.47453880310058594,-0.12705060839653015,0.6965068578720093,0.4586411416530609,0.45281732082366943,-0.012792962603271008,0.9994593858718872,0.40880292654037476,0.4527035057544708,0.012787225656211376,0.9987958669662476,0.45458656549453735,0.6226993203163147,-0.01471092738211155,0.9690054655075073,0.407335102558136,0.6274797916412354,0.010185884311795235,0.7951579093933105,0.4515783190727234,0.7866417765617371,0.12095264345407486,0.977087140083313,0.41713419556617737,0.7889314293861389,0.13681992888450623,0.8637797832489014,0.4479009211063385,0.8064476847648621,0.12584009766578674,0.8665695786476135,0.4235331416130066,0.8100354671478271,0.14132046699523926,0.8225576281547546,0.45803403854370117,0.8479706048965454,0.005671706981956959,0.9722757935523987,0.39727193117141724,0.8548951745033264,0.02425237186253071,0.9173026084899902
12,turn,0.4229055941104889,0.12122872471809387,-0.24777105450630188,0.9999623894691467,0.42849746346473694,0.10621785372495651,-0.23303258419036865,0.9999558329582214,0.43254154920578003,0.10586801171302795,-0.23305737972259521,0.9999604225158691,0.43524402379989624,0.10577474534511566,-0.23302368819713593,0.9999642372131348,0.4176430106163025,0.10821182280778885,-0.2311045229434967,0.999940812587738,0.4145793318748474,0.10899639874696732,-0.2311093807220459,0.9999355673789978,0.41124334931373596,0.11028610169887543,-0.23111280798912048,0.99994295835495,0.4413907527923584,0.11514879763126373,-0.14189070463180542,0.999957799911499,0.4090301990509033,0.12023479491472244,-0.1287924200296402,0.999877393245697,0.43154048919677734,0.13948436081409454,-0.21169324219226837,0.9999647736549377,0.4174209535121918,0.14101220667362213,-0.20891912281513214,0.9999433159828186,0.4744916558265686,0.21165210008621216,-0.0782756432890892,0.9999850392341614,0.38896986842155457,0.22305499017238617,-0.053691327571868896,0.9998438954353333,0.4902106821537018,0.32942143082618713,-0.05228916555643082,0.9940180778503418,0.37882673740386963,0.345951110124588,-0.015863874927163124,0.7443045377731323,0.48749107122421265,0.4411363899707794,-0.15867379307746887,0.9855366945266724,0.3768855035305023,0.4532436728477478,-0.1097760945558548,0.742729127407074,0.4882482886314392,0.4770089387893677,-0.19139525294303894,0.9696333408355713,0.37697654962539673,0.48778098821640015,-0.1388178914785385,0.7247006893157959,0.4810255467891693,0.472756952047348,-0.2205422818660736,0.9697430729866028,0.38355553150177,0.48432523012161255,-0.1693038046360016,0.7273482084274292,0.4794542193412781,0.46306130290031433,-0.17212411761283875,0.9580709934234619,0.38571298122406006,0.4745042622089386,-0.12357441335916519,0.7210490107536316,0.4586581587791443,0.4527836740016937,-0.012833327054977417,0.9994798898696899,0.4086054265499115,0.45267847180366516,0.012834424152970314,0.9988890290260315,0.4545511305332184,0.6227944493293762,-0.015232493169605732,0.9712061285972595,0.4072696566581726,0.6274116039276123,0.009136535227298737,0.8146272301673889,0.4515753388404846,0.7857908606529236,0.12057913839817047,0.9783267378807068,0.41718071699142456,0.7887783646583557,0.13664758205413818,0.8764081001281738,0.44784480333328247,0.805114209651947,0.12556786835193634,0.8653306365013123,0.42351165413856506,0.8096516728401184,0.14118455350399017,0.8306019902229309,0.4581966996192932,0.8477158546447754,0.005241887178272009,0.9734184145927429,0.3973393738269806,0.8551175594329834,0.023590926080942154,0.9241015315055847
13,turn,0.4229125380516052,0.12133916467428207,-0.2428828477859497,0.9999656677246094,0.4284922182559967,0.10642387717962265,-0.2284969985485077,0.999958336353302,0.43254876136779785,0.10608836263418198,-0.22852209210395813,0.999962329864502,0.4352819323539734,0.10598667711019516,-0.22848960757255554,0.9999656677246094,0.4176444113254547,0.10833948105573654,-0.2262805700302124,0.9999447464942932,0.4145738184452057,0.10910624265670776,-0.22628286480903625,0.9999397397041321,0.4112320840358734,0.11036046594381332,-0.22628512978553772,0.9999464154243469,0.4413999915122986,0.11513978242874146,-0.1343836933374405,0.9999583959579468,0.4090310037136078,0.12013456225395203,-0.12536180019378662,0.9998851418495178,0.431580126285553,0.13957476615905762,-0.2076270580291748,0.9999675154685974,0.4174434542655945,0.14100389182567596,-0.20436513423919678,0.9999480843544006,0.47451552748680115,0.21176773309707642,-0.07337430119514465,0.9999844431877136,0.3889279365539551,0.22268681228160858,-0.05030278116464615,0.999855101108551,0.4901715815067291,0.32881009578704834,-0.04907969757914543,0.9937753081321716,0.3789505064487457,0.34571975469589233,-0.01328648068010807,0.7679634690284729,0.4878731369972229,0.44121772050857544,-0.15826377272605896,0.9856311678886414,0.3766847252845764,0.45322999358177185,-0.10674510151147842,0.7657048106193542,0.4888560175895691,0.4777223765850067,-0.1900399625301361,0.9699414372444153,0.3767470717430115,0.4877787232398987,-0.13576504588127136,0.7468723654747009,0.481566846370697,0.4736175835132599,-0.21840301156044006,0.9701216816902161,0.3832227289676666,0.4843651354312897,-0.1661643087863922,0.7494886517524719,0.47994041442871094,0.46383222937583923,-0.17061692476272583,0.958884596824646,0.38539019227027893,0.4745355248451233,-0.12055768817663193,0.7430156469345093,0.45876002311706543,0.4528138041496277,-0.012729565612971783,0.9995020627975464,0.4085453152656555,0.45275700092315674,0.012738429009914398,0.9989749789237976,0.45461058616638184,0.6225592494010925,-0.015618635341525078,0.9732304215431213,0.40733322501182556,0.6269618272781372,0.007795196026563644,0.832228422164917,0.45164188742637634,0.7866216897964478,0.11673548072576523,0.9795318841934204,0.41720181703567505,0.7889625430107117,0.13369737565517426,0.8878619074821472,0.4478360712528229,0.8061748743057251,0.12143806368112564,0.865141749382019,0.42349547147750854,0.8101340532302856,0.13803106546401978,0.8381984829902649,0.458676278591156,0.8481322526931763,0.00496637262403965,0.9745903015136719,0.39737972617149353,0.8547632098197937,0.020225686952471733,0.930327296257019
14,turn,0.4229090213775635,0.12158261239528656,-0.24265968799591064,0.9999685883522034,0.4284847378730774,0.10671842098236084,-0.22775471210479736,0.9999604821205139,0.4325495660305023,0.10637891292572021,-0.22778014838695526,0.9999639987945557,0.43531274795532227,0.10626982897520065,-0.22774621844291687,0.9999668598175049,0.41764384508132935,0.10857430845499039,-0.22596445679664612,0.9999482035636902,0.4145696759223938,0.1093309298157692,-0.22596636414527893,0.9999433755874634,0.4112253785133362,0.11057517677545547,-0.22596922516822815,0.9999494552612305,0.4414127767086029,0.11532219499349594,-0.1327620893716812,0.9999586939811707,0.40903204679489136,0.12026936560869217,-0.12409025430679321,0.9998919367790222,0.4316033720970154,0.13977061212062836,-0.2066000998020172,0.9999699592590332,0.4174628257751465,0.14113351702690125,-0.20392823219299316,0.9999523758888245,0.47451335191726685,0.2120007574558258,-0.07291433960199356,0.9999837875366211,0.38886457681655884,0.2225513458251953,-0.050112128257751465,0.9998649954795837,0.49011021852493286,0.3285279870033264,-0.04900471121072769,0.993493378162384,0.3790243864059448,0.3456413149833679,-0.013772907666862011,0.7892806529998779,0.48804154992103577,0.4414844214916229,-0.15754178166389465,0.9856281876564026,0.3765454590320587,0.4533032774925232,-0.10745860636234283,0.7863993048667908,0.48887619376182556,0.47804543375968933,-0.1893242448568344,0.9700737595558167,0.3765558898448944,0.4878353476524353,-0.13679498434066772,0.7668588161468506,0.4818999767303467,0.47407230734825134,-0.21839304268360138,0.9703214764595032,0.38294488191604614,0.48450881242752075,-0.16702136397361755,0.7694447040557861,0.4802955687046051,0.4643445312976837,-0.17020286619663239,0.9594459533691406,0.3851062059402466,0.47466883063316345,-0.12121693789958954,0.7627963423728943,0.4585654139518738,0.4528355896472931,-0.012239495292305946,0.9995220303535461,0.4084087908267975,0.452767938375473,0.01224575750529766,0.9990519881248474,0.4545900225639343,0.6220926642417908,-0.01591130904853344,0.9750375151634216,0.4073595404624939,0.6265140771865845,0.0063834660686552525,0.8480467200279236,0.45171600580215454,0.7867797613143921,0.11768549680709839,0.9805859327316284,0.41713252663612366,0.7888661026954651,0.13290679454803467,0.8981426358222961,0.4478173851966858,0.8061164021492004,0.12259776890277863,0.8644000887870789,0.42336946725845337,0.8099528551101685,0.13734307885169983,0.8443624973297119,0.4587429165840149,0.8485537767410278,0.0037839883007109165,0.9756282567977905,0.39740559458732605,0.8547243475914001,0.01958596520125866,0.935894787311554
15,turn,0.42292189598083496,0.12169040739536285,-0.2406703680753708,0.9999712705612183,0.4285026490688324,0.10679067671298981,-0.22628645598888397,0.9999626278877258,0.43257156014442444,0.10642769187688828,-0.2263116091489792,0.9999657273292542,0.43534812331199646,0.1063055545091629,-0.22627918422222137,0.9999681711196899,0.41766706109046936,0.10867495089769363,-0.2240748405456543,0.9999515414237976,0.41458988189697266,0.10942767560482025,-0.22407618165016174,0.9999469518661499,0.4112350046634674,0.11069270223379135,-0.22407829761505127,0.9999524354934692,0.4414239823818207,0.11533357948064804,-0.12876899540424347,0.9999594688415527,0.4090363383293152,0.12035033851861954,-0.12368955463171005,0.9998986124992371,0.4316044747829437,0.13986371457576752,-0.20559465885162354,0.9999722242355347,0.4174923300743103,0.14119325578212738,-0.20220732688903809,0.9999563097953796,0.4744808077812195,0.21219970285892487,-0.06982558965682983,0.9999834299087524,0.3887975811958313,0.2222997397184372,-0.04877438768744469,0.9998741745948792,0.4900556206703186,0.3283502459526062,-0.04496893659234047,0.9932549595832825,0.3790733218193054,0.34538742899894714,-0.01232525147497654,0.8084070086479187,0.4881959855556488,0.44156497716903687,-0.1523713916540146,0.9855970740318298,0.3764839768409729,0.45335033535957336,-0.10570427030324936,0.8049347996711731,0.4888579845428467,0.4781414866447449,-0.1846243292093277,0.9701123833656311,0.37639984488487244,0.487883985042572,-0.13489696383476257,0.784676730632782,0.48202377557754517,0.4742843210697174,-0.21550655364990234,0.9704278111457825,0.3827565312385559,0.4846600294113159,-0.1652073711156845,0.787241518497467,0.48043423891067505,0.464555948972702,-0.16621409356594086,0.9598481059074402,0.38491716980934143,0.47484198212623596,-0.11951281875371933,0.7804218530654907,0.45837506651878357,0.4526822865009308,-0.012291123159229755,0.9995414614677429,0.40831804275512695,0.4526682496070862,0.012300604023039341,0.9991217851638794,0.454590380191803,0.6217976212501526,-0.01676870882511139,0.976691722869873,0.4073978364467621,0.6261136531829834,0.005374070722609758,0.862292468547821,0.45176178216934204,0.78719162940979,0.11744798719882965,0.9815744757652283,0.41711941361427307,0.7889185547828674,0.12938040494918823,0.9073941707611084,0.4478251039981842,0.8064541220664978,0.1219462901353836,0.8636965155601501,0.42333894968032837,0.8099561929702759,0.13353747129440308,0.8499391078948975,0.4588657021522522,0.8492413759231567,-0.0026691448874771595,0.9765767455101013,0.3974749445915222,0.8548501133918762,0.01544339768588543,0.9408984780311584
16,turn,0.4229404032230377,0.12179279327392578,-0.24368560314178467,0.999973714351654,0.4285446107387543,0.10691816359758377,-0.22856256365776062,0.9999647736549377,0.43261322379112244,0.1065468117594719,-0.2285875380039215,0.9999675154685974,0.4354008734226227,0.1064218282699585,-0.22855529189109802,0.9999696016311646,0.41769522428512573,0.10877905040979385,-0.22691936790943146,0.9999547600746155,0.4146137237548828,0.10952485352754593,-0.2269175499677658,0.9999503493309021,0.41124778985977173,0.11079534143209457,-0.22691607475280762,0.9999553561210632,0.44145625829696655,0.11539947986602783,-0.12911580502986908,0.9999606609344482,0.4090438485145569,0.1204448714852333,-0.12421812117099762,0.999904990196228,0.4316036105155945,0.1399623155593872,-0.20708730816841125,0.9999743700027466,0.41750583052635193,0.1412668079137802,-0.20459076762199402,0.9999599456787109,0.4744424819946289,0.2123224437236786,-0.07234097272157669,0.9999833106994629,0.38873496651649475,0.22228050231933594,-0.04919978231191635,0.9998825788497925,0.48996061086654663,0.32824191451072693,-0.048478301614522934,0.9930976629257202,0.37907591462135315,0.3453713059425354,-0.012538805603981018,0.8257008194923401,0.4882177412509918,0.44165679812431335,-0.15903636813163757,0.9857000708580017,0.37620967626571655,0.4534096121788025,-0.10680224746465683,0.8218460083007812,0.4889651834964752,0.47821900248527527,-0.19228079915046692,0.97038733959198,0.3762512505054474,0.48796162009239197,-0.13628442585468292,0.8011013865470886,0.4821062982082367,0.47441112995147705,-0.22303731739521027,0.9707541465759277,0.3826030492782593,0.4847647249698639,-0.16684433817863464,0.8036378622055054,0.48050522804260254,0.46465542912483215,-0.17319707572460175,0.9604918956756592,0.3847065269947052,0.47497567534446716,-0.12069912254810333,0.7966891527175903,0.4582366347312927,0.45256802439689636,-0.01243806816637516,0.9995604753494263,0.4082082211971283,0.4525820016860962,0.012446919456124306,0.9991854429244995,0.45461106300354004,0.6217225193977356,-0.020272795110940933,0.9781866073608398,0.40742403268814087,0.6257879734039307,0.004788446240127087,0.8751267194747925,0.4517084062099457,0.7876083254814148,0.11638800799846649,0.982448160648346,0.41710686683654785,0.7890262007713318,0.12884846329689026,0.9157417416572571,0.4478093981742859,0.8066968321800232,0.12099021673202515,0.8630761504173279,0.4233032763004303,0.8101513385772705,0.13302241265773773,0.8552653193473816,0.45871561765670776,0.8500352501869202,-0.00601561926305294,0.9774320721626282,0.3974863290786743,0.8548463582992554,0.015018312260508537,0.9454417824745178
17,turn,0.4229845106601715,0.12192178517580032,-0.2429232895374298,0.9999759197235107,0.4285975992679596,0.10704641044139862,-0.22780868411064148,0.9999667406082153,0.4326604902744293,0.10664726793766022,-0.22783279418945312,0.9999691843986511,0.4354557394981384,0.10651148855686188,-0.22780120372772217,0.9999709129333496,0.4177417755126953,0.1089307889342308,-0.22611577808856964,0.9999577403068542,0.4146556854248047,0.10968664288520813,-0.22611430287361145,0.9999535083770752,0.4112788140773773,0.11100425571203232,-0.2261125147342682,0.9999580979347229,0.44151216745376587,0.11549527198076248,-0.12906743586063385,0.9999617338180542,0.409060537815094,0.12063656002283096,-0.12347787618637085,0.9999108910560608,0.4316561222076416,0.14005549252033234,-0.20632736384868622,0.9999762773513794,0.4175509512424469,0.1413564682006836,-0.2038072645664215,0.9999632239341736,0.47448673844337463,0.21248462796211243,-0.07167811691761017,0.9999831318855286,0.38874301314353943,0.22243273258209229,-0.04854914918541908,0.9998904466629028,0.48995909094810486,0.3282620906829834,-0.048110321164131165,0.992891788482666,0.37901562452316284,0.34524884819984436,-0.011884423904120922,0.8412546515464783,0.48815545439720154,0.4417174160480499,-0.15873810648918152,0.9856461882591248,0.37608689069747925,0.4534280598163605,-0.10545029491186142,0.837019145488739,0.4889380931854248,0.47841814160346985,-0.19141730666160583,0.9703719615936279,0.37631282210350037,0.48806604743003845,-0.13459190726280212,0.8157987594604492,0.4819742739200592,0.4746677279472351,-0.22109441459178925,0.9707986116409302,0.382621705532074,0.484841912984848,-0.16489198803901672,0.8183028697967529,0.480333149433136,0.46486932039260864,-0.17222315073013306,0.9607417583465576,0.3846549987792969,0.47506967186927795,-0.1192583218216896,0.811184287071228,0.45824480056762695,0.4525398313999176,-0.01242774073034525,0.9995782971382141,0.40821021795272827,0.45256948471069336,0.012437180615961552,0.9992443919181824,0.45472803711891174,0.6217453479766846,-0.0203363336622715,0.9795457720756531,0.40743908286094666,0.6256608963012695,0.004671524744480848,0.8867303133010864,0.45174771547317505,0.7879692912101746,0.11502188444137573,0.9833006262779236,0.41712290048599243,0.7892780900001526,0.1279486119747162,0.9233314394950867,0.4478580951690674,0.8072431087493896,0.11936654895544052,0.8636389970779419,0.42332226037979126,0.8107697367668152,0.13202624022960663,0.8603214025497437,0.45874348282814026,0.8501423597335815,-0.007888353429734707,0.9783449172973633,0.39750710129737854,0.8547186255455017,0.014179063960909843,0.9496331214904785
18,turn,0.4231211245059967,0.12193506956100464,-0.2487354278564453,0.9999778866767883,0.4287552237510681,0.10708661377429962,-0.23349229991436005,0.9999684691429138,0.4327941834926605,0.10667052865028381,-0.23351316154003143,0.9999706149101257,0.4355635643005371,0.10654310882091522,-0.2334795892238617,0.9999720454216003,0.41784581542015076,0.10901996493339539,-0.23214764893054962,0.9999603629112244,0.4147489070892334,0.109786756336689,-0.2321494072675705,0.9999563694000244,0.41135329008102417,0.11113759130239487,-0.23214897513389587,0.9999605417251587,0.4416244626045227,0.11556971818208694,-0.13426673412322998,0.9999625086784363,0.4090929925441742,0.12076440453529358,-0.12906984984874725,0.9999161958694458,0.4318113327026367,0.14003205299377441,-0.21148622035980225,0.9999779462814331,0.41765108704566956,0.14136116206645966,-0.20959050953388214,0.9999661445617676,0.4745789170265198,0.21262222528457642,-0.07242028415203094,0.9999827146530151,0.3887491822242737,0.22250014543533325,-0.05350959300994873,0.9998974204063416,0.49013835191726685,0.32851642370224,-0.04926154017448425,0.9927027821540833,0.3789801001548767,0.34529298543930054,-0.01616821065545082,0.8552442789077759,0.4878787100315094,0.4417426288127899,-0.15722982585430145,0.9855989813804626,0.37611812353134155,0.4534674882888794,-0.10920411348342896,0.8506008982658386,0.4885261654853821,0.47864705324172974,-0.18935906887054443,0.9703595042228699,0.37639835476875305,0.48813408613204956,-0.1382664144039154,0.8289076089859009,0.48151177167892456,0.4749525189399719,-0.22057251632213593,0.9708400368690491,0.382686048746109,0.48494240641593933,-0.16848698258399963,0.8313812613487244,0.4798591732978821,0.4651913642883301,-0.17126908898353577,0.9609759449958801,0.38469070196151733,0.47518759965896606,-0.12289556115865707,0.8241037130355835,0.4581962525844574,0.4522290527820587,-0.01217693742364645,0.9995908737182617,0.40822601318359375,0.4523681104183197,0.01218288205564022,0.9992953538894653,0.454706609249115,0.621612012386322,-0.01961011067032814,0.9807025790214539,0.4074491858482361,0.6255151629447937,0.00486371573060751,0.897100567817688,0.45178332924842834,0.7881277203559875,0.11331343650817871,0.9840149283409119,0.4171183109283447,0.7892671227455139,0.1258082538843155,0.9300858378410339,0.44786667823791504,0.8074319362640381,0.11709312349557877,0.8638942241668701,0.42333167791366577,0.8108694553375244,0.12961840629577637,0.8644256591796875,0.4586850702762604,0.8502523899078369,-0.008813699707388878,0.9790643453598022,0.39752137660980225,0.8547253012657166,0.012071988545358181,0.95329350233078
19,turn,0.42333611845970154,0.12178456783294678,-0.25432783365249634,0.9999796748161316,0.429006427526474,0.10698213428258896,-0.23908491432666779,0.9999700784683228,0.4330023229122162,0.10657578706741333,-0.2391030490398407,0.9999719262123108,0.43571776151657104,0.10646486282348633,-0.23906588554382324,0.9999731183052063,0.41800814867019653,0.10897038877010345,-0.23778831958770752,0.9999628067016602,0.41489291191101074,0.10974501818418503,-0.23779141902923584,0.9999589920043945,0.4114704728126526,0.11110884696245193,-0.2377929985523224,0.9999627470970154,0.44177335500717163,0.11558648198843002,-0.14016155898571014,0.9999632239341736,0.4091319441795349,0.1207607164978981,-0.13447168469429016,0.9999210238456726,0.4320427477359772,0.13993249833583832,-0.2169514149427414,0.9999794960021973,0.41777855157852173,0.14126919209957123,-0.21516016125679016,0.9999688267707825,0.47471895813941956,0.2127343863248825,-0.07671753317117691,0.999982476234436,0.38877207040786743,0.22254560887813568,-0.05865864083170891,0.9999038577079773,0.49027013778686523,0.32972443103790283,-0.050030969083309174,0.9926177263259888,0.3789535462856293,0.345337450504303,-0.02094150148332119,0.8679380416870117,0.48753485083580017,0.44176504015922546,-0.15620090067386627,0.9857562780380249,0.37616458535194397,0.4536060690879822,-0.11425987631082535,0.8629857301712036,0.48808416724205017,0.4787949323654175,-0.18792429566383362,0.9706979990005493,0.3764689266681671,0.4882018268108368,-0.14334073662757874,0.8410043716430664,0.48105889558792114,0.4751744866371155,-0.2198665589094162,0.9712146520614624,0.3827512562274933,0.48500826954841614,-0.17360694706439972,0.8434330224990845,0.4794142246246338,0.46548569202423096,-0.17039117217063904,0.9615988731384277,0.3847443461418152,0.4752614200115204,-0.12788860499858856,0.8360411524772644,0.458249568939209,0.4522172212600708,-0.011649094521999359,0.9996052980422974,0.4082395136356354,0.452359139919281,0.011647622101008892,0.9993432760238647,0.45467352867126465,0.6216375231742859,-0.017841164022684097,0.981846809387207,0.4074644148349762,0.625423789024353,0.005355515517294407,0.9065014719963074,0.4517982602119446,0.78843092918396,0.11626818031072617,0.9847516417503357,0.41712722182273865,0.7893701195716858,0.12708787620067596,0.9362294673919678,0.447859525680542,0.8076412677764893,0.12073668092489243,0.8650004267692566,0.4233437180519104,0.8109317421913147,0.1312679648399353,0.8682953715324402,0.4588087201118469,0.8509292006492615,-0.0025483425706624985,0.9798474907875061,0.3975338339805603,0.8551432490348816,0.013616974465548992,0.9566798210144043
20,turn,0.4235536456108093,0.12176980078220367,-0.2601112127304077,0.9999812841415405,0.4292256236076355,0.10700073093175888,-0.24504594504833221,0.9999715685844421,0.4331855773925781,0.10660450905561447,-0.24506191909313202,0.9999731183052063,0.4358629286289215,0.10651300102472305,-0.2450224906206131,0.9999741315841675,0.4181785583496094,0.10899556428194046,-0.24373462796211243,0.9999650120735168,0.4150589108467102,0.10977660119533539,-0.24374184012413025,0.9999613761901855,0.41161584854125977,0.11116087436676025,-0.24374611675739288,0.9999648332595825,0.44192439317703247,0.11564470827579498,-0.14649483561515808,0.9999639391899109,0.4091868996620178,0.1208425760269165,-0.1403801441192627,0.999925434589386,0.4322893023490906,0.13990738987922668,-0.22268715500831604,0.9999809265136719,0.41796380281448364,0.1412552446126938,-0.22089752554893494,0.9999712705612183,0.47493353486061096,0.21280568838119507,-0.08337356150150299,0.9999822378158569,0.3888145089149475,0.22257618606090546,-0.06322891265153885,0.9999096989631653,0.4904753267765045,0.3318334221839905,-0.050634175539016724,0.9925802946090698,0.37894806265830994,0.34536856412887573,-0.023752521723508835,0.8794052600860596,0.4871940016746521,0.44242575764656067,-0.15575961768627167,0.9859369993209839,0.3762285113334656,0.45369693636894226,-0.11672085523605347,0.8741757869720459,0.4877207279205322,0.47911354899406433,-0.18697133660316467,0.9710598587989807,0.37653666734695435,0.48823660612106323,-0.14551252126693726,0.8519628047943115,0.4807313084602356,0.4754723310470581,-0.21926574409008026,0.9716050624847412,0.3828016221523285,0.48507577180862427,-0.17595259845256805,0.8543521165847778,0.4791010916233063,0.46589457988739014,-0.16993430256843567,0.9622098207473755,0.38479098677635193,0.4753391742706299,-0.13037000596523285,0.8468599915504456,0.45833414793014526,0.4523162841796875,-0.011539660394191742,0.9996159672737122,0.4082535207271576,0.45236915349960327,0.011532713659107685,0.999385416507721,0.4546601176261902,0.6220982670783997,-0.01653541438281536,0.9828963875770569,0.40747418999671936,0.6256228685379028,0.005762443877756596,0.9149907827377319,0.4517883360385895,0.7886525392532349,0.11683094501495361,0.9854357242584229,0.4171184003353119,0.7895117998123169,0.1278189718723297,0.9417779445648193,0.4478536546230316,0.8077942132949829,0.12138266861438751,0.8662340044975281,0.42335009574890137,0.8109914064407349,0.13205675780773163,0.8719501495361328,0.45880213379859924,0.8511121869087219,-0.000763154705055058,0.9805788397789001,0.3975440263748169,0.855159342288971,0.014789198525249958,0.9597574472427368
21,turn,0.42376279830932617,0.12179500609636307,-0.2619056701660156,0.9999827742576599,0.4294295310974121,0.10706101357936859,-0.24690544605255127,0.9999728798866272,0.433349072933197,0.106679268181324,-0.24691978096961975,0.9999741911888123,0.43599072098731995,0.10660846531391144,-0.24687938392162323,0.9999750256538391,0.418373167514801,0.10903759300708771,-0.24558880925178528,0.9999669790267944,0.41525715589523315,0.10982052236795425,-0.245597243309021,0.9999635219573975,0.41180163621902466,0.11120989918708801,-0.24560150504112244,0.9999666810035706,0.4420589506626129,0.11577437818050385,-0.14886285364627838,0.9999645948410034,0.4092702865600586,0.1209145337343216,-0.14249615371227264,0.9999293088912964,0.43247190117836,0.13994035124778748,-0.2246304750442505,0.9999821782112122,0.4181339144706726,0.14128726720809937,-0.22281217575073242,0.9999734163284302,0.47507429122924805,0.2128242701292038,-0.08660738170146942,0.9999821186065674,0.3888508677482605,0.2226286381483078,-0.06533276289701462,0.9999148845672607,0.4904703199863434,0.3325665295124054,-0.051486603915691376,0.9926227331161499,0.37891489267349243,0.34537965059280396,-0.025750160217285156,0.8897739052772522,0.4869839549064636,0.44259512424468994,-0.1553499400615692,0.9862257242202759,0.37628239393234253,0.4538116455078125,-0.11830025911331177,0.8842612504959106,0.48754358291625977,0.47925615310668945,-0.18619436025619507,0.971599280834198,0.37658601999282837,0.488303542137146,-0.14699144661426544,0.861810564994812,0.48056817054748535,0.47561633586883545,-0.21855804324150085,0.9721639156341553,0.3828158378601074,0.48516765236854553,-0.1774524450302124,0.8641629219055176,0.47894853353500366,0.4660677909851074,-0.16943803429603577,0.9630079865455627,0.38480183482170105,0.4754299223423004,-0.1319408118724823,0.8565733432769775,0.45844751596450806,0.45230966806411743,-0.011454155668616295,0.9996258616447449,0.4082937240600586,0.4523586630821228,0.011441720649600029,0.9994232058525085,0.45466551184654236,0.6221531629562378,-0.015968065708875656,0.9839059710502625,0.4074856638908386,0.6258150935173035,0.005875769536942244,0.9226616621017456,0.4517883360385895,0.788673460483551,0.11784397065639496,0.9860960841178894,0.41709819436073303,0.7894839644432068,0.1293334662914276,0.9467934370040894,0.4478481709957123,0.8077513575553894,0.12254160642623901,0.8673290014266968,0.42334866523742676,0.810894250869751,0.13367536664009094,0.8753005862236023,0.45877718925476074,0.8511041402816772,0.0008729895344004035,0.9812793731689453,0.39754778146743774,0.8552092909812927,0.0151820108294487,0.9625586271286011
22,turn,0.4238527715206146,0.12175264209508896,-0.26707613468170166,0.9999841451644897,0.429485946893692,0.10709032416343689,-0.25202038884162903,0.9999741315841675,0.43340665102005005,0.1067250669002533,-0.2520332932472229,0.9999752640724182,0.4360482692718506,0.10666950792074203,-0.25199446082115173,0.9999759197235107,0.41845187544822693,0.10904384404420853,-0.2507445216178894,0.9999688267707825,0.4153422713279724,0.10982358455657959,-0.25075796246528625,0.9999656081199646,0.411876916885376,0.11121350526809692,-0.2507653832435608,0.9999684691429138,0.44213205575942993,0.11587222665548325,-0.15279445052146912,0.9999653100967407,0.4093237519264221,0.12096540629863739,-0.14661355316638947,0.9999330639839172,0.43257030844688416,0.13996322453022003,-0.2292473018169403,0.9999833106994629,0.4182279706001282,0.14129386842250824,-0.22750863432884216,0.9999753832817078,0.47520989179611206,0.21274730563163757,-0.08945295214653015,0.9999817609786987,0.38887864351272583,0.2226792722940445,-0.06809763610363007,0.9999196529388428,0.4904729425907135,0.3327058255672455,-0.05423153564333916,0.99260413646698,0.37892383337020874,0.3454097509384155,-0.028431320562958717,0.8990939259529114,0.48688340187072754,0.44260868430137634,-0.1566312611103058,0.9863465428352356,0.37630316615104675,0.45382559299468994,-0.12234668433666229,0.8933026194572449,0.487300306558609,0.47921910881996155,-0.18760456144809723,0.971813976764679,0.376597136259079,0.48831406235694885,-0.15149161219596863,0.8705822825431824,0.4803299903869629,0.47559285163879395,-0.21924225986003876,0.9724125266075134,0.3828883767127991,0.4852236807346344,-0.1818164736032486,0.8729084730148315,0.4787788391113281,0.4660874307155609,-0.1704530268907547,0.963375985622406,0.38487452268600464,0.47548115253448486,-0.13592013716697693,0.8651559948921204,0.4586640000343323,0.4517832100391388,-0.011425954289734364,0.9996308088302612,0.4084082245826721,0.45187848806381226,0.011411289684474468,0.9994556307792664,0.4546416699886322,0.6214519739151001,-0.015869569033384323,0.9847407341003418,0.4075015187263489,0.62577885389328,0.005965155549347401,0.9295263886451721,0.451776921749115,0.7887300252914429,0.11714206635951996,0.9866478443145752,0.41704779863357544,0.7898222804069519,0.12909018993377686,0.9513121247291565,0.4478440284729004,0.8078238368034363,0.12177840620279312,0.8683520555496216,0.42331498861312866,0.8113690614700317,0.13327816128730774,0.8783198595046997,0.4587293565273285,0.8511294722557068,0.0007401015027426183,0.9818971157073975,0.3974260985851288,0.8553765416145325,0.014355504885315895,0.965083122253418
23,turn,0.4239498972892761,0.12177369743585587,-0.2693234086036682,0.99998539686203,0.42955589294433594,0.10714636743068695,-0.254266619682312,0.9999753832817078,0.43347495794296265,0.10678546875715256,-0.25427842140197754,0.9999763369560242,0.4361070692539215,0.10673706233501434,-0.2542403042316437,0.9999768137931824,0.41853347420692444,0.10908763855695724,-0.25298553705215454,0.9999706149101257,0.4154251217842102,0.10986807942390442,-0.2529987692832947,0.9999675750732422,0.4119400978088379,0.11126028001308441,-0.25300532579421997,0.9999701976776123,0.4421965479850769,0.11595121026039124,-0.1549602746963501,0.9999662637710571,0.4093698561191559,0.12102337926626205,-0.1486687809228897,0.9999367594718933,0.43266263604164124,0.14000296592712402,-0.2314409464597702,0.9999844431877136,0.418328195810318,0.14131903648376465,-0.22968177497386932,0.9999772310256958,0.47535258531570435,0.21274417638778687,-0.09133710712194443,0.9999815821647644,0.38890108466148376,0.22271639108657837,-0.0694446861743927,0.9999240636825562,0.49050503969192505,0.3330426812171936,-0.05512739345431328,0.9926453232765198,0.37893855571746826,0.34542328119277954,-0.02894514799118042,0.9075883030891418,0.4866473078727722,0.4428577721118927,-0.15642043948173523,0.9865389466285706,0.3763257563114166,0.4538649320602417,-0.12305615842342377,0.9015878438949585,0.48664769530296326,0.4793315529823303,-0.18714866042137146,0.9721477627754211,0.3766210675239563,0.4883517324924469,-0.1522016078233719,0.8787226676940918,0.47973817586898804,0.4756019115447998,-0.21892061829566956,0.9727678894996643,0.38294416666030884,0.48524707555770874,-0.182699516415596,0.8810199499130249,0.47831860184669495,0.4661003649234772,-0.17020031809806824,0.9638811945915222,0.38491666316986084,0.4755108654499054,-0.13670966029167175,0.873188316822052,0.4587945342063904,0.4517393410205841,-0.011475461535155773,0.9996353387832642,0.4085255563259125,0.4518319368362427,0.011460525915026665,0.9994847178459167,0.45462387800216675,0.6214308142662048,-0.015612182207405567,0.9855149984359741,0.4075130820274353,0.6259946823120117,0.00614189961925149,0.9356946349143982,0.45177268981933594,0.7887280583381653,0.11818890273571014,0.9871132373809814,0.4169607162475586,0.7902083396911621,0.1293639838695526,0.9553282856941223,0.4478132128715515,0.8078047037124634,0.12291066348552704,0.8684272170066833,0.42325347661972046,0.8118011355400085,0.1335487961769104,0.8806792497634888,0.4586826264858246,0.8510134220123291,0.0010731980437412858,0.9823698401451111,0.3973138630390167,0.855660080909729,0.015161583200097084,0.967275857925415
24,turn,0.424004465341568,0.1218273788690567,-0.26785486936569214,0.999986469745636,0.4295971393585205,0.10719775408506393,-0.2529526352882385,0.9999762773513794,0.4335193634033203,0.10683852434158325,-0.2529643177986145,0.9999770522117615,0.43615198135375977,0.1067848950624466,-0.2529253363609314,0.9999774098396301,0.41859516501426697,0.10914038866758347,-0.2515479624271393,0.9999719858169556,0.4154854714870453,0.1099190041422844,-0.2515609860420227,0.9999690651893616,0.41198545694351196,0.11130574345588684,-0.2515677809715271,0.9999715089797974,0.4422520101070404,0.11597394943237305,-0.1544647216796875,0.9999667406082153,0.40942883491516113,0.12107279151678085,-0.14754238724708557,0.9999395608901978,0.4327147603034973,0.14005035161972046,-0.2302667200565338,0.9999853372573853,0.41839566826820374,0.14136014878749847,-0.22832176089286804,0.99997878074646,0.47544485330581665,0.21276189386844635,-0.09181971848011017,0.9999814033508301,0.38893869519233704,0.2227514684200287,-0.06850162148475647,0.999927818775177,0.4905145764350891,0.3331356346607208,-0.056303758174180984,0.9926874041557312,0.37895485758781433,0.34545499086380005,-0.02807919681072235,0.9152109622955322,0.4864840507507324,0.442879855632782,-0.15628501772880554,0.9867430925369263,0.3763507008552551,0.45383885502815247,-0.12195710092782974,0.9090383648872375,0.48603448271751404,0.4793774485588074,-0.18708156049251556,0.972526490688324,0.37670013308525085,0.4883376657962799,-0.1509896069765091,0.8860517740249634,0.4791295528411865,0.4756126403808594,-0.2185192108154297,0.9731559157371521,0.3830374777317047,0.4852079749107361,-0.1814279854297638,0.8883198499679565,0.477825403213501,0.46611857414245605,-0.16995477676391602,0.9644300937652588,0.3849996030330658,0.475480854511261,-0.13559970259666443,0.880440354347229,0.4589542746543884,0.45172548294067383,-0.011517288163304329,0.9996387958526611,0.40864333510398865,0.45182642340660095,0.011503433808684349,0.9995102286338806,0.45460790395736694,0.6214130520820618,-0.015667084604501724,0.9862480163574219,0.4075070023536682,0.6263614892959595,0.006171430926769972,0.9412618279457092,0.4517635405063629,0.7886701226234436,0.11858054250478745,0.9875574707984924,0.41689029335975647,0.790309488773346,0.1300249546766281,0.9589540958404541,0.447798490524292,0.8077465295791626,0.12339717149734497,0.8683512210845947,0.4231996536254883,0.8118095397949219,0.13424237072467804,0.8829427361488342,0.45864787697792053,0.8509035110473633,0.0013450587866827846,0.9828256964683533,0.39731940627098083,0.8557795882225037,0.015445959754288197,0.9692681431770325
25,turn,0.4240535795688629,0.12185533344745636,-0.2656196355819702,0.9999873638153076,0.4296301305294037,0.10726477205753326,-0.250825971364975,0.9999768733978271,0.4335494637489319,0.10690516233444214,-0.250837504863739,0.9999774694442749,0.4361911416053772,0.10688316822052002,-0.25079795718193054,0.999977707862854,0.4186893105506897,0.10918035358190536,-0.2493247240781784,0.9999730587005615,0.41559234261512756,0.1100025400519371,-0.2493377923965454,0.9999702572822571,0.41208910942077637,0.11141493171453476,-0.24934497475624084,0.9999725222587585,0.4423101544380188,0.11611614376306534,-0.15295186638832092,0.9999666810035706,0.40955448150634766,0.12112594395875931,-0.14558473229408264,0.9999416470527649,0.4327549934387207,0.14008231461048126,-0.22825665771961212,0.9999861121177673,0.418483167886734,0.1413964182138443,-0.22618107497692108,0.999980092048645,0.47548753023147583,0.21277877688407898,-0.09109135717153549,0.9999810457229614,0.3890996277332306,0.2227799892425537,-0.06691952049732208,0.9999311566352844,0.4905639588832855,0.33340567350387573,-0.05640573427081108,0.9926907420158386,0.37896180152893066,0.34547847509384155,-0.026873353868722916,0.922026515007019,0.4862927496433258,0.44288626313209534,-0.1562650501728058,0.9868559837341309,0.3764289617538452,0.4537699520587921,-0.12054816633462906,0.9157446026802063,0.4855313301086426,0.47939011454582214,-0.1869972050189972,0.9727566242218018,0.376838356256485,0.4882972240447998,-0.14950236678123474,0.8926603198051453,0.4785412847995758,0.4756212532520294,-0.21846210956573486,0.9733965992927551,0.3832136392593384,0.485146164894104,-0.1798821985721588,0.8948989510536194,0.47732147574424744,0.4661269783973694,-0.16990868747234344,0.9647772908210754,0.3851678669452667,0.4754285216331482,-0.134183868765831,0.8869723081588745,0.4590749740600586,0.4516872465610504,-0.011590895242989063,0.9996407628059387,0.4088095724582672,0.45180243253707886,0.011573933064937592,0.9995328783988953,0.45456355810165405,0.6211950182914734,-0.015692073851823807,0.9869287014007568,0.40751513838768005,0.6263444423675537,0.006230590399354696,0.9462698698043823,0.4517597258090973,0.7886533141136169,0.11850515753030777,0.9879915714263916,0.4168016314506531,0.7903002500534058,0.13019797205924988,0.9622418284416199,0.44777336716651917,0.8076056838035583,0.12331323325634003,0.8681899905204773,0.4231070876121521,0.8117647171020508,0.1343967467546463,0.8851519227027893,0.4586101174354553,0.8508750200271606,0.0012426937464624643,0.9832841157913208,0.39732009172439575,0.8557764887809753,0.01582549884915352,0.9711047410964966
26,turn,0.42415985465049744,0.12186960875988007,-0.26416999101638794,0.9999881982803345,0.4297022223472595,0.10730518400669098,-0.2493779957294464,0.9999774694442749,0.43361416459083557,0.10694070160388947,-0.24939043819904327,0.9999778866767883,0.436251163482666,0.10694195330142975,-0.2493511438369751,0.9999780058860779,0.4188196063041687,0.10922175645828247,-0.24781951308250427,0.9999740123748779,0.41572898626327515,0.11009886115789413,-0.24783161282539368,0.999971330165863,0.41222667694091797,0.11155607551336288,-0.24783828854560852,0.999973475933075,0.4423975348472595,0.11624860018491745,-0.1518067568540573,0.9999666810035706,0.4096728265285492,0.12123461067676544,-0.14433583617210388,0.9999435544013977,0.43284544348716736,0.14011216163635254,-0.22692933678627014,0.9999868273735046,0.41860777139663696,0.1414245218038559,-0.2247813642024994,0.9999813437461853,0.4755774140357971,0.21278709173202515,-0.09049966186285019,0.9999808073043823,0.3892298638820648,0.22282573580741882,-0.06661342084407806,0.9999340772628784,0.490608274936676,0.3337037265300751,-0.057057928293943405,0.9926889538764954,0.3789743185043335,0.345721036195755,-0.026738161221146584,0.9281728267669678,0.4862286150455475,0.44286978244781494,-0.1578179895877838,0.9869758486747742,0.37654611468315125,0.45377209782600403,-0.11972626298666,0.9218209981918335,0.4852040410041809,0.4793984293937683,-0.18926380574703217,0.9729878306388855,0.37698155641555786,0.4882930815219879,-0.1487109363079071,0.8986691236495972,0.4781408905982971,0.4756232500076294,-0.21995015442371368,0.9736341834068298,0.3834007680416107,0.48514339327812195,-0.17904032766819,0.9008799195289612,0.4769924581050873,0.4661094546318054,-0.17125993967056274,0.9651080369949341,0.3853829801082611,0.4754278063774109,-0.13335974514484406,0.8929221034049988,0.45922741293907166,0.45168977975845337,-0.011709709651768208,0.9996444582939148,0.40900325775146484,0.4518076479434967,0.011691669933497906,0.9995545744895935,0.4545508027076721,0.6211774349212646,-0.0157199427485466,0.9875859618186951,0.40752124786376953,0.6263453364372253,0.006534649524837732,0.9508364200592041,0.4517531991004944,0.7886189818382263,0.11966012418270111,0.9884316921234131,0.416668176651001,0.7902926802635193,0.13215914368629456,0.9652600288391113,0.44776248931884766,0.8075644373893738,0.12466949224472046,0.8687729239463806,0.4230186343193054,0.8117595314979553,0.13649368286132812,0.8874748945236206,0.4585886001586914,0.8508533835411072,0.0021357261575758457,0.9837820529937744,0.3973342776298523,0.8558042645454407,0.017299484461545944,0.972829282283783
27,turn,0.42428627610206604,0.12195371091365814,-0.26512062549591064,0.9999889135360718,0.42980092763900757,0.10740411281585693,-0.250375360250473,0.9999779462814331,0.4336988925933838,0.10703152418136597,-0.25038594007492065,0.999978244304657,0.43632450699806213,0.10706298798322678,-0.2503456771373749,0.999978244304657,0.4189527928829193,0.10932287573814392,-0.24883969128131866,0.9999748468399048,0.415867418050766,0.1102738156914711,-0.2488546073436737,0.9999722838401794,0.412372887134552,0.11178269982337952,-0.24886326491832733,0.999974250793457,0.4424747824668884,0.11643249541521072,-0.1526298075914383,0.9999666213989258,0.4097874164581299,0.12139395624399185,-0.1451563537120819,0.9999451637268066,0.43296757340431213,0.14012368023395538,-0.22776296734809875,0.9999873638153076,0.4187392592430115,0.1414383500814438,-0.22564396262168884,0.9999824166297913,0.4756411910057068,0.21279388666152954,-0.0910598486661911,0.9999804496765137,0.3894100785255432,0.2228623479604721,-0.06639424711465836,0.9999364614486694,0.490683376789093,0.333731085062027,-0.05799560621380806,0.9926930069923401,0.37898457050323486,0.3459313213825226,-0.02630237676203251,0.9337030053138733,0.4862031042575836,0.442734032869339,-0.1583729386329651,0.9870967268943787,0.3765907883644104,0.45375844836235046,-0.1196460872888565,0.9272714853286743,0.48502761125564575,0.47937947511672974,-0.1897507607936859,0.973220705986023,0.377017617225647,0.4882674813270569,-0.1486935019493103,0.9040520787239075,0.47795844078063965,0.47553199529647827,-0.2202262580394745,0.9738739132881165,0.3834485113620758,0.48513033986091614,-0.17889662086963654,0.9062355160713196,0.4768489897251129,0.46597835421562195,-0.17171266674995422,0.9654310941696167,0.38545238971710205,0.47542592883110046,-0.13321775197982788,0.8982167840003967,0.4593290388584137,0.45164239406585693,-0.011743243783712387,0.9996444582939148,0.4091565012931824,0.4517395496368408,0.011725959368050098,0.9995716214179993,0.4545404016971588,0.6205357313156128,-0.015483175404369831,0.9881574511528015,0.40752696990966797,0.6260849237442017,0.006612746510654688,0.9549216628074646,0.45174989104270935,0.7880584001541138,0.11945544183254242,0.9888062477111816,0.4164918065071106,0.7902733087539673,0.13187815248966217,0.9679430723190308,0.44775739312171936,0.8068063259124756,0.12440228462219238,0.8691794872283936,0.4229050576686859,0.8117426633834839,0.1361308991909027,0.8890761137008667,0.45855793356895447,0.8506383299827576,0.001986987888813019,0.9842028617858887,0.3973410725593567,0.8557697534561157,0.01692199520766735,0.9743205308914185
28,turn,0.42441096901893616,0.12202253192663193,-0.2644985616207123,0.9999895095825195,0.4299047589302063,0.10747826099395752,-0.24979010224342346,0.9999781250953674,0.43379345536231995,0.10710163414478302,-0.24980036914348602,0.9999783635139465,0.4364143908023834,0.10715529322624207,-0.24976015090942383,0.9999781847000122,0.41904354095458984,0.10939952731132507,-0.24824020266532898,0.9999754428863525,0.41595950722694397,0.11041171103715897,-0.24825474619865417,0.999972939491272,0.4124653935432434,0.11196427047252655,-0.24826371669769287,0.99997478723526,0.44258055090904236,0.11652981489896774,-0.15224263072013855,0.9999661445617676,0.4098621904850006,0.12156829982995987,-0.1446734517812729,0.9999463558197021,0.43312087655067444,0.14013925194740295,-0.22720742225646973,0.999987781047821,0.4188697934150696,0.1414595991373062,-0.22506487369537354,0.9999833106994629,0.47573429346084595,0.21284116804599762,-0.09083110839128494,0.9999798536300659,0.3895915448665619,0.22288739681243896,-0.06613369286060333,0.9999386668205261,0.4907766282558441,0.3338991403579712,-0.05812310054898262,0.9926362037658691,0.37900668382644653,0.3461354076862335,-0.0264761783182621,0.9387428164482117,0.4861668646335602,0.44279372692108154,-0.15817981958389282,0.987139105796814,0.376701295375824,0.45376840233802795,-0.12000284343957901,0.9322495460510254,0.4848628044128418,0.4794115424156189,-0.18954887986183167,0.9733408093452454,0.37714701890945435,0.48827022314071655,-0.14913485944271088,0.9090333580970764,0.4778223931789398,0.4755365550518036,-0.21992845833301544,0.9739955067634583,0.38362449407577515,0.4851403534412384,-0.17917564511299133,0.911178469657898,0.476756751537323,0.4659842252731323,-0.17149275541305542,0.965613842010498,0.3856455683708191,0.4754490852355957,-0.1334999054670334,0.9031431078910828,0.4594351351261139,0.4516776502132416,-0.011774657294154167,0.9996427297592163,0.40930357575416565,0.45173415541648865,0.0117573793977499,0.9995864629745483,0.4545520842075348,0.6204254627227783,-0.015297693200409412,0.9886786341667175,0.4075332283973694,0.6260366439819336,0.006694424897432327,0.9586127996444702,0.4517456591129303,0.7879468202590942,0.11985878646373749,0.9891192317008972,0.41635388135910034,0.7902452349662781,0.1318632960319519,0.970341145992279,0.4477458596229553,0.8066326379776001,0.1248275637626648,0.8693351149559021,0.4228115677833557,0.8117201924324036,0.1361130326986313,0.8905740976333618,0.4585098624229431,0.8504180908203125,0.0026534765493124723,0.9845288991928101,0.39730924367904663,0.8557597398757935,0.01701352372765541,0.9756217002868652
29,turn,0.4245378077030182,0.12208014726638794,-0.268143892288208,0.9999901056289673,0.43001288175582886,0.10753890872001648,-0.25349050760269165,0.9999786615371704,0.43388819694519043,0.10716382414102554,-0.2534969747066498,0.99997878074646,0.43649786710739136,0.10723832249641418,-0.2534562945365906,0.9999784827232361,0.41916409134864807,0.10945940017700195,-0.2520063519477844,0.9999763369560242,0.41608601808547974,0.11052247136831284,-0.2520222067832947,0.9999738931655884,0.41260403394699097,0.1121150553226471,-0.25203195214271545,0.9999756217002869,0.44267335534095764,0.11663047969341278,-0.15559227764606476,0.9999662041664124,0.4099603593349457,0.12170875072479248,-0.14840610325336456,0.9999482035636902,0.4332350790500641,0.14015460014343262,-0.23066797852516174,0.999988317489624,0.4190106987953186,0.14148274064064026,-0.2286444455385208,0.9999842643737793,0.4757668972015381,0.2129364013671875,-0.09291015565395355,0.9999794363975525,0.38970524072647095,0.2229042649269104,-0.06901230663061142,0.9999410510063171,0.4908461570739746,0.334048867225647,-0.05961568281054497,0.9926248788833618,0.3790198564529419,0.3466227948665619,-0.02915583923459053,0.9433146119117737,0.4860886037349701,0.4428020417690277,-0.15871459245681763,0.9872242212295532,0.3768455684185028,0.45378756523132324,-0.12275054305791855,0.9367912411689758,0.4848533570766449,0.47942471504211426,-0.1899699717760086,0.97348952293396,0.3772439956665039,0.48826757073402405,-0.15191201865673065,0.9136077165603638,0.4778006672859192,0.47553905844688416,-0.22019906342029572,0.9741516709327698,0.3837510645389557,0.4851425290107727,-0.18170449137687683,0.9157131314277649,0.4767114520072937,0.46598121523857117,-0.17194435000419617,0.9658281207084656,0.38582170009613037,0.475474089384079,-0.13607755303382874,0.9076435565948486,0.45949482917785645,0.45167604088783264,-0.011784238740801811,0.9996426105499268,0.40938812494277954,0.45170074701309204,0.011765988543629646,0.9996014833450317,0.4545467495918274,0.6202714443206787,-0.013679908588528633,0.9891312718391418,0.40753665566444397,0.6260313391685486,0.006975751370191574,0.96195387840271,0.45175614953041077,0.787932276725769,0.1203593984246254,0.9894316792488098,0.41622763872146606,0.7902356386184692,0.13187971711158752,0.9725373983383179,0.4477477967739105,0.8065974116325378,0.1252313256263733,0.8703622817993164,0.42273473739624023,0.8117364048957825,0.13612094521522522,0.892120361328125,0.45850127935409546,0.8503113389015198,0.0032594024669378996,0.9848822951316833,0.39731115102767944,0.8557414412498474,0.01708442158997059,0.9768428802490234
30,turn,0.42463192343711853,0.12213360518217087,-0.2680509686470032,0.999990701675415,0.4301118850708008,0.10756286978721619,-0.2533087134361267,0.9999791979789734,0.43397408723831177,0.10718130320310593,-0.25331658124923706,0.9999791979789734,0.4365746080875397,0.10725697129964828,-0.25327545404434204,0.9999788403511047,0.4192567765712738,0.1094869077205658,-0.25186094641685486,0.999977171421051,0.4161814749240875,0.1105685755610466,-0.251876562833786,0.99997478723526,0.41270527243614197,0.11217937618494034,-0.2518851161003113,0.999976396560669,0.44275468587875366,0.11666516959667206,-0.15527476370334625,0.9999664425849915,0.4100371301174164,0.12176215648651123,-0.14819826185703278,0.9999499320983887,0.43332481384277344,0.14016525447368622,-0.2305452823638916,0.9999887943267822,0.41910552978515625,0.14150841534137726,-0.22856083512306213,0.9999850988388062,0.4758114218711853,0.21294566988945007,-0.09278309345245361,0.9999790191650391,0.3898307979106903,0.22307941317558289,-0.0689777359366417,0.9999428987503052,0.4909179210662842,0.3342318534851074,-0.05949992686510086,0.9926210045814514,0.37902703881263733,0.34684470295906067,-0.02922161854803562,0.9472965002059937,0.48600736260414124,0.442904531955719,-0.15813104808330536,0.9872540235519409,0.3769850432872772,0.45378485321998596,-0.1229531392455101,0.9406135678291321,0.4848155379295349,0.47944262623786926,-0.18910226225852966,0.9735456109046936,0.37736600637435913,0.4882638156414032,-0.15208320319652557,0.9172356128692627,0.4777708947658539,0.4755510985851288,-0.21926388144493103,0.9742180109024048,0.38392096757888794,0.48513975739479065,-0.18187998235225677,0.9193267822265625,0.476668119430542,0.4659953713417053,-0.17129182815551758,0.9659346342086792,0.3860136866569519,0.4754735827445984,-0.13628476858139038,0.9111751914024353,0.45961394906044006,0.4516896903514862,-0.011791766621172428,0.9996414184570312,0.40954160690307617,0.45166951417922974,0.01177307590842247,0.9996136426925659,0.454542875289917,0.619488000869751,-0.012509576976299286,0.9895009398460388,0.4075384736061096,0.6260859370231628,0.0076855882070958614,0.9649093151092529,0.45178309082984924,0.787902295589447,0.12035095691680908,0.9896901249885559,0.41608327627182007,0.7902271747589111,0.13186994194984436,0.9744880795478821,0.447748601436615,0.8065765500068665,0.12512949109077454,0.8705824613571167,0.42265844345092773,0.8117223381996155,0.13607968389987946,0.8935754895210266,0.45848387479782104,0.8502703905105591,0.0032374481670558453,0.985148012638092,0.39716604351997375,0.8557201623916626,0.017128899693489075,0.9779187440872192
31,turn,0.4248715341091156,0.12231552600860596,-0.2673392593860626,0.999991238117218,0.4303320050239563,0.10769990086555481,-0.25260084867477417,0.9999797940254211,0.43416085839271545,0.10732875764369965,-0.25260961055755615,0.9999796748161316,0.436725914478302,0.10742852091789246,-0.252568781375885,0.9999792575836182,0.41947442293167114,0.10961062461137772,-0.2511428892612457,0.9999780058860779,0.41638994216918945,0.11077075451612473,-0.2511574625968933,0.9999756813049316,0.41294336318969727,0.11241066455841064,-0.2511652112007141,0.999977171421051,0.44290295243263245,0.11677560955286026,-0.1546899378299713,0.9999668598175049,0.4101598262786865,0.12191104888916016,-0.1475367695093155,0.9999516606330872,0.43352746963500977,0.14024952054023743,-0.22988834977149963,0.9999892711639404,0.41929441690444946,0.14163735508918762,-0.2278769314289093,0.9999858736991882,0.4758925437927246,0.21295982599258423,-0.09250227361917496,0.9999790787696838,0.38999730348587036,0.2230992168188095,-0.06844739615917206,0.9999449253082275,0.49100011587142944,0.3343924582004547,-0.059425272047519684,0.9926382899284363,0.3790343105792999,0.34687355160713196,-0.02875368297100067,0.9509274363517761,0.4859439432621002,0.442912220954895,-0.15804144740104675,0.9873975515365601,0.3771544396877289,0.4537648558616638,-0.12261728942394257,0.944162130355835,0.4848008155822754,0.4794427156448364,-0.1890854388475418,0.9738264679908752,0.377488911151886,0.48824256658554077,-0.15175923705101013,0.9206975698471069,0.47776442766189575,0.47554320096969604,-0.21919600665569305,0.9744991660118103,0.3841003477573395,0.4851192831993103,-0.1816490888595581,0.9227667450904846,0.47663721442222595,0.4659951627254486,-0.17120227217674255,0.9663056135177612,0.3862096965312958,0.4754588305950165,-0.13599230349063873,0.9146034717559814,0.45968571305274963,0.45170605182647705,-0.011865715496242046,0.9996430277824402,0.4096904695034027,0.45164090394973755,0.01184842549264431,0.9996261596679688,0.4545557498931885,0.6194839477539062,-0.010756309144198895,0.9898476600646973,0.4075382351875305,0.6261948943138123,0.009532823227345943,0.9675484895706177,0.4518144130706787,0.7878766655921936,0.12099885940551758,0.9899279475212097,0.4160501956939697,0.7901578545570374,0.13324430584907532,0.9762122631072998,0.44774603843688965,0.8065617680549622,0.12563008069992065,0.8708683252334595,0.42264804244041443,0.8116521835327148,0.13742345571517944,0.8948320746421814,0.45847487449645996,0.8502416014671326,0.003978439141064882,0.9853718876838684,0.3970978260040283,0.8557032346725464,0.01898893341422081,0.978848934173584
32,turn,0.4250570237636566,0.12234660983085632,-0.2713983356952667,0.9999917149543762,0.43051204085350037,0.1077272817492485,-0.2566711902618408,0.9999802708625793,0.4343089163303375,0.10736088454723358,-0.25668078660964966,0.999980092048645,0.43685755133628845,0.10746188461780548,-0.25663942098617554,0.9999796152114868,0.41964420676231384,0.10964865982532501,-0.25535112619400024,0.9999787211418152,0.41655558347702026,0.11084304749965668,-0.25536853075027466,0.9999765157699585,0.4131351113319397,0.11250032484531403,-0.25537675619125366,0.9999778866767883,0.4430457055568695,0.11679958552122116,-0.15820154547691345,0.9999672174453735,0.4102669358253479,0.12200583517551422,-0.1516444981098175,0.9999533295631409,0.43370285630226135,0.14026734232902527,-0.2336999475955963,0.9999896883964539,0.4194508194923401,0.14166899025440216,-0.23185913264751434,0.9999865889549255,0.4759984612464905,0.21297098696231842,-0.09492599219083786,0.9999788403511047,0.39013996720314026,0.22311191260814667,-0.07143783569335938,0.9999467134475708,0.49106860160827637,0.3347427248954773,-0.060641027987003326,0.9926332831382751,0.3790387511253357,0.3469837009906769,-0.030869191512465477,0.9542624354362488,0.4858896732330322,0.44294601678848267,-0.1590149700641632,0.9873976707458496,0.3772599995136261,0.4537733197212219,-0.12466684728860855,0.9473602175712585,0.48479127883911133,0.47944822907447815,-0.19001613557338715,0.9738288521766663,0.3775594234466553,0.48824048042297363,-0.1536180078983307,0.9237759709358215,0.47775712609291077,0.4755440950393677,-0.22018563747406006,0.9745079278945923,0.3841733932495117,0.48512205481529236,-0.1836692988872528,0.9258305430412292,0.47661224007606506,0.46599870920181274,-0.17219237983226776,0.9663416743278503,0.3863007426261902,0.4754655957221985,-0.1380685418844223,0.9176379442214966,0.45975542068481445,0.45175594091415405,-0.011886714957654476,0.999641478061676,0.4097657799720764,0.45163094997406006,0.011868191882967949,0.9996356964111328,0.4545726180076599,0.6190552115440369,-0.010755347087979317,0.9901400208473206,0.40754103660583496,0.6261933445930481,0.010277511551976204,0.9699103236198425,0.45183974504470825,0.7877774834632874,0.12086530029773712,0.9901244640350342,0.416024774312973,0.7899649143218994,0.13328202068805695,0.9777472615242004,0.44774359464645386,0.8063585162162781,0.12552914023399353,0.8707419037818909,0.4226357340812683,0.8115435242652893,0.1374269276857376,0.8958806395530701,0.4584655165672302,0.8502259254455566,0.003939961548894644,0.985552966594696,0.3970198631286621,0.8556841611862183,0.019025292247533798,0.979682445526123
33,turn,0.4251610338687897,0.12238182127475739,-0.2751271724700928,0.9999921917915344,0.43061304092407227,0.10775702446699142,-0.26033344864845276,0.9999809265136719,0.43440261483192444,0.10738655924797058,-0.2603415846824646,0.9999806880950928,0.436940997838974,0.1074833944439888,-0.2603003978729248,0.9999801516532898,0.4197542071342468,0.10968182981014252,-0.2591761350631714,0.9999796152114868,0.41667285561561584,0.11087220162153244,-0.25919318199157715,0.9999775290489197,0.4132623076438904,0.11252633482217789,-0.25919967889785767,0.99997878074646,0.44314712285995483,0.11684587597846985,-0.16148856282234192,0.9999679327011108,0.41036075353622437,0.12202762812376022,-0.15581467747688293,0.9999553561210632,0.4337967038154602,0.1402864307165146,-0.23731729388237,0.9999901652336121,0.41953420639038086,0.14168788492679596,-0.23572218418121338,0.9999873638153076,0.476043701171875,0.2129768431186676,-0.09700752049684525,0.9999786019325256,0.3901694118976593,0.2232435792684555,-0.07542569190263748,0.9999485611915588,0.49111977219581604,0.3350673019886017,-0.061008431017398834,0.9926332235336304,0.37902727723121643,0.3472280204296112,-0.03460540622472763,0.9573225975036621,0.48585453629493713,0.4429578185081482,-0.15895408391952515,0.987407922744751,0.37731367349624634,0.45377930998802185,-0.1278298944234848,0.9503201842308044,0.4848118722438812,0.4794566333293915,-0.18981164693832397,0.9738271236419678,0.377598375082016,0.4882390797138214,-0.1565769612789154,0.9266822934150696,0.47778135538101196,0.47554779052734375,-0.22006145119667053,0.9745164513587952,0.3842433989048004,0.4851206839084625,-0.18664485216140747,0.928716778755188,0.4766082167625427,0.466020792722702,-0.17213128507137299,0.9663817882537842,0.3863827586174011,0.4754655957221985,-0.14117629826068878,0.9205077886581421,0.4598035216331482,0.45177900791168213,-0.011875560507178307,0.9996410012245178,0.4098425507545471,0.4516236484050751,0.011855391785502434,0.9996451139450073,0.45457202196121216,0.6189807653427124,-0.009657692164182663,0.9903885126113892,0.40755271911621094,0.6261895895004272,0.01070816908031702,0.9720449447631836,0.4518600106239319,0.7877671122550964,0.120486781001091,0.9903120398521423,0.41599202156066895,0.7898685932159424,0.1328769475221634,0.979136049747467,0.44774189591407776,0.8063444495201111,0.12476253509521484,0.8712401986122131,0.42261171340942383,0.8115122318267822,0.13682930171489716,0.8968722820281982,0.4584580063819885,0.8502160906791687,0.00318732182495296,0.9857268333435059,0.39701494574546814,0.8556681871414185,0.01861194148659706,0.9804412722587585
34,turn,0.4252987504005432,0.12245453894138336,-0.2760571241378784,0.9999926090240479,0.4307582378387451,0.10784181207418442,-0.26125210523605347,0.9999815821647644,0.43452224135398865,0.10747992992401123,-0.2612599730491638,0.9999812841415405,0.43704017996788025,0.10759928077459335,-0.2612190842628479,0.9999806880950928,0.41991138458251953,0.10973786562681198,-0.26016688346862793,0.9999804496765137,0.41682004928588867,0.11095001548528671,-0.2601822316646576,0.9999784231185913,0.4134288430213928,0.11260349303483963,-0.260187566280365,0.9999796152114868,0.44325098395347595,0.11695556342601776,-0.16213443875312805,0.9999685883522034,0.410464346408844,0.12205321341753006,-0.15685711801052094,0.9999572038650513,0.43388456106185913,0.14033007621765137,-0.2381204068660736,0.9999905824661255,0.4196503162384033,0.1417272835969925,-0.23664529621601105,0.9999880194664001,0.47606372833251953,0.21298949420452118,-0.09714356064796448,0.9999784231185913,0.39023035764694214,0.22329796850681305,-0.07606430351734161,0.9999502301216125,0.4911934733390808,0.3352939784526825,-0.060948293656110764,0.9926013350486755,0.379027783870697,0.3472391664981842,-0.03448411822319031,0.960044801235199,0.48586612939834595,0.44296684861183167,-0.15742769837379456,0.987339973449707,0.3773730993270874,0.4537787139415741,-0.12733416259288788,0.9529103636741638,0.48493948578834534,0.47947967052459717,-0.18768125772476196,0.9736813306808472,0.3776243031024933,0.4882497489452362,-0.15599416196346283,0.9291889071464539,0.477891206741333,0.4755600392818451,-0.2181958258152008,0.9743854403495789,0.38430285453796387,0.48513323068618774,-0.18609492480754852,0.9312112927436829,0.4766632914543152,0.4660570025444031,-0.17066363990306854,0.9662485718727112,0.3864552080631256,0.475481241941452,-0.14068976044654846,0.9229578971862793,0.45985135436058044,0.45177969336509705,-0.0118184769526124,0.9996399283409119,0.40995511412620544,0.4516180753707886,0.011796358972787857,0.9996530413627625,0.45461148023605347,0.6191651821136475,-0.009710805490612984,0.9905745983123779,0.4075971245765686,0.6261770129203796,0.010662771761417389,0.9739478230476379,0.45187535881996155,0.7877949476242065,0.11929062753915787,0.9904273748397827,0.41599002480506897,0.7898107767105103,0.13114702701568604,0.9803482890129089,0.44774872064590454,0.806378960609436,0.12325330823659897,0.8710967302322388,0.4226096570491791,0.8114591836929321,0.1348804533481598,0.8973363041877747,0.458462655544281,0.850191593170166,0.001402208348736167,0.9858094453811646,0.39701759815216064,0.8556442260742188,0.01655264012515545,0.9810670614242554
35,turn,0.42536813020706177,0.12250519543886185,-0.2768702805042267,0.9999930262565613,0.4308462142944336,0.1078820675611496,-0.26206281781196594,0.9999821782112122,0.43460583686828613,0.10752040892839432,-0.2620716094970703,0.9999818205833435,0.4371159076690674,0.10765690356492996,-0.26203063130378723,0.9999812245368958,0.41999155282974243,0.10976342111825943,-0.2609468102455139,0.9999812245368958,0.4168979227542877,0.11098003387451172,-0.2609618008136749,0.9999792575836182,0.41351112723350525,0.11263248324394226,-0.2609668970108032,0.9999803900718689,0.4433434009552002,0.1170138567686081,-0.1630619615316391,0.9999693036079407,0.4105299115180969,0.12206818163394928,-0.15763512253761292,0.9999589323997498,0.4339306950569153,0.14036524295806885,-0.239006906747818,0.9999909996986389,0.41969823837280273,0.14175663888454437,-0.23748473823070526,0.9999886751174927,0.47608208656311035,0.21299895644187927,-0.09777168929576874,0.9999783039093018,0.3902927041053772,0.22334179282188416,-0.07710981369018555,0.9999515414237976,0.49134737253189087,0.3354324698448181,-0.06083975359797478,0.9926440715789795,0.3790290653705597,0.3473372757434845,-0.035338129848241806,0.9624611139297485,0.48595982789993286,0.44298726320266724,-0.15675538778305054,0.9873724579811096,0.37747111916542053,0.4537986218929291,-0.1282549798488617,0.9552016258239746,0.48520427942276,0.4794861674308777,-0.1867818981409073,0.9737082719802856,0.3776748776435852,0.4882548451423645,-0.15675535798072815,0.9313821792602539,0.4781295657157898,0.4755636751651764,-0.21723806858062744,0.9744189381599426,0.3843866288661957,0.4851558208465576,-0.18697646260261536,0.9333949685096741,0.47684192657470703,0.4660817086696625,-0.16994157433509827,0.9663434624671936,0.3865545392036438,0.47552046179771423,-0.14163002371788025,0.9251226782798767,0.45985788106918335,0.4517899453639984,-0.011818937957286835,0.9996381998062134,0.4100317358970642,0.45160621404647827,0.01179620809853077,0.9996584057807922,0.45466819405555725,0.6191455125808716,-0.009886978194117546,0.9906631112098694,0.4076206684112549,0.6260985732078552,0.010636107996106148,0.9755300879478455,0.4518820345401764,0.787742555141449,0.11867741495370865,0.9904060363769531,0.41599011421203613,0.78973788022995,0.1306430697441101,0.9812849760055542,0.447749525308609,0.8062855005264282,0.12258686870336533,0.8699798583984375,0.42261648178100586,0.8112900853157043,0.13437126576900482,0.8971137404441833,0.45842427015304565,0.85003262758255,0.0009957135189324617,0.9856792092323303,0.397076815366745,0.8556292057037354,0.016283392906188965,0.9814269542694092
36,turn,0.4255368709564209,0.12252578884363174,-0.27609336376190186,0.9999933838844299,0.4309995174407959,0.1079019159078598,-0.2614276111125946,0.9999826550483704,0.4347195029258728,0.10754823684692383,-0.26143643260002136,0.9999822378158569,0.43722137808799744,0.10769693553447723,-0.26139742136001587,0.9999816417694092,0.42016172409057617,0.10978074371814728,-0.2600937783718109,0.9999818205833435,0.4170578420162201,0.11101116240024567,-0.26010894775390625,0.9999799132347107,0.4137115478515625,0.11266821622848511,-0.260116308927536,0.9999809861183167,0.44344669580459595,0.11706749349832535,-0.16288158297538757,0.9999697804450989,0.4106384813785553,0.12210667878389359,-0.15648488700389862,0.9999603033065796,0.4340573251247406,0.14038430154323578,-0.23833122849464417,0.9999913573265076,0.41983288526535034,0.14177305996418,-0.23654672503471375,0.9999892115592957,0.47610655426979065,0.21300822496414185,-0.09751665592193604,0.999978244304657,0.39038604497909546,0.22336143255233765,-0.07605941593647003,0.9999527335166931,0.4914613366127014,0.33543863892555237,-0.0600794181227684,0.9926685094833374,0.3790702819824219,0.3473726809024811,-0.034642767161130905,0.9646431803703308,0.4860263466835022,0.4429967999458313,-0.15617534518241882,0.9873972535133362,0.3776248097419739,0.4537380635738373,-0.1276823729276657,0.9572464227676392,0.4853697419166565,0.4794919192790985,-0.18628953397274017,0.97373366355896,0.37778782844543457,0.48823243379592896,-0.15625399351119995,0.9333510994911194,0.4782842993736267,0.47556713223457336,-0.21671350300312042,0.9744462966918945,0.3845484256744385,0.4851526916027069,-0.18645265698432922,0.9353583455085754,0.47696471214294434,0.46608686447143555,-0.1693781018257141,0.9664191007614136,0.38675445318222046,0.47552111744880676,-0.14107021689414978,0.9270641803741455,0.4598621726036072,0.45182928442955017,-0.01178024522960186,0.9996384382247925,0.4101007580757141,0.4515998363494873,0.011757077649235725,0.9996647834777832,0.4547213613986969,0.6191347241401672,-0.009982384741306305,0.9908167719841003,0.4076269268989563,0.6260940432548523,0.010588159784674644,0.9770665764808655,0.45190221071243286,0.7876779437065125,0.11820860207080841,0.9904672503471375,0.41598981618881226,0.7897103428840637,0.13019657135009766,0.982232928276062,0.44776517152786255,0.806213915348053,0.12213065475225449,0.8695698976516724,0.42261967062950134,0.8112375736236572,0.1339140236377716,0.8973695039749146,0.45841890573501587,0.8498063683509827,0.0006691080052405596,0.9857052564620972,0.3972128927707672,0.8556169271469116,0.01603117398917675,0.9818896651268005
37,turn,0.4255774915218353,0.12254877388477325,-0.27521443367004395,0.9999937415122986,0.4310535490512848,0.10797739773988724,-0.26048821210861206,0.9999831318855286,0.43476372957229614,0.10764877498149872,-0.26049691438674927,0.9999827146530151,0.437267541885376,0.10782937705516815,-0.26045674085617065,0.9999820590019226,0.42025095224380493,0.1098136454820633,-0.2592082619667053,0.999982476234436,0.417147159576416,0.11104452610015869,-0.2592233121395111,0.999980628490448,0.41381916403770447,0.11269138008356094,-0.2592296898365021,0.9999816417694092,0.44349780678749084,0.1172240674495697,-0.161956325173378,0.9999703168869019,0.41073769330978394,0.12213147431612015,-0.15579500794410706,0.9999616146087646,0.4340839982032776,0.14040154218673706,-0.23748834431171417,0.9999916553497314,0.419870525598526,0.141789972782135,-0.23577091097831726,0.9999896883964539,0.4761168360710144,0.21301570534706116,-0.09712272137403488,0.9999781250953674,0.39042800664901733,0.22338218986988068,-0.07566811144351959,0.9999538660049438,0.49154967069625854,0.33555638790130615,-0.059355638921260834,0.9927147030830383,0.3790879249572754,0.3474375605583191,-0.03421574458479881,0.9665849804878235,0.4860450327396393,0.4430440664291382,-0.1537451446056366,0.9874410629272461,0.3777216672897339,0.4536973237991333,-0.12731704115867615,0.9591171145439148,0.48543062806129456,0.4795117676258087,-0.18337005376815796,0.9737889170646667,0.377848744392395,0.4882025122642517,-0.15595602989196777,0.9351786375045776,0.47833627462387085,0.47558915615081787,-0.21385785937309265,0.9745084047317505,0.38461142778396606,0.4851486086845398,-0.1861407458782196,0.9371809363365173,0.4769938588142395,0.4661421775817871,-0.1668931543827057,0.966520369052887,0.3868350386619568,0.47552207112312317,-0.14071591198444366,0.9288337230682373,0.45988425612449646,0.4518379271030426,-0.0117631945759058,0.9996389150619507,0.4101741313934326,0.45159584283828735,0.011738616041839123,0.9996711015701294,0.4547390341758728,0.6190772652626038,-0.01009790413081646,0.9909723401069641,0.4076734185218811,0.6261163353919983,0.010496096685528755,0.9784782528877258,0.4519030451774597,0.7877209186553955,0.1168578490614891,0.9905768036842346,0.41599011421203613,0.7896981239318848,0.12874417006969452,0.9831541180610657,0.4477769434452057,0.8062613010406494,0.12064172327518463,0.869602620601654,0.4226248264312744,0.8112309575080872,0.13229693472385406,0.8979520797729492,0.45839929580688477,0.8497934937477112,-0.0009065827471204102,0.9858243465423584,0.3972163796424866,0.8556081056594849,0.014672589488327503,0.9824073910713196
38,turn,0.425628662109375,0.12269391864538193,-0.27973267436027527,0.9999940395355225,0.4311548173427582,0.108123280107975,-0.26493439078330994,0.9999836087226868,0.4348451495170593,0.10782503336668015,-0.2649415135383606,0.9999831318855286,0.4373416304588318,0.10805393010377884,-0.26489996910095215,0.9999824166297913,0.42037710547447205,0.10989151149988174,-0.2638856768608093,0.9999830722808838,0.4172634184360504,0.11111672967672348,-0.26390522718429565,0.9999812841415405,0.4139574468135834,0.11273973435163498,-0.2639126777648926,0.9999822378158569,0.443586528301239,0.11742209643125534,-0.16555985808372498,0.9999707937240601,0.41084423661231995,0.12215222418308258,-0.16048532724380493,0.9999629259109497,0.4341095983982086,0.1404888927936554,-0.2416571080684662,0.9999919533729553,0.4199088215827942,0.14183013141155243,-0.2402586191892624,0.9999901652336121,0.4761175513267517,0.21301960945129395,-0.09936840832233429,0.9999780654907227,0.3904578387737274,0.22342927753925323,-0.07898233830928802,0.9999549388885498,0.49160346388816833,0.33555176854133606,-0.06027975678443909,0.9927682876586914,0.37910282611846924,0.34797847270965576,-0.03662702441215515,0.968484103679657,0.4861288070678711,0.4430566430091858,-0.15479563176631927,0.9875438809394836,0.3778473734855652,0.45380184054374695,-0.12983806431293488,0.9610401391983032,0.4855871796607971,0.47952041029930115,-0.18434390425682068,0.9739409685134888,0.37792256474494934,0.4882092773914337,-0.15839941799640656,0.937224268913269,0.4784786105155945,0.47559836506843567,-0.21508030593395233,0.9746633768081665,0.38470035791397095,0.48518893122673035,-0.1887691468000412,0.9392061233520508,0.4771168828010559,0.466158926486969,-0.1679995357990265,0.9667426943778992,0.3869411051273346,0.4755984842777252,-0.14323946833610535,0.9308760166168213,0.45991426706314087,0.45187216997146606,-0.01173107884824276,0.9996387362480164,0.4102090895175934,0.45159226655960083,0.011704865843057632,0.9996764063835144,0.45475178956985474,0.6190735101699829,-0.010268023237586021,0.9911463260650635,0.40775245428085327,0.6262213587760925,0.010385872796177864,0.9797703623771667,0.45189762115478516,0.7876904010772705,0.11709935963153839,0.9906811118125916,0.41599592566490173,0.7896902561187744,0.12883663177490234,0.9839996099472046,0.4477697014808655,0.8062033653259277,0.12098240852355957,0.8701963424682617,0.42262592911720276,0.81122225522995,0.13242170214653015,0.898564875125885,0.4583922028541565,0.8496852517127991,-0.0006033273530192673,0.9859413504600525,0.3972708582878113,0.8556179404258728,0.014773452654480934,0.982885479927063
39,turn,0.42571085691452026,0.12270741909742355,-0.2785058617591858,0.9999942779541016,0.4312567710876465,0.1081552505493164,-0.2637593150138855,0.9999839067459106,0.43491506576538086,0.10787250846624374,-0.26376694440841675,0.9999834299087524,0.43740543723106384,0.1081104502081871,-0.263725221157074,0.9999826550483704,0.42052286863327026,0.10990893095731735,-0.2625989317893982,0.9999834895133972,0.41740065813064575,0.1111379936337471,-0.26261621713638306,0.9999817609786987,0.41412559151649475,0.11275552958250046,-0.26262274384498596,0.9999827146530151,0.4436432719230652,0.11744493991136551,-0.16503575444221497,0.9999710917472839,0.41096171736717224,0.12217049300670624,-0.1592266708612442,0.9999638795852661,0.43414974212646484,0.14049981534481049,-0.24064043164253235,0.9999921917915344,0.42000311613082886,0.14184705913066864,-0.23906846344470978,0.9999905228614807,0.47611626982688904,0.21300607919692993,-0.09913463890552521,0.9999779462814331,0.3904872536659241,0.22352159023284912,-0.07846289128065109,0.999955952167511,0.49164924025535583,0.33549240231513977,-0.06034236028790474,0.9927386045455933,0.3792154788970947,0.34821274876594543,-0.036438968032598495,0.97014981508255,0.48622554540634155,0.4430636167526245,-0.15674176812171936,0.9875247478485107,0.3780760169029236,0.4538075029850006,-0.12939725816249847,0.9627428650856018,0.48568397760391235,0.47952598333358765,-0.1869899332523346,0.9739019870758057,0.37811601161956787,0.48820799589157104,-0.1579459011554718,0.9390329122543335,0.47856736183166504,0.47562018036842346,-0.2178286612033844,0.9746296405792236,0.38486823439598083,0.48519062995910645,-0.18826377391815186,0.9410034418106079,0.47719183564186096,0.46617504954338074,-0.17010053992271423,0.9667050838470459,0.3871060013771057,0.47560879588127136,-0.14279267191886902,0.9326746463775635,0.4600349962711334,0.45188480615615845,-0.011730565689504147,0.9996376633644104,0.41035279631614685,0.4515882134437561,0.01170426793396473,0.9996815919876099,0.4547525942325592,0.6188399791717529,-0.010975329205393791,0.9912954568862915,0.407803475856781,0.6262951493263245,0.00979317631572485,0.980924129486084,0.45189690589904785,0.7874127626419067,0.11677509546279907,0.9907640218734741,0.4159964919090271,0.7897492051124573,0.1284467577934265,0.9847684502601624,0.44776949286460876,0.8058134317398071,0.12074639648199081,0.8705852031707764,0.4226081967353821,0.8112401962280273,0.13202986121177673,0.8990244269371033,0.4583795964717865,0.8495022058486938,-0.0009585519437678158,0.9860683083534241,0.3972824215888977,0.8556285500526428,0.013975204899907112,0.9833265542984009
40,turn,0.42574310302734375,0.12274304777383804,-0.2779964208602905,0.9999945163726807,0.4313374161720276,0.10819660872220993,-0.26319795846939087,0.9999841451644897,0.4349703788757324,0.10792632400989532,-0.2632058262825012,0.9999836087226868,0.43746432662010193,0.10817369818687439,-0.2631646990776062,0.9999828338623047,0.4206228256225586,0.10993481427431107,-0.26208192110061646,0.9999838471412659,0.41748738288879395,0.11116363853216171,-0.262099951505661,0.9999821782112122,0.41422247886657715,0.1127719134092331,-0.26210716366767883,0.9999830722808838,0.44371408224105835,0.11747807264328003,-0.1642257571220398,0.9999712109565735,0.4110552668571472,0.12219507247209549,-0.15867117047309875,0.9999645948410034,0.43416303396224976,0.14051389694213867,-0.24005857110023499,0.9999923706054688,0.42003387212753296,0.14186355471611023,-0.23854926228523254,0.9999908208847046,0.4761179983615875,0.21295352280139923,-0.09872174263000488,0.999977707862854,0.3905699551105499,0.22354282438755035,-0.07785354554653168,0.9999568462371826,0.49171385169029236,0.33535900712013245,-0.0603400282561779,0.9927309155464172,0.3793352544307709,0.34823256731033325,-0.035945452749729156,0.9716143012046814,0.4864266514778137,0.4430709481239319,-0.1569800078868866,0.9875238537788391,0.37820595502853394,0.4538179636001587,-0.12905161082744598,0.9642444849014282,0.4859362244606018,0.47953203320503235,-0.18725554645061493,0.9738782644271851,0.3781980872154236,0.4882068932056427,-0.1576380431652069,0.9406138062477112,0.4787927567958832,0.47562581300735474,-0.21818368136882782,0.9746125340461731,0.38492465019226074,0.485198438167572,-0.1880224198102951,0.9425742030143738,0.47742825746536255,0.4661829173564911,-0.17038415372371674,0.9666953682899475,0.387155681848526,0.47562268376350403,-0.14248308539390564,0.9342362880706787,0.4602549076080322,0.45188671350479126,-0.01168903149664402,0.9996349215507507,0.41053253412246704,0.4515552520751953,0.011662159115076065,0.9996852278709412,0.45481348037719727,0.6187390089035034,-0.011847218498587608,0.9913846850395203,0.4078485071659088,0.626294732093811,0.008953837677836418,0.9819316267967224,0.45184817910194397,0.7872648239135742,0.11614684760570526,0.9907702207565308,0.41597190499305725,0.7897632122039795,0.12756870687007904,0.9854206442832947,0.4476705491542816,0.8056122064590454,0.12016341835260391,0.8705469369888306,0.4225008487701416,0.8112501502037048,0.13110455870628357,0.8992690443992615,0.45835214853286743,0.8493062257766724,-0.0015733398031443357,0.9860749840736389,0.39726483821868896,0.8556327819824219,0.012598207220435143,0.9836706519126892
41,turn,0.4257539212703705,0.12275414168834686,-0.27784469723701477,0.999994695186615,0.43137127161026,0.10823101550340652,-0.2630007565021515,0.9999842643737793,0.4349990487098694,0.10796049982309341,-0.2630082070827484,0.9999837279319763,0.4375001788139343,0.10820634663105011,-0.2629665732383728,0.9999828934669495,0.42066439986228943,0.10995807498693466,-0.2618792653083801,0.999984085559845,0.41752856969833374,0.11117064952850342,-0.2618976831436157,0.9999824166297913,0.4142695963382721,0.11275233328342438,-0.2619057893753052,0.9999833106994629,0.4437941908836365,0.11750862002372742,-0.16400805115699768,0.9999711513519287,0.4111277461051941,0.12217359244823456,-0.1584867238998413,0.9999650716781616,0.4341653883457184,0.14052213728427887,-0.23996245861053467,0.9999924898147583,0.4200393557548523,0.14184781908988953,-0.2384483516216278,0.9999910593032837,0.47612467408180237,0.21292667090892792,-0.09864725172519684,0.9999773502349854,0.39066281914711,0.22355110943317413,-0.07793788611888885,0.9999573230743408,0.4918516278266907,0.3353595435619354,-0.06035484001040459,0.9927513003349304,0.37942013144493103,0.34832412004470825,-0.03582314774394035,0.9729164242744446,0.4865470826625824,0.4431605041027069,-0.1569741666316986,0.9875320792198181,0.3782775402069092,0.4538183808326721,-0.12893757224082947,0.9654959440231323,0.4861562252044678,0.47958993911743164,-0.18722225725650787,0.9738669395446777,0.37822115421295166,0.4881989359855652,-0.15750373899936676,0.9418594241142273,0.47899359464645386,0.475691020488739,-0.21817226707935333,0.9746060371398926,0.38494282960891724,0.4851972460746765,-0.18796953558921814,0.9438179135322571,0.477611243724823,0.46626484394073486,-0.17037352919578552,0.9667149782180786,0.38717466592788696,0.47562485933303833,-0.1424158364534378,0.9354676008224487,0.4603692591190338,0.4519121050834656,-0.011618828400969505,0.999631404876709,0.41061607003211975,0.4515507221221924,0.011590362526476383,0.9996872544288635,0.45489296317100525,0.6186172962188721,-0.012640242464840412,0.991438627243042,0.40795522928237915,0.6262044906616211,0.008143408223986626,0.982810378074646,0.45178279280662537,0.7869383096694946,0.11615593731403351,0.9907249212265015,0.41600221395492554,0.7897396683692932,0.1271115243434906,0.9859416484832764,0.4475783407688141,0.8052905797958374,0.12020665407180786,0.8696058988571167,0.42248305678367615,0.8111348748207092,0.1306959092617035,0.8990300297737122,0.45821481943130493,0.8491857647895813,-0.0015450334176421165,0.9859895706176758,0.3973393440246582,0.855629563331604,0.011945854872465134,0.9838933944702148
42,turn,0.4257732927799225,0.12277399748563766,-0.278743177652359,0.9999948143959045,0.43142396211624146,0.10825154185295105,-0.2638850808143616,0.9999843239784241,0.43504318594932556,0.10797674208879471,-0.26389238238334656,0.9999837279319763,0.4375479817390442,0.10821876674890518,-0.2638503909111023,0.9999828338623047,0.4207238554954529,0.10998125374317169,-0.26268190145492554,0.9999842047691345,0.4175841808319092,0.11119157820940018,-0.2627013325691223,0.9999825358390808,0.4143342971801758,0.11276651918888092,-0.2627117335796356,0.9999834299087524,0.44389399886131287,0.11752650886774063,-0.1648794710636139,0.9999709725379944,0.41120967268943787,0.12217880040407181,-0.1590360850095749,0.9999653100967407,0.4341719150543213,0.14053699374198914,-0.24090448021888733,0.9999926090240479,0.4200518727302551,0.14185626804828644,-0.23927971720695496,0.999991238117218,0.47614216804504395,0.21290552616119385,-0.09967073053121567,0.9999768733978271,0.3908535838127136,0.223565012216568,-0.07837492972612381,0.9999577403068542,0.4919852316379547,0.3353733420372009,-0.062110304832458496,0.9927744269371033,0.37960395216941833,0.34829026460647583,-0.03613302856683731,0.9740588665008545,0.48665302991867065,0.4432273805141449,-0.1594463437795639,0.987547755241394,0.37844008207321167,0.453729510307312,-0.12997205555438995,0.9666687846183777,0.4862995147705078,0.4796389639377594,-0.18980924785137177,0.9738768339157104,0.37833234667778015,0.4881470501422882,-0.15859267115592957,0.9430703520774841,0.47912701964378357,0.47574084997177124,-0.22076506912708282,0.9746138453483582,0.38505738973617554,0.4851303994655609,-0.1893385648727417,0.9450244903564453,0.47773751616477966,0.4663121998310089,-0.1728648841381073,0.9667533040046692,0.3872818350791931,0.475580096244812,-0.1435866802930832,0.9366940855979919,0.46049222350120544,0.45197218656539917,-0.011636210605502129,0.999626100063324,0.41070204973220825,0.451566606760025,0.01160782016813755,0.9996885061264038,0.454935222864151,0.6185102462768555,-0.01368323527276516,0.9914560317993164,0.40799790620803833,0.6260566115379333,0.008107064291834831,0.9835820198059082,0.4517208933830261,0.7867353558540344,0.11612071841955185,0.9906386733055115,0.4160480499267578,0.7896871566772461,0.1272083818912506,0.9864135980606079,0.44746389985084534,0.8051023483276367,0.12021235376596451,0.8688099384307861,0.4224817156791687,0.8109716773033142,0.1308142989873886,0.8995298743247986,0.45819053053855896,0.8490484356880188,-0.0015146153746172786,0.9858412146568298,0.3973405063152313,0.8556249737739563,0.01213911548256874,0.9840993285179138
43,turn,0.4258895516395569,0.12279173731803894,-0.27517104148864746,0.9999949932098389,0.4315415322780609,0.10827068984508514,-0.2601761519908905,0.9999845623970032,0.43513917922973633,0.10798978060483932,-0.2601839303970337,0.9999839663505554,0.43764886260032654,0.10822983086109161,-0.2601412236690521,0.9999830722808838,0.4208132326602936,0.10999893397092819,-0.2589292526245117,0.9999845027923584,0.41767024993896484,0.11120720207691193,-0.258944571018219,0.9999828934669495,0.4144395887851715,0.11277971416711807,-0.25895053148269653,0.9999837279319763,0.4440433979034424,0.11754930019378662,-0.161305770277977,0.9999712705612183,0.41129088401794434,0.12218938767910004,-0.15533088147640228,0.9999659657478333,0.43427032232284546,0.14054957032203674,-0.23750261962413788,0.9999927878379822,0.4201448857784271,0.14186514914035797,-0.23581728339195251,0.9999914765357971,0.4761841893196106,0.21290378272533417,-0.09753037989139557,0.9999769926071167,0.39101311564445496,0.22357860207557678,-0.0753709152340889,0.9999584555625916,0.4920477271080017,0.3353472054004669,-0.061925552785396576,0.9928039312362671,0.3799622654914856,0.34824642539024353,-0.03398384898900986,0.9750955700874329,0.48675626516342163,0.443236380815506,-0.15988223254680634,0.9876058101654053,0.3787919282913208,0.45374390482902527,-0.12895885109901428,0.9677594900131226,0.4864721894264221,0.47967422008514404,-0.1907345950603485,0.9739702343940735,0.378645658493042,0.48816147446632385,-0.15788687765598297,0.9442231059074402,0.4792731702327728,0.475781112909317,-0.22146093845367432,0.9747053980827332,0.38534051179885864,0.4851371645927429,-0.18867811560630798,0.9461717009544373,0.4778834283351898,0.46636995673179626,-0.17329296469688416,0.9668749570846558,0.38756802678108215,0.4756005108356476,-0.142649307847023,0.9378604888916016,0.46059688925743103,0.45198068022727966,-0.011639264412224293,0.999627411365509,0.4108189046382904,0.4515517055988312,0.011611203663051128,0.9996922612190247,0.45496129989624023,0.6186109781265259,-0.014074434526264668,0.9914765954017639,0.4081431031227112,0.6256957650184631,0.008005502633750439,0.9842529296875,0.4516599178314209,0.7867447137832642,0.11425391584634781,0.990595817565918,0.4160703718662262,0.7896646857261658,0.1269671469926834,0.9868126511573792,0.447396457195282,0.8051751255989075,0.11819235980510712,0.8683143854141235,0.4224686026573181,0.8109614253044128,0.13054689764976501,0.8995447754859924,0.4581020772457123,0.8490118980407715,-0.003730860771611333,0.9857475757598877,0.3973955810070038,0.8556079268455505,0.01216916460543871,0.9842535257339478
44,turn,0.4259536862373352,0.12280534952878952,-0.2589619755744934,0.9999950528144836,0.43159395456314087,0.1082882359623909,-0.24382033944129944,0.9999843835830688,0.43518954515457153,0.10801001638174057,-0.24383285641670227,0.9999837279319763,0.4377036988735199,0.1082528755068779,-0.24379071593284607,0.9999828338623047,0.4208613336086273,0.11000777035951614,-0.24248191714286804,0.9999843835830688,0.41772136092185974,0.1112232431769371,-0.24249176681041718,0.9999827742576599,0.4145030379295349,0.11280205845832825,-0.24249374866485596,0.9999836087226868,0.4441450238227844,0.11756786704063416,-0.14606860280036926,0.9999707341194153,0.41135749220848083,0.12220771610736847,-0.1396680772304535,0.9999657273292542,0.43434834480285645,0.14055964350700378,-0.22187957167625427,0.9999927282333374,0.4202248156070709,0.14187225699424744,-0.2200266569852829,0.9999915361404419,0.47627973556518555,0.21290357410907745,-0.08610187470912933,0.9999769926071167,0.3911569118499756,0.22359612584114075,-0.06326119601726532,0.9999587535858154,0.4920581877231598,0.33483797311782837,-0.05686843395233154,0.9927284121513367,0.38025495409965515,0.34816211462020874,-0.025415748357772827,0.9759035706520081,0.4868975579738617,0.4426582455635071,-0.15906795859336853,0.9875547289848328,0.3791183829307556,0.4537462890148163,-0.12160086631774902,0.9685757756233215,0.4866270422935486,0.479554146528244,-0.1906583160161972,0.9739218950271606,0.3789386749267578,0.4881696403026581,-0.15118327736854553,0.9450206756591797,0.47947826981544495,0.47569411993026733,-0.22117292881011963,0.9746544361114502,0.38561955094337463,0.48513340950012207,-0.18157801032066345,0.9469689726829529,0.4781033396720886,0.46627914905548096,-0.17255350947380066,0.9668243527412415,0.3878602087497711,0.475601464509964,-0.13531138002872467,0.9386720657348633,0.46075519919395447,0.4519679546356201,-0.01163974218070507,0.9996277689933777,0.41092604398727417,0.45153677463531494,0.011612007394433022,0.999695360660553,0.4550212323665619,0.6185349225997925,-0.014534148387610912,0.9914308786392212,0.4081975817680359,0.6253169775009155,0.006758876144886017,0.984796404838562,0.4516207277774811,0.7865104675292969,0.1109125018119812,0.9904928803443909,0.4160797595977783,0.7895738482475281,0.12427344173192978,0.9871108531951904,0.44737356901168823,0.8050388693809509,0.11461933702230453,0.8675524592399597,0.42243289947509766,0.8108400106430054,0.12766894698143005,0.8992783427238464,0.4580634534358978,0.8488380312919617,-0.0068049379624426365,0.9855731129646301,0.39748403429985046,0.8555892705917358,0.0100038917735219,0.9842844009399414
45,turn,0.42609038949012756,0.12281855195760727,-0.25997862219810486,0.9999951124191284,0.43170785903930664,0.10829988121986389,-0.24484887719154358,0.9999841451644897,0.43528541922569275,0.10802377015352249,-0.24485933780670166,0.9999834895133972,0.4378184378147125,0.1082623079419136,-0.24481722712516785,0.9999825358390808,0.4209699034690857,0.11003590375185013,-0.24351629614830017,0.9999842047691345,0.4178330898284912,0.11126337200403214,-0.24352788925170898,0.9999825954437256,0.4146565794944763,0.11285889893770218,-0.2435303032398224,0.9999834299087524,0.44431933760643005,0.1175805926322937,-0.14638987183570862,0.9999701380729675,0.41148820519447327,0.12225766479969025,-0.1398232877254486,0.999965250492096,0.434508740901947,0.14056982100009918,-0.22257044911384583,0.9999926686286926,0.42038923501968384,0.14187924563884735,-0.22069688141345978,0.9999915957450867,0.47645241022109985,0.2129068821668625,-0.08484641462564468,0.9999768733978271,0.3913058340549469,0.22361141443252563,-0.06290288269519806,0.9999589920043945,0.49209243059158325,0.3333631157875061,-0.054755352437496185,0.9926793575286865,0.38059937953948975,0.3480619192123413,-0.023866137489676476,0.9767569899559021,0.48714008927345276,0.44189462065696716,-0.1578007936477661,0.9874413013458252,0.3794243037700653,0.45388221740722656,-0.11939553916454315,0.96928471326828,0.48695531487464905,0.47933274507522583,-0.18963253498077393,0.9736954569816589,0.37927696108818054,0.4882621467113495,-0.14912858605384827,0.9456154108047485,0.4798700213432312,0.475517600774765,-0.2202179729938507,0.9744383692741394,0.3859536349773407,0.4851571023464203,-0.17946791648864746,0.9475774168968201,0.4785006046295166,0.46606945991516113,-0.17143183946609497,0.966556966304779,0.3881533145904541,0.4756315052509308,-0.13312163949012756,0.9392543435096741,0.4608466625213623,0.4519903063774109,-0.01160498522222042,0.9996275305747986,0.4109709858894348,0.4515421986579895,0.011579902842640877,0.9996981620788574,0.4551312327384949,0.6185892224311829,-0.015303234569728374,0.9914789199829102,0.40827107429504395,0.6253286004066467,0.00544917955994606,0.9854161143302917,0.4515930116176605,0.7862296104431152,0.11102470010519028,0.9904785752296448,0.41607990860939026,0.7895345091819763,0.12455228716135025,0.9874924421310425,0.44732990860939026,0.8046682476997375,0.11486993730068207,0.8667238354682922,0.4223483204841614,0.8107289671897888,0.1280219852924347,0.8991234302520752,0.45805779099464417,0.8486016392707825,-0.006367474794387817,0.9855658411979675,0.3974820375442505,0.8555420637130737,0.009954510256648064,0.9844760298728943
46,turn,0.42625436186790466,0.1228131502866745,-0.25599995255470276,0.9999951124191284,0.43182483315467834,0.10832109302282333,-0.2407669574022293,0.9999839067459106,0.4353792071342468,0.10804781317710876,-0.24077804386615753,0.9999831914901733,0.4379294514656067,0.10828585922718048,-0.24073776602745056,0.9999822974205017,0.4210890829563141,0.11004487425088882,-0.2394891083240509,0.999984085559845,0.4179535508155823,0.11127733439207077,-0.2394985854625702,0.9999824166297913,0.41482073068618774,0.11288470029830933,-0.23949968814849854,0.9999832510948181,0.44448113441467285,0.11760734766721725,-0.142799511551857,0.999969482421875,0.4116087853908539,0.12230779975652695,-0.1365824043750763,0.9999648928642273,0.43468546867370605,0.140573188662529,-0.21887679398059845,0.9999926090240479,0.42057371139526367,0.14188188314437866,-0.21709907054901123,0.9999915957450867,0.4766339361667633,0.2129574865102768,-0.08198288828134537,0.999976634979248,0.3914032280445099,0.22363290190696716,-0.061425454914569855,0.9999590516090393,0.4921643137931824,0.332695871591568,-0.05175774171948433,0.9926264882087708,0.38075053691864014,0.3480800986289978,-0.023138221353292465,0.9774209856987,0.48748883605003357,0.4418933093547821,-0.15227095782756805,0.9873406887054443,0.37962573766708374,0.4542194902896881,-0.11689971387386322,0.969714879989624,0.4875025153160095,0.4793565571308136,-0.1834653913974762,0.9734975099563599,0.3795596659183502,0.48851287364959717,-0.14627835154533386,0.9458060264587402,0.4803667962551117,0.4755222201347351,-0.2138427048921585,0.9742528796195984,0.38626953959465027,0.48528382182121277,-0.1763705611228943,0.947783887386322,0.47897180914878845,0.466072678565979,-0.16582098603248596,0.966340959072113,0.3884525001049042,0.475781112909317,-0.1305246651172638,0.9393938183784485,0.46094369888305664,0.4521006643772125,-0.011372974142432213,0.9996269941329956,0.4109925627708435,0.4516023099422455,0.011354693211615086,0.9997004270553589,0.45518606901168823,0.6186833381652832,-0.015474389307200909,0.9914365410804749,0.4083251953125,0.625339150428772,0.0036351154558360577,0.9859328269958496,0.4515908360481262,0.7862256169319153,0.10876300185918808,0.9903846979141235,0.41604629158973694,0.7895264625549316,0.1200580820441246,0.9877570867538452,0.4473280906677246,0.8046768307685852,0.1124744638800621,0.8660195469856262,0.4222176969051361,0.8107313513755798,0.12330859899520874,0.8984211683273315,0.45805150270462036,0.8485350608825684,-0.008881820365786552,0.985409677028656,0.3974776566028595,0.8554438948631287,0.005220408085733652,0.9844990372657776
47,turn,0.4263927936553955,0.12281781435012817,-0.2614937722682953,0.9999951720237732,0.43194133043289185,0.10833218693733215,-0.2462865561246872,0.9999839067459106,0.43548306822776794,0.108067587018013,-0.24629168212413788,0.9999831318855286,0.4380444586277008,0.10830365121364594,-0.24625106155872345,0.9999822378158569,0.4212043285369873,0.11006395518779755,-0.2451329529285431,0.9999841451644897,0.4180765748023987,0.11130262166261673,-0.24514825642108917,0.999982476234436,0.4149869382381439,0.11291569471359253,-0.24515239894390106,0.9999833106994629,0.44462069869041443,0.11765038967132568,-0.14782655239105225,0.9999691247940063,0.41176921129226685,0.12236077338457108,-0.14226248860359192,0.9999648928642273,0.43482571840286255,0.14057938754558563,-0.22418291866779327,0.9999926090240479,0.42073264718055725,0.14188657701015472,-0.22261467576026917,0.9999916553497314,0.4767908453941345,0.21300369501113892,-0.08320599794387817,0.9999763369560242,0.391550749540329,0.22367854416370392,-0.06697773933410645,0.9999592900276184,0.49233609437942505,0.3327229917049408,-0.05246738716959953,0.9926069974899292,0.38109686970710754,0.3480587899684906,-0.026354024186730385,0.9780710339546204,0.4877606928348541,0.4419250786304474,-0.15049703419208527,0.9872000217437744,0.3799057602882385,0.4545820951461792,-0.11811631917953491,0.9700891971588135,0.4878436028957367,0.479423850774765,-0.18056204915046692,0.97318035364151,0.379899799823761,0.48873862624168396,-0.14706489443778992,0.9459517002105713,0.48068076372146606,0.4755769968032837,-0.21128499507904053,0.9739594459533691,0.3865869641304016,0.48546406626701355,-0.17712794244289398,0.9479449987411499,0.4792679250240326,0.46614858508110046,-0.16397055983543396,0.9659854173660278,0.38875481486320496,0.4759905934333801,-0.1316579431295395,0.939432680606842,0.4610580503940582,0.4521084725856781,-0.010892018675804138,0.9996258020401001,0.4111032485961914,0.4515693783760071,0.010868816636502743,0.9997022151947021,0.4552186131477356,0.61874920129776,-0.015514892525970936,0.9913667440414429,0.4084325432777405,0.6252222657203674,0.002401808276772499,0.986394464969635,0.4515722692012787,0.7861295342445374,0.1093873605132103,0.9902841448783875,0.4160127639770508,0.7894524335861206,0.11926613748073578,0.9879897236824036,0.4472931921482086,0.8045943975448608,0.11321308463811874,0.8650172352790833,0.4221014380455017,0.8106173872947693,0.12262769788503647,0.8972828388214111,0.4580351710319519,0.8483866453170776,-0.008368885144591331,0.9852674007415771,0.3974962532520294,0.8553619980812073,0.004018820822238922,0.9845483303070068
48,turn,0.4266372323036194,0.12287627160549164,-0.2623765468597412,0.999995231628418,0.4321395456790924,0.1084519624710083,-0.24721916019916534,0.9999839663505554,0.4356535077095032,0.10820149630308151,-0.24722597002983093,0.9999831914901733,0.43822646141052246,0.1084446981549263,-0.24718520045280457,0.9999822974205017,0.42138320207595825,0.11021637171506882,-0.2460446059703827,0.9999842047691345,0.4182472229003906,0.11148934811353683,-0.24605877697467804,0.9999825358390808,0.41520628333091736,0.11313458532094955,-0.24606239795684814,0.9999833703041077,0.444777250289917,0.11777496337890625,-0.148596853017807,0.9999690055847168,0.41192731261253357,0.12252982705831528,-0.14295747876167297,0.9999648928642273,0.4350409507751465,0.14063121378421783,-0.22494420409202576,0.9999926686286926,0.42094436287879944,0.141945019364357,-0.2233540117740631,0.9999917149543762,0.4769795835018158,0.2130308747291565,-0.0844273790717125,0.9999762177467346,0.391737163066864,0.22379043698310852,-0.06691496819257736,0.999959409236908,0.4923681616783142,0.33277401328086853,-0.051991187036037445,0.9925791621208191,0.38158243894577026,0.34795942902565,-0.02608746849000454,0.9785740375518799,0.4880062937736511,0.4419970214366913,-0.1499575674533844,0.9871216416358948,0.38008832931518555,0.45466917753219604,-0.11855274438858032,0.9704261422157288,0.4881245493888855,0.47946667671203613,-0.18013782799243927,0.973007321357727,0.3800655007362366,0.48878076672554016,-0.14757917821407318,0.9461513757705688,0.48086056113243103,0.4756043255329132,-0.21088950335979462,0.973803699016571,0.3867107033729553,0.485490083694458,-0.1777326613664627,0.9481697678565979,0.4794492721557617,0.4661901295185089,-0.16344979405403137,0.9657976627349854,0.38887521624565125,0.4760133624076843,-0.1321200132369995,0.9395608901977539,0.4611752927303314,0.45217013359069824,-0.010703383013606071,0.9996262788772583,0.4112289547920227,0.45156827569007874,0.01068265363574028,0.9997043013572693,0.4553440511226654,0.6187468767166138,-0.015867074951529503,0.9912506937980652,0.40850281715393066,0.6251916885375977,0.0013432250125333667,0.9867795705795288,0.45157328248023987,0.7860519289970398,0.10808010399341583,0.9901361465454102,0.41599202156066895,0.7894309759140015,0.11713520437479019,0.9881718754768372,0.4473002851009369,0.8045780658721924,0.11186154186725616,0.8639847040176392,0.42204007506370544,0.8106032609939575,0.12040500342845917,0.8962006568908691,0.4580417275428772,0.8481529355049133,-0.009966406039893627,0.9850813746452332,0.39749935269355774,0.8552868366241455,0.0016958980122581124,0.9845349788665771
49,turn,0.4268103539943695,0.12290005385875702,-0.26277685165405273,0.9999953508377075,0.43228259682655334,0.10853573679924011,-0.2475639134645462,0.9999842047691345,0.4357795715332031,0.10829822719097137,-0.24756892025470734,0.9999834299087524,0.4383600652217865,0.10854979604482651,-0.24752934277057648,0.9999825954437256,0.42154836654663086,0.1103060320019722,-0.24636676907539368,0.9999844431877136,0.41841787099838257,0.11159154772758484,-0.24638016521930695,0.9999828338623047,0.41542547941207886,0.11325045675039291,-0.24638238549232483,0.9999836683273315,0.4448912739753723,0.11788485944271088,-0.14873634278774261,0.9999693632125854,0.4121149182319641,0.12261897325515747,-0.14305058121681213,0.9999653100967407,0.4351859986782074,0.14065831899642944,-0.22529959678649902,0.999992847442627,0.42113059759140015,0.14197157323360443,-0.22370579838752747,0.9999918937683105,0.47713199257850647,0.2131248265504837,-0.08524574339389801,0.999976396560669,0.3918813169002533,0.22381369769573212,-0.06732070446014404,0.9999597668647766,0.492497056722641,0.3330037593841553,-0.05168672651052475,0.9926193356513977,0.3817892074584961,0.34795331954956055,-0.026317860931158066,0.9791005849838257,0.4881570339202881,0.44220003485679626,-0.14859212934970856,0.9871464967727661,0.3802241086959839,0.4549514055252075,-0.11905238777399063,0.9707867503166199,0.48830193281173706,0.4795866310596466,-0.178466334939003,0.9730044007301331,0.38016414642333984,0.48889192938804626,-0.14807751774787903,0.9463920593261719,0.48098379373550415,0.4757102131843567,-0.20935645699501038,0.973814070224762,0.38678890466690063,0.4856371581554413,-0.1782744973897934,0.948428213596344,0.47957295179367065,0.46632012724876404,-0.16206051409244537,0.9658021926879883,0.3889704644680023,0.47619956731796265,-0.1326231062412262,0.939734697341919,0.4612702429294586,0.45217737555503845,-0.010417782701551914,0.9996294379234314,0.41137900948524475,0.451546847820282,0.010394074954092503,0.9997074604034424,0.45544371008872986,0.6190229058265686,-0.01676347851753235,0.991205096244812,0.40856948494911194,0.6252256035804749,0.0003447553899604827,0.987153172492981,0.45157209038734436,0.7860177159309387,0.10836553573608398,0.9900367856025696,0.4159323275089264,0.7893771529197693,0.11702535301446915,0.9883421659469604,0.447298526763916,0.8045631647109985,0.11227152496576309,0.8627291917800903,0.4219442903995514,0.8105552792549133,0.12041456997394562,0.894820511341095,0.45803776383399963,0.8480991125106812,-0.009740878827869892,0.9849570989608765,0.3975032567977905,0.8551941514015198,0.0015313460025936365,0.984548032283783
50,turn,0.4270840287208557,0.12301766127347946,-0.2631971836090088,0.9999954700469971,0.43249374628067017,0.10872595012187958,-0.24798569083213806,0.9999843835830688,0.43595796823501587,0.10850083827972412,-0.24799224734306335,0.9999836087226868,0.4385494291782379,0.10877290368080139,-0.2479529082775116,0.9999827742576599,0.4217912256717682,0.11051516234874725,-0.2467711716890335,0.999984622001648,0.41866225004196167,0.11181053519248962,-0.24678413569927216,0.9999830722808838,0.4157370626926422,0.11349070817232132,-0.24678614735603333,0.9999838471412659,0.4450465142726898,0.1180492416024208,-0.14909857511520386,0.9999696016311646,0.41237181425094604,0.12273579835891724,-0.14329516887664795,0.9999656081199646,0.4353945255279541,0.1407328099012375,-0.2256804257631302,0.9999929666519165,0.4213949143886566,0.14207080006599426,-0.22405557334423065,0.9999920129776001,0.47733813524246216,0.21324731409549713,-0.08540628105401993,0.9999765157699585,0.3922276496887207,0.22387173771858215,-0.06714406609535217,0.9999598860740662,0.49272027611732483,0.33314165472984314,-0.051308292895555496,0.9926391839981079,0.3822528123855591,0.34794071316719055,-0.02615826204419136,0.9795359969139099,0.4882693886756897,0.4422639310359955,-0.14882126450538635,0.987115204334259,0.380472868680954,0.4551655948162079,-0.11933670192956924,0.9710230231285095,0.488392174243927,0.47961780428886414,-0.17891544103622437,0.9728907942771912,0.38036662340164185,0.488935649394989,-0.14839859306812286,0.9464414715766907,0.4810650944709778,0.4757469892501831,-0.20969434082508087,0.9737110137939453,0.3870285153388977,0.48567408323287964,-0.17861640453338623,0.9485002160072327,0.47964397072792053,0.4663817584514618,-0.16227015852928162,0.9656692743301392,0.38923028111457825,0.4762501120567322,-0.13291314244270325,0.9397069811820984,0.4613477289676666,0.45217928290367126,-0.010255732573568821,0.9996318221092224,0.4115208685398102,0.45141327381134033,0.010232962667942047,0.9997094869613647,0.4555053114891052,0.6189197897911072,-0.019102247431874275,0.9910709261894226,0.40865668654441833,0.625083863735199,-0.000946905929595232,0.9873902201652527,0.4515772759914398,0.7858657240867615,0.10705958306789398,0.9898020625114441,0.41589999198913574,0.7892270684242249,0.11574973165988922,0.988385021686554,0.4472980499267578,0.8045303225517273,0.11112278699874878,0.860733151435852,0.42184311151504517,0.8103671669960022,0.11916609853506088,0.8930401802062988,0.45803895592689514,0.8478861451148987,-0.01106670405715704,0.9846349358558655,0.3975202441215515,0.8550163507461548,0.00010703956650104374,0.9843900203704834
51,turn,0.4272247850894928,0.12318669259548187,-0.26181846857070923,0.9999955296516418,0.4326462745666504,0.10892010480165482,-0.24666297435760498,0.9999845623970032,0.4361039996147156,0.10869555920362473,-0.2466706782579422,0.9999837875366211,0.4386926293373108,0.10899368673563004,-0.24663300812244415,0.9999829530715942,0.42197293043136597,0.11071012169122696,-0.24537360668182373,0.9999848008155823,0.41884511709213257,0.11201338469982147,-0.24538405239582062,0.9999832510948181,0.4159541726112366,0.11369715631008148,-0.24538485705852509,0.9999840259552002,0.44521576166152954,0.11822696030139923,-0.14771893620491028,0.9999697804450989,0.41260018944740295,0.12282301485538483,-0.14165760576725006,0.9999659061431885,0.43552857637405396,0.14083915948867798,-0.2242310792207718,0.999993085861206,0.4215525686740875,0.14217694103717804,-0.2225196808576584,0.9999921321868896,0.47752755880355835,0.21342609822750092,-0.08348565548658371,0.9999766945838928,0.39253732562065125,0.2239004373550415,-0.0654182955622673,0.9999603629112244,0.49283576011657715,0.33327391743659973,-0.04907549172639847,0.9925718307495117,0.38264530897140503,0.34786269068717957,-0.0250479094684124,0.979942262172699,0.4884013235569,0.44227126240730286,-0.14723947644233704,0.9870216250419617,0.3806733787059784,0.4553816020488739,-0.11899638175964355,0.9713183641433716,0.4885942339897156,0.4796536862850189,-0.17759791016578674,0.9727016091346741,0.38052982091903687,0.48901036381721497,-0.14826640486717224,0.9466587901115417,0.481215238571167,0.47580069303512573,-0.20833079516887665,0.9735403060913086,0.3872060775756836,0.4857347309589386,-0.17839762568473816,0.9487261176109314,0.47976207733154297,0.46643656492233276,-0.16074636578559875,0.9654433727264404,0.38941261172294617,0.47633764147758484,-0.13255521655082703,0.9398632645606995,0.46150726079940796,0.4521816372871399,-0.00995782669633627,0.9996362924575806,0.4117339551448822,0.451371967792511,0.009937760420143604,0.9997128844261169,0.45551547408103943,0.6189190745353699,-0.019183121621608734,0.9910034537315369,0.4087231159210205,0.6250376105308533,-0.001890980638563633,0.9876610040664673,0.45157551765441895,0.7858625650405884,0.1073945015668869,0.9896887540817261,0.415893018245697,0.7891683578491211,0.11586187034845352,0.9884932041168213,0.44728970527648926,0.8045786619186401,0.11149372905492783,0.8599642515182495,0.42181673645973206,0.8101882934570312,0.11937254667282104,0.891559362411499,0.45803695917129517,0.8478913903236389,-0.010669550858438015,0.9845045208930969,0.3976007103919983,0.8549928665161133,0.0003008079365827143,0.9843511581420898
52,turn,0.4273402690887451,0.12321515381336212,-0.2609374523162842,0.9999955892562866,0.4327661097049713,0.10896536707878113,-0.24581487476825714,0.9999847412109375,0.4362298548221588,0.10874108970165253,-0.24582426249980927,0.9999839067459106,0.4388205409049988,0.10903745144605637,-0.24578753113746643,0.9999831318855286,0.42210572957992554,0.110757976770401,-0.24438312649726868,0.9999849796295166,0.4189862608909607,0.11206749826669693,-0.2443912774324417,0.9999834299087524,0.41610950231552124,0.11375334113836288,-0.24439144134521484,0.9999841451644897,0.4453883171081543,0.118260957300663,-0.14725342392921448,0.999970018863678,0.4127713143825531,0.12285085022449493,-0.14052261412143707,0.9999662041664124,0.43566545844078064,0.14086118340492249,-0.22351297736167908,0.9999931454658508,0.4216946065425873,0.1421985775232315,-0.22160060703754425,0.9999922513961792,0.4777321219444275,0.2134963423013687,-0.08349283784627914,0.9999768137931824,0.39282816648483276,0.22392885386943817,-0.06440090388059616,0.9999606013298035,0.4930214285850525,0.33352911472320557,-0.04937317222356796,0.9925591349601746,0.3829255998134613,0.347858190536499,-0.024278344586491585,0.9802387356758118,0.4884592592716217,0.44232097268104553,-0.14757850766181946,0.9869880080223083,0.3807711601257324,0.45553869009017944,-0.11872323602437973,0.9715262055397034,0.4886377453804016,0.4797143340110779,-0.17805057764053345,0.9726209044456482,0.3806549310684204,0.4890589714050293,-0.14810189604759216,0.9467766284942627,0.481261670589447,0.47587576508522034,-0.20867130160331726,0.973466157913208,0.3873463273048401,0.48575451970100403,-0.17818745970726013,0.9488508105278015,0.4798097014427185,0.46650612354278564,-0.16103224456310272,0.9653522372245789,0.3895329535007477,0.47637680172920227,-0.13228635489940643,0.9399258494377136,0.4616313874721527,0.4523591697216034,-0.009873608127236366,0.9996395707130432,0.411868155002594,0.45140108466148376,0.009855878539383411,0.9997150897979736,0.4555523991584778,0.6190133690834045,-0.019413026049733162,0.9909541606903076,0.4087379574775696,0.6250470876693726,-0.0017827341798692942,0.9879266023635864,0.4515746235847473,0.7858830094337463,0.10718967765569687,0.9895777702331543,0.4158915579319,0.7891488671302795,0.1159873977303505,0.9885788559913635,0.4472874701023102,0.8047286868095398,0.1113089919090271,0.8594787120819092,0.4218064248561859,0.8101251125335693,0.11950693279504776,0.890428900718689,0.4580385088920593,0.8478713035583496,-0.010743862017989159,0.9843383431434631,0.3976581394672394,0.8549597263336182,0.0006062843604013324,0.9842707514762878
53,turn,0.427396297454834,0.12325426936149597,-0.2637370228767395,0.9999957084655762,0.43284735083580017,0.10899696499109268,-0.24888066947460175,0.9999850392341614,0.43632417917251587,0.10877010226249695,-0.2488890141248703,0.9999842047691345,0.4389086365699768,0.10906192660331726,-0.24885694682598114,0.9999834895133972,0.4222066402435303,0.11079781502485275,-0.24739256501197815,0.9999853372573853,0.4190981388092041,0.11211171746253967,-0.24739965796470642,0.9999837875366211,0.41621679067611694,0.11379294842481613,-0.24740000069141388,0.9999845027923584,0.44547754526138306,0.1182698905467987,-0.15031209588050842,0.999970555305481,0.4129258692264557,0.12285905331373215,-0.1433948427438736,0.9999669790267944,0.4357302188873291,0.14088287949562073,-0.22617678344249725,0.9999933242797852,0.42178043723106384,0.1422164887189865,-0.22420835494995117,0.9999924302101135,0.47804492712020874,0.21352267265319824,-0.08445284515619278,0.9999768733978271,0.39308637380599976,0.22393985092639923,-0.0672014132142067,0.9999613761901855,0.4933844208717346,0.3339839279651642,-0.049602147191762924,0.9925516843795776,0.38307517766952515,0.3478374183177948,-0.026350727304816246,0.9805936217308044,0.48853668570518494,0.4424450695514679,-0.14607533812522888,0.9869322180747986,0.3808155953884125,0.45574501156806946,-0.12022801488637924,0.9717994332313538,0.48869818449020386,0.47981882095336914,-0.1760249137878418,0.9724860787391663,0.38070327043533325,0.4891842007637024,-0.14947576820850372,0.9470037221908569,0.4813360273838043,0.47600072622299194,-0.20675042271614075,0.9733476042747498,0.3874013125896454,0.4858701527118683,-0.17959287762641907,0.9490713477134705,0.47988390922546387,0.46661457419395447,-0.15948118269443512,0.9651932120323181,0.3895800709724426,0.4765256643295288,-0.13377682864665985,0.9400742650032043,0.46172118186950684,0.452367901802063,-0.009571943432092667,0.9996408224105835,0.41195449233055115,0.45137885212898254,0.00955437682569027,0.9997175931930542,0.4555796980857849,0.6190181970596313,-0.019352039322257042,0.9908621311187744,0.4087757468223572,0.6250900626182556,-0.0018468784401193261,0.9881792068481445,0.45159855484962463,0.7860555052757263,0.10661588609218597,0.9894576072692871,0.4159263074398041,0.7891525030136108,0.11489009857177734,0.9886820316314697,0.4473053514957428,0.8051629662513733,0.11057200282812119,0.8596321940422058,0.4218193590641022,0.8101383447647095,0.1182665005326271,0.8897706866264343,0.4580996036529541,0.8478645086288452,-0.011119307950139046,0.9841779470443726,0.3977532386779785,0.8549647927284241,-0.0005672515253536403,0.9842407703399658
54,turn,0.4274206757545471,0.12336352467536926,-0.26380860805511475,0.999995768070221,0.4328911304473877,0.109098881483078,-0.2490728348493576,0.9999850988388062,0.4363914132118225,0.10887324064970016,-0.24908098578453064,0.9999842643737793,0.43897080421447754,0.10917231440544128,-0.2490498572587967,0.999983549118042,0.4222700595855713,0.11086089164018631,-0.24751070141792297,0.9999854564666748,0.41919034719467163,0.11216660588979721,-0.24751734733581543,0.9999838471412659,0.4163074493408203,0.11383435875177383,-0.2475174367427826,0.9999845623970032,0.44555383920669556,0.11837376654148102,-0.15084581077098846,0.9999706149101257,0.4131220281124115,0.12287010252475739,-0.14352786540985107,0.9999671578407288,0.43577447533607483,0.1409485787153244,-0.22631041705608368,0.9999933838844299,0.42184728384017944,0.14227092266082764,-0.22424320876598358,0.9999924898147583,0.4782446324825287,0.21356621384620667,-0.08482666313648224,0.9999767541885376,0.3933367431163788,0.2240600436925888,-0.06740642338991165,0.9999616742134094,0.4938229024410248,0.33421361446380615,-0.049769483506679535,0.9925494194030762,0.383268803358078,0.3478996157646179,-0.02653399482369423,0.9808305501937866,0.4885997176170349,0.442547470331192,-0.14591717720031738,0.9869321584701538,0.3809439241886139,0.45586177706718445,-0.12023551762104034,0.9719533920288086,0.4887542724609375,0.47995102405548096,-0.1758447140455246,0.9724666476249695,0.38084784150123596,0.4892447292804718,-0.14943015575408936,0.9470601677894592,0.4814128875732422,0.47615525126457214,-0.20651884377002716,0.9733341932296753,0.3876073956489563,0.48595958948135376,-0.17954176664352417,0.9491218328475952,0.479958713054657,0.46672317385673523,-0.15928682684898376,0.9651734232902527,0.3897765278816223,0.47664761543273926,-0.13378092646598816,0.9400691390037537,0.46189388632774353,0.45253273844718933,-0.009496203623712063,0.9996401071548462,0.41207194328308105,0.45139822363853455,0.009480136446654797,0.999718964099884,0.45560604333877563,0.6191510558128357,-0.017912352457642555,0.9908702373504639,0.4088258147239685,0.6251806616783142,-0.0018150800606235862,0.9884979128837585,0.4516116976737976,0.7860894203186035,0.1067231148481369,0.9894590973854065,0.4159574508666992,0.7892038226127625,0.11527874320745468,0.9888774752616882,0.44729194045066833,0.8052871823310852,0.11059646308422089,0.8607436418533325,0.4218311905860901,0.8101915717124939,0.1186843067407608,0.8900511264801025,0.4581510126590729,0.8478213548660278,-0.010455386713147163,0.9841627478599548,0.39782217144966125,0.8549875020980835,-0.0001956516643986106,0.9843305349349976
55,turn,0.42742791771888733,0.12349575757980347,-0.2601017355918884,0.999995768070221,0.43289485573768616,0.10925368964672089,-0.24552619457244873,0.9999850988388062,0.43640345335006714,0.10900717973709106,-0.24553437530994415,0.9999842643737793,0.43897995352745056,0.10929654538631439,-0.24550506472587585,0.9999836087226868,0.42229706048965454,0.11097092926502228,-0.24382638931274414,0.9999854564666748,0.4192466735839844,0.11226902157068253,-0.2438315600156784,0.9999838471412659,0.41635745763778687,0.11392555385828018,-0.2438288927078247,0.9999845623970032,0.44556912779808044,0.11849049478769302,-0.14826378226280212,0.9999707341194153,0.41327324509620667,0.12297258526086807,-0.14027471840381622,0.999967098236084,0.43579572439193726,0.14100281894207,-0.2229621857404709,0.9999934434890747,0.4219210743904114,0.1423218846321106,-0.2206876575946808,0.9999925494194031,0.4783867299556732,0.21360552310943604,-0.08376725763082504,0.9999768733978271,0.39367741346359253,0.22428050637245178,-0.06461675465106964,0.999961793422699,0.49446362257003784,0.33428874611854553,-0.04866987466812134,0.9926109313964844,0.3836774230003357,0.34791451692581177,-0.023718250915408134,0.9808741807937622,0.48867425322532654,0.4425671100616455,-0.14276696741580963,0.9870362877845764,0.38109397888183594,0.4558892846107483,-0.11594369262456894,0.9719527959823608,0.48880308866500854,0.4800417125225067,-0.17266647517681122,0.9726569056510925,0.3808952271938324,0.4892504811286926,-0.1450663059949875,0.9469534754753113,0.4814780354499817,0.4762346148490906,-0.2032501995563507,0.9735254049301147,0.3876519203186035,0.48602262139320374,-0.17528222501277924,0.949016273021698,0.48000913858413696,0.4667489230632782,-0.15607205033302307,0.9653947353363037,0.3898359537124634,0.476724237203598,-0.129619300365448,0.9398788809776306,0.46201491355895996,0.452604204416275,-0.009476020000874996,0.999641478061676,0.41210970282554626,0.4513894319534302,0.009461314417421818,0.9997204542160034,0.4556107521057129,0.6193034648895264,-0.017605042085051537,0.9909611940383911,0.4088517725467682,0.6253386735916138,-0.001601737691089511,0.9888484477996826,0.4516134262084961,0.7863554358482361,0.10561629384756088,0.9895487427711487,0.4159677028656006,0.7893508672714233,0.11437462270259857,0.989107072353363,0.4472893178462982,0.8056367039680481,0.10925264656543732,0.8619948625564575,0.4218362867832184,0.810368001461029,0.11757652461528778,0.8903905153274536,0.45815929770469666,0.8478580713272095,-0.011789331212639809,0.9842485189437866,0.3978143334388733,0.8550174236297607,-0.0007979759247973561,0.9844701290130615
56,turn,0.42741817235946655,0.12353576719760895,-0.254916787147522,0.9999958276748657,0.43285709619522095,0.10931391268968582,-0.24066083133220673,0.9999852776527405,0.4364005923271179,0.10904749482870102,-0.24066968262195587,0.9999844431877136,0.43898338079452515,0.10931740701198578,-0.24064043164253235,0.9999838471412659,0.4222940504550934,0.11100505292415619,-0.2383148968219757,0.9999855756759644,0.419249951839447,0.1122920960187912,-0.2383178472518921,0.9999839067459106,0.4163552224636078,0.11393722146749496,-0.23831351101398468,0.999984622001648,0.4455718398094177,0.1185082420706749,-0.1450982242822647,0.9999712705612183,0.413348913192749,0.12302973866462708,-0.13401664793491364,0.999967098236084,0.4357989728450775,0.14101016521453857,-0.21843251585960388,0.9999935626983643,0.4219442903995514,0.14233678579330444,-0.21526244282722473,0.9999926686286926,0.47856324911117554,0.2135792225599289,-0.08314119279384613,0.9999775290489197,0.3943505883216858,0.22433814406394958,-0.05804084986448288,0.9999620914459229,0.49498915672302246,0.3342982828617096,-0.048840537667274475,0.9927749633789062,0.3841979205608368,0.3477983772754669,-0.01612195000052452,0.9807682633399963,0.4887348711490631,0.44266968965530396,-0.14305466413497925,0.9873496890068054,0.3812011778354645,0.4558875262737274,-0.10811614990234375,0.9720149040222168,0.48881155252456665,0.4801616370677948,-0.1732245236635208,0.9732509851455688,0.3808937072753906,0.4892562925815582,-0.13711343705654144,0.9469776153564453,0.48148155212402344,0.476392537355423,-0.20364496111869812,0.974104642868042,0.3876482844352722,0.48604512214660645,-0.16764414310455322,0.9490413665771484,0.480010449886322,0.46687760949134827,-0.15626497566699982,0.9661012291908264,0.38984397053718567,0.47674259543418884,-0.12202727794647217,0.9399003386497498,0.46206822991371155,0.4526372253894806,-0.009931891225278378,0.9996477365493774,0.4121575355529785,0.4513433575630188,0.009920882061123848,0.9997243881225586,0.4556190073490143,0.6196470260620117,-0.018185440450906754,0.9910529851913452,0.40887612104415894,0.625525951385498,-0.000900732702575624,0.9891307353973389,0.451620489358902,0.7867969870567322,0.10521628707647324,0.9896323084831238,0.41600871086120605,0.7895845770835876,0.11543009430170059,0.9893023371696472,0.4473083019256592,0.8061164617538452,0.1089579313993454,0.8626493215560913,0.4219406247138977,0.8108022809028625,0.1187330037355423,0.8909009099006653,0.45816153287887573,0.8482150435447693,-0.012084904126822948,0.9843201637268066,0.3977186381816864,0.8551021814346313,0.0014215189730748534,0.984606921672821
57,turn,0.42705631256103516,0.12353721261024475,-0.2548966705799103,0.9999958872795105,0.4324769377708435,0.10929768532514572,-0.24073927104473114,0.9999853372573853,0.43618059158325195,0.10901710391044617,-0.24075107276439667,0.9999845623970032,0.43892139196395874,0.10922308266162872,-0.24072012305259705,0.9999839663505554,0.42205530405044556,0.11094333976507187,-0.2378525733947754,0.9999855160713196,0.4190753996372223,0.11211171746253967,-0.23785710334777832,0.9999838471412659,0.41609007120132446,0.11369429528713226,-0.23785467445850372,0.9999844431877136,0.44557303190231323,0.11846007406711578,-0.14562878012657166,0.9999717473983765,0.4133574962615967,0.12300121784210205,-0.13211259245872498,0.9999665021896362,0.4356028437614441,0.1409887969493866,-0.21877005696296692,0.9999937415122986,0.4218023419380188,0.14234383404254913,-0.21488912403583527,0.9999927282333374,0.47884997725486755,0.2134496420621872,-0.08440092206001282,0.9999781847000122,0.39493536949157715,0.224472314119339,-0.054907817393541336,0.9999619126319885,0.4955589175224304,0.3344077467918396,-0.052237771451473236,0.9930185079574585,0.3850788474082947,0.3476724922657013,-0.009936703369021416,0.9802729487419128,0.4887901246547699,0.44332602620124817,-0.146263986825943,0.9877195954322815,0.38132864236831665,0.45585861802101135,-0.10354683548212051,0.9717999696731567,0.4888148903846741,0.4805980622768402,-0.17701691389083862,0.9739292860031128,0.38089534640312195,0.4892710745334625,-0.13231702148914337,0.9466142058372498,0.4814804196357727,0.47682803869247437,-0.20677690207958221,0.9747641682624817,0.3876265287399292,0.486065536737442,-0.16345053911209106,0.9487130641937256,0.4800109267234802,0.46733716130256653,-0.15902762115001678,0.966920018196106,0.3898434042930603,0.4767495393753052,-0.11774510145187378,0.9395535588264465,0.4621109366416931,0.45262446999549866,-0.011005481705069542,0.9996528625488281,0.4121987819671631,0.451257586479187,0.010991889983415604,0.9997255802154541,0.45564740896224976,0.6199310421943665,-0.02147708833217621,0.991063117980957,0.40888601541519165,0.6260937452316284,-4.465445090318099e-05,0.989276647567749,0.45164042711257935,0.7867931127548218,0.10686899721622467,0.9896243810653687,0.41601473093032837,0.7897359132766724,0.12129195779561996,0.9893913269042969,0.4473370909690857,0.80610591173172,0.11144532263278961,0.86207515001297,0.4219930171966553,0.8110122680664062,0.12532201409339905,0.8910264372825623,0.4581151008605957,0.848223090171814,-0.009670966304838657,0.9842382073402405,0.39771541953086853,0.8552916646003723,0.007841583341360092,0.9846389293670654
58,turn,0.42648568749427795,0.12354493886232376,-0.2585281729698181,0.9999959468841553,0.43185487389564514,0.10931108146905899,-0.2449812889099121,0.9999853372573853,0.4357169568538666,0.10903075337409973,-0.244998961687088,0.999984622001648,0.43877753615379333,0.10919902473688126,-0.244971364736557,0.999984085559845,0.4215785562992096,0.11094637215137482,-0.24060246348381042,0.99998539686203,0.41855183243751526,0.11209354549646378,-0.240604966878891,0.9999836087226868,0.41560855507850647,0.11363646388053894,-0.24060121178627014,0.9999841451644897,0.4455200731754303,0.11831926554441452,-0.15155217051506042,0.9999723434448242,0.41335779428482056,0.12300827354192734,-0.13368383049964905,0.999965488910675,0.43523597717285156,0.14098183810710907,-0.22303640842437744,0.9999939203262329,0.4215053617954254,0.14235036075115204,-0.2170221507549286,0.9999927282333374,0.4790419042110443,0.21321021020412445,-0.09169900417327881,0.9999788999557495,0.3955075144767761,0.22474166750907898,-0.0557020902633667,0.9999614357948303,0.4959670603275299,0.3343886435031891,-0.05806043744087219,0.9932951927185059,0.3858931362628937,0.34761807322502136,-0.006511603482067585,0.9793501496315002,0.4888419210910797,0.4437757134437561,-0.14986082911491394,0.9880833625793457,0.38137248158454895,0.4558570981025696,-0.10095573961734772,0.971128523349762,0.4888102412223816,0.4810950458049774,-0.18043102324008942,0.9745765328407288,0.38068193197250366,0.4892832040786743,-0.1293909251689911,0.945553183555603,0.48146921396255493,0.477190226316452,-0.21016840636730194,0.9753974676132202,0.38723495602607727,0.48613691329956055,-0.16162124276161194,0.9477308988571167,0.4800085127353668,0.4676683247089386,-0.16240903735160828,0.9677004814147949,0.38963639736175537,0.47681689262390137,-0.1156579852104187,0.9385086894035339,0.46214017271995544,0.4525080919265747,-0.012439776211977005,0.9996579885482788,0.41220515966415405,0.4511439800262451,0.012424883432686329,0.9997256994247437,0.45565682649612427,0.6201687455177307,-0.02304515428841114,0.9911018013954163,0.40886634588241577,0.6268444061279297,0.0027309677097946405,0.9894279837608337,0.4517124593257904,0.7866345643997192,0.11478109657764435,0.9896721243858337,0.41606178879737854,0.7897587418556213,0.1318567991256714,0.9895361661911011,0.44739586114883423,0.8057636618614197,0.12051410973072052,0.8612656593322754,0.42210641503334045,0.8110226988792419,0.1366094946861267,0.8918805718421936,0.45811301469802856,0.8483118414878845,-0.0019288711482658982,0.9842467308044434,0.3973979353904724,0.8555043339729309,0.01785617135465145,0.9847984910011292
59,turn,0.42590761184692383,0.12379363179206848,-0.2611774802207947,0.9999960064888,0.4312741756439209,0.10933638364076614,-0.2479889690876007,0.99998539686203,0.4352501928806305,0.10906042158603668,-0.24801044166088104,0.9999847412109375,0.43863755464553833,0.10920756310224533,-0.247980996966362,0.9999842047691345,0.42108845710754395,0.11096768826246262,-0.24286751449108124,0.9999852776527405,0.41794806718826294,0.11211781948804855,-0.24287064373493195,0.9999834299087524,0.4151945114135742,0.11364185810089111,-0.24286799132823944,0.9999838471412659,0.4454469084739685,0.11831165105104446,-0.1555187702178955,0.9999729990959167,0.4133595824241638,0.12312565743923187,-0.13469748198986053,0.9999645352363586,0.43492984771728516,0.14105366170406342,-0.22606125473976135,0.9999940991401672,0.42119351029396057,0.14248180389404297,-0.21890656650066376,0.9999927878379822,0.4791489243507385,0.21297907829284668,-0.09637967497110367,0.9999797344207764,0.3957906663417816,0.2252749502658844,-0.05581601709127426,0.9999609589576721,0.4963010847568512,0.3343941271305084,-0.06443390250205994,0.9935566782951355,0.3865077793598175,0.3479384481906891,-0.00495685450732708,0.9785289764404297,0.4888404309749603,0.444341778755188,-0.15766209363937378,0.9884558916091919,0.3813880383968353,0.4562402069568634,-0.10031361877918243,0.9706647992134094,0.48861294984817505,0.48155081272125244,-0.188327819108963,0.9752479791641235,0.3802401125431061,0.4893953502178192,-0.1286180317401886,0.9448461532592773,0.4813234806060791,0.47756147384643555,-0.21793684363365173,0.9760478734970093,0.3865075707435608,0.48639386892318726,-0.16110825538635254,0.9470937848091125,0.4799129366874695,0.4679960012435913,-0.17010650038719177,0.9685114026069641,0.3891626298427582,0.47712457180023193,-0.11516140401363373,0.9378550052642822,0.4621339440345764,0.45251044631004333,-0.013139652088284492,0.9996656775474548,0.4121297001838684,0.451145201921463,0.01312181819230318,0.9997268319129944,0.4557037353515625,0.6203276515007019,-0.026997843757271767,0.9911708831787109,0.40874385833740234,0.6269707679748535,0.0031173150055110455,0.9896143674850464,0.4517146646976471,0.7861576676368713,0.11797388643026352,0.9897416830062866,0.416098415851593,0.7897411584854126,0.13512510061264038,0.9897014498710632,0.44739603996276855,0.8049073219299316,0.12437617778778076,0.8609253168106079,0.42214781045913696,0.8108198642730713,0.14023911952972412,0.8927496671676636,0.45805174112319946,0.8483371138572693,0.0017453876789659262,0.9843413829803467,0.397398978471756,0.8557820916175842,0.02179006114602089,0.9850050210952759
60,turn,0.4252294600009918,0.12380178272724152,-0.2620634436607361,0.9999960660934448,0.4305250644683838,0.10933047533035278,-0.2492460310459137,0.9999855756759644,0.43456393480300903,0.10905694216489792,-0.24927063286304474,0.9999849796295166,0.4383103847503662,0.1091088280081749,-0.2492448091506958,0.9999845623970032,0.4204968512058258,0.11097422987222672,-0.24325701594352722,0.9999851584434509,0.41731181740760803,0.11212670803070068,-0.24325719475746155,0.9999832510948181,0.4148581027984619,0.11364110559225082,-0.24325239658355713,0.999983549118042,0.44524621963500977,0.11808912456035614,-0.15890935063362122,0.9999739527702332,0.4133644104003906,0.12317855656147003,-0.134811669588089,0.9999633431434631,0.43452295660972595,0.14103272557258606,-0.22775837779045105,0.9999943375587463,0.4208345413208008,0.14248821139335632,-0.21929815411567688,0.999992847442627,0.479311466217041,0.21269431710243225,-0.10427293926477432,0.9999807476997375,0.39640429615974426,0.22658786177635193,-0.052788179367780685,0.9999597072601318,0.4964880049228668,0.334835022687912,-0.07555435597896576,0.9938592314720154,0.38722819089889526,0.3480895161628723,0.0014636787818744779,0.9768393635749817,0.4886167049407959,0.4456298053264618,-0.16526556015014648,0.9889247417449951,0.38138917088508606,0.45662668347358704,-0.09153267741203308,0.9692283868789673,0.4878864884376526,0.482538640499115,-0.19569174945354462,0.9760968685150146,0.3798300623893738,0.48970896005630493,-0.11856888234615326,0.942588210105896,0.4805808961391449,0.47831833362579346,-0.22425349056720734,0.9768698811531067,0.3857796788215637,0.486780047416687,-0.1509408950805664,0.944923996925354,0.4792253375053406,0.4687349200248718,-0.17707447707653046,0.9695073962211609,0.38854411244392395,0.47751665115356445,-0.10645772516727448,0.9354786276817322,0.4621334671974182,0.4525628387928009,-0.014557922258973122,0.9996765851974487,0.4120616316795349,0.4511437714099884,0.01453208364546299,0.9997279644012451,0.4557567238807678,0.6209636926651001,-0.029023626819252968,0.991251528263092,0.4079526364803314,0.6273378133773804,0.005796931684017181,0.9898267388343811,0.4518057405948639,0.7861291766166687,0.12126241624355316,0.9898684620857239,0.41610249876976013,0.7897374629974365,0.14219430088996887,0.9898688793182373,0.44745445251464844,0.8047365546226501,0.12833848595619202,0.8610554933547974,0.4222491681575775,0.8105950951576233,0.14794495701789856,0.8930294513702393,0.45805129408836365,0.8484050035476685,0.005549819674342871,0.9845455884933472,0.39734286069869995,0.8560360670089722,0.030669670552015305,0.9852230548858643
61,turn,0.4235762059688568,0.12443720549345016,-0.25319749116897583,0.9999958872795105,0.42909178137779236,0.10944284498691559,-0.2415730506181717,0.9999850392341614,0.43307632207870483,0.10913560539484024,-0.24160322546958923,0.9999845623970032,0.437150776386261,0.10914378613233566,-0.24158421158790588,0.9999842643737793,0.41948309540748596,0.11121097207069397,-0.23418362438678741,0.9999842643737793,0.41665714979171753,0.11233444511890411,-0.23417726159095764,0.9999821186065674,0.41462212800979614,0.11371366679668427,-0.2341746836900711,0.9999822378158569,0.44470101594924927,0.11808262020349503,-0.15842515230178833,0.9999741911888123,0.4134719967842102,0.12322697043418884,-0.12301115691661835,0.9999595284461975,0.43281206488609314,0.14133377373218536,-0.2209358513355255,0.9999943971633911,0.4198895990848541,0.14283370971679688,-0.2107057273387909,0.9999925494194031,0.47935375571250916,0.21245844662189484,-0.10499493032693863,0.9999816417694092,0.3969522714614868,0.22752124071121216,-0.03781188651919365,0.9999580979347229,0.4965876042842865,0.33503687381744385,-0.08026833087205887,0.9941881895065308,0.38793066143989563,0.3483615517616272,0.01841169223189354,0.9734639525413513,0.48849016427993774,0.4462724030017853,-0.16731855273246765,0.989446222782135,0.38139379024505615,0.4564944803714752,-0.07459194958209991,0.9674970507621765,0.48738956451416016,0.4832518994808197,-0.19781167805194855,0.977078914642334,0.37916865944862366,0.4893994927406311,-0.10065344721078873,0.9401422739028931,0.4798964560031891,0.4787862002849579,-0.22539690136909485,0.9778154492378235,0.38456082344055176,0.4867039918899536,-0.13385102152824402,0.9425382614135742,0.4785766005516052,0.46929115056991577,-0.17862769961357117,0.9706589579582214,0.38760098814964294,0.477505624294281,-0.09005874395370483,0.932877242565155,0.46203064918518066,0.45289739966392517,-0.018551137298345566,0.9996843338012695,0.41196441650390625,0.4513164460659027,0.018531687557697296,0.9997266530990601,0.45579084753990173,0.6230535507202148,-0.03137345239520073,0.9914156794548035,0.4068431258201599,0.6279264092445374,0.013251125812530518,0.9900819063186646,0.4518679678440094,0.7861952185630798,0.12006942927837372,0.9900765419006348,0.41613665223121643,0.7897785902023315,0.1494685411453247,0.9901511073112488,0.4475974440574646,0.8047403693199158,0.12686634063720703,0.8625616431236267,0.4223897457122803,0.8105852603912354,0.15519195795059204,0.8957020044326782,0.4580255150794983,0.8485035300254822,0.00509395869448781,0.9848242402076721,0.3964058756828308,0.8560486435890198,0.04107963666319847,0.9855946898460388
62,turn,0.4221789240837097,0.1246785819530487,-0.2545869052410126,0.9999957084655762,0.42790037393569946,0.10954760760068893,-0.2416580617427826,0.9999844431877136,0.4318113923072815,0.10922115296125412,-0.2416791170835495,0.9999841451644897,0.4359448552131653,0.10921664535999298,-0.24164874851703644,0.9999839067459106,0.4184962809085846,0.11129938066005707,-0.2360980212688446,0.9999833703041077,0.41609424352645874,0.11235310137271881,-0.23609471321105957,0.9999809861183167,0.4143711030483246,0.11370403319597244,-0.23609299957752228,0.9999808073043823,0.4440552592277527,0.11808211356401443,-0.1620027869939804,0.9999743700027466,0.41355037689208984,0.12323875725269318,-0.1257663518190384,0.9999555349349976,0.43134158849716187,0.14149345457553864,-0.2216934710741043,0.9999943971633911,0.41900768876075745,0.1429005265235901,-0.21266761422157288,0.9999921917915344,0.479351669549942,0.21233810484409332,-0.11410924047231674,0.9999824166297913,0.3974868953227997,0.22890327870845795,-0.03868537023663521,0.9999565482139587,0.49661001563072205,0.33531084656715393,-0.08828669041395187,0.9945040941238403,0.38856449723243713,0.34970104694366455,0.02012001909315586,0.9687908887863159,0.4882645606994629,0.44757354259490967,-0.1713642179965973,0.9899284839630127,0.3813522458076477,0.4569425880908966,-0.07182047516107559,0.9657276272773743,0.4870123863220215,0.4844461679458618,-0.20121514797210693,0.9779788255691528,0.37815362215042114,0.4894323945045471,-0.09661184251308441,0.9378218054771423,0.4791579246520996,0.4796223044395447,-0.2284049093723297,0.9786813855171204,0.38291439414024353,0.48698487877845764,-0.13127905130386353,0.9402880668640137,0.47775086760520935,0.4702395498752594,-0.18233652412891388,0.9717303514480591,0.38613465428352356,0.4779875874519348,-0.08781398087739944,0.9304947853088379,0.4619308412075043,0.45263662934303284,-0.02172856591641903,0.9996904134750366,0.4118656516075134,0.4512544870376587,0.021701602265238762,0.9997247457504272,0.45590153336524963,0.6235391497612,-0.034860678017139435,0.9915915727615356,0.40592271089553833,0.6281088590621948,0.018921639770269394,0.9902570843696594,0.45197033882141113,0.7863376140594482,0.11776413768529892,0.9902833104133606,0.4162605404853821,0.7897794842720032,0.1528727114200592,0.9904038906097412,0.44769468903541565,0.8049972653388977,0.12522274255752563,0.8642094731330872,0.4229598641395569,0.8105617761611938,0.15835534036159515,0.8988593816757202,0.45823901891708374,0.8486253619194031,0.004568410571664572,0.9850046038627625,0.39239051938056946,0.8555428385734558,0.04631933197379112,0.9859159588813782
63,turn,0.42091184854507446,0.12502792477607727,-0.25430405139923096,0.9999952912330627,0.4268089234828949,0.10969216376543045,-0.24237468838691711,0.9999831914901733,0.4306252896785736,0.10931448638439178,-0.2423960417509079,0.9999830722808838,0.43465059995651245,0.109273761510849,-0.2423679083585739,0.999983012676239,0.41760414838790894,0.11157763749361038,-0.23597487807273865,0.9999815821647644,0.4155811667442322,0.11254727840423584,-0.2359638214111328,0.99997878074646,0.4139989912509918,0.11378981173038483,-0.2359621226787567,0.9999781250953674,0.4432991147041321,0.1180424913764,-0.16442808508872986,0.9999741315841675,0.41356992721557617,0.12333373725414276,-0.12583482265472412,0.9999486207962036,0.43022599816322327,0.1415993869304657,-0.2220129519701004,0.9999942779541016,0.41822656989097595,0.14300546050071716,-0.21237531304359436,0.9999913573265076,0.4791908860206604,0.21142157912254333,-0.12129984050989151,0.9999831318855286,0.3978410065174103,0.2304527908563614,-0.03495533764362335,0.9999537467956543,0.4965764582157135,0.33529341220855713,-0.0948527529835701,0.9947984218597412,0.3891145884990692,0.3513547480106354,0.027559712529182434,0.9606849551200867,0.4878365397453308,0.4485182464122772,-0.17159424722194672,0.990342378616333,0.38126757740974426,0.4571518898010254,-0.0614829882979393,0.9624058604240417,0.4865860939025879,0.4852421283721924,-0.20076394081115723,0.978756844997406,0.37724295258522034,0.4894362986087799,-0.08428008109331131,0.93357914686203,0.47811779379844666,0.4805011451244354,-0.2273693084716797,0.9794283509254456,0.3811987638473511,0.48719003796577454,-0.12031163275241852,0.9361530542373657,0.47655391693115234,0.4712114632129669,-0.18210315704345703,0.972650945186615,0.38441202044487,0.4783516824245453,-0.07807823270559311,0.9261212944984436,0.4618018567562103,0.4521830677986145,-0.025668704882264137,0.9996954798698425,0.41176873445510864,0.45111504197120667,0.025646377354860306,0.9997192621231079,0.45603686571121216,0.6246429681777954,-0.03864183649420738,0.9917294383049011,0.4042109549045563,0.6280441880226135,0.026973893865942955,0.9902790188789368,0.4519960284233093,0.7865879535675049,0.11092184484004974,0.9904189705848694,0.4163987636566162,0.789322555065155,0.16008266806602478,0.990558385848999,0.44778913259506226,0.8051862716674805,0.11771849542856216,0.8654906153678894,0.4236562252044678,0.8097919821739197,0.1656264364719391,0.902169942855835,0.45846420526504517,0.8488568067550659,0.00027853052597492933,0.9849780797958374,0.3867293894290924,0.8528167009353638,0.058187007904052734,0.986105740070343
64,turn,0.41909080743789673,0.12578554451465607,-0.23773224651813507,0.9999946355819702,0.42495840787887573,0.1099608764052391,-0.2288438379764557,0.9999813437461853,0.4288671612739563,0.10951714217662811,-0.22888484597206116,0.9999815821647644,0.4328199326992035,0.10936427861452103,-0.22889022529125214,0.9999816417694092,0.41641998291015625,0.11203966289758682,-0.21913358569145203,0.9999789595603943,0.4147477149963379,0.11291231215000153,-0.21911033987998962,0.9999755024909973,0.41301172971725464,0.11404144763946533,-0.2191055566072464,0.999974250793457,0.44238120317459106,0.11797448247671127,-0.15905995666980743,0.9999737739562988,0.4135160446166992,0.12341221421957016,-0.10889144986867905,0.9999388456344604,0.42871522903442383,0.14178255200386047,-0.20921042561531067,0.9999939203262329,0.41719120740890503,0.14317403733730316,-0.19566024839878082,0.999989926815033,0.47867241501808167,0.21029257774353027,-0.11922463029623032,0.9999837279319763,0.3984432518482208,0.23143270611763,-0.013797415420413017,0.999949038028717,0.49603337049484253,0.33498623967170715,-0.09966777265071869,0.9950494170188904,0.389651358127594,0.35281598567962646,0.04996068775653839,0.9482293725013733,0.48662304878234863,0.4495357871055603,-0.17287033796310425,0.990715742111206,0.38110166788101196,0.45713767409324646,-0.03967440873384476,0.9582998156547546,0.48538222908973694,0.4860231280326843,-0.20218417048454285,0.9794902205467224,0.37646013498306274,0.4893640875816345,-0.06130126863718033,0.9284670352935791,0.47625017166137695,0.481922447681427,-0.22775277495384216,0.9801270365715027,0.379892498254776,0.48722338676452637,-0.09783512353897095,0.9312186241149902,0.47443103790283203,0.472726047039032,-0.182890847325325,0.9734891653060913,0.3830452263355255,0.4784851372241974,-0.056705497205257416,0.9210673570632935,0.46150073409080505,0.45094648003578186,-0.03247205540537834,0.9996919631958008,0.411710262298584,0.45050379633903503,0.032466720789670944,0.9997048377990723,0.4560268521308899,0.6244874000549316,-0.04746600612998009,0.9917254447937012,0.4022126793861389,0.6256538033485413,0.033108439296483994,0.9898833632469177,0.45199814438819885,0.7862767577171326,0.09068980813026428,0.9903427958488464,0.41641393303871155,0.7886532545089722,0.1572616696357727,0.9904314279556274,0.44794243574142456,0.8047908544540405,0.09587259590625763,0.8637199401855469,0.42404142022132874,0.8088159561157227,0.1619999259710312,0.9047656655311584,0.45845261216163635,0.8488578796386719,-0.021150825545191765,0.9844895005226135,0.38206714391708374,0.8477684855461121,0.056667763739824295,0.985893726348877
65,turn,0.41681212186813354,0.1265527456998825,-0.2060198038816452,0.9999942183494568,0.42216914892196655,0.110105961561203,-0.1990196406841278,0.9999805092811584,0.42608848214149475,0.10955631732940674,-0.199075385928154,0.9999809861183167,0.43015486001968384,0.10937003046274185,-0.1990969330072403,0.999981164932251,0.41493672132492065,0.11254808306694031,-0.18675385415554047,0.9999776482582092,0.41313642263412476,0.11343424022197723,-0.1867157518863678,0.999973714351654,0.4110780358314514,0.11461181938648224,-0.18670295178890228,0.9999719858169556,0.4409169554710388,0.11761649698019028,-0.1360398232936859,0.9999744296073914,0.4132770597934723,0.12353090941905975,-0.07666189968585968,0.9999337792396545,0.4262022078037262,0.14197207987308502,-0.1808883547782898,0.9999938011169434,0.41582751274108887,0.14347346127033234,-0.1640910506248474,0.9999889731407166,0.47790098190307617,0.20934797823429108,-0.11520006507635117,0.9999845623970032,0.39908185601234436,0.2319706529378891,0.0195376705378294,0.9999450445175171,0.495552122592926,0.3346139192581177,-0.104304239153862,0.9953084588050842,0.39038896560668945,0.3536253869533539,0.0790606364607811,0.9318733811378479,0.4854079782962799,0.4503518044948578,-0.17333199083805084,0.991028904914856,0.3810698986053467,0.4570050835609436,-0.012685991823673248,0.9530190825462341,0.4836041331291199,0.48647868633270264,-0.20360210537910461,0.9800834059715271,0.3760954439640045,0.4893387258052826,-0.034363843500614166,0.9219169020652771,0.4740120768547058,0.48261985182762146,-0.22779086232185364,0.9806828498840332,0.37925153970718384,0.4872479736804962,-0.06936269998550415,0.9248475432395935,0.4722196161746979,0.47357407212257385,-0.18278534710407257,0.9741371870040894,0.38247549533843994,0.47854694724082947,-0.02958986721932888,0.9145166277885437,0.46045130491256714,0.4507242739200592,-0.04187147691845894,0.9996938109397888,0.4113733172416687,0.4502061605453491,0.04189019277691841,0.999696671962738,0.45579490065574646,0.6243216395378113,-0.05966830998659134,0.9915637373924255,0.40018075704574585,0.6227956414222717,0.03737720847129822,0.9892071485519409,0.45200031995773315,0.7862852215766907,0.06450144201517105,0.9901725053787231,0.4165126383304596,0.7873901128768921,0.15536630153656006,0.990071177482605,0.44834455847740173,0.8048378229141235,0.06845703721046448,0.8629540205001831,0.4249041676521301,0.8076687455177307,0.1597459763288498,0.9075797200202942,0.45838505029678345,0.8487727642059326,-0.046297837048769,0.9838575720787048,0.38066574931144714,0.8417662978172302,0.061417751014232635,0.9853594899177551
66,turn,0.4147144854068756,0.1273188441991806,-0.1885143220424652,0.9999939203262329,0.4195117950439453,0.11038792878389359,-0.18302267789840698,0.9999801516532898,0.42321330308914185,0.10961441695690155,-0.18308308720588684,0.9999808669090271,0.4272923469543457,0.10937648266553879,-0.1831139624118805,0.999981164932251,0.41291356086730957,0.11311396211385727,-0.1691005527973175,0.9999769330024719,0.4108889698982239,0.11408063769340515,-0.16905303299427032,0.9999726414680481,0.40902695059776306,0.11526332795619965,-0.16903313994407654,0.9999706149101257,0.43914127349853516,0.11727550625801086,-0.1256684809923172,0.9999754428863525,0.41270002722740173,0.12354187667369843,-0.05944126099348068,0.999930739402771,0.42335399985313416,0.14219355583190918,-0.16572147607803345,0.9999937415122986,0.41412439942359924,0.14382807910442352,-0.14670327305793762,0.9999881982803345,0.47635412216186523,0.20753084123134613,-0.11351002752780914,0.9999854564666748,0.3996848464012146,0.23225723206996918,0.037488508969545364,0.9999405145645142,0.494276762008667,0.33329108357429504,-0.11329054832458496,0.9955599904060364,0.3911095857620239,0.35394182801246643,0.0953088253736496,0.9113467931747437,0.48358139395713806,0.45030009746551514,-0.17816129326820374,0.9913358092308044,0.3810026943683624,0.4567006826400757,0.0030445344746112823,0.9467558860778809,0.48142653703689575,0.48644837737083435,-0.2092767059803009,0.980650007724762,0.37580323219299316,0.48917558789253235,-0.01810346730053425,0.9143205881118774,0.4715585708618164,0.48262181878089905,-0.23126134276390076,0.9812086820602417,0.37882447242736816,0.4872533679008484,-0.05183424800634384,0.9174156188964844,0.4695303440093994,0.4736144244670868,-0.18661023676395416,0.9747249484062195,0.3820344805717468,0.47857412695884705,-0.013545049354434013,0.9067992568016052,0.45854535698890686,0.4494704008102417,-0.047717828303575516,0.9996945261955261,0.411121129989624,0.4492703378200531,0.047739218920469284,0.9996874332427979,0.45514360070228577,0.6237948536872864,-0.07031816989183426,0.9913721680641174,0.3984982669353485,0.6206951141357422,0.03451927378773689,0.9884627461433411,0.4519713819026947,0.7863034009933472,0.03864838182926178,0.9900442957878113,0.4165585935115814,0.7860651016235352,0.14633609354496002,0.9895409941673279,0.4486309885978699,0.8048376441001892,0.04134540259838104,0.8622894883155823,0.42538776993751526,0.8064382672309875,0.1494068205356598,0.9096382856369019,0.4579104483127594,0.8487637639045715,-0.07254160940647125,0.9832552075386047,0.3796190619468689,0.8370261192321777,0.05388311669230461,0.984542965888977
67,turn,0.41193026304244995,0.1286880075931549,-0.18172967433929443,0.9999935030937195,0.4168425500392914,0.11127050966024399,-0.1786482036113739,0.9999794363975525,0.41997307538986206,0.11012724786996841,-0.17871077358722687,0.9999804496765137,0.42385372519493103,0.10952863842248917,-0.17874810099601746,0.9999808669090271,0.4100338816642761,0.1149401143193245,-0.1625083088874817,0.9999759197235107,0.40835005044937134,0.1161172017455101,-0.16245947778224945,0.9999712109565735,0.40691614151000977,0.11723180115222931,-0.16244414448738098,0.999968945980072,0.4367445409297943,0.1171523928642273,-0.12766310572624207,0.9999762773513794,0.4116992950439453,0.12397635728120804,-0.05203094333410263,0.9999279379844666,0.4204150140285492,0.1427627056837082,-0.16121186316013336,0.999993622303009,0.41177883744239807,0.14473912119865417,-0.1392151564359665,0.9999873042106628,0.47415757179260254,0.20600247383117676,-0.11926855146884918,0.9999862909317017,0.4001622200012207,0.23229098320007324,0.04855487495660782,0.9999374747276306,0.49262285232543945,0.332698792219162,-0.12667420506477356,0.9957799315452576,0.39138489961624146,0.35413625836372375,0.10641054064035416,0.8898543119430542,0.480499267578125,0.45077651739120483,-0.18625517189502716,0.9915133714675903,0.3801198899745941,0.4565873146057129,0.015095731243491173,0.9399778842926025,0.47802990674972534,0.48685505986213684,-0.2178596556186676,0.980957567691803,0.37464699149131775,0.48915722966194153,-0.004800894297659397,0.9059401154518127,0.4676687717437744,0.4832901954650879,-0.23776932060718536,0.9814609289169312,0.3776251971721649,0.487360417842865,-0.03827981278300285,0.9092221260070801,0.4653950333595276,0.4742487967014313,-0.193793386220932,0.9748812913894653,0.38074490427970886,0.478678435087204,-0.0015847478061914444,0.8984131813049316,0.4563283920288086,0.4486900866031647,-0.05352290719747543,0.9996938705444336,0.41060662269592285,0.44885483384132385,0.05354105308651924,0.9996768832206726,0.4547242522239685,0.6236637234687805,-0.08198748528957367,0.9912452101707458,0.3970640301704407,0.6199808120727539,0.03489280492067337,0.9876633286476135,0.4519693851470947,0.786300003528595,0.02279926836490631,0.9899743795394897,0.41674739122390747,0.7846702337265015,0.1425188034772873,0.988804817199707,0.4488655924797058,0.804868757724762,0.02532348968088627,0.8619623184204102,0.4258105754852295,0.8057402968406677,0.14556977152824402,0.9114559292793274,0.45728787779808044,0.8487014174461365,-0.08834835141897202,0.982786238193512,0.3787006437778473,0.8331354856491089,0.05373287945985794,0.9835268259048462
68,turn,0.4077414572238922,0.12954457104206085,-0.16434046626091003,0.9999929070472717,0.4127027988433838,0.11198017001152039,-0.16523277759552002,0.9999784231185913,0.41581422090530396,0.1105714812874794,-0.16528883576393127,0.9999797344207764,0.41898590326309204,0.10977582633495331,-0.16532325744628906,0.9999803304672241,0.4069179892539978,0.11623447388410568,-0.1451108753681183,0.9999744892120361,0.4057184159755707,0.117351233959198,-0.14506858587265015,0.999969482421875,0.4044029712677002,0.11833881586790085,-0.14506039023399353,0.9999671578407288,0.4329807162284851,0.11689459532499313,-0.12940460443496704,0.9999768733978271,0.41068118810653687,0.12420734018087387,-0.03661134093999863,0.999924898147583,0.4158802032470703,0.14296838641166687,-0.1495322734117508,0.9999934434890747,0.40845003724098206,0.144990935921669,-0.1223304271697998,0.9999861717224121,0.4720931649208069,0.2047789841890335,-0.1281498372554779,0.9999870657920837,0.4005587697029114,0.23227351903915405,0.06236083433032036,0.9999346733093262,0.49107450246810913,0.33256977796554565,-0.14020028710365295,0.9960134029388428,0.3921316862106323,0.3541489243507385,0.12099377810955048,0.867328941822052,0.47637873888015747,0.45147886872291565,-0.1914064735174179,0.9917442798614502,0.37940073013305664,0.4560333788394928,0.02975062094628811,0.933604896068573,0.4738863408565521,0.48793089389801025,-0.22298069298267365,0.9813621044158936,0.373187392950058,0.48905372619628906,0.01033729501068592,0.898032546043396,0.46299076080322266,0.48477280139923096,-0.241230770945549,0.9817981123924255,0.3760870397090912,0.48737382888793945,-0.023358842357993126,0.9016155004501343,0.46082448959350586,0.4754526913166046,-0.19801189005374908,0.9751109480857849,0.37927523255348206,0.47868454456329346,0.012605646625161171,0.8905665278434753,0.45445746183395386,0.4471445679664612,-0.059507958590984344,0.9996898770332336,0.41012758016586304,0.4477291405200958,0.05951820686459541,0.999663770198822,0.4539324641227722,0.6232092380523682,-0.08824624121189117,0.9912272095680237,0.3955985903739929,0.6184425354003906,0.03843309357762337,0.9868520498275757,0.4519699513912201,0.7861251831054688,0.017867276445031166,0.9899933934211731,0.4169846475124359,0.782704770565033,0.14292898774147034,0.987951934337616,0.4496457576751709,0.8048391342163086,0.02053580805659294,0.862257182598114,0.42652377486228943,0.8050476908683777,0.14606480300426483,0.9131289720535278,0.4559684693813324,0.8484640121459961,-0.0940617173910141,0.9824966788291931,0.3787546455860138,0.8290061950683594,0.060049764811992645,0.982501208782196
69,turn,0.4047752916812897,0.12999746203422546,-0.1541169434785843,0.9999921917915344,0.4090677797794342,0.1125781238079071,-0.15633730590343475,0.9999772310256958,0.4121944010257721,0.11095550656318665,-0.15639826655387878,0.9999788999557495,0.41539835929870605,0.10995928198099136,-0.15643613040447235,0.9999796748161316,0.40421023964881897,0.11682625859975815,-0.1348964422941208,0.9999727606773376,0.4029425084590912,0.11790100485086441,-0.1348504275083542,0.9999673366546631,0.401693731546402,0.11884070187807083,-0.13484784960746765,0.9999649524688721,0.4295922815799713,0.11654499173164368,-0.1280684769153595,0.9999772906303406,0.4094511568546295,0.12426356971263885,-0.028053734451532364,0.9999212622642517,0.41257190704345703,0.14317037165164948,-0.14166931807994843,0.9999932050704956,0.4061436653137207,0.1452440619468689,-0.11270759254693985,0.9999847412109375,0.46973854303359985,0.203007310628891,-0.13259606063365936,0.9999878406524658,0.4006883502006531,0.23225413262844086,0.06939119845628738,0.9999308586120605,0.48878201842308044,0.33217570185661316,-0.14829377830028534,0.9962059855461121,0.392534077167511,0.35459181666374207,0.12779775261878967,0.8399475812911987,0.4726768434047699,0.45187869668006897,-0.19497038424015045,0.9919089674949646,0.3788174092769623,0.4560873210430145,0.03887398913502693,0.9246885776519775,0.4707109034061432,0.4889630079269409,-0.2260926514863968,0.9816514849662781,0.3723031282424927,0.489229291677475,0.020516380667686462,0.8875977993011475,0.4597952365875244,0.48577216267585754,-0.24290192127227783,0.9820176362991333,0.3749919831752777,0.48799312114715576,-0.013460405170917511,0.8915511965751648,0.4576539397239685,0.47618767619132996,-0.2008129060268402,0.9751618504524231,0.3782574534416199,0.4790259599685669,0.021466733887791634,0.8802277445793152,0.4528253972530365,0.44697311520576477,-0.06219635531306267,0.9996899366378784,0.40964436531066895,0.44738540053367615,0.06220320612192154,0.9996533989906311,0.4527552127838135,0.623168408870697,-0.09164001047611237,0.991257905960083,0.39423668384552,0.6167386174201965,0.04023442417383194,0.9863412380218506,0.45197081565856934,0.7858696579933167,0.017995715141296387,0.9901076555252075,0.41729632019996643,0.7799955606460571,0.15150612592697144,0.9872748851776123,0.45007842779159546,0.804608941078186,0.021109504625201225,0.8636597990989685,0.4269351065158844,0.802832305431366,0.15640822052955627,0.9150434136390686,0.4552627503871918,0.8483609557151794,-0.09282083064317703,0.982431948184967,0.3796042799949646,0.8255211710929871,0.07590837776660919,0.9817594885826111
70,turn,0.4022194743156433,0.13074740767478943,-0.13941235840320587,0.9999915957450867,0.40682560205459595,0.1137465089559555,-0.1428164392709732,0.999976396560669,0.4095199704170227,0.1119186207652092,-0.14288130402565002,0.9999783635139465,0.4129129946231842,0.11052870005369186,-0.14292509853839874,0.9999793171882629,0.40159672498703003,0.11786025017499924,-0.12023882567882538,0.9999713897705078,0.4003274440765381,0.11888743191957474,-0.1201867014169693,0.9999655485153198,0.3992733359336853,0.11973235011100769,-0.12018146365880966,0.9999631643295288,0.4269796311855316,0.11643243581056595,-0.12067028135061264,0.9999778866767883,0.4078714847564697,0.12447091192007065,-0.0147326635196805,0.9999186396598816,0.41005054116249084,0.14351828396320343,-0.12882724404335022,0.9999930262565613,0.404254287481308,0.14565834403038025,-0.098387710750103,0.999983549118042,0.46713367104530334,0.20132401585578918,-0.1316014528274536,0.9999886155128479,0.4007912576198578,0.23223571479320526,0.08270048350095749,0.9999273419380188,0.48617616295814514,0.33067527413368225,-0.15005120635032654,0.9963881969451904,0.3929407000541687,0.354801207780838,0.14007338881492615,0.8108217120170593,0.46883445978164673,0.45203107595443726,-0.19299465417861938,0.9921134114265442,0.37818068265914917,0.456168532371521,0.0530095212161541,0.9148684144020081,0.46797046065330505,0.48942914605140686,-0.22400298714637756,0.9820435047149658,0.37182462215423584,0.489307701587677,0.035631246864795685,0.8763390779495239,0.45682230591773987,0.48621776700019836,-0.24050219357013702,0.9823386669158936,0.37435588240623474,0.4885086417198181,0.001727540628053248,0.8807057738304138,0.45456448197364807,0.4764125943183899,-0.1985684186220169,0.9753575921058655,0.3775820732116699,0.47935494780540466,0.0355072058737278,0.8691524863243103,0.4507911801338196,0.44703254103660583,-0.06481176614761353,0.999695360660553,0.40896621346473694,0.4474022686481476,0.06482245773077011,0.9996495246887207,0.4511728882789612,0.6231786608695984,-0.09741166979074478,0.9914245009422302,0.39382123947143555,0.6165100336074829,0.04390235245227814,0.985937237739563,0.4519531726837158,0.785477340221405,0.016398070380091667,0.9903169870376587,0.41769513487815857,0.7789314389228821,0.1571788787841797,0.9868252277374268,0.4503173232078552,0.8038084506988525,0.020103340968489647,0.8666186928749084,0.42732930183410645,0.8016984462738037,0.16256432235240936,0.917410135269165,0.45462527871131897,0.8483342528343201,-0.09208734333515167,0.9825736284255981,0.3798937499523163,0.8242504596710205,0.08332481235265732,0.9813199639320374
71,turn,0.39967721700668335,0.1310635507106781,-0.12795551121234894,0.9999910593032837,0.40465909242630005,0.11454444378614426,-0.13238605856895447,0.9999758005142212,0.4071974754333496,0.11275991052389145,-0.13245436549186707,0.9999780654907227,0.4102446436882019,0.11126609146595001,-0.13250069320201874,0.9999791383743286,0.39926376938819885,0.1182311475276947,-0.1092761904001236,0.9999701976776123,0.39824071526527405,0.1191682368516922,-0.10922133922576904,0.9999640583992004,0.3973696529865265,0.11992479115724564,-0.10921545326709747,0.9999615550041199,0.42450204491615295,0.11643356829881668,-0.11454637348651886,0.9999786615371704,0.4065183699131012,0.124482162296772,-0.006361114326864481,0.9999169707298279,0.40782150626182556,0.14372359216213226,-0.11884582042694092,0.9999929070472717,0.40204930305480957,0.14588329195976257,-0.08775369077920914,0.9999825954437256,0.4639793932437897,0.1997317373752594,-0.1308709979057312,0.9999894499778748,0.4008120596408844,0.23249761760234833,0.09161444008350372,0.9999243021011353,0.4829053282737732,0.3298807442188263,-0.15238375961780548,0.9965767860412598,0.39311105012893677,0.3555613160133362,0.15053962171077728,0.7825596928596497,0.46431365609169006,0.45354050397872925,-0.19386962056159973,0.9924330711364746,0.37775111198425293,0.4562620520591736,0.06530987471342087,0.9065211415290833,0.46402549743652344,0.4901401996612549,-0.22505983710289001,0.9827113747596741,0.3715327978134155,0.48940208554267883,0.04892127215862274,0.8672147393226624,0.4529899060726166,0.48714667558670044,-0.24017708003520966,0.9829404950141907,0.37382394075393677,0.4888449013233185,0.014376995153725147,0.8719606399536133,0.4509367048740387,0.47720399498939514,-0.19876958429813385,0.9759826064109802,0.3770332336425781,0.4795204699039459,0.047529250383377075,0.8601654767990112,0.44896045327186584,0.4473157227039337,-0.0665571317076683,0.999704897403717,0.4082896113395691,0.4483039081096649,0.06657836586236954,0.9996507167816162,0.44954046607017517,0.6234764456748962,-0.10272034257650375,0.9917095303535461,0.39402276277542114,0.6161622405052185,0.04839036241173744,0.9856029748916626,0.45174890756607056,0.7854745388031006,0.008725753054022789,0.9905738234519958,0.4176912307739258,0.778039813041687,0.16031472384929657,0.9863845109939575,0.45029181241989136,0.8037524819374084,0.012355250306427479,0.8703253269195557,0.4272715151309967,0.8006519675254822,0.16567382216453552,0.9192873239517212,0.4538673460483551,0.8483390808105469,-0.09881836920976639,0.982830822467804,0.379455029964447,0.8244990706443787,0.08767366409301758,0.9809209704399109
72,turn,0.3973807692527771,0.13104912638664246,-0.12720468640327454,0.9999906420707703,0.4023669362068176,0.114669069647789,-0.13026311993598938,0.999975323677063,0.4051816463470459,0.1129361242055893,-0.1303374171257019,0.9999778866767883,0.40797144174575806,0.11147930473089218,-0.130386620759964,0.9999790787696838,0.3972424268722534,0.11819784343242645,-0.10805821418762207,0.9999691843986511,0.39633920788764954,0.11911886930465698,-0.10799871385097504,0.9999626874923706,0.3954532742500305,0.1198795884847641,-0.10798750072717667,0.9999599456787109,0.4220418930053711,0.11635942757129669,-0.10756957530975342,0.9999794960021973,0.4048672318458557,0.12434852123260498,-0.0032648767810314894,0.9999148845672607,0.4057079255580902,0.1437387615442276,-0.11627238988876343,0.999992847442627,0.3994855284690857,0.14588409662246704,-0.08639078587293625,0.9999818205833435,0.46094053983688354,0.19872243702411652,-0.12854264676570892,0.9999902248382568,0.4003972113132477,0.23247775435447693,0.09839752316474915,0.9999210238456726,0.47988301515579224,0.3299085199832916,-0.14996810257434845,0.996762752532959,0.39303120970726013,0.3560407757759094,0.1574767827987671,0.7535866498947144,0.4602521061897278,0.4537746012210846,-0.19333472847938538,0.9927620887756348,0.3764376938343048,0.4564422070980072,0.07027388364076614,0.8975257277488708,0.46070656180381775,0.4902943968772888,-0.22483503818511963,0.9833920001983643,0.3709823489189148,0.4895065426826477,0.053821664303541183,0.8576717376708984,0.4499126076698303,0.4872218370437622,-0.23954732716083527,0.9835688471794128,0.3729308247566223,0.4891528785228729,0.019280096516013145,0.8627517819404602,0.44789963960647583,0.4772964417934418,-0.19809244573116302,0.9766720533370972,0.3759467303752899,0.47971105575561523,0.05244194343686104,0.8506909608840942,0.44629722833633423,0.4475798010826111,-0.06811846792697906,0.999713659286499,0.4066811203956604,0.44913744926452637,0.0681496188044548,0.999651312828064,0.44725847244262695,0.6232115626335144,-0.10162556171417236,0.991858959197998,0.3941446542739868,0.6159886121749878,0.046950411051511765,0.9851735234260559,0.451622873544693,0.7853893637657166,0.01057215966284275,0.9907668828964233,0.41768789291381836,0.7778533101081848,0.15884585678577423,0.986047625541687,0.4502602219581604,0.8036964535713196,0.014277500100433826,0.8738772869110107,0.42724528908729553,0.800388514995575,0.16405349969863892,0.9216940999031067,0.45333996415138245,0.8481895327568054,-0.09663694351911545,0.9830430746078491,0.37936919927597046,0.8244269490242004,0.08519091457128525,0.9806174039840698
73,turn,0.395630419254303,0.1315416395664215,-0.1068943589925766,0.9999900460243225,0.4006432890892029,0.11554403603076935,-0.11114897578954697,0.9999746084213257,0.4035102427005768,0.11394821107387543,-0.11123494058847427,0.9999774694442749,0.40647315979003906,0.11235018819570541,-0.11129461228847504,0.9999788403511047,0.3954012989997864,0.118705153465271,-0.08790536224842072,0.9999678134918213,0.3944348692893982,0.1195046603679657,-0.08783415704965591,0.9999606013298035,0.39340493083000183,0.12015892565250397,-0.08782169222831726,0.9999573826789856,0.4203193187713623,0.11637838184833527,-0.09337258338928223,0.9999802112579346,0.40304890275001526,0.12436024099588394,0.015121309086680412,0.9999116063117981,0.4041958749294281,0.14414213597774506,-0.09766092151403427,0.9999926090240479,0.3977203965187073,0.14634713530540466,-0.06647510826587677,0.9999802708625793,0.45838361978530884,0.197580948472023,-0.12806005775928497,0.9999909996986389,0.40035590529441833,0.23187950253486633,0.11841221898794174,0.9999182224273682,0.47587576508522034,0.3291279375553131,-0.15376418828964233,0.9969218969345093,0.3931887447834015,0.3573257029056549,0.17777027189731598,0.7204285860061646,0.4559170603752136,0.453597754240036,-0.1936129629611969,0.9931305646896362,0.37584131956100464,0.457456111907959,0.09586187452077866,0.887237548828125,0.4554435610771179,0.490041047334671,-0.22539231181144714,0.9841917753219604,0.37083518505096436,0.48987138271331787,0.08172477781772614,0.8474379181861877,0.4458107054233551,0.48716041445732117,-0.2390746772289276,0.9843183755874634,0.37261760234832764,0.48988014459609985,0.047016751021146774,0.8529475331306458,0.4441709518432617,0.4772587716579437,-0.19786682724952698,0.977545440196991,0.375521719455719,0.48042821884155273,0.07782495766878128,0.8407403826713562,0.4445415139198303,0.4483290910720825,-0.07148219645023346,0.999723494052887,0.4055677056312561,0.4509875476360321,0.07153197377920151,0.9996566772460938,0.44537943601608276,0.62317955493927,-0.10292328894138336,0.9919424653053284,0.3942658007144928,0.6161373853683472,0.05421292781829834,0.9847267866134644,0.45161890983581543,0.7850156426429749,0.0046056415885686874,0.9908278584480286,0.417677640914917,0.7780894637107849,0.15910354256629944,0.9856977462768555,0.4503037929534912,0.8035149574279785,0.008177078329026699,0.8774214386940002,0.42717331647872925,0.8004912734031677,0.16386280953884125,0.9240292310714722,0.4533389210700989,0.8479825258255005,-0.09898169338703156,0.9831477999687195,0.3784253001213074,0.8250645399093628,0.0881730169057846,0.9803057312965393
74,turn,0.3925335705280304,0.13146093487739563,-0.09835433214902878,0.9999892711639404,0.39787039160728455,0.11551927030086517,-0.10387463867664337,0.9999737739562988,0.40063172578811646,0.11394742131233215,-0.10396189987659454,0.9999769926071167,0.4036686420440674,0.11238878965377808,-0.1040203794836998,0.9999786019325256,0.3926193118095398,0.11866147816181183,-0.07955275475978851,0.9999663829803467,0.3916510343551636,0.11941405385732651,-0.07948131859302521,0.9999585151672363,0.39070504903793335,0.12002342939376831,-0.07946647703647614,0.9999547600746155,0.4173804819583893,0.11619658023118973,-0.09258434176445007,0.9999808073043823,0.4012250304222107,0.12398335337638855,0.01985609345138073,0.9999072551727295,0.4004893898963928,0.14410929381847382,-0.09179262816905975,0.9999922513961792,0.39464694261550903,0.1462598443031311,-0.059359800070524216,0.9999783635139465,0.4548322260379791,0.19705496728420258,-0.1305573433637619,0.9999917149543762,0.39976072311401367,0.22959858179092407,0.12297256290912628,0.9999134540557861,0.47162801027297974,0.3291613459587097,-0.16590894758701324,0.9971058368682861,0.39318835735321045,0.35802191495895386,0.18158744275569916,0.6816842555999756,0.450420618057251,0.4538799822330475,-0.1960679441690445,0.9935542345046997,0.3752254247665405,0.45875048637390137,0.10169112682342529,0.872157633304596,0.4489353597164154,0.49010878801345825,-0.22738412022590637,0.9850949645042419,0.3705480694770813,0.4904484748840332,0.08932022750377655,0.8330584168434143,0.4400232434272766,0.48727187514305115,-0.2389579713344574,0.9851822853088379,0.37252354621887207,0.49057406187057495,0.054363787174224854,0.8390707969665527,0.43831175565719604,0.4775107800960541,-0.19897787272930145,0.9786162376403809,0.37542685866355896,0.48111480474472046,0.08354225754737854,0.8263059854507446,0.4412473142147064,0.4485054016113281,-0.07409825921058655,0.9997292757034302,0.4032360017299652,0.4517061114311218,0.07414333522319794,0.9996551275253296,0.4436156153678894,0.6230947971343994,-0.0962936282157898,0.991855800151825,0.3944627046585083,0.6162719130516052,0.06874723732471466,0.9837176203727722,0.4511599540710449,0.7850103378295898,0.00180619431193918,0.9907923340797424,0.41756218671798706,0.7780137062072754,0.16229680180549622,0.9850603938102722,0.4502476751804352,0.8035163879394531,0.004272211343050003,0.8812829852104187,0.4268770217895508,0.8004399538040161,0.16606885194778442,0.925563395023346,0.45236000418663025,0.8477370142936707,-0.10018189251422882,0.9832490682601929,0.3775756359100342,0.8248040676116943,0.09418890625238419,0.9798938035964966
75,turn,0.38960087299346924,0.13143013417720795,-0.09241919964551926,0.9999870657920837,0.39491015672683716,0.11549859493970871,-0.10003314912319183,0.9999706149101257,0.3976394832134247,0.11395658552646637,-0.10011841356754303,0.9999747276306152,0.40057945251464844,0.11244869977235794,-0.10017970949411392,0.9999768733978271,0.3897800147533417,0.11864364147186279,-0.07473655790090561,0.999961793422699,0.38895320892333984,0.11938858032226562,-0.07466575503349304,0.999952495098114,0.3882525861263275,0.11996053159236908,-0.07465247809886932,0.9999473690986633,0.4146365225315094,0.11612586677074432,-0.09594932198524475,0.9999804496765137,0.39937978982925415,0.12374301254749298,0.019853685051202774,0.9998922348022461,0.397501677274704,0.1440880298614502,-0.08852370083332062,0.9999908804893494,0.3918578624725342,0.1462213546037674,-0.05497229844331741,0.9999728798866272,0.45166707038879395,0.1965952068567276,-0.13918742537498474,0.9999922513961792,0.39922529458999634,0.2272568792104721,0.12172212451696396,0.999900221824646,0.4677308201789856,0.3291204571723938,-0.1760159730911255,0.997275173664093,0.39342617988586426,0.3580789864063263,0.17754405736923218,0.6360929012298584,0.4451073706150055,0.4542779326438904,-0.1943681538105011,0.9939302206039429,0.3752683699131012,0.45930933952331543,0.10121701657772064,0.8445074558258057,0.4429389536380768,0.4901011884212494,-0.22599120438098907,0.9858796000480652,0.37065860629081726,0.49067530035972595,0.09030471742153168,0.8073073029518127,0.43391305208206177,0.48724856972694397,-0.2337735891342163,0.9859264492988586,0.37269002199172974,0.4906725585460663,0.05596820265054703,0.8140643239021301,0.43261560797691345,0.47748878598213196,-0.19799605011940002,0.9795193076133728,0.3754679560661316,0.48134279251098633,0.08331263810396194,0.8006499409675598,0.4379071593284607,0.44855260848999023,-0.0751112625002861,0.9997242093086243,0.4007599353790283,0.4519023001194,0.07514850795269012,0.9996335506439209,0.4413022994995117,0.6223931312561035,-0.09437591582536697,0.9916703104972839,0.3945689797401428,0.6166194081306458,0.0787745788693428,0.9817621111869812,0.450895220041275,0.7844143509864807,-0.0031634699553251266,0.9906713366508484,0.4175480902194977,0.778073787689209,0.16086743772029877,0.9839758276939392,0.4503335952758789,0.8033387064933777,-0.0019241912523284554,0.8849976658821106,0.42698973417282104,0.8008452653884888,0.16466650366783142,0.9260234236717224,0.4505953788757324,0.8473201990127563,-0.10367295891046524,0.9832667708396912,0.3776106834411621,0.8248686790466309,0.09242299944162369,0.9791585803031921
76,turn,0.3866383731365204,0.13126356899738312,-0.09504856914281845,0.9999838471412659,0.39166921377182007,0.11544418334960938,-0.10529285669326782,0.9999655485153198,0.3945111632347107,0.11394251883029938,-0.10536621510982513,0.9999709725379944,0.3973063826560974,0.11244965344667435,-0.10542464256286621,0.9999740719795227,0.38709956407546997,0.11847291886806488,-0.07887212932109833,0.9999546408653259,0.3865661323070526,0.11918257921934128,-0.07881307601928711,0.999943196773529,0.386094868183136,0.11970268189907074,-0.0788017138838768,0.9999364614486694,0.41144028306007385,0.1161252036690712,-0.09793650358915329,0.9999793171882629,0.39789310097694397,0.12343943864107132,0.010747219435870647,0.9998679757118225,0.3944069445133209,0.14404435455799103,-0.09399575740098953,0.9999886155128479,0.3888281583786011,0.14613686501979828,-0.059173256158828735,0.99996417760849,0.4481043815612793,0.19569085538387299,-0.16092965006828308,0.9999927282333374,0.3989350199699402,0.22503165900707245,0.11367179453372955,0.9998798966407776,0.4632221758365631,0.3280063271522522,-0.19583642482757568,0.9974444508552551,0.39396077394485474,0.357757568359375,0.1656043827533722,0.5895167589187622,0.43974795937538147,0.4544537365436554,-0.1950889676809311,0.9943127036094666,0.3752530813217163,0.4593309164047241,0.0950600653886795,0.8076473474502563,0.437138170003891,0.49026498198509216,-0.22477111220359802,0.9866670966148376,0.3707335591316223,0.49064746499061584,0.08608274161815643,0.7725992202758789,0.42778271436691284,0.48728469014167786,-0.23183107376098633,0.9866776466369629,0.3728058934211731,0.49062028527259827,0.052983712404966354,0.7800558805465698,0.42668622732162476,0.47775623202323914,-0.19742898643016815,0.9804593324661255,0.3754940927028656,0.48134222626686096,0.07771078497171402,0.7664340734481812,0.435246080160141,0.44891706109046936,-0.07733803987503052,0.9997113347053528,0.3988838493824005,0.4521675407886505,0.07733511179685593,0.9995986223220825,0.4377794861793518,0.6227484941482544,-0.08256787061691284,0.991446316242218,0.39508938789367676,0.6179975271224976,0.08991596847772598,0.9787524938583374,0.45076218247413635,0.7843797206878662,0.0003678319335449487,0.9905397891998291,0.4175216257572174,0.7785339951515198,0.16653282940387726,0.98243647813797,0.45064520835876465,0.8030041456222534,0.0014780196361243725,0.8878258466720581,0.42764344811439514,0.8009243607521057,0.1689474880695343,0.9255427122116089,0.44838228821754456,0.847318172454834,-0.09969297051429749,0.983406662940979,0.3778243958950043,0.8252698183059692,0.10253766924142838,0.978360652923584
77,turn,0.38462668657302856,0.1313604712486267,-0.10431381314992905,0.999980628490448,0.3895856738090515,0.11551673710346222,-0.116014264523983,0.999961793422699,0.3924475908279419,0.11413691937923431,-0.11608203500509262,0.9999682903289795,0.39520594477653503,0.11274164915084839,-0.11614479869604111,0.9999722242355347,0.3854335844516754,0.11844170838594437,-0.08894135057926178,0.9999483823776245,0.38503652811050415,0.11914850771427155,-0.08888261020183563,0.999934732913971,0.3846662640571594,0.11957459896802902,-0.08885855972766876,0.9999260902404785,0.40934062004089355,0.11664579063653946,-0.1257508397102356,0.9999790191650391,0.396982878446579,0.12331151962280273,0.001567258732393384,0.9998456239700317,0.3923235237598419,0.1444106101989746,-0.10368665307760239,0.9999866485595703,0.3869190812110901,0.14641635119915009,-0.06804446130990982,0.9999557137489319,0.44530779123306274,0.19584313035011292,-0.18160226941108704,0.9999931454658508,0.39901939034461975,0.2222597599029541,0.10637428611516953,0.9998454451560974,0.4601580500602722,0.3284195065498352,-0.2078022062778473,0.9975947141647339,0.3959442973136902,0.3552561104297638,0.1576862633228302,0.5397661328315735,0.4345361590385437,0.45443251729011536,-0.18740686774253845,0.9945681691169739,0.37783753871917725,0.4519791007041931,0.08732263743877411,0.7515919804573059,0.43104904890060425,0.4902515411376953,-0.2124336212873459,0.9871186017990112,0.37387165427207947,0.48465126752853394,0.07825439423322678,0.7208146452903748,0.4210130274295807,0.4872649013996124,-0.21767425537109375,0.9870869517326355,0.3747115135192871,0.48531875014305115,0.045731909573078156,0.7286873459815979,0.42031845450401306,0.47774237394332886,-0.1861303597688675,0.9808918833732605,0.37714922428131104,0.47642815113067627,0.07005240023136139,0.7157543897628784,0.43082326650619507,0.4492346942424774,-0.08003632724285126,0.9996922612190247,0.39571434259414673,0.4521588087081909,0.08004064857959747,0.9995412230491638,0.4333164691925049,0.6228959560394287,-0.06918439269065857,0.9911054968833923,0.3957328200340271,0.6182480454444885,0.10533318668603897,0.9747061729431152,0.44968533515930176,0.7844287157058716,0.006067238282412291,0.9904412627220154,0.41746529936790466,0.7788806557655334,0.18098053336143494,0.9807530641555786,0.45065903663635254,0.8030149936676025,0.00741788512095809,0.8909977674484253,0.42804771661758423,0.8009631633758545,0.18296045064926147,0.9248835444450378,0.4450095593929291,0.8473864793777466,-0.09627920389175415,0.9835757613182068,0.37797388434410095,0.8254589438438416,0.11752361059188843,0.9775957465171814
78,turn,0.3819783329963684,0.1324673742055893,-0.08258084952831268,0.9999761581420898,0.38659074902534485,0.11663111299276352,-0.09891848266124725,0.9999570846557617,0.3890347480773926,0.11549462378025055,-0.09898029267787933,0.9999649524688721,0.3915991187095642,0.11426466703414917,-0.09904598444700241,0.9999698400497437,0.383649617433548,0.11892655491828918,-0.06869660317897797,0.9999401569366455,0.3835139572620392,0.11945278197526932,-0.06863949447870255,0.9999237060546875,0.3834300935268402,0.11972758919000626,-0.06860889494419098,0.9999128580093384,0.40575966238975525,0.11843889951705933,-0.12362456321716309,0.9999784231185913,0.3961775004863739,0.12341251224279404,0.013592993840575218,0.9998146891593933,0.38899654150009155,0.14550675451755524,-0.08787987381219864,0.999983549118042,0.3848833441734314,0.14756986498832703,-0.04828007146716118,0.9999415874481201,0.4427052438259125,0.19606614112854004,-0.181983083486557,0.9999935626983643,0.39939892292022705,0.21953518688678741,0.11850807815790176,0.9997897148132324,0.45659923553466797,0.32937970757484436,-0.20961599051952362,0.9977458119392395,0.3984721302986145,0.35031452775001526,0.16572090983390808,0.4911455810070038,0.4289652407169342,0.4544214904308319,-0.17896750569343567,0.9948320984840393,0.3826074004173279,0.4389879107475281,0.10029919445514679,0.6900532245635986,0.4255904257297516,0.48982319235801697,-0.20265381038188934,0.9876031875610352,0.37986624240875244,0.4701612591743469,0.09368425607681274,0.6640148758888245,0.41597455739974976,0.48691850900650024,-0.20562687516212463,0.9875314831733704,0.37927156686782837,0.4713604748249054,0.062354326248168945,0.671887218952179,0.4150056838989258,0.4776497185230255,-0.1760983020067215,0.9813712239265442,0.38144737482070923,0.46412229537963867,0.08341068774461746,0.6598814129829407,0.4276004731655121,0.44794613122940063,-0.08504457771778107,0.9996652007102966,0.39414432644844055,0.44917550683021545,0.0850384384393692,0.9994500279426575,0.4278135895729065,0.6187861561775208,-0.07169738411903381,0.9903339743614197,0.39600998163223267,0.6147086024284363,0.10826264321804047,0.96697998046875,0.4482242166996002,0.7842785120010376,-0.005969843827188015,0.9900096654891968,0.41736167669296265,0.7787123918533325,0.17816095054149628,0.9770671129226685,0.4506400525569916,0.8026580214500427,-0.005812186747789383,0.8933121562004089,0.4280569553375244,0.800496518611908,0.18001893162727356,0.9220744967460632,0.43974366784095764,0.8461068272590637,-0.10472927987575531,0.9834551215171814,0.37789005041122437,0.8257036805152893,0.11634944379329681,0.9756130576133728
79,turn,0.37948286533355713,0.13392333686351776,-0.07982449978590012,0.9999686479568481,0.3841966986656189,0.11810711771249771,-0.09714800864458084,0.9999493360519409,0.38630056381225586,0.11718159914016724,-0.09720439463853836,0.9999589920043945,0.388791024684906,0.11605212837457657,-0.09726133197546005,0.9999653100967407,0.38157686591148376,0.11981502920389175,-0.06587126851081848,0.9999277591705322,0.38153186440467834,0.1201510950922966,-0.06581635028123856,0.9999069571495056,0.38154488801956177,0.12027459591627121,-0.06579486280679703,0.9998943209648132,0.4030461311340332,0.12025810033082962,-0.1265455186367035,0.9999760389328003,0.39426758885383606,0.12388826906681061,0.014345052652060986,0.9997653365135193,0.38652050495147705,0.14756138622760773,-0.08713161945343018,0.9999775886535645,0.3830626308917999,0.1494852751493454,-0.04621918126940727,0.999918520450592,0.44013696908950806,0.19701002538204193,-0.19264033436775208,0.9999938607215881,0.4002382755279541,0.21799489855766296,0.11728819459676743,0.9997236728668213,0.4531587064266205,0.33014124631881714,-0.22711877524852753,0.9978670477867126,0.401071697473526,0.3459619879722595,0.16174380481243134,0.44617241621017456,0.42306485772132874,0.4540725350379944,-0.19540660083293915,0.9949808120727539,0.3860284686088562,0.4366702139377594,0.0964377373456955,0.6311351656913757,0.41904935240745544,0.48895326256752014,-0.2200813740491867,0.9878110289573669,0.3844807744026184,0.4718922972679138,0.09164456278085709,0.6093883514404297,0.4099540710449219,0.4860093891620636,-0.20921452343463898,0.9876960515975952,0.3818795084953308,0.4698335528373718,0.06040070205926895,0.61698979139328,0.40907740592956543,0.4771208167076111,-0.18972279131412506,0.9813492894172668,0.3841068148612976,0.46235793828964233,0.07980537414550781,0.6061169505119324,0.42323026061058044,0.4475952684879303,-0.09089073538780212,0.9996215105056763,0.39330023527145386,0.44785067439079285,0.09086336195468903,0.999298632144928,0.4221563935279846,0.6173555850982666,-0.07237323373556137,0.9889150857925415,0.39694249629974365,0.6130760908126831,0.11508562415838242,0.951004683971405,0.44698184728622437,0.7840893268585205,-0.01910947822034359,0.9893731474876404,0.41820278763771057,0.778357207775116,0.17941124737262726,0.9701420068740845,0.4507353901863098,0.8027827739715576,-0.019255388528108597,0.8973484635353088,0.4290100932121277,0.8005296587944031,0.18111799657344818,0.9175973534584045,0.4155113101005554,0.8432371616363525,-0.11230208724737167,0.9832610487937927,0.3779623806476593,0.8258243799209595,0.1216660887002945,0.9720582962036133
80,turn,0.3783533573150635,0.1361319124698639,-0.06778435409069061,0.9999651312828064,0.38291388750076294,0.1202182024717331,-0.08398792147636414,0.9999465346336365,0.38491111993789673,0.11941547691822052,-0.08404597640037537,0.9999567866325378,0.3874133229255676,0.11832427978515625,-0.08409697562456131,0.9999638199806213,0.3800733685493469,0.12161348015069962,-0.053053103387355804,0.9999226331710815,0.37996530532836914,0.12179961800575256,-0.05299731343984604,0.9998990893363953,0.3799062669277191,0.12189508974552155,-0.05296895653009415,0.9998859167098999,0.4011690616607666,0.1217985674738884,-0.11533484607934952,0.9999754428863525,0.3919515013694763,0.12519264221191406,0.027997806668281555,0.999738335609436,0.3854122757911682,0.1501399427652359,-0.07455497235059738,0.9999739527702332,0.38201624155044556,0.15195031464099884,-0.03401909023523331,0.9999045729637146,0.4357784688472748,0.19790618121623993,-0.18476144969463348,0.9999942779541016,0.4014790952205658,0.21740970015525818,0.13477304577827454,0.9996777176856995,0.4484488368034363,0.33006951212882996,-0.2251051962375641,0.9980027079582214,0.4021359980106354,0.3432254195213318,0.1754641830921173,0.4052905738353729,0.4183658957481384,0.4495816230773926,-0.19984976947307587,0.9951810240745544,0.3915902376174927,0.436318963766098,0.11152847856283188,0.5764521956443787,0.4142960011959076,0.48675668239593506,-0.22594556212425232,0.9881892204284668,0.3840709328651428,0.4661827087402344,0.10923393070697784,0.5586246848106384,0.4048892855644226,0.48323261737823486,-0.20999577641487122,0.9880463480949402,0.38198286294937134,0.4665793478488922,0.07802072912454605,0.5658733248710632,0.40386852622032166,0.4749032258987427,-0.19418497383594513,0.9816291332244873,0.38455528020858765,0.4583151638507843,0.0950278714299202,0.5562567710876465,0.4183359742164612,0.4468730092048645,-0.09743121266365051,0.9996165037155151,0.3938329517841339,0.4469175636768341,0.09738534688949585,0.9992289543151855,0.41631168127059937,0.6158185601234436,-0.094834104180336,0.9875982999801636,0.39869967103004456,0.6112448573112488,0.11260513216257095,0.9299089312553406,0.4448676109313965,0.7839370965957642,-0.054207585752010345,0.9889101982116699,0.4193898141384125,0.7781303524971008,0.16919387876987457,0.9610192179679871,0.4509797990322113,0.8027293682098389,-0.054888397455215454,0.9023320078849792,0.43019285798072815,0.8005682826042175,0.1688680648803711,0.9123624563217163,0.40966343879699707,0.8431944251060486,-0.1387900412082672,0.9832491874694824,0.37801942229270935,0.8258717060089111,0.11309666931629181,0.9671507477760315
81,turn,0.3770996034145355,0.13784979283809662,-0.07381392270326614,0.9999628067016602,0.3816169202327728,0.12188361585140228,-0.09014971554279327,0.9999450445175171,0.38343924283981323,0.12109673023223877,-0.09020204842090607,0.9999556541442871,0.3856601119041443,0.12009286880493164,-0.09024766087532043,0.999963104724884,0.3788861632347107,0.12309988588094711,-0.05949205905199051,0.9999189972877502,0.37889865040779114,0.1231018602848053,-0.059434689581394196,0.9998937845230103,0.3789602518081665,0.12304270267486572,-0.059400446712970734,0.999880313873291,0.39933523535728455,0.12306363135576248,-0.11954162269830704,0.999975323677063,0.39092379808425903,0.1257622241973877,0.01985805109143257,0.9997197985649109,0.383674293756485,0.15177375078201294,-0.0812324732542038,0.9999716281890869,0.3808077275753021,0.15338198840618134,-0.04119007661938667,0.9998960494995117,0.43265300989151,0.19910670816898346,-0.19690509140491486,0.999994695186615,0.40234312415122986,0.21603694558143616,0.12551972270011902,0.9996559023857117,0.44318264722824097,0.3306315243244171,-0.2368304431438446,0.9981338381767273,0.4039633274078369,0.34102416038513184,0.16849499940872192,0.3687649071216583,0.41366568207740784,0.44890958070755005,-0.20821857452392578,0.9954079985618591,0.3906024396419525,0.4343854784965515,0.10554556548595428,0.5280311703681946,0.4095066487789154,0.4859079122543335,-0.2348049134016037,0.9886489510536194,0.3848138451576233,0.46677669882774353,0.10367755591869354,0.5136383771896362,0.40078145265579224,0.48215585947036743,-0.22477169334888458,0.9884923696517944,0.38308364152908325,0.46780166029930115,0.07199718803167343,0.5205779671669006,0.40001654624938965,0.47395095229148865,-0.20289528369903564,0.9820778965950012,0.3854964077472687,0.4593672752380371,0.08908866345882416,0.5120481252670288,0.4153285026550293,0.4452615976333618,-0.09879917651414871,0.9996272325515747,0.39343416690826416,0.44501715898513794,0.0987364798784256,0.9992120862007141,0.4138557016849518,0.6136648654937744,-0.10303834825754166,0.9866925477981567,0.3987323045730591,0.6084595918655396,0.11329285055398941,0.9091585874557495,0.4452191889286041,0.7832176089286804,-0.06479848176240921,0.9887871742248535,0.41922301054000854,0.7781062722206116,0.16526859998703003,0.9532736539840698,0.45832714438438416,0.8010034561157227,-0.06563325226306915,0.9073279500007629,0.42977696657180786,0.8005971908569336,0.16468660533428192,0.9077046513557434,0.42449861764907837,0.8458772301673889,-0.14884720742702484,0.983576774597168,0.37659183144569397,0.825928270816803,0.11083008348941803,0.9633355140686035
82,turn,0.37561798095703125,0.1403561234474182,-0.055529844015836716,0.9999616146087646,0.38008639216423035,0.12452607601881027,-0.07313551753759384,0.9999447464942932,0.38191866874694824,0.12347732484340668,-0.07318587601184845,0.9999554753303528,0.383960098028183,0.12233239412307739,-0.07321963459253311,0.999963104724884,0.3774847090244293,0.12581419944763184,-0.041240058839321136,0.999917209148407,0.37763670086860657,0.12563273310661316,-0.04116575047373772,0.9998911023139954,0.37784892320632935,0.12531505525112152,-0.04112531989812851,0.9998776316642761,0.3974766433238983,0.1250516176223755,-0.1142762079834938,0.999975323677063,0.389894038438797,0.12690523266792297,0.03136995807290077,0.9997081160545349,0.3820422291755676,0.15404988825321198,-0.06738205254077911,0.9999698996543884,0.3796488046646118,0.1554880142211914,-0.025722866877913475,0.9998898506164551,0.42876163125038147,0.20050550997257233,-0.19491036236286163,0.9999951124191284,0.4030587077140808,0.21538501977920532,0.13115471601486206,0.9996283054351807,0.43811044096946716,0.33071961998939514,-0.23784880340099335,0.9982198476791382,0.4044899046421051,0.33958372473716736,0.1695871204137802,0.33498072624206543,0.4095376431941986,0.44675227999687195,-0.2042008638381958,0.9954625964164734,0.3908960521221161,0.4328729808330536,0.11302000284194946,0.48134806752204895,0.40591034293174744,0.48417961597442627,-0.23098163306713104,0.9887333512306213,0.3860650956630707,0.46656304597854614,0.11264999955892563,0.4697348475456238,0.39771920442581177,0.48078349232673645,-0.22349722683429718,0.9885427951812744,0.38382577896118164,0.4678657650947571,0.08234186470508575,0.47631680965423584,0.39726123213768005,0.4727303683757782,-0.20071756839752197,0.9818428754806519,0.3862631916999817,0.4590432941913605,0.09684358537197113,0.46889013051986694,0.4131994843482971,0.44518834352493286,-0.09971319884061813,0.9996472001075745,0.3926115036010742,0.4448954164981842,0.09963345527648926,0.999215841293335,0.41253286600112915,0.6132767796516418,-0.11243531852960587,0.9870132207870483,0.3983888030052185,0.6069009304046631,0.12337668240070343,0.9019875526428223,0.44612622261047363,0.78355872631073,-0.09140537679195404,0.989422619342804,0.41843876242637634,0.7774202227592468,0.17204391956329346,0.9518982172012329,0.4633297324180603,0.8006867170333862,-0.09416907280683517,0.9140917062759399,0.42751917243003845,0.8003385663032532,0.17156408727169037,0.9081234931945801,0.4272572100162506,0.8511354327201843,-0.18197061121463776,0.9846786856651306,0.3758208155632019,0.8259969353675842,0.12399612367153168,0.9633833169937134
83,turn,0.3738914132118225,0.14519640803337097,-0.0536910817027092,0.9999565482139587,0.37810054421424866,0.12931734323501587,-0.07226090133190155,0.999940037727356,0.3799740970134735,0.12802532315254211,-0.07230344414710999,0.9999517202377319,0.3819452226161957,0.1264166384935379,-0.07233186066150665,0.9999602437019348,0.37568870186805725,0.13036693632602692,-0.03985675424337387,0.9999074935913086,0.3759295344352722,0.12990489602088928,-0.03978735953569412,0.9998788833618164,0.37627536058425903,0.12916521728038788,-0.039751242846250534,0.9998654723167419,0.3953642249107361,0.1274602860212326,-0.11600977182388306,0.9999731779098511,0.3887158930301666,0.128685861825943,0.028230294585227966,0.9996745586395264,0.3806127905845642,0.15830393135547638,-0.06799285113811493,0.9999645352363586,0.3785434067249298,0.15995869040489197,-0.025765489786863327,0.9998742341995239,0.42605847120285034,0.20185044407844543,-0.2055867612361908,0.9999954104423523,0.4035457670688629,0.21536865830421448,0.12723854184150696,0.9996108412742615,0.43286895751953125,0.33200663328170776,-0.24988989531993866,0.9983077049255371,0.4055073857307434,0.338084876537323,0.1671905219554901,0.3048803210258484,0.40521860122680664,0.44622257351875305,-0.21208913624286652,0.9955421090126038,0.3914969563484192,0.4331018626689911,0.11073920875787735,0.43934932351112366,0.401224285364151,0.4834156036376953,-0.23859822750091553,0.9888826608657837,0.3869916498661041,0.46672558784484863,0.11119280010461807,0.4302188754081726,0.39290499687194824,0.4802485704421997,-0.23071818053722382,0.9886764883995056,0.38465580344200134,0.467917263507843,0.08035911619663239,0.43653982877731323,0.39269325137138367,0.4721035361289978,-0.20676067471504211,0.9817295670509338,0.38662299513816833,0.4585281014442444,0.09462547302246094,0.43014347553253174,0.412930965423584,0.44480130076408386,-0.10256173461675644,0.9996603727340698,0.3930703103542328,0.4446430504322052,0.10247226804494858,0.9992135167121887,0.40899601578712463,0.6126598119735718,-0.10601726919412613,0.9872082471847534,0.39855673909187317,0.6062721014022827,0.12410712242126465,0.8884112238883972,0.44626450538635254,0.7813574075698853,-0.06525659561157227,0.9899049401283264,0.41842222213745117,0.7764778137207031,0.17415966093540192,0.9484277963638306,0.4637211263179779,0.798696756362915,-0.06547349691390991,0.9201899170875549,0.42754894495010376,0.8001648187637329,0.17415598034858704,0.9067795872688293,0.42965397238731384,0.8508452773094177,-0.14989754557609558,0.9855589866638184,0.37501609325408936,0.826045572757721,0.1281176656484604,0.9618600606918335
84,turn,0.37176573276519775,0.14724455773830414,-0.05561106652021408,0.99994957447052,0.3755687177181244,0.1310797780752182,-0.0750291720032692,0.9999343156814575,0.3775475323200226,0.1297278255224228,-0.07506737112998962,0.9999474883079529,0.3795626759529114,0.1280430555343628,-0.07509998232126236,0.9999569654464722,0.37365272641181946,0.13190549612045288,-0.04200349375605583,0.9998953938484192,0.3740290701389313,0.13126911222934723,-0.04193299636244774,0.9998641014099121,0.3745650351047516,0.13030046224594116,-0.04189465939998627,0.9998504519462585,0.39331644773483276,0.12840420007705688,-0.12368176877498627,0.9999709725379944,0.38721710443496704,0.12925681471824646,0.024720504879951477,0.999637246131897,0.37863489985466003,0.16040411591529846,-0.07121668756008148,0.9999579787254333,0.37673354148864746,0.1617431640625,-0.028245296329259872,0.9998556971549988,0.4235643446445465,0.20282971858978271,-0.2158818244934082,0.9999957084655762,0.4038392901420593,0.2147984355688095,0.1258520483970642,0.9995811581611633,0.42893776297569275,0.33347171545028687,-0.2581838369369507,0.9983830451965332,0.4062844216823578,0.33706191182136536,0.16831080615520477,0.2773001790046692,0.40142005681991577,0.4464236795902252,-0.21686069667339325,0.995514988899231,0.39129307866096497,0.43202120065689087,0.11418964713811874,0.4007294476032257,0.3966885805130005,0.4829469919204712,-0.24369487166404724,0.9887877702713013,0.38626110553741455,0.46598947048187256,0.11577253043651581,0.3938382863998413,0.3886842131614685,0.4797385632991791,-0.2360842525959015,0.9885451197624207,0.38435328006744385,0.4668803811073303,0.08464598655700684,0.3998051583766937,0.3889235854148865,0.47167083621025085,-0.2109644114971161,0.9811464548110962,0.38638395071029663,0.4569607973098755,0.09812121838331223,0.39428797364234924,0.40883558988571167,0.4448813498020172,-0.1063821092247963,0.9996744990348816,0.3925324082374573,0.4447363018989563,0.10632835328578949,0.9992105960845947,0.4053898751735687,0.6128767132759094,-0.10572002828121185,0.987611711025238,0.3972665071487427,0.6062837243080139,0.1375977247953415,0.8751221299171448,0.4463498592376709,0.781363844871521,-0.0659794732928276,0.9904610514640808,0.4180162847042084,0.7759237289428711,0.19557775557041168,0.945162832736969,0.4638451039791107,0.7991093397140503,-0.06613249331712723,0.9264574646949768,0.42588940262794495,0.7998555302619934,0.19693177938461304,0.9062640070915222,0.4251839220523834,0.8510642051696777,-0.14274802803993225,0.9864447712898254,0.3733846843242645,0.8263226747512817,0.15417025983333588,0.9606906771659851
85,turn,0.37023383378982544,0.14774855971336365,-0.05723428726196289,0.9999436736106873,0.37377414107322693,0.1314500868320465,-0.07663418352603912,0.999928891658783,0.37568584084510803,0.13009090721607208,-0.07666848599910736,0.9999434947967529,0.37771421670913696,0.12841802835464478,-0.07670135051012039,0.9999539256095886,0.3722686767578125,0.13215690851211548,-0.04332759976387024,0.9998832941055298,0.37276238203048706,0.13145674765110016,-0.0432390421628952,0.999849796295166,0.3734623193740845,0.13041162490844727,-0.04319985583424568,0.9998365044593811,0.39151841402053833,0.12880100309848785,-0.1278819590806961,0.9999688267707825,0.3862614929676056,0.12948283553123474,0.02291151136159897,0.9996053576469421,0.376967191696167,0.16103503108024597,-0.07340582460165024,0.9999532699584961,0.37526991963386536,0.1621520072221756,-0.030111998319625854,0.9998418688774109,0.420025497674942,0.2036597728729248,-0.22140221297740936,0.9999960064888,0.40465617179870605,0.21401380002498627,0.12524744868278503,0.999565601348877,0.4248814582824707,0.33398666977882385,-0.26476848125457764,0.9984427690505981,0.4070034623146057,0.33533525466918945,0.16715107858181,0.2526121735572815,0.3975072503089905,0.44651976227760315,-0.2259940356016159,0.9954993724822998,0.3914460241794586,0.4303434193134308,0.11054001748561859,0.36659735441207886,0.39277616143226624,0.48258069157600403,-0.2545294165611267,0.9887390732765198,0.3859749734401703,0.4646558463573456,0.1110086590051651,0.36176538467407227,0.3854823708534241,0.47941580414772034,-0.2464463710784912,0.9884675741195679,0.38412243127822876,0.46566885709762573,0.0799703374505043,0.3674406111240387,0.38593217730522156,0.47150591015815735,-0.21994201838970184,0.9806771278381348,0.3861618638038635,0.4555189907550812,0.09435586631298065,0.36278560757637024,0.40759891271591187,0.44492703676223755,-0.1091240644454956,0.99969083070755,0.3928620219230652,0.44480255246162415,0.10904408991336823,0.9992165565490723,0.4028242528438568,0.6130251288414001,-0.10403968393802643,0.987973153591156,0.39480361342430115,0.60610032081604,0.1407393217086792,0.8622927069664001,0.44646579027175903,0.783021092414856,-0.05483366921544075,0.9909784197807312,0.417865514755249,0.7752030491828918,0.20855848491191864,0.9409263134002686,0.46320992708206177,0.8023579120635986,-0.054817598313093185,0.931759774684906,0.4246097505092621,0.7991437911987305,0.21116900444030762,0.9047816395759583,0.41807231307029724,0.852569043636322,-0.13087984919548035,0.9872340559959412,0.37346920371055603,0.8266072869300842,0.16927355527877808,0.9590860605239868
86,turn,0.36896052956581116,0.14937824010849,-0.06397124379873276,0.9999382495880127,0.37206846475601196,0.1328522115945816,-0.08052597939968109,0.99992436170578,0.3738778829574585,0.13151691854000092,-0.0805819183588028,0.9999401569366455,0.3758978545665741,0.1298055499792099,-0.08062054216861725,0.9999516606330872,0.3707868456840515,0.13344375789165497,-0.0496392622590065,0.9998716711997986,0.37130069732666016,0.13271869719028473,-0.04956045001745224,0.9998349547386169,0.37205496430397034,0.13161103427410126,-0.04952510818839073,0.9998230338096619,0.3898245692253113,0.12946484982967377,-0.1394365429878235,0.9999672770500183,0.3851066529750824,0.1299295276403427,0.01676829904317856,0.9995734691619873,0.37603679299354553,0.16274350881576538,-0.07726738601922989,0.9999499917030334,0.37452250719070435,0.1640506535768509,-0.03392569720745087,0.9998313784599304,0.41796717047691345,0.203663632273674,-0.23447351157665253,0.9999963641166687,0.40611332654953003,0.21269658207893372,0.12484514713287354,0.999557375907898,0.42260536551475525,0.3346230089664459,-0.28222689032554626,0.998529314994812,0.41019734740257263,0.33504241704940796,0.16608907282352448,0.23055575788021088,0.3927961587905884,0.446583092212677,-0.25148242712020874,0.9956285953521729,0.3914596438407898,0.4310002624988556,0.10770730674266815,0.3359835743904114,0.3876664936542511,0.48237690329551697,-0.28328049182891846,0.9890202879905701,0.3856949806213379,0.4647919833660126,0.10781985521316528,0.3329352140426636,0.38117241859436035,0.47930052876472473,-0.27348726987838745,0.9887383580207825,0.38394996523857117,0.4659293591976166,0.0761592760682106,0.3383040428161621,0.38197049498558044,0.47143062949180603,-0.24498143792152405,0.9807978272438049,0.38606444001197815,0.4558625817298889,0.09136880189180374,0.33445116877555847,0.40685272216796875,0.44473740458488464,-0.11269106715917587,0.9997114539146423,0.39373788237571716,0.4443499743938446,0.11261819303035736,0.9992323517799377,0.39904406666755676,0.6131477952003479,-0.10259245336055756,0.9883440136909485,0.3917921781539917,0.6045764684677124,0.15629716217517853,0.8437452912330627,0.44428306818008423,0.7869431376457214,-0.05342452973127365,0.9914783835411072,0.4178594946861267,0.7749009132385254,0.2407180815935135,0.9335377216339111,0.46282845735549927,0.8077657222747803,-0.05272947996854782,0.9366973042488098,0.42470550537109375,0.798467755317688,0.24532201886177063,0.9011678099632263,0.40771156549453735,0.8530426025390625,-0.13082902133464813,0.9879832863807678,0.37351202964782715,0.8265812397003174,0.2048376500606537,0.9559177756309509
87,turn,0.36755746603012085,0.14987769722938538,-0.058279551565647125,0.9999316930770874,0.3704528212547302,0.1332959085702896,-0.07707664370536804,0.9999199509620667,0.37206003069877625,0.13199688494205475,-0.0771103948354721,0.999936580657959,0.3740319609642029,0.13029564917087555,-0.07714218646287918,0.9999493956565857,0.36949342489242554,0.13378317654132843,-0.043722204864025116,0.9998589754104614,0.37011343240737915,0.13301067054271698,-0.04363487288355827,0.9998185038566589,0.37101930379867554,0.13183052837848663,-0.043592002242803574,0.9998094439506531,0.38802987337112427,0.12979865074157715,-0.13479645550251007,0.9999653697013855,0.38420090079307556,0.13004155457019806,0.020129716023802757,0.99953693151474,0.37466761469841003,0.1632777601480484,-0.07536719739437103,0.9999464154243469,0.3734722435474396,0.16448798775672913,-0.03117046318948269,0.9998208284378052,0.4146704077720642,0.2033768594264984,-0.23016460239887238,0.9999966621398926,0.408074289560318,0.21102498471736908,0.1287197768688202,0.9995490908622742,0.41999340057373047,0.334452360868454,-0.2799853980541229,0.9986079335212708,0.412778377532959,0.3333721160888672,0.17089267075061798,0.21037322282791138,0.38972008228302,0.44656431674957275,-0.2481354922056198,0.9957306385040283,0.39188650250434875,0.4299878478050232,0.11530323326587677,0.3072383999824524,0.3838732838630676,0.48169851303100586,-0.279958039522171,0.989231288433075,0.385925829410553,0.46287503838539124,0.1186012253165245,0.3057039976119995,0.37811097502708435,0.47897180914878845,-0.2690278887748718,0.9889301061630249,0.383854478597641,0.46537280082702637,0.0860879123210907,0.31072914600372314,0.37916797399520874,0.47122812271118164,-0.24123045802116394,0.9807931184768677,0.3859463036060333,0.4550246298313141,0.09878502786159515,0.3076159656047821,0.40497440099716187,0.4440232217311859,-0.1146860346198082,0.9997316598892212,0.3978509306907654,0.4440540671348572,0.11460105329751968,0.9992449879646301,0.3948964476585388,0.6127651929855347,-0.1015770435333252,0.9883507490158081,0.39224737882614136,0.6037994027137756,0.16165482997894287,0.8150179386138916,0.4374901354312897,0.7877867817878723,-0.05128775164484978,0.9917943477630615,0.41791683435440063,0.7744355201721191,0.24349050223827362,0.9199637174606323,0.45791348814964294,0.8116627931594849,-0.05031992867588997,0.9409773945808411,0.4249390661716461,0.7977033257484436,0.2481198012828827,0.892967164516449,0.3991534411907196,0.8528686761856079,-0.12240807712078094,0.9885283708572388,0.3742552697658539,0.8261293768882751,0.20877523720264435,0.9497280120849609
88,turn,0.36706358194351196,0.15053381025791168,-0.036228980869054794,0.9999257922172546,0.3697323203086853,0.1338983178138733,-0.05552609637379646,0.9999168515205383,0.37126797437667847,0.1326516717672348,-0.055552322417497635,0.9999328851699829,0.37312304973602295,0.13103479146957397,-0.05557502061128616,0.9999472498893738,0.36893197894096375,0.13428987562656403,-0.022008541971445084,0.9998508095741272,0.36961767077445984,0.13347411155700684,-0.021927502006292343,0.999806821346283,0.37060749530792236,0.13224659860134125,-0.021892566233873367,0.9998034834861755,0.3867904543876648,0.13044682145118713,-0.11625802516937256,0.9999626278877258,0.38390836119651794,0.13025957345962524,0.03653017804026604,0.9995197653770447,0.37402623891830444,0.16396109759807587,-0.05565700680017471,0.9999409317970276,0.3731295168399811,0.1652018427848816,-0.011841731145977974,0.9998131990432739,0.4104522168636322,0.20277585089206696,-0.21953387558460236,0.9999969005584717,0.41112279891967773,0.20977984368801117,0.14206089079380035,0.9995511770248413,0.4154667854309082,0.3344193696975708,-0.2649300694465637,0.9986432790756226,0.4159936308860779,0.3327621817588806,0.17889197170734406,0.19200366735458374,0.38643768429756165,0.44651421904563904,-0.2305382937192917,0.9956159591674805,0.3957046866416931,0.4301772713661194,0.12807707488536835,0.2801660895347595,0.3801562488079071,0.4806419014930725,-0.2625536620616913,0.988969624042511,0.3900632858276367,0.46166419982910156,0.13599570095539093,0.27989062666893005,0.3753412067890167,0.47845640778541565,-0.23975126445293427,0.9886360168457031,0.38632357120513916,0.4643535912036896,0.10324849933385849,0.28457653522491455,0.3767010569572449,0.47103503346443176,-0.21872231364250183,0.9799690842628479,0.3874121308326721,0.4541166424751282,0.11210670322179794,0.2820914089679718,0.40358057618141174,0.44188812375068665,-0.11474479734897614,0.9997442364692688,0.4046340882778168,0.4428708255290985,0.1146550327539444,0.9992431402206421,0.3900558054447174,0.611560046672821,-0.10112730413675308,0.9873894453048706,0.39446893334388733,0.6040204763412476,0.14704148471355438,0.7730655670166016,0.431651771068573,0.7876482605934143,-0.051299117505550385,0.9914574027061462,0.41800570487976074,0.7745084762573242,0.2231418341398239,0.8945932388305664,0.4519198536872864,0.814286470413208,-0.049418069422245026,0.9440744519233704,0.425778329372406,0.7985488176345825,0.2261229306459427,0.8761659264564514,0.39441782236099243,0.8518733382225037,-0.1058313250541687,0.9883123636245728,0.3744423985481262,0.8261666893959045,0.1794859915971756,0.9336099624633789
89,turn,0.36626121401786804,0.15020474791526794,-0.03258996456861496,0.9999117255210876,0.3690529763698578,0.13362489640712738,-0.05157848447561264,0.9999075531959534,0.37058746814727783,0.13238106667995453,-0.051611222326755524,0.9999229907989502,0.372396320104599,0.13080154359340668,-0.051636673510074615,0.9999409317970276,0.3683474063873291,0.13401591777801514,-0.018775608390569687,0.9998325705528259,0.36913228034973145,0.13320577144622803,-0.018716707825660706,0.9997802376747131,0.3702196180820465,0.13202151656150818,-0.018695825710892677,0.9997857213020325,0.3858810067176819,0.13040053844451904,-0.10916139930486679,0.9999564290046692,0.38348641991615295,0.13024123013019562,0.038916654884815216,0.999480664730072,0.3728511929512024,0.16359561681747437,-0.05110921710729599,0.9999285936355591,0.3720742166042328,0.164802685379982,-0.008414121344685555,0.99979168176651,0.407692015171051,0.2025083750486374,-0.21687427163124084,0.9999970197677612,0.4117605686187744,0.20823439955711365,0.142563134431839,0.9995365142822266,0.4126105308532715,0.33439216017723083,-0.2594107985496521,0.998663067817688,0.41562992334365845,0.33100569248199463,0.17709766328334808,0.17549903690814972,0.3842681050300598,0.4464903175830841,-0.21695871651172638,0.9954667091369629,0.39675426483154297,0.42896711826324463,0.1264149248600006,0.255522221326828,0.37854504585266113,0.47995394468307495,-0.2470519095659256,0.988595187664032,0.39156070351600647,0.4602985382080078,0.13436968624591827,0.2562197744846344,0.3735916316509247,0.47808146476745605,-0.22800931334495544,0.988212525844574,0.38628965616226196,0.4620499014854431,0.10263212770223618,0.260568231344223,0.37492865324020386,0.4708701968193054,-0.20658817887306213,0.9790146350860596,0.38769274950027466,0.45322927832603455,0.11101208627223969,0.2586136758327484,0.4016954004764557,0.43971291184425354,-0.11198674142360687,0.9997429847717285,0.4060288071632385,0.4412572681903839,0.11190120130777359,0.9991897940635681,0.38578733801841736,0.6107009649276733,-0.10010503232479095,0.9843892455101013,0.3953583836555481,0.6052855849266052,0.1447206437587738,0.7267025709152222,0.42527490854263306,0.7875653505325317,-0.05076690390706062,0.989739179611206,0.4175567030906677,0.7777497172355652,0.20575109124183655,0.8598154187202454,0.44287294149398804,0.815165638923645,-0.04700514301657677,0.945761501789093,0.4261694550514221,0.8038482069969177,0.20933027565479279,0.8546237945556641,0.38881009817123413,0.8509906530380249,-0.09432145953178406,0.9866583943367004,0.37482741475105286,0.8277286887168884,0.17888429760932922,0.9083097577095032
90,turn,0.36558836698532104,0.14998464286327362,-0.02778659202158451,0.9998879432678223,0.368492066860199,0.1334170401096344,-0.046588413417339325,0.9998902082443237,0.37000712752342224,0.13218185305595398,-0.046620093286037445,0.9999064207077026,0.3717362880706787,0.1306377351284027,-0.04663240164518356,0.999928891658783,0.36798056960105896,0.13379274308681488,-0.01395847462117672,0.9997996091842651,0.3689039945602417,0.13299687206745148,-0.013903995975852013,0.9997349381446838,0.3700873553752899,0.13186867535114288,-0.01389375515282154,0.9997525811195374,0.38492730259895325,0.1304159313440323,-0.10263527929782867,0.9999452233314514,0.38310912251472473,0.1302315592765808,0.04410405457019806,0.9994000196456909,0.3719788193702698,0.163376584649086,-0.045733191072940826,0.9999065399169922,0.3714635968208313,0.16456866264343262,-0.0032940940000116825,0.9997513294219971,0.40469878911972046,0.2013864368200302,-0.20893581211566925,0.999997079372406,0.4128943383693695,0.20711106061935425,0.1469999998807907,0.9995008707046509,0.4098745882511139,0.33301401138305664,-0.2565147876739502,0.9986312985420227,0.4161350131034851,0.3296109437942505,0.18156518042087555,0.1602424681186676,0.38294732570648193,0.44489723443984985,-0.21263432502746582,0.995050311088562,0.3985058665275574,0.42753973603248596,0.13256867229938507,0.23261027038097382,0.37695756554603577,0.47866547107696533,-0.24029774963855743,0.9877322316169739,0.393118292093277,0.4580818712711334,0.14163538813591003,0.23412029445171356,0.3720225691795349,0.47736772894859314,-0.22374863922595978,0.9872543811798096,0.3880653977394104,0.45915675163269043,0.11027177423238754,0.23816238343715668,0.3733397126197815,0.4704326093196869,-0.20336726307868958,0.9771191477775574,0.3883330225944519,0.4511738717556,0.11730587482452393,0.2366744577884674,0.4000511169433594,0.437818706035614,-0.11156590282917023,0.9997367262840271,0.40787452459335327,0.43942272663116455,0.11146195977926254,0.9990831613540649,0.3856040835380554,0.6101135015487671,-0.0943697914481163,0.9826987981796265,0.39545249938964844,0.6052430868148804,0.14382049441337585,0.6925480365753174,0.4202200770378113,0.7917006015777588,-0.04934535548090935,0.9892110824584961,0.4160679280757904,0.7790679931640625,0.19931432604789734,0.8377127051353455,0.43690237402915955,0.8211607336997986,-0.04557438939809799,0.9479816555976868,0.4261881709098816,0.8063048720359802,0.2028197944164276,0.8399799466133118,0.3822295069694519,0.850368082523346,-0.09804604947566986,0.9862861633300781,0.37490376830101013,0.8274334669113159,0.17405912280082703,0.8938003778457642
91,turn,0.3644461929798126,0.149887815117836,-0.03367132321000099,0.9998721480369568,0.36748626828193665,0.13328450918197632,-0.05242275446653366,0.9998794198036194,0.36900171637535095,0.1320447474718094,-0.05245044082403183,0.9998967051506042,0.37070712447166443,0.13050681352615356,-0.052453964948654175,0.999921441078186,0.36706987023353577,0.13363754749298096,-0.019714931026101112,0.999778151512146,0.3680882751941681,0.13284200429916382,-0.019661661237478256,0.9997064471244812,0.36936095356941223,0.1317589282989502,-0.01965218409895897,0.9997321963310242,0.3836557865142822,0.1303686499595642,-0.1059175506234169,0.9999378323554993,0.38220736384391785,0.13018862903118134,0.040802210569381714,0.9993430972099304,0.37078386545181274,0.16325871646404266,-0.05060270428657532,0.9998918771743774,0.37045761942863464,0.16440066695213318,-0.008094875141978264,0.9997227191925049,0.40351325273513794,0.20040194690227509,-0.2083696871995926,0.9999971389770508,0.41256123781204224,0.2058696299791336,0.1432059407234192,0.9994702339172363,0.40653419494628906,0.3303384780883789,-0.25578829646110535,0.9985936880111694,0.4152970314025879,0.32771944999694824,0.17878533899784088,0.14706063270568848,0.3812405467033386,0.4441734254360199,-0.2156217098236084,0.9947215914726257,0.39765769243240356,0.427436500787735,0.1266099214553833,0.21289461851119995,0.3750825524330139,0.4781591296195984,-0.2430923730134964,0.9870831370353699,0.39255231618881226,0.4582294821739197,0.13282397389411926,0.21527129411697388,0.3702215552330017,0.4769371449947357,-0.22483186423778534,0.9865198731422424,0.38800397515296936,0.45987170934677124,0.10141503810882568,0.21910560131072998,0.371688574552536,0.4700302183628082,-0.20668108761310577,0.9756130576133728,0.3881637156009674,0.4511989951133728,0.11101053655147552,0.21797975897789001,0.39888590574264526,0.4371627867221832,-0.11102499067783356,0.9997273683547974,0.4077468514442444,0.4379690885543823,0.11091578006744385,0.9989245533943176,0.38479530811309814,0.6099137663841248,-0.0935799703001976,0.9804046154022217,0.3958563208580017,0.6040053367614746,0.13688452541828156,0.6647244095802307,0.4151971936225891,0.8000062704086304,-0.051736004650592804,0.9888375401496887,0.4161651134490967,0.7787939310073853,0.1896512806415558,0.8222023844718933,0.43017157912254333,0.8316503167152405,-0.0504009835422039,0.9495090246200562,0.42769569158554077,0.8063878417015076,0.19243557751178741,0.8313074111938477,0.37154847383499146,0.8498470783233643,-0.11382661014795303,0.9861770272254944,0.3763456344604492,0.8222256302833557,0.15288880467414856,0.8856419324874878
92,turn,0.3640407621860504,0.14972791075706482,-0.03445485979318619,0.9998649954795837,0.3671712279319763,0.13321439921855927,-0.05347895622253418,0.9998762607574463,0.368668794631958,0.13199074566364288,-0.05350722745060921,0.9998932480812073,0.3703192472457886,0.13047529757022858,-0.05350519344210625,0.9999185800552368,0.36683449149131775,0.13333676755428314,-0.020621363073587418,0.9997726082801819,0.3679001033306122,0.1323530077934265,-0.020566511899232864,0.9996987581253052,0.36917972564697266,0.13109715282917023,-0.020560618489980698,0.9997278451919556,0.38303154706954956,0.13031843304634094,-0.10645470768213272,0.9999338388442993,0.38183093070983887,0.12978045642375946,0.040373705327510834,0.9993308186531067,0.3701617419719696,0.1630469560623169,-0.05101213604211807,0.9998831152915955,0.36996108293533325,0.16403716802597046,-0.008443857543170452,0.9997097849845886,0.4010674059391022,0.20001843571662903,-0.20742785930633545,0.9999971389770508,0.41255584359169006,0.2048855721950531,0.1433502733707428,0.9994493722915649,0.4016169011592865,0.32914409041404724,-0.25546392798423767,0.9984250068664551,0.414773553609848,0.32596108317375183,0.17755798995494843,0.13532471656799316,0.3786359131336212,0.4442446827888489,-0.20704607665538788,0.9938386082649231,0.3980492949485779,0.4268394112586975,0.12440355122089386,0.19459056854248047,0.37280771136283875,0.47824496030807495,-0.23209956288337708,0.9853988885879517,0.3928447961807251,0.4588910937309265,0.1311378926038742,0.19755840301513672,0.36857327818870544,0.47696274518966675,-0.21916142106056213,0.9846723079681396,0.38825270533561707,0.46029531955718994,0.10080112516880035,0.20115862786769867,0.3700408637523651,0.47003883123397827,-0.19950667023658752,0.9723100662231445,0.38815754652023315,0.45135968923568726,0.10903246700763702,0.20034633576869965,0.39713746309280396,0.43703368306159973,-0.11124678701162338,0.9997187852859497,0.40816450119018555,0.4372645616531372,0.11111770570278168,0.998773992061615,0.3835766911506653,0.6099941730499268,-0.08770014345645905,0.9782066941261292,0.3966738283634186,0.6035478711128235,0.13549068570137024,0.6460844874382019,0.41016659140586853,0.8073423504829407,-0.04945794492959976,0.988723635673523,0.41619905829429626,0.7787397503852844,0.19084432721138,0.814369261264801,0.4237193167209625,0.8391276001930237,-0.04946361109614372,0.9518144726753235,0.42853522300720215,0.8063740134239197,0.19417548179626465,0.827505886554718,0.3667185306549072,0.8497228026390076,-0.11383308470249176,0.9863213300704956,0.3794541358947754,0.8186753988265991,0.1565549522638321,0.8821411728858948
93,turn,0.36392050981521606,0.14701350033283234,-0.03303587809205055,0.999859094619751,0.3673391342163086,0.13029636442661285,-0.051622819155454636,0.9998733997344971,0.3688470125198364,0.12922556698322296,-0.0516529306769371,0.9998902082443237,0.37045910954475403,0.12805558741092682,-0.051652729511260986,0.9999164342880249,0.3668746054172516,0.13027386367321014,-0.01915695331990719,0.9997674226760864,0.3678899109363556,0.12931352853775024,-0.019105305895209312,0.999691903591156,0.36908820271492004,0.12822774052619934,-0.01910225674510002,0.9997250437736511,0.38300132751464844,0.129225492477417,-0.10254166275262833,0.9999306797981262,0.3814179003238678,0.12829361855983734,0.04255780950188637,0.9993188977241516,0.369733065366745,0.16058465838432312,-0.04874340444803238,0.9998771548271179,0.3694462180137634,0.16127587854862213,-0.006703200750052929,0.9997009038925171,0.4001203179359436,0.19852112233638763,-0.20248253643512726,0.9999971985816956,0.41224274039268494,0.20452716946601868,0.1466631293296814,0.999431312084198,0.3998897969722748,0.3292265236377716,-0.25206947326660156,0.9983101487159729,0.413628488779068,0.3265731632709503,0.17668069899082184,0.12478281557559967,0.3761332631111145,0.44429364800453186,-0.2065008133649826,0.9933462142944336,0.3976399004459381,0.4296441376209259,0.12424112856388092,0.1786395162343979,0.3707192540168762,0.4783163368701935,-0.23265738785266876,0.9844500422477722,0.39240965247154236,0.462838351726532,0.12885001301765442,0.1822885125875473,0.36643344163894653,0.4769895672798157,-0.22085614502429962,0.983610212802887,0.38645362854003906,0.46335679292678833,0.09803780168294907,0.18567688763141632,0.3677828907966614,0.4700588583946228,-0.19950878620147705,0.970341682434082,0.38713741302490234,0.45445963740348816,0.10857728868722916,0.1851978302001953,0.3960609436035156,0.4364471435546875,-0.1116180568933487,0.9997089505195618,0.4079173505306244,0.43688130378723145,0.11149366199970245,0.9985981583595276,0.3810892701148987,0.610155463218689,-0.0886034443974495,0.9764872789382935,0.39706724882125854,0.6030083298683167,0.13474886119365692,0.626785933971405,0.40599876642227173,0.8093005418777466,-0.05151734501123428,0.9885768890380859,0.41628772020339966,0.7787014245986938,0.191775843501091,0.8031295537948608,0.4214622974395752,0.8407654762268066,-0.05217137932777405,0.9534322023391724,0.42915016412734985,0.8062744140625,0.19494593143463135,0.8220395445823669,0.3640052080154419,0.8497053980827332,-0.12220601737499237,0.9863231182098389,0.38120749592781067,0.8156204223632812,0.15605536103248596,0.8767228126525879
94,turn,0.363416850566864,0.14426526427268982,-0.031311552971601486,0.9998552799224854,0.36710038781166077,0.12739579379558563,-0.04993171617388725,0.9998721480369568,0.3685402274131775,0.12653766572475433,-0.049964144825935364,0.9998883605003357,0.3700587749481201,0.12569645047187805,-0.04996413737535477,0.9999151229858398,0.36667898297309875,0.1273116171360016,-0.017597854137420654,0.9997652769088745,0.3677009344100952,0.1264599710702896,-0.017545972019433975,0.9996886253356934,0.3688849210739136,0.12555406987667084,-0.017543157562613487,0.9997252225875854,0.38230153918266296,0.12822702527046204,-0.10051298141479492,0.99992835521698,0.3810446858406067,0.1269179731607437,0.04391136392951012,0.9993189573287964,0.36896446347236633,0.15819579362869263,-0.04679819196462631,0.9998727440834045,0.36873188614845276,0.15871672332286835,-0.004942570347338915,0.9996965527534485,0.3982618451118469,0.19732454419136047,-0.1991238296031952,0.9999972581863403,0.41201138496398926,0.2037988305091858,0.14812293648719788,0.9994288086891174,0.396697998046875,0.32917651534080505,-0.24835355579853058,0.9981619715690613,0.4120098948478699,0.32685866951942444,0.17610403895378113,0.1155439019203186,0.3728155493736267,0.44482851028442383,-0.2029126137495041,0.992671549320221,0.39721760153770447,0.4325130581855774,0.12356279045343399,0.16424186527729034,0.36771953105926514,0.47863900661468506,-0.2289406955242157,0.9831633567810059,0.392366498708725,0.4667903184890747,0.1274314969778061,0.16842055320739746,0.3633570373058319,0.4775168001651764,-0.21731550991535187,0.9821940660476685,0.3842827081680298,0.46812111139297485,0.09649010002613068,0.17160731554031372,0.36455026268959045,0.470412939786911,-0.19609199464321136,0.967827320098877,0.38547927141189575,0.4574374854564667,0.10765520483255386,0.17143110930919647,0.3948933482170105,0.4365400969982147,-0.11173082888126373,0.9997032880783081,0.4074493944644928,0.43705958127975464,0.11160842329263687,0.998474657535553,0.3799935281276703,0.6114562749862671,-0.08641089498996735,0.9745622277259827,0.39722833037376404,0.6030431389808655,0.1345992386341095,0.6087036728858948,0.4044420123100281,0.8119633793830872,-0.04957517981529236,0.9883560538291931,0.4163076877593994,0.7790703773498535,0.19524914026260376,0.7925466895103455,0.4205426275730133,0.841725766658783,-0.05102944374084473,0.9549570679664612,0.429141104221344,0.8069940209388733,0.19882997870445251,0.8173807263374329,0.36326128244400024,0.8498973250389099,-0.122022844851017,0.9862627387046814,0.38112884759902954,0.8162233829498291,0.15981775522232056,0.8717040419578552
95,turn,0.36267608404159546,0.13974088430404663,-0.03219081088900566,0.9998507499694824,0.36692166328430176,0.12325577437877655,-0.050951965153217316,0.9998697638511658,0.3682823181152344,0.12279549986124039,-0.050983209162950516,0.9998858571052551,0.36977821588516235,0.12231414765119553,-0.050982337445020676,0.9999131560325623,0.36651015281677246,0.12299899756908417,-0.018422286957502365,0.9997622966766357,0.3675062358379364,0.12234015017747879,-0.018369654193520546,0.9996851682662964,0.36867445707321167,0.12155210971832275,-0.018367690965533257,0.9997246265411377,0.3821173906326294,0.12654799222946167,-0.1014365404844284,0.9999257326126099,0.38076457381248474,0.12464206665754318,0.04384780675172806,0.9993165731430054,0.3679673671722412,0.15491385757923126,-0.04766751080751419,0.9998674988746643,0.3677223324775696,0.15511320531368256,-0.005547350272536278,0.9996907711029053,0.39702755212783813,0.19584736227989197,-0.19922959804534912,0.9999972581863403,0.4118988513946533,0.20235443115234375,0.14887991547584534,0.9994206428527832,0.39522287249565125,0.32807186245918274,-0.24774053692817688,0.9979978203773499,0.4110928177833557,0.32594990730285645,0.17575493454933167,0.1069982722401619,0.3710929751396179,0.44487127661705017,-0.2010670006275177,0.9918001890182495,0.3970961272716522,0.4325392544269562,0.12247010320425034,0.15097852051258087,0.36625534296035767,0.4786885678768158,-0.22680874168872833,0.9815173149108887,0.3922295868396759,0.46786636114120483,0.12745444476604462,0.15555739402770996,0.3614650368690491,0.4777756929397583,-0.2155667096376419,0.9803879261016846,0.38269197940826416,0.4684404134750366,0.09669070690870285,0.15856842696666718,0.3625738322734833,0.47053802013397217,-0.19436807930469513,0.9646733999252319,0.3845231831073761,0.45825254917144775,0.10669682174921036,0.15866747498512268,0.3944368362426758,0.43646758794784546,-0.11217150837182999,0.9996963739395142,0.4071338176727295,0.4371644854545593,0.11204759031534195,0.9983580112457275,0.3803882896900177,0.6123911738395691,-0.08725230395793915,0.9738228917121887,0.397227942943573,0.6030939221382141,0.13426268100738525,0.5977189540863037,0.4050075113773346,0.8124373555183411,-0.051398057490587234,0.988511860370636,0.41625285148620605,0.7799946069717407,0.19481992721557617,0.7881113886833191,0.4208083152770996,0.8418984413146973,-0.05272018164396286,0.9567068219184875,0.4291287064552307,0.8079931735992432,0.19807519018650055,0.8153042793273926,0.3627556562423706,0.8507716655731201,-0.1258583813905716,0.9865487217903137,0.3807538151741028,0.8168449401855469,0.15838459134101868,0.8703261017799377
96,turn,0.36220818758010864,0.13706687092781067,-0.0331478975713253,0.9998489022254944,0.3666410446166992,0.12069164216518402,-0.05184166878461838,0.9998696446418762,0.36790168285369873,0.12039000540971756,-0.051872771233320236,0.999885618686676,0.36937415599823,0.11997090280056,-0.05185694247484207,0.9999127388000488,0.3663572072982788,0.12023692578077316,-0.01904326304793358,0.9997629523277283,0.3673645257949829,0.11957336962223053,-0.01898348703980446,0.9996865391731262,0.36857903003692627,0.1186918169260025,-0.0189681313931942,0.9997265338897705,0.381694495677948,0.12465225905179977,-0.10577591508626938,0.9999248385429382,0.38057464361190796,0.12219365686178207,0.04312912002205849,0.999323844909668,0.36723998188972473,0.15226450562477112,-0.04818503558635712,0.9998650550842285,0.36709412932395935,0.15239709615707397,-0.006537086330354214,0.9996897578239441,0.39612847566604614,0.19501419365406036,-0.20517916977405548,0.9999972581863403,0.4118051528930664,0.19985145330429077,0.14700329303741455,0.9994102716445923,0.39372310042381287,0.32795095443725586,-0.24996498227119446,0.9978593587875366,0.41037774085998535,0.3247144818305969,0.1740286648273468,0.09925293177366257,0.36954253911972046,0.4446285367012024,-0.19965288043022156,0.9909361004829407,0.3958224356174469,0.4309677481651306,0.12188030779361725,0.13879609107971191,0.3644828498363495,0.47859975695610046,-0.22504878044128418,0.9798018932342529,0.3906559348106384,0.46781426668167114,0.12688231468200684,0.14361438155174255,0.3599422574043274,0.4777534604072571,-0.21454362571239471,0.9785282015800476,0.3811131417751312,0.4680897295475006,0.09604217857122421,0.14644427597522736,0.3611501157283783,0.47042277455329895,-0.19308112561702728,0.9615135788917542,0.3833886384963989,0.4569951891899109,0.10650179535150528,0.14676666259765625,0.39371299743652344,0.4367227256298065,-0.11240627616643906,0.9996851086616516,0.4069943428039551,0.43724551796913147,0.11228124052286148,0.998232364654541,0.38061729073524475,0.613554835319519,-0.08132331818342209,0.9725009799003601,0.397114634513855,0.6031924486160278,0.13903003931045532,0.5868990421295166,0.40487709641456604,0.8133752346038818,-0.03756728023290634,0.9884479641914368,0.4157381057739258,0.7799857258796692,0.20730093121528625,0.7833524942398071,0.4204834997653961,0.8429582118988037,-0.038173120468854904,0.9582599401473999,0.4288434386253357,0.8078498840332031,0.21110324561595917,0.8133609890937805,0.3627219796180725,0.8509312272071838,-0.11118630319833755,0.9865723848342896,0.3803507685661316,0.8168573975563049,0.17076145112514496,0.868506669998169
97,turn,0.36145710945129395,0.13529549539089203,-0.037648044526576996,0.9998449683189392,0.36602646112442017,0.11888885498046875,-0.05803770571947098,0.9998670220375061,0.36723801493644714,0.1185508593916893,-0.05806799978017807,0.9998831748962402,0.36872896552085876,0.11803046613931656,-0.05805248022079468,0.9999104738235474,0.36586838960647583,0.11850642412900925,-0.024405859410762787,0.9997594952583313,0.36690622568130493,0.11786840111017227,-0.02435746230185032,0.9996827244758606,0.3681849539279938,0.11696145683526993,-0.024361681193113327,0.9997243881225586,0.38119909167289734,0.12292826175689697,-0.11327701807022095,0.9999222159385681,0.38022923469543457,0.12054027616977692,0.03686249256134033,0.9993220567703247,0.3663727641105652,0.1506199687719345,-0.053888529539108276,0.9998602867126465,0.3662869930267334,0.150830939412117,-0.010895850136876106,0.9996853470802307,0.3955305516719818,0.19293811917304993,-0.210099458694458,0.9999971985816956,0.41089311242103577,0.1980239301919937,0.14403598010540009,0.999406635761261,0.39242586493492126,0.3269718289375305,-0.2528436779975891,0.9977249503135681,0.4081454873085022,0.3242381513118744,0.1690645068883896,0.09255201369524002,0.3678083121776581,0.4444778859615326,-0.201432466506958,0.9902582764625549,0.391679584980011,0.43107688426971436,0.11662757396697998,0.12846679985523224,0.3629768192768097,0.4785558581352234,-0.2273751050233841,0.9784641265869141,0.3852939009666443,0.4684138000011444,0.12323524057865143,0.13359366357326508,0.3579307198524475,0.47766953706741333,-0.2170393019914627,0.9770756959915161,0.37908434867858887,0.46834611892700195,0.09227205067873001,0.1362791508436203,0.3590589463710785,0.4702674448490143,-0.1949404776096344,0.9590252637863159,0.3800108730792999,0.45768848061561584,0.10125670582056046,0.13684172928333282,0.3930986821651459,0.4368054270744324,-0.1123390942811966,0.9996708631515503,0.4063397943973541,0.4375769793987274,0.11221730709075928,0.9981161952018738,0.380632221698761,0.6144663691520691,-0.07765824347734451,0.971449077129364,0.3971284329891205,0.6037629246711731,0.14214445650577545,0.5769931674003601,0.40489357709884644,0.8140774965286255,-0.02966231107711792,0.9883779287338257,0.41574424505233765,0.7804177403450012,0.2129889726638794,0.7792026996612549,0.4202229380607605,0.8439479470252991,-0.029660707339644432,0.959865152835846,0.4288361966609955,0.8081910014152527,0.2169734239578247,0.8122174143791199,0.36241042613983154,0.8509708046913147,-0.10101564228534698,0.9865643978118896,0.3799750506877899,0.8171514868736267,0.17608070373535156,0.8669037222862244
98,turn,0.3608512282371521,0.1335248351097107,-0.04146558791399002,0.9998372793197632,0.3654366135597229,0.11706465482711792,-0.06258975714445114,0.9998618364334106,0.3665972948074341,0.11665690690279007,-0.06262340396642685,0.9998786449432373,0.36806032061576843,0.11604020744562149,-0.06261216849088669,0.9999064207077026,0.3654692769050598,0.11677741259336472,-0.028547728434205055,0.9997510313987732,0.3665821850299835,0.11614438146352768,-0.028501257300376892,0.9996722936630249,0.36794808506965637,0.11520601063966751,-0.028512338176369667,0.9997156262397766,0.38069456815719604,0.12113553285598755,-0.11828281730413437,0.9999182820320129,0.3800763487815857,0.11858145147562027,0.03278103843331337,0.9993085861206055,0.36569541692733765,0.14900003373622894,-0.058257631957530975,0.9998519420623779,0.3657321631908417,0.1494283527135849,-0.014482933096587658,0.9996739625930786,0.3942040503025055,0.18996715545654297,-0.2144821137189865,0.9999971389770508,0.41054636240005493,0.19551602005958557,0.1419030725955963,0.9993982315063477,0.3913341462612152,0.32590198516845703,-0.25598040223121643,0.9975778460502625,0.40731316804885864,0.32322660088539124,0.16788317263126373,0.08651368319988251,0.36688393354415894,0.44384071230888367,-0.20218801498413086,0.9894501566886902,0.390489399433136,0.42957717180252075,0.1158020868897438,0.11891018599271774,0.3617892563343048,0.47806841135025024,-0.22820787131786346,0.9769035577774048,0.38357189297676086,0.46789297461509705,0.12282466888427734,0.1242273822426796,0.3568587899208069,0.4772847592830658,-0.21815267205238342,0.975399374961853,0.37869593501091003,0.46761763095855713,0.09210202097892761,0.12677064538002014,0.3581139147281647,0.46982842683792114,-0.1957860291004181,0.9561710357666016,0.37647745013237,0.45677754282951355,0.10055913031101227,0.12749722599983215,0.3927280604839325,0.4371078908443451,-0.11248452961444855,0.9996588230133057,0.4056704640388489,0.43787193298339844,0.11236222088336945,0.9980197548866272,0.38133642077445984,0.6155152916908264,-0.07214383780956268,0.9704844951629639,0.39709559082984924,0.6042664051055908,0.14805945754051208,0.5705833435058594,0.4052279591560364,0.8143475651741028,-0.017954044044017792,0.9883829355239868,0.41559305787086487,0.7803916931152344,0.22463127970695496,0.7780213356018066,0.4199333190917969,0.8438518047332764,-0.017241526395082474,0.961530327796936,0.42844730615615845,0.8081070780754089,0.22920608520507812,0.8128693699836731,0.36258119344711304,0.8510459065437317,-0.08799488842487335,0.9866578578948975,0.37909919023513794,0.8168975710868835,0.18882697820663452,0.8670945763587952
99,turn,0.3607376217842102,0.13236147165298462,-0.04149447754025459,0.9998226761817932,0.3651929199695587,0.11577009409666061,-0.06252254545688629,0.9998496174812317,0.36636579036712646,0.11529651284217834,-0.06255630403757095,0.9998679161071777,0.3678380250930786,0.11462211608886719,-0.06254679709672928,0.9998974800109863,0.36532190442085266,0.11538530141115189,-0.028571372851729393,0.9997308254241943,0.3664954602718353,0.11461873352527618,-0.02852509915828705,0.9996458292007446,0.3679003417491913,0.11358104646205902,-0.028537418693304062,0.9996933341026306,0.3806198239326477,0.11944539099931717,-0.11720466613769531,0.9999098777770996,0.38009995222091675,0.11674868315458298,0.03266551345586777,0.9992634654045105,0.3655286133289337,0.14775723218917847,-0.05824761465191841,0.9998365044593811,0.36555150151252747,0.14826373755931854,-0.014519495889544487,0.9996500015258789,0.3935086131095886,0.18839037418365479,-0.21339869499206543,0.999997079372406,0.41039523482322693,0.19403207302093506,0.141811341047287,0.9993852376937866,0.39088326692581177,0.32512569427490234,-0.25610485672950745,0.997462809085846,0.40643471479415894,0.32247990369796753,0.16805517673492432,0.0809643417596817,0.3663710057735443,0.44241878390312195,-0.20274806022644043,0.9888792037963867,0.38974615931510925,0.42784637212753296,0.11694441735744476,0.1102987751364708,0.3610263466835022,0.4773404002189636,-0.22896596789360046,0.9758171439170837,0.3826916813850403,0.46661871671676636,0.12473468482494354,0.11582793295383453,0.3559824824333191,0.4766504168510437,-0.21891307830810547,0.9742315411567688,0.3783490061759949,0.4664362072944641,0.0943388044834137,0.118241086602211,0.35720309615135193,0.4691881835460663,-0.19635537266731262,0.9541455507278442,0.37413281202316284,0.45511749386787415,0.10186314582824707,0.1191214770078659,0.39275747537612915,0.43711933493614197,-0.11239773035049438,0.9996423125267029,0.4056265950202942,0.4379229247570038,0.11227593570947647,0.9979158043861389,0.3818645477294922,0.6160817742347717,-0.07084725797176361,0.9697081446647644,0.3971271216869354,0.6044211983680725,0.1470089852809906,0.5640028715133667,0.40612560510635376,0.8138419985771179,-0.01663910038769245,0.9882978796958923,0.41541218757629395,0.7803775072097778,0.2224341183900833,0.7757067680358887,0.4209543764591217,0.8432723879814148,-0.015696482732892036,0.9629442691802979,0.42822593450546265,0.8080427646636963,0.22690525650978088,0.812431275844574,0.36340251564979553,0.851071834564209,-0.08468149602413177,0.9866267442703247,0.3785278797149658,0.81672602891922,0.18607991933822632,0.8660621643066406
100,turn,0.3600618243217468,0.1304604411125183,-0.04623913764953613,0.9998056292533875,0.3645106256008148,0.1136469841003418,-0.06731099635362625,0.9998350143432617,0.3656977117061615,0.11309119313955307,-0.06734804809093475,0.9998554587364197,0.367189884185791,0.11238240450620651,-0.06734378635883331,0.9998873472213745,0.36475372314453125,0.1133541539311409,-0.03339654952287674,0.9997057914733887,0.36601656675338745,0.11258541792631149,-0.03334875404834747,0.9996142387390137,0.3675059974193573,0.11158393323421478,-0.033366743475198746,0.9996662735939026,0.38020676374435425,0.11759372055530548,-0.12214277684688568,0.9999009370803833,0.3799004554748535,0.11489351093769073,0.028380921110510826,0.9992048740386963,0.364777535200119,0.14590159058570862,-0.06289483606815338,0.9998216032981873,0.36490920186042786,0.14657896757125854,-0.019065063446760178,0.9996250867843628,0.39254701137542725,0.18705248832702637,-0.2189301699399948,0.9999970197677612,0.4101432263851166,0.1927693486213684,0.13940630853176117,0.999373733997345,0.3905082046985626,0.3246272802352905,-0.2630624771118164,0.9973710179328918,0.4060695767402649,0.321784645318985,0.16732770204544067,0.07607639580965042,0.3656626343727112,0.4418926537036896,-0.2109675407409668,0.9884661436080933,0.38941189646720886,0.42785385251045227,0.11580117791891098,0.10281869024038315,0.360639750957489,0.47696202993392944,-0.23801963031291962,0.9750086665153503,0.3819202184677124,0.46656620502471924,0.12367860972881317,0.10852904617786407,0.3555185794830322,0.4762444496154785,-0.22823193669319153,0.9733509421348572,0.37785881757736206,0.4663502275943756,0.09285560250282288,0.11083057522773743,0.35676389932632446,0.4688257575035095,-0.20472769439220428,0.9525113701820374,0.37311941385269165,0.4553661346435547,0.10051615536212921,0.11188177764415741,0.3929740786552429,0.43699002265930176,-0.11263054609298706,0.9996296763420105,0.4055665135383606,0.43793097138404846,0.11250728368759155,0.997813880443573,0.3821354806423187,0.6162558794021606,-0.06875143945217133,0.9694206118583679,0.39712682366371155,0.604507327079773,0.1518349051475525,0.5578094124794006,0.40642619132995605,0.8138072490692139,-0.011132844723761082,0.9882960915565491,0.4152598977088928,0.7803497314453125,0.23065432906150818,0.7732865810394287,0.42133527994155884,0.8434040546417236,-0.009901351295411587,0.9640745520591736,0.42807501554489136,0.8079888224601746,0.23547916114330292,0.8114562034606934,0.36329716444015503,0.8514516353607178,-0.08079087734222412,0.9866159558296204,0.3778218924999237,0.8167917132377625,0.1939820945262909,0.8651039600372314
101,turn,0.35983407497406006,0.12954024970531464,-0.048133574426174164,0.9997857809066772,0.3641873300075531,0.11265413463115692,-0.06931059062480927,0.9998182654380798,0.36539971828460693,0.11203747987747192,-0.06934813410043716,0.9998410940170288,0.3668960630893707,0.11127544194459915,-0.06934656947851181,0.999875545501709,0.3645254969596863,0.11239220201969147,-0.03518044948577881,0.9996781349182129,0.3658561408519745,0.11158280819654465,-0.03513258695602417,0.9995810985565186,0.3673803508281708,0.11054439842700958,-0.03515397757291794,0.999638557434082,0.3799900710582733,0.11623119562864304,-0.12507867813110352,0.9998903870582581,0.37979716062545776,0.11334799975156784,0.026923339813947678,0.9991474151611328,0.364548921585083,0.14504306018352509,-0.06509266793727875,0.9998061060905457,0.36474716663360596,0.14577823877334595,-0.020915012806653976,0.9995990991592407,0.3924976587295532,0.1856945902109146,-0.2223903387784958,0.9999969601631165,0.4101087152957916,0.19128337502479553,0.13831862807273865,0.999367356300354,0.3902539312839508,0.3235602378845215,-0.2652481198310852,0.9972293376922607,0.4059365689754486,0.3205297589302063,0.1673191338777542,0.07170706987380981,0.36542022228240967,0.4416646361351013,-0.21185171604156494,0.9877020716667175,0.38896092772483826,0.4274578392505646,0.1148558035492897,0.0961405411362648,0.36020922660827637,0.4768601357936859,-0.2390645444393158,0.9735724329948425,0.38139474391937256,0.46654045581817627,0.12238074839115143,0.10205186903476715,0.3550315201282501,0.47618475556373596,-0.22942540049552917,0.9717899560928345,0.37749385833740234,0.4662642180919647,0.090946264564991,0.10425052046775818,0.35638922452926636,0.4687308371067047,-0.2056458443403244,0.9498342871665955,0.37292295694351196,0.4560469388961792,0.09930439293384552,0.10547155886888504,0.3932952284812927,0.43688976764678955,-0.11321983486413956,0.9996194839477539,0.40564316511154175,0.4379088878631592,0.11309216916561127,0.9977303147315979,0.3824532628059387,0.6173035502433777,-0.06596624851226807,0.9689558744430542,0.39716005325317383,0.6050889492034912,0.15748639404773712,0.549798309803009,0.40641850233078003,0.8143025040626526,-0.005112631246447563,0.9882128238677979,0.4151116907596588,0.780339241027832,0.24074439704418182,0.7689131498336792,0.4213065207004547,0.8444285988807678,-0.003651863429695368,0.9648079872131348,0.4280087947845459,0.8079177737236023,0.24610380828380585,0.8090409636497498,0.3623775243759155,0.8521836400032043,-0.07612093538045883,0.9864755868911743,0.37714579701423645,0.8169068098068237,0.20476646721363068,0.8632224202156067
102,turn,0.3598286807537079,0.1284899264574051,-0.047696348279714584,0.9997599124908447,0.3642025589942932,0.11148227751255035,-0.0686192736029625,0.9997960925102234,0.3654246926307678,0.11085584759712219,-0.06865639239549637,0.9998220801353455,0.36689493060112,0.11009173840284348,-0.06865637004375458,0.9998601675033569,0.364577054977417,0.11120811849832535,-0.0346151702105999,0.9996423721313477,0.3659120202064514,0.11037811636924744,-0.03456617146730423,0.999537467956543,0.36742690205574036,0.10933030396699905,-0.03458395227789879,0.9996021389961243,0.3798978924751282,0.1150432676076889,-0.12419404089450836,0.9998766183853149,0.37983202934265137,0.11194803565740585,0.02764476276934147,0.9990700483322144,0.36456596851348877,0.14411981403827667,-0.06456629931926727,0.9997844099998474,0.3648049235343933,0.14487549662590027,-0.02050747722387314,0.9995630979537964,0.3923411965370178,0.18523071706295013,-0.22229495644569397,0.9999968409538269,0.4101792275905609,0.1903873085975647,0.13891950249671936,0.9993526935577393,0.3900779187679291,0.3231319785118103,-0.2660174071788788,0.9970770478248596,0.40602126717567444,0.31951814889907837,0.1701679527759552,0.06730218976736069,0.3656371831893921,0.4412001669406891,-0.21343985199928284,0.9866840839385986,0.3853435814380646,0.4321921169757843,0.1173679456114769,0.08952105790376663,0.3604283332824707,0.47668951749801636,-0.24108147621154785,0.9717008471488953,0.3769935369491577,0.46653252840042114,0.12482984364032745,0.09560421854257584,0.35508716106414795,0.47608065605163574,-0.23113246262073517,0.9697511792182922,0.37244805693626404,0.4664739966392517,0.0928528904914856,0.09769398719072342,0.35648807883262634,0.46853625774383545,-0.20718657970428467,0.9464283585548401,0.3731355369091034,0.4560636281967163,0.1015615239739418,0.09906037896871567,0.3935094475746155,0.43657249212265015,-0.11361058801412582,0.9996076226234436,0.4060603678226471,0.437734991312027,0.113484226167202,0.9976557493209839,0.38259923458099365,0.6172783374786377,-0.06556110084056854,0.9682421088218689,0.3972914516925812,0.6051827073097229,0.15854611992835999,0.5388875007629395,0.40659770369529724,0.8142380714416504,-0.003831421257928014,0.9879501461982727,0.415025532245636,0.7802872657775879,0.24182555079460144,0.761643648147583,0.4215385317802429,0.8441489934921265,-0.0020329714752733707,0.9651748538017273,0.4279941916465759,0.8078740239143372,0.24721238017082214,0.8043345808982849,0.3627355694770813,0.852299153804779,-0.07406418025493622,0.9861278533935547,0.37683168053627014,0.8169493675231934,0.2051362693309784,0.8591894507408142
103,turn,0.3596760928630829,0.12778913974761963,-0.04739744961261749,0.999735414981842,0.3639657497406006,0.11094073951244354,-0.06816025078296661,0.999776303768158,0.36517348885536194,0.11029394716024399,-0.06819702684879303,0.9998050332069397,0.3665980398654938,0.10949923098087311,-0.06819768249988556,0.9998459815979004,0.3644544184207916,0.11068256199359894,-0.03424660116434097,0.9996098279953003,0.3658396899700165,0.10983617603778839,-0.034196943044662476,0.9994978904724121,0.36738473176956177,0.10874898731708527,-0.034212544560432434,0.9995683431625366,0.3795331120491028,0.11414159834384918,-0.12351622432470322,0.9998638033866882,0.37977463006973267,0.11095541715621948,0.02812281623482704,0.9990018606185913,0.36447522044181824,0.14329558610916138,-0.06418128311634064,0.999762773513794,0.3647923469543457,0.1441015601158142,-0.02023255079984665,0.999526858329773,0.39174196124076843,0.18467386066913605,-0.22127871215343475,0.9999966621398926,0.4103592336177826,0.1899481862783432,0.13896021246910095,0.9993367791175842,0.3894363343715668,0.32256272435188293,-0.2651978135108948,0.9969103932380676,0.4061962068080902,0.31837591528892517,0.1706404834985733,0.06364715099334717,0.36563873291015625,0.4407900869846344,-0.21299269795417786,0.9855481386184692,0.385577917098999,0.43284937739372253,0.1180880069732666,0.08372071385383606,0.36067551374435425,0.47655871510505676,-0.24041442573070526,0.9695905447006226,0.3775499761104584,0.46556010842323303,0.12545695900917053,0.08995775133371353,0.3552255928516388,0.47599321603775024,-0.23047204315662384,0.9674671292304993,0.3727678656578064,0.46601444482803345,0.09371183812618256,0.0919535756111145,0.35654714703559875,0.46837857365608215,-0.2067098617553711,0.942778468132019,0.37351471185684204,0.455285906791687,0.10235388576984406,0.09341664612293243,0.3934555649757385,0.43603652715682983,-0.11373132467269897,0.9995943307876587,0.40613269805908203,0.43731531500816345,0.11360158771276474,0.9975832104682922,0.3829161524772644,0.6172575354576111,-0.063719242811203,0.9675344228744507,0.3974006772041321,0.605213463306427,0.15848562121391296,0.5306150317192078,0.4067566990852356,0.8139910101890564,0.0008980483980849385,0.9877009987831116,0.4149619936943054,0.7802196741104126,0.2438763827085495,0.7564016580581665,0.42156895995140076,0.8437772393226624,0.0030635350849479437,0.9655748009681702,0.42792239785194397,0.8078523278236389,0.24951863288879395,0.8010086417198181,0.36280056834220886,0.8523431420326233,-0.06846137344837189,0.9858155846595764,0.3766309916973114,0.8174577355384827,0.2071295529603958,0.8561995029449463
104,turn,0.35958534479141235,0.12776930630207062,-0.04937491565942764,0.9997147917747498,0.3638494908809662,0.11100796610116959,-0.07051803171634674,0.999759316444397,0.36509886384010315,0.11035747826099396,-0.07055439054965973,0.9997904896736145,0.36655163764953613,0.1095440685749054,-0.07055886089801788,0.9998340010643005,0.36430686712265015,0.11073721945285797,-0.03618738800287247,0.9995810985565186,0.3656969666481018,0.1098761335015297,-0.036139726638793945,0.9994639158248901,0.3672398030757904,0.10875482857227325,-0.036155905574560165,0.9995397329330444,0.37951022386550903,0.11369013041257858,-0.12691767513751984,0.99985271692276,0.3796718716621399,0.11063582450151443,0.02660689689218998,0.9989480376243591,0.3645225763320923,0.14318163692951202,-0.06647041440010071,0.9997453689575195,0.36480122804641724,0.14390110969543457,-0.02197759971022606,0.9994978904724121,0.3915526270866394,0.18460536003112793,-0.22445650398731232,0.9999964833259583,0.4103460907936096,0.18961043655872345,0.13832233846187592,0.9993261098861694,0.38913604617118835,0.3225474953651428,-0.26634344458580017,0.9967731833457947,0.4062233865261078,0.31835272908210754,0.17063720524311066,0.06043446436524391,0.3658429980278015,0.4407132565975189,-0.21283069252967834,0.9845767021179199,0.3856806457042694,0.42901450395584106,0.11818908154964447,0.07860289514064789,0.36100292205810547,0.4765676259994507,-0.2401098906993866,0.967771589756012,0.3813883066177368,0.465456485748291,0.12549057602882385,0.08497639745473862,0.3556213974952698,0.47599563002586365,-0.23015840351581573,0.9655218720436096,0.37305623292922974,0.46551787853240967,0.09380155056715012,0.08688553422689438,0.3569137454032898,0.4683491885662079,-0.2065366804599762,0.9397011995315552,0.37373027205467224,0.45469895005226135,0.1024661436676979,0.08843809366226196,0.3934023976325989,0.43612590432167053,-0.11395491659641266,0.9995797276496887,0.4061042368412018,0.43735504150390625,0.11382441222667694,0.997516393661499,0.38443058729171753,0.6192288398742676,-0.05750381946563721,0.9669731855392456,0.397466242313385,0.6074001789093018,0.1630231887102127,0.5245223641395569,0.40693292021751404,0.8138008713722229,0.013620573095977306,0.9874740242958069,0.4143538475036621,0.7802056074142456,0.25567978620529175,0.7513713836669922,0.42157554626464844,0.8435098528862,0.016429562121629715,0.9659641981124878,0.42717528343200684,0.8078247904777527,0.26213470101356506,0.7975602746009827,0.3626473844051361,0.8524758219718933,-0.05510448291897774,0.9854844808578491,0.3751974105834961,0.8178080320358276,0.21998760104179382,0.8535601496696472
105,turn,0.3594891428947449,0.127670019865036,-0.05375322699546814,0.9996856451034546,0.3637203872203827,0.11093197762966156,-0.0750977024435997,0.9997373223304749,0.36498546600341797,0.11030866950750351,-0.07513357698917389,0.9997717142105103,0.36645013093948364,0.10952163487672806,-0.07514029741287231,0.9998186826705933,0.3641633987426758,0.11061997711658478,-0.04071372002363205,0.9995421767234802,0.3655492663383484,0.10975170880556107,-0.040667179971933365,0.9994162321090698,0.3670896589756012,0.1086142435669899,-0.04068446531891823,0.9994975924491882,0.37944284081459045,0.11346209794282913,-0.13191334903240204,0.9998387098312378,0.3795725703239441,0.11030275374650955,0.021628493443131447,0.9988747835159302,0.3645016551017761,0.14300018548965454,-0.07091464102268219,0.999721884727478,0.36478033661842346,0.1436312198638916,-0.02636946365237236,0.9994563460350037,0.39122554659843445,0.18468233942985535,-0.22884532809257507,0.9999963641166687,0.4104763865470886,0.18931184709072113,0.13492651283740997,0.9993127584457397,0.38892000913619995,0.32257702946662903,-0.2707881033420563,0.99663245677948,0.4063161015510559,0.3180396258831024,0.16934868693351746,0.05757507309317589,0.3657728433609009,0.4408632814884186,-0.21781575679779053,0.9836756587028503,0.3855997323989868,0.4315323829650879,0.11816325038671494,0.07394570112228394,0.3610221743583679,0.47681117057800293,-0.24524199962615967,0.9660772085189819,0.37978631258010864,0.4653385579586029,0.12541931867599487,0.08042222261428833,0.3556233048439026,0.4762722849845886,-0.23502394556999207,0.9636983275413513,0.3729395270347595,0.4655126929283142,0.09379760175943375,0.08221288025379181,0.3569440543651581,0.46849554777145386,-0.2113795280456543,0.9367452263832092,0.37391722202301025,0.4546651542186737,0.10245225578546524,0.08382212370634079,0.3931330740451813,0.43641218543052673,-0.11424026638269424,0.9995718002319336,0.40629568696022034,0.4377347230911255,0.1141042709350586,0.9974642395973206,0.38480323553085327,0.6195331811904907,-0.054263196885585785,0.9660464525222778,0.3974100947380066,0.6078391671180725,0.1685018092393875,0.5169323682785034,0.4071468412876129,0.8136552572250366,0.01927287131547928,0.9871554970741272,0.41387906670570374,0.7801669836044312,0.2656722664833069,0.7447512149810791,0.42172569036483765,0.8434053063392639,0.022382531315088272,0.9665766954421997,0.42640215158462524,0.807517409324646,0.27273789048194885,0.7937732934951782,0.3626018762588501,0.8525153398513794,-0.04657170921564102,0.9850350618362427,0.3740079700946808,0.8178662657737732,0.23324492573738098,0.8497639894485474
106,turn,0.3595460057258606,0.12668123841285706,-0.05654594302177429,0.9996644258499146,0.3637964427471161,0.1098332405090332,-0.07789170742034912,0.9997199177742004,0.3650570511817932,0.10929636657238007,-0.07792837172746658,0.9997568726539612,0.36650580167770386,0.10861286520957947,-0.07793675363063812,0.9998067617416382,0.3642396926879883,0.10941975563764572,-0.043610624969005585,0.999512791633606,0.36562445759773254,0.10857335478067398,-0.04356473684310913,0.9993795156478882,0.3671756386756897,0.10749555379152298,-0.04358329623937607,0.9994648098945618,0.3794846534729004,0.11278410255908966,-0.13396820425987244,0.9998276233673096,0.3796164393424988,0.10949414223432541,0.018860317766666412,0.9988188147544861,0.3645760715007782,0.14220404624938965,-0.07340540736913681,0.9997037053108215,0.3648291528224945,0.14265793561935425,-0.02905094064772129,0.9994259476661682,0.39097264409065247,0.18472908437252045,-0.23079153895378113,0.9999961853027344,0.410470575094223,0.18943549692630768,0.13321629166603088,0.999299168586731,0.38868409395217896,0.3228760063648224,-0.2729790210723877,0.9965472221374512,0.4064042568206787,0.3181636929512024,0.16855362057685852,0.05501430109143257,0.36588501930236816,0.4413602948188782,-0.2218591421842575,0.9831925630569458,0.3852861523628235,0.431641548871994,0.11815047264099121,0.0699305608868599,0.36122065782546997,0.47753190994262695,-0.24996796250343323,0.9651471972465515,0.3787635266780853,0.463687002658844,0.12537653744220734,0.07651590555906296,0.3558729290962219,0.47724130749702454,-0.23980531096458435,0.9626924991607666,0.37382131814956665,0.4653519093990326,0.09377971291542053,0.0782197117805481,0.3571469187736511,0.46909892559051514,-0.21551382541656494,0.9351077675819397,0.37704136967658997,0.45358845591545105,0.10243569314479828,0.07989467680454254,0.39296790957450867,0.4366297721862793,-0.11422374099493027,0.9995614290237427,0.40627509355545044,0.43804216384887695,0.11408814042806625,0.9974135160446167,0.38503843545913696,0.6193950772285461,-0.05178140476346016,0.9652562141418457,0.3972523808479309,0.6079481244087219,0.1694733053445816,0.5101521015167236,0.4071655869483948,0.8135691285133362,0.023035340011119843,0.9868364334106445,0.4132833480834961,0.7802125811576843,0.26641231775283813,0.7387872934341431,0.42169761657714844,0.8433540463447571,0.026340875774621964,0.9671715497970581,0.4252358376979828,0.8074954748153687,0.2734249532222748,0.7905915379524231,0.3625742495059967,0.8517177104949951,-0.04191276803612709,0.9846073985099792,0.37290412187576294,0.8173014521598816,0.2337341010570526,0.8462831377983093
107,turn,0.359589159488678,0.12584322690963745,-0.060643453150987625,0.9996446967124939,0.36391544342041016,0.10879366844892502,-0.08191439509391785,0.9997028112411499,0.3651946187019348,0.10830593854188919,-0.0819510668516159,0.9997415542602539,0.3666519224643707,0.10769088566303253,-0.0819593295454979,0.9997947812080383,0.36430859565734863,0.10836074501276016,-0.04789367690682411,0.9994860291481018,0.36568009853363037,0.10755140334367752,-0.04784940183162689,0.9993460774421692,0.3672192394733429,0.1065472885966301,-0.04787151515483856,0.9994361996650696,0.3795118033885956,0.1119893416762352,-0.13705600798130035,0.9998154640197754,0.37962421774864197,0.10883960872888565,0.014481836929917336,0.9987655878067017,0.3646048903465271,0.14161726832389832,-0.07708016037940979,0.9996866583824158,0.3648572266101837,0.14193621277809143,-0.03309283405542374,0.9994000792503357,0.39087435603141785,0.18482820689678192,-0.23238304257392883,0.9999960064888,0.41045743227005005,0.18951568007469177,0.1288985162973404,0.9992944598197937,0.388192355632782,0.3244909346103668,-0.27412745356559753,0.9963933229446411,0.4066505432128906,0.3185270428657532,0.16367536783218384,0.05318015068769455,0.36580830812454224,0.4457239806652069,-0.22332005202770233,0.9825179576873779,0.38860195875167847,0.4308491051197052,0.11496488004922867,0.06661461293697357,0.3612220585346222,0.48103412985801697,-0.25123733282089233,0.9638564586639404,0.3787806034088135,0.46503308415412903,0.12256702035665512,0.073249951004982,0.3560484051704407,0.4812160134315491,-0.24116846919059753,0.961303174495697,0.3751381039619446,0.4661520719528198,0.0912134200334549,0.07486745715141296,0.3573233187198639,0.4725190997123718,-0.2170141488313675,0.9328474998474121,0.3791959583759308,0.45585328340530396,0.09954322874546051,0.07659326493740082,0.39295557141304016,0.4369131326675415,-0.11402197927236557,0.9995431900024414,0.4062601625919342,0.438213974237442,0.11388149112462997,0.997339129447937,0.3854690194129944,0.6193669438362122,-0.04583445563912392,0.9642859101295471,0.3972129225730896,0.6079414486885071,0.17156343162059784,0.5031806826591492,0.40726327896118164,0.813657820224762,0.033210813999176025,0.9863905906677246,0.41297784447669983,0.780022919178009,0.27310875058174133,0.7320734262466431,0.42155829071998596,0.843227207660675,0.03684630244970322,0.9675981402397156,0.4245733320713043,0.8071430921554565,0.2805895507335663,0.7871504426002502,0.36270907521247864,0.8510242700576782,-0.03236507251858711,0.984034538269043,0.3725011944770813,0.8164147138595581,0.24023154377937317,0.8423674702644348
108,turn,0.3596222996711731,0.12473252415657043,-0.06080067157745361,0.9996365308761597,0.3639603555202484,0.1073286384344101,-0.08183084428310394,0.999695897102356,0.36524075269699097,0.10688325762748718,-0.0818660780787468,0.99973464012146,0.3667028844356537,0.106317900121212,-0.0818721204996109,0.9997894167900085,0.36433717608451843,0.10692104697227478,-0.04803762584924698,0.9994760751724243,0.3657014071941376,0.10618545860052109,-0.04799455404281616,0.9993333220481873,0.36723417043685913,0.10526153445243835,-0.04801732301712036,0.9994262456893921,0.37956032156944275,0.11091610789299011,-0.13664677739143372,0.9998083114624023,0.3796282410621643,0.10777649283409119,0.013704526238143444,0.9987501502037048,0.36464759707450867,0.14098793268203735,-0.07721103727817535,0.9996775388717651,0.36488988995552063,0.14128467440605164,-0.03355132043361664,0.9993901252746582,0.3907924294471741,0.18481400609016418,-0.23097732663154602,0.999995768070221,0.41034135222435,0.18954285979270935,0.12611961364746094,0.9992951154708862,0.3876901865005493,0.32583847641944885,-0.27256685495376587,0.9962036609649658,0.4068298935890198,0.31942078471183777,0.1585405170917511,0.051937904208898544,0.36592456698417664,0.4484790861606598,-0.22209899127483368,0.9819536209106445,0.3898479640483856,0.4305979013442993,0.11089622974395752,0.06394518166780472,0.3613491952419281,0.48365551233291626,-0.2497365027666092,0.9628056287765503,0.3787936568260193,0.4674152433872223,0.11877977848052979,0.07060666382312775,0.35609930753707886,0.48406267166137695,-0.23982182145118713,0.9601919651031494,0.37611985206604004,0.46695759892463684,0.08796820044517517,0.0721418485045433,0.3573881685733795,0.47510474920272827,-0.2158821076154709,0.9310829043388367,0.3800744414329529,0.45741525292396545,0.095840685069561,0.07391399145126343,0.39299097657203674,0.436862975358963,-0.11289811134338379,0.9995222687721252,0.4062649607658386,0.43805596232414246,0.11275361478328705,0.9972773194313049,0.38548070192337036,0.6193356513977051,-0.04691294580698013,0.9632140398025513,0.39721745252609253,0.6074594855308533,0.16844141483306885,0.4991169571876526,0.4073653221130371,0.8138158321380615,0.03003193996846676,0.9859706163406372,0.4130001962184906,0.7793651819229126,0.26579922437667847,0.7280735969543457,0.42138537764549255,0.8433363437652588,0.033427588641643524,0.9682145118713379,0.42462196946144104,0.8064855933189392,0.27278369665145874,0.7853770852088928,0.36278235912323,0.8507975339889526,-0.03505897894501686,0.9835397005081177,0.3726010322570801,0.8159509301185608,0.23164990544319153,0.8395535349845886
109,turn,0.3596407175064087,0.12424290925264359,-0.064676932990551,0.9996249079704285,0.36407989263534546,0.1064448356628418,-0.08560570329427719,0.9996850490570068,0.3653615713119507,0.10598701983690262,-0.08563902974128723,0.9997243285179138,0.36681896448135376,0.10541532188653946,-0.08564679324626923,0.9997813105583191,0.3644413948059082,0.10607307404279709,-0.051948182284832,0.9994615316390991,0.36580532789230347,0.10535342246294022,-0.05190892890095711,0.9993171095848083,0.3673456907272339,0.10445263981819153,-0.05193745344877243,0.9994145035743713,0.37957310676574707,0.11013924330472946,-0.140235036611557,0.9997985363006592,0.3796936869621277,0.10706731677055359,0.009527863934636116,0.9987267255783081,0.3646703362464905,0.1403946429491043,-0.08113973587751389,0.9996666312217712,0.3649175465106964,0.14065192639827728,-0.037665776908397675,0.9993792176246643,0.3906559944152832,0.18487122654914856,-0.23270902037620544,0.9999954104423523,0.4100557267665863,0.18962815403938293,0.12051818519830704,0.9992959499359131,0.38748306035995483,0.32768714427948,-0.2719388008117676,0.9959359765052795,0.4071694314479828,0.32155221700668335,0.15171104669570923,0.05114404484629631,0.3660176992416382,0.45338118076324463,-0.22142846882343292,0.9809049963951111,0.3913114666938782,0.4324214458465576,0.10342570394277573,0.061747509986162186,0.361381471157074,0.48743632435798645,-0.24941813945770264,0.9609366655349731,0.3788740932941437,0.47279104590415955,0.11108118295669556,0.0684252604842186,0.35667702555656433,0.4880158007144928,-0.23896524310112,0.9582287669181824,0.37977832555770874,0.47201967239379883,0.0803447887301445,0.06989966332912445,0.35809388756752014,0.4792163372039795,-0.21505065262317657,0.9280968904495239,0.3812921643257141,0.46092623472213745,0.08845434337854385,0.0717257410287857,0.3930000364780426,0.4366389513015747,-0.1120409220457077,0.9994948506355286,0.40626057982444763,0.43749406933784485,0.11189613491296768,0.9972065091133118,0.38586685061454773,0.6193185448646545,-0.047486912459135056,0.9628899097442627,0.39721837639808655,0.6069740653038025,0.16688363254070282,0.4958333671092987,0.40744131803512573,0.8138113021850586,0.030218863859772682,0.9857543706893921,0.41287264227867126,0.7792429327964783,0.2639950215816498,0.7251204252243042,0.421252965927124,0.843282163143158,0.033664919435977936,0.9687173962593079,0.4245815873146057,0.8063567876815796,0.27086079120635986,0.7833157777786255,0.3628740906715393,0.8507883548736572,-0.036343470215797424,0.9831982254981995,0.37212255597114563,0.816464900970459,0.22825419902801514,0.8374365568161011
110,turn,0.3600020110607147,0.12355300784111023,-0.06487429141998291,0.9996172189712524,0.3647787868976593,0.10582095384597778,-0.08565101772546768,0.9996767640113831,0.36608144640922546,0.10536447167396545,-0.08568574488162994,0.9997168779373169,0.36758044362068176,0.10478851199150085,-0.08569511026144028,0.9997755885124207,0.3649807572364807,0.10539154708385468,-0.052329130470752716,0.9994499087333679,0.36629733443260193,0.10465599596500397,-0.052290331572294235,0.999305248260498,0.3678077161312103,0.10375344008207321,-0.05231821537017822,0.9994062781333923,0.3800891637802124,0.10957296192646027,-0.13950327038764954,0.9997925162315369,0.38000789284706116,0.10650058090686798,0.008926553651690483,0.9987083673477173,0.36507874727249146,0.13963104784488678,-0.08102799206972122,0.9996611475944519,0.3652075529098511,0.13980282843112946,-0.03796588256955147,0.9993741512298584,0.39074236154556274,0.18485313653945923,-0.23220345377922058,0.999995231628418,0.4102093279361725,0.18955989181995392,0.12015317380428314,0.9992977976799011,0.38744962215423584,0.3278222382068634,-0.2714182436466217,0.9958305358886719,0.4077222943305969,0.32204896211624146,0.15029460191726685,0.05038774386048317,0.36616966128349304,0.455915629863739,-0.22089655697345734,0.9805343747138977,0.3917894959449768,0.43446800112724304,0.10080684721469879,0.059903956949710846,0.36201411485671997,0.4897288382053375,-0.24926427006721497,0.9602330923080444,0.38483038544654846,0.4741062521934509,0.10822544246912003,0.06664786487817764,0.35770758986473083,0.4906274080276489,-0.23841869831085205,0.95749831199646,0.3814445734024048,0.47548285126686096,0.07717270404100418,0.0681004598736763,0.35897189378738403,0.48172950744628906,-0.21446606516838074,0.927031934261322,0.3817427158355713,0.46371889114379883,0.08561158180236816,0.06996354460716248,0.39302653074264526,0.43612751364707947,-0.11162944883108139,0.9994693398475647,0.40618768334388733,0.436876118183136,0.11148651689291,0.9971151947975159,0.38615843653678894,0.6188865303993225,-0.04966404289007187,0.9631112217903137,0.3972488343715668,0.6064921617507935,0.16439160704612732,0.4932432174682617,0.40743130445480347,0.8133924007415771,0.02432851865887642,0.985676646232605,0.41251319646835327,0.7788335084915161,0.2620930075645447,0.7220553755760193,0.42102423310279846,0.8429239988327026,0.02735748328268528,0.9689364433288574,0.4241647720336914,0.8061810731887817,0.26871246099472046,0.7807517051696777,0.36285704374313354,0.8508146405220032,-0.04207843169569969,0.9829917550086975,0.37201443314552307,0.81722092628479,0.22194895148277283,0.8354014754295349
111,turn,0.3610677421092987,0.12244495749473572,-0.06708154082298279,0.9996107220649719,0.3662508726119995,0.10513026267290115,-0.0876154899597168,0.9996681809425354,0.36754530668258667,0.10473519563674927,-0.08765164017677307,0.9997081756591797,0.369022399187088,0.10423953831195831,-0.08766353875398636,0.9997696876525879,0.36639341711997986,0.10464156419038773,-0.054663680493831635,0.9994402527809143,0.36766505241394043,0.10394807159900665,-0.05462587997317314,0.9992929100990295,0.36907410621643066,0.10311830043792725,-0.05465392395853996,0.9993980526924133,0.3809497058391571,0.10940476506948471,-0.1399669349193573,0.9997862577438354,0.3807967007160187,0.10628136247396469,0.006761783268302679,0.9986883997917175,0.3658614158630371,0.1385500729084015,-0.08261346071958542,0.9996556043624878,0.3659917414188385,0.1387246698141098,-0.04006367549300194,0.9993712902069092,0.39074641466140747,0.18436887860298157,-0.23240990936756134,0.9999950528144836,0.4104492664337158,0.1894996464252472,0.11921994388103485,0.9992987513542175,0.3874077796936035,0.32779863476753235,-0.27202290296554565,0.9958086013793945,0.4080947935581207,0.3221572935581207,0.14934203028678894,0.04994150996208191,0.3661860525608063,0.45769941806793213,-0.22208675742149353,0.9806261658668518,0.3917454779148102,0.4355259835720062,0.10111339390277863,0.05851517617702484,0.36221542954444885,0.49104949831962585,-0.25000840425491333,0.960246205329895,0.38657283782958984,0.4756249785423279,0.10891707986593246,0.0652037262916565,0.3581094741821289,0.4918581545352936,-0.2398345023393631,0.9575155377388,0.38131678104400635,0.47802966833114624,0.07756364345550537,0.06663819402456284,0.3592698872089386,0.48299360275268555,-0.21590712666511536,0.9270431399345398,0.3816317319869995,0.4655604362487793,0.0858614444732666,0.06857132911682129,0.3930366039276123,0.4356057941913605,-0.11034022271633148,0.9994252920150757,0.4062682092189789,0.43668293952941895,0.11020302772521973,0.9969790577888489,0.387245237827301,0.6188327074050903,-0.049187950789928436,0.9627025127410889,0.3979755640029907,0.6065036654472351,0.16192267835140228,0.4880925118923187,0.4073912501335144,0.8131741285324097,0.025956427678465843,0.985088586807251,0.41246742010116577,0.778897762298584,0.26024481654167175,0.7153511047363281,0.42062216997146606,0.8427743911743164,0.029091309756040573,0.9689310789108276,0.4240342676639557,0.8066480159759521,0.2667829096317291,0.7764589190483093,0.3629021644592285,0.8508079648017883,-0.04161128029227257,0.9821889400482178,0.37188321352005005,0.817724883556366,0.21685710549354553,0.8302144408226013
112,turn,0.3622833788394928,0.12159232795238495,-0.06535250693559647,0.9996086359024048,0.36774614453315735,0.10459005832672119,-0.08591911941766739,0.9996649622917175,0.36901476979255676,0.104259192943573,-0.0859551876783371,0.9997053742408752,0.3704305589199066,0.10384529829025269,-0.08596578240394592,0.9997681379318237,0.3678373694419861,0.10405367612838745,-0.05276031419634819,0.9994381070137024,0.36902743577957153,0.10339482873678207,-0.05272037535905838,0.9992911219596863,0.3703087270259857,0.10262042284011841,-0.0527457594871521,0.9993972778320312,0.3820095360279083,0.1093071848154068,-0.1390264928340912,0.9997852444648743,0.3816951811313629,0.10612623393535614,0.008848096244037151,0.9986843466758728,0.36677753925323486,0.13779805600643158,-0.08110616356134415,0.9996567964553833,0.36688998341560364,0.13796164095401764,-0.03828069940209389,0.9993746280670166,0.3907972574234009,0.18434786796569824,-0.23178131878376007,0.9999949336051941,0.41055816411972046,0.1895287036895752,0.120566725730896,0.9992825388908386,0.38748830556869507,0.32778486609458923,-0.27195000648498535,0.995830237865448,0.410575807094574,0.3243151009082794,0.15134939551353455,0.04868127778172493,0.36708515882492065,0.45723801851272583,-0.22137637436389923,0.9808258414268494,0.3918859362602234,0.4354393482208252,0.10238319635391235,0.05647830665111542,0.3631160259246826,0.49120843410491943,-0.2496735155582428,0.9604684114456177,0.38763391971588135,0.4753345549106598,0.11003128439188004,0.06313501298427582,0.35891687870025635,0.49184077978134155,-0.23966018855571747,0.9577310681343079,0.3811478018760681,0.4778374135494232,0.07897781580686569,0.06456205248832703,0.3599720299243927,0.4828822612762451,-0.21531197428703308,0.9274081587791443,0.3817269206047058,0.46518674492836,0.08723147213459015,0.06657154113054276,0.39305204153060913,0.435505747795105,-0.10967542976140976,0.9993761777877808,0.4062710404396057,0.43669044971466064,0.10954427719116211,0.9967649579048157,0.38821446895599365,0.6188082098960876,-0.04870857298374176,0.9619179964065552,0.39841142296791077,0.6068540215492249,0.1587025374174118,0.4818900525569916,0.4072466492652893,0.813154935836792,0.024938857182860374,0.9843998551368713,0.4124026894569397,0.7799803018569946,0.25400853157043457,0.7069119215011597,0.4202781319618225,0.8428323268890381,0.027679268270730972,0.9680899977684021,0.42402204871177673,0.8079783916473389,0.2601088881492615,0.7704976797103882,0.3626452088356018,0.8508802056312561,-0.043548598885536194,0.9812127351760864,0.3717184066772461,0.8181427121162415,0.20925180613994598,0.824394702911377
113,turn,0.36314868927001953,0.121249720454216,-0.06614753603935242,0.9996091723442078,0.36857688426971436,0.10435496270656586,-0.08638947457075119,0.9996627569198608,0.3698396384716034,0.10404092073440552,-0.08642547577619553,0.9997034668922424,0.37124377489089966,0.10364021360874176,-0.08643770962953568,0.9997671842575073,0.3686148524284363,0.10382566601037979,-0.05319071561098099,0.9994382858276367,0.36974912881851196,0.10319437086582184,-0.05315004661679268,0.999293327331543,0.3709666430950165,0.10244102776050568,-0.05317426845431328,0.9993996620178223,0.3826802670955658,0.10919207334518433,-0.1385180801153183,0.9997843503952026,0.38223710656166077,0.10608232021331787,0.009389558807015419,0.9986812472343445,0.3675207793712616,0.1373223513364792,-0.08170352876186371,0.9996595978736877,0.36759501695632935,0.13749796152114868,-0.0388750284910202,0.9993806481361389,0.39084285497665405,0.18417860567569733,-0.23249533772468567,0.9999948740005493,0.41056305170059204,0.18950682878494263,0.1216856837272644,0.9992713332176208,0.3875386714935303,0.3277730941772461,-0.2726045250892639,0.9959055781364441,0.4105021357536316,0.32423508167266846,0.15255770087242126,0.047444697469472885,0.3684760332107544,0.457405686378479,-0.2231992781162262,0.9812992811203003,0.3918570876121521,0.43542027473449707,0.10238008201122284,0.0547928586602211,0.36433956027030945,0.49172088503837585,-0.25220438838005066,0.9612199068069458,0.3878178894519806,0.4748832583427429,0.10980025678873062,0.061462365090847015,0.36017483472824097,0.49224966764450073,-0.24231693148612976,0.9585121870040894,0.3810432553291321,0.478437215089798,0.07770194858312607,0.06288974732160568,0.3611886203289032,0.4831849932670593,-0.2171996831893921,0.9286359548568726,0.38171201944351196,0.46528974175453186,0.08679072558879852,0.06502607464790344,0.3935616612434387,0.43541473150253296,-0.10961230844259262,0.9993401765823364,0.4066392779350281,0.4366907477378845,0.10948456823825836,0.9965846538543701,0.3894713521003723,0.618711531162262,-0.049480486661195755,0.9609686732292175,0.3991186022758484,0.6070076823234558,0.15718810260295868,0.47112640738487244,0.4071016311645508,0.8132468461990356,0.024261653423309326,0.983561098575592,0.4123983383178711,0.7805907130241394,0.24903197586536407,0.6950656771659851,0.4199830889701843,0.8429652452468872,0.026196857914328575,0.9669449925422668,0.42403751611709595,0.8084466457366943,0.25473329424858093,0.7625564336776733,0.36223071813583374,0.8508800864219666,-0.05131227523088455,0.9800695180892944,0.37169110774993896,0.8181414008140564,0.20492438971996307,0.8166623711585999
114,turn,0.36382943391799927,0.12093403190374374,-0.06344686448574066,0.9996093511581421,0.3691943883895874,0.10392314940690994,-0.08318844437599182,0.9996611475944519,0.370455265045166,0.10357794165611267,-0.08322583884000778,0.9997022151947021,0.371849000453949,0.10315088927745819,-0.08324085175991058,0.99976646900177,0.36926278471946716,0.10349266231060028,-0.04986198991537094,0.9994392395019531,0.37041133642196655,0.10289081186056137,-0.04982075095176697,0.9992966055870056,0.3716435134410858,0.10215011984109879,-0.04984651878476143,0.9994030594825745,0.3831828832626343,0.10875292122364044,-0.1347312033176422,0.9997833967208862,0.38288944959640503,0.10592646896839142,0.01339122373610735,0.9986839294433594,0.3681420683860779,0.13671986758708954,-0.07922001928091049,0.9996605515480042,0.36825355887413025,0.13695301115512848,-0.03632957860827446,0.999384880065918,0.3908637762069702,0.18416333198547363,-0.2301488220691681,0.999994695186615,0.4105715751647949,0.18952789902687073,0.12446937710046768,0.9992531538009644,0.3875960409641266,0.3276761472225189,-0.2702327370643616,0.9959293603897095,0.410414457321167,0.324190616607666,0.15521100163459778,0.04635867103934288,0.3697657585144043,0.4570104777812958,-0.2224787473678589,0.9816049933433533,0.3924636244773865,0.4344680905342102,0.10454002767801285,0.0531783252954483,0.3657122254371643,0.4913893938064575,-0.25166356563568115,0.9617151021957397,0.3888712525367737,0.47413170337677,0.112129807472229,0.059847041964530945,0.36159875988960266,0.4919496774673462,-0.2419421672821045,0.9590131044387817,0.3826042711734772,0.47829726338386536,0.07935795187950134,0.061279937624931335,0.3626408576965332,0.48286890983581543,-0.21663601696491241,0.9294242858886719,0.3824053108692169,0.4650537371635437,0.08872313797473907,0.06352568417787552,0.3936508297920227,0.43521326780319214,-0.10901250690221786,0.9992906451225281,0.40677571296691895,0.4366706907749176,0.1088995486497879,0.9963780045509338,0.3901824653148651,0.6178334355354309,-0.04956681653857231,0.959503173828125,0.3995737135410309,0.6070175766944885,0.15253673493862152,0.4603818953037262,0.4070783257484436,0.8135527968406677,0.021117864176630974,0.9824086427688599,0.41239863634109497,0.7816368937492371,0.24050989747047424,0.6821905970573425,0.4198669493198395,0.8434919714927673,0.02268373966217041,0.965450644493103,0.42405128479003906,0.810084879398346,0.24587853252887726,0.7537229061126709,0.3619109094142914,0.8506520390510559,-0.056291889399290085,0.978572428226471,0.37161651253700256,0.8179654479026794,0.19628141820430756,0.8075997233390808
115,turn,0.3644905984401703,0.1197659894824028,-0.06339406222105026,0.9996086359024048,0.36988815665245056,0.10286948084831238,-0.08285484462976456,0.9996586441993713,0.3711501657962799,0.10256649553775787,-0.08289027959108353,0.9997002482414246,0.3725307881832123,0.10220881551504135,-0.08290518075227737,0.9997648596763611,0.36986464262008667,0.10259967297315598,-0.04954101890325546,0.9994399547576904,0.3709441125392914,0.10211734473705292,-0.049501512199640274,0.9993007779121399,0.37210384011268616,0.1014939397573471,-0.04953021556138992,0.9994078874588013,0.3836980164051056,0.10802849382162094,-0.13398179411888123,0.9997812509536743,0.3832278251647949,0.10563135147094727,0.01400724332779646,0.9986883401870728,0.368680477142334,0.13561561703681946,-0.07917335629463196,0.999660074710846,0.3687782883644104,0.1359831839799881,-0.03623521700501442,0.9993880391120911,0.3909158706665039,0.18417292833328247,-0.22929231822490692,0.9999943971633911,0.410546213388443,0.189519464969635,0.12465094029903412,0.9992395639419556,0.3876488506793976,0.32769206166267395,-0.26826339960098267,0.995877742767334,0.4101024568080902,0.3241635859012604,0.1554802507162094,0.04549549147486687,0.37064099311828613,0.45680728554725647,-0.22054633498191833,0.9814988374710083,0.39277133345603943,0.4335559904575348,0.10447525978088379,0.05183280259370804,0.36665287613868713,0.4911228120326996,-0.2501828074455261,0.9614991545677185,0.38929685950279236,0.4730525612831116,0.11181670427322388,0.058555617928504944,0.362708181142807,0.4916798770427704,-0.24067182838916779,0.9587497115135193,0.383637011051178,0.4776918590068817,0.07922147214412689,0.060006171464920044,0.3638189435005188,0.4826335608959198,-0.21494539082050323,0.9290687441825867,0.38308098912239075,0.46499574184417725,0.08871166408061981,0.06235324963927269,0.39386773109436035,0.43459129333496094,-0.10856463015079498,0.9992467164993286,0.40693631768226624,0.43599045276641846,0.10845734924077988,0.9962195754051208,0.390641987323761,0.6169707179069519,-0.05185263603925705,0.9583035707473755,0.4002228379249573,0.6069154739379883,0.14892266690731049,0.44963765144348145,0.4069386124610901,0.8139206171035767,0.014521442353725433,0.9815444350242615,0.41252341866493225,0.7823382616043091,0.23416724801063538,0.6707576513290405,0.41965967416763306,0.8441566228866577,0.015940742567181587,0.9641036987304688,0.4243318438529968,0.8110097050666809,0.2392646074295044,0.7455968856811523,0.3616105914115906,0.8502851724624634,-0.06305862963199615,0.9773858189582825,0.37163397669792175,0.8172527551651001,0.18961702287197113,0.7997494339942932
116,turn,0.36518654227256775,0.11848296970129013,-0.06023918837308884,0.9996089935302734,0.370718777179718,0.10166328400373459,-0.07961797714233398,0.999657392501831,0.3720012307167053,0.10137728601694107,-0.07965033501386642,0.9997000098228455,0.3733971416950226,0.10107464343309402,-0.07966199517250061,0.9997642636299133,0.3705610930919647,0.10154365003108978,-0.0462351031601429,0.9994409680366516,0.3715657591819763,0.10116539895534515,-0.046194907277822495,0.9993059039115906,0.37266451120376587,0.10065849125385284,-0.04622221738100052,0.9994130730628967,0.38445740938186646,0.10717055201530457,-0.13076630234718323,0.9997804164886475,0.3837830722332001,0.10514166206121445,0.017533844336867332,0.9986931085586548,0.3693130910396576,0.13442565500736237,-0.07624773681163788,0.9996598958969116,0.3693244457244873,0.1348516345024109,-0.03325384855270386,0.9993901252746582,0.39119818806648254,0.18407274782657623,-0.22670595347881317,0.999994158744812,0.4103671908378601,0.1893715262413025,0.12698569893836975,0.9992243051528931,0.38781604170799255,0.3273254930973053,-0.26507192850112915,0.995813250541687,0.4095049500465393,0.3233606815338135,0.15748637914657593,0.044387802481651306,0.3714558482170105,0.45635461807250977,-0.21720954775810242,0.9812681078910828,0.39291104674339294,0.4313735067844391,0.10544939339160919,0.050323888659477234,0.3674205541610718,0.4904032349586487,-0.24645408987998962,0.9611485600471497,0.38454756140708923,0.4677952229976654,0.112540103495121,0.057147879153490067,0.36352962255477905,0.4914413094520569,-0.23733988404273987,0.9583559632301331,0.3841707110404968,0.4749533236026764,0.07980196923017502,0.05862293019890785,0.36468738317489624,0.48240333795547485,-0.2118566334247589,0.9285361170768738,0.38351985812187195,0.46207278966903687,0.08962316811084747,0.06103089451789856,0.39408180117607117,0.43321913480758667,-0.10852669179439545,0.9992191791534424,0.4069107472896576,0.43432554602622986,0.10842041671276093,0.9961176514625549,0.39103299379348755,0.6144934296607971,-0.060797639191150665,0.957625687122345,0.4004359841346741,0.6058682799339294,0.14396163821220398,0.44079992175102234,0.4068141579627991,0.8140004277229309,-0.0022266448941081762,0.9811967015266418,0.4125305712223053,0.7831082940101624,0.2227342575788498,0.6627538800239563,0.41952091455459595,0.8444097638130188,-0.0012868831399828196,0.962977945804596,0.4243573248386383,0.8121461868286133,0.2270665466785431,0.7388637661933899,0.3614904284477234,0.850311815738678,-0.08116579055786133,0.9768932461738586,0.37160754203796387,0.8172705769538879,0.1766757369041443,0.7949648499488831
117,turn,0.36564743518829346,0.11826508492231369,-0.06019437313079834,0.9996128678321838,0.3712600767612457,0.10145846754312515,-0.07958363741636276,0.9996585845947266,0.3725684583187103,0.10116662085056305,-0.07961560785770416,0.9997013807296753,0.3739899694919586,0.10085274279117584,-0.07962705194950104,0.9997650384902954,0.371026873588562,0.10132753849029541,-0.046184372156858444,0.9994460940361023,0.37199994921684265,0.10094328224658966,-0.04614406079053879,0.9993159174919128,0.37307876348495483,0.10043469816446304,-0.04617110267281532,0.9994233846664429,0.38505086302757263,0.10699518769979477,-0.1308409422636032,0.9997804760932922,0.3842066824436188,0.1050645262002945,0.017603915184736252,0.9987073540687561,0.3697878122329712,0.13414765894412994,-0.07623051106929779,0.9996636509895325,0.36970457434654236,0.13453711569309235,-0.033224862068891525,0.9993999004364014,0.39164838194847107,0.18415190279483795,-0.22661487758159637,0.9999939799308777,0.4102185368537903,0.18937948346138,0.1269921362400055,0.9992285370826721,0.38802725076675415,0.32731369137763977,-0.2645089030265808,0.9957445859909058,0.4088725447654724,0.3233470022678375,0.15751618146896362,0.04377329722046852,0.37184077501296997,0.45617422461509705,-0.21627160906791687,0.9809953570365906,0.39288198947906494,0.4317419230937958,0.1048305407166481,0.049651455134153366,0.3677809536457062,0.4900793731212616,-0.24540181457996368,0.9607119560241699,0.3863052725791931,0.46783196926116943,0.11154510080814362,0.056660573929548264,0.363994300365448,0.491350382566452,-0.23656216263771057,0.9578778147697449,0.3841373920440674,0.474701464176178,0.07850544899702072,0.058189138770103455,0.36521655321121216,0.48236167430877686,-0.21104395389556885,0.9278854727745056,0.383583128452301,0.4620587229728699,0.08883266150951385,0.06069587543606758,0.3942384123802185,0.4323327839374542,-0.10852527618408203,0.9992013573646545,0.40689343214035034,0.4333069622516632,0.10841883718967438,0.9960695505142212,0.3916607201099396,0.6142159104347229,-0.06273339688777924,0.9572523832321167,0.4006940722465515,0.6058127284049988,0.1430468112230301,0.43165159225463867,0.40665093064308167,0.8140547871589661,-0.004571051802486181,0.9810272455215454,0.4126054644584656,0.7839955687522888,0.22248312830924988,0.6555551290512085,0.4193851947784424,0.8444954752922058,-0.0035469909198582172,0.9622000455856323,0.42452946305274963,0.8129449486732483,0.22687634825706482,0.7326202392578125,0.3613518178462982,0.8508539795875549,-0.08328057825565338,0.9766002297401428,0.37162816524505615,0.8179961442947388,0.17581160366535187,0.7910483479499817
118,turn,0.3663162589073181,0.1177818700671196,-0.06099150329828262,0.9996189475059509,0.3720141351222992,0.10108160227537155,-0.08038409054279327,0.9996612668037415,0.37334316968917847,0.10080250352621078,-0.08041390776634216,0.9997039437294006,0.3747637867927551,0.10049636662006378,-0.08042477816343307,0.9997667074203491,0.37169724702835083,0.10097973048686981,-0.047083981335163116,0.9994556903839111,0.37264370918273926,0.10062485933303833,-0.047044575214385986,0.999330997467041,0.3737017810344696,0.1001456156373024,-0.0470724031329155,0.9994375705718994,0.38570117950439453,0.10677124559879303,-0.13111934065818787,0.9997810125350952,0.3846936821937561,0.10500635206699371,0.016788309440016747,0.9987301826477051,0.37034234404563904,0.13361598551273346,-0.07696392387151718,0.9996671676635742,0.37017226219177246,0.13402429223060608,-0.03408891335129738,0.9994111657142639,0.392097145318985,0.18422362208366394,-0.22653169929981232,0.9999935626983643,0.41004881262779236,0.18936793506145477,0.12527933716773987,0.9992284178733826,0.3885042369365692,0.3273043632507324,-0.26317688822746277,0.995651364326477,0.4082677364349365,0.3233339190483093,0.15551365911960602,0.043322592973709106,0.371945321559906,0.45606380701065063,-0.21441929042339325,0.9807540774345398,0.3928106427192688,0.432087242603302,0.10181379318237305,0.04949739947915077,0.36790138483047485,0.4894818663597107,-0.24318401515483856,0.9603250026702881,0.3870801329612732,0.467855840921402,0.10795297473669052,0.05670524761080742,0.3642973303794861,0.4909352958202362,-0.2349817007780075,0.957465410232544,0.38404983282089233,0.4744194746017456,0.07483696192502975,0.058307379484176636,0.3655698299407959,0.4820331037044525,-0.20942649245262146,0.9273781180381775,0.38356417417526245,0.46204274892807007,0.08579997718334198,0.06090885400772095,0.3943004906177521,0.43104833364486694,-0.10775597393512726,0.9991593360900879,0.4067944586277008,0.4318428933620453,0.1076570376753807,0.9959920644760132,0.3919530212879181,0.6122172474861145,-0.06352563202381134,0.9568032622337341,0.4009763300418854,0.604626476764679,0.13864129781723022,0.42390939593315125,0.4065821170806885,0.8133816123008728,-0.004871610086411238,0.9807672500610352,0.41266536712646484,0.7840622663497925,0.2149437963962555,0.6504907011985779,0.41919898986816406,0.8443276286125183,-0.003778348211199045,0.9615455269813538,0.4245367646217346,0.8136449456214905,0.21884405612945557,0.7275950312614441,0.3613513112068176,0.8508184552192688,-0.08258339017629623,0.9762237071990967,0.3716345429420471,0.8184748291969299,0.16642707586288452,0.7880229949951172
119,turn,0.36691734194755554,0.1172378733754158,-0.060898710042238235,0.9996251463890076,0.3726634681224823,0.10084160417318344,-0.08020804822444916,0.9996644854545593,0.37399691343307495,0.10059977322816849,-0.08023753017187119,0.9997066855430603,0.3754238486289978,0.10032056272029877,-0.08024837076663971,0.9997687935829163,0.37227505445480347,0.10069486498832703,-0.047013089060783386,0.999466061592102,0.3731888234615326,0.10035768896341324,-0.04697389155626297,0.9993453621864319,0.3742229640483856,0.09990423172712326,-0.04700198769569397,0.9994503855705261,0.38621193170547485,0.10666604340076447,-0.13047505915164948,0.999782383441925,0.38506707549095154,0.10494381934404373,0.016786832362413406,0.998752236366272,0.37087899446487427,0.13314394652843475,-0.07673786580562592,0.9996702671051025,0.37063854932785034,0.13349318504333496,-0.03404825180768967,0.9994215369224548,0.3926140069961548,0.1842958927154541,-0.22474989295005798,0.9999932050704956,0.41002947092056274,0.18936488032341003,0.12530873715877533,0.9992220997810364,0.3888026773929596,0.32709142565727234,-0.2608603537082672,0.9956265091896057,0.40804147720336914,0.3231790363788605,0.1555509716272354,0.04278620332479477,0.3719250559806824,0.4560355842113495,-0.21165528893470764,0.9809255003929138,0.39273276925086975,0.43203845620155334,0.1022796779870987,0.04914213344454765,0.3679686486721039,0.4890221059322357,-0.2401318997144699,0.9606450200080872,0.38757815957069397,0.4678198993206024,0.10862672328948975,0.056493524461984634,0.3643423318862915,0.49040454626083374,-0.23193144798278809,0.9578010439872742,0.3837040066719055,0.4743616282939911,0.07571416348218918,0.0581558495759964,0.36554843187332153,0.48150673508644104,-0.20658715069293976,0.9279670119285583,0.3835362493991852,0.4620298743247986,0.08633957803249359,0.0608568899333477,0.39450696110725403,0.4295188784599304,-0.10651584714651108,0.9991098046302795,0.4067760109901428,0.4303834140300751,0.1064290851354599,0.9959003329277039,0.3922608494758606,0.6105977296829224,-0.06406919658184052,0.9566625952720642,0.4013308882713318,0.6032817959785461,0.1346992403268814,0.41925710439682007,0.4065929055213928,0.8124690651893616,-0.0050201816484332085,0.9804149270057678,0.4126977026462555,0.7844643592834473,0.20788776874542236,0.6470043063163757,0.4191746711730957,0.8439537882804871,-0.003776879282668233,0.9610188007354736,0.42454028129577637,0.814984142780304,0.21145030856132507,0.7234036326408386,0.3616633713245392,0.8498621582984924,-0.08084968477487564,0.9757424592971802,0.3718343675136566,0.8186140060424805,0.15890614688396454,0.7847922444343567
120,turn,0.36721327900886536,0.11727479100227356,-0.06120169907808304,0.9996296167373657,0.3729592263698578,0.1008802279829979,-0.08051885664463043,0.9996671080589294,0.37431344389915466,0.10062621533870697,-0.0805499404668808,0.9997094869613647,0.3757625222206116,0.10032504051923752,-0.08056119829416275,0.9997709393501282,0.3725523352622986,0.10072401911020279,-0.04741562157869339,0.9994732141494751,0.37348610162734985,0.10037324577569962,-0.047375671565532684,0.9993559122085571,0.3745575547218323,0.09990280866622925,-0.04740263521671295,0.9994589686393738,0.3866579532623291,0.1065828874707222,-0.13054794073104858,0.9997846484184265,0.3855314552783966,0.10489638894796371,0.016425294801592827,0.9987666010856628,0.37131553888320923,0.13313472270965576,-0.07691717892885208,0.9996740818023682,0.37102216482162476,0.13346828520298004,-0.03431832045316696,0.9994288086891174,0.39324432611465454,0.18439918756484985,-0.22475087642669678,0.9999929666519165,0.4100859761238098,0.18936829268932343,0.12505105137825012,0.9992090463638306,0.3889254331588745,0.3270879089832306,-0.2609943151473999,0.995614230632782,0.408007949590683,0.32319214940071106,0.15524455904960632,0.04205179214477539,0.3718721270561218,0.45585671067237854,-0.2113381177186966,0.981092095375061,0.39276328682899475,0.4318351745605469,0.10217922925949097,0.04841264337301254,0.3679230809211731,0.48852720856666565,-0.23966467380523682,0.960931122303009,0.38829129934310913,0.4673446714878082,0.10846974700689316,0.05581832304596901,0.3642764091491699,0.48980775475502014,-0.23153114318847656,0.9580980539321899,0.3835704028606415,0.4735502004623413,0.07579751312732697,0.05751565843820572,0.3654825687408447,0.4809415936470032,-0.20623652637004852,0.9284874200820923,0.3835362493991852,0.46179261803627014,0.0862945169210434,0.060262616723775864,0.39487865567207336,0.4294043779373169,-0.10580525547266006,0.9990742206573486,0.4067716598510742,0.4300253689289093,0.10571841150522232,0.9957911372184753,0.3925556242465973,0.6101011037826538,-0.06345231086015701,0.9562013745307922,0.401482492685318,0.6021413207054138,0.13636514544487,0.41571760177612305,0.40664809942245483,0.8114957809448242,-0.003514536889269948,0.9800137281417847,0.412703275680542,0.7844393253326416,0.21137675642967224,0.6431367993354797,0.41923362016677856,0.8427799940109253,-0.002307864837348461,0.9599530696868896,0.4245162606239319,0.8148496747016907,0.21518126130104065,0.7189686298370361,0.3619476854801178,0.8495041728019714,-0.08103063702583313,0.9752330183982849,0.37202292680740356,0.8186554908752441,0.16297248005867004,0.7820553779602051
121,turn,0.36773329973220825,0.1169435903429985,-0.06117228791117668,0.9996340274810791,0.3734676241874695,0.10072173923254013,-0.08042588084936142,0.999670684337616,0.3748326897621155,0.10047166794538498,-0.0804576426744461,0.9997127056121826,0.3762950897216797,0.10017146915197372,-0.08046909421682358,0.9997735619544983,0.37301579117774963,0.10055669397115707,-0.0473962165415287,0.9994813203811646,0.3739545941352844,0.10020644217729568,-0.047356247901916504,0.999366819858551,0.3750585913658142,0.0997396782040596,-0.047382719814777374,0.9994679689407349,0.38713061809539795,0.10649871081113815,-0.12998709082603455,0.9997871518135071,0.3860626518726349,0.10479883849620819,0.016427747905254364,0.9987829923629761,0.3718557059764862,0.13279417157173157,-0.07672341912984848,0.9996775388717651,0.3715067207813263,0.13313817977905273,-0.034289292991161346,0.9994354248046875,0.3935953676700592,0.1844068467617035,-0.2237757444381714,0.9999927878379822,0.41027989983558655,0.18935468792915344,0.12507034838199615,0.9991931915283203,0.38907530903816223,0.3268278241157532,-0.2605120539665222,0.995624840259552,0.4080665707588196,0.323167622089386,0.15527786314487457,0.04130089655518532,0.3716815114021301,0.45494991540908813,-0.21091365814208984,0.9813718795776367,0.3927634358406067,0.4315072298049927,0.10237308591604233,0.04770307242870331,0.36761078238487244,0.4876595437526703,-0.2390989065170288,0.961406946182251,0.38836580514907837,0.4670118987560272,0.10874376446008682,0.05517211928963661,0.3640689253807068,0.4886563718318939,-0.23073871433734894,0.9585952162742615,0.3830849826335907,0.4725259244441986,0.07616189122200012,0.056883279234170914,0.36530551314353943,0.47983458638191223,-0.20569173991680145,0.9293082356452942,0.3835262656211853,0.46133384108543396,0.08651714026927948,0.05966632440686226,0.3950248956680298,0.42913544178009033,-0.1054777130484581,0.9990441799163818,0.40678757429122925,0.42963922023773193,0.10539144277572632,0.9956797957420349,0.392637699842453,0.609281599521637,-0.06387750804424286,0.9555673003196716,0.4017089307308197,0.6012400388717651,0.13602668046951294,0.412276029586792,0.4066924452781677,0.8108639121055603,-0.005668518599122763,0.9796220064163208,0.4127069413661957,0.7844164371490479,0.20982487499713898,0.6395797729492188,0.4192604124546051,0.8418856859207153,-0.004720581229776144,0.9594813585281372,0.42450493574142456,0.8147733807563782,0.21353647112846375,0.7158482074737549,0.36253052949905396,0.8485689163208008,-0.08289264887571335,0.9747644662857056,0.3722887635231018,0.8185234069824219,0.16239649057388306,0.7793350219726562
122,turn,0.3681035041809082,0.11694647371768951,-0.05966131016612053,0.9996407628059387,0.37376850843429565,0.10074465721845627,-0.07901164144277573,0.9996764659881592,0.37512892484664917,0.10048742592334747,-0.07904495298862457,0.999717652797699,0.37658780813217163,0.10017438232898712,-0.07905691117048264,0.9997773170471191,0.3733358681201935,0.10057234019041061,-0.0460038036108017,0.999491810798645,0.3743065893650055,0.10021091252565384,-0.045961666852235794,0.9993810057640076,0.3754710853099823,0.099729984998703,-0.04598458111286163,0.999480128288269,0.38741931319236755,0.10646619647741318,-0.1289309412240982,0.9997902512550354,0.3864613473415375,0.10476385802030563,0.01743524894118309,0.998807966709137,0.37236520648002625,0.1327381730079651,-0.07528556883335114,0.9996824860572815,0.3719988763332367,0.13308438658714294,-0.032873839139938354,0.9994453191757202,0.39394834637641907,0.18448875844478607,-0.22254860401153564,0.9999926686286926,0.41035571694374084,0.1894507259130478,0.1255672723054886,0.999191164970398,0.38908135890960693,0.3267499804496765,-0.25808829069137573,0.9955801963806152,0.40820440649986267,0.32330119609832764,0.15532702207565308,0.04067578911781311,0.37151509523391724,0.45408016443252563,-0.2057582139968872,0.981339156627655,0.39283886551856995,0.4309864044189453,0.1025116890668869,0.04701457917690277,0.3672263026237488,0.4870486855506897,-0.23339053988456726,0.9613515734672546,0.3884122967720032,0.4667682945728302,0.1089673638343811,0.054567255079746246,0.3637637794017792,0.4878653287887573,-0.224999338388443,0.9585351347923279,0.38268598914146423,0.4717015027999878,0.07641920447349548,0.05628691986203194,0.3651016652584076,0.47906142473220825,-0.20048728585243225,0.9292889833450317,0.3835068643093109,0.46081000566482544,0.08667292445898056,0.0590987391769886,0.3950563669204712,0.42884305119514465,-0.10549616813659668,0.9990334510803223,0.40681377053260803,0.4294229745864868,0.10540936887264252,0.995648980140686,0.392604798078537,0.6092634201049805,-0.0636991634964943,0.9549533128738403,0.4020034372806549,0.6010860204696655,0.13674205541610718,0.40877851843833923,0.4066968560218811,0.8108580708503723,-0.005724340211600065,0.9793632626533508,0.4127039909362793,0.784397304058075,0.212154820561409,0.6368598937988281,0.4192972779273987,0.8415889143943787,-0.004759180825203657,0.9592263698577881,0.42448845505714417,0.8147162795066833,0.21611347794532776,0.713421106338501,0.362756609916687,0.8485808372497559,-0.08221114426851273,0.9744748473167419,0.37262600660324097,0.8185133934020996,0.16580690443515778,0.7776577472686768
123,turn,0.36877357959747314,0.1168222650885582,-0.05856051295995712,0.99964839220047,0.374529629945755,0.10071699321269989,-0.07799825072288513,0.9996827244758606,0.3758869767189026,0.10044225305318832,-0.07803285121917725,0.9997228980064392,0.3773602843284607,0.10010556131601334,-0.07804517447948456,0.9997812509536743,0.37407976388931274,0.10053817182779312,-0.04514937102794647,0.9995040893554688,0.375094473361969,0.10015971213579178,-0.04510684311389923,0.9993970394134521,0.3763212561607361,0.09966015070676804,-0.045127637684345245,0.9994937777519226,0.38802650570869446,0.10636292397975922,-0.12762942910194397,0.9997938275337219,0.3871647119522095,0.10468964278697968,0.017991850152611732,0.998839795589447,0.3730897009372711,0.13251851499080658,-0.07394541054964066,0.9996883273124695,0.3726828694343567,0.13287688791751862,-0.031764909625053406,0.9994577169418335,0.39432165026664734,0.18449486792087555,-0.2209738940000534,0.9999925494194031,0.4106384217739105,0.18951869010925293,0.12621507048606873,0.9991934895515442,0.3890913724899292,0.3267223834991455,-0.2552507519721985,0.9955434203147888,0.4085622727870941,0.3235234022140503,0.15534040331840515,0.04017750918865204,0.371194064617157,0.4533836245536804,-0.20065870881080627,0.9812042117118835,0.39323890209198,0.4308280944824219,0.1027265414595604,0.04623847454786301,0.3669047951698303,0.48641252517700195,-0.22771699726581573,0.9610799551010132,0.3885589838027954,0.4666766822338104,0.10899142175912857,0.05381416901946068,0.36339086294174194,0.4869749844074249,-0.21931250393390656,0.9582388401031494,0.38252466917037964,0.4711358845233917,0.07673687487840652,0.0555289126932621,0.36480385065078735,0.4781022369861603,-0.19530244171619415,0.9289557337760925,0.383489191532135,0.4604780077934265,0.08699070662260056,0.05833517760038376,0.395072877407074,0.428700715303421,-0.1053437739610672,0.9990159869194031,0.4068264067173004,0.42944207787513733,0.10525709390640259,0.9956076145172119,0.3926512598991394,0.6093612909317017,-0.06333805620670319,0.9540567994117737,0.40221232175827026,0.6011078953742981,0.13660752773284912,0.4057188630104065,0.4066919684410095,0.8108697533607483,-0.004609836731106043,0.9789451956748962,0.4126933217048645,0.7843866944313049,0.21293357014656067,0.6338034272193909,0.41930437088012695,0.8415043950080872,-0.0035377617459744215,0.9588456749916077,0.4244667887687683,0.8146272301673889,0.21699178218841553,0.7110188007354736,0.3627966344356537,0.8486394286155701,-0.0808262899518013,0.9740395545959473,0.37264329195022583,0.8184764385223389,0.16699232161045074,0.7756977677345276
124,turn,0.36922556161880493,0.11650913953781128,-0.057656772434711456,0.9996537566184998,0.37505894899368286,0.10055587440729141,-0.0770612508058548,0.9996867179870605,0.3764265477657318,0.10027503967285156,-0.07709678262472153,0.9997261166572571,0.3779168725013733,0.09992845356464386,-0.07710814476013184,0.9997835755348206,0.3745858073234558,0.10035436600446701,-0.04438338056206703,0.9995129108428955,0.3756198287010193,0.09996168315410614,-0.04434153065085411,0.9994089603424072,0.37686899304389954,0.09945408254861832,-0.04436091333627701,0.9995040893554688,0.3885040581226349,0.10620380938053131,-0.12598325312137604,0.9997957348823547,0.3876122832298279,0.10453510284423828,0.018786119297146797,0.9988633394241333,0.373552531003952,0.13213388621807098,-0.07268352806568146,0.9996920824050903,0.3731124699115753,0.13252009451389313,-0.030739013105630875,0.9994665384292603,0.39444810152053833,0.18436118960380554,-0.21968121826648712,0.9999924302101135,0.41127198934555054,0.18952837586402893,0.12741290032863617,0.9991968274116516,0.38908058404922485,0.3259042501449585,-0.2542191743850708,0.9954895377159119,0.40884843468666077,0.3235324025154114,0.15564103424549103,0.03972867131233215,0.37063783407211304,0.45247697830200195,-0.19941827654838562,0.9809709787368774,0.39335936307907104,0.4304085671901703,0.10311029106378555,0.0455014668405056,0.3660981059074402,0.48598507046699524,-0.22623321413993835,0.9606446027755737,0.38856929540634155,0.46659913659095764,0.10913902521133423,0.05310149863362312,0.36263617873191833,0.4864182770252228,-0.21777884662151337,0.9577654600143433,0.382118821144104,0.47076424956321716,0.07716724276542664,0.05480756610631943,0.3641931116580963,0.47748833894729614,-0.1940181702375412,0.9283531904220581,0.38346242904663086,0.46024787425994873,0.08744652569293976,0.057596080005168915,0.39507538080215454,0.4285088777542114,-0.10540036112070084,0.9990089535713196,0.4068233072757721,0.4293569326400757,0.10531239211559296,0.9955892562866211,0.39267194271087646,0.6094304323196411,-0.0632430836558342,0.9534865617752075,0.4022480845451355,0.6010810136795044,0.13715603947639465,0.4042537212371826,0.4066917300224304,0.810856282711029,-0.004381345119327307,0.9788286089897156,0.41268882155418396,0.7840447425842285,0.21408498287200928,0.6330550909042358,0.41932615637779236,0.8414609432220459,-0.0034042061306536198,0.9587969779968262,0.42446470260620117,0.814460813999176,0.21820242702960968,0.7102292776107788,0.3628409802913666,0.8486470580101013,-0.08103404194116592,0.9740044474601746,0.37277570366859436,0.8182041645050049,0.1683615744113922,0.7758105397224426
125,turn,0.3696817457675934,0.11596748232841492,-0.05891226977109909,0.999661386013031,0.37569525837898254,0.09993249922990799,-0.07853563129901886,0.9996932148933411,0.37703901529312134,0.09967111051082611,-0.07857160270214081,0.9997316598892212,0.37850669026374817,0.09936432540416718,-0.07858263701200485,0.9997877478599548,0.37523531913757324,0.09972396492958069,-0.045688096433877945,0.9995253086090088,0.3762889802455902,0.09933976083993912,-0.04564744234085083,0.9994253516197205,0.37753918766975403,0.09886756539344788,-0.04566678777337074,0.999518096446991,0.38898101449012756,0.1058046966791153,-0.12762056291103363,0.9997994303703308,0.38809734582901,0.10405673831701279,0.01779981330037117,0.998896598815918,0.37395381927490234,0.13177448511123657,-0.07394488900899887,0.9996986985206604,0.3734893202781677,0.1321597695350647,-0.0317973792552948,0.9994800090789795,0.39469701051712036,0.18427270650863647,-0.22063963115215302,0.999992311000824,0.41167598962783813,0.18953321874141693,0.12707248330116272,0.999206006526947,0.38900303840637207,0.32566550374031067,-0.2551001310348511,0.995441734790802,0.40871500968933105,0.3237835168838501,0.15550784766674042,0.03969889134168625,0.36975812911987305,0.4515613615512848,-0.20043408870697021,0.9808436632156372,0.39203208684921265,0.43035438656806946,0.10264433920383453,0.045556847006082535,0.3649967312812805,0.4854986071586609,-0.22748741507530212,0.9603942632675171,0.3884093165397644,0.466622918844223,0.10837163031101227,0.05318966880440712,0.3614681661128998,0.48585331439971924,-0.21929490566253662,0.9574968814849854,0.381085067987442,0.47066164016723633,0.07631313800811768,0.05492716655135155,0.3631278872489929,0.47687196731567383,-0.19511768221855164,0.9280223250389099,0.3829333186149597,0.46021440625190735,0.08691243827342987,0.05772479251027107,0.3950885534286499,0.42839324474334717,-0.10544425249099731,0.999001681804657,0.40679264068603516,0.4292941987514496,0.10535536706447601,0.9955884218215942,0.39266282320022583,0.6094935536384583,-0.060538820922374725,0.9532520771026611,0.40226396918296814,0.6010480523109436,0.13867944478988647,0.40493640303611755,0.40669089555740356,0.8108044266700745,0.0005949833430349827,0.9788774847984314,0.4126890301704407,0.7839446067810059,0.21831338107585907,0.6346845030784607,0.41934409737586975,0.8414372801780701,0.0016749318456277251,0.9589359164237976,0.4244655668735504,0.8144144415855408,0.22267630696296692,0.7108879685401917,0.3628525137901306,0.8486562967300415,-0.07696737349033356,0.9741085767745972,0.3728179335594177,0.8179845213890076,0.1727716028690338,0.7775567173957825
126,turn,0.3700544238090515,0.11574327945709229,-0.060815077275037766,0.9996691346168518,0.3760990500450134,0.09960108995437622,-0.08071503043174744,0.999699592590332,0.37742096185684204,0.09931513667106628,-0.08075116574764252,0.9997371435165405,0.37887340784072876,0.09899222105741501,-0.08076201379299164,0.9997918605804443,0.37566307187080383,0.09940380603075027,-0.047677382826805115,0.9995369911193848,0.3767378330230713,0.09899736940860748,-0.04763508215546608,0.9994407296180725,0.37800687551498413,0.09851258248090744,-0.047655005007982254,0.9995310306549072,0.38936203718185425,0.10534632951021194,-0.1304488331079483,0.9998032450675964,0.38852977752685547,0.1035391166806221,0.015891628339886665,0.9989280104637146,0.37432849407196045,0.13159078359603882,-0.07602659612894058,0.9997057914733887,0.3738396465778351,0.13197575509548187,-0.03361181914806366,0.9994936585426331,0.39498382806777954,0.18415559828281403,-0.2228955775499344,0.9999922513961792,0.41216760873794556,0.18952138721942902,0.12587013840675354,0.9992170333862305,0.38889041543006897,0.3255924582481384,-0.25538137555122375,0.995384693145752,0.4087124466896057,0.3240708112716675,0.1550012230873108,0.03980502858757973,0.3690190315246582,0.451174259185791,-0.20122435688972473,0.9806398749351501,0.39104610681533813,0.43034595251083374,0.10186310857534409,0.045853327959775925,0.3640342652797699,0.48509109020233154,-0.22840264439582825,0.9600132703781128,0.3850334882736206,0.4666258990764618,0.10729887336492538,0.0535215362906456,0.3606335520744324,0.4853874742984772,-0.2204318344593048,0.9570971727371216,0.38026246428489685,0.4703879952430725,0.07503797858953476,0.055302251130342484,0.3624296188354492,0.4763810336589813,-0.19600681960582733,0.9274980425834656,0.381360799074173,0.4601607322692871,0.086021289229393,0.05812207609415054,0.3951151669025421,0.4282844662666321,-0.10547789186239243,0.9989980459213257,0.4067873954772949,0.4291510581970215,0.10538823902606964,0.9956009984016418,0.39276155829429626,0.6095162630081177,-0.05868801474571228,0.9528535604476929,0.40225744247436523,0.6009639501571655,0.14007627964019775,0.4052075743675232,0.4066804051399231,0.8108078241348267,0.0028393047396093607,0.9788801670074463,0.4126123785972595,0.7839218378067017,0.22090592980384827,0.6360727548599243,0.4193422198295593,0.8415461778640747,0.0038788034580647945,0.9588788151741028,0.42440304160118103,0.8143559098243713,0.22534096240997314,0.7110311388969421,0.36276137828826904,0.8487761616706848,-0.07588353008031845,0.9741633534431458,0.37281882762908936,0.8179829716682434,0.17497368156909943,0.7792844176292419
127,turn,0.37035298347473145,0.11531665921211243,-0.060495175421237946,0.9996743202209473,0.3764287829399109,0.0991135984659195,-0.08039442449808121,0.9997041821479797,0.37773048877716064,0.0988222137093544,-0.08043093979358673,0.9997410774230957,0.37916886806488037,0.09850241243839264,-0.08044085651636124,0.9997948408126831,0.37603357434272766,0.09892900288105011,-0.047332122921943665,0.9995453953742981,0.37712427973747253,0.09851577877998352,-0.04728972539305687,0.9994518756866455,0.3784043490886688,0.0980302169919014,-0.047309212386608124,0.9995406866073608,0.38962236046791077,0.10485397279262543,-0.13014784455299377,0.999805748462677,0.38889744877815247,0.10298813879489899,0.016298938542604446,0.9989495873451233,0.3746262788772583,0.13114520907402039,-0.07573576271533966,0.9997097849845886,0.3741529881954193,0.13151557743549347,-0.033290356397628784,0.9995021224021912,0.39508256316185,0.18387994170188904,-0.2227116823196411,0.9999921321868896,0.4124811291694641,0.18955151736736298,0.12611280381679535,0.999219536781311,0.3887301981449127,0.3252493739128113,-0.2557683289051056,0.9953253269195557,0.40871015191078186,0.32428866624832153,0.1553887277841568,0.03970950096845627,0.36828237771987915,0.44927307963371277,-0.2016761302947998,0.980465829372406,0.39067330956459045,0.4299134612083435,0.10199014842510223,0.04584385082125664,0.36329734325408936,0.48370659351348877,-0.22892102599143982,0.959701418876648,0.38373181223869324,0.4663017988204956,0.10741045325994492,0.05354790762066841,0.3599797189235687,0.4839731454849243,-0.22101283073425293,0.9567543864250183,0.3798567056655884,0.46931540966033936,0.07521047443151474,0.05536670610308647,0.36179882287979126,0.4749511778354645,-0.1965021789073944,0.9270317554473877,0.38061144948005676,0.45952945947647095,0.08609279990196228,0.05819468945264816,0.39506053924560547,0.4278554320335388,-0.1054624542593956,0.9989930987358093,0.40675610303878784,0.42887216806411743,0.10537215322256088,0.9955983757972717,0.3927547335624695,0.6093897223472595,-0.059195905923843384,0.9524269104003906,0.40225139260292053,0.6007853746414185,0.13952511548995972,0.40559494495391846,0.40660446882247925,0.8108113408088684,0.00013467695680446923,0.978913426399231,0.41260623931884766,0.7839088439941406,0.21789312362670898,0.6377244591712952,0.4192955493927002,0.8415553569793701,0.000875764642842114,0.9589225053787231,0.42438173294067383,0.814326286315918,0.22198446094989777,0.7115514874458313,0.3626399338245392,0.8487842082977295,-0.07965691387653351,0.9742767810821533,0.37281185388565063,0.8179835081100464,0.17097587883472443,0.7809959650039673
128,turn,0.37057411670684814,0.11497755348682404,-0.059151291847229004,0.999677836894989,0.37668293714523315,0.09873194992542267,-0.07899819314479828,0.9997071623802185,0.37797462940216064,0.09843485057353973,-0.07903598248958588,0.9997434616088867,0.3794058859348297,0.09811635315418243,-0.079045370221138,0.9997966885566711,0.376311331987381,0.09855330735445023,-0.045951973646879196,0.9995513558387756,0.3774082064628601,0.09813205152750015,-0.04590941593050957,0.9994595050811768,0.3786880373954773,0.09763867408037186,-0.04592733830213547,0.99954754114151,0.3897978663444519,0.10451307147741318,-0.1287042200565338,0.999807596206665,0.38918259739875793,0.10264600068330765,0.017754871398210526,0.998965322971344,0.3748123347759247,0.13080881536006927,-0.07439009100198746,0.9997124075889587,0.37435561418533325,0.13118763267993927,-0.03193415328860283,0.9995085000991821,0.3950820863246918,0.18313464522361755,-0.22170381247997284,0.9999920725822449,0.41285276412963867,0.18962077796459198,0.12734311819076538,0.9992225766181946,0.3886045515537262,0.3243401348590851,-0.25603437423706055,0.9953091740608215,0.4088117480278015,0.3242867887020111,0.1570451408624649,0.03973530977964401,0.3677693009376526,0.44785791635513306,-0.20210051536560059,0.9804821014404297,0.39051979780197144,0.4297795593738556,0.1032438650727272,0.0459943488240242,0.36271482706069946,0.482657253742218,-0.2293635904788971,0.9597021341323853,0.3830956816673279,0.4661652743816376,0.10876043885946274,0.0537266731262207,0.3593999147415161,0.4828171730041504,-0.22140590846538544,0.956739068031311,0.379590779542923,0.46889087557792664,0.07609774172306061,0.0555853471159935,0.3612222671508789,0.4736819863319397,-0.19689713418483734,0.9270262718200684,0.38016799092292786,0.4591667652130127,0.08717682212591171,0.05844816192984581,0.39486950635910034,0.4276637136936188,-0.10545490682125092,0.9989831447601318,0.40670886635780334,0.42886611819267273,0.10536543279886246,0.9955761432647705,0.39272814989089966,0.6093828678131104,-0.06013905256986618,0.9520460367202759,0.40224209427833557,0.6007624864578247,0.1388632357120514,0.40512052178382874,0.4065098166465759,0.8107583522796631,-0.002287878654897213,0.9788069725036621,0.4125710427761078,0.7839208245277405,0.21536538004875183,0.6374792456626892,0.41905051469802856,0.8414689898490906,-0.0016529366839677095,0.9589107632637024,0.4242362082004547,0.8143109679222107,0.21924014389514923,0.7110461592674255,0.36256876587867737,0.8487887978553772,-0.08195199072360992,0.9742019772529602,0.37279313802719116,0.8180081844329834,0.1678517758846283,0.7811316847801208
129,turn,0.37073391675949097,0.11468227207660675,-0.059128809720277786,0.9996795654296875,0.37687167525291443,0.0984073355793953,-0.07898649573326111,0.9997087717056274,0.3781629204750061,0.0981108769774437,-0.07902475446462631,0.9997445940971375,0.3796021044254303,0.09780116379261017,-0.07903439551591873,0.9997977018356323,0.3764970600605011,0.09823985397815704,-0.04594907537102699,0.9995551705360413,0.3775879144668579,0.09781906008720398,-0.04590651020407677,0.9994638562202454,0.378863662481308,0.09732607752084732,-0.045924462378025055,0.9995509386062622,0.38998275995254517,0.10429365187883377,-0.12862901389598846,0.9998090863227844,0.389422208070755,0.10246039181947708,0.017749955877661705,0.9989761114120483,0.3749440610408783,0.130544975399971,-0.07430876046419144,0.9997146129608154,0.3744935691356659,0.1309354156255722,-0.03188329190015793,0.999512791633606,0.3950730264186859,0.18239572644233704,-0.2216610461473465,0.9999920725822449,0.4130350649356842,0.1896241456270218,0.1275533139705658,0.9992227554321289,0.38843145966529846,0.3239731192588806,-0.2561315894126892,0.9953198432922363,0.40890827775001526,0.3242719769477844,0.1572398841381073,0.03965786099433899,0.367357075214386,0.446975439786911,-0.20228922367095947,0.9806380271911621,0.3902742862701416,0.42969655990600586,0.10359305143356323,0.0460444912314415,0.36227357387542725,0.4819841682910919,-0.22957241535186768,0.9599149227142334,0.38246721029281616,0.46606627106666565,0.10913343727588654,0.05377162620425224,0.35893702507019043,0.4821804165840149,-0.22154513001441956,0.95694899559021,0.3792427182197571,0.46861881017684937,0.07637574523687363,0.055651452392339706,0.3607545495033264,0.4729827344417572,-0.19708433747291565,0.9273728132247925,0.37976109981536865,0.4589531421661377,0.08748592436313629,0.05852606147527695,0.3947729170322418,0.42767462134361267,-0.10534431785345078,0.9989680647850037,0.4066612720489502,0.4290499687194824,0.10525522381067276,0.9955164790153503,0.3927171528339386,0.6097554564476013,-0.05900338292121887,0.9512115120887756,0.4021969437599182,0.6009083390235901,0.13896219432353973,0.4048731327056885,0.40645813941955566,0.8108224868774414,-8.967622125055641e-05,0.9784090518951416,0.41245412826538086,0.7840540409088135,0.21593010425567627,0.6363510489463806,0.4188462197780609,0.8414691686630249,0.0005599533906206489,0.9586749076843262,0.4239672124385834,0.8143187761306763,0.21987155079841614,0.7106295228004456,0.36252567172050476,0.8487966656684875,-0.08017129451036453,0.9737812876701355,0.37267738580703735,0.8180102109909058,0.16843841969966888,0.7804028987884521
130,turn,0.370870977640152,0.11429301649332047,-0.06016608327627182,0.9996839165687561,0.377010315656662,0.09803900122642517,-0.07998857647180557,0.9997132420539856,0.3782930076122284,0.09774602949619293,-0.08002807199954987,0.9997482895851135,0.379729688167572,0.09743963927030563,-0.08003843575716019,0.9998006224632263,0.3766522705554962,0.09787901490926743,-0.047029927372932434,0.9995633959770203,0.37774088978767395,0.09746578335762024,-0.046987809240818024,0.9994739294052124,0.3790145516395569,0.09697778522968292,-0.047005780041217804,0.9995590448379517,0.39008837938308716,0.1040206030011177,-0.1290859878063202,0.9998120665550232,0.3895955979824066,0.10228674858808517,0.016914835199713707,0.9989970326423645,0.3750518262386322,0.130172997713089,-0.07509276270866394,0.9997193813323975,0.3746350407600403,0.13058920204639435,-0.03277100622653961,0.9995213747024536,0.3950631618499756,0.1822609156370163,-0.22183164954185486,0.9999920725822449,0.4130280911922455,0.1896670013666153,0.1271362602710724,0.9992274641990662,0.38818344473838806,0.3237893283367157,-0.25666385889053345,0.9953318238258362,0.4089075028896332,0.3242742419242859,0.15671378374099731,0.03981853649020195,0.36697694659233093,0.4466168284416199,-0.20400793850421906,0.9808493256568909,0.3899453580379486,0.42970529198646545,0.10246168076992035,0.04653007164597511,0.3619701564311981,0.4818640351295471,-0.23178763687610626,0.9602387547492981,0.3819921910762787,0.4660951495170593,0.10785677284002304,0.054289307445287704,0.3585500717163086,0.4820965528488159,-0.22393982112407684,0.9572759866714478,0.3788644075393677,0.46893930435180664,0.07487253844738007,0.056199684739112854,0.3603377342224121,0.47282397747039795,-0.19884775578975677,0.927900493144989,0.37934693694114685,0.45895126461982727,0.08628438413143158,0.05909540504217148,0.3946547210216522,0.42768335342407227,-0.10521876811981201,0.9989585280418396,0.4065721929073334,0.42909473180770874,0.105130136013031,0.9954752326011658,0.3927099406719208,0.6097662448883057,-0.05883697792887688,0.9502866864204407,0.40219107270240784,0.6009370684623718,0.13900530338287354,0.4035676419734955,0.4064265787601471,0.8110281229019165,8.019588130991906e-05,0.9780271649360657,0.4123993515968323,0.7841537594795227,0.21596691012382507,0.6343322396278381,0.4186685085296631,0.8415418267250061,0.0006724038394168019,0.9585511088371277,0.42377620935440063,0.8143327236175537,0.21992632746696472,0.7097430229187012,0.3625027537345886,0.8487985134124756,-0.07992131263017654,0.973361611366272,0.3725764751434326,0.8179196119308472,0.16870203614234924,0.7792736887931824
131,turn,0.37092193961143494,0.1141120195388794,-0.06243547052145004,0.9996808767318726,0.37706249952316284,0.09792076051235199,-0.0823577493429184,0.9997102618217468,0.3783425986766815,0.09762967377901077,-0.08239849656820297,0.9997455477714539,0.37977805733680725,0.09732157737016678,-0.08241117745637894,0.9997984766960144,0.37671977281570435,0.09774582087993622,-0.04953419044613838,0.9995608329772949,0.3778141736984253,0.09732814133167267,-0.04949318245053291,0.9994710087776184,0.37909409403800964,0.09683609008789062,-0.04951385408639908,0.999556303024292,0.3901214003562927,0.10394208878278732,-0.1312844455242157,0.9998103380203247,0.3896787762641907,0.10223408043384552,0.014114675112068653,0.9989938139915466,0.3750838339328766,0.12996910512447357,-0.07720758765935898,0.9997172951698303,0.374688982963562,0.1303909569978714,-0.03504302352666855,0.9995195269584656,0.3950444757938385,0.18230707943439484,-0.22281578183174133,0.9999918937683105,0.41300168633461,0.1897009164094925,0.12444552034139633,0.9992235898971558,0.38790014386177063,0.32379257678985596,-0.2578236758708954,0.9953069090843201,0.4088708758354187,0.324428528547287,0.1545642912387848,0.03976422920823097,0.3667106032371521,0.44657355546951294,-0.20517459511756897,0.9808446168899536,0.3895823359489441,0.42975929379463196,0.10112833976745605,0.04669559746980667,0.36177873611450195,0.4818156063556671,-0.2329743355512619,0.9601547718048096,0.38277196884155273,0.46630585193634033,0.10654783248901367,0.054474130272865295,0.3583894968032837,0.48209118843078613,-0.22522875666618347,0.9571735858917236,0.37866494059562683,0.469375342130661,0.07365783303976059,0.0564020499587059,0.3601609766483307,0.4728083610534668,-0.20005281269550323,0.9277884364128113,0.379146009683609,0.4589582681655884,0.08505786955356598,0.059293024241924286,0.3944475054740906,0.42769894003868103,-0.10475317388772964,0.9989280104637146,0.4063078761100769,0.42912524938583374,0.10466456413269043,0.9953891634941101,0.3927033245563507,0.6097483038902283,-0.055976420640945435,0.9494559168815613,0.40218502283096313,0.6009454727172852,0.1392466425895691,0.40304329991340637,0.4064093232154846,0.811027467250824,0.006250719539821148,0.9775477051734924,0.4123498797416687,0.78423011302948,0.21812620759010315,0.6325888633728027,0.41855692863464355,0.8414545655250549,0.0072243595495820045,0.9581884145736694,0.42365407943725586,0.8143276572227478,0.2223718911409378,0.7085146903991699,0.3625113070011139,0.8487643003463745,-0.073745958507061,0.9727939367294312,0.3724428415298462,0.8179283142089844,0.17039646208286285,0.7780070304870605
132,turn,0.37106552720069885,0.11365040391683578,-0.0630529522895813,0.9996803998947144,0.37722474336624146,0.09762315452098846,-0.08296612650156021,0.9997099041938782,0.3784915506839752,0.09734631329774857,-0.08300668746232986,0.9997453093528748,0.3799205422401428,0.09705442935228348,-0.08301910012960434,0.9997981786727905,0.3769153654575348,0.09743090718984604,-0.050067223608493805,0.9995612502098083,0.37801316380500793,0.0970199927687645,-0.05002569407224655,0.9994720220565796,0.3792928159236908,0.09653889387845993,-0.050046004354953766,0.9995566606521606,0.3902345597743988,0.10378880798816681,-0.1320110559463501,0.9998103976249695,0.38986608386039734,0.10209071636199951,0.013727274723351002,0.9989948868751526,0.3751753568649292,0.12953169643878937,-0.0778992623090744,0.9997174739837646,0.3748170733451843,0.12996560335159302,-0.035631440579891205,0.9995202422142029,0.3950406312942505,0.18228888511657715,-0.22374960780143738,0.9999918341636658,0.4129953384399414,0.1897045522928238,0.12416988611221313,0.9992205500602722,0.3877525329589844,0.32375362515449524,-0.2594272494316101,0.995316207408905,0.40886983275413513,0.32444047927856445,0.1545201539993286,0.03957425430417061,0.36642563343048096,0.44636276364326477,-0.20748615264892578,0.9809750914573669,0.3894883990287781,0.42976823449134827,0.10081148147583008,0.046702492982149124,0.36165323853492737,0.481631338596344,-0.23570886254310608,0.9603469967842102,0.38364720344543457,0.466367244720459,0.1062861829996109,0.05452617630362511,0.35821521282196045,0.4819382131099701,-0.22777855396270752,0.957368016242981,0.3785332441329956,0.46934378147125244,0.07320286333560944,0.05647425353527069,0.35993069410324097,0.4726298153400421,-0.20233777165412903,0.928081750869751,0.37897616624832153,0.4589560925960541,0.08467109501361847,0.05936994031071663,0.39437660574913025,0.4276988208293915,-0.10475144535303116,0.9989160895347595,0.4062334895133972,0.4291374087333679,0.10466301441192627,0.9953395128250122,0.3926723301410675,0.6095463633537292,-0.05619047209620476,0.9490931630134583,0.40218114852905273,0.600938618183136,0.13966026902198792,0.40229007601737976,0.4063270688056946,0.8111171126365662,0.005778792779892683,0.9773774743080139,0.41231855750083923,0.784282922744751,0.21851535141468048,0.6315190196037292,0.41842538118362427,0.8414579033851624,0.006819854024797678,0.958078920841217,0.42362546920776367,0.8143348693847656,0.22273525595664978,0.7075943350791931,0.36246609687805176,0.848781406879425,-0.07484052330255508,0.9726139903068542,0.37223106622695923,0.8179242610931396,0.17049410939216614,0.7776676416397095
133,turn,0.3711157441139221,0.11345993727445602,-0.06364685297012329,0.9996805191040039,0.37731021642684937,0.0974377915263176,-0.0835539773106575,0.999709963798523,0.378574401140213,0.09715843945741653,-0.08359286934137344,0.9997454285621643,0.3800022304058075,0.0968661829829216,-0.08360476046800613,0.9997982382774353,0.37699851393699646,0.09725572913885117,-0.05058857798576355,0.9995629787445068,0.37809380888938904,0.09684798866510391,-0.05054807662963867,0.9994747638702393,0.3793697655200958,0.0963691845536232,-0.050569307059049606,0.9995590448379517,0.3902845084667206,0.10364962369203568,-0.13272735476493835,0.9998103976249695,0.3899272680282593,0.10197976231575012,0.013326233252882957,0.9990001320838928,0.37519970536231995,0.12930752336978912,-0.07856395840644836,0.999717652797699,0.374837189912796,0.12973669171333313,-0.036200810223817825,0.9995216727256775,0.39501678943634033,0.18229293823242188,-0.2247292697429657,0.9999917149543762,0.41298627853393555,0.1898345798254013,0.12404035031795502,0.9992219805717468,0.3876346945762634,0.3237910270690918,-0.2602410316467285,0.9953088760375977,0.40889525413513184,0.3246634304523468,0.15450625121593475,0.03963557630777359,0.3663278818130493,0.446384459733963,-0.2081095278263092,0.9809960722923279,0.3894503116607666,0.42982885241508484,0.10080808401107788,0.04697677865624428,0.3615891635417938,0.4815983176231384,-0.2362511157989502,0.9603564739227295,0.3829326629638672,0.4663698971271515,0.10631368309259415,0.054838668555021286,0.358186811208725,0.4819202125072479,-0.22840516269207,0.9573728442192078,0.3785160481929779,0.469296395778656,0.07327596098184586,0.05681759864091873,0.35989874601364136,0.4726148247718811,-0.20298269391059875,0.9281035661697388,0.3789712190628052,0.45895418524742126,0.08468283712863922,0.059721071273088455,0.3943628966808319,0.4276769459247589,-0.1047711968421936,0.9988989233970642,0.40623101592063904,0.4291476905345917,0.10468246787786484,0.9952951669692993,0.3926663100719452,0.609415590763092,-0.056375108659267426,0.9488409757614136,0.4021754860877991,0.6009374856948853,0.1398792564868927,0.4012610912322998,0.40632539987564087,0.811147153377533,0.005388257559388876,0.9771910905838013,0.412198007106781,0.7843206524848938,0.21899418532848358,0.6299814581871033,0.41840967535972595,0.8414475917816162,0.006423548795282841,0.9578828811645508,0.42345350980758667,0.8143280744552612,0.22323712706565857,0.7064428329467773,0.3624691367149353,0.8487864136695862,-0.0748416930437088,0.9723840951919556,0.37207385897636414,0.8179118633270264,0.17084524035453796,0.7767680883407593
134,turn,0.3711361587047577,0.11312419921159744,-0.06423832476139069,0.9996808171272278,0.3773500323295593,0.0970916822552681,-0.08418773114681244,0.9997106194496155,0.3786143362522125,0.09681206941604614,-0.08422600477933884,0.9997463226318359,0.38003993034362793,0.09652995318174362,-0.08423835039138794,0.9997990131378174,0.37704142928123474,0.09692952036857605,-0.05110730603337288,0.9995644092559814,0.378139853477478,0.09652813524007797,-0.05106721445918083,0.9994773268699646,0.3794170320034027,0.09605900198221207,-0.05108888819813728,0.9995613694190979,0.3903082013130188,0.10337847471237183,-0.1337442845106125,0.9998111128807068,0.389974981546402,0.10173293203115463,0.01289769820868969,0.9990065097808838,0.3752073049545288,0.12893491983413696,-0.07929274439811707,0.9997193217277527,0.37484532594680786,0.1293824315071106,-0.03676434978842735,0.9995241165161133,0.39500901103019714,0.1822958141565323,-0.22629186511039734,0.9999917149543762,0.41297784447669983,0.18992979824543,0.12403998523950577,0.9992251992225647,0.387604683637619,0.3238704800605774,-0.26141923666000366,0.9953129887580872,0.4089231491088867,0.32483428716659546,0.15453097224235535,0.0397687628865242,0.36624598503112793,0.4463984966278076,-0.20906206965446472,0.9810426235198975,0.38940340280532837,0.4299212098121643,0.10087720304727554,0.04733201116323471,0.36154282093048096,0.4816012382507324,-0.237162783741951,0.9604307413101196,0.3823692202568054,0.466384619474411,0.1064128503203392,0.05523796007037163,0.35817545652389526,0.4819268584251404,-0.22950966656208038,0.9574474692344666,0.3784683644771576,0.46950089931488037,0.07342182844877243,0.057250212877988815,0.3598869740962982,0.4726252257823944,-0.20397606492042542,0.9282421469688416,0.37895381450653076,0.4589734375476837,0.08476708829402924,0.0601392425596714,0.39434486627578735,0.42772918939590454,-0.10496851056814194,0.9988909959793091,0.40616273880004883,0.42924758791923523,0.10487572103738785,0.9952621459960938,0.39274099469184875,0.6095582246780396,-0.05587420612573624,0.9484941959381104,0.4021298289299011,0.6010386347770691,0.14185455441474915,0.4006332755088806,0.40632858872413635,0.8111987709999084,0.007155991159379482,0.9770890474319458,0.41211432218551636,0.7842927575111389,0.22402970492839813,0.6285439133644104,0.41841572523117065,0.8414633274078369,0.00826967228204012,0.9576469659805298,0.42341509461402893,0.8140287399291992,0.22864976525306702,0.7056382298469543,0.362519770860672,0.8489434123039246,-0.07342962175607681,0.9722366333007812,0.37197190523147583,0.8178895711898804,0.17697195708751678,0.7763842940330505
135,turn,0.3711843490600586,0.11308840662240982,-0.06399432569742203,0.9996827840805054,0.37738776206970215,0.09704085439443588,-0.0839720219373703,0.9997126460075378,0.3786506652832031,0.09675218909978867,-0.08400975912809372,0.999748170375824,0.3800749182701111,0.09646055102348328,-0.08402283489704132,0.9998005032539368,0.37708452343940735,0.09688258916139603,-0.050909459590911865,0.9995677471160889,0.3781852722167969,0.09647464752197266,-0.05086878687143326,0.9994816184043884,0.37946438789367676,0.09599734097719193,-0.05088948458433151,0.999565064907074,0.390322208404541,0.1032649576663971,-0.1336066573858261,0.9998126029968262,0.39002254605293274,0.1016203910112381,0.012975896708667278,0.9990170001983643,0.37524545192718506,0.1288776397705078,-0.0790494829416275,0.9997216463088989,0.37488794326782227,0.1293361932039261,-0.03654401749372482,0.9995281100273132,0.3950046896934509,0.1821632832288742,-0.22623427212238312,0.9999918341636658,0.4129945635795593,0.18994025886058807,0.12427540123462677,0.9992312788963318,0.38758978247642517,0.3238140642642975,-0.2613475024700165,0.995354950428009,0.409139484167099,0.3248625099658966,0.1549946516752243,0.039903946220874786,0.3661985993385315,0.44642728567123413,-0.2089845836162567,0.9812065362930298,0.38940173387527466,0.4299473166465759,0.1019706130027771,0.04751100018620491,0.36146867275238037,0.4816131293773651,-0.23703980445861816,0.9607145190238953,0.38214901089668274,0.4663875997066498,0.10755286365747452,0.05545031651854515,0.3581395745277405,0.4819380044937134,-0.229414701461792,0.9577481746673584,0.37845778465270996,0.4694380462169647,0.07471448183059692,0.057480860501527786,0.35986313223838806,0.4726373553276062,-0.20388691127300262,0.9287317991256714,0.3789607584476471,0.45897290110588074,0.08591943234205246,0.060363803058862686,0.3943108320236206,0.42765724658966064,-0.1050410270690918,0.9988865256309509,0.40615788102149963,0.429259330034256,0.1049489974975586,0.9952445030212402,0.3927156329154968,0.6094376444816589,-0.055933743715286255,0.9480833411216736,0.40212544798851013,0.601022481918335,0.14183689653873444,0.3987148106098175,0.40632444620132446,0.8112122416496277,0.006999752018600702,0.9767941236495972,0.41202813386917114,0.784170389175415,0.22377756237983704,0.6255651712417603,0.4184170365333557,0.8413234353065491,0.008065087720751762,0.9574078321456909,0.42332571744918823,0.8135307431221008,0.22833113372325897,0.7040438055992126,0.3626024127006531,0.8490946292877197,-0.07360106706619263,0.9718610644340515,0.3719545900821686,0.8178956508636475,0.17674589157104492,0.7742663621902466
136,turn,0.3712451457977295,0.11270726472139359,-0.0643019899725914,0.9996860027313232,0.3774878978729248,0.0966872125864029,-0.08419729024171829,0.9997155666351318,0.3787436783313751,0.09641968458890915,-0.08423405885696411,0.9997510313987732,0.3801586329936981,0.0961584523320198,-0.0842466801404953,0.9998027682304382,0.3771960735321045,0.09654971957206726,-0.051165442913770676,0.9995728135108948,0.3782939314842224,0.09616681188344955,-0.05112458020448685,0.9994886517524719,0.3795659840106964,0.09571729600429535,-0.05114390701055527,0.9995706677436829,0.3903384804725647,0.10309397429227829,-0.13361552357673645,0.9998146295547485,0.3900730609893799,0.10142859071493149,0.012837374582886696,0.9990286827087402,0.3752642273902893,0.12853357195854187,-0.07928238064050674,0.9997248649597168,0.37491121888160706,0.12903928756713867,-0.036825213581323624,0.9995331764221191,0.3949505090713501,0.18200109899044037,-0.2267111986875534,0.9999919533729553,0.41296616196632385,0.189930722117424,0.12431696802377701,0.9992358684539795,0.3875718414783478,0.32381245493888855,-0.2617945969104767,0.9954061508178711,0.409268856048584,0.32491710782051086,0.15500767529010773,0.03985423222184181,0.3660806119441986,0.44655245542526245,-0.20946165919303894,0.981416642665863,0.38937586545944214,0.43006154894828796,0.10196832567453384,0.047547925263643265,0.36136162281036377,0.48163795471191406,-0.23752209544181824,0.9610836505889893,0.3819047510623932,0.4664544463157654,0.10752463340759277,0.05553550273180008,0.35809651017189026,0.4819648861885071,-0.22984543442726135,0.9581411480903625,0.3784041702747345,0.4696919322013855,0.07470454275608063,0.057572539895772934,0.3598335385322571,0.4726670980453491,-0.20432372391223907,0.9293435215950012,0.37893208861351013,0.45901188254356384,0.08592050522565842,0.06042560189962387,0.3942977786064148,0.4276229739189148,-0.10539750754833221,0.9988887906074524,0.4061494469642639,0.42925456166267395,0.10530407726764679,0.9952371716499329,0.39271193742752075,0.609169065952301,-0.056560613214969635,0.9479398131370544,0.40211719274520874,0.6008580327033997,0.14218303561210632,0.3965994417667389,0.4063208997249603,0.8112173080444336,0.0051689837127923965,0.9767690896987915,0.4119558334350586,0.7838429808616638,0.22363901138305664,0.6237693428993225,0.41842061281204224,0.84128737449646,0.006079665385186672,0.957414448261261,0.42324885725975037,0.8128424882888794,0.22813990712165833,0.7032099962234497,0.36263567209243774,0.8491929769515991,-0.07540056109428406,0.971831738948822,0.3719220757484436,0.8178460597991943,0.17700642347335815,0.7736960649490356
137,turn,0.3712928891181946,0.11251737922430038,-0.0641985833644867,0.999685525894165,0.37753742933273315,0.09650212526321411,-0.0840868204832077,0.9997146129608154,0.3787844777107239,0.09625352919101715,-0.0841236412525177,0.9997503161430359,0.38018879294395447,0.09601564705371857,-0.08413617312908173,0.9998021125793457,0.37727347016334534,0.0963529497385025,-0.05105729028582573,0.999572217464447,0.378379762172699,0.0959763303399086,-0.051016420125961304,0.9994890689849854,0.37965458631515503,0.09553908556699753,-0.051035840064287186,0.9995710253715515,0.39033767580986023,0.10301941633224487,-0.13352707028388977,0.9998138546943665,0.39011064171791077,0.10130763798952103,0.012915139086544514,0.9990299940109253,0.37528178095817566,0.12839099764823914,-0.07919460535049438,0.9997244477272034,0.374947726726532,0.12892252206802368,-0.036739714443683624,0.9995336532592773,0.3948306143283844,0.18195919692516327,-0.22677631676197052,0.9999919533729553,0.4129579961299896,0.18991504609584808,0.12434665113687515,0.999239981174469,0.38753175735473633,0.3238644301891327,-0.2618183493614197,0.9954163432121277,0.40936368703842163,0.3249952495098114,0.15502925217151642,0.03982111066579819,0.3659992516040802,0.4469323754310608,-0.20943458378314972,0.9814390540122986,0.38942450284957886,0.4301183521747589,0.10202499479055405,0.04740046337246895,0.3613002896308899,0.48178380727767944,-0.23747627437114716,0.9611133933067322,0.38395312428474426,0.4664919674396515,0.10757531225681305,0.05540158972144127,0.3580705225467682,0.4821183979511261,-0.22981813549995422,0.9581716656684875,0.3784225285053253,0.46979013085365295,0.07478836923837662,0.05742928385734558,0.35981887578964233,0.4728235602378845,-0.20430676639080048,0.9294127225875854,0.37981194257736206,0.4590263068675995,0.08599089086055756,0.060272324830293655,0.3942853808403015,0.42770007252693176,-0.10564588010311127,0.998884916305542,0.4061461091041565,0.42934155464172363,0.10555078834295273,0.9952242970466614,0.3927094340324402,0.6091453433036804,-0.05570681020617485,0.9478420615196228,0.4021194875240326,0.6008567810058594,0.14406684041023254,0.39447221159935,0.4063231945037842,0.811218798160553,0.007850699126720428,0.976650059223175,0.4119423031806946,0.7835099697113037,0.2279222309589386,0.621250569820404,0.4184249937534332,0.8410881757736206,0.009110735729336739,0.9573665857315063,0.42319148778915405,0.812559962272644,0.23271147906780243,0.7017656564712524,0.36271822452545166,0.8493167161941528,-0.07102902233600616,0.9716812372207642,0.37192654609680176,0.8178449273109436,0.18240748345851898,0.7724881768226624
138,turn,0.3713042736053467,0.1124814972281456,-0.06412936747074127,0.9996850490570068,0.37754136323928833,0.09645780175924301,-0.0840376615524292,0.9997141361236572,0.37878531217575073,0.09621238708496094,-0.08407425880432129,0.9997498393058777,0.38018685579299927,0.09597586840391159,-0.08408672362565994,0.9998016953468323,0.3772927224636078,0.09629838913679123,-0.050985436886548996,0.9995723366737366,0.37840479612350464,0.09591752290725708,-0.05094446614384651,0.9994896054267883,0.3796848654747009,0.09547476470470428,-0.05096383020281792,0.9995712041854858,0.39032885432243347,0.10297150164842606,-0.133309468626976,0.999813437461853,0.3901192247867584,0.10122030228376389,0.012971493415534496,0.999032199382782,0.3752831220626831,0.12835706770420074,-0.07917758077383041,0.9997245073318481,0.3749631345272064,0.1288911998271942,-0.03668191656470299,0.9995344281196594,0.39462822675704956,0.1819348931312561,-0.22674044966697693,0.9999919533729553,0.41296902298927307,0.18987353146076202,0.12436453253030777,0.9992405772209167,0.38735395669937134,0.32394370436668396,-0.26178744435310364,0.995406448841095,0.4094823896884918,0.32505494356155396,0.15488681197166443,0.039693683385849,0.3659026026725769,0.447427362203598,-0.20934851467609406,0.9814160466194153,0.39068740606307983,0.4301387071609497,0.10198676586151123,0.04703953117132187,0.3612072467803955,0.4820052981376648,-0.23734994232654572,0.9610471725463867,0.3852933645248413,0.4665195941925049,0.10755002498626709,0.05501071736216545,0.35801658034324646,0.48236873745918274,-0.22960957884788513,0.9580880999565125,0.3784635663032532,0.469892293214798,0.07480621337890625,0.05700857937335968,0.3597864508628845,0.4730900526046753,-0.20419129729270935,0.9293051362037659,0.3804449439048767,0.45904621481895447,0.08598217368125916,0.05983691290020943,0.39424532651901245,0.42773187160491943,-0.1056484803557396,0.9988786578178406,0.4061473309993744,0.429383248090744,0.1055530533194542,0.9951881766319275,0.39269259572029114,0.609148383140564,-0.05459866672754288,0.9474417567253113,0.4021161198616028,0.6008581519126892,0.1444760262966156,0.3932393193244934,0.40629512071609497,0.8114150166511536,0.009260879829525948,0.9764177203178406,0.41188400983810425,0.7834543585777283,0.22862346470355988,0.6190097332000732,0.4183677136898041,0.8411505222320557,0.010496729053556919,0.9572897553443909,0.42311686277389526,0.8124855160713196,0.2334519326686859,0.7007920742034912,0.36273911595344543,0.8493219017982483,-0.06966467201709747,0.9713916778564453,0.37191030383110046,0.817799985408783,0.18334433436393738,0.77106112241745
139,turn,0.37130099534988403,0.11237723380327225,-0.06492695957422256,0.9996858835220337,0.3775380253791809,0.09632694721221924,-0.08461148291826248,0.9997144937515259,0.3787821829319,0.09609390050172806,-0.08464928716421127,0.9997501373291016,0.38018423318862915,0.09586971998214722,-0.08466193079948425,0.9998020529747009,0.377289742231369,0.09615442156791687,-0.051754243671894073,0.9995735287666321,0.37840181589126587,0.09577523171901703,-0.051713258028030396,0.9994909167289734,0.3796818256378174,0.09533575177192688,-0.0517328679561615,0.9995715022087097,0.3903023600578308,0.10289395600557327,-0.13326627016067505,0.999813973903656,0.39011234045028687,0.10110063850879669,0.012479227036237717,0.9990322589874268,0.37527042627334595,0.12828847765922546,-0.07957802712917328,0.9997261762619019,0.37495702505111694,0.1288217008113861,-0.03735056519508362,0.9995364546775818,0.3944040834903717,0.1819116622209549,-0.22679421305656433,0.9999920129776001,0.4129689335823059,0.18982581794261932,0.12427276372909546,0.9992370009422302,0.38728469610214233,0.3240323066711426,-0.2622236907482147,0.9954330921173096,0.40965986251831055,0.3252648711204529,0.15413114428520203,0.03940407186746597,0.36587095260620117,0.44777998328208923,-0.2097208946943283,0.9815869331359863,0.39141547679901123,0.430154025554657,0.10126042366027832,0.04651707038283348,0.361166775226593,0.48225921392440796,-0.23773738741874695,0.9613184928894043,0.3859824538230896,0.4665532410144806,0.10673092305660248,0.05443304777145386,0.35798579454421997,0.48263952136039734,-0.2298668920993805,0.9583696722984314,0.3784862160682678,0.4700460731983185,0.07426729798316956,0.05639364570379257,0.3597671389579773,0.4733595550060272,-0.20448991656303406,0.9297406077384949,0.38084155321121216,0.45907795429229736,0.08534451574087143,0.059204552322626114,0.39422863721847534,0.4279063045978546,-0.10565008968114853,0.9988793134689331,0.40614524483680725,0.42952755093574524,0.10555437952280045,0.9951580166816711,0.39272335171699524,0.6094969511032104,-0.053509362041950226,0.9471904635429382,0.40210896730422974,0.6010008454322815,0.14526425302028656,0.39253905415534973,0.4062827527523041,0.8117784857749939,0.010425557382404804,0.9762874841690063,0.4118548035621643,0.7834750413894653,0.22986188530921936,0.6178790926933289,0.41836315393447876,0.8416368961334229,0.01159040816128254,0.9573084712028503,0.4230884611606598,0.8126607537269592,0.2347249984741211,0.7007286548614502,0.3627328872680664,0.8493416905403137,-0.06921017169952393,0.9712424874305725,0.37184813618659973,0.8177303075790405,0.1846683919429779,0.770594596862793
140,turn,0.37118321657180786,0.11240240931510925,-0.06537659466266632,0.9996882677078247,0.3773837387561798,0.09632647782564163,-0.0850188285112381,0.9997162222862244,0.37863725423812866,0.0960928350687027,-0.08505643904209137,0.9997516870498657,0.38003838062286377,0.09586606919765472,-0.08506803959608078,0.9998031854629517,0.3771218955516815,0.09615394473075867,-0.052180271595716476,0.9995763301849365,0.37823182344436646,0.09577402472496033,-0.05213918536901474,0.9994948506355286,0.3795180320739746,0.09533336758613586,-0.05215881019830704,0.9995743036270142,0.39015716314315796,0.10283716768026352,-0.1334311068058014,0.9998151063919067,0.38997983932495117,0.10106615722179413,0.012191737070679665,0.9990372657775879,0.37519440054893494,0.12829698622226715,-0.0799441784620285,0.9997292757034302,0.3748922348022461,0.12882986664772034,-0.037748031318187714,0.9995410442352295,0.39423447847366333,0.1818479597568512,-0.22705140709877014,0.9999921321868896,0.41297489404678345,0.1896582692861557,0.12409716844558716,0.9992421865463257,0.38718265295028687,0.32409337162971497,-0.2627054452896118,0.995456337928772,0.40975481271743774,0.32532209157943726,0.15349513292312622,0.03929419443011284,0.36585476994514465,0.4483463168144226,-0.20999133586883545,0.9816795587539673,0.39192309975624084,0.43020761013031006,0.09993863850831985,0.04623875394463539,0.36112627387046814,0.48250824213027954,-0.23799678683280945,0.9614670276641846,0.38656526803970337,0.4670775532722473,0.1052621603012085,0.05413965880870819,0.35796770453453064,0.48287445306777954,-0.23007221519947052,0.958524227142334,0.3785845935344696,0.4701259732246399,0.07283942401409149,0.05607469379901886,0.3597644865512848,0.47359609603881836,-0.20473043620586395,0.9299606680870056,0.3812573552131653,0.4590948820114136,0.08400090783834457,0.05887111276388168,0.39419281482696533,0.4279085397720337,-0.10575367510318756,0.9988893270492554,0.4061652719974518,0.42953401803970337,0.1056552529335022,0.9951624274253845,0.39274853467941284,0.6095543503761292,-0.05370676517486572,0.9472693800926208,0.40210071206092834,0.6010078191757202,0.14544889330863953,0.3923993706703186,0.40625104308128357,0.8118848204612732,0.010344689711928368,0.9763955473899841,0.4117775559425354,0.7834259867668152,0.22956082224845886,0.6179347038269043,0.4183286726474762,0.8418930768966675,0.01137974951416254,0.9573981165885925,0.42304912209510803,0.812658965587616,0.23435549437999725,0.7010061740875244,0.36239609122276306,0.8495374321937561,-0.07070387899875641,0.9713662266731262,0.37166082859039307,0.8175159692764282,0.18426914513111115,0.771228551864624
141,turn,0.37103158235549927,0.11237122118473053,-0.0657874271273613,0.9996902346611023,0.37724632024765015,0.09623920917510986,-0.08549581468105316,0.999718427658081,0.3785091042518616,0.09599950909614563,-0.08553358912467957,0.999754011631012,0.3799063563346863,0.0957639142870903,-0.08554524928331375,0.9998049139976501,0.37698519229888916,0.09608122706413269,-0.05252877622842789,0.999578595161438,0.37810081243515015,0.09570255130529404,-0.05248725414276123,0.9994986653327942,0.3793962597846985,0.09525886178016663,-0.0525069460272789,0.9995770454406738,0.39001911878585815,0.10269138216972351,-0.13428133726119995,0.9998168349266052,0.3898846507072449,0.10094790160655975,0.011929944157600403,0.9990432858467102,0.37506499886512756,0.12826034426689148,-0.08053027093410492,0.9997327923774719,0.3747892677783966,0.12879258394241333,-0.038155533373355865,0.9995452761650085,0.39421555399894714,0.1818433701992035,-0.22813525795936584,0.999992311000824,0.41297394037246704,0.1896582692861557,0.12393616139888763,0.9992479681968689,0.3870963156223297,0.3241177797317505,-0.2638508379459381,0.9954668283462524,0.40970325469970703,0.32549381256103516,0.15332069993019104,0.03921590372920036,0.3658295273780823,0.4486787021160126,-0.21110907196998596,0.9817078113555908,0.3920161724090576,0.4303191304206848,0.09921008348464966,0.04602919891476631,0.3610953092575073,0.48276057839393616,-0.23925384879112244,0.9615198373794556,0.38671940565109253,0.46708136796951294,0.10440784692764282,0.05392960086464882,0.35795170068740845,0.4831583797931671,-0.23138058185577393,0.9585747122764587,0.37859269976615906,0.4702084958553314,0.07194150984287262,0.055849138647317886,0.35975414514541626,0.4738868176937103,-0.20587551593780518,0.9300211668014526,0.3813495635986328,0.4591253399848938,0.08321277797222137,0.05863051488995552,0.3941463232040405,0.42791128158569336,-0.10607067495584488,0.9989041090011597,0.4061517119407654,0.42954114079475403,0.10596819221973419,0.9951677322387695,0.3927558660507202,0.6098660230636597,-0.053744763135910034,0.9472434520721436,0.4020504057407379,0.6010125279426575,0.14657370746135712,0.3916374742984772,0.40624237060546875,0.8120146989822388,0.00957204308360815,0.9765312075614929,0.4117642343044281,0.7830557227134705,0.23110119998455048,0.6169264316558838,0.41834086179733276,0.8420937657356262,0.01035456731915474,0.9573182463645935,0.42304563522338867,0.8124616742134094,0.23597443103790283,0.7004923224449158,0.36222079396247864,0.8498570919036865,-0.07342736423015594,0.9714889526367188,0.37164196372032166,0.8171507716178894,0.18596109747886658,0.7714950442314148
142,turn,0.3706941604614258,0.11240204423666,-0.06571707874536514,0.9996888041496277,0.3767911195755005,0.09624029695987701,-0.08545570820569992,0.9997175931930542,0.37807324528694153,0.09599786251783371,-0.08549349755048752,0.9997538924217224,0.37946194410324097,0.09575695544481277,-0.08550526201725006,0.999804675579071,0.3765542507171631,0.09608442336320877,-0.05245673656463623,0.9995754957199097,0.37768423557281494,0.09570297598838806,-0.052415259182453156,0.9994962811470032,0.3790047764778137,0.09525629878044128,-0.052435070276260376,0.9995747804641724,0.3897321820259094,0.10257642716169357,-0.13479077816009521,0.9998167157173157,0.38962918519973755,0.1008870005607605,0.011942989192903042,0.9990370869636536,0.3748365342617035,0.1282626986503601,-0.08058743178844452,0.9997336864471436,0.37460485100746155,0.1288009136915207,-0.038118958473205566,0.9995444416999817,0.3942164182662964,0.1818046122789383,-0.22883470356464386,0.9999924898147583,0.41298040747642517,0.189630925655365,0.12388130277395248,0.9992489814758301,0.3870735764503479,0.32412129640579224,-0.26472800970077515,0.9954931139945984,0.4096554219722748,0.3254983425140381,0.15335305035114288,0.039107795804739,0.36580634117126465,0.4488595426082611,-0.21245405077934265,0.981813371181488,0.39199569821357727,0.4303745627403259,0.0991773009300232,0.04592664912343025,0.3610840439796448,0.48291534185409546,-0.24077296257019043,0.9617283344268799,0.38671284914016724,0.4677031636238098,0.10439081490039825,0.05387367308139801,0.35793858766555786,0.48336583375930786,-0.2328709065914154,0.9587961435317993,0.3785836100578308,0.4704371988773346,0.07182914018630981,0.05579037219285965,0.3597400486469269,0.47411298751831055,-0.2072213590145111,0.9303417801856995,0.3813439607620239,0.4592363238334656,0.08314184099435806,0.058564692735672,0.3940373659133911,0.42794206738471985,-0.10645679384469986,0.9989103674888611,0.40609779953956604,0.42955997586250305,0.10635092109441757,0.9951368570327759,0.3927854299545288,0.610293984413147,-0.053888220340013504,0.9470932483673096,0.4020194411277771,0.6010838150978088,0.1468859761953354,0.3897358775138855,0.4062567353248596,0.8120465874671936,0.008845948614180088,0.9765732288360596,0.41175928711891174,0.7829746603965759,0.23153230547904968,0.6145682334899902,0.4184504449367523,0.842161238193512,0.009501496329903603,0.9570633769035339,0.4230648875236511,0.8124192953109741,0.23643524944782257,0.6990070939064026,0.36216288805007935,0.8502171039581299,-0.07497204840183258,0.9714924097061157,0.3716405928134918,0.8170903325080872,0.18619504570960999,0.7708922624588013
143,turn,0.37036624550819397,0.11264928430318832,-0.06565581262111664,0.9996878504753113,0.37634751200675964,0.09643050283193588,-0.08541777729988098,0.9997172951698303,0.3776528537273407,0.09614644944667816,-0.08545581996440887,0.9997537732124329,0.3790518641471863,0.09584545344114304,-0.08546764403581619,0.9998045563697815,0.37608641386032104,0.09626851975917816,-0.052408862859010696,0.9995737075805664,0.37720316648483276,0.09585141390562057,-0.05236704275012016,0.9994943141937256,0.37852469086647034,0.09535367786884308,-0.052386410534381866,0.9995729923248291,0.3894861042499542,0.10256414115428925,-0.134756401181221,0.99981689453125,0.3893240690231323,0.1008792445063591,0.01199200376868248,0.999032735824585,0.37463682889938354,0.12836307287216187,-0.08052972704172134,0.9997344613075256,0.3744128346443176,0.12890037894248962,-0.03803868219256401,0.999544084072113,0.3942003846168518,0.18180330097675323,-0.228774756193161,0.9999926090240479,0.4130152761936188,0.18961484730243683,0.12388880550861359,0.9992517232894897,0.386974573135376,0.32415106892585754,-0.2646201252937317,0.9955173134803772,0.40966933965682983,0.3255414664745331,0.15338119864463806,0.03898002207279205,0.36574503779411316,0.44903722405433655,-0.21231389045715332,0.9818511009216309,0.3920702636241913,0.4303804934024811,0.09918643534183502,0.04559694230556488,0.3610234260559082,0.48300233483314514,-0.24070075154304504,0.9617740511894226,0.3868418037891388,0.468087375164032,0.1044066771864891,0.05353306233882904,0.3578937351703644,0.48349419236183167,-0.2328343689441681,0.9588434100151062,0.3786057233810425,0.4705217480659485,0.07189508527517319,0.055424079298973083,0.3597043752670288,0.4742588400840759,-0.20710673928260803,0.9303882718086243,0.3814094066619873,0.4592456817626953,0.08316807448863983,0.05815939977765083,0.3938096761703491,0.427937775850296,-0.10649335384368896,0.9989168643951416,0.4060904085636139,0.429564893245697,0.10638735443353653,0.9951174259185791,0.39277657866477966,0.6103105545043945,-0.0540630929172039,0.9468942880630493,0.4020012319087982,0.6010883450508118,0.14681148529052734,0.3900803327560425,0.4062553942203522,0.8120527267456055,0.007552043534815311,0.9765616059303284,0.4117346704006195,0.7829291224479675,0.2314453423023224,0.6140871047973633,0.4184510111808777,0.8421618342399597,0.008093937300145626,0.9568936228752136,0.4230186939239502,0.8123797178268433,0.2363034039735794,0.6986972689628601,0.3620939552783966,0.8506399989128113,-0.07618884742259979,0.971487283706665,0.3716065287590027,0.8171418309211731,0.18611660599708557,0.7708222270011902
144,turn,0.3701229691505432,0.11271935701370239,-0.06565798819065094,0.9996873140335083,0.3760548532009125,0.09647861123085022,-0.08544500172138214,0.9997174143791199,0.37738341093063354,0.0961773693561554,-0.08548256009817123,0.9997543096542358,0.37879541516304016,0.09585481137037277,-0.08549429476261139,0.9998048543930054,0.3757489323616028,0.09632298350334167,-0.05237223953008652,0.9995723962783813,0.3768424093723297,0.09589692950248718,-0.052330344915390015,0.9994938373565674,0.3781455457210541,0.09538178145885468,-0.0523497574031353,0.9995725154876709,0.3893282115459442,0.10250640660524368,-0.13517265021800995,0.9998172521591187,0.389041543006897,0.10087340325117111,0.012014957144856453,0.9990278482437134,0.374478280544281,0.1283799111843109,-0.08071126788854599,0.9997351765632629,0.37424176931381226,0.12891964614391327,-0.038079582154750824,0.9995430707931519,0.39428073167800903,0.1819186806678772,-0.22923755645751953,0.9999927282333374,0.4129021167755127,0.18964612483978271,0.12381841987371445,0.9992504119873047,0.3869648277759552,0.32419639825820923,-0.2650948166847229,0.9955283403396606,0.40944236516952515,0.32555899024009705,0.15344879031181335,0.0387040339410305,0.3657311797142029,0.4491333067417145,-0.21297815442085266,0.9818887114524841,0.39132532477378845,0.43041539192199707,0.09912499040365219,0.04545484855771065,0.36101168394088745,0.48305031657218933,-0.24138779938220978,0.961863100528717,0.3868193030357361,0.46805232763290405,0.10433626174926758,0.053480975329875946,0.3578811287879944,0.48357445001602173,-0.23346225917339325,0.9589395523071289,0.37858790159225464,0.47056612372398376,0.0716751366853714,0.05537589639425278,0.3596900403499603,0.47434625029563904,-0.2077581137418747,0.9305221438407898,0.3813990652561188,0.4592634439468384,0.08305175602436066,0.05810239911079407,0.3938014805316925,0.4277642071247101,-0.10662368685007095,0.998927116394043,0.4060360789299011,0.4294207692146301,0.10651779174804688,0.995126485824585,0.3928162455558777,0.6102870106697083,-0.057466380298137665,0.9465625286102295,0.4019702076911926,0.6010780930519104,0.1462632268667221,0.3874232769012451,0.40626078844070435,0.8120583295822144,0.0010482759680598974,0.9765296578407288,0.4117305278778076,0.7829264402389526,0.22857734560966492,0.6117403507232666,0.41851168870925903,0.8421713709831238,0.001483711414039135,0.9564468860626221,0.42302030324935913,0.8123775720596313,0.23316311836242676,0.6967769265174866,0.3620309829711914,0.8509487509727478,-0.08273641765117645,0.9714634418487549,0.37160295248031616,0.8172792792320251,0.18225660920143127,0.7699736952781677
145,turn,0.36999231576919556,0.11284900456666946,-0.06455380469560623,0.999687671661377,0.37587589025497437,0.09658210724592209,-0.08441858738660812,0.9997178912162781,0.3772085905075073,0.09625251591205597,-0.08445613086223602,0.999754786491394,0.3786216974258423,0.09589006751775742,-0.08446933329105377,0.9998051524162292,0.3755444288253784,0.09642647951841354,-0.05116185545921326,0.9995729923248291,0.37661969661712646,0.09598077833652496,-0.05111979320645332,0.999495267868042,0.377910852432251,0.09543441236019135,-0.05113913491368294,0.9995740056037903,0.38921117782592773,0.10246405005455017,-0.13466888666152954,0.9998174905776978,0.3888593018054962,0.10086709260940552,0.013147574849426746,0.999030351638794,0.37440723180770874,0.12840497493743896,-0.07991880923509598,0.9997358322143555,0.374159038066864,0.1289406716823578,-0.03708609938621521,0.9995439648628235,0.3942851424217224,0.18198154866695404,-0.22869233787059784,0.9999927282333374,0.4127965569496155,0.18963930010795593,0.12423539161682129,0.9992519021034241,0.3869236409664154,0.32423263788223267,-0.2640218138694763,0.995517909526825,0.409395694732666,0.32558760046958923,0.15402641892433167,0.03861893713474274,0.36572524905204773,0.449298232793808,-0.21048951148986816,0.9817788004875183,0.3910844624042511,0.4304218292236328,0.09940026700496674,0.04533024877309799,0.36100566387176514,0.4831278622150421,-0.23860065639019012,0.9616579413414001,0.3868619501590729,0.46785444021224976,0.10461922734975815,0.05340002849698067,0.35787710547447205,0.48366403579711914,-0.23055943846702576,0.9587193727493286,0.37859660387039185,0.4705561399459839,0.07194584608078003,0.055292945355176926,0.359688937664032,0.47444504499435425,-0.2052118331193924,0.9302040338516235,0.3814026713371277,0.4592507779598236,0.08331811428070068,0.05802023783326149,0.3937116265296936,0.42768752574920654,-0.10662265121936798,0.998923122882843,0.4059898257255554,0.42929983139038086,0.10651711374521255,0.995110273361206,0.3928166329860687,0.6101753115653992,-0.058479953557252884,0.9460247159004211,0.401958703994751,0.6010802984237671,0.14417845010757446,0.3849436640739441,0.4062538146972656,0.8120631575584412,-0.0001796164142433554,0.9762356281280518,0.4117268919944763,0.7829459309577942,0.22462165355682373,0.6085909008979797,0.41853126883506775,0.842155396938324,0.00038401532219722867,0.9559385180473328,0.42301851511001587,0.8123857378959656,0.22903966903686523,0.6943244338035583,0.3620797395706177,0.8510459661483765,-0.08239787817001343,0.9711132645606995,0.3716025650501251,0.8175837993621826,0.177883118391037,0.7677527666091919
146,turn,0.3698854446411133,0.1128721758723259,-0.06419273465871811,0.9996902346611023,0.37574443221092224,0.09659909456968307,-0.08411967754364014,0.999720573425293,0.37708136439323425,0.09626372903585434,-0.08415768295526505,0.9997573494911194,0.3784979581832886,0.09589254856109619,-0.08417141437530518,0.9998070597648621,0.37539249658584595,0.09644445031881332,-0.05069093033671379,0.9995765686035156,0.3764535188674927,0.09599608182907104,-0.05064813047647476,0.9995001554489136,0.3777352571487427,0.09544281661510468,-0.050666194409132004,0.9995779991149902,0.3891291320323944,0.1024274006485939,-0.13460253179073334,0.9998193979263306,0.38871970772743225,0.10085754096508026,0.013938273303210735,0.9990383386611938,0.3743222653865814,0.12840725481510162,-0.07969265431165695,0.9997384548187256,0.37405794858932495,0.1289418339729309,-0.036655835807323456,0.99954754114151,0.3942594826221466,0.18198555707931519,-0.22863900661468506,0.9999927878379822,0.41258305311203003,0.18959154188632965,0.12514705955982208,0.9992563128471375,0.3868989050388336,0.32420626282691956,-0.26400989294052124,0.9955270290374756,0.4093542695045471,0.32559260725975037,0.1552196890115738,0.03856286406517029,0.36571604013442993,0.4493044912815094,-0.21047361195087433,0.9817472100257874,0.3912481367588043,0.4304283559322357,0.09969787299633026,0.04531877860426903,0.36098748445510864,0.48313620686531067,-0.23859719932079315,0.9615932703018188,0.386862576007843,0.4677796959877014,0.10481281578540802,0.05344767868518829,0.35786229372024536,0.4836719036102295,-0.23055613040924072,0.958647608757019,0.37859755754470825,0.4705561697483063,0.07209042459726334,0.05534267798066139,0.3596838116645813,0.47445568442344666,-0.20519325137138367,0.9300969839096069,0.3813999891281128,0.45924776792526245,0.08356183022260666,0.058052461594343185,0.3936155438423157,0.4277832508087158,-0.10690180212259293,0.9989320039749146,0.4057843089103699,0.42932960391044617,0.10679788887500763,0.9951246380805969,0.39286506175994873,0.6103948950767517,-0.05932164192199707,0.9456617832183838,0.40191203355789185,0.6012099385261536,0.14430224895477295,0.38316577672958374,0.40625372529029846,0.8121239542961121,-0.0008334657177329063,0.9761776924133301,0.4117155969142914,0.7829619646072388,0.22468140721321106,0.606839656829834,0.4186544418334961,0.8421940207481384,-0.00023358655744232237,0.9558455944061279,0.4230177402496338,0.8124106526374817,0.22907841205596924,0.6932666897773743,0.362094908952713,0.8513203859329224,-0.08273400366306305,0.9710783362388611,0.3715844750404358,0.8178834915161133,0.17798085510730743,0.7671003341674805
147,turn,0.36977797746658325,0.11287974566221237,-0.06443265825510025,0.9996910095214844,0.3756072521209717,0.09660051017999649,-0.08439287543296814,0.9997211694717407,0.3769417405128479,0.09626446664333344,-0.08443067967891693,0.9997580051422119,0.3783515691757202,0.09589014947414398,-0.08444486558437347,0.9998075366020203,0.3752630352973938,0.09644601494073868,-0.05091220140457153,0.999576985836029,0.37632104754447937,0.09599751234054565,-0.050869204103946686,0.9995013475418091,0.3776009678840637,0.09544335305690765,-0.05088675022125244,0.9995790123939514,0.38900426030158997,0.10239063948392868,-0.13502384722232819,0.9998198747634888,0.38859838247299194,0.10084468126296997,0.013752030208706856,0.999038815498352,0.3742227554321289,0.12840761244297028,-0.08000905066728592,0.9997393488883972,0.37396568059921265,0.12894178926944733,-0.03690258041024208,0.999548614025116,0.39417725801467896,0.1819910705089569,-0.2289179265499115,0.999992847442627,0.4123631417751312,0.1893833577632904,0.1248202696442604,0.9992589950561523,0.3868604898452759,0.3242100477218628,-0.26432234048843384,0.9955384731292725,0.4091106355190277,0.3255763053894043,0.15508437156677246,0.03843587264418602,0.3656846880912781,0.44951340556144714,-0.2107391655445099,0.9816768765449524,0.3906855881214142,0.4304761290550232,0.09934311360120773,0.04523075744509697,0.3609630763530731,0.48321732878685,-0.23889891803264618,0.9614317417144775,0.38685142993927,0.4681141674518585,0.10435187816619873,0.05340421199798584,0.35782063007354736,0.483755886554718,-0.23085744678974152,0.958480179309845,0.37856394052505493,0.47058460116386414,0.07154840230941772,0.055294331163167953,0.3596498966217041,0.47453418374061584,-0.20545704662799835,0.9298473596572876,0.3813447654247284,0.4592644274234772,0.08317988365888596,0.05799255892634392,0.39347270131111145,0.42780423164367676,-0.10694767534732819,0.9989409446716309,0.40560126304626465,0.4292933940887451,0.10684444010257721,0.9951579570770264,0.39285773038864136,0.6103253364562988,-0.05922112613916397,0.9456439018249512,0.40188032388687134,0.6012122631072998,0.14449024200439453,0.38183537125587463,0.40624719858169556,0.8120557069778442,-0.0007573607726953924,0.9762019515037537,0.4116707742214203,0.7829433083534241,0.22551873326301575,0.6062766313552856,0.41879773139953613,0.8419438600540161,-0.00013799950829707086,0.955825924873352,0.42301511764526367,0.8123907446861267,0.22999930381774902,0.6925447583198547,0.36218151450157166,0.8515499830245972,-0.0822393149137497,0.9711067080497742,0.37157198786735535,0.8184069991111755,0.17889022827148438,0.7670673727989197
148,turn,0.36969780921936035,0.11287163943052292,-0.06478454917669296,0.9996906518936157,0.37550991773605347,0.09656268358230591,-0.08474957197904587,0.9997206330299377,0.37684255838394165,0.09622400254011154,-0.0847863182425499,0.9997577667236328,0.37824583053588867,0.09584301710128784,-0.0848006010055542,0.9998072981834412,0.3751715421676636,0.09641420841217041,-0.051198266446590424,0.9995753765106201,0.37623000144958496,0.09596767276525497,-0.05115527659654617,0.9995005130767822,0.377510130405426,0.0954129621386528,-0.05117298290133476,0.9995787143707275,0.388914555311203,0.10233553498983383,-0.13563808798789978,0.9998194575309753,0.38851815462112427,0.10080869495868683,0.01348425168544054,0.9990349411964417,0.37414276599884033,0.12839464843273163,-0.08051510155200958,0.9997392892837524,0.3738904893398285,0.12893323600292206,-0.0373036228120327,0.9995481371879578,0.394157737493515,0.1819949746131897,-0.22968026995658875,0.9999929070472717,0.41213250160217285,0.1893008053302765,0.12448463588953018,0.999262809753418,0.3868573009967804,0.3242102861404419,-0.2651040852069855,0.9955440759658813,0.40875014662742615,0.3255264163017273,0.15504835546016693,0.038391925394535065,0.3656681180000305,0.44962021708488464,-0.21277806162834167,0.9816200137138367,0.3900802731513977,0.43086516857147217,0.09898547828197479,0.045410625636577606,0.3609549403190613,0.4832707643508911,-0.24133563041687012,0.9613426923751831,0.3868146240711212,0.46862801909446716,0.10386991500854492,0.053688161075115204,0.35780057311058044,0.48378854990005493,-0.23339715600013733,0.9583959579467773,0.378449946641922,0.470773309469223,0.07082763314247131,0.05559214949607849,0.35963374376296997,0.47456610202789307,-0.207590252161026,0.9297291040420532,0.3802456557750702,0.45942625403404236,0.08275093138217926,0.058292314410209656,0.3934090733528137,0.4278706908226013,-0.10719170421361923,0.9989540576934814,0.4053618907928467,0.42929258942604065,0.10708869993686676,0.995212197303772,0.39285778999328613,0.6103373765945435,-0.059763748198747635,0.9456075429916382,0.4017888903617859,0.601300835609436,0.14479266107082367,0.37834057211875916,0.40623512864112854,0.8120143413543701,-0.0006267938879318535,0.9762577414512634,0.4116288125514984,0.7829979658126831,0.2261858433485031,0.6042319536209106,0.41882389783859253,0.8418734073638916,0.00010769414802780375,0.9557366967201233,0.4230130612850189,0.8124614953994751,0.2307000607252121,0.6908031702041626,0.36210840940475464,0.8517106175422668,-0.0818762481212616,0.971185028553009,0.3714960813522339,0.8189803957939148,0.17938746511936188,0.7665026783943176
149,turn,0.3696215748786926,0.11287535727024078,-0.06479446589946747,0.9996857643127441,0.3754332661628723,0.09656322002410889,-0.0847586840391159,0.9997158646583557,0.3767678439617157,0.0962236225605011,-0.08479531109333038,0.9997538328170776,0.3781737685203552,0.09583941847085953,-0.08480965346097946,0.9998040795326233,0.3750966787338257,0.09641475975513458,-0.05121498554944992,0.9995675086975098,0.3761569559574127,0.09596752375364304,-0.051172129809856415,0.9994924068450928,0.3774428963661194,0.09541074186563492,-0.051190126687288284,0.9995725154876709,0.3888598382472992,0.10230562090873718,-0.1357310712337494,0.9998162984848022,0.38847264647483826,0.1007874459028244,0.013319852761924267,0.9990180134773254,0.374089777469635,0.1283937394618988,-0.08056028932332993,0.9997351765632629,0.37384116649627686,0.12893249094486237,-0.03736460953950882,0.9995412230491638,0.3941583037376404,0.1819993406534195,-0.22973649203777313,0.9999929070472717,0.41209226846694946,0.18929843604564667,0.12402305752038956,0.999264121055603,0.38682377338409424,0.3242259621620178,-0.2650696635246277,0.9955276250839233,0.4087296426296234,0.3255423903465271,0.15468361973762512,0.03832104802131653,0.3656465411186218,0.44980230927467346,-0.21269473433494568,0.9814387559890747,0.39033374190330505,0.4312900900840759,0.09857269376516342,0.04546773433685303,0.3609515428543091,0.48334312438964844,-0.2412174642086029,0.9610280394554138,0.38681480288505554,0.46918657422065735,0.10340926796197891,0.053836844861507416,0.35779184103012085,0.4838520586490631,-0.23326119780540466,0.9580764174461365,0.37844792008399963,0.4710313677787781,0.07041066884994507,0.05574152618646622,0.3596293032169342,0.47463446855545044,-0.20749640464782715,0.9292904138565063,0.3802843689918518,0.4597149193286896,0.08237390965223312,0.05843339115381241,0.39339256286621094,0.4279032349586487,-0.1072995662689209,0.9989582896232605,0.4052959084510803,0.42929351329803467,0.10719659179449081,0.9952463507652283,0.3929230570793152,0.6104174256324768,-0.05998373031616211,0.9451736807823181,0.4017144739627838,0.6013559103012085,0.14485007524490356,0.3726986050605774,0.40623384714126587,0.8119727969169617,-0.00036877207458019257,0.9759560823440552,0.41152578592300415,0.7830204367637634,0.22639963030815125,0.5991276502609253,0.41888856887817383,0.8415740132331848,0.0003512779367156327,0.955223560333252,0.42297810316085815,0.8124339580535889,0.23094406723976135,0.687175452709198,0.36215275526046753,0.851853609085083,-0.08130795508623123,0.9708600044250488,0.3714126646518707,0.8194373250007629,0.1795906126499176,0.7634600400924683
150,turn,0.369564026594162,0.11282487213611603,-0.06510292738676071,0.9996784925460815,0.3753536343574524,0.09655462205410004,-0.0850934162735939,0.9997079372406006,0.37668782472610474,0.09621672332286835,-0.08512956649065018,0.9997471570968628,0.37809911370277405,0.09583079814910889,-0.08514396846294403,0.9997985363006592,0.3750312924385071,0.09639839828014374,-0.05159971863031387,0.9995558857917786,0.3760961592197418,0.09594857692718506,-0.051557641476392746,0.9994803071022034,0.37739139795303345,0.0953863263130188,-0.05157734081149101,0.9995630383491516,0.38879311084747314,0.1022840216755867,-0.13618557155132294,0.9998108744621277,0.38842299580574036,0.1007501408457756,0.01258916687220335,0.9989936351776123,0.3740180730819702,0.12836433947086334,-0.08091165125370026,0.999728262424469,0.37377873063087463,0.128898024559021,-0.03778306394815445,0.9995313286781311,0.39403650164604187,0.18189164996147156,-0.230021670460701,0.9999927878379822,0.41203364729881287,0.1890934556722641,0.12305732816457748,0.9992640018463135,0.38678640127182007,0.3242587149143219,-0.26536133885383606,0.995495080947876,0.40874558687210083,0.3255278766155243,0.15376612544059753,0.038222089409828186,0.36559268832206726,0.4502561390399933,-0.21295683085918427,0.9811868071556091,0.39063209295272827,0.43165892362594604,0.09790041297674179,0.04541393369436264,0.36091017723083496,0.4835231900215149,-0.2413833886384964,0.9605845808982849,0.38685017824172974,0.46966323256492615,0.10284705460071564,0.05383674055337906,0.3577274978160858,0.48399817943573,-0.23338475823402405,0.9576171040534973,0.3784392178058624,0.47124749422073364,0.06982036679983139,0.05573136359453201,0.3595694899559021,0.4747958779335022,-0.20776288211345673,0.9286088347434998,0.38030073046684265,0.4599042534828186,0.08172976970672607,0.05841450393199921,0.39331215620040894,0.42795926332473755,-0.10738752782344818,0.9989550709724426,0.40524083375930786,0.4292961657047272,0.10728511959314346,0.9952517151832581,0.3928777575492859,0.6102809309959412,-0.05999341607093811,0.945340096950531,0.4016377031803131,0.6013364791870117,0.14494964480400085,0.36935701966285706,0.406181663274765,0.8118571043014526,-0.00023317353043239564,0.9759474396705627,0.41137033700942993,0.7830408811569214,0.22660109400749207,0.5966988205909729,0.4188757836818695,0.8413234949111938,0.0004193521453998983,0.9552062153816223,0.4227772653102875,0.812404215335846,0.2311360090970993,0.6852221488952637,0.36204102635383606,0.8520572185516357,-0.08052852004766464,0.9708537459373474,0.37124255299568176,0.8198797702789307,0.17970958352088928,0.7622315287590027
151,turn,0.36951375007629395,0.11282578855752945,-0.06529293954372406,0.9996719360351562,0.37529081106185913,0.09655927866697311,-0.08530307561159134,0.9997014403343201,0.37662750482559204,0.09622076898813248,-0.08533910661935806,0.9997415542602539,0.37804388999938965,0.09583119302988052,-0.08535362780094147,0.9997939467430115,0.3749612271785736,0.0963989794254303,-0.051799703389406204,0.9995464086532593,0.37602344155311584,0.09594789147377014,-0.051758188754320145,0.9994706511497498,0.37732136249542236,0.09538189321756363,-0.05177901312708855,0.9995559453964233,0.3887612223625183,0.10227486491203308,-0.13653746247291565,0.9998063445091248,0.38837677240371704,0.10072978585958481,0.012307815253734589,0.9989756345748901,0.37397170066833496,0.12836657464504242,-0.08117059618234634,0.9997228980064392,0.3737216591835022,0.1288975328207016,-0.0380241833627224,0.9995236992835999,0.39403045177459717,0.18186414241790771,-0.23016443848609924,0.9999926686286926,0.41196227073669434,0.18908695876598358,0.12241925299167633,0.9992647767066956,0.3866710066795349,0.3242604732513428,-0.2653655707836151,0.9954403042793274,0.40875402092933655,0.325530081987381,0.1530897319316864,0.03820932283997536,0.36551469564437866,0.4506736397743225,-0.21294453740119934,0.980857253074646,0.39072078466415405,0.43222203850746155,0.09691904485225677,0.04553394019603729,0.360840380191803,0.4837425947189331,-0.24136832356452942,0.960017204284668,0.3868457078933716,0.4703103303909302,0.10175788402557373,0.05402829125523567,0.35764384269714355,0.48427248001098633,-0.2333541214466095,0.957014262676239,0.37841683626174927,0.4717760384082794,0.06865128874778748,0.055923692882061005,0.3594890236854553,0.4751259684562683,-0.20773331820964813,0.9277262687683105,0.3803066611289978,0.4603920876979828,0.08073073625564575,0.05861322954297066,0.39325034618377686,0.4279613196849823,-0.10739340633153915,0.9989495277404785,0.4052094519138336,0.4292680025100708,0.1072913184762001,0.9952470660209656,0.39276307821273804,0.610219419002533,-0.05998487025499344,0.9450980424880981,0.4015199542045593,0.6012622714042664,0.14494606852531433,0.3655037581920624,0.4061177670955658,0.811735212802887,-0.0001295153924729675,0.9757522344589233,0.4113570749759674,0.7830415368080139,0.22661669552326202,0.5930269360542297,0.4188428819179535,0.841029942035675,0.0004916377365589142,0.9547982811927795,0.42275363206863403,0.8123066425323486,0.231155663728714,0.6825357675552368,0.3619551956653595,0.8520663976669312,-0.08038045465946198,0.9705975651741028,0.37122684717178345,0.8198983669281006,0.17974776029586792,0.7599003314971924
152,turn,0.3694741129875183,0.11282281577587128,-0.0653112605214119,0.9996691346168518,0.3752385973930359,0.09656122326850891,-0.08532661199569702,0.9996979832649231,0.37657612562179565,0.09622353315353394,-0.08536244928836823,0.999738335609436,0.3779970109462738,0.0958319902420044,-0.0853767916560173,0.999791145324707,0.374904066324234,0.09639860689640045,-0.05185413360595703,0.9995421767234802,0.37596285343170166,0.09594626724720001,-0.051812898367643356,0.9994664788246155,0.3772616684436798,0.09537672251462936,-0.05183393508195877,0.9995532631874084,0.388729989528656,0.10226553678512573,-0.13653747737407684,0.9998035430908203,0.3883190453052521,0.10070640593767166,0.01209875289350748,0.9989691972732544,0.37392863631248474,0.12836521863937378,-0.08117926865816116,0.9997193217277527,0.3736642301082611,0.12889115512371063,-0.03807002305984497,0.999520480632782,0.3940007984638214,0.18186397850513458,-0.23001909255981445,0.9999924898147583,0.41187387704849243,0.18900935351848602,0.12182490527629852,0.999268651008606,0.38653162121772766,0.32426273822784424,-0.2648351490497589,0.9953833818435669,0.40873751044273376,0.32553213834762573,0.15232816338539124,0.03830549865961075,0.365375816822052,0.45110875368118286,-0.2114279717206955,0.9805153012275696,0.390787810087204,0.43253594636917114,0.0965919941663742,0.04569287970662117,0.3607487082481384,0.48396191000938416,-0.2394220381975174,0.959414541721344,0.38684529066085815,0.47064679861068726,0.10152751207351685,0.05422322824597359,0.3575373589992523,0.4845413565635681,-0.23145799338817596,0.9563822150230408,0.37841346859931946,0.4720381796360016,0.0684724822640419,0.05611954256892204,0.359376460313797,0.47542038559913635,-0.20626261830329895,0.9268051385879517,0.3803119659423828,0.46059650182724,0.08045630156993866,0.058813538402318954,0.3930681645870209,0.42792922258377075,-0.1073082908987999,0.9989420175552368,0.40517860651016235,0.42922934889793396,0.10720787942409515,0.9952659010887146,0.39251232147216797,0.6097627282142639,-0.059969715774059296,0.9452439546585083,0.40151137113571167,0.601216197013855,0.14415153861045837,0.36423638463020325,0.40604108572006226,0.8114626407623291,-1.8212936993222684e-05,0.9757249355316162,0.4113379120826721,0.783106803894043,0.2250964194536209,0.5924097895622253,0.4187067449092865,0.8407068848609924,0.0005984214367344975,0.9547455310821533,0.4227101802825928,0.8123398423194885,0.2295266091823578,0.6816095113754272,0.36181017756462097,0.8520914912223816,-0.07984547317028046,0.9705533981323242,0.3712182641029358,0.8201659321784973,0.17797771096229553,0.7593446969985962
153,turn,0.369451105594635,0.11279208958148956,-0.06545020639896393,0.9996652007102966,0.37521788477897644,0.09655287116765976,-0.08545210212469101,0.9996935725212097,0.3765542507171631,0.09621700644493103,-0.08548780530691147,0.9997344613075256,0.37797611951828003,0.09582391381263733,-0.08550209552049637,0.9997879862785339,0.3748795986175537,0.09638489782810211,-0.052053309977054596,0.999535858631134,0.375934898853302,0.09593091905117035,-0.05201239511370659,0.9994595050811768,0.3772318959236145,0.0953565165400505,-0.05203366279602051,0.9995478987693787,0.3887042701244354,0.10225353389978409,-0.13657164573669434,0.9998003244400024,0.3882787525653839,0.10068057477474213,0.011710693128407001,0.9989557862281799,0.3738899827003479,0.12835004925727844,-0.08127442002296448,0.9997151494026184,0.3736148774623871,0.12886624038219452,-0.03825952857732773,0.9995149374008179,0.39396458864212036,0.18180397152900696,-0.23000776767730713,0.9999923706054688,0.41183820366859436,0.18896661698818207,0.12129966169595718,0.9992691278457642,0.3865063786506653,0.3242405354976654,-0.26483088731765747,0.9953600764274597,0.40874332189559937,0.32551300525665283,0.1517985761165619,0.038306474685668945,0.36529621481895447,0.45148134231567383,-0.21145157516002655,0.980396032333374,0.39095622301101685,0.4328344166278839,0.09642447531223297,0.045789312571287155,0.36071914434432983,0.48415112495422363,-0.23943915963172913,0.9592007398605347,0.38685092329978943,0.47087690234184265,0.1014324426651001,0.054371003061532974,0.3575100898742676,0.4847574532032013,-0.23146703839302063,0.9561626315116882,0.37841278314590454,0.4722677767276764,0.06839513033628464,0.05626867339015007,0.35934486985206604,0.47565850615501404,-0.20628602802753448,0.9265018701553345,0.38035064935684204,0.4608568847179413,0.08031189441680908,0.058960627764463425,0.393033504486084,0.42785024642944336,-0.10722605884075165,0.9989393353462219,0.4051756262779236,0.4291189908981323,0.10712643712759018,0.9952847957611084,0.39241379499435425,0.6094804406166077,-0.05994873493909836,0.9452609419822693,0.40148305892944336,0.6009950637817383,0.1439315378665924,0.362658828496933,0.40602096915245056,0.8113200068473816,0.00013526598922908306,0.9756582379341125,0.4113285541534424,0.7830947637557983,0.2249438762664795,0.5914449095726013,0.4186728596687317,0.8405892848968506,0.0008895989740267396,0.9547508358955383,0.4226917326450348,0.8122718930244446,0.22939112782478333,0.6807439923286438,0.3618299067020416,0.852083146572113,-0.07880617678165436,0.9704779386520386,0.3712303936481476,0.8202337622642517,0.17796406149864197,0.7586039304733276
154,turn,0.3694376051425934,0.11279057711362839,-0.06549648940563202,0.9996616244316101,0.37520816922187805,0.09655561298131943,-0.0855284333229065,0.999689519405365,0.37654227018356323,0.09621965885162354,-0.08556462079286575,0.9997310042381287,0.37796396017074585,0.09582411497831345,-0.08557920157909393,0.9997851848602295,0.37486928701400757,0.09638497978448868,-0.052141208201646805,0.9995294809341431,0.375923216342926,0.09593016654253006,-0.052100080996751785,0.9994521141052246,0.3772204518318176,0.09535325318574905,-0.05212118476629257,0.9995418190956116,0.3886863589286804,0.10224667936563492,-0.1366194188594818,0.9997978210449219,0.3882564306259155,0.10066617280244827,0.011619871482253075,0.9989426136016846,0.3738594651222229,0.12834899127483368,-0.08129263669252396,0.9997116327285767,0.37357911467552185,0.1288546621799469,-0.038289155811071396,0.9995102286338806,0.39389684796333313,0.18169549107551575,-0.23000164330005646,0.9999923706054688,0.4117037355899811,0.1888236552476883,0.12134215980768204,0.9992727637290955,0.3864099681377411,0.32415464520454407,-0.2649228572845459,0.9953507781028748,0.4087022840976715,0.32542914152145386,0.15183481574058533,0.038366276770830154,0.3652394115924835,0.45154041051864624,-0.2116076499223709,0.9803253412246704,0.3910210132598877,0.4329543113708496,0.09666318446397781,0.04592891409993172,0.36070460081100464,0.48415789008140564,-0.23959589004516602,0.959077775478363,0.38684889674186707,0.4709629416465759,0.10173337161540985,0.054541245102882385,0.3575018346309662,0.48477044701576233,-0.23163902759552002,0.956041157245636,0.37840911746025085,0.47232434153556824,0.0687308982014656,0.056448232382535934,0.3593354821205139,0.4756709933280945,-0.20644930005073547,0.9263337254524231,0.3803715109825134,0.46093952655792236,0.0805644690990448,0.05912657827138901,0.3929477035999298,0.4278595745563507,-0.10722674429416656,0.9989407062530518,0.40506109595298767,0.42911818623542786,0.10712716728448868,0.9953096508979797,0.3924095332622528,0.6093740463256836,-0.05951567366719246,0.9453405737876892,0.40135806798934937,0.6008182168006897,0.1444067656993866,0.3623088598251343,0.406019389629364,0.8112154006958008,0.00217001186683774,0.9756516814231873,0.4112856388092041,0.7830784916877747,0.22661375999450684,0.5914214253425598,0.41868287324905396,0.8404189944267273,0.0033059779088944197,0.954825222492218,0.42262524366378784,0.8121793270111084,0.23123376071453094,0.6806803345680237,0.3618931174278259,0.8520844578742981,-0.07601585984230042,0.9704951047897339,0.3712380528450012,0.8202330470085144,0.1801745593547821,0.7586833238601685
155,turn,0.3694160580635071,0.11278817802667618,-0.06700236350297928,0.9996597766876221,0.3752032518386841,0.09656877815723419,-0.08696489036083221,0.9996872544288635,0.37653741240501404,0.09623733907938004,-0.08700141310691833,0.9997290968894958,0.3779605031013489,0.09583930671215057,-0.08701729029417038,0.9997837543487549,0.3748522400856018,0.09638793766498566,-0.05363779515028,0.9995266199111938,0.375896155834198,0.09593144804239273,-0.053596675395965576,0.9994487166404724,0.3771815001964569,0.09535190463066101,-0.05361581966280937,0.999538779258728,0.3886722922325134,0.10224229842424393,-0.1371895670890808,0.9997970461845398,0.3881978988647461,0.10065595805644989,0.010849987156689167,0.9989331960678101,0.3737930357456207,0.12834857404232025,-0.08238764852285385,0.9997103810310364,0.37348562479019165,0.1288396716117859,-0.03947239741683006,0.9995084404945374,0.39374637603759766,0.18165336549282074,-0.23055729269981384,0.9999923706054688,0.4115365445613861,0.18878450989723206,0.12130700051784515,0.9992738366127014,0.38634219765663147,0.32415637373924255,-0.26592689752578735,0.9953858256340027,0.4087134897708893,0.325437068939209,0.15185770392417908,0.038293372839689255,0.3651945888996124,0.45177048444747925,-0.2125208079814911,0.9804313778877258,0.39113396406173706,0.43340855836868286,0.09657170623540878,0.04594065248966217,0.3606875240802765,0.48424863815307617,-0.24061770737171173,0.9592342376708984,0.3868458867073059,0.4712405800819397,0.1016140729188919,0.0545763336122036,0.357485830783844,0.48485371470451355,-0.2325311005115509,0.9562084078788757,0.37840840220451355,0.47254252433776855,0.06860204041004181,0.05648775026202202,0.3593223989009857,0.4757494330406189,-0.20728349685668945,0.9265795350074768,0.3804098665714264,0.46122312545776367,0.08045340329408646,0.05916191264986992,0.39287900924682617,0.42789793014526367,-0.10727368295192719,0.9989385008811951,0.4049762785434723,0.4291238486766815,0.10717469453811646,0.9953005909919739,0.39239850640296936,0.6093801856040955,-0.05957302451133728,0.9452898502349854,0.4012852609157562,0.600801944732666,0.1445721983909607,0.35964393615722656,0.406010240316391,0.8112047910690308,0.002087462693452835,0.9754915237426758,0.41124528646469116,0.7830789089202881,0.2266579568386078,0.5888463854789734,0.41869157552719116,0.8404107093811035,0.003235866781324148,0.9546303749084473,0.42261266708374023,0.8121713995933533,0.23126420378684998,0.6793020367622375,0.3619300127029419,0.8520869612693787,-0.07623348385095596,0.9703202247619629,0.37124380469322205,0.8202340006828308,0.18018218874931335,0.7570071816444397
156,turn,0.36931541562080383,0.11279831826686859,-0.06699198484420776,0.9996604323387146,0.37510842084884644,0.09659235179424286,-0.08694086223840714,0.999687671661377,0.3764341473579407,0.09626273810863495,-0.08697722852230072,0.9997295141220093,0.37784543633461,0.09585794061422348,-0.08699297159910202,0.999783992767334,0.3747562766075134,0.09640181809663773,-0.05362732335925102,0.9995269179344177,0.37578675150871277,0.09594229608774185,-0.053586445748806,0.9994488954544067,0.37705129384994507,0.09535618871450424,-0.053605835884809494,0.9995387196540833,0.3885515630245209,0.10223443061113358,-0.13717342913150787,0.999797523021698,0.3880600333213806,0.10064764320850372,0.01085591409355402,0.9989333152770996,0.3736211359500885,0.12835966050624847,-0.08237043768167496,0.9997106790542603,0.3733319938182831,0.1288394033908844,-0.039456985890865326,0.9995092749595642,0.39362114667892456,0.18144884705543518,-0.23053987324237823,0.9999924302101135,0.41150546073913574,0.18877412378787994,0.12132158130407333,0.9992778897285461,0.3861827254295349,0.3239639401435852,-0.2659417986869812,0.9954051375389099,0.4087757170200348,0.3253880739212036,0.15186603367328644,0.03836602717638016,0.3650830388069153,0.45177868008613586,-0.21250760555267334,0.9805045127868652,0.3912017345428467,0.4334435760974884,0.09661157429218292,0.045972563326358795,0.3605976998806,0.4842820167541504,-0.24060353636741638,0.9593530297279358,0.3868475556373596,0.47125616669654846,0.10170195251703262,0.054602332413196564,0.3573686182498932,0.4848903715610504,-0.23252220451831818,0.9563372135162354,0.3784075975418091,0.4725492298603058,0.06869982182979584,0.056513313204050064,0.3592079281806946,0.47575852274894714,-0.20727260410785675,0.9267590045928955,0.3804253041744232,0.4612363278865814,0.08049196749925613,0.059182751923799515,0.3927916884422302,0.4278837740421295,-0.10727270692586899,0.9989430904388428,0.4049416184425354,0.4291064739227295,0.1071738600730896,0.9953198432922363,0.3923717141151428,0.6093509197235107,-0.05946169048547745,0.9454128742218018,0.40121299028396606,0.6007903814315796,0.14474651217460632,0.3596344292163849,0.4059988856315613,0.811185896396637,0.0024661398492753506,0.9754681587219238,0.4112418591976166,0.7830706834793091,0.22699812054634094,0.5888206362724304,0.41864433884620667,0.8404066562652588,0.003681586589664221,0.9547336101531982,0.422593355178833,0.8121098279953003,0.23162832856178284,0.6793562173843384,0.36194875836372375,0.8519741296768188,-0.0756351500749588,0.9703037142753601,0.3712574541568756,0.8202215433120728,0.18073809146881104,0.7567294836044312
157,turn,0.3692876696586609,0.11265691369771957,-0.06709624826908112,0.9996590614318848,0.3750937581062317,0.0964856818318367,-0.08704201877117157,0.9996862411499023,0.37641629576683044,0.09617415815591812,-0.08707825839519501,0.9997283220291138,0.37782347202301025,0.09578308463096619,-0.08709385991096497,0.9997830390930176,0.37474170327186584,0.09627731144428253,-0.05372011661529541,0.9995250105857849,0.3757692575454712,0.09582547098398209,-0.0536792054772377,0.9994471073150635,0.3770287334918976,0.09524831920862198,-0.05369844287633896,0.9995372891426086,0.3885047137737274,0.10221544653177261,-0.13728557527065277,0.9997965693473816,0.38801127672195435,0.10061229765415192,0.010754052549600601,0.998929500579834,0.3735033869743347,0.12827487289905548,-0.08249912410974503,0.9997096061706543,0.373232901096344,0.12873603403568268,-0.0395844504237175,0.9995081424713135,0.3933449387550354,0.18133598566055298,-0.23063421249389648,0.9999923706054688,0.4114243984222412,0.18877004086971283,0.12129198014736176,0.9992799162864685,0.3858506381511688,0.3239589333534241,-0.26598984003067017,0.9953915476799011,0.4087427258491516,0.32538902759552,0.1518861949443817,0.03840356320142746,0.3649809658527374,0.45200327038764954,-0.212541863322258,0.9804097414016724,0.3912273049354553,0.43365195393562317,0.09663131088018417,0.04603452607989311,0.36054521799087524,0.4843765199184418,-0.24063166975975037,0.9591718316078186,0.3868415057659149,0.47133755683898926,0.10172148793935776,0.05468456819653511,0.35732266306877136,0.4849920868873596,-0.23255744576454163,0.956139087677002,0.3783990740776062,0.47263285517692566,0.06871111690998077,0.056594401597976685,0.3591720163822174,0.4758540391921997,-0.20731425285339355,0.9264804720878601,0.3804311156272888,0.4613865315914154,0.08050768822431564,0.059257712215185165,0.3926834762096405,0.42780402302742004,-0.10727282613515854,0.9989423751831055,0.40489235520362854,0.42896488308906555,0.10717397928237915,0.9953259825706482,0.3922445476055145,0.6089985370635986,-0.05940454080700874,0.9452270865440369,0.4011363983154297,0.6005070209503174,0.14491306245326996,0.357622891664505,0.40600284934043884,0.8110662698745728,0.0027689377311617136,0.9752887487411499,0.4112221300601959,0.7830106019973755,0.22746126353740692,0.5864355564117432,0.41865187883377075,0.8403027653694153,0.004032387863844633,0.9545037746429443,0.42258405685424805,0.8118639588356018,0.2321331948041916,0.6779670119285583,0.36214756965637207,0.8518598675727844,-0.07547949254512787,0.970066249370575,0.37134048342704773,0.8201520442962646,0.1813391149044037,0.755081832408905
158,turn,0.3692481815814972,0.11265787482261658,-0.06730812788009644,0.9996547102928162,0.3750602602958679,0.09648726880550385,-0.08730345219373703,0.999681830406189,0.37637749314308167,0.09617521613836288,-0.08733964711427689,0.9997245669364929,0.37777969241142273,0.0957828089594841,-0.08735506236553192,0.9997801184654236,0.37471556663513184,0.09627711772918701,-0.05397757142782211,0.9995182156562805,0.37574338912963867,0.09582410752773285,-0.05393639951944351,0.9994393587112427,0.3770027458667755,0.09524327516555786,-0.053956538438797,0.9995309710502625,0.38845303654670715,0.10221008956432343,-0.13778872787952423,0.9997938275337219,0.38797223567962646,0.10058380663394928,0.01025365386158228,0.9989145994186401,0.37340521812438965,0.12827402353286743,-0.08280685544013977,0.9997058510780334,0.373147189617157,0.12873117625713348,-0.03989112004637718,0.9995025396347046,0.39332059025764465,0.181283637881279,-0.23085908591747284,0.999992311000824,0.4114028513431549,0.1887325495481491,0.12068424373865128,0.9992780685424805,0.38561493158340454,0.3239020109176636,-0.26614242792129517,0.9953857064247131,0.40866565704345703,0.3251887261867523,0.151616171002388,0.038415245711803436,0.36489444971084595,0.45207977294921875,-0.21307572722434998,0.9803779721260071,0.3901446461677551,0.43365478515625,0.09658568352460861,0.046215664595365524,0.3605313003063202,0.484420508146286,-0.24134919047355652,0.9591080546379089,0.3867550194263458,0.4713457226753235,0.10171475261449814,0.05490870401263237,0.3573012053966522,0.48507681488990784,-0.23334042727947235,0.9560717940330505,0.3782666027545929,0.47264564037323,0.06866409629583359,0.056825730949640274,0.3591395318508148,0.4759290814399719,-0.20790541172027588,0.9263964891433716,0.3803104758262634,0.4614000916481018,0.08045949786901474,0.05949530750513077,0.3926314115524292,0.42773446440696716,-0.10717632621526718,0.9989347457885742,0.4047682285308838,0.42882195115089417,0.10707852989435196,0.9953093528747559,0.3921887278556824,0.6086635589599609,-0.05940992385149002,0.9446632266044617,0.40102657675743103,0.6002893447875977,0.14466634392738342,0.3546796143054962,0.4060007929801941,0.8109949827194214,0.0026964370626956224,0.9748797416687012,0.41114869713783264,0.78302001953125,0.22670011222362518,0.5829060673713684,0.4186476767063141,0.8402934670448303,0.003960760310292244,0.9539899230003357,0.4225144386291504,0.811860203742981,0.23131470382213593,0.6755622625350952,0.36220067739486694,0.8517879247665405,-0.07552675902843475,0.9695855975151062,0.3713521957397461,0.8201504349708557,0.18024539947509766,0.7524872422218323
159,turn,0.3692386746406555,0.1125846579670906,-0.06861647218465805,0.9996517300605774,0.3750589191913605,0.09643612802028656,-0.08865328133106232,0.9996785521507263,0.3763744831085205,0.09613105654716492,-0.08868885785341263,0.9997219443321228,0.37777629494667053,0.09574703872203827,-0.08870455622673035,0.9997780919075012,0.3747183680534363,0.09621923416852951,-0.05533558875322342,0.9995134472846985,0.37574878334999084,0.0957670733332634,-0.05529477074742317,0.9994344711303711,0.3770108222961426,0.09518802165985107,-0.055315352976322174,0.9995269775390625,0.3884367346763611,0.10220359265804291,-0.13911770284175873,0.9997919797897339,0.38796770572662354,0.10056571662425995,0.008857949636876583,0.9989043474197388,0.3733321726322174,0.1282310038805008,-0.08412767946720123,0.9997035264968872,0.3730900287628174,0.1286788135766983,-0.04123564437031746,0.9994990229606628,0.39325812458992004,0.18092919886112213,-0.2317470759153366,0.999992311000824,0.4113648533821106,0.18862472474575043,0.1194683089852333,0.9992775917053223,0.3854108154773712,0.32385769486427307,-0.2667589485645294,0.9953980445861816,0.4085349440574646,0.3251247704029083,0.1507701575756073,0.038500893861055374,0.3648093640804291,0.452108770608902,-0.2140127718448639,0.9804099798202515,0.3894435167312622,0.43391409516334534,0.09573337435722351,0.04650312662124634,0.3604685366153717,0.4844469726085663,-0.242450550198555,0.959143340587616,0.386617511510849,0.4715307950973511,0.10070493072271347,0.05524580553174019,0.35723763704299927,0.4851022958755493,-0.234567329287529,0.9561094641685486,0.37810078263282776,0.47275280952453613,0.06752925366163254,0.05717766284942627,0.35908252000808716,0.4759403169155121,-0.2088933289051056,0.9264824986457825,0.3801735043525696,0.461499959230423,0.07958381623029709,0.05984307825565338,0.39252713322639465,0.4277222156524658,-0.10713900625705719,0.9989271759986877,0.40452879667282104,0.42878273129463196,0.10704173892736435,0.9952906966209412,0.3921307921409607,0.6086593866348267,-0.05933643504977226,0.9442020058631897,0.40088310837745667,0.6002901196479797,0.14466768503189087,0.3517346680164337,0.4059925079345703,0.8109243512153625,0.0028103943914175034,0.9745497703552246,0.41104087233543396,0.7830175757408142,0.22670316696166992,0.5795407891273499,0.41862496733665466,0.8400919437408447,0.004073391668498516,0.9535379409790039,0.422367662191391,0.8117465376853943,0.23131711781024933,0.6732870936393738,0.3622875511646271,0.8517839908599854,-0.07556910812854767,0.9692015051841736,0.3713838458061218,0.8201681971549988,0.18018445372581482,0.7503654360771179
160,turn,0.36921027302742004,0.11253770440816879,-0.0693097934126854,0.9996488690376282,0.37505197525024414,0.09641452133655548,-0.08943146467208862,0.9996756911277771,0.37636417150497437,0.09611250460147858,-0.08946684747934341,0.9997194409370422,0.3777645230293274,0.0957305058836937,-0.08948325365781784,0.9997761845588684,0.3747146725654602,0.09619080275297165,-0.056139808148145676,0.9995098114013672,0.3757449984550476,0.09573645889759064,-0.056099940091371536,0.9994306564331055,0.37700676918029785,0.09515317529439926,-0.05612092465162277,0.9995243549346924,0.38839536905288696,0.10219871997833252,-0.1399351805448532,0.9997902512550354,0.3879379630088806,0.10052859038114548,0.00792989507317543,0.9988992214202881,0.3732265830039978,0.12819015979766846,-0.08478878438472748,0.9997014403343201,0.3729909062385559,0.1286269873380661,-0.041927289217710495,0.999496579170227,0.3932251036167145,0.18090790510177612,-0.23196367919445038,0.9999922513961792,0.411274254322052,0.1884659081697464,0.11864069849252701,0.9992802143096924,0.3852652311325073,0.32385754585266113,-0.266746461391449,0.9953710436820984,0.40829864144325256,0.32512351870536804,0.14999277889728546,0.03869058936834335,0.36463606357574463,0.4521583020687103,-0.21364836394786835,0.9802014827728271,0.38862907886505127,0.4342906177043915,0.09523466974496841,0.04685710370540619,0.3603855073451996,0.48448073863983154,-0.2418888360261917,0.9587410092353821,0.38629958033561707,0.4716717600822449,0.10011519491672516,0.05562710389494896,0.3571675717830658,0.48513510823249817,-0.2341737449169159,0.9556811451911926,0.37777432799339294,0.4728383719921112,0.06705917418003082,0.05757352337241173,0.3590012788772583,0.47596096992492676,-0.20856699347496033,0.9258996844291687,0.37983712553977966,0.46161359548568726,0.07914118468761444,0.060227170586586,0.3923795223236084,0.4277362823486328,-0.1070801392197609,0.9989205002784729,0.4042767882347107,0.4287835359573364,0.10698264837265015,0.9952890276908875,0.3920455276966095,0.6087038516998291,-0.05892890691757202,0.9437828063964844,0.4007764756679535,0.6003112196922302,0.1447015106678009,0.3497966527938843,0.40599045157432556,0.8109096884727478,0.0039824144914746284,0.9743018746376038,0.41103214025497437,0.7830196022987366,0.2270587682723999,0.5775098204612732,0.41862422227859497,0.8400656580924988,0.005333392880856991,0.9532080888748169,0.4223540723323822,0.8117346167564392,0.23172493278980255,0.6721788644790649,0.36228951811790466,0.8517817258834839,-0.07450638711452484,0.9688990116119385,0.37138503789901733,0.8201759457588196,0.18059271574020386,0.7489952445030212
161,turn,0.3691590428352356,0.11238492280244827,-0.06934986263513565,0.9996458888053894,0.3750251233577728,0.09628443419933319,-0.08946609497070312,0.9996724128723145,0.3763323426246643,0.09599118679761887,-0.0895012766122818,0.9997166395187378,0.3777284026145935,0.09562068432569504,-0.08951739221811295,0.9997740983963013,0.37469354271888733,0.09605597704648972,-0.05620313435792923,0.9995046854019165,0.37572240829467773,0.09560760110616684,-0.056163351982831955,0.9994248151779175,0.37698042392730713,0.09503023326396942,-0.05618417263031006,0.9995202422142029,0.3883137106895447,0.10212729871273041,-0.13998302817344666,0.999788224697113,0.3878744840621948,0.10041005909442902,0.007770752999931574,0.9988894462585449,0.37310099601745605,0.12804704904556274,-0.08482526242733002,0.9996988773345947,0.37287768721580505,0.12848256528377533,-0.04199504852294922,0.9994931221008301,0.3931095004081726,0.18081174790859222,-0.2319449633359909,0.9999921917915344,0.41117948293685913,0.18834927678108215,0.11840099096298218,0.9992835521697998,0.38494664430618286,0.3238409757614136,-0.26673728227615356,0.9953558444976807,0.408118337392807,0.32512104511260986,0.1498621255159378,0.038978174328804016,0.3644034266471863,0.45220062136650085,-0.21371833980083466,0.9800483584403992,0.38822877407073975,0.4345664083957672,0.09527556598186493,0.04727313295006752,0.36022260785102844,0.4845290780067444,-0.24188844859600067,0.9584506154060364,0.3861899673938751,0.4717613160610199,0.1001625657081604,0.056060902774333954,0.35704392194747925,0.48521682620048523,-0.23420698940753937,0.9553791880607605,0.37766003608703613,0.47292861342430115,0.0671299397945404,0.05802591145038605,0.35886311531066895,0.476020485162735,-0.20866286754608154,0.9254992604255676,0.3797542452812195,0.4617333710193634,0.07918743789196014,0.06065952032804489,0.3921700417995453,0.4277035892009735,-0.10706938803195953,0.9989176392555237,0.4039614796638489,0.42867860198020935,0.10697142779827118,0.99530428647995,0.39196574687957764,0.6087036728858948,-0.05892445892095566,0.9435065984725952,0.4006420075893402,0.6002654433250427,0.14467979967594147,0.34852200746536255,0.4060138761997223,0.8108388185501099,0.004113118164241314,0.9741360545158386,0.4110240042209625,0.7829172611236572,0.22705915570259094,0.5763027667999268,0.41875559091567993,0.839982271194458,0.005494673736393452,0.9528305530548096,0.42235255241394043,0.8116421103477478,0.2317250519990921,0.6714026927947998,0.3624266982078552,0.8518008589744568,-0.07451098412275314,0.9687345623970032,0.3714599311351776,0.8201762437820435,0.1805279403924942,0.7483145594596863
162,turn,0.3691253066062927,0.11217372864484787,-0.06925954669713974,0.9996427893638611,0.3750114142894745,0.09604491293430328,-0.08936722576618195,0.9996690154075623,0.37631312012672424,0.09576288610696793,-0.08940251171588898,0.999713659286499,0.3777036666870117,0.09541022032499313,-0.08941860496997833,0.9997717142105103,0.3746888339519501,0.09581348299980164,-0.05611513927578926,0.9994995594024658,0.3757191598415375,0.09537413716316223,-0.05607553571462631,0.9994189143180847,0.37697821855545044,0.09480893611907959,-0.05609652400016785,0.9995157122612,0.38824740052223206,0.10200073570013046,-0.13989023864269257,0.999785840511322,0.38785237073898315,0.10023482888936996,0.007846846245229244,0.9988783597946167,0.37302619218826294,0.12785455584526062,-0.08472190797328949,0.999695897102356,0.37282752990722656,0.12830060720443726,-0.041900064796209335,0.9994890093803406,0.3929300904273987,0.18074969947338104,-0.2317216843366623,0.9999920725822449,0.4111504554748535,0.18827547132968903,0.11846520751714706,0.9992831349372864,0.3847346305847168,0.3238108456134796,-0.2664775848388672,0.9953076839447021,0.40809473395347595,0.325121134519577,0.14988671243190765,0.03899577260017395,0.3643649220466614,0.4521387815475464,-0.21309511363506317,0.979812502861023,0.3890954256057739,0.4345298707485199,0.09550784528255463,0.04727661982178688,0.36020591855049133,0.4845300316810608,-0.24090537428855896,0.9580382704734802,0.3863019347190857,0.47162318229675293,0.10040311515331268,0.056060951203107834,0.35703811049461365,0.48522987961769104,-0.23328809440135956,0.9549480080604553,0.3777221739292145,0.47284165024757385,0.0675349235534668,0.05803120881319046,0.358850359916687,0.47602877020835876,-0.20805732905864716,0.9248870611190796,0.379946768283844,0.4616488516330719,0.07946857064962387,0.0606551431119442,0.3920603394508362,0.4276347756385803,-0.10705821216106415,0.9989144802093506,0.4038923680782318,0.42853423953056335,0.10695978254079819,0.9953143000602722,0.39192453026771545,0.6085402369499207,-0.05789351463317871,0.9437462687492371,0.4005804657936096,0.6001240015029907,0.14487238228321075,0.34956344962120056,0.40604743361473083,0.8107452988624573,0.006714708171784878,0.9742578864097595,0.4110192656517029,0.782867431640625,0.2284131795167923,0.5780284404754639,0.41884928941726685,0.8399212956428528,0.00825497042387724,0.9527639746665955,0.42236781120300293,0.8116296529769897,0.23319387435913086,0.6723320484161377,0.36253419518470764,0.8518313765525818,-0.0724530965089798,0.9688904285430908,0.37147438526153564,0.8201673626899719,0.181619793176651,0.7496257424354553
163,turn,0.3690478205680847,0.11176986992359161,-0.0718858391046524,0.9996461868286133,0.37496864795684814,0.09559039771556854,-0.0919945016503334,0.9996715784072876,0.3762670159339905,0.09533634036779404,-0.0920267328619957,0.9997162222862244,0.37765195965766907,0.09502945095300674,-0.09204162657260895,0.9997736215591431,0.3746485114097595,0.09537927061319351,-0.05859939381480217,0.999504029750824,0.37567272782325745,0.09497492015361786,-0.05856041982769966,0.9994252324104309,0.3769179880619049,0.09445170313119888,-0.05858094245195389,0.9995209574699402,0.3881659209728241,0.10183971375226974,-0.14237061142921448,0.999787449836731,0.3877674341201782,0.10003712028265,0.00592513382434845,0.9988893270492554,0.37286850810050964,0.12758533656597137,-0.08737200498580933,0.9996986985206604,0.3726823627948761,0.12804529070854187,-0.044388752430677414,0.9994945526123047,0.3927992284297943,0.18074607849121094,-0.23389525711536407,0.9999920129776001,0.4108904004096985,0.18826666474342346,0.11715944111347198,0.9992870688438416,0.3845859169960022,0.32382214069366455,-0.267730176448822,0.9953033924102783,0.4076029360294342,0.32511866092681885,0.1492633819580078,0.03922111168503761,0.3641397953033447,0.45213454961776733,-0.21499626338481903,0.9798125624656677,0.3883975148200989,0.4345628619194031,0.09439285099506378,0.04793675243854523,0.3600229024887085,0.48453548550605774,-0.2433091104030609,0.9580582976341248,0.3858600854873657,0.47152942419052124,0.09916812181472778,0.056814078241586685,0.3568902313709259,0.48523402214050293,-0.23586902022361755,0.9549777507781982,0.3773462176322937,0.4727369546890259,0.06597249954938889,0.05882050469517708,0.35868310928344727,0.4760306775569916,-0.21006178855895996,0.9249572157859802,0.37855780124664307,0.4615745544433594,0.07826563715934753,0.061444949358701706,0.39196527004241943,0.42759326100349426,-0.10706597566604614,0.9989126324653625,0.40367284417152405,0.42840003967285156,0.10696736723184586,0.9953311681747437,0.39190173149108887,0.6084514260292053,-0.05816124752163887,0.9440242052078247,0.40057286620140076,0.600104808807373,0.1449003517627716,0.349149614572525,0.40604838728904724,0.8107398748397827,0.005943728145211935,0.9744967222213745,0.4110226035118103,0.782852828502655,0.22835326194763184,0.578967809677124,0.41887521743774414,0.8399652242660522,0.007363269571214914,0.9528828263282776,0.4223969578742981,0.8116465210914612,0.23308774828910828,0.6725237369537354,0.36251431703567505,0.8519255518913269,-0.07432972639799118,0.9691579937934875,0.3714180588722229,0.8201684951782227,0.18120363354682922,0.7509440183639526
164,turn,0.36894866824150085,0.11151890456676483,-0.07227305322885513,0.9996481537818909,0.37490716576576233,0.09524162113666534,-0.09238772094249725,0.9996727108955383,0.37620389461517334,0.09499898552894592,-0.09241946786642075,0.9997175931930542,0.37758147716522217,0.0947122573852539,-0.09243393689393997,0.9997744560241699,0.3745897710323334,0.09505512565374374,-0.058968961238861084,0.9995059370994568,0.3756098747253418,0.09467725455760956,-0.05892994999885559,0.9994288682937622,0.37684398889541626,0.09418545663356781,-0.058951131999492645,0.9995239973068237,0.38805249333381653,0.10162965208292007,-0.14285103976726532,0.9997879266738892,0.3876740336418152,0.09986267983913422,0.005549105815589428,0.998894214630127,0.37271180748939514,0.12740454077720642,-0.08781187236309052,0.9997003078460693,0.3725530505180359,0.12788918614387512,-0.04480509087443352,0.9994977116584778,0.3926703631877899,0.1805494874715805,-0.23442327976226807,0.9999920129776001,0.41079768538475037,0.18826234340667725,0.11661325395107269,0.9992902278900146,0.3844866156578064,0.32378295063972473,-0.26795095205307007,0.9952957630157471,0.4073866903781891,0.32514217495918274,0.14866235852241516,0.039299726486206055,0.3640485107898712,0.45212963223457336,-0.2153613269329071,0.9797466993331909,0.38834109902381897,0.43456438183784485,0.09330865740776062,0.04829562455415726,0.35994192957878113,0.4845435619354248,-0.24381987750530243,0.9579682946205139,0.3858221769332886,0.4712701439857483,0.09794095903635025,0.05726728215813637,0.35681846737861633,0.4852427542209625,-0.23638510704040527,0.9548845291137695,0.3772642910480499,0.47254371643066406,0.06454577296972275,0.059297122061252594,0.3586016893386841,0.4760380685329437,-0.21044321358203888,0.9248483777046204,0.37859687209129333,0.4614573121070862,0.0771092027425766,0.06193076819181442,0.39183148741722107,0.4273748993873596,-0.1071227639913559,0.9989160895347595,0.403540700674057,0.4282211661338806,0.10702376067638397,0.995344340801239,0.3918103575706482,0.6084390878677368,-0.05858956649899483,0.9442554116249084,0.4005657732486725,0.6001012921333313,0.14492610096931458,0.34760650992393494,0.40604367852211,0.8107460737228394,0.004159501753747463,0.9747016429901123,0.41110920906066895,0.7828104496002197,0.22824744880199432,0.5790727734565735,0.41891366243362427,0.8401784896850586,0.005383503623306751,0.9529043436050415,0.42265215516090393,0.8116541504859924,0.23294183611869812,0.672440767288208,0.36249247193336487,0.8520028591156006,-0.07659784704446793,0.9693882465362549,0.371440589427948,0.8200894594192505,0.1810108721256256,0.7517473697662354
165,turn,0.3688855469226837,0.1113116443157196,-0.07207833230495453,0.9996509552001953,0.37488529086112976,0.09504268318414688,-0.09220137447118759,0.9996747374534607,0.3761785626411438,0.09481430798768997,-0.09223365783691406,0.9997196197509766,0.3775492012500763,0.0945480540394783,-0.09224806725978851,0.9997759461402893,0.3745700716972351,0.09486398845911026,-0.05880247801542282,0.9995094537734985,0.375589519739151,0.09450417757034302,-0.058763373643159866,0.999433696269989,0.3768194913864136,0.09403329342603683,-0.05878431349992752,0.9995278120040894,0.3879254460334778,0.1015855148434639,-0.1426192820072174,0.9997892379760742,0.38760000467300415,0.09981100261211395,0.0057028415612876415,0.9989027380943298,0.37257280945777893,0.12724745273590088,-0.08757846057415009,0.9997026324272156,0.37243208289146423,0.12774623930454254,-0.044594794511795044,0.9995018243789673,0.3921772539615631,0.1802336871623993,-0.2342832088470459,0.9999920725822449,0.4106172025203705,0.1882620006799698,0.11674904823303223,0.9992944002151489,0.3842706084251404,0.32375282049179077,-0.2679298520088196,0.9952904582023621,0.4073501527309418,0.3251662254333496,0.14867685735225677,0.039404597133398056,0.3639185428619385,0.45212864875793457,-0.21531882882118225,0.9796687364578247,0.3886781334877014,0.4346354603767395,0.0934259369969368,0.04832714796066284,0.35985079407691956,0.48454907536506653,-0.24370995163917542,0.9578333497047424,0.38580673933029175,0.4712066948413849,0.09808669984340668,0.0572827123105526,0.35675695538520813,0.48524823784828186,-0.23635725677013397,0.9547338485717773,0.3772299289703369,0.472442626953125,0.0647394210100174,0.05931312218308449,0.35853326320648193,0.47603699564933777,-0.21042132377624512,0.924638032913208,0.3786108195781708,0.461372047662735,0.07724195718765259,0.06191663444042206,0.39156416058540344,0.4274473488330841,-0.10713471472263336,0.998913049697876,0.40334373712539673,0.42828479409217834,0.10703519731760025,0.995323657989502,0.39174342155456543,0.60877525806427,-0.05831635743379593,0.944272518157959,0.40055984258651733,0.6002511978149414,0.14506691694259644,0.34806135296821594,0.4059980809688568,0.8108717203140259,0.004266378469765186,0.9748186469078064,0.4112299978733063,0.7826849818229675,0.2284482717514038,0.580086350440979,0.41887417435646057,0.8406328558921814,0.00544365681707859,0.9529076814651489,0.42279940843582153,0.8116483688354492,0.2331429272890091,0.6735650897026062,0.362446129322052,0.8520047664642334,-0.07657720148563385,0.9695160388946533,0.3715049624443054,0.8198487758636475,0.1815137267112732,0.7528541088104248
166,turn,0.3687266409397125,0.1113092452287674,-0.07110268622636795,0.9996515512466431,0.37477681040763855,0.0950290709733963,-0.0912666916847229,0.9996746182441711,0.3760639727115631,0.094798743724823,-0.09129997342824936,0.9997196793556213,0.3774213492870331,0.09453022480010986,-0.09131424129009247,0.9997759461402893,0.3744843900203705,0.09484776109457016,-0.057877011597156525,0.9995089769363403,0.37550896406173706,0.09448558837175369,-0.05783752724528313,0.9994333386421204,0.37673625349998474,0.09401249140501022,-0.057858657091856,0.999527633190155,0.3877433240413666,0.10156939923763275,-0.14169824123382568,0.9997891783714294,0.38747990131378174,0.09980063885450363,0.0065795243717730045,0.9989016056060791,0.3724079728126526,0.12722748517990112,-0.08653311431407928,0.9997032880783081,0.37229299545288086,0.12773790955543518,-0.043568238615989685,0.9995028376579285,0.39172452688217163,0.17973868548870087,-0.2336004227399826,0.9999921321868896,0.4105333387851715,0.18824821710586548,0.11742132902145386,0.9992982745170593,0.38405337929725647,0.3236643671989441,-0.2677125334739685,0.995293915271759,0.40734797716140747,0.325205534696579,0.14887593686580658,0.03948742151260376,0.36380669474601746,0.4520087242126465,-0.2153037041425705,0.9795862436294556,0.3890548348426819,0.43451738357543945,0.09381522238254547,0.04807921126484871,0.359762042760849,0.4845236539840698,-0.2436852753162384,0.9576746821403503,0.38581305742263794,0.4708268940448761,0.0984661728143692,0.056976351886987686,0.3567020297050476,0.485224187374115,-0.23628969490528107,0.9545549750328064,0.3772263526916504,0.4719409644603729,0.0653824657201767,0.05899793654680252,0.35847291350364685,0.4759703278541565,-0.21038833260536194,0.9243583083152771,0.3786584138870239,0.460793137550354,0.07769559323787689,0.0615878626704216,0.39140942692756653,0.42744728922843933,-0.10713869333267212,0.9989112615585327,0.40327033400535583,0.42828232049942017,0.10703899711370468,0.9953043460845947,0.39172130823135376,0.6093801856040955,-0.05807077884674072,0.9441303610801697,0.4005538821220398,0.6006165742874146,0.145084410905838,0.34785956144332886,0.4059451222419739,0.8110880255699158,0.004373661708086729,0.9747498631477356,0.4112827181816101,0.7826787233352661,0.22852668166160583,0.5797277688980103,0.41885557770729065,0.841002881526947,0.0055277468636631966,0.9526853561401367,0.42288103699684143,0.8116739988327026,0.23322805762290955,0.6735408902168274,0.3623369038105011,0.8520887494087219,-0.07656195759773254,0.9694359302520752,0.3715151250362396,0.819783091545105,0.18155740201473236,0.7526333928108215
167,turn,0.36851412057876587,0.11114703118801117,-0.07084675133228302,0.9996531009674072,0.37462225556373596,0.0948660671710968,-0.09094554930925369,0.999675452709198,0.3759033977985382,0.0946427583694458,-0.09097903966903687,0.9997205138206482,0.3772438168525696,0.09438618272542953,-0.09099318087100983,0.9997766017913818,0.3743661344051361,0.09468500316143036,-0.057576317340135574,0.9995101690292358,0.3754017651081085,0.0943286344408989,-0.05753651261329651,0.9994351267814636,0.3766300082206726,0.0938669964671135,-0.057557087391614914,0.9995288848876953,0.3874701261520386,0.1014934852719307,-0.14108207821846008,0.9997897148132324,0.3873155415058136,0.09974484890699387,0.007051265798509121,0.9989035725593567,0.3721906542778015,0.12706314027309418,-0.08616877347230911,0.9997048377990723,0.372109979391098,0.12761659920215607,-0.043241504579782486,0.9995052218437195,0.3910136818885803,0.17931382358074188,-0.2335275113582611,0.9999922513961792,0.41027599573135376,0.18823087215423584,0.11827190965414047,0.9993014931678772,0.38388341665267944,0.3236013352870941,-0.26780468225479126,0.9953019022941589,0.40743488073349,0.325274258852005,0.14929430186748505,0.039446208626031876,0.36371320486068726,0.45196202397346497,-0.2156536877155304,0.9795569777488708,0.3896934390068054,0.4345114529132843,0.09411386400461197,0.04771465063095093,0.359669029712677,0.48452726006507874,-0.24407470226287842,0.9576166272163391,0.3858914375305176,0.47073042392730713,0.0988115444779396,0.05656393989920616,0.356597363948822,0.48522791266441345,-0.2364843636751175,0.954484760761261,0.3772321939468384,0.47185805439949036,0.06582780927419662,0.05856559798121452,0.3583809435367584,0.4759613573551178,-0.2106713354587555,0.9242188930511475,0.37877655029296875,0.4606866240501404,0.07799801230430603,0.061148032546043396,0.39126676321029663,0.4274546802043915,-0.10735605657100677,0.9989160895347595,0.40326008200645447,0.4282803535461426,0.10725437104701996,0.995299220085144,0.3915630877017975,0.6094311475753784,-0.057996075600385666,0.9444303512573242,0.40055036544799805,0.6006746292114258,0.14589504897594452,0.3478846848011017,0.4059426784515381,0.8112057447433472,0.004380847327411175,0.9749448895454407,0.4113600254058838,0.782672643661499,0.22998221218585968,0.580263614654541,0.41885948181152344,0.8412150740623474,0.005528836511075497,0.9528325796127319,0.42302146553993225,0.8116788864135742,0.23473457992076874,0.6741234064102173,0.36229822039604187,0.8523362278938293,-0.07665297389030457,0.969657301902771,0.37158817052841187,0.8197906613349915,0.18322142958641052,0.7533986568450928
168,turn,0.368440181016922,0.1111019104719162,-0.07081110775470734,0.9996570944786072,0.374595582485199,0.09483949840068817,-0.09092115610837936,0.9996791481971741,0.37586814165115356,0.09461420774459839,-0.09095458686351776,0.9997237324714661,0.3771956264972687,0.09435653686523438,-0.09096799045801163,0.9997789859771729,0.3743482828140259,0.09465178102254868,-0.05755900591611862,0.9995162487030029,0.3753854036331177,0.09428910166025162,-0.05751911550760269,0.9994419813156128,0.3766108751296997,0.09382221102714539,-0.05753987282514572,0.9995341300964355,0.3873313069343567,0.10145097225904465,-0.14058992266654968,0.9997917413711548,0.38721996545791626,0.09971322864294052,0.007315188646316528,0.998914897441864,0.37209028005599976,0.12698961794376373,-0.0860462635755539,0.9997075796127319,0.3720209300518036,0.12756136059761047,-0.04316418617963791,0.9995105862617493,0.3906990885734558,0.17914758622646332,-0.23314419388771057,0.9999922513961792,0.4102332592010498,0.1881875991821289,0.11857929080724716,0.999304473400116,0.3835907280445099,0.3235766589641571,-0.2677796483039856,0.9953050017356873,0.4074336588382721,0.3252781629562378,0.1493563950061798,0.03949343040585518,0.3635711967945099,0.45196935534477234,-0.2155897319316864,0.9795790314674377,0.3905382454395294,0.4344758689403534,0.09415163099765778,0.04754994809627533,0.3596116602420807,0.4845680594444275,-0.24399419128894806,0.9576589465141296,0.3861088156700134,0.4705829322338104,0.09884472191333771,0.05637677386403084,0.35655921697616577,0.48528382182121277,-0.23642385005950928,0.954520583152771,0.37733107805252075,0.4717545807361603,0.0658443421125412,0.05836832895874977,0.3583374619483948,0.47598540782928467,-0.21060845255851746,0.9242358207702637,0.3791067898273468,0.46057388186454773,0.078035369515419,0.0609254352748394,0.3910056948661804,0.4273599088191986,-0.10735654830932617,0.9989170432090759,0.4032583236694336,0.42817437648773193,0.10725494474172592,0.9952925443649292,0.3910900950431824,0.6091057062149048,-0.057996828109025955,0.9448875188827515,0.40055689215660095,0.6005117893218994,0.14579614996910095,0.35066622495651245,0.40593618154525757,0.8112062215805054,0.004155061207711697,0.9752395153045654,0.4115789830684662,0.7825981974601746,0.2293761670589447,0.5838788747787476,0.41885390877723694,0.8414604067802429,0.0052426825277507305,0.9533242583274841,0.423358678817749,0.8116904497146606,0.23404566943645477,0.6768673658370972,0.36224767565727234,0.8523322343826294,-0.07694120705127716,0.9700276851654053,0.3717806339263916,0.8191749453544617,0.1826358288526535,0.7557119727134705
169,turn,0.36827903985977173,0.11110656708478928,-0.07075057923793793,0.999657154083252,0.37448737025260925,0.09485191851854324,-0.09085880219936371,0.9996790885925293,0.37575605511665344,0.09462291747331619,-0.09089231491088867,0.9997240900993347,0.3770785927772522,0.09435964375734329,-0.09090573340654373,0.9997790455818176,0.37426045536994934,0.09465711563825607,-0.0575019046664238,0.9995153546333313,0.3753066658973694,0.09428875148296356,-0.057462017983198166,0.999441385269165,0.3765360713005066,0.09381675720214844,-0.057482682168483734,0.9995333552360535,0.3871658444404602,0.10144065320491791,-0.14057980477809906,0.9997918605804443,0.38711056113243103,0.09969969838857651,0.007336307317018509,0.9989136457443237,0.3719594180583954,0.12698593735694885,-0.08599209040403366,0.9997080564498901,0.37190699577331543,0.1275583952665329,-0.043111227452754974,0.9995113015174866,0.3905743956565857,0.17913401126861572,-0.23315584659576416,0.9999923706054688,0.4101525843143463,0.1881820410490036,0.11859303712844849,0.9993098378181458,0.3834889233112335,0.32359549403190613,-0.26789650321006775,0.9953268766403198,0.4073021411895752,0.3254571855068207,0.1494244635105133,0.039554331451654434,0.3633396029472351,0.45201563835144043,-0.2156428098678589,0.9795673489570618,0.39052900671958923,0.4347354471683502,0.09429243206977844,0.04735110327601433,0.35944947600364685,0.4846862256526947,-0.24397294223308563,0.9576575756072998,0.3860991299152374,0.470602422952652,0.09899754822254181,0.05616001412272453,0.3563772141933441,0.48544198274612427,-0.23637881875038147,0.9545229077339172,0.37729209661483765,0.4718154966831207,0.06612254679203033,0.05814168602228165,0.3581363260746002,0.476098895072937,-0.21063408255577087,0.9242150187492371,0.3791283667087555,0.46064284443855286,0.07821567356586456,0.06065592169761658,0.39075204730033875,0.4273683726787567,-0.10751713812351227,0.998925507068634,0.4031030237674713,0.4281741976737976,0.10741440951824188,0.9953085780143738,0.3910394608974457,0.6091618537902832,-0.05798562616109848,0.9454430341720581,0.4005371034145355,0.6005491614341736,0.1461615264415741,0.35226038098335266,0.40593379735946655,0.8112558722496033,0.004152707755565643,0.9756149053573608,0.41164731979370117,0.7825024724006653,0.23025698959827423,0.5864251255989075,0.41885942220687866,0.841670036315918,0.00524176238104701,0.9537608623504639,0.42353004217147827,0.8116565346717834,0.2350095510482788,0.6787452697753906,0.36220020055770874,0.8525059819221497,-0.07695533335208893,0.9704806208610535,0.37182557582855225,0.819197952747345,0.1837158501148224,0.7578431963920593
