frame,activity,l0_x,l0_y,l0_z,l0_v,l1_x,l1_y,l1_z,l1_v,l2_x,l2_y,l2_z,l2_v,l3_x,l3_y,l3_z,l3_v,l4_x,l4_y,l4_z,l4_v,l5_x,l5_y,l5_z,l5_v,l6_x,l6_y,l6_z,l6_v,l7_x,l7_y,l7_z,l7_v,l8_x,l8_y,l8_z,l8_v,l9_x,l9_y,l9_z,l9_v,l10_x,l10_y,l10_z,l10_v,l11_x,l11_y,l11_z,l11_v,l12_x,l12_y,l12_z,l12_v,l13_x,l13_y,l13_z,l13_v,l14_x,l14_y,l14_z,l14_v,l15_x,l15_y,l15_z,l15_v,l16_x,l16_y,l16_z,l16_v,l17_x,l17_y,l17_z,l17_v,l18_x,l18_y,l18_z,l18_v,l19_x,l19_y,l19_z,l19_v,l20_x,l20_y,l20_z,l20_v,l21_x,l21_y,l21_z,l21_v,l22_x,l22_y,l22_z,l22_v,l23_x,l23_y,l23_z,l23_v,l24_x,l24_y,l24_z,l24_v,l25_x,l25_y,l25_z,l25_v,l26_x,l26_y,l26_z,l26_v,l27_x,l27_y,l27_z,l27_v,l28_x,l28_y,l28_z,l28_v,l29_x,l29_y,l29_z,l29_v,l30_x,l30_y,l30_z,l30_v,l31_x,l31_y,l31_z,l31_v,l32_x,l32_y,l32_z,l32_v
0,turn,0.42265814542770386,0.23402132093906403,-0.2336694747209549,0.9885962605476379,0.42271003127098083,0.22492051124572754,-0.22247938811779022,0.9766845703125,0.4248977601528168,0.2251521795988083,-0.2224545180797577,0.9754644632339478,0.42665916681289673,0.2255798727273941,-0.22243666648864746,0.9796975255012512,0.4173659682273865,0.2257787138223648,-0.22297152876853943,0.984711766242981,0.41556161642074585,0.22656263411045074,-0.22300371527671814,0.9864469766616821,0.4139552712440491,0.2273816615343094,-0.22300215065479279,0.9886800050735474,0.4295465052127838,0.23304542899131775,-0.14650081098079681,0.9463430047035217,0.40971049666404724,0.23365972936153412,-0.15692511200904846,0.9870264530181885,0.4248266816139221,0.24612441658973694,-0.20515522360801697,0.9826092720031738,0.41938701272010803,0.24718216061592102,-0.20647665858268738,0.9911438226699829,0.44905057549476624,0.29279881715774536,-0.09477915614843369,0.9918184876441956,0.3940393328666687,0.2988039553165436,-0.09747909754514694,0.9998596906661987,0.4648120403289795,0.37294164299964905,-0.06490062177181244,0.11737228184938431,0.3879266083240509,0.37806352972984314,-0.06449848413467407,0.9810296297073364,0.4544980525970459,0.43828344345092773,-0.12522220611572266,0.13872301578521729,0.39599940180778503,0.44025593996047974,-0.1235833540558815,0.9507983326911926,0.4511992931365967,0.46278735995292664,-0.14761027693748474,0.1490418016910553,0.40131884813308716,0.4603000581264496,-0.14268404245376587,0.920047402381897,0.4472360610961914,0.459077924489975,-0.16475807130336761,0.15095879137516022,0.40488624572753906,0.4532875120639801,-0.1621987521648407,0.9122808575630188,0.4467969536781311,0.4521447420120239,-0.13289380073547363,0.1518748551607132,0.4042033553123474,0.4468580484390259,-0.13242527842521667,0.8658837676048279,0.43906670808792114,0.45265892148017883,0.0034900126047432423,0.9825712442398071,0.4091763496398926,0.4489468038082123,-0.0035138516686856747,0.990736722946167,0.43521571159362793,0.5666601657867432,0.014247630722820759,0.3442017436027527,0.41095009446144104,0.5706775784492493,0.004214940592646599,0.9233716130256653,0.431302011013031,0.6768398284912109,0.09903060644865036,0.4820713698863983,0.41058844327926636,0.6808658242225647,0.09503613412380219,0.9330810308456421,0.42841190099716187,0.6922028660774231,0.10276659578084946,0.6124120354652405,0.40947794914245605,0.6960256695747375,0.0988750159740448,0.888907253742218,0.442647784948349,0.7145355939865112,0.0278512891381979,0.6872627139091492,0.4026997685432434,0.7210289239883423,0.018291428685188293,0.9187527894973755
1,turn,0.42265209555625916,0.23945938050746918,-0.20162680745124817,0.9897355437278748,0.42403411865234375,0.23127023875713348,-0.19261226058006287,0.9790119528770447,0.4265904426574707,0.23126061260700226,-0.19257910549640656,0.9779130816459656,0.4288957118988037,0.2312910109758377,-0.19254909455776215,0.9817226529121399,0.4179152846336365,0.23214775323867798,-0.19232992827892303,0.9862374067306519,0.415963351726532,0.23266535997390747,-0.19234943389892578,0.987798810005188,0.41429266333580017,0.23321688175201416,-0.19233718514442444,0.9898086190223694,0.4327431321144104,0.23637112975120544,-0.1269257366657257,0.9516927003860474,0.41198840737342834,0.23959840834140778,-0.12714287638664246,0.9883155226707458,0.42568308115005493,0.2508520483970642,-0.17679545283317566,0.984345018863678,0.41941148042678833,0.2520507872104645,-0.17712190747261047,0.9920268058776855,0.45230451226234436,0.2991116940975189,-0.07434643805027008,0.9926238059997559,0.3966119885444641,0.30403295159339905,-0.07754850387573242,0.9998680353164673,0.4667689800262451,0.3738592863082886,-0.03667553514242172,0.20476564764976501,0.38586628437042236,0.37931475043296814,-0.05000155046582222,0.9819538593292236,0.459205687046051,0.43827399611473083,-0.085775226354599,0.22333954274654388,0.3942086100578308,0.43614116311073303,-0.10288578271865845,0.9526768922805786,0.4565083384513855,0.46075689792633057,-0.10404767841100693,0.23017391562461853,0.3981565833091736,0.4560709297657013,-0.12108750641345978,0.92151939868927,0.45205894112586975,0.45550665259361267,-0.1219121590256691,0.23205991089344025,0.40203970670700073,0.44894176721572876,-0.13625377416610718,0.9145927429199219,0.45135483145713806,0.4491402804851532,-0.09334884583950043,0.23175528645515442,0.40166059136390686,0.44220831990242004,-0.10973118245601654,0.8717406988143921,0.44248533248901367,0.45365917682647705,0.005052478518337011,0.9842531681060791,0.40917477011680603,0.45023074746131897,-0.005096255335956812,0.9916347861289978,0.43768396973609924,0.5644495487213135,0.008679908700287342,0.4069405496120453,0.4098106920719147,0.5655767917633057,-0.007457116153091192,0.9298816323280334,0.4324987530708313,0.6722239255905151,0.07666638493537903,0.5316144824028015,0.4104050099849701,0.6779118776321411,0.06787557154893875,0.9384117722511292,0.4295821189880371,0.6874648332595825,0.07903911173343658,0.6429742574691772,0.4108988642692566,0.6938347816467285,0.07050210237503052,0.8842291235923767,0.44304943084716797,0.711544394493103,0.009304650127887726,0.7157052755355835,0.40181392431259155,0.7151989340782166,-0.0056496551260352135,0.9243382215499878
2,turn,0.42268362641334534,0.23730936646461487,-0.17392598092556,0.9907606840133667,0.424929141998291,0.2306596338748932,-0.1638796329498291,0.9811053276062012,0.4275337755680084,0.23084624111652374,-0.16386058926582336,0.980115532875061,0.4298659861087799,0.23106709122657776,-0.16383017599582672,0.9835438132286072,0.4186666011810303,0.2310626208782196,-0.16732926666736603,0.9876096248626709,0.4166431427001953,0.23149730265140533,-0.16735172271728516,0.9890146255493164,0.41483205556869507,0.23195502161979675,-0.16737042367458344,0.9908236861228943,0.43422865867614746,0.23681294918060303,-0.0988229364156723,0.9565053582191467,0.4130542278289795,0.23892487585544586,-0.09660784900188446,0.9894745945930481,0.42667970061302185,0.24883601069450378,-0.14940157532691956,0.9859071969985962,0.41956496238708496,0.2488650679588318,-0.15580904483795166,0.9928215742111206,0.45319968461990356,0.29969528317451477,-0.04942665621638298,0.9933511018753052,0.3980414569377899,0.30500176548957825,-0.051904819905757904,0.9998764395713806,0.4667711853981018,0.37383273243904114,-0.015442135743796825,0.2831536531448364,0.38633355498313904,0.38010895252227783,-0.028736039996147156,0.9825915098190308,0.4608202874660492,0.43794533610343933,-0.06919208914041519,0.29866838455200195,0.39358702301979065,0.4349174499511719,-0.09029769152402878,0.9545395374298096,0.4582587778568268,0.45999500155448914,-0.08771266788244247,0.3017709255218506,0.3969680666923523,0.45472559332847595,-0.11056605726480484,0.923576831817627,0.45402365922927856,0.45429930090904236,-0.10624617338180542,0.30369067192077637,0.40082746744155884,0.44772276282310486,-0.1258114129304886,0.9174307584762573,0.4533701539039612,0.4476252794265747,-0.07735785841941833,0.3021237254142761,0.4008552134037018,0.44111645221710205,-0.09749506413936615,0.8776656985282898,0.44331151247024536,0.4552857577800751,0.0030288449488580227,0.9857722520828247,0.40939345955848694,0.4522581696510315,-0.003053661435842514,0.9924433827400208,0.4383372664451599,0.5647106766700745,0.008684216067194939,0.464402437210083,0.40934938192367554,0.5635062456130981,-0.006288785487413406,0.9360233545303345,0.433590829372406,0.6724920272827148,0.07975595444440842,0.5768316388130188,0.4105006158351898,0.67568039894104,0.07174994051456451,0.9434732794761658,0.4307554364204407,0.6869992613792419,0.082066610455513,0.6694654226303101,0.41285091638565063,0.6909672021865845,0.07442036271095276,0.8824742436408997,0.4430522918701172,0.7095187902450562,0.008093463256955147,0.7420487999916077,0.4014351963996887,0.7144467830657959,-0.002367394044995308,0.9299949407577515
3,turn,0.42268386483192444,0.23612232506275177,-0.16169096529483795,0.991683840751648,0.4255077838897705,0.22808030247688293,-0.1546471267938614,0.9829922318458557,0.4275113046169281,0.22838619351387024,-0.15459899604320526,0.9821009635925293,0.4295308589935303,0.22861646115779877,-0.1545497328042984,0.9851863384246826,0.4190916419029236,0.22872763872146606,-0.1423337459564209,0.9888466000556946,0.4169341027736664,0.2293936014175415,-0.14232519268989563,0.9901108741760254,0.41505202651023865,0.23009566962718964,-0.14228978753089905,0.9917391538619995,0.43379712104797363,0.2360762059688568,-0.08685798943042755,0.9608476161956787,0.4133737087249756,0.23840166628360748,-0.07035399973392487,0.9905222058296204,0.4272434711456299,0.24815057218074799,-0.13583418726921082,0.9873149394989014,0.4195609986782074,0.24839864671230316,-0.12908123433589935,0.9935381412506104,0.45394593477249146,0.30073845386505127,-0.034134406596422195,0.9940096139907837,0.3987102210521698,0.3068297803401947,-0.029124358668923378,0.9998841285705566,0.4676714539527893,0.37451857328414917,-0.014132614247500896,0.3537866473197937,0.38669878244400024,0.3818778991699219,-0.02337980642914772,0.9826998114585876,0.4612063765525818,0.43678075075149536,-0.07860700786113739,0.36695921421051025,0.39291077852249146,0.43451741337776184,-0.10680730640888214,0.9562627673149109,0.45839667320251465,0.4589971899986267,-0.09998495131731033,0.3674739599227905,0.3952952027320862,0.4541787803173065,-0.130150705575943,0.9259593486785889,0.4541780352592468,0.4531514346599579,-0.11761249601840973,0.3693711757659912,0.3995266258716583,0.4475947916507721,-0.14402268826961517,0.9205103516578674,0.45387959480285645,0.44590771198272705,-0.08659360557794571,0.36671140789985657,0.39987701177597046,0.440987765789032,-0.11404360830783844,0.8834409117698669,0.44371896982192993,0.4564707577228546,0.0011342474026605487,0.9871503710746765,0.4099549353122711,0.4541691243648529,-0.001129734329879284,0.9931754469871521,0.4387240409851074,0.5649400949478149,0.0029739351011812687,0.516474723815918,0.40919098258018494,0.5643531680107117,-0.007883017882704735,0.9415820837020874,0.43417343497276306,0.673953115940094,0.07417622208595276,0.617769181728363,0.41058897972106934,0.6783316731452942,0.06897854804992676,0.9481196999549866,0.43125882744789124,0.6891627311706543,0.07638242840766907,0.6943156719207764,0.41410523653030396,0.6946879029273987,0.0713588148355484,0.8813565969467163,0.4432132840156555,0.7097175717353821,0.0018125107744708657,0.7660771012306213,0.40029987692832947,0.7168105244636536,-0.0052019646391272545,0.9352006912231445
4,turn,0.42273253202438354,0.2375512421131134,-0.15515026450157166,0.9925147294998169,0.42582911252975464,0.22965407371520996,-0.14619340002536774,0.9846905469894409,0.42797598242759705,0.22993379831314087,-0.14616850018501282,0.9838880896568298,0.4297932982444763,0.2302333414554596,-0.14613188803195953,0.9866647720336914,0.4192831516265869,0.23049144446849823,-0.14096973836421967,0.9899599552154541,0.41713905334472656,0.2311692088842392,-0.14096753299236298,0.9910975098609924,0.4153057038784027,0.23166118562221527,-0.14094649255275726,0.9925630688667297,0.4338458478450775,0.23715251684188843,-0.08219798654317856,0.964756429195404,0.4134618639945984,0.2393285185098648,-0.0741497129201889,0.9914654493331909,0.4278078079223633,0.2491092085838318,-0.1301746666431427,0.9885820150375366,0.41955605149269104,0.24944080412387848,-0.12712737917900085,0.9941831231117249,0.45456448197364807,0.30043238401412964,-0.034383662045001984,0.9946037530899048,0.3986908793449402,0.30524909496307373,-0.03274751454591751,0.9998917579650879,0.4671381413936615,0.3743385672569275,-0.0164475254714489,0.4174771308898926,0.38680797815322876,0.3813963532447815,-0.0249969270080328,0.983082115650177,0.4613863527774811,0.43646976351737976,-0.08320493251085281,0.42884716391563416,0.3925088346004486,0.43608492612838745,-0.10452642291784286,0.9580769538879395,0.45903047919273376,0.45891642570495605,-0.10441304743289948,0.4274923801422119,0.3944334387779236,0.4559291899204254,-0.12706606090068817,0.9284783005714417,0.4546251893043518,0.45354655385017395,-0.12281455099582672,0.4293498992919922,0.39870697259902954,0.4497799277305603,-0.14199970662593842,0.9236761331558228,0.45436525344848633,0.44607019424438477,-0.09148862212896347,0.4258614778518677,0.39929306507110596,0.4431760907173157,-0.11200951039791107,0.8890743851661682,0.443636953830719,0.4557769000530243,0.0017339084297418594,0.9883852005004883,0.410450279712677,0.4538547098636627,-0.0017161885043606162,0.993832528591156,0.4386538565158844,0.5633039474487305,0.0004044825618620962,0.5636386275291443,0.4090978503227234,0.5636412501335144,-0.011635178700089455,0.94676673412323,0.4342491626739502,0.6723484396934509,0.06742370128631592,0.654819130897522,0.41058626770973206,0.6774075031280518,0.06043364480137825,0.9524827003479004,0.43064799904823303,0.6882444620132446,0.06912322342395782,0.7174238562583923,0.41415920853614807,0.6940252780914307,0.06229608505964279,0.8809059262275696,0.4436360001564026,0.7092506885528564,-0.0058905379846692085,0.7879205942153931,0.4008425176143646,0.7153541445732117,-0.014462734572589397,0.9401205778121948
5,turn,0.42276638746261597,0.2377777248620987,-0.1485583335161209,0.993262529373169,0.4260859489440918,0.230220228433609,-0.1386910378932953,0.9862191081047058,0.42837652564048767,0.23045043647289276,-0.13869117200374603,0.9854965209960938,0.43017205595970154,0.23090870678424835,-0.13867272436618805,0.9879955053329468,0.419463574886322,0.23094414174556732,-0.13352708518505096,0.9909619688987732,0.417366087436676,0.23180323839187622,-0.13352374732494354,0.9919854402542114,0.41550374031066895,0.23273250460624695,-0.133511483669281,0.9933045506477356,0.4339313507080078,0.23806136846542358,-0.07321038097143173,0.9682744741439819,0.4137426018714905,0.23948660492897034,-0.06666433811187744,0.9923141598701477,0.42816561460494995,0.2497970014810562,-0.12457776069641113,0.9897224307060242,0.41955241560935974,0.24999378621578217,-0.11964146792888641,0.9947635531425476,0.4548388123512268,0.30102983117103577,-0.028471726924180984,0.9951383471488953,0.39890581369400024,0.30541884899139404,-0.02638111636042595,0.9998986124992371,0.4673996567726135,0.3744127154350281,-0.01240913663059473,0.4746991693973541,0.3875771462917328,0.3809817135334015,-0.014823906123638153,0.9832467436790466,0.46132248640060425,0.43644917011260986,-0.08107076585292816,0.48436859250068665,0.3926179111003876,0.4369433522224426,-0.09004007279872894,0.9596760869026184,0.4589030146598816,0.4590812623500824,-0.10240384191274643,0.48121073842048645,0.3943037986755371,0.45733073353767395,-0.11167784780263901,0.9308249354362488,0.45451825857162476,0.4541652798652649,-0.12067719548940659,0.4830378592014313,0.3985048830509186,0.45149651169776917,-0.12760531902313232,0.926621675491333,0.4542742371559143,0.44653069972991943,-0.08938638865947723,0.4786885976791382,0.39917275309562683,0.44479140639305115,-0.09773920476436615,0.8942087292671204,0.4436618387699127,0.4553346335887909,0.0019271140918135643,0.9894969463348389,0.4107385277748108,0.4535938799381256,-0.001899511320516467,0.9944237470626831,0.4389159083366394,0.5626168251037598,-0.009520119987428188,0.6056323051452637,0.4091426432132721,0.5627569556236267,-0.015614586882293224,0.9511703848838806,0.43454915285110474,0.6729088425636292,0.05052328109741211,0.6877040266990662,0.41059404611587524,0.6777100563049316,0.054012395441532135,0.9561331868171692,0.430715411901474,0.6897425055503845,0.05144239589571953,0.7371099591255188,0.41442394256591797,0.6959313154220581,0.053970225155353546,0.8790399432182312,0.44376450777053833,0.7092373967170715,-0.02375425584614277,0.8070484399795532,0.4002770483493805,0.7152952551841736,-0.02503499761223793,0.9441028833389282
6,turn,0.42278075218200684,0.23861122131347656,-0.1483113169670105,0.9939354062080383,0.42624083161354065,0.23135817050933838,-0.13826271891593933,0.9875941276550293,0.4286462366580963,0.23154033720493317,-0.13826245069503784,0.9869433641433716,0.43048834800720215,0.23190708458423615,-0.13824281096458435,0.9891924262046814,0.41959699988365173,0.23194637894630432,-0.13572350144386292,0.9918632507324219,0.41754379868507385,0.23277805745601654,-0.13572435081005096,0.9927840232849121,0.41558584570884705,0.23373286426067352,-0.13572163879871368,0.9939714074134827,0.434209406375885,0.23925182223320007,-0.07320841401815414,0.9714385271072388,0.4138280749320984,0.24055080115795135,-0.07044064998626709,0.9930762648582458,0.4283101558685303,0.2507157027721405,-0.12431969493627548,0.9907485246658325,0.41954460740089417,0.251015305519104,-0.12224262952804565,0.9952856302261353,0.4548937678337097,0.30199459195137024,-0.03105350211262703,0.9956172704696655,0.3991088271141052,0.3056817054748535,-0.029404494911432266,0.9999033808708191,0.467937171459198,0.3752378821372986,-0.012108957394957542,0.5260511636734009,0.3885039687156677,0.3811154365539551,-0.006455670110881329,0.98304682970047,0.46112242341041565,0.4365616738796234,-0.07736719399690628,0.5336164832115173,0.3927794098854065,0.43742212653160095,-0.06848269701004028,0.960212767124176,0.45874089002609253,0.4591781497001648,-0.09739904850721359,0.5281503200531006,0.39462214708328247,0.4585258364677429,-0.08860839158296585,0.9313231706619263,0.45443472266197205,0.4546496868133545,-0.11603035777807236,0.5299704670906067,0.3985843360424042,0.45291316509246826,-0.10551996529102325,0.9276952147483826,0.45419344305992126,0.44677603244781494,-0.08570944517850876,0.5244916677474976,0.3990020453929901,0.4460272789001465,-0.07626631110906601,0.8969004154205322,0.4435489773750305,0.4553794860839844,0.0005734122823923826,0.9904888272285461,0.4108664095401764,0.45399776101112366,-0.0005537682445719838,0.9949500560760498,0.4388907551765442,0.5627521872520447,-0.006944091524928808,0.6435956954956055,0.409076988697052,0.5636476874351501,-0.014425911009311676,0.955250084400177,0.4345710873603821,0.6731889247894287,0.05536261945962906,0.7175583839416504,0.41067758202552795,0.6780444383621216,0.05271736532449722,0.9596694111824036,0.4307704567909241,0.6906343102455139,0.056435126811265945,0.754380464553833,0.4147849678993225,0.6963056325912476,0.053307753056287766,0.8796052932739258,0.4437614977359772,0.7091953754425049,-0.019378280267119408,0.8245753049850464,0.4003209173679352,0.7150098085403442,-0.024916624650359154,0.9481716752052307
7,turn,0.4227706491947174,0.2386302798986435,-0.14880307018756866,0.9945411682128906,0.4261775612831116,0.23136745393276215,-0.13866865634918213,0.9888321161270142,0.42863520979881287,0.23146799206733704,-0.13867218792438507,0.9882460236549377,0.4306056499481201,0.23169852793216705,-0.13865314424037933,0.9902700781822205,0.4195753037929535,0.23213477432727814,-0.13709107041358948,0.9926748275756836,0.4175356328487396,0.23275847733020782,-0.13709475100040436,0.993503212928772,0.415574312210083,0.233589306473732,-0.1370978057384491,0.9945720434188843,0.43427079916000366,0.23875783383846283,-0.07432901114225388,0.9742873311042786,0.4138246178627014,0.24058030545711517,-0.07163894921541214,0.9937634468078613,0.42825016379356384,0.2506020963191986,-0.12505438923835754,0.9916723370552063,0.41947096586227417,0.2512591779232025,-0.1237051859498024,0.9957558512687683,0.4550646245479584,0.3023408055305481,-0.033842939883470535,0.9960489273071289,0.39914417266845703,0.30556800961494446,-0.031552184373140335,0.9999090433120728,0.467836856842041,0.37646523118019104,-0.01568523980677128,0.5722901821136475,0.3891860246658325,0.38196274638175964,-0.009688175283372402,0.9829350113868713,0.4607519507408142,0.43733465671539307,-0.08161087334156036,0.5779986381530762,0.39289432764053345,0.43902477622032166,-0.07147423923015594,0.9611709117889404,0.4580610692501068,0.4602661430835724,-0.10185470432043076,0.5705373883247375,0.39418724179267883,0.4602789282798767,-0.0916144922375679,0.9325491786003113,0.4538860321044922,0.4556979238986969,-0.12021414935588837,0.5723402500152588,0.3983422815799713,0.45559579133987427,-0.10848742723464966,0.9294036626815796,0.4536086618900299,0.4484688341617584,-0.08982057124376297,0.56593257188797,0.39910560846328735,0.44961658120155334,-0.0791856124997139,0.9002277851104736,0.44316786527633667,0.4557168185710907,9.188620606437325e-05,0.9913920760154724,0.4108482003211975,0.4548744261264801,-8.116765093291178e-05,0.9954291582107544,0.4385129511356354,0.5628803968429565,-0.004007032141089439,0.6778001189231873,0.40895408391952515,0.5646191239356995,-0.010752425529062748,0.9589532613754272,0.4344836175441742,0.6735044121742249,0.060977548360824585,0.744560718536377,0.41082891821861267,0.6783077716827393,0.058403126895427704,0.9629213809967041,0.430661141872406,0.6912195086479187,0.062346506863832474,0.7714065909385681,0.4148784279823303,0.6962975263595581,0.059607792645692825,0.8813731074333191,0.44379645586013794,0.7092670798301697,-0.01235706266015768,0.8405728340148926,0.4015228748321533,0.7145596146583557,-0.017278578132390976,0.951992392539978
8,turn,0.4227706491947174,0.23940660059452057,-0.14985217154026031,0.9950863122940063,0.42619213461875916,0.23192952573299408,-0.1399076282978058,0.9899460673332214,0.4287063479423523,0.2319512516260147,-0.1399160474538803,0.9894182085990906,0.4307580888271332,0.23206408321857452,-0.13989722728729248,0.9912396669387817,0.41956424713134766,0.23294126987457275,-0.1380830705165863,0.9934049844741821,0.4175284504890442,0.23357541859149933,-0.13808898627758026,0.9941501617431641,0.41556406021118164,0.23438428342342377,-0.13809612393379211,0.9951122403144836,0.43432626128196716,0.2386912852525711,-0.07660374790430069,0.9768509864807129,0.41389137506484985,0.2410537302494049,-0.07264988869428635,0.9943814873695374,0.4283014237880707,0.2513073682785034,-0.12634330987930298,0.992503821849823,0.4194468557834625,0.25219687819480896,-0.12474939972162247,0.9961791038513184,0.4554404318332672,0.30290839076042175,-0.03686176985502243,0.99643874168396,0.3991321921348572,0.30551618337631226,-0.03166298195719719,0.9999147653579712,0.46764126420021057,0.3770466148853302,-0.01889692060649395,0.6139281392097473,0.38953131437301636,0.383163720369339,-0.008057606406509876,0.9828906655311584,0.46047669649124146,0.4380866289138794,-0.08635652810335159,0.6180921196937561,0.3928699493408203,0.443202942609787,-0.06882483512163162,0.9623410701751709,0.4580076336860657,0.4616519808769226,-0.1069338321685791,0.6090825200080872,0.3935604691505432,0.46517953276634216,-0.08879967033863068,0.9341735243797302,0.45383185148239136,0.45723873376846313,-0.1255314201116562,0.6108565926551819,0.3978941738605499,0.46158096194267273,-0.10627596080303192,0.9314516186714172,0.4534185528755188,0.4503748118877411,-0.09466704726219177,0.60374516248703,0.39897793531417847,0.4563203454017639,-0.07679980248212814,0.9039412140846252,0.44287729263305664,0.4566326141357422,-0.000628609792329371,0.9922121167182922,0.41084328293800354,0.4563943147659302,0.0006376780802384019,0.9958637952804565,0.43835410475730896,0.5630558729171753,4.9415470130043104e-05,0.708676815032959,0.40884876251220703,0.5648706555366516,-0.005971061997115612,0.9623197913169861,0.4344198703765869,0.6740825772285461,0.06994745135307312,0.768952488899231,0.4109434485435486,0.6788714528083801,0.06960780918598175,0.9658635854721069,0.4306563436985016,0.6917279362678528,0.07184547185897827,0.7869916558265686,0.4148727357387543,0.6965609788894653,0.07169489562511444,0.8834481835365295,0.44380253553390503,0.7092247605323792,-0.0025382109452039003,0.8550680875778198,0.40240278840065,0.7146931290626526,-0.004465732257813215,0.9554868936538696
9,turn,0.4227624535560608,0.23988908529281616,-0.1557101160287857,0.9955772161483765,0.426166296005249,0.23176518082618713,-0.1459062397480011,0.9909495711326599,0.4286840856075287,0.2316947877407074,-0.1459188461303711,0.9904743432998657,0.43083199858665466,0.23179937899112701,-0.14589855074882507,0.9921134114265442,0.4195460379123688,0.23319755494594574,-0.14330905675888062,0.9940628409385681,0.4175184667110443,0.23390890657901764,-0.14330823719501495,0.9947332739830017,0.41554683446884155,0.23459972441196442,-0.143314391374588,0.9955992102622986,0.43422436714172363,0.238425150513649,-0.08226364850997925,0.9791608452796936,0.41383442282676697,0.2411787211894989,-0.07798279821872711,0.9949396252632141,0.42825549840927124,0.2517581880092621,-0.1318604052066803,0.9932526350021362,0.4193226397037506,0.2529279589653015,-0.12844505906105042,0.9965603947639465,0.4552789330482483,0.30263039469718933,-0.04179619252681732,0.996790885925293,0.3990154564380646,0.3055669367313385,-0.035887107253074646,0.9999206066131592,0.4672927260398865,0.3774462938308716,-0.03066898323595524,0.6514472961425781,0.38971319794654846,0.3848697245121002,-0.012220023199915886,0.9830536842346191,0.46038618683815,0.43940603733062744,-0.10870394855737686,0.6544533371925354,0.39277297258377075,0.4491961896419525,-0.07338057458400726,0.9638438820838928,0.4582359790802002,0.4637147784233093,-0.1313575804233551,0.6444172263145447,0.39333710074424744,0.4711899161338806,-0.0935102328658104,0.9364222884178162,0.45402708649635315,0.45942968130111694,-0.14973630011081696,0.6461561322212219,0.39769691228866577,0.46829086542129517,-0.11134284734725952,0.9340775012969971,0.4534645676612854,0.4528244137763977,-0.11720744520425797,0.638616144657135,0.3988390862941742,0.46261507272720337,-0.08135587722063065,0.908203661441803,0.4428092837333679,0.45688626170158386,-0.0010145606938749552,0.992959201335907,0.4108332693576813,0.45681217312812805,0.0010265994351357222,0.9962587952613831,0.4382754862308502,0.5631928443908691,0.0004858252650592476,0.736540675163269,0.40886083245277405,0.5654069781303406,-0.0031763948500156403,0.9653835892677307,0.4342150092124939,0.6741316318511963,0.07472296804189682,0.7909724116325378,0.4112395644187927,0.6789956092834473,0.0763026624917984,0.9685407876968384,0.4305740296840668,0.6917069554328918,0.07699207961559296,0.8017101287841797,0.41516250371932983,0.6962971091270447,0.07883462309837341,0.8858696222305298,0.4437938630580902,0.709241509437561,0.002681160345673561,0.8681904077529907,0.4031394422054291,0.7151925563812256,0.002685857703909278,0.9586738348007202
10,turn,0.4227477014064789,0.24005237221717834,-0.15946204960346222,0.9960189461708069,0.42611128091812134,0.23176775872707367,-0.1497848927974701,0.9918524622917175,0.4285890460014343,0.2315877079963684,-0.14979760348796844,0.991424560546875,0.43078798055648804,0.2316569685935974,-0.1497783362865448,0.9928995966911316,0.4195399284362793,0.23353978991508484,-0.1477595567703247,0.994654655456543,0.417477548122406,0.23431174457073212,-0.1477593332529068,0.9952577352523804,0.41551393270492554,0.2349841445684433,-0.1477687656879425,0.9960371255874634,0.433967262506485,0.23818497359752655,-0.08594723790884018,0.9812392592430115,0.4137497544288635,0.2415349930524826,-0.08108384907245636,0.9954412579536438,0.42822498083114624,0.25187695026397705,-0.13537439703941345,0.993926465511322,0.4192039966583252,0.25314196944236755,-0.1325203776359558,0.9969034194946289,0.45507174730300903,0.3022350072860718,-0.04402580484747887,0.9971078634262085,0.39892423152923584,0.30573171377182007,-0.03829634189605713,0.9999256730079651,0.4667838513851166,0.37780433893203735,-0.031074751168489456,0.6851587295532227,0.3898926079273224,0.3867855966091156,-0.013481584377586842,0.9829409122467041,0.460487425327301,0.4407421052455902,-0.1072278842329979,0.6869120001792908,0.39277783036231995,0.4540954530239105,-0.07368849217891693,0.9646545052528381,0.45877814292907715,0.4655519723892212,-0.12937137484550476,0.6756995916366577,0.39291390776634216,0.4754506051540375,-0.09353318810462952,0.9375302195549011,0.4545857310295105,0.46161949634552,-0.14819099009037018,0.6774590015411377,0.39727938175201416,0.4731045663356781,-0.11211832612752914,0.9355737566947937,0.45388659834861755,0.4551489055156708,-0.11592081934213638,0.6694408059120178,0.39859601855278015,0.4671121835708618,-0.08198322355747223,0.9110737442970276,0.4426714777946472,0.45673733949661255,-0.0009901088196784258,0.9936277866363525,0.4108244776725769,0.45660293102264404,0.0010026625823229551,0.996611475944519,0.438082754611969,0.5630336999893188,0.00021189046674408019,0.7615069150924683,0.4088825285434723,0.565876841545105,-0.0034285993315279484,0.9680188298225403,0.43426936864852905,0.6739888787269592,0.07489968836307526,0.8106938600540161,0.4114494323730469,0.6790274977684021,0.07609373331069946,0.9707942605018616,0.4306699335575104,0.6915407180786133,0.07716105133295059,0.8139811158180237,0.4153043329715729,0.6960396766662598,0.07859072089195251,0.8865680694580078,0.4437568187713623,0.7093008756637573,0.0011929123429581523,0.8798454403877258,0.4036521315574646,0.7154420614242554,0.0014724157517775893,0.9613204598426819
11,turn,0.42273497581481934,0.24064956605434418,-0.16075512766838074,0.9964163899421692,0.4260600507259369,0.23231546580791473,-0.15120071172714233,0.992664635181427,0.4285261631011963,0.23212705552577972,-0.1512138545513153,0.9922792911529541,0.43075767159461975,0.23211874067783356,-0.1511976420879364,0.993606686592102,0.4195193648338318,0.2339869886636734,-0.14970290660858154,0.9951869249343872,0.4174131751060486,0.23476536571979523,-0.14970074594020844,0.9957293272018433,0.4154697358608246,0.23545435070991516,-0.14971141517162323,0.9964308142662048,0.4337773323059082,0.23835667967796326,-0.08761551976203918,0.9831088781356812,0.4136720299720764,0.24196571111679077,-0.08283025771379471,0.9958919286727905,0.4282003939151764,0.2526255249977112,-0.1366700530052185,0.9945327639579773,0.41909903287887573,0.2537747025489807,-0.13455508649349213,0.9972119927406311,0.45481228828430176,0.3022732138633728,-0.04464680328965187,0.9973928332328796,0.3988554775714874,0.30588915944099426,-0.0400235652923584,0.9999300241470337,0.4662539064884186,0.3776654601097107,-0.02658504620194435,0.7154126167297363,0.38999202847480774,0.3875037431716919,-0.015280241146683693,0.9826515913009644,0.46087175607681274,0.44205954670906067,-0.09691125154495239,0.7158892154693604,0.39270010590553284,0.4563849866390228,-0.07455773651599884,0.9649527668952942,0.45966267585754395,0.466657817363739,-0.11778406798839569,0.7033831477165222,0.3925723731517792,0.4778655171394348,-0.09418834745883942,0.9378215074539185,0.45560163259506226,0.4630502164363861,-0.13720309734344482,0.7051944732666016,0.39696404337882996,0.4759960174560547,-0.11305147409439087,0.9362329244613647,0.4547089636325836,0.4568575620651245,-0.10575823485851288,0.6966766119003296,0.39837780594825745,0.46966060996055603,-0.08303316682577133,0.912929117679596,0.44240331649780273,0.45671093463897705,-0.0006749365711584687,0.9942234754562378,0.41073256731033325,0.4564322233200073,0.0006888570496812463,0.9969260096549988,0.4379364550113678,0.5631276369094849,0.0020755212754011154,0.7840225100517273,0.4089098870754242,0.5659716129302979,-0.0031456220895051956,0.9703966975212097,0.434497207403183,0.6738138198852539,0.0753534585237503,0.8284593224525452,0.4115857183933258,0.679070770740509,0.07554107159376144,0.9728071689605713,0.4308331608772278,0.6913795471191406,0.07744962722063065,0.8248694539070129,0.41539064049720764,0.6962721347808838,0.07790518552064896,0.8870238661766052,0.44375476241111755,0.7091895341873169,0.0011222361354157329,0.8903110027313232,0.40360602736473083,0.715431809425354,0.0005306891398504376,0.9636551141738892
12,turn,0.42273688316345215,0.24098846316337585,-0.16668705642223358,0.9967741966247559,0.4260633885860443,0.2325340211391449,-0.1570618450641632,0.9933960437774658,0.4285348951816559,0.23240379989147186,-0.15707357227802277,0.9930489659309387,0.4307745397090912,0.23237037658691406,-0.15705817937850952,0.9942434430122375,0.4195059835910797,0.23404386639595032,-0.15613891184329987,0.9956663846969604,0.4173973500728607,0.23480014503002167,-0.1561395823955536,0.996154248714447,0.41545048356056213,0.2354426234960556,-0.156151682138443,0.9967856407165527,0.4336344301700592,0.2383684366941452,-0.0926067978143692,0.9847923517227173,0.4136093258857727,0.24194377660751343,-0.08725730329751968,0.9962987303733826,0.4282144010066986,0.25314849615097046,-0.14222726225852966,0.9950785636901855,0.4190696179866791,0.2541775107383728,-0.14100465178489685,0.9974899291992188,0.4545249044895172,0.30239519476890564,-0.0473124198615551,0.9976496696472168,0.39884471893310547,0.3062179684638977,-0.04524043947458267,0.9999343752861023,0.46560606360435486,0.37770017981529236,-0.026024332270026207,0.7427190542221069,0.39003682136535645,0.38845935463905334,-0.02234867960214615,0.9826947450637817,0.4615916311740875,0.44409099221229553,-0.09480936825275421,0.7423746585845947,0.3923889994621277,0.4583601653575897,-0.08125188946723938,0.965752124786377,0.4609094560146332,0.4680491089820862,-0.115422822535038,0.728973925113678,0.39214974641799927,0.4798150658607483,-0.10082288086414337,0.9388594627380371,0.45689159631729126,0.46511387825012207,-0.13525153696537018,0.7308183908462524,0.39660564064979553,0.4781179130077362,-0.11925552040338516,0.9375847578048706,0.4558452069759369,0.45915713906288147,-0.10379588603973389,0.7220340371131897,0.3980765640735626,0.4713582396507263,-0.0894431471824646,0.91548091173172,0.44230931997299194,0.4561331570148468,0.00031175342155620456,0.9947587847709656,0.41072559356689453,0.45641058683395386,-0.0003016596310772002,0.9972091317176819,0.4378928244113922,0.5631739497184753,0.00305765843950212,0.8042504787445068,0.4091157019138336,0.566278874874115,-0.003996210638433695,0.9724497199058533,0.43467074632644653,0.6734799146652222,0.076850526034832,0.8443519473075867,0.41185522079467773,0.6788606643676758,0.07486127316951752,0.9745208621025085,0.43097764253616333,0.6907228827476501,0.07898497581481934,0.8346153497695923,0.4155448079109192,0.6960370540618896,0.07725459337234497,0.8865655660629272,0.4437660574913025,0.7091236710548401,0.003386153606697917,0.8996187448501587,0.4036584794521332,0.7154293656349182,-0.0002536654064897448,0.9656239151954651
13,turn,0.4226686954498291,0.2411496490240097,-0.1691482961177826,0.9970961809158325,0.4260317385196686,0.23256702721118927,-0.15957213938236237,0.9940539598464966,0.4284655451774597,0.23243066668510437,-0.15958301723003387,0.9937413334846497,0.43067821860313416,0.23240862786769867,-0.1595686376094818,0.9948161840438843,0.41940411925315857,0.23403523862361908,-0.15883025527000427,0.9960976243019104,0.41721969842910767,0.2347477823495865,-0.15883401036262512,0.9965364336967468,0.4153401851654053,0.2353193312883377,-0.1588478833436966,0.9971047639846802,0.43344059586524963,0.23831912875175476,-0.09530163556337357,0.9863067269325256,0.41360020637512207,0.24180160462856293,-0.09086301177740097,0.9966642260551453,0.4281908869743347,0.25344333052635193,-0.1447257101535797,0.99556964635849,0.4188767373561859,0.2543710172176361,-0.1437980681657791,0.9977399706840515,0.454214483499527,0.30244317650794983,-0.04926953464746475,0.9978799819946289,0.398647278547287,0.3070346415042877,-0.04735353961586952,0.9999380111694336,0.4650351107120514,0.3782656788825989,-0.024378450587391853,0.7671506404876709,0.3900633454322815,0.3897499144077301,-0.0231636855751276,0.9826250672340393,0.46181631088256836,0.4474602937698364,-0.0908644050359726,0.7658504247665405,0.39204496145248413,0.46014514565467834,-0.08074109256267548,0.9662366509437561,0.46138277649879456,0.47067755460739136,-0.11119230091571808,0.751392662525177,0.3918682634830475,0.48188337683677673,-0.09963192045688629,0.9394335746765137,0.4575861096382141,0.4683976173400879,-0.13021191954612732,0.75330650806427,0.39631736278533936,0.480032354593277,-0.11858189105987549,0.9384565353393555,0.45647627115249634,0.462679386138916,-0.09972281754016876,0.7442168593406677,0.3978172540664673,0.47290971875190735,-0.08909658342599869,0.9173542857170105,0.4421777129173279,0.4560754597187042,0.00027721660444512963,0.9952396750450134,0.4107001721858978,0.4563053548336029,-0.0002753038133960217,0.9974637627601624,0.43791237473487854,0.5635654926300049,0.002840629778802395,0.8225969076156616,0.4091517925262451,0.5671207904815674,-0.003936664201319218,0.9744258522987366,0.4347150921821594,0.6734449863433838,0.07812868803739548,0.8587838411331177,0.4120658338069916,0.6789693832397461,0.07572074234485626,0.9762053489685059,0.4310057759284973,0.6904993057250977,0.08025746792554855,0.8433161377906799,0.4156949520111084,0.6959653496742249,0.07822738587856293,0.8866762518882751,0.4437645375728607,0.7091488242149353,0.005484355613589287,0.9081677794456482,0.4036327004432678,0.7155316472053528,0.0007447830867022276,0.9676231145858765
14,turn,0.42243295907974243,0.2412077635526657,-0.1671244353055954,0.9973858594894409,0.4259083867073059,0.23257209360599518,-0.1576099395751953,0.9946457147598267,0.42837896943092346,0.23246434330940247,-0.15762104094028473,0.9943640828132629,0.4306289255619049,0.23246924579143524,-0.15760651230812073,0.9953312277793884,0.41915130615234375,0.23390477895736694,-0.15701322257518768,0.9964852333068848,0.4169079661369324,0.23455706238746643,-0.15701618790626526,0.9968798756599426,0.41517290472984314,0.2350730448961258,-0.15702804923057556,0.997391402721405,0.43327993154525757,0.23840495944023132,-0.093987837433815,0.9876688718795776,0.4134772717952728,0.24166592955589294,-0.09080656617879868,0.9969918727874756,0.42794209718704224,0.2535719573497772,-0.14291051030158997,0.99601149559021,0.4184882640838623,0.2544468343257904,-0.1422002613544464,0.9979647397994995,0.45387792587280273,0.3022719919681549,-0.049351952970027924,0.9980877041816711,0.39840495586395264,0.3072250783443451,-0.04585670679807663,0.9999406933784485,0.4646499752998352,0.37822553515434265,-0.024672921746969223,0.7892206907272339,0.3901084065437317,0.38968735933303833,-0.020447542890906334,0.9823817014694214,0.46209949254989624,0.44975388050079346,-0.08900398015975952,0.7871620655059814,0.39175841212272644,0.4598052203655243,-0.07674027979373932,0.96653151512146,0.46181854605674744,0.47240766882896423,-0.10890606790781021,0.7719200849533081,0.3914777934551239,0.4818422496318817,-0.09514076262712479,0.9397450685501099,0.45811623334884644,0.4705997407436371,-0.12811368703842163,0.773882269859314,0.39575329422950745,0.48024457693099976,-0.1142573356628418,0.9390479922294617,0.4570176601409912,0.464882493019104,-0.09789295494556427,0.7646604180335999,0.3973398804664612,0.4730597734451294,-0.08519967645406723,0.9188549518585205,0.44210919737815857,0.4559827148914337,-0.0007657053065486252,0.9956760406494141,0.41066932678222656,0.4562429189682007,0.0007652596104890108,0.9976919889450073,0.4378589689731598,0.5638923048973083,0.0009430123609490693,0.8392274379730225,0.4091567099094391,0.5671926140785217,-0.0028103801887482405,0.9762381315231323,0.4346582293510437,0.6734031438827515,0.07828933000564575,0.8718506097793579,0.4121106266975403,0.6785869002342224,0.07749419659376144,0.9777637720108032,0.4309585690498352,0.6902486085891724,0.08063711225986481,0.8510935306549072,0.4157200753688812,0.6955872178077698,0.08012492209672928,0.8872373104095459,0.4437161386013031,0.7091962099075317,0.0054548694752156734,0.9159343242645264,0.4035968780517578,0.7155787348747253,0.003365239594131708,0.9694913029670715
15,turn,0.42232146859169006,0.2417278289794922,-0.1657363474369049,0.9976465702056885,0.4258387088775635,0.23311971127986908,-0.15620186924934387,0.9951781630516052,0.428309828042984,0.23308371007442474,-0.1562129557132721,0.9949244260787964,0.4305960536003113,0.23308208584785461,-0.15619874000549316,0.9957946538925171,0.419013649225235,0.23413732647895813,-0.1557920128107071,0.9968340396881104,0.41671642661094666,0.2347259372472763,-0.15579459071159363,0.9971888661384583,0.4150457978248596,0.23519745469093323,-0.15580521523952484,0.9976492524147034,0.4331778585910797,0.23873260617256165,-0.09245565533638,0.988894522190094,0.4132610857486725,0.24174267053604126,-0.09066645056009293,0.9972866177558899,0.4277831017971039,0.25401198863983154,-0.14144453406333923,0.996408998966217,0.418285071849823,0.2547221779823303,-0.14103971421718597,0.9981669783592224,0.4535594582557678,0.30214041471481323,-0.047955650836229324,0.9982746243476868,0.3980957567691803,0.30708178877830505,-0.04385104030370712,0.9999431371688843,0.46454277634620667,0.3781698942184448,-0.023869289085268974,0.8090336918830872,0.39006632566452026,0.3894236385822296,-0.018651887774467468,0.9820591807365417,0.46210137009620667,0.45004162192344666,-0.08804942667484283,0.8063651323318481,0.39131370186805725,0.45885926485061646,-0.07576017081737518,0.9668152928352356,0.4623252749443054,0.47320663928985596,-0.10783106088638306,0.7904165983200073,0.3908539116382599,0.4809643626213074,-0.09418151527643204,0.9400767087936401,0.4585493206977844,0.47169816493988037,-0.12704816460609436,0.7924420237541199,0.3950221538543701,0.4793623983860016,-0.11346409469842911,0.9396611452102661,0.45729145407676697,0.465715229511261,-0.09692446887493134,0.7831272482872009,0.3967023491859436,0.4722811281681061,-0.08432167768478394,0.9203281402587891,0.44212213158607483,0.4554235637187958,-0.0014721816405653954,0.9960666298866272,0.4106610417366028,0.4559974670410156,0.001479876576922834,0.9978970885276794,0.4378064274787903,0.5642595887184143,0.0014302944764494896,0.8542693853378296,0.4091624319553375,0.5672904253005981,-0.00193321262486279,0.9779021143913269,0.43460240960121155,0.6734399795532227,0.0771237164735794,0.8836796283721924,0.41218072175979614,0.6782626509666443,0.07662491500377655,0.9792223572731018,0.4309258460998535,0.6901350617408752,0.07936287671327591,0.8583585619926453,0.41578418016433716,0.6953437924385071,0.07901167124509811,0.8881674408912659,0.44358205795288086,0.7092365026473999,0.003599467221647501,0.9230099320411682,0.40342968702316284,0.7155014276504517,0.002259625354781747,0.9712421894073486
16,turn,0.42219656705856323,0.24197088181972504,-0.1653861403465271,0.9978811740875244,0.42574772238731384,0.23334825038909912,-0.15589213371276855,0.9956573247909546,0.4282263219356537,0.23333071172237396,-0.15590347349643707,0.995428740978241,0.4305838644504547,0.23331335186958313,-0.15588997304439545,0.9962117075920105,0.4188646674156189,0.23426450788974762,-0.15541158616542816,0.9971479177474976,0.41653624176979065,0.23483307659626007,-0.15541355311870575,0.9974669814109802,0.41491588950157166,0.23528411984443665,-0.15542297065258026,0.997881293296814,0.4331013560295105,0.23883098363876343,-0.09216275066137314,0.9899975657463074,0.413092702627182,0.24179242551326752,-0.09058446437120438,0.9975517392158508,0.4276343286037445,0.2542014718055725,-0.1410791128873825,0.9967666864395142,0.4181164801120758,0.25485238432884216,-0.14060720801353455,0.9983489513397217,0.45336899161338806,0.30206498503685,-0.04801902920007706,0.9984427690505981,0.39790472388267517,0.306989461183548,-0.04332480579614639,0.9999452829360962,0.46443724632263184,0.3780381977558136,-0.02426416613161564,0.8268535733222961,0.39004218578338623,0.3892083764076233,-0.018356051295995712,0.9817057847976685,0.46209827065467834,0.45002683997154236,-0.08757798373699188,0.8235856890678406,0.3911014199256897,0.45826858282089233,-0.07542064040899277,0.966942548751831,0.4625212550163269,0.47345292568206787,-0.10709420591592789,0.8069329261779785,0.3905915319919586,0.48044052720069885,-0.09381663799285889,0.9401500821113586,0.4587544798851013,0.47201818227767944,-0.12669596076011658,0.8090294003486633,0.39468899369239807,0.4788878560066223,-0.11304225772619247,0.9399955868721008,0.4574391841888428,0.46589839458465576,-0.09655458480119705,0.7996071577072144,0.39638227224349976,0.47185227274894714,-0.08398161083459854,0.9214008450508118,0.4421226978302002,0.4549802541732788,-0.0017686154460534453,0.9964194297790527,0.41065388917922974,0.4557008147239685,0.0017781974747776985,0.9980820417404175,0.4377571940422058,0.5644167065620422,0.0017256448045372963,0.8678265810012817,0.4091671109199524,0.5673589706420898,-0.0013779131695628166,0.9794321656227112,0.4345408082008362,0.6734525561332703,0.07625123858451843,0.8943888545036316,0.41222062706947327,0.6778255105018616,0.07659146189689636,0.9805808067321777,0.43088117241859436,0.6901434659957886,0.07838857918977737,0.8653303980827332,0.415835440158844,0.6950266361236572,0.07889847457408905,0.8893818259239197,0.4435175061225891,0.7092480063438416,0.0024318948853760958,0.929455041885376,0.4033401906490326,0.7153653502464294,0.0022250425536185503,0.9728877544403076
17,turn,0.42197832465171814,0.24185483157634735,-0.16903963685035706,0.9980923533439636,0.4255417287349701,0.2332647293806076,-0.15974584221839905,0.9960886836051941,0.4280141294002533,0.23327778279781342,-0.15975454449653625,0.9958827495574951,0.43044859170913696,0.2332869917154312,-0.15974006056785583,0.9965870976448059,0.41860222816467285,0.23413556814193726,-0.1590723842382431,0.9974306225776672,0.4162619709968567,0.23468969762325287,-0.15907366573810577,0.9977174997329712,0.4147298336029053,0.23513035476207733,-0.1590837687253952,0.9980903267860413,0.43305349349975586,0.23881341516971588,-0.0963260754942894,0.9909902215003967,0.4128350615501404,0.24171236157417297,-0.0936928316950798,0.9977909922599792,0.42736396193504333,0.2541796863079071,-0.1447978913784027,0.9970886707305908,0.4178338944911957,0.2547581195831299,-0.14405938982963562,0.9985128045082092,0.4532538950443268,0.30210477113723755,-0.050615012645721436,0.9985931515693665,0.3977191150188446,0.30695870518684387,-0.04536944627761841,0.9999476075172424,0.46424704790115356,0.3781225085258484,-0.024907313287258148,0.8428108096122742,0.38992181420326233,0.3890419006347656,-0.021007657051086426,0.9816571474075317,0.4620753228664398,0.4507749378681183,-0.08735808730125427,0.8388693332672119,0.3905714750289917,0.4579281806945801,-0.07754810154438019,0.9672991037368774,0.4626654088497162,0.4742227792739868,-0.10556653887033463,0.8213697671890259,0.39020681381225586,0.4801597595214844,-0.09580762684345245,0.9405437707901001,0.458859384059906,0.472915381193161,-0.12599775195121765,0.8235529065132141,0.39429622888565063,0.4786624014377594,-0.11465819180011749,0.9406048655509949,0.45751461386680603,0.46677860617637634,-0.09647852927446365,0.814033567905426,0.395900696516037,0.471648246049881,-0.08589009940624237,0.9227243661880493,0.4420703053474426,0.45478010177612305,-0.0011043145786970854,0.9967339634895325,0.4104679524898529,0.4553053081035614,0.0011105230078101158,0.9982492327690125,0.4377528727054596,0.5644804835319519,0.0024862010031938553,0.8798952698707581,0.4091189503669739,0.5673109889030457,-0.002064988249912858,0.9808164834976196,0.4344854950904846,0.6733846664428711,0.07618732750415802,0.9039056301116943,0.4122384488582611,0.6776579022407532,0.07555943727493286,0.9817503094673157,0.43082237243652344,0.6901443600654602,0.07823224365711212,0.8712491989135742,0.41583675146102905,0.695066511631012,0.0779067724943161,0.8897610306739807,0.4435245990753174,0.7092862129211426,0.002588536823168397,0.9351100325584412,0.403390109539032,0.715225875377655,0.0012665297836065292,0.9742627143859863
18,turn,0.42146310210227966,0.24190790951251984,-0.17248734831809998,0.9982825517654419,0.42502307891845703,0.23332718014717102,-0.16323110461235046,0.9964773058891296,0.42747193574905396,0.23336529731750488,-0.16323916614055634,0.9962917566299438,0.4299268126487732,0.23337967693805695,-0.1632249504327774,0.9969254732131958,0.41811686754226685,0.23417145013809204,-0.1624840646982193,0.9976853728294373,0.41584938764572144,0.23471440374851227,-0.16248568892478943,0.9979433417320251,0.4144440293312073,0.23512859642505646,-0.16249462962150574,0.9982788562774658,0.432817280292511,0.23890987038612366,-0.09989019483327866,0.9918847680091858,0.4124317765235901,0.24182508885860443,-0.09693637490272522,0.9980068802833557,0.4266931414604187,0.25418201088905334,-0.1482825130224228,0.9973785877227783,0.4173106253147125,0.25473055243492126,-0.147456094622612,0.9986603856086731,0.4529205858707428,0.3020915389060974,-0.05384599044919014,0.9987285733222961,0.3974510133266449,0.30707141757011414,-0.048553891479969025,0.9999495148658752,0.46382981538772583,0.3780684471130371,-0.027565479278564453,0.8572536706924438,0.3898201584815979,0.3889150023460388,-0.022041622549295425,0.9815813899040222,0.46192970871925354,0.4515749514102936,-0.0873274952173233,0.8527628183364868,0.3901829719543457,0.4579775929450989,-0.07873323559761047,0.967586100101471,0.46238523721694946,0.4750387370586395,-0.10540763288736343,0.8345794677734375,0.39002156257629395,0.48014703392982483,-0.09692354500293732,0.9408410787582397,0.45858827233314514,0.47388124465942383,-0.12586207687854767,0.8368076682090759,0.3941497206687927,0.47875574231147766,-0.11556152999401093,0.9410933256149292,0.4572852551937103,0.4676418602466583,-0.09644654393196106,0.8272219896316528,0.3957039713859558,0.47176212072372437,-0.08696038275957108,0.9238356351852417,0.44202813506126404,0.45456522703170776,-0.0009019402787089348,0.9970155954360962,0.41021427512168884,0.45508071780204773,0.0009052866953425109,0.9983993172645569,0.43778443336486816,0.5645703077316284,0.002624936867505312,0.8907060623168945,0.4090883731842041,0.567203938961029,-0.002519724192097783,0.9820566177368164,0.4344675540924072,0.6734192967414856,0.07430418580770493,0.9123795032501221,0.4122629165649414,0.6776822209358215,0.07284221798181534,0.9828047752380371,0.4307926297187805,0.690229058265686,0.0761566162109375,0.8759241700172424,0.41587772965431213,0.6952474117279053,0.07479173690080643,0.8900104761123657,0.4435971677303314,0.7093217372894287,0.0006782159907743335,0.9400864243507385,0.4033057689666748,0.7152380347251892,-0.002135985530912876,0.9754678606987
19,turn,0.4208952486515045,0.24195672571659088,-0.17148585617542267,0.998453676700592,0.4244648516178131,0.23340024054050446,-0.16225264966487885,0.9968270659446716,0.4268709719181061,0.23345769941806793,-0.16226136684417725,0.9966598749160767,0.429288387298584,0.23347637057304382,-0.16225050389766693,0.997230052947998,0.4176042973995209,0.23421728610992432,-0.16151544451713562,0.9979146718978882,0.415442556142807,0.23474332690238953,-0.16151802241802216,0.9981465339660645,0.41412585973739624,0.23513798415660858,-0.16152623295783997,0.9984484910964966,0.43242010474205017,0.23897114396095276,-0.09900741279125214,0.9926899671554565,0.4119887948036194,0.24190978705883026,-0.09621736407279968,0.9982010126113892,0.4259641766548157,0.25417837500572205,-0.1472906917333603,0.9976394176483154,0.41678303480148315,0.25467878580093384,-0.14648611843585968,0.9987931251525879,0.45239347219467163,0.3020457923412323,-0.053309760987758636,0.9988511204719543,0.3971509337425232,0.30713027715682983,-0.04862406104803085,0.9999513626098633,0.4632393419742584,0.3780299425125122,-0.028298845514655113,0.8703204989433289,0.389627605676651,0.38882318139076233,-0.022777097299695015,0.9815136790275574,0.461906760931015,0.45173099637031555,-0.08747934550046921,0.8654582500457764,0.3899171054363251,0.45827174186706543,-0.07829301059246063,0.9679695963859558,0.4621812403202057,0.4751381278038025,-0.10547604411840439,0.8467753529548645,0.3897564113140106,0.4804050028324127,-0.09623918682336807,0.9412547945976257,0.45840463042259216,0.47397682070732117,-0.12597447633743286,0.8490461111068726,0.39398208260536194,0.4789775013923645,-0.11470597982406616,0.9416769742965698,0.4571434557437897,0.467842698097229,-0.09658411890268326,0.8394328355789185,0.3955267071723938,0.47197088599205017,-0.08644747734069824,0.9249511361122131,0.4416452944278717,0.4541730582714081,-0.0010103333042934537,0.9972725510597229,0.40974003076553345,0.45470327138900757,0.0010132946772500873,0.9985359907150269,0.4377758502960205,0.5645930767059326,0.0004270329955033958,0.9002299308776855,0.4089635908603668,0.5670265555381775,-0.0029128810856491327,0.9830815196037292,0.43442606925964355,0.6734495162963867,0.06927652657032013,0.9198289513587952,0.4122633934020996,0.6777686476707458,0.06905613094568253,0.9836860299110413,0.4307556748390198,0.6903939843177795,0.070976123213768,0.8797412514686584,0.4158692955970764,0.6953790187835693,0.07078466564416885,0.8897311687469482,0.4436204433441162,0.7093310356140137,-0.004077688790857792,0.9444053173065186,0.4032217562198639,0.7152722477912903,-0.005907433107495308,0.9764562845230103
20,turn,0.4208233952522278,0.24191707372665405,-0.17009809613227844,0.9986076951026917,0.424304336309433,0.23339489102363586,-0.16078108549118042,0.9971418976783752,0.4266624450683594,0.23345495760440826,-0.16078956425189972,0.9969912171363831,0.4290336072444916,0.23348096013069153,-0.16077667474746704,0.9975041747093201,0.41743287444114685,0.2342216670513153,-0.16031716763973236,0.9981210231781006,0.41526299715042114,0.23475605249404907,-0.16032031178474426,0.9983294010162354,0.41395339369773865,0.23516780138015747,-0.1603298932313919,0.9986011385917664,0.43210944533348083,0.23897796869277954,-0.09773336350917816,0.9934145212173462,0.41159385442733765,0.24206526577472687,-0.09576515108346939,0.998375654220581,0.42588120698928833,0.254171758890152,-0.1459142565727234,0.9978742003440857,0.4166560173034668,0.2546675503253937,-0.14544150233268738,0.9989125728607178,0.4519742429256439,0.30201300978660583,-0.051691602915525436,0.9989616870880127,0.39671996235847473,0.3072315752506256,-0.04806089773774147,0.9999529123306274,0.46282196044921875,0.3781183063983917,-0.027655119076371193,0.8819469809532166,0.3893393576145172,0.3887731730937958,-0.022924143821001053,0.981445848941803,0.46158868074417114,0.45144134759902954,-0.08804245293140411,0.8766673803329468,0.3896479904651642,0.4582240581512451,-0.07833366096019745,0.968122661113739,0.4620031416416168,0.4751729667186737,-0.10644768178462982,0.857363760471344,0.3895251154899597,0.4803815484046936,-0.09653149545192719,0.9413295388221741,0.45810002088546753,0.47387656569480896,-0.1267918199300766,0.8596962690353394,0.3937952518463135,0.4789237082004547,-0.11496835947036743,0.9419264197349548,0.4568082392215729,0.46765872836112976,-0.09712471067905426,0.8499248027801514,0.395293653011322,0.47193390130996704,-0.08650459349155426,0.9256172776222229,0.44137153029441833,0.4539826214313507,-0.0008581960573792458,0.9975059628486633,0.409431517124176,0.45455029606819153,0.0008624163456261158,0.9986588954925537,0.4377366602420807,0.564471423625946,-0.00027767429128289223,0.9086287617683411,0.4089624285697937,0.5663565993309021,-0.003697263542562723,0.983851969242096,0.43440842628479004,0.6736711263656616,0.06762776523828506,0.9264344573020935,0.41227859258651733,0.677827000617981,0.06794381141662598,0.9843348264694214,0.4307205080986023,0.6907252669334412,0.06925685703754425,0.8829841613769531,0.4158627390861511,0.6954644918441772,0.06971864402294159,0.888309895992279,0.4436327815055847,0.7094172239303589,-0.006355891469866037,0.9481907486915588,0.40327101945877075,0.7152954339981079,-0.007105258293449879,0.9771507382392883
21,turn,0.42072615027427673,0.24204696714878082,-0.16963839530944824,0.9987463355064392,0.4240812659263611,0.23355931043624878,-0.1601019948720932,0.997425377368927,0.42638927698135376,0.23364056646823883,-0.1601134091615677,0.9972895383834839,0.42870038747787476,0.23367135226726532,-0.1601058393716812,0.9977510571479797,0.4172288775444031,0.23432517051696777,-0.1594254970550537,0.9983068108558655,0.41506919264793396,0.23486122488975525,-0.159427210688591,0.998494029045105,0.413773775100708,0.23528940975666046,-0.15943202376365662,0.9987386465072632,0.431760311126709,0.23908169567584991,-0.09572015702724457,0.9940668344497681,0.41128450632095337,0.24222639203071594,-0.09351441264152527,0.9985330104827881,0.4257742464542389,0.25425174832344055,-0.14504140615463257,0.9980855584144592,0.4165613651275635,0.2547309100627899,-0.14439615607261658,0.9990201592445374,0.4515511393547058,0.30193009972572327,-0.05142676830291748,0.9990617632865906,0.3964361548423767,0.30738285183906555,-0.04640815034508705,0.9999542236328125,0.46247443556785583,0.37809720635414124,-0.027025464922189713,0.8925328254699707,0.3890216648578644,0.38871291279792786,-0.022053752094507217,0.9813451766967773,0.4610944390296936,0.45123904943466187,-0.08797289431095123,0.8870316743850708,0.3893405497074127,0.45812153816223145,-0.0779920369386673,0.9682279825210571,0.461287260055542,0.4749701917171478,-0.10664895921945572,0.867367148399353,0.3892364799976349,0.4803098440170288,-0.0964408665895462,0.9413754940032959,0.4572903513908386,0.47358018159866333,-0.12677539885044098,0.869722843170166,0.3935199975967407,0.4788304567337036,-0.11482034623622894,0.9421271085739136,0.45613107085227966,0.46733173727989197,-0.09699331223964691,0.859837532043457,0.39500972628593445,0.4718456566333771,-0.08615211397409439,0.9261547923088074,0.441162109375,0.45387911796569824,-0.0007490628631785512,0.9977179169654846,0.4092707633972168,0.45441895723342896,0.0007534633623436093,0.9987694621086121,0.43765681982040405,0.5645915269851685,0.00031478743767365813,0.9160134196281433,0.4089590609073639,0.5659462213516235,-0.0037628761492669582,0.9844066500663757,0.43439236283302307,0.6739826798439026,0.06904646754264832,0.9322759509086609,0.41232290863990784,0.677879273891449,0.06806562840938568,0.9848304986953735,0.4306960105895996,0.6910362839698792,0.07078789174556732,0.8859290480613708,0.41587281227111816,0.695518970489502,0.06983476877212524,0.8863912224769592,0.44364824891090393,0.7094995379447937,-0.004409457556903362,0.9514939188957214,0.4032859206199646,0.7153139114379883,-0.006927838083356619,0.9776612520217896
22,turn,0.42045170068740845,0.24223744869232178,-0.16930437088012695,0.9988711476325989,0.4237040579319,0.23368091881275177,-0.15978096425533295,0.9976806640625,0.42598477005958557,0.2337431162595749,-0.15979459881782532,0.9975581765174866,0.4282529354095459,0.23374201357364655,-0.15979087352752686,0.9979733824729919,0.41687196493148804,0.23447272181510925,-0.1588132679462433,0.99847412109375,0.4147621691226959,0.23502524197101593,-0.15881414711475372,0.9986423254013062,0.41348838806152344,0.23546580970287323,-0.15881504118442535,0.9988624453544617,0.4313898980617523,0.23911917209625244,-0.09496209025382996,0.9946543574333191,0.4108979105949402,0.2423848956823349,-0.09216491878032684,0.9986749291419983,0.4254712164402008,0.254336953163147,-0.14452233910560608,0.9982759356498718,0.4163127839565277,0.25484132766723633,-0.14358767867088318,0.9991170763969421,0.45114511251449585,0.3019185960292816,-0.05130666494369507,0.9991522431373596,0.3962288498878479,0.3074795603752136,-0.0450226292014122,0.9999555349349976,0.4622398912906647,0.3783138394355774,-0.0266878642141819,0.9021603465080261,0.38891303539276123,0.3886585533618927,-0.02098066359758377,0.9811447262763977,0.46010884642601013,0.4510791003704071,-0.08794718235731125,0.8966020345687866,0.38919156789779663,0.458077073097229,-0.07809612900018692,0.9683542847633362,0.4598868489265442,0.47506633400917053,-0.10694403946399689,0.8768368363380432,0.3891378343105316,0.48026081919670105,-0.09671657532453537,0.9415475130081177,0.4560123383998871,0.473560631275177,-0.12689250707626343,0.8791797161102295,0.3933551609516144,0.47875967621803284,-0.11509628593921661,0.9424223303794861,0.4550282061100006,0.4673096537590027,-0.09691227972507477,0.8692787885665894,0.3948220908641815,0.4718082547187805,-0.08627369999885559,0.9267672300338745,0.4409453272819519,0.4539151191711426,-0.0006629695417359471,0.9979140162467957,0.4091860353946686,0.45439738035202026,0.0006669878493994474,0.9988710284233093,0.4375944137573242,0.5660009384155273,0.0003850875946227461,0.9229372143745422,0.40889841318130493,0.5659846067428589,-0.003883534576743841,0.9850654602050781,0.4342764914035797,0.6741785407066345,0.06935209780931473,0.9377418756484985,0.41232386231422424,0.6779051423072815,0.07112772762775421,0.9854168891906738,0.4306352734565735,0.6913182735443115,0.07094842195510864,0.8896834254264832,0.4158686697483063,0.6955121159553528,0.07341668009757996,0.8857690691947937,0.4436788558959961,0.7095791697502136,-0.0036079050041735172,0.95468670129776,0.40332165360450745,0.7153249382972717,-0.0026103302370756865,0.9783354997634888
23,turn,0.42025598883628845,0.24241556227207184,-0.16831356287002563,0.9989835023880005,0.42343002557754517,0.23377634584903717,-0.15878050029277802,0.9979104399681091,0.42569106817245483,0.23383304476737976,-0.15879501402378082,0.9977999925613403,0.42793217301368713,0.23381584882736206,-0.15879306197166443,0.9981735348701477,0.41661110520362854,0.23457351326942444,-0.15775427222251892,0.9986246824264526,0.41450801491737366,0.23514065146446228,-0.15775400400161743,0.9987757205963135,0.4132421612739563,0.23560038208961487,-0.15775050222873688,0.9989737868309021,0.4310682415962219,0.23920537531375885,-0.09379272907972336,0.995183527469635,0.41055506467819214,0.24252495169639587,-0.09101275354623795,0.9988024234771729,0.4252629280090332,0.2544788718223572,-0.14345473051071167,0.9984472990036011,0.4160900115966797,0.2549869418144226,-0.1424657553434372,0.9992042779922485,0.4507397711277008,0.30190008878707886,-0.05124901980161667,0.999234139919281,0.39594191312789917,0.307627409696579,-0.0436624251306057,0.9999565482139587,0.46186700463294983,0.3784792125225067,-0.02640509232878685,0.9109164476394653,0.3887287974357605,0.3886050283908844,-0.01987474597990513,0.9808409810066223,0.45928245782852173,0.4510501027107239,-0.08799520879983902,0.9054186940193176,0.38907045125961304,0.4580239951610565,-0.07790490984916687,0.968355655670166,0.4588831961154938,0.4751799702644348,-0.10733231157064438,0.8857706189155579,0.38904115557670593,0.48021405935287476,-0.09672484546899796,0.9415546655654907,0.4550769329071045,0.47355520725250244,-0.1271427571773529,0.8880765438079834,0.3932500183582306,0.478682279586792,-0.11517949402332306,0.9425523281097412,0.4541369378566742,0.4673118591308594,-0.09690514951944351,0.8782399892807007,0.3947177827358246,0.4717428982257843,-0.08615123480558395,0.927179753780365,0.4405646324157715,0.45395758748054504,-0.00072619435377419,0.9980918765068054,0.4089377820491791,0.4543816149234772,0.0007299465360119939,0.9989625811576843,0.4374365210533142,0.5664092302322388,0.000541563902515918,0.9292550086975098,0.4087877869606018,0.5659891366958618,-0.0036236620508134365,0.9856598377227783,0.43419450521469116,0.6743242144584656,0.07028528302907944,0.9427143335342407,0.4123231768608093,0.6778852939605713,0.0734354704618454,0.9859440922737122,0.43062299489974976,0.6914252638816833,0.0723055750131607,0.8927254676818848,0.41586819291114807,0.6953386664390564,0.07590173184871674,0.8850547671318054,0.4436921179294586,0.7096848487854004,-0.0022642735857516527,0.9576051831245422,0.40334802865982056,0.7153382897377014,2.4104567273752764e-05,0.9789511561393738
24,turn,0.41990646719932556,0.24253830313682556,-0.16792401671409607,0.99908447265625,0.4230384826660156,0.23384103178977966,-0.15841688215732574,0.9981167316436768,0.4252735674381256,0.23388603329658508,-0.15843287110328674,0.9980171322822571,0.42746883630752563,0.23385389149188995,-0.1584334671497345,0.9983531832695007,0.41624608635902405,0.23466721177101135,-0.15729327499866486,0.9987597465515137,0.41418570280075073,0.23524627089500427,-0.15729273855686188,0.9988952875137329,0.4129054546356201,0.23571878671646118,-0.15728852152824402,0.9990735054016113,0.4306868612766266,0.2392532080411911,-0.09354846924543381,0.9956586956977844,0.41014283895492554,0.2426697462797165,-0.0905395895242691,0.9989163279533386,0.42491477727890015,0.25454849004745483,-0.14311900734901428,0.9986013174057007,0.41576677560806274,0.25508353114128113,-0.14200100302696228,0.9992825388908386,0.45039111375808716,0.3018411695957184,-0.05064316466450691,0.9993073344230652,0.3956381678581238,0.30777648091316223,-0.043308235704898834,0.9999572038650513,0.461294025182724,0.37870174646377563,-0.026422489434480667,0.9186677932739258,0.3885389566421509,0.3884730935096741,-0.019438453018665314,0.9803755283355713,0.4586328864097595,0.45101043581962585,-0.0883844792842865,0.9130427241325378,0.38879072666168213,0.458110511302948,-0.07737521827220917,0.9678246974945068,0.45825061202049255,0.4751153588294983,-0.10790376365184784,0.893229067325592,0.3888597786426544,0.480360746383667,-0.09620178490877151,0.9406188726425171,0.45449838042259216,0.4734954535961151,-0.12769104540348053,0.8955366015434265,0.3930661082267761,0.47877630591392517,-0.11476591974496841,0.9417513608932495,0.45352640748023987,0.46720191836357117,-0.09726200997829437,0.885641872882843,0.3944854140281677,0.47188055515289307,-0.08568878471851349,0.9265488386154175,0.440297931432724,0.4539527893066406,-0.0007808889495208859,0.998248279094696,0.4087110459804535,0.45436856150627136,0.0007849447429180145,0.9990437030792236,0.43734341859817505,0.5671347379684448,0.0007003644714131951,0.9349951148033142,0.4087209105491638,0.5660060048103333,-0.0034253920894116163,0.9862262010574341,0.43414801359176636,0.6744171380996704,0.07076483219861984,0.9472240805625916,0.4122951924800873,0.6778566241264343,0.07378409057855606,0.9864277839660645,0.43061256408691406,0.6915594935417175,0.07279365509748459,0.8950269818305969,0.41586536169052124,0.6952687501907349,0.07616934180259705,0.8843538165092468,0.4437175393104553,0.709753692150116,-0.001662615453824401,0.9602194428443909,0.4033724367618561,0.7153416275978088,-3.147886673104949e-05,0.9794987440109253
25,turn,0.4195893704891205,0.24261905252933502,-0.16770313680171967,0.9991753697395325,0.42266273498535156,0.2338762730360031,-0.15815772116184235,0.9983026385307312,0.42487582564353943,0.23390638828277588,-0.158172607421875,0.9982128143310547,0.4270317554473877,0.23385770618915558,-0.1581706553697586,0.9985151290893555,0.415900856256485,0.2347451150417328,-0.15719689428806305,0.9988815188407898,0.4138805866241455,0.2353418618440628,-0.15719659626483917,0.9990031123161316,0.4125806391239166,0.2358335256576538,-0.1571941077709198,0.9991635084152222,0.4303019642829895,0.23926560580730438,-0.09347404539585114,0.9960870146751404,0.409756600856781,0.24280451238155365,-0.09052077680826187,0.999019205570221,0.42458391189575195,0.25456950068473816,-0.14293822646141052,0.998740017414093,0.4154878258705139,0.25514018535614014,-0.14197401702404022,0.9993531107902527,0.4500422477722168,0.30180972814559937,-0.05047417804598808,0.9993735551834106,0.39539676904678345,0.30783846974372864,-0.04314326122403145,0.9999580383300781,0.4607248902320862,0.37932127714157104,-0.02779177762567997,0.9257288575172424,0.3883523643016815,0.38845735788345337,-0.01924152672290802,0.9800465703010559,0.4577144980430603,0.45094189047813416,-0.08995335549116135,0.9201280474662781,0.3885871469974518,0.4581403434276581,-0.07731733471155167,0.9676340222358704,0.4574492573738098,0.4750690758228302,-0.10976120084524155,0.9003844857215881,0.3887164890766144,0.4804864227771759,-0.09615974128246307,0.940272331237793,0.45368748903274536,0.4734392464160919,-0.12947139143943787,0.9026595950126648,0.39296573400497437,0.47890692949295044,-0.11472702026367188,0.9415075778961182,0.45254984498023987,0.4671136736869812,-0.09873683750629425,0.8927702307701111,0.3943929672241211,0.471990704536438,-0.08564097434282303,0.9265211820602417,0.44005292654037476,0.45394790172576904,-0.0010234210640192032,0.9983917474746704,0.40848612785339355,0.4543209969997406,0.0010269430931657553,0.9991182088851929,0.43719834089279175,0.5674554705619812,0.0006277960492298007,0.9403196573257446,0.4085976183414459,0.5660263895988464,-0.002862213645130396,0.9868330359458923,0.4341047406196594,0.6745996475219727,0.07125353813171387,0.9514190554618835,0.41225725412368774,0.6777977347373962,0.07465080916881561,0.9869627952575684,0.43060192465782166,0.6917172074317932,0.07328309863805771,0.8977363705635071,0.4158622622489929,0.6951048374176025,0.07703407108783722,0.8846251964569092,0.4437391757965088,0.7097830176353455,-0.0013171997852623463,0.9627242088317871,0.403385728597641,0.715293288230896,0.0010025539668276906,0.9801328182220459
26,turn,0.41902464628219604,0.24265903234481812,-0.16609229147434235,0.9992572069168091,0.4221385419368744,0.23388658463954926,-0.15664555132389069,0.9984698295593262,0.4243622422218323,0.23390954732894897,-0.15666119754314423,0.9983888268470764,0.42652028799057007,0.23385126888751984,-0.15665772557258606,0.9986608028411865,0.4153590202331543,0.23478208482265472,-0.15546546876430511,0.9989909529685974,0.4134678840637207,0.23537275195121765,-0.1554650366306305,0.9991000294685364,0.41209644079208374,0.23586077988147736,-0.1554633229970932,0.9992443323135376,0.42992788553237915,0.23925626277923584,-0.09274078905582428,0.996472179889679,0.4093337953090668,0.24283729493618011,-0.08869168162345886,0.9991112351417542,0.42404255270957947,0.2545745372772217,-0.14171412587165833,0.9988648295402527,0.41505855321884155,0.25516971945762634,-0.14041808247566223,0.9994165301322937,0.4497642517089844,0.30177825689315796,-0.050147831439971924,0.9994328618049622,0.3951124846935272,0.3078868091106415,-0.04115493595600128,0.9999582171440125,0.4602510333061218,0.37990623712539673,-0.028224388137459755,0.9320294857025146,0.38817891478538513,0.3884314298629761,-0.017133578658103943,0.9795435070991516,0.45697492361068726,0.45091384649276733,-0.0901334211230278,0.9263260364532471,0.3884837031364441,0.45829614996910095,-0.07529525458812714,0.9669786095619202,0.45655494928359985,0.47500771284103394,-0.10992840677499771,0.9064830541610718,0.3886793255805969,0.48064401745796204,-0.09402666985988617,0.9391860961914062,0.4527586102485657,0.47336962819099426,-0.12950335443019867,0.9087420701980591,0.39292585849761963,0.4790594279766083,-0.11247521638870239,0.9405325651168823,0.4516089856624603,0.4670616686344147,-0.09882993996143341,0.8987879753112793,0.39434200525283813,0.47216102480888367,-0.08359464257955551,0.925646185874939,0.43982791900634766,0.45400702953338623,-0.0013716939138248563,0.9985198974609375,0.408295214176178,0.4543408751487732,0.001375173102132976,0.9991838335990906,0.4370502531528473,0.5675229430198669,-0.00016345156473107636,0.9450798630714417,0.40850743651390076,0.5660513043403625,-0.0024842245038598776,0.9873600006103516,0.4340914785861969,0.6746503710746765,0.07156186550855637,0.9551923871040344,0.4121706485748291,0.6776551604270935,0.07558869570493698,0.9874333143234253,0.43057194352149963,0.691743016242981,0.07355630397796631,0.9001938700675964,0.41582149267196655,0.6947846412658691,0.07805349677801132,0.8848451972007751,0.4437403678894043,0.7097945213317871,-0.0010838661110028625,0.964967668056488,0.4033986032009125,0.715248167514801,0.002200148766860366,0.9806731939315796
27,turn,0.4186202585697174,0.24264968931674957,-0.1645306646823883,0.9993306994438171,0.4217051863670349,0.23387686908245087,-0.1550748646259308,0.9986199140548706,0.42392435669898987,0.23388396203517914,-0.15509000420570374,0.9985467791557312,0.42607569694519043,0.2338060438632965,-0.15508677065372467,0.9987914562225342,0.4149456024169922,0.2347756028175354,-0.15385699272155762,0.9990891814231873,0.4131247401237488,0.23536813259124756,-0.1538579761981964,0.9991869330406189,0.4117024838924408,0.23585961759090424,-0.1538584977388382,0.9993168115615845,0.4295424818992615,0.2391863912343979,-0.09164968878030777,0.9968177676200867,0.40895581245422363,0.24287083745002747,-0.08713717013597488,0.9991936087608337,0.42371368408203125,0.25456419587135315,-0.14038494229316711,0.9989769458770752,0.41475099325180054,0.2551615834236145,-0.1389758139848709,0.9994734525680542,0.449476420879364,0.30170732736587524,-0.05003347992897034,0.9994857907295227,0.3948327898979187,0.30793729424476624,-0.03987111896276474,0.9999585151672363,0.45980364084243774,0.37988168001174927,-0.028412306681275368,0.9375434517860413,0.3879249095916748,0.3884013593196869,-0.015640055760741234,0.9792377352714539,0.456591933965683,0.4503602385520935,-0.09059172868728638,0.9315935969352722,0.38839972019195557,0.45859891176223755,-0.07304605841636658,0.9665903449058533,0.45605984330177307,0.47466689348220825,-0.11045155674219131,0.9114341139793396,0.3886170983314514,0.48082906007766724,-0.09171243011951447,0.9384607076644897,0.4520998001098633,0.47281700372695923,-0.1299312859773636,0.9136896133422852,0.3928818106651306,0.4791871905326843,-0.10997112840414047,0.939883828163147,0.4509193003177643,0.4666295051574707,-0.09926700592041016,0.9035438895225525,0.39427000284194946,0.47232136130332947,-0.08127398788928986,0.9251183867454529,0.43973177671432495,0.4539782702922821,-0.0017250841483473778,0.9986321330070496,0.4081250727176666,0.45433318614959717,0.0017288163071498275,0.9992421865463257,0.4369777739048004,0.5678117871284485,-0.0007581744575873017,0.9492729306221008,0.40838927030563354,0.5660629868507385,-0.0024223742075264454,0.98774653673172,0.4340718686580658,0.6747718453407288,0.07074971497058868,0.958458423614502,0.41212552785873413,0.677622377872467,0.07529196888208389,0.9877550005912781,0.43056100606918335,0.691844642162323,0.07273995876312256,0.9013345837593079,0.415797621011734,0.6947831511497498,0.07770713418722153,0.8842214345932007,0.443742036819458,0.7098127007484436,-0.002674332121387124,0.9668132066726685,0.40341535210609436,0.7152179479598999,0.0017063673585653305,0.9810071587562561
28,turn,0.4184266924858093,0.24263793230056763,-0.16332191228866577,0.999396800994873,0.421440988779068,0.2338663935661316,-0.15370458364486694,0.9987547993659973,0.423654705286026,0.2338722050189972,-0.15372034907341003,0.9986886978149414,0.4257964491844177,0.233797088265419,-0.15371674299240112,0.9989087581634521,0.41469472646713257,0.23477821052074432,-0.15263979136943817,0.9991773962974548,0.4128693640232086,0.23537912964820862,-0.15264107286930084,0.9992648959159851,0.41143107414245605,0.23588156700134277,-0.152642160654068,0.9993818998336792,0.42918914556503296,0.23917819559574127,-0.09021982550621033,0.9971282482147217,0.4086637496948242,0.24295014142990112,-0.08612330257892609,0.9992674589157104,0.42354172468185425,0.2545599937438965,-0.13921740651130676,0.9990776777267456,0.4145593047142029,0.25517261028289795,-0.13794182240962982,0.9995245933532715,0.4491868019104004,0.3015601933002472,-0.049466200172901154,0.9995333552360535,0.39451873302459717,0.30814334750175476,-0.0392627939581871,0.9999584555625916,0.4593687951564789,0.3798699378967285,-0.028651144355535507,0.9424697160720825,0.387616366147995,0.3886485993862152,-0.015417930670082569,0.9790494441986084,0.45620450377464294,0.4491814970970154,-0.09243156015872955,0.936253547668457,0.38826319575309753,0.45869868993759155,-0.07299955934286118,0.9663904309272766,0.45559078454971313,0.4736084043979645,-0.11274471133947372,0.9157314300537109,0.38853782415390015,0.4808860421180725,-0.09183169901371002,0.9379972815513611,0.45150667428970337,0.47151193022727966,-0.13193364441394806,0.9179806113243103,0.392819344997406,0.47920891642570496,-0.10991112142801285,0.939475953578949,0.45030641555786133,0.4655473828315735,-0.10107456147670746,0.9076400995254517,0.39416199922561646,0.47234907746315,-0.08114804327487946,0.9248203039169312,0.4395807683467865,0.453885018825531,-0.0018464823951944709,0.9987322092056274,0.4078052043914795,0.45428940653800964,0.0018511662492528558,0.9992932677268982,0.4369586110115051,0.5678204298019409,-0.0013692945940420032,0.9529251456260681,0.4083232283592224,0.5659819841384888,-0.0024817450903356075,0.9879794120788574,0.43405190110206604,0.6747865676879883,0.0702604204416275,0.9612476229667664,0.4120805859565735,0.677499532699585,0.07511498034000397,0.9879127144813538,0.43054136633872986,0.6917842626571655,0.07227408140897751,0.9016045928001404,0.4157729148864746,0.6946234107017517,0.07751879096031189,0.8828238248825073,0.44375038146972656,0.7098151445388794,-0.0035019852221012115,0.9682548642158508,0.40342146158218384,0.715205192565918,0.0014166957698762417,0.9811014533042908
29,turn,0.4179207384586334,0.24252334237098694,-0.16076722741127014,0.9994562268257141,0.4210471212863922,0.23375770449638367,-0.1509905755519867,0.99887615442276,0.42325514554977417,0.23372229933738708,-0.15100829303264618,0.9988163113594055,0.425423800945282,0.23363158106803894,-0.15100431442260742,0.9990141987800598,0.41424331068992615,0.23476280272006989,-0.15009476244449615,0.9992568492889404,0.41247043013572693,0.23536691069602966,-0.15009631216526031,0.9993351101875305,0.41092848777770996,0.23587065935134888,-0.15009790658950806,0.9994405508041382,0.428894579410553,0.23911067843437195,-0.08729451894760132,0.9974070191383362,0.40823549032211304,0.24295561015605927,-0.08378584682941437,0.9993343949317932,0.4231284260749817,0.25452810525894165,-0.1366562694311142,0.9991682171821594,0.4141043722629547,0.2551678717136383,-0.13556748628616333,0.9995706081390381,0.44885149598121643,0.3014596998691559,-0.046593669801950455,0.9995754957199097,0.39422422647476196,0.30839115381240845,-0.03788740187883377,0.9999585151672363,0.45897942781448364,0.37971776723861694,-0.028539512306451797,0.9465829730033875,0.3871808648109436,0.3888583183288574,-0.014994023367762566,0.9789411425590515,0.4559982717037201,0.446350634098053,-0.0933753103017807,0.939886212348938,0.3881627023220062,0.4589877128601074,-0.07289044559001923,0.9661102890968323,0.4550800919532776,0.47122722864151,-0.11399407684803009,0.9186106324195862,0.3885205090045929,0.48096704483032227,-0.09184613823890686,0.9373418688774109,0.45097389817237854,0.46906203031539917,-0.13296660780906677,0.9208963513374329,0.3928301930427551,0.4792322516441345,-0.10964928567409515,0.9388673901557922,0.4498775005340576,0.4633275866508484,-0.10204722732305527,0.9101837873458862,0.3941473364830017,0.47237128019332886,-0.08091779798269272,0.9242815375328064,0.43939128518104553,0.45386114716529846,-0.001814191578887403,0.998820424079895,0.4076605439186096,0.4543248414993286,0.0018192620482295752,0.9993388652801514,0.4369538426399231,0.5678701400756836,-0.001281242468394339,0.956001877784729,0.4083009362220764,0.5659810900688171,-0.002497855806723237,0.9880918860435486,0.43403512239456177,0.6748511791229248,0.06953483819961548,0.9636279940605164,0.4120718836784363,0.6774436831474304,0.07497409731149673,0.9879670739173889,0.4305272698402405,0.6918420195579529,0.07146307826042175,0.9018377065658569,0.4157678484916687,0.6945890784263611,0.07737485319375992,0.8809892535209656,0.4438052773475647,0.7097886800765991,-0.004193806555122137,0.9694284796714783,0.4034331440925598,0.7150585651397705,0.001281048869714141,0.9810477495193481
30,turn,0.4175693988800049,0.24247321486473083,-0.15060590207576752,0.9995097517967224,0.4207523763179779,0.2336917221546173,-0.14098477363586426,0.9989854097366333,0.42295193672180176,0.23363059759140015,-0.14100381731987,0.9989312291145325,0.42512011528015137,0.23352567851543427,-0.14099977910518646,0.999109148979187,0.41391316056251526,0.23475593328475952,-0.13994672894477844,0.9993283748626709,0.41216573119163513,0.2353590577840805,-0.1399412900209427,0.9993983507156372,0.41059818863868713,0.23586392402648926,-0.13994058966636658,0.9994933605194092,0.4286075532436371,0.23907792568206787,-0.07868994027376175,0.9976582527160645,0.40793395042419434,0.24298423528671265,-0.0743294209241867,0.9993946552276611,0.42278939485549927,0.2545129954814911,-0.12705500423908234,0.9992496967315674,0.4137898087501526,0.25516292452812195,-0.12573346495628357,0.999612033367157,0.44844740629196167,0.30117249488830566,-0.04093686118721962,0.9996136426925659,0.3939729332923889,0.30852365493774414,-0.030333777889609337,0.9999589920043945,0.458279550075531,0.37804630398750305,-0.02875947393476963,0.9501125812530518,0.38701215386390686,0.38912805914878845,-0.010034896433353424,0.9788780808448792,0.4556480348110199,0.4427594542503357,-0.09924997389316559,0.9432787299156189,0.38811856508255005,0.4590371549129486,-0.06888099014759064,0.9663371443748474,0.45456981658935547,0.4678744971752167,-0.12104658037424088,0.9216592311859131,0.3885151147842407,0.48096445202827454,-0.08821482956409454,0.9376757740974426,0.4505384862422943,0.46600621938705444,-0.13949239253997803,0.923942506313324,0.39284658432006836,0.479226678609848,-0.10566671192646027,0.9392162561416626,0.449497789144516,0.4599412679672241,-0.10797383636236191,0.9129723310470581,0.3941500782966614,0.4723638892173767,-0.07684855163097382,0.9248441457748413,0.43926626443862915,0.4537583589553833,-0.002110340865328908,0.998903751373291,0.4076194167137146,0.4543335437774658,0.0021241442300379276,0.9993833303451538,0.43693798780441284,0.5677036046981812,-0.0016220447141677141,0.9590344429016113,0.4083014130592346,0.5659797191619873,-0.002322168555110693,0.9884219169616699,0.43402165174484253,0.6750008463859558,0.06820005178451538,0.9659518599510193,0.4121440351009369,0.6774455308914185,0.07486777007579803,0.988246500492096,0.4305294454097748,0.6918720602989197,0.07008710503578186,0.903229296207428,0.4158294200897217,0.6945763230323792,0.0772184357047081,0.8815359473228455,0.4438348412513733,0.7097962498664856,-0.004598596133291721,0.9707215428352356,0.40345486998558044,0.7149502038955688,0.0012084221234545112,0.9813234806060791
31,turn,0.4174690842628479,0.24243295192718506,-0.1457746922969818,0.9995577335357666,0.4206317365169525,0.2336592972278595,-0.13615453243255615,0.9990830421447754,0.42284879088401794,0.2335946261882782,-0.13617555797100067,0.9990338683128357,0.4250238835811615,0.2334916591644287,-0.13617131114006042,0.9991937875747681,0.41375499963760376,0.23475170135498047,-0.1351315677165985,0.9993920922279358,0.4119608998298645,0.23535582423210144,-0.13512355089187622,0.9994544386863708,0.41042131185531616,0.23586073517799377,-0.13512250781059265,0.9995401501655579,0.4284420907497406,0.23907163739204407,-0.0746755599975586,0.9978825449943542,0.4077227711677551,0.24300098419189453,-0.07023905217647552,0.9994472861289978,0.42266756296157837,0.2545001208782196,-0.12257547676563263,0.9993226528167725,0.41362476348876953,0.25515905022621155,-0.12124118953943253,0.9996489882469177,0.4481995701789856,0.30096450448036194,-0.038517795503139496,0.9996476173400879,0.3937556743621826,0.30869773030281067,-0.02767232060432434,0.999958872795105,0.4580067992210388,0.3773888051509857,-0.028667885810136795,0.9531956315040588,0.3868633210659027,0.3892975151538849,-0.008501887321472168,0.9787810444831848,0.4552544057369232,0.441375195980072,-0.0987320989370346,0.9462312459945679,0.3880651593208313,0.45910072326660156,-0.0673874244093895,0.9664217233657837,0.4539875388145447,0.4665905833244324,-0.12037844955921173,0.9242843389511108,0.3885141611099243,0.48096323013305664,-0.08677805960178375,0.9378461837768555,0.4499179422855377,0.464579701423645,-0.13868661224842072,0.9265376329421997,0.39285823702812195,0.4792197346687317,-0.10413481295108795,0.9393904805183411,0.4489158093929291,0.45844578742980957,-0.10736304521560669,0.9153350591659546,0.39415866136550903,0.4723568260669708,-0.07535948604345322,0.9252424240112305,0.43900495767593384,0.4538627564907074,-0.0022815437987446785,0.9989789128303528,0.40746331214904785,0.4545658826828003,0.0022999008651822805,0.9994229078292847,0.4369063973426819,0.5676286220550537,-0.0017448719590902328,0.9619008898735046,0.40829890966415405,0.5659946799278259,-0.0016434673452749848,0.988779604434967,0.43401068449020386,0.6750134825706482,0.0684562399983406,0.9681474566459656,0.41219043731689453,0.6772586107254028,0.07541371136903763,0.9885503649711609,0.4305228590965271,0.6917625069618225,0.0704057365655899,0.90483558177948,0.41585880517959595,0.6940818428993225,0.07781725376844406,0.8826583623886108,0.4438552260398865,0.709801197052002,-0.004541569389402866,0.9719944596290588,0.40360331535339355,0.714573860168457,0.0036366197746247053,0.9816577434539795
32,turn,0.4173169732093811,0.2424226999282837,-0.15009745955467224,0.9996010065078735,0.4204882085323334,0.2336513251066208,-0.14052002131938934,0.9991710782051086,0.42270427942276,0.2335880845785141,-0.14053837954998016,0.9991264343261719,0.4248814582824707,0.23348399996757507,-0.14053228497505188,0.9992700815200806,0.4136068820953369,0.2347489893436432,-0.13957959413528442,0.9994495511054993,0.411787748336792,0.23535357415676117,-0.1395748257637024,0.9995050430297852,0.41026729345321655,0.23585796356201172,-0.13957546651363373,0.9995822906494141,0.42826205492019653,0.23906417191028595,-0.07833043485879898,0.9980844855308533,0.40759485960006714,0.24300850927829742,-0.07444003969430923,0.9994946718215942,0.42251792550086975,0.2544957399368286,-0.12658435106277466,0.9993883967399597,0.413463830947876,0.2551555335521698,-0.12540610134601593,0.9996823072433472,0.44805580377578735,0.30083906650543213,-0.038686346262693405,0.9996782541275024,0.39356690645217896,0.3087623715400696,-0.03077552653849125,0.9999588131904602,0.4578443169593811,0.37730470299720764,-0.03307979926466942,0.9561832547187805,0.3867557942867279,0.3893035352230072,-0.009801432490348816,0.978812575340271,0.4547556936740875,0.44170814752578735,-0.10375211387872696,0.949218213558197,0.3880256414413452,0.4591175615787506,-0.06765858829021454,0.9666438698768616,0.4533413052558899,0.4665825366973877,-0.12565097212791443,0.9271377921104431,0.3885195851325989,0.48094460368156433,-0.08700012415647507,0.9382287263870239,0.4492770731449127,0.46433770656585693,-0.1437142789363861,0.9293490052223206,0.3928704857826233,0.47919243574142456,-0.10455954074859619,0.9397742748260498,0.4483162462711334,0.45830127596855164,-0.11222227662801743,0.9180379509925842,0.3941679894924164,0.4723508656024933,-0.0757846087217331,0.9258628487586975,0.4388607442378998,0.4539652466773987,-0.0023760979529470205,0.9990471601486206,0.40738359093666077,0.4546750783920288,0.0023953041527420282,0.999458909034729,0.436807781457901,0.5674408674240112,-0.0017019265796989202,0.9644327759742737,0.4082973599433899,0.5659957528114319,-0.00036249234108254313,0.9890828728675842,0.43399399518966675,0.675022542476654,0.06903210282325745,0.970117449760437,0.4121945798397064,0.677051305770874,0.077958844602108,0.9888135194778442,0.43051737546920776,0.6917059421539307,0.07112712413072586,0.9066056609153748,0.41585761308670044,0.6936618089675903,0.08055291324853897,0.8837596774101257,0.44389668107032776,0.7098185420036316,-0.0022510357666760683,0.9731649160385132,0.40360936522483826,0.71436607837677,0.007248613052070141,0.9819518327713013
33,turn,0.4171668589115143,0.24241365492343903,-0.1520463228225708,0.9996399283409119,0.4203256070613861,0.23364582657814026,-0.1424710899591446,0.9992504119873047,0.4225478768348694,0.2335832566022873,-0.14248844981193542,0.9992098212242126,0.42471790313720703,0.23347614705562592,-0.14248190820217133,0.9993388652801514,0.4134492874145508,0.2347453236579895,-0.1415775567293167,0.9995014071464539,0.4116188585758209,0.2353508621454239,-0.14157401025295258,0.9995507001876831,0.4101026952266693,0.23585501313209534,-0.14157524704933167,0.9996203780174255,0.4280549883842468,0.23905618488788605,-0.0799749344587326,0.9982664585113525,0.4074150621891022,0.24301588535308838,-0.07623656839132309,0.9995375275611877,0.42236900329589844,0.2544875741004944,-0.12838958203792572,0.9994476437568665,0.413320928812027,0.2551543414592743,-0.12728656828403473,0.999712347984314,0.4478530287742615,0.3006736636161804,-0.03933672979474068,0.9997060894966125,0.3933577537536621,0.30886441469192505,-0.03209860622882843,0.9999588131904602,0.4576900899410248,0.3769632577896118,-0.03440859168767929,0.9588475227355957,0.3867306411266327,0.3893263638019562,-0.010745158419013023,0.978706955909729,0.4544368386268616,0.4411737620830536,-0.10669952630996704,0.9518455266952515,0.3880106210708618,0.4591226279735565,-0.06992040574550629,0.9667105078697205,0.4528922438621521,0.4659251868724823,-0.12907609343528748,0.9295879602432251,0.3885233998298645,0.480925589799881,-0.09002088755369186,0.9383717179298401,0.4487735331058502,0.46350762248039246,-0.1471913605928421,0.9317786693572998,0.39293086528778076,0.47914060950279236,-0.10749252140522003,0.9399302005767822,0.44781503081321716,0.4572656750679016,-0.11523561179637909,0.9202967286109924,0.39419299364089966,0.4723447263240814,-0.078022800385952,0.9261534214019775,0.438812792301178,0.4538905620574951,-0.002486961428076029,0.9991084933280945,0.40737056732177734,0.4546738862991333,0.002508964389562607,0.9994910359382629,0.43677324056625366,0.567043125629425,-0.0016258759424090385,0.9666118025779724,0.4082959294319153,0.5659345388412476,4.11229302699212e-05,0.9892703890800476,0.4339754581451416,0.6750308275222778,0.06977428495883942,0.9718096256256104,0.4121971130371094,0.6768869757652283,0.07945099472999573,0.9890058040618896,0.43050605058670044,0.6916607618331909,0.07199683785438538,0.9080061316490173,0.41586002707481384,0.6934072375297546,0.08212026208639145,0.8845781087875366,0.44391217827796936,0.7098618745803833,-0.0011817006161436439,0.974153459072113,0.4036148190498352,0.7142649292945862,0.008367128670215607,0.9821666479110718
34,turn,0.41700419783592224,0.24240326881408691,-0.156305193901062,0.9996750354766846,0.4201681613922119,0.23360750079154968,-0.146534726023674,0.9993220567703247,0.422393262386322,0.23352386057376862,-0.14655092358589172,0.9992851614952087,0.4245644509792328,0.23340171575546265,-0.14654013514518738,0.9994010925292969,0.41327720880508423,0.23474270105361938,-0.14551731944084167,0.9995483160018921,0.411431223154068,0.2353479564189911,-0.14551928639411926,0.9995921850204468,0.40992170572280884,0.2358524352312088,-0.145521879196167,0.99965500831604,0.42787662148475647,0.23902712762355804,-0.08353032171726227,0.9984310269355774,0.40725603699684143,0.24301573634147644,-0.07914188504219055,0.99957674741745,0.42224010825157166,0.25448018312454224,-0.13254663348197937,0.99950110912323,0.41317325830459595,0.2551523745059967,-0.131255641579628,0.9997395277023315,0.4477676749229431,0.30066290497779846,-0.04448297619819641,0.9997308254241943,0.3931695520877838,0.30908602476119995,-0.03351632505655289,0.9999587535858154,0.4576130509376526,0.3769749104976654,-0.03658735007047653,0.9613190293312073,0.3866959512233734,0.38950255513191223,-0.012206165120005608,0.9786086082458496,0.45427918434143066,0.4412454068660736,-0.1080661192536354,0.9541805982589722,0.3879992365837097,0.45911917090415955,-0.07294872403144836,0.9667664170265198,0.4527081549167633,0.4657899737358093,-0.1300499141216278,0.9317322373390198,0.38852691650390625,0.4808841347694397,-0.09285034239292145,0.9384650588035583,0.44857150316238403,0.46332380175590515,-0.14845189452171326,0.9338989853858948,0.39296847581863403,0.47906503081321716,-0.1104406863451004,0.9400330781936646,0.4476521909236908,0.45711761713027954,-0.11663355678319931,0.9222574830055237,0.39421018958091736,0.4723265469074249,-0.08101777732372284,0.9263437986373901,0.43880605697631836,0.4538673460483551,-0.002658302430063486,0.9991632103919983,0.4073610305786133,0.4546937644481659,0.002678405959159136,0.9995200634002686,0.43674641847610474,0.5668235421180725,-0.0021744838450104,0.9687876105308533,0.40828555822372437,0.5657622814178467,0.00021075939002912492,0.9895813465118408,0.4339328706264496,0.674985408782959,0.07086199522018433,0.9735620021820068,0.4121782183647156,0.6766546964645386,0.08036542683839798,0.9893571138381958,0.43045106530189514,0.6914312839508057,0.07328884303569794,0.9099132418632507,0.41585224866867065,0.6930283904075623,0.08304716646671295,0.8865052461624146,0.44389575719833374,0.7098703384399414,-0.00018170759722124785,0.9753317832946777,0.4035540223121643,0.7141954898834229,0.008886104449629784,0.982668399810791
35,turn,0.41696399450302124,0.24232767522335052,-0.16358521580696106,0.9997066855430603,0.42009225487709045,0.2335171401500702,-0.15377798676490784,0.9993865489959717,0.422321617603302,0.23341530561447144,-0.15379127860069275,0.9993529915809631,0.42449045181274414,0.23329158127307892,-0.1537790298461914,0.9994571208953857,0.41320735216140747,0.2347111999988556,-0.15286466479301453,0.9995905160903931,0.4113083481788635,0.2353271245956421,-0.15286917984485626,0.999629557132721,0.4098222255706787,0.23583397269248962,-0.15287449955940247,0.9996862411499023,0.4277210831642151,0.23897422850131989,-0.09036560356616974,0.9985792636871338,0.40713468194007874,0.24301283061504364,-0.08643816411495209,0.999612033367157,0.42219510674476624,0.25442516803741455,-0.13964444398880005,0.9995492696762085,0.4130987226963043,0.2551259696483612,-0.1384909451007843,0.9997639656066895,0.447725385427475,0.3006519675254822,-0.05096067860722542,0.9997529983520508,0.39300736784935,0.30928272008895874,-0.03944888710975647,0.9999585151672363,0.457552969455719,0.37722545862197876,-0.0380713976919651,0.9635862708091736,0.38666749000549316,0.38969308137893677,-0.016763649880886078,0.9785308837890625,0.4540249705314636,0.4414614737033844,-0.10685582458972931,0.9563013911247253,0.3879684805870056,0.4591198265552521,-0.07659090310335159,0.9667379260063171,0.4524940550327301,0.4659193754196167,-0.12822699546813965,0.9336887001991272,0.38853222131729126,0.4808632731437683,-0.09591217339038849,0.9383898377418518,0.44833165407180786,0.4633908271789551,-0.14686690270900726,0.9358277916908264,0.39297357201576233,0.47901588678359985,-0.11378191411495209,0.9399662613868713,0.44741135835647583,0.45726361870765686,-0.11540471017360687,0.9240517616271973,0.3942183554172516,0.47232234477996826,-0.08469506353139877,0.9263707399368286,0.43880873918533325,0.45394065976142883,-0.0027525846380740404,0.9992122054100037,0.407362163066864,0.45496508479118347,0.0027687561232596636,0.9995459914207458,0.4367387294769287,0.5668283104896545,-0.0023233862593770027,0.970937192440033,0.4082542061805725,0.5656489729881287,0.0010746871121227741,0.9899478554725647,0.43391552567481995,0.6749901175498962,0.0755709856748581,0.9752891063690186,0.41214364767074585,0.6762203574180603,0.08438002318143845,0.9897730350494385,0.4304031729698181,0.69130539894104,0.07845713943243027,0.912124514579773,0.4158302843570709,0.6922996044158936,0.08736272901296616,0.8890997171401978,0.4438652992248535,0.709877073764801,0.004707287065684795,0.9765737652778625,0.4035560190677643,0.7140833735466003,0.013224701397120953,0.9833034873008728
36,turn,0.4169042110443115,0.24230214953422546,-0.1638529896736145,0.9997351765632629,0.4200393259525299,0.233488529920578,-0.15402789413928986,0.9994447231292725,0.42228156328201294,0.2333909124135971,-0.1540404111146927,0.9994142055511475,0.42445850372314453,0.23327462375164032,-0.15402868390083313,0.9995076656341553,0.41313618421554565,0.23469126224517822,-0.1531905233860016,0.9996286630630493,0.4111805856227875,0.2353122979402542,-0.15319427847862244,0.9996634125709534,0.40971437096595764,0.23581744730472565,-0.1531980335712433,0.9997145533561707,0.4276222586631775,0.2389659881591797,-0.0906500294804573,0.998712956905365,0.407012403011322,0.24299933016300201,-0.08718694001436234,0.9996442794799805,0.4221172332763672,0.25441989302635193,-0.13993756473064423,0.999592661857605,0.4129810929298401,0.2551236152648926,-0.1389109194278717,0.9997860193252563,0.44761401414871216,0.3006417453289032,-0.051006514579057693,0.9997727274894714,0.392896831035614,0.30943986773490906,-0.04042362794280052,0.9999581575393677,0.4575161039829254,0.3771987557411194,-0.03697700798511505,0.9655851125717163,0.38659054040908813,0.3897863030433655,-0.01765257492661476,0.9782668948173523,0.45385536551475525,0.4415704607963562,-0.1024758592247963,0.9580803513526917,0.38795092701911926,0.4591168761253357,-0.07673077285289764,0.9662111401557922,0.452318012714386,0.4659408926963806,-0.1226058155298233,0.9351698756217957,0.38853514194488525,0.4808562099933624,-0.09584984928369522,0.9374740123748779,0.4481722414493561,0.4633544981479645,-0.1415630280971527,0.9372977018356323,0.3930011987686157,0.4789891839027405,-0.1136603131890297,0.9390709400177002,0.44727230072021484,0.4572387635707855,-0.11095227301120758,0.925337553024292,0.3942280411720276,0.4723166525363922,-0.0847981870174408,0.9254456162452698,0.4388105273246765,0.45388922095298767,-0.002744339406490326,0.9992557764053345,0.4073544144630432,0.45496395230293274,0.002761042444035411,0.9995691776275635,0.4367113709449768,0.5665323734283447,-0.0025678174570202827,0.9728707075119019,0.4082140028476715,0.5653071403503418,0.0010170212481170893,0.9902933835983276,0.4338809549808502,0.6750224828720093,0.07505925744771957,0.9768628478050232,0.41209927201271057,0.6759796142578125,0.08302219212055206,0.990165114402771,0.43038591742515564,0.6912782192230225,0.07776401191949844,0.9140066504478455,0.4158139228820801,0.6918900609016418,0.08586778491735458,0.8912221789360046,0.4438628554344177,0.7099725008010864,0.0038628564216196537,0.9776959419250488,0.4035445749759674,0.7140553593635559,0.01141846738755703,0.9838804006576538
37,turn,0.41688865423202515,0.2422742396593094,-0.16387873888015747,0.9997609257698059,0.4200236201286316,0.2334541380405426,-0.15404802560806274,0.9994974136352539,0.42227858304977417,0.2333591729402542,-0.15405982732772827,0.9994696378707886,0.424466997385025,0.23324932157993317,-0.1540490984916687,0.9995535612106323,0.41310420632362366,0.2346641570329666,-0.15327909588813782,0.9996632933616638,0.41109004616737366,0.2352932244539261,-0.15328365564346313,0.9996942281723022,0.4096509516239166,0.2357988953590393,-0.15328669548034668,0.9997403025627136,0.42758074402809143,0.23895877599716187,-0.09056705236434937,0.9988342523574829,0.4069453775882721,0.24298736453056335,-0.08750727027654648,0.9996740818023682,0.4220971167087555,0.2544160485267639,-0.1399184763431549,0.9996318817138672,0.41292572021484375,0.2551209032535553,-0.13900306820869446,0.9998060464859009,0.4475477635860443,0.30063217878341675,-0.050417911261320114,0.9997910261154175,0.39287418127059937,0.3094761371612549,-0.041050784289836884,0.9999582171440125,0.45747432112693787,0.3772118389606476,-0.03318754583597183,0.967485249042511,0.386512815952301,0.38978415727615356,-0.018028881400823593,0.9781821370124817,0.45374560356140137,0.4415615499019623,-0.09504179656505585,0.9599170088768005,0.3879435062408447,0.45911526679992676,-0.0766163021326065,0.9657997488975525,0.4521943926811218,0.4659651517868042,-0.11455269902944565,0.9369035959243774,0.3885396122932434,0.4808472990989685,-0.0956774428486824,0.9366776943206787,0.4480777680873871,0.4633199870586395,-0.13387739658355713,0.9390078783035278,0.3930125832557678,0.47893765568733215,-0.11348351091146469,0.9382804036140442,0.4471961557865143,0.4572165310382843,-0.10360437631607056,0.926921010017395,0.39423099160194397,0.472303569316864,-0.08466924726963043,0.9246291518211365,0.4388118386268616,0.4537557065486908,-0.002527699340134859,0.9992950558662415,0.40735048055648804,0.4549240171909332,0.0025378961581736803,0.9995900988578796,0.4367045760154724,0.5663756132125854,-0.002779854927212,0.9745027422904968,0.408189594745636,0.5652885437011719,-0.0006943871267139912,0.9905198216438293,0.4338408410549164,0.6750770807266235,0.07503208518028259,0.97813481092453,0.411845862865448,0.6759215593338013,0.08018214255571365,0.9904078245162964,0.4303170144557953,0.691278874874115,0.07764343917369843,0.9146795868873596,0.41567176580429077,0.6918160915374756,0.0828128382563591,0.8916471004486084,0.4438565671443939,0.7100053429603577,0.0037641520611941814,0.9785247445106506,0.40344682335853577,0.7140328288078308,0.007447141222655773,0.9842329621315002
38,turn,0.41683387756347656,0.24226529896259308,-0.16424305737018585,0.9997840523719788,0.4199739992618561,0.23344402015209198,-0.15444406867027283,0.9995446801185608,0.42225074768066406,0.23334874212741852,-0.1544554978609085,0.9995193481445312,0.4244595170021057,0.23323817551136017,-0.1544441282749176,0.9995946884155273,0.41303372383117676,0.23465938866138458,-0.1536385864019394,0.9996943473815918,0.4109798073768616,0.23528967797756195,-0.1536451280117035,0.9997218251228333,0.40957459807395935,0.2357952743768692,-0.15364883840084076,0.9997633695602417,0.4275294840335846,0.23895294964313507,-0.09092985838651657,0.9989431500434875,0.4069090485572815,0.24298417568206787,-0.0877111628651619,0.9997005462646484,0.42204397916793823,0.2544090151786804,-0.14025604724884033,0.9996671080589294,0.4128369688987732,0.25511935353279114,-0.13929444551467896,0.9998239874839783,0.4474722445011139,0.300624817609787,-0.05044206976890564,0.9998073577880859,0.39286190271377563,0.3094748258590698,-0.04107728227972984,0.9999582767486572,0.4574672281742096,0.3772521913051605,-0.0326441265642643,0.9692636132240295,0.38645997643470764,0.38974812626838684,-0.017911260947585106,0.9781969785690308,0.4536267817020416,0.44162988662719727,-0.0945494994521141,0.9616574048995972,0.3879013657569885,0.45911329984664917,-0.07650712877511978,0.9657197594642639,0.45211219787597656,0.4660353362560272,-0.11425505578517914,0.9386127591133118,0.38853082060813904,0.48082610964775085,-0.09561978280544281,0.9364279508590698,0.44801682233810425,0.4633947014808655,-0.13358476758003235,0.940685510635376,0.3930186927318573,0.47886526584625244,-0.11341078579425812,0.9380454421043396,0.44712987542152405,0.45730772614479065,-0.1031341701745987,0.9285169243812561,0.39422422647476196,0.47227922081947327,-0.08455786108970642,0.9244503974914551,0.4388177990913391,0.4537391662597656,-0.0025236024521291256,0.9993288516998291,0.4073430001735687,0.45492273569107056,0.002534345956519246,0.9996088147163391,0.436699777841568,0.5662447810173035,-0.002807679120451212,0.9759563207626343,0.4081191420555115,0.5652379989624023,-0.0009343918645754457,0.9907190203666687,0.4338366985321045,0.6751114726066589,0.074729785323143,0.9792579412460327,0.41156473755836487,0.6759127974510193,0.07950186729431152,0.9906324148178101,0.4303104877471924,0.6912627816200256,0.07726842910051346,0.9149961471557617,0.41558241844177246,0.6918240785598755,0.08203953504562378,0.8922243714332581,0.4438506066799164,0.7100337743759155,0.0033719814382493496,0.9792619347572327,0.4032970368862152,0.7140308022499084,0.0063835689797997475,0.9845649600028992
39,turn,0.4167267382144928,0.2422574758529663,-0.1637704074382782,0.9998047947883606,0.41990146040916443,0.2334354966878891,-0.1539924293756485,0.9995869398117065,0.42220035195350647,0.23334047198295593,-0.15400446951389313,0.9995638132095337,0.4244309365749359,0.23322899639606476,-0.15399327874183655,0.999631404876709,0.4129367768764496,0.2346559315919876,-0.15317626297473907,0.9997220039367676,0.41085878014564514,0.23528651893138885,-0.15318180620670319,0.9997463226318359,0.4094761312007904,0.2357923984527588,-0.1531853824853897,0.9997838139533997,0.427487850189209,0.23895549774169922,-0.09060116857290268,0.9990403652191162,0.4068487286567688,0.2429666519165039,-0.08729591965675354,0.9997236132621765,0.4219382703304291,0.2544061839580536,-0.1398252248764038,0.9996986985206604,0.4127004146575928,0.25511986017227173,-0.13883854448795319,0.9998400211334229,0.44740647077560425,0.30061477422714233,-0.050457268953323364,0.9998219013214111,0.3928196430206299,0.30947116017341614,-0.04087330773472786,0.9999580383300781,0.4574580192565918,0.37726229429244995,-0.03261979669332504,0.9709225296974182,0.3864005208015442,0.3897458016872406,-0.017719773575663567,0.9782140851020813,0.4535411298274994,0.44185692071914673,-0.09496958553791046,0.9633451700210571,0.3878632187843323,0.4591033160686493,-0.07626162469387054,0.9656518697738647,0.4520717263221741,0.4660665690898895,-0.1148669570684433,0.9403907656669617,0.3885263204574585,0.480790913105011,-0.09519772231578827,0.9362105131149292,0.44798269867897034,0.4634484052658081,-0.13413849472999573,0.9424175024032593,0.3930240869522095,0.4787713289260864,-0.11300556361675262,0.9378435015678406,0.44707661867141724,0.4573221802711487,-0.10355311632156372,0.9302508234977722,0.3942190408706665,0.4722406268119812,-0.0843178778886795,0.9243457317352295,0.438830703496933,0.4538104236125946,-0.0025545048993080854,0.9993575215339661,0.4073425829410553,0.45504820346832275,0.0025634795892983675,0.9996245503425598,0.43669581413269043,0.5660525560379028,-0.0027769559528678656,0.9772989749908447,0.4080415666103363,0.5652471780776978,-0.0008838420617394149,0.9909084439277649,0.43382787704467773,0.6751144528388977,0.0745050311088562,0.9803066849708557,0.4112779200077057,0.6758034825325012,0.07942067086696625,0.9908400774002075,0.43030422925949097,0.6911667585372925,0.07700355350971222,0.9152718782424927,0.41543570160865784,0.6917968988418579,0.08189304918050766,0.8929638266563416,0.44376879930496216,0.7100391387939453,0.0030286170076578856,0.9799594283103943,0.403256893157959,0.7139760255813599,0.006284994538873434,0.9848673343658447
40,turn,0.41666144132614136,0.24225100874900818,-0.16292107105255127,0.9998232126235962,0.4198627471923828,0.23340551555156708,-0.1530994474887848,0.9996240735054016,0.42217135429382324,0.23331010341644287,-0.15311260521411896,0.9996027946472168,0.4244162440299988,0.23320375382900238,-0.15309685468673706,0.9996633529663086,0.4128800928592682,0.23463915288448334,-0.15223385393619537,0.9997461438179016,0.41077113151550293,0.23527437448501587,-0.15224170684814453,0.9997674822807312,0.40939968824386597,0.23577800393104553,-0.1522487848997116,0.9998013973236084,0.4274526536464691,0.2389518767595291,-0.09012016654014587,0.9991254210472107,0.4068092703819275,0.24293860793113708,-0.0865691676735878,0.9997425675392151,0.42188119888305664,0.2544025480747223,-0.13922299444675446,0.9997266530990601,0.41260772943496704,0.2551184892654419,-0.13815954327583313,0.9998540282249451,0.44735628366470337,0.3005833923816681,-0.05025123804807663,0.9998340010643005,0.39279478788375854,0.3094726800918579,-0.04036789387464523,0.999957263469696,0.4574321210384369,0.37716835737228394,-0.03259690850973129,0.9722434282302856,0.38635939359664917,0.389727920293808,-0.0173310749232769,0.9781539440155029,0.45351529121398926,0.4419673979282379,-0.09532053768634796,0.964603841304779,0.3878577947616577,0.4590945243835449,-0.07597895711660385,0.9654662013053894,0.4520657956600189,0.4660845100879669,-0.11535682529211044,0.9415843486785889,0.3885287642478943,0.4807753264904022,-0.09481928497552872,0.9358652234077454,0.4479959011077881,0.4634726345539093,-0.13456390798091888,0.9435721039772034,0.39302682876586914,0.4787224531173706,-0.11268661171197891,0.9375243186950684,0.4470762610435486,0.4574233889579773,-0.10390546172857285,0.9313517212867737,0.39422228932380676,0.47222900390625,-0.08406826853752136,0.9241403937339783,0.43884462118148804,0.45404335856437683,-0.0026110957842320204,0.9993801712989807,0.4073430597782135,0.4554021656513214,0.0026197461411356926,0.9996375441551208,0.43669018149375916,0.5660479068756104,-0.0025835668202489614,0.9785000681877136,0.40791797637939453,0.5652974247932434,-0.00045398942893370986,0.9910825490951538,0.43382325768470764,0.6751185655593872,0.0747016966342926,0.9812586307525635,0.4110882878303528,0.6756945252418518,0.07949024438858032,0.9910393357276917,0.43029922246932983,0.69114089012146,0.07718747109174728,0.9157648086547852,0.41530489921569824,0.6917368769645691,0.08195878565311432,0.8942099213600159,0.4437311291694641,0.7100456953048706,0.003261252073571086,0.9805901646614075,0.4032171368598938,0.7139386534690857,0.006782800890505314,0.9851487278938293
41,turn,0.4165646433830261,0.24224036931991577,-0.16323241591453552,0.9998399019241333,0.41980305314064026,0.2333766371011734,-0.15339241921901703,0.999657928943634,0.422124445438385,0.23327983915805817,-0.1534062772989273,0.9996383190155029,0.4243857264518738,0.23317699134349823,-0.15338976681232452,0.9996926188468933,0.41280660033226013,0.23461952805519104,-0.1525784134864807,0.9997683167457581,0.4106764793395996,0.23525528609752655,-0.15258613228797913,0.9997869729995728,0.4093160033226013,0.23575274646282196,-0.1525937020778656,0.9998176097869873,0.42739349603652954,0.23894470930099487,-0.09039656817913055,0.9992028474807739,0.40676355361938477,0.24287569522857666,-0.08711710572242737,0.9997604489326477,0.42177215218544006,0.2543978691101074,-0.13954246044158936,0.9997519254684448,0.41248950362205505,0.255114883184433,-0.13855548202991486,0.999866783618927,0.44727787375450134,0.3005440831184387,-0.05111096426844597,0.9998448491096497,0.3927307724952698,0.3095184862613678,-0.04103958234190941,0.999956488609314,0.4573599398136139,0.37703511118888855,-0.033747415989637375,0.9734963774681091,0.3863118290901184,0.3898276090621948,-0.018283769488334656,0.978080153465271,0.4534984230995178,0.4424686133861542,-0.09657375514507294,0.965790331363678,0.3878578543663025,0.45927780866622925,-0.07669965922832489,0.9651689529418945,0.45207786560058594,0.46629372239112854,-0.11655740439891815,0.9426972270011902,0.3885513246059418,0.48086288571357727,-0.0954265147447586,0.9353142380714417,0.4480137825012207,0.46374163031578064,-0.13582494854927063,0.9446564316749573,0.393085777759552,0.478732168674469,-0.11330362409353256,0.9370033740997314,0.4470880627632141,0.45783716440200806,-0.10512484610080719,0.9324098229408264,0.39426887035369873,0.472263365983963,-0.08476577699184418,0.9236785173416138,0.4388565421104431,0.45413440465927124,-0.002611111383885145,0.9993990063667297,0.40736013650894165,0.455632746219635,0.002619661157950759,0.9996490478515625,0.4366866648197174,0.5659010410308838,-0.001752635114826262,0.9795209169387817,0.40786153078079224,0.5653126835823059,-0.00016752937517594546,0.9912185668945312,0.43381771445274353,0.6751200556755066,0.07468079030513763,0.9820865988731384,0.4110076427459717,0.6756888031959534,0.07943569868803024,0.9912148118019104,0.4303000867366791,0.6911264061927795,0.07711027562618256,0.9163997173309326,0.4152461588382721,0.6917491555213928,0.08193495124578476,0.8953401446342468,0.44375768303871155,0.7100197672843933,0.003279963042587042,0.9811286926269531,0.4031522870063782,0.7139316201210022,0.006730604916810989,0.985376238822937
42,turn,0.4163947105407715,0.24222996830940247,-0.16313208639621735,0.9998549222946167,0.4196728765964508,0.23336045444011688,-0.1532735526561737,0.9996885657310486,0.42200884222984314,0.23326192796230316,-0.15328755974769592,0.9996705055236816,0.42429009079933167,0.23316453397274017,-0.15327191352844238,0.9997192025184631,0.41268664598464966,0.23461174964904785,-0.15246440470218658,0.9997882843017578,0.41055741906166077,0.2352466732263565,-0.15247154235839844,0.9998045563697815,0.4092121124267578,0.23574011027812958,-0.15247873961925507,0.999832272529602,0.4272901117801666,0.2389378696680069,-0.0902581661939621,0.9992732405662537,0.4067155420780182,0.24285627901554108,-0.08695090562105179,0.9997764229774475,0.42160916328430176,0.25439485907554626,-0.13940313458442688,0.999774694442749,0.41234296560287476,0.25510790944099426,-0.1384257674217224,0.9998782277107239,0.4471990466117859,0.30053451657295227,-0.050973158329725266,0.9998542666435242,0.3926616311073303,0.30955588817596436,-0.040932510048151016,0.9999551773071289,0.4572029113769531,0.37696659564971924,-0.033759843558073044,0.9745507836341858,0.3862740695476532,0.3898451030254364,-0.018327107653021812,0.9778462648391724,0.4534881114959717,0.44260188937187195,-0.09663424640893936,0.9667491912841797,0.3878577947616577,0.459380179643631,-0.07666734606027603,0.964767575263977,0.45206958055496216,0.4666197896003723,-0.11665214598178864,0.943527102470398,0.38855549693107605,0.4809088706970215,-0.09540243446826935,0.9346082210540771,0.4480070471763611,0.46414434909820557,-0.13588587939739227,0.9454725384712219,0.39309123158454895,0.47873857617378235,-0.11325037479400635,0.9363364577293396,0.4470743238925934,0.4583170711994171,-0.10518864542245865,0.9331530332565308,0.3942722976207733,0.4722975790500641,-0.08472223579883575,0.9229923486709595,0.43884530663490295,0.4540931284427643,-0.002641098340973258,0.9994146823883057,0.40733885765075684,0.455610066652298,0.0026498334482312202,0.9996573328971863,0.4366217255592346,0.5643240809440613,-0.0029830702114850283,0.98036128282547,0.4078126847743988,0.5651693344116211,-0.00040141516365110874,0.9912646412849426,0.43374451994895935,0.6749340891838074,0.07456846535205841,0.9826892018318176,0.4109770655632019,0.6756890416145325,0.07881508767604828,0.9913209080696106,0.4302498698234558,0.6906549334526062,0.07709527015686035,0.9161922335624695,0.4152061343193054,0.691756010055542,0.08126403391361237,0.8958854675292969,0.4437473714351654,0.7099513411521912,0.0031342681031674147,0.981467068195343,0.4030364155769348,0.713957667350769,0.006230325438082218,0.9855003356933594
43,turn,0.4163084924221039,0.24222570657730103,-0.16711583733558655,0.9998685121536255,0.4196041226387024,0.23335205018520355,-0.1572096049785614,0.9997162818908691,0.42194414138793945,0.23325364291667938,-0.15722259879112244,0.999699592590332,0.4242405891418457,0.23315605521202087,-0.15720920264720917,0.9997432231903076,0.4126250743865967,0.23460786044597626,-0.15649236738681793,0.9998064041137695,0.41048017144203186,0.2352437525987625,-0.15650036931037903,0.9998205900192261,0.40914392471313477,0.2357357293367386,-0.15650740265846252,0.9998456239700317,0.42721572518348694,0.23893491923809052,-0.0934646725654602,0.9993368983268738,0.4066846966743469,0.24285025894641876,-0.09061881899833679,0.9997912645339966,0.4214915633201599,0.254392147064209,-0.14305703341960907,0.9997953176498413,0.41226109862327576,0.2551109194755554,-0.1422208696603775,0.9998886585235596,0.4471345543861389,0.30052629113197327,-0.05312304571270943,0.9998629093170166,0.39263516664505005,0.30960994958877563,-0.0433313325047493,0.999954342842102,0.45715412497520447,0.37696003913879395,-0.034297216683626175,0.9755959510803223,0.3862513601779938,0.3898325264453888,-0.01981235481798649,0.9775874018669128,0.45349282026290894,0.4431037902832031,-0.0966135784983635,0.9676468968391418,0.38785305619239807,0.45941606163978577,-0.07794756442308426,0.9643906950950623,0.45208272337913513,0.4672258198261261,-0.1165294274687767,0.9442655444145203,0.38854533433914185,0.4809139668941498,-0.09651930630207062,0.9339848160743713,0.44802457094192505,0.4648841917514801,-0.135773167014122,0.9462098479270935,0.39307069778442383,0.4787362813949585,-0.11451315879821777,0.935749351978302,0.4470853805541992,0.45914217829704285,-0.10516095161437988,0.9338449239730835,0.39424991607666016,0.4723171591758728,-0.08603101968765259,0.9223763942718506,0.438847154378891,0.4538893699645996,-0.0026704068295657635,0.9994298219680786,0.4073363244533539,0.4554695188999176,0.002678563818335533,0.9996654987335205,0.4365646243095398,0.5636739730834961,-0.0030480343848466873,0.9811504483222961,0.40781092643737793,0.5648300051689148,-0.0003946706128772348,0.9913133382797241,0.4337153434753418,0.6748980283737183,0.07463763654232025,0.9832783937454224,0.4109783172607422,0.6756820678710938,0.07889117300510406,0.9914292097091675,0.4302234649658203,0.6905221939086914,0.07719670236110687,0.9161893129348755,0.4152032732963562,0.6917597055435181,0.08134843409061432,0.8964150547981262,0.4437498450279236,0.7099467515945435,0.003319269511848688,0.9818152189254761,0.4029812812805176,0.7139561772346497,0.006289464887231588,0.9856404662132263
44,turn,0.41621437668800354,0.24225977063179016,-0.1694459617137909,0.999880850315094,0.41954588890075684,0.23337218165397644,-0.15948732197284698,0.9997416734695435,0.42189520597457886,0.23327814042568207,-0.15949876606464386,0.9997263550758362,0.42420944571495056,0.2331739068031311,-0.1594855785369873,0.9997654557228088,0.4125688970088959,0.23462159931659698,-0.15877319872379303,0.9998230934143066,0.41041141748428345,0.23525720834732056,-0.15878082811832428,0.9998354911804199,0.4090832769870758,0.2357417196035385,-0.1587861031293869,0.9998580813407898,0.42717236280441284,0.23895248770713806,-0.09532405436038971,0.9993957281112671,0.4066668152809143,0.24284784495830536,-0.09243205934762955,0.9998054504394531,0.42135611176490784,0.2544126808643341,-0.14519824087619781,0.9998141527175903,0.41216596961021423,0.25514233112335205,-0.1443571150302887,0.9998982548713684,0.4470639228820801,0.30051910877227783,-0.054516397416591644,0.9998713731765747,0.3926081955432892,0.3096809685230255,-0.04418857395648956,0.9999536871910095,0.45713454484939575,0.3769914507865906,-0.03485511615872383,0.9767029881477356,0.38623911142349243,0.3898288607597351,-0.02003582939505577,0.9773919582366943,0.45349282026290894,0.44390496611595154,-0.09667693078517914,0.9686749577522278,0.3878525197505951,0.45941001176834106,-0.07839085161685944,0.9642621874809265,0.4520973265171051,0.46822476387023926,-0.11657314002513885,0.9452999234199524,0.38852784037590027,0.4809046983718872,-0.09696401655673981,0.9337636232376099,0.4480387568473816,0.4660486876964569,-0.13578222692012787,0.9472294449806213,0.39300447702407837,0.47869494557380676,-0.11510469764471054,0.9355641603469849,0.447086900472641,0.46038347482681274,-0.10521582514047623,0.9348865747451782,0.3941737413406372,0.47229889035224915,-0.08652627468109131,0.9221891164779663,0.43884554505348206,0.453643262386322,-0.002925872802734375,0.9994460940361023,0.4073184132575989,0.4552158713340759,0.002931978553533554,0.9996734261512756,0.43653374910354614,0.5633710026741028,-0.004125569481402636,0.9819884896278381,0.4077964425086975,0.5646647214889526,-0.0002862473775167018,0.9913974404335022,0.43370723724365234,0.6748812198638916,0.07458898425102234,0.9839126467704773,0.41097259521484375,0.6756856441497803,0.0793321281671524,0.9915747046470642,0.43021059036254883,0.6904584169387817,0.07712295651435852,0.916199803352356,0.4151763319969177,0.6917930841445923,0.08181602507829666,0.8973827362060547,0.4436883330345154,0.7099236249923706,0.003205821616575122,0.982221782207489,0.4027254581451416,0.7139555215835571,0.006524109281599522,0.9858412742614746
45,turn,0.4161626696586609,0.24232175946235657,-0.16858316957950592,0.9998919367790222,0.41950327157974243,0.23341375589370728,-0.15863533318042755,0.9997644424438477,0.4218519330024719,0.23332813382148743,-0.15864673256874084,0.9997503757476807,0.42417651414871216,0.23321844637393951,-0.15863379836082458,0.9997853636741638,0.4125463366508484,0.2346448302268982,-0.15795230865478516,0.99983811378479,0.41037851572036743,0.23528090119361877,-0.15795914828777313,0.9998489022254944,0.40905413031578064,0.23575986921787262,-0.157963827252388,0.9998692870140076,0.4271184504032135,0.23899243772029877,-0.09463513642549515,0.9994480609893799,0.4066651463508606,0.24284468591213226,-0.0919601172208786,0.9998182654380798,0.4212605059146881,0.25445327162742615,-0.14440982043743134,0.999830961227417,0.4121212065219879,0.25519177317619324,-0.14362479746341705,0.9999067783355713,0.4470156729221344,0.30055737495422363,-0.054029762744903564,0.9998785853385925,0.3925560712814331,0.3097604215145111,-0.04419419541954994,0.9999531507492065,0.457087904214859,0.37699270248413086,-0.034570470452308655,0.977562665939331,0.38621634244918823,0.3898589313030243,-0.02015029266476631,0.9772119522094727,0.45349836349487305,0.4439654052257538,-0.09513092786073685,0.969383955001831,0.38785073161125183,0.45939603447914124,-0.07823343575000763,0.9640102386474609,0.45214787125587463,0.4684878885746002,-0.11453977972269058,0.9458451271057129,0.3884966969490051,0.4808865785598755,-0.09685136377811432,0.9333261251449585,0.4480668902397156,0.46640855073928833,-0.13376834988594055,0.9477878212928772,0.3929121494293213,0.4786440432071686,-0.11497213691473007,0.935154139995575,0.44709092378616333,0.46082890033721924,-0.10365903377532959,0.9353829026222229,0.3940805196762085,0.4722611606121063,-0.08635842055082321,0.9217048287391663,0.4388464391231537,0.4533593952655792,-0.0029363713692873716,0.999460756778717,0.4073178172111511,0.45489102602005005,0.002941800281405449,0.999680757522583,0.4365066587924957,0.5632556676864624,-0.0040430473163723946,0.9827423095703125,0.4077945351600647,0.5642189979553223,-0.0002910988696385175,0.9915227293968201,0.43370452523231506,0.6748818159103394,0.07286465913057327,0.9845497012138367,0.41090479493141174,0.6756458282470703,0.07813213765621185,0.9917495250701904,0.43020129203796387,0.6904574632644653,0.07513484358787537,0.9168674349784851,0.4151356816291809,0.6917645931243896,0.08041886240243912,0.8982905745506287,0.4436708986759186,0.7099018692970276,0.0008240607567131519,0.9826812148094177,0.4026776850223541,0.7139091491699219,0.005196420010179281,0.9860890507698059
46,turn,0.41614237427711487,0.24236097931861877,-0.172354593873024,0.999902069568634,0.41947442293167114,0.23344139754772186,-0.1623513102531433,0.9997854232788086,0.4218205511569977,0.23336449265480042,-0.16235995292663574,0.9997724890708923,0.4241512715816498,0.23325447738170624,-0.16234762966632843,0.9998037815093994,0.4125302731990814,0.2346535325050354,-0.16183260083198547,0.9998520612716675,0.4103502631187439,0.23528878390789032,-0.16184082627296448,0.999861478805542,0.4090246558189392,0.2357659488916397,-0.1618453413248062,0.9998798370361328,0.42705464363098145,0.2389996200799942,-0.09797926247119904,0.9994964599609375,0.4066602289676666,0.2428421825170517,-0.09615263342857361,0.9998309016227722,0.4212183356285095,0.2544870674610138,-0.14802731573581696,0.999846339225769,0.4121055603027344,0.25523117184638977,-0.1474906951189041,0.9999146461486816,0.4469761252403259,0.30058714747428894,-0.056472815573215485,0.9998852610588074,0.3924919068813324,0.30994099378585815,-0.04775916039943695,0.9999527335166931,0.4570345878601074,0.37698161602020264,-0.03592364490032196,0.9784334897994995,0.3861997723579407,0.3900531828403473,-0.023124489933252335,0.9772375226020813,0.45353594422340393,0.44398337602615356,-0.09608935564756393,0.970252275466919,0.38784974813461304,0.4594532549381256,-0.0797736868262291,0.9640643000602722,0.45231515169143677,0.4686439037322998,-0.11513300985097885,0.9467126727104187,0.38847190141677856,0.48092198371887207,-0.09810499101877213,0.933276355266571,0.44819802045822144,0.4666586220264435,-0.13458022475242615,0.948663055896759,0.39287132024765015,0.4786667823791504,-0.11612304300069809,0.9351238012313843,0.44716835021972656,0.46110475063323975,-0.10468649864196777,0.9362736344337463,0.3940475583076477,0.4722924828529358,-0.08782656490802765,0.921693742275238,0.43886297941207886,0.452804833650589,-0.002985847182571888,0.9994732141494751,0.407334566116333,0.4544091522693634,0.0029891980811953545,0.9996878504753113,0.43648165464401245,0.5628942847251892,-0.003964251838624477,0.983411431312561,0.4077913761138916,0.5637829899787903,-0.00021828574244864285,0.9916064143180847,0.4336923658847809,0.6748814582824707,0.07122685015201569,0.9851077198982239,0.4108184278011322,0.6755987405776978,0.07685200124979019,0.9919141530990601,0.43016234040260315,0.6904537677764893,0.07329293340444565,0.9173740148544312,0.4150863289833069,0.6917479038238525,0.07889782637357712,0.8992429971694946,0.44366031885147095,0.7098826766014099,-0.0012760714162141085,0.9830953478813171,0.40243086218833923,0.7139075398445129,0.003506934968754649,0.9863322377204895
47,turn,0.41614294052124023,0.24237115681171417,-0.1720982939004898,0.9999111294746399,0.4194747507572174,0.23344260454177856,-0.16201144456863403,0.9998041391372681,0.421820729970932,0.23336617648601532,-0.1620207130908966,0.999792218208313,0.4241531491279602,0.2332567423582077,-0.16200754046440125,0.9998202323913574,0.41253048181533813,0.23465272784233093,-0.16158941388130188,0.9998644590377808,0.41034260392189026,0.23528790473937988,-0.16159643232822418,0.999872624874115,0.40900611877441406,0.23576439917087555,-0.16160057485103607,0.9998891353607178,0.4270291328430176,0.23899205029010773,-0.09759322553873062,0.9995394349098206,0.406658798456192,0.24279600381851196,-0.09623296558856964,0.9998416900634766,0.42121919989585876,0.25449153780937195,-0.14778614044189453,0.9998599886894226,0.4121057093143463,0.2552383542060852,-0.1473911553621292,0.9999216198921204,0.4469625949859619,0.3006603717803955,-0.0565461590886116,0.9998907446861267,0.3924250602722168,0.3100186884403229,-0.048667408525943756,0.9999516010284424,0.45701050758361816,0.37696996331214905,-0.03686654567718506,0.9791478514671326,0.38616257905960083,0.3901483416557312,-0.02480882592499256,0.9772469401359558,0.4535638689994812,0.4440170228481293,-0.09742625057697296,0.9709196090698242,0.3878333866596222,0.459518164396286,-0.08078013360500336,0.9638907313346863,0.45244455337524414,0.46873757243156433,-0.11636717617511749,0.9472869634628296,0.3884485363960266,0.48096397519111633,-0.0990985557436943,0.9328587055206299,0.44833430647850037,0.4667914807796478,-0.13583388924598694,0.9492473602294922,0.3928452730178833,0.478694885969162,-0.11688821017742157,0.9347440600395203,0.44725456833839417,0.46123602986335754,-0.10605113208293915,0.9368270635604858,0.39401543140411377,0.47232288122177124,-0.08874914050102234,0.9212679862976074,0.4388484060764313,0.45262610912323,-0.0029843675438314676,0.9994835257530212,0.4073200225830078,0.4541451036930084,0.002987423911690712,0.999692976474762,0.4364682734012604,0.5626111626625061,-0.003931710496544838,0.9840390682220459,0.40776094794273376,0.5635421872138977,-0.0002123877202393487,0.9917154908180237,0.433692991733551,0.6748725175857544,0.06872357428073883,0.9856610894203186,0.41072648763656616,0.6755613684654236,0.07449262589216232,0.9920970797538757,0.43016332387924194,0.6904476881027222,0.07052400708198547,0.9180983901023865,0.4150281846523285,0.6917389035224915,0.07626045495271683,0.9003482460975647,0.4436355531215668,0.7098001837730408,-0.00428523076698184,0.9835445284843445,0.4023410379886627,0.7139030694961548,0.000899250153452158,0.9865936636924744
48,turn,0.4161381721496582,0.24241049587726593,-0.17143486440181732,0.9999192953109741,0.41946983337402344,0.2334812432527542,-0.16138294339179993,0.99982088804245,0.42181700468063354,0.23340322077274323,-0.16139277815818787,0.999809980392456,0.4241517186164856,0.23328711092472076,-0.16138000786304474,0.9998350143432617,0.41252654790878296,0.23467428982257843,-0.16092292964458466,0.9998754858970642,0.41032880544662476,0.2353052943944931,-0.1609293669462204,0.9998825192451477,0.4089810848236084,0.2357787936925888,-0.16093342006206512,0.9998974204063416,0.42699822783470154,0.23899215459823608,-0.09707249701023102,0.9995781779289246,0.40665850043296814,0.24278560280799866,-0.0955033153295517,0.9998511672019958,0.4212180972099304,0.254496693611145,-0.14715884625911713,0.9998723268508911,0.4120989441871643,0.25524842739105225,-0.14670249819755554,0.9999278783798218,0.4469543397426605,0.3006996512413025,-0.0561504140496254,0.999896228313446,0.3923950791358948,0.31008487939834595,-0.048033926635980606,0.999950647354126,0.4569780230522156,0.3769473731517792,-0.03661683574318886,0.9798336625099182,0.38614410161972046,0.3903002142906189,-0.024174151942133904,0.9771547913551331,0.4535679817199707,0.4441901743412018,-0.09741617739200592,0.9715846180915833,0.3878176510334015,0.4595221281051636,-0.0804731622338295,0.9636421799659729,0.4524659514427185,0.4689908027648926,-0.11639624834060669,0.9479556679725647,0.388425350189209,0.48097115755081177,-0.0988563820719719,0.9324038624763489,0.4483470022678375,0.4670948386192322,-0.1358528733253479,0.9499162435531616,0.3927934169769287,0.47870033979415894,-0.1166461929678917,0.9343218207359314,0.4472580850124359,0.4615238308906555,-0.10604351758956909,0.9374852776527405,0.3939514756202698,0.4723277688026428,-0.08845379203557968,0.9207450747489929,0.4388352930545807,0.45259106159210205,-0.002964822808280587,0.9994950890541077,0.4072834551334381,0.45400097966194153,0.0029667350463569164,0.999697744846344,0.43646305799484253,0.5626696348190308,-0.0038781811017543077,0.9846906661987305,0.40774187445640564,0.5636202692985535,-0.00031533342553302646,0.99187171459198,0.4337039589881897,0.6748846173286438,0.06916840374469757,0.9862127900123596,0.4106411337852478,0.6755414605140686,0.07449644804000854,0.9922780990600586,0.4301697611808777,0.6904493570327759,0.07110278308391571,0.9186105132102966,0.4149624705314636,0.6917402148246765,0.07639138400554657,0.9011132121086121,0.4436049461364746,0.709796667098999,-0.003727119881659746,0.983983039855957,0.40225750207901,0.7138900756835938,0.0009342957055196166,0.9868562817573547
49,turn,0.4160855710506439,0.2423507273197174,-0.17284329235553741,0.9999266266822815,0.4194280207157135,0.23345805704593658,-0.16283968091011047,0.9998360276222229,0.42178353667259216,0.23337842524051666,-0.16284848749637604,0.9998260140419006,0.4241303503513336,0.23326948285102844,-0.16283664107322693,0.9998483657836914,0.41249698400497437,0.23465955257415771,-0.16232208907604218,0.9998854994773865,0.41029128432273865,0.235283762216568,-0.16232948005199432,0.9998915195465088,0.40893444418907166,0.2357475757598877,-0.1623341590166092,0.999904990196228,0.42694801092147827,0.23894555866718292,-0.09864417463541031,0.9996132850646973,0.4066515862941742,0.24270057678222656,-0.09677968174219131,0.9998598694801331,0.4211804270744324,0.2544506788253784,-0.1486063152551651,0.9998834729194641,0.4120626449584961,0.25520822405815125,-0.1480722725391388,0.9999335408210754,0.4469483494758606,0.30072855949401855,-0.057164620608091354,0.9999006390571594,0.3923428952693939,0.31017690896987915,-0.049248840659856796,0.9999497532844543,0.4569495618343353,0.3769579529762268,-0.036593277007341385,0.9804774522781372,0.38605281710624695,0.3903476595878601,-0.024755563586950302,0.9770997166633606,0.45357245206832886,0.44445139169692993,-0.0968160480260849,0.9721285700798035,0.38776537775993347,0.45951762795448303,-0.08054623752832413,0.9633939266204834,0.45247870683670044,0.46931058168411255,-0.11548744142055511,0.9484204649925232,0.3883923590183258,0.48097628355026245,-0.09887184202671051,0.9318899512290955,0.4483507573604584,0.4674365520477295,-0.13502004742622375,0.9503890872001648,0.3927404284477234,0.4786991477012634,-0.11661408096551895,0.9338372349739075,0.44726499915122986,0.4618666470050812,-0.1054149866104126,0.9379286766052246,0.3938846290111542,0.47232574224472046,-0.08850205689668655,0.9201570749282837,0.4388076663017273,0.4525264799594879,-0.0029202555306255817,0.9995036125183105,0.4072052836418152,0.4538375437259674,0.002919577294960618,0.9997016787528992,0.4364588260650635,0.5626842379570007,-0.003846853505820036,0.9852628111839294,0.4077107310295105,0.5635872483253479,-0.0004414895665831864,0.9920213222503662,0.4337140917778015,0.6748815774917603,0.06941929459571838,0.9867016077041626,0.4105716645717621,0.6755367517471313,0.0741676315665245,0.992448627948761,0.43017011880874634,0.690447211265564,0.07141947001218796,0.9190298318862915,0.4149172902107239,0.6917639374732971,0.0760960727930069,0.9018575549125671,0.4435915946960449,0.7097905278205872,-0.003467617556452751,0.9843634366989136,0.40220537781715393,0.7138882279396057,0.0004794349952135235,0.987102210521698
50,turn,0.4160587191581726,0.24227941036224365,-0.17198655009269714,0.999933123588562,0.4194064736366272,0.23342372477054596,-0.16184160113334656,0.9998493790626526,0.4217619299888611,0.23334629833698273,-0.16185137629508972,0.9998400807380676,0.4241146147251129,0.2332492172718048,-0.16184023022651672,0.9998600482940674,0.4124833941459656,0.23463469743728638,-0.16140803694725037,0.9998943209648132,0.41026735305786133,0.23525173962116241,-0.16141369938850403,0.9998993873596191,0.4089016020298004,0.23570579290390015,-0.16141971945762634,0.9999115467071533,0.4269115924835205,0.23891569674015045,-0.09780420362949371,0.9996436834335327,0.40664687752723694,0.24261383712291718,-0.09647741913795471,0.9998671412467957,0.42115840315818787,0.2544105648994446,-0.14790624380111694,0.9998931884765625,0.4120360314846039,0.25517842173576355,-0.1475333273410797,0.999938428401947,0.44694218039512634,0.30075040459632874,-0.056916989386081696,0.9999034404754639,0.39230620861053467,0.3102501332759857,-0.04869627207517624,0.9999485611915588,0.4569128155708313,0.3768673837184906,-0.03632460907101631,0.9808194041252136,0.3859345316886902,0.39047539234161377,-0.024351036176085472,0.9769832491874695,0.4535868763923645,0.44445449113845825,-0.09602178633213043,0.9722312688827515,0.3877224624156952,0.45957738161087036,-0.07977845519781113,0.9629197120666504,0.4524935185909271,0.4693599343299866,-0.11465582996606827,0.9481756687164307,0.38838523626327515,0.4810202717781067,-0.0978570431470871,0.9310463666915894,0.4483688771724701,0.4674605131149292,-0.13409122824668884,0.9501768350601196,0.3927173614501953,0.4787139892578125,-0.11530409753322601,0.9330258369445801,0.44729167222976685,0.4618769884109497,-0.10459691286087036,0.9375800490379333,0.3938407003879547,0.47233885526657104,-0.08760587871074677,0.9192075133323669,0.43881064653396606,0.45252853631973267,-0.0028024695347994566,0.9995074272155762,0.4072043001651764,0.4538372755050659,0.00280122272670269,0.9997040629386902,0.4364570677280426,0.5626975297927856,-0.003561010118573904,0.9856280088424683,0.4077081084251404,0.5634375214576721,-0.0008322627400048077,0.9920980334281921,0.4337131083011627,0.674890398979187,0.06903232634067535,0.9870104193687439,0.41051626205444336,0.6755346059799194,0.0725269690155983,0.9925391674041748,0.4301680624485016,0.6904932260513306,0.07097683846950531,0.9194183945655823,0.4148584008216858,0.691771924495697,0.0743793174624443,0.901970624923706,0.44360724091529846,0.7097514867782593,-0.003590596839785576,0.9845670461654663,0.4022049009799957,0.7138153314590454,-0.0009971603285521269,0.9871951341629028
51,turn,0.41603994369506836,0.24212948977947235,-0.16885113716125488,0.9999389052391052,0.41939735412597656,0.23332922160625458,-0.1586528718471527,0.9998610019683838,0.4217550754547119,0.23325856029987335,-0.15866419672966003,0.9998523592948914,0.42411208152770996,0.23318570852279663,-0.15865251421928406,0.9998701214790344,0.41247648000717163,0.2345539927482605,-0.15823015570640564,0.9999019503593445,0.4102490544319153,0.23515278100967407,-0.15823346376419067,0.9999061226844788,0.40887776017189026,0.23557858169078827,-0.1582401543855667,0.9999171495437622,0.4268971383571625,0.23886722326278687,-0.09506829082965851,0.99966961145401,0.40664663910865784,0.2424069494009018,-0.0939897894859314,0.9998728036880493,0.4211501181125641,0.2543295621871948,-0.14503419399261475,0.9999017119407654,0.41201692819595337,0.25510409474372864,-0.14472131431102753,0.9999426603317261,0.4469354748725891,0.30076485872268677,-0.055655814707279205,0.9999057650566101,0.3922426104545593,0.3103484809398651,-0.04793795943260193,0.9999473690986633,0.4568905830383301,0.376816987991333,-0.03572452813386917,0.9810360670089722,0.385749876499176,0.39056506752967834,-0.02399086393415928,0.976869523525238,0.4535897374153137,0.4445336163043976,-0.09517168998718262,0.9722248315811157,0.38764092326164246,0.45976197719573975,-0.07774203270673752,0.9623718857765198,0.4525173604488373,0.46950066089630127,-0.11379524320363998,0.9478228092193604,0.3883605897426605,0.48115256428718567,-0.095553457736969,0.9301239252090454,0.4483878016471863,0.467542827129364,-0.13309898972511292,0.9498513340950012,0.39267832040786743,0.47879862785339355,-0.11269728094339371,0.9321158528327942,0.44730573892593384,0.4619401693344116,-0.10369889438152313,0.9371261596679688,0.39376288652420044,0.47241199016571045,-0.08541437983512878,0.9181390404701233,0.43881067633628845,0.4526641368865967,-0.002628978807479143,0.9995117783546448,0.4071909785270691,0.45394834876060486,0.0026261245366185904,0.9997062087059021,0.4364413619041443,0.5629805326461792,-0.0018533130642026663,0.9858505129814148,0.407703161239624,0.5633912682533264,-0.0008846198907122016,0.9921176433563232,0.4337086081504822,0.6750290989875793,0.0692017450928688,0.9872139692306519,0.41034406423568726,0.6755328178405762,0.07257839292287827,0.9925510287284851,0.4301322400569916,0.6906988024711609,0.07119324058294296,0.9195138812065125,0.4147300720214844,0.6917762160301208,0.07450563460588455,0.9012714624404907,0.4436761736869812,0.7097530961036682,-0.003494557458907366,0.9846622943878174,0.40220150351524353,0.7138049006462097,-0.0006583756767213345,0.9871764779090881
52,turn,0.41603875160217285,0.2420518696308136,-0.16768786311149597,0.9999440908432007,0.41939663887023926,0.23328524827957153,-0.15752935409545898,0.9998713135719299,0.42175427079200745,0.23321817815303802,-0.1575412154197693,0.9998632073402405,0.4241115152835846,0.23315636813640594,-0.1575305163860321,0.999879002571106,0.4124765396118164,0.2345198541879654,-0.15710967779159546,0.9999086856842041,0.4102465510368347,0.23511511087417603,-0.15711301565170288,0.9999119639396667,0.408866822719574,0.23553255200386047,-0.15711984038352966,0.999921977519989,0.42688506841659546,0.23884226381778717,-0.09407378733158112,0.9996927380561829,0.40664711594581604,0.24229620397090912,-0.09308035671710968,0.9998775720596313,0.4211503863334656,0.2542884051799774,-0.14390549063682556,0.9999092221260071,0.41201409697532654,0.2550727427005768,-0.14360582828521729,0.9999462962150574,0.44693318009376526,0.3008018732070923,-0.055221088230609894,0.9999075531959534,0.3921756446361542,0.3103727400302887,-0.04771598055958748,0.9999462962150574,0.4568547308444977,0.3767724633216858,-0.03569934517145157,0.9812299013137817,0.3856674134731293,0.3906192481517792,-0.023905452340841293,0.9767789244651794,0.45359522104263306,0.44453883171081543,-0.09522049874067307,0.9722490310668945,0.3875426948070526,0.4597722887992859,-0.07716135680675507,0.9620055556297302,0.45253443717956543,0.46954116225242615,-0.1138778105378151,0.9475532174110413,0.38833087682724,0.48116642236709595,-0.09494756907224655,0.929510772228241,0.4484046995639801,0.46755197644233704,-0.13320347666740417,0.9496017694473267,0.3926330804824829,0.4788029193878174,-0.11212630569934845,0.9315231442451477,0.44732075929641724,0.4619408845901489,-0.10374371707439423,0.9367583990097046,0.393680602312088,0.4724157452583313,-0.08484558761119843,0.9174440503120422,0.4388074278831482,0.4526703357696533,-0.002555273938924074,0.9995133280754089,0.40714994072914124,0.45396143198013306,0.002552789170295,0.9997079968452454,0.4364359378814697,0.5629561543464661,-0.0018703292589634657,0.985971987247467,0.40769487619400024,0.5632995367050171,-0.0012082508765161037,0.9920972585678101,0.4337013363838196,0.6750693917274475,0.06720946729183197,0.9873027205467224,0.41025424003601074,0.6755390763282776,0.0706503614783287,0.9925369024276733,0.4300912022590637,0.6908996105194092,0.06893378496170044,0.9193732738494873,0.41466251015663147,0.6917945146560669,0.07239614427089691,0.9006791114807129,0.44380322098731995,0.7097520232200623,-0.0051019685342907906,0.9846549034118652,0.4021986126899719,0.7137309312820435,-0.002514039631932974,0.9871049523353577
53,turn,0.4160386919975281,0.24201467633247375,-0.1676453948020935,0.9999487400054932,0.4193967282772064,0.23327019810676575,-0.15749460458755493,0.9998807907104492,0.42175379395484924,0.23320698738098145,-0.15750637650489807,0.999873161315918,0.4241115152835846,0.2331494241952896,-0.15749605000019073,0.999887228012085,0.41248077154159546,0.2345084249973297,-0.15706810355186462,0.9999148845672607,0.4102460741996765,0.23510366678237915,-0.1570715606212616,0.9999173879623413,0.40886086225509644,0.23551779985427856,-0.15707829594612122,0.9999265074729919,0.42686647176742554,0.23881611227989197,-0.09400860965251923,0.9997138977050781,0.40664973855018616,0.24222537875175476,-0.09306889027357101,0.999882161617279,0.4211507737636566,0.2542742192745209,-0.14384576678276062,0.9999160170555115,0.41201281547546387,0.2550595700740814,-0.14355139434337616,0.9999496340751648,0.44692906737327576,0.3008233308792114,-0.05515563488006592,0.9999095797538757,0.39209383726119995,0.31042051315307617,-0.04750979319214821,0.9999455213546753,0.45682936906814575,0.3767295777797699,-0.036025963723659515,0.9814605116844177,0.385587215423584,0.3908332884311676,-0.023710083216428757,0.9768210053443909,0.45359930396080017,0.444561630487442,-0.09616982936859131,0.9723178744316101,0.38750365376472473,0.4598219692707062,-0.07703490555286407,0.9619404077529907,0.452553927898407,0.46961602568626404,-0.11502408981323242,0.9473198056221008,0.38830044865608215,0.48117882013320923,-0.09484753012657166,0.9293515682220459,0.44841641187667847,0.4675707519054413,-0.1341686099767685,0.9493905305862427,0.39258480072021484,0.4788125455379486,-0.11200912296772003,0.9313693046569824,0.4473264813423157,0.46194958686828613,-0.10466331243515015,0.9364250302314758,0.39361321926116943,0.472429484128952,-0.08470433205366135,0.9171918630599976,0.43879422545433044,0.45265400409698486,-0.0025106575340032578,0.9995158910751343,0.4070913791656494,0.4539448618888855,0.002508005825802684,0.9997096657752991,0.4364291727542877,0.5627008080482483,-0.0026375497691333294,0.9860115647315979,0.4076925218105316,0.5630152225494385,-0.0018315333873033524,0.9920414090156555,0.43369928002357483,0.6751331686973572,0.06375234574079514,0.9873204827308655,0.41024404764175415,0.675540566444397,0.06865133345127106,0.9924774765968323,0.43007946014404297,0.6911315321922302,0.06527754664421082,0.9190776348114014,0.4146591126918793,0.6918039321899414,0.07028673589229584,0.8996533751487732,0.4438266158103943,0.7097504138946533,-0.008848781697452068,0.9845808744430542,0.4022441804409027,0.7136750817298889,-0.0047013587318360806,0.9869687557220459
54,turn,0.41603296995162964,0.242011159658432,-0.16683867573738098,0.9999529719352722,0.41939371824264526,0.23326899111270905,-0.15672925114631653,0.9998892545700073,0.4217504560947418,0.2332085520029068,-0.15674075484275818,0.9998821020126343,0.4241090714931488,0.23315410315990448,-0.15673057734966278,0.9998945593833923,0.41248026490211487,0.23450614511966705,-0.15624189376831055,0.9999204277992249,0.4102417826652527,0.2351013422012329,-0.15624453127384186,0.9999222755432129,0.40884655714035034,0.23551532626152039,-0.15625068545341492,0.9999306201934814,0.42685097455978394,0.23881526291370392,-0.09334936738014221,0.9997330904006958,0.4066471457481384,0.24221259355545044,-0.09207110106945038,0.9998864531517029,0.42114344239234924,0.2542720437049866,-0.14306417107582092,0.9999222755432129,0.4120018482208252,0.25505849719047546,-0.1426711082458496,0.9999527335166931,0.44692009687423706,0.30085641145706177,-0.0547393262386322,0.9999116063117981,0.39204108715057373,0.31042447686195374,-0.046518370509147644,0.9999452233314514,0.4568202495574951,0.37672868371009827,-0.03600717708468437,0.9817007780075073,0.3854758143424988,0.3908786475658417,-0.022992610931396484,0.9767760634422302,0.45360416173934937,0.4446323812007904,-0.09617840498685837,0.9724159240722656,0.38748475909233093,0.45985373854637146,-0.07663638144731522,0.9618541598320007,0.4526284635066986,0.4697990119457245,-0.11503805965185165,0.9472184777259827,0.3882622718811035,0.4811812937259674,-0.09449486434459686,0.9292140603065491,0.4484598636627197,0.4676370322704315,-0.13421091437339783,0.9492939114570618,0.39255082607269287,0.4788125455379486,-0.11173959076404572,0.9312227964401245,0.44734326004981995,0.46197259426116943,-0.10467706620693207,0.9362637400627136,0.3935801684856415,0.47242966294288635,-0.08433987200260162,0.9169987440109253,0.4387754797935486,0.45273470878601074,-0.002509844023734331,0.9995193481445312,0.4070422053337097,0.4540327787399292,0.0025072377175092697,0.9997122287750244,0.4364042282104492,0.5628606677055359,-0.0025498182512819767,0.9861382842063904,0.4076451361179352,0.5632132291793823,-0.0017737675225362182,0.9920282363891602,0.43367376923561096,0.6751949191093445,0.0647713914513588,0.9874026775360107,0.4102421700954437,0.6755795478820801,0.06937120109796524,0.992449164390564,0.43003302812576294,0.6913141012191772,0.06644727289676666,0.9189877510070801,0.41465646028518677,0.6919416785240173,0.07111814618110657,0.899247944355011,0.4438294470310211,0.709757924079895,-0.007739291526377201,0.9845613241195679,0.40224385261535645,0.7136713862419128,-0.004050613846629858,0.9868900775909424
55,turn,0.4160502552986145,0.24202200770378113,-0.165812686085701,0.9999567866325378,0.41940903663635254,0.2332800179719925,-0.1556910276412964,0.9998969435691833,0.4217643737792969,0.23322327435016632,-0.15570272505283356,0.999890148639679,0.4241200387477875,0.2331686019897461,-0.15569263696670532,0.9999012351036072,0.41249483823776245,0.234511137008667,-0.15527194738388062,0.9999254941940308,0.41024547815322876,0.23510783910751343,-0.15527459979057312,0.999926745891571,0.4088444709777832,0.2355215698480606,-0.15528061985969543,0.9999343752861023,0.426848828792572,0.23881913721561432,-0.09218301624059677,0.9997502565383911,0.40664711594581604,0.24220754206180573,-0.09121177345514297,0.9998906850814819,0.4211672246456146,0.2542869448661804,-0.14196722209453583,0.9999279379844666,0.41200512647628784,0.255085289478302,-0.14166463911533356,0.9999555945396423,0.44691452383995056,0.3008708655834198,-0.053533077239990234,0.9999133944511414,0.3920181393623352,0.31043100357055664,-0.04565175622701645,0.9999450445175171,0.45681729912757874,0.37674784660339355,-0.03484898433089256,0.9818863868713379,0.3853924870491028,0.39088010787963867,-0.022472674027085304,0.976861298084259,0.4536065459251404,0.44475120306015015,-0.09509008377790451,0.9725732803344727,0.3874664902687073,0.4598774015903473,-0.0763353556394577,0.9618856310844421,0.452709436416626,0.46997442841529846,-0.11406353861093521,0.9472763538360596,0.38823622465133667,0.48118704557418823,-0.09420337527990341,0.9292763471603394,0.44850286841392517,0.467743456363678,-0.13313773274421692,0.9493482708930969,0.3925243616104126,0.47881266474723816,-0.11144313961267471,0.9312688708305359,0.4473555088043213,0.46203339099884033,-0.10354985296726227,0.9362809658050537,0.393546462059021,0.4724302887916565,-0.08402436226606369,0.9170185923576355,0.4387751519680023,0.4528706967830658,-0.002475945046171546,0.9995213747024536,0.4070332944393158,0.45419469475746155,0.002473675413057208,0.9997139573097229,0.4363998770713806,0.5633048415184021,-0.001910279504954815,0.9862287044525146,0.4075895845890045,0.5634129643440247,-0.0017627747729420662,0.9920037388801575,0.43365582823753357,0.6752782464027405,0.0650276392698288,0.9874448180198669,0.4102437496185303,0.6756384372711182,0.06988576799631119,0.9923996925354004,0.4300137162208557,0.6914865970611572,0.06682834774255753,0.9188744425773621,0.4146575331687927,0.6921274662017822,0.07169337570667267,0.8984258770942688,0.4438340663909912,0.7097943425178528,-0.007278289645910263,0.9845134615898132,0.40229448676109314,0.7136682271957397,-0.003424903843551874,0.9867771863937378
56,turn,0.41605401039123535,0.24202501773834229,-0.16589714586734772,0.9999602437019348,0.419411838054657,0.23328210413455963,-0.15573076903820038,0.9999040365219116,0.42176708579063416,0.23322638869285583,-0.15574271976947784,0.9998975992202759,0.42412298917770386,0.23317156732082367,-0.1557326465845108,0.9999074339866638,0.4124986529350281,0.23451243340969086,-0.15535691380500793,0.999930202960968,0.4102451205253601,0.23511044681072235,-0.1553596705198288,0.9999309778213501,0.408837229013443,0.2355237752199173,-0.1553657054901123,0.9999379515647888,0.42684459686279297,0.23882128298282623,-0.09224309027194977,0.9997661113739014,0.4066440165042877,0.24220314621925354,-0.09130624681711197,0.9998947381973267,0.4211726784706116,0.25429826974868774,-0.1420137733221054,0.9999330639839172,0.4120050072669983,0.2551109194755554,-0.14176985621452332,0.9999582171440125,0.44690436124801636,0.3008861839771271,-0.05353318527340889,0.9999150633811951,0.3920018672943115,0.31047338247299194,-0.045662589371204376,0.999944806098938,0.4568118453025818,0.37678515911102295,-0.03499099984765053,0.9820348620414734,0.38535815477371216,0.390919029712677,-0.022577863186597824,0.9768884778022766,0.4536097049713135,0.44476211071014404,-0.09568712115287781,0.9726493954658508,0.3874536156654358,0.45996978878974915,-0.0768449679017067,0.9617924690246582,0.4527129530906677,0.47002142667770386,-0.11483074724674225,0.9471765756607056,0.3882208466529846,0.4812079966068268,-0.09478266537189484,0.9291071891784668,0.4485085606575012,0.4677799940109253,-0.13385839760303497,0.949259340763092,0.39250653982162476,0.4788212776184082,-0.11198105663061142,0.9310979843139648,0.44736188650131226,0.46204689145088196,-0.1041514053940773,0.9361277222633362,0.3935251832008362,0.4724403917789459,-0.08451581746339798,0.9167874455451965,0.43876829743385315,0.45291396975517273,-0.0024321614764630795,0.9995236992835999,0.40702447295188904,0.45423948764801025,0.002429902320727706,0.9997155666351318,0.43637076020240784,0.5633077025413513,-0.0012913926038891077,0.9862769246101379,0.40752705931663513,0.5634841918945312,-0.0017431291053071618,0.991968035697937,0.43364936113357544,0.6753251552581787,0.06546567380428314,0.9875035881996155,0.41024571657180786,0.6756665110588074,0.07011769711971283,0.9923653602600098,0.4300057291984558,0.6916244029998779,0.06717245280742645,0.9189887642860413,0.4146679937839508,0.6921713948249817,0.07195350527763367,0.897762656211853,0.4438498616218567,0.7098250389099121,-0.0065939477644860744,0.9845229983329773,0.4023891091346741,0.7136654257774353,-0.0031514286529272795,0.9867039918899536
57,turn,0.4160849452018738,0.2420242726802826,-0.16837674379348755,0.9999634623527527,0.4194357991218567,0.2332727462053299,-0.15815237164497375,0.999910831451416,0.4217846393585205,0.23321814835071564,-0.15816399455070496,0.9999047517776489,0.42413610219955444,0.23316353559494019,-0.15815410017967224,0.9999134540557861,0.4125237464904785,0.23450885713100433,-0.15789073705673218,0.9999347925186157,0.41025295853614807,0.23510946333408356,-0.15789596736431122,0.9999351501464844,0.40883582830429077,0.2355225384235382,-0.15790149569511414,0.9999415278434753,0.4268401563167572,0.23882003128528595,-0.09396270662546158,0.9997817277908325,0.40664225816726685,0.24219925701618195,-0.09350068867206573,0.9998993873596191,0.42120951414108276,0.2543042004108429,-0.14422409236431122,0.999937891960144,0.412020742893219,0.2551308870315552,-0.14410001039505005,0.9999607801437378,0.4468969702720642,0.3009476363658905,-0.0543346181511879,0.9999167919158936,0.391976535320282,0.31056371331214905,-0.04695995897054672,0.9999447464942932,0.4568042755126953,0.37682947516441345,-0.03627892956137657,0.9822378158569336,0.38533952832221985,0.3911787271499634,-0.023795122280716896,0.9769993424415588,0.45361167192459106,0.4447282552719116,-0.09865917265415192,0.9728004932403564,0.3874432444572449,0.46014732122421265,-0.0791499987244606,0.9619044065475464,0.4527197778224945,0.4700154662132263,-0.11827651411294937,0.9472032189369202,0.388211727142334,0.4812381863594055,-0.09731962531805038,0.9292358756065369,0.44851335883140564,0.4677780866622925,-0.13740579783916473,0.9492878913879395,0.3925040364265442,0.4788475036621094,-0.11464571952819824,0.9312308430671692,0.4473663866519928,0.4620368182659149,-0.10721646249294281,0.9360972046852112,0.39352303743362427,0.47248542308807373,-0.08686471730470657,0.9169195294380188,0.4387502670288086,0.452863872051239,-0.0024086509365588427,0.9995251297950745,0.4070160984992981,0.4542176127433777,0.0024067077320069075,0.9997174143791199,0.43636712431907654,0.5630779266357422,-0.0017375180032104254,0.9864203333854675,0.40750089287757874,0.5634852647781372,-0.0019315916579216719,0.9919726252555847,0.4336469769477844,0.6753197312355042,0.06480365991592407,0.9876165986061096,0.41024404764175415,0.6756922602653503,0.06909189373254776,0.9923833012580872,0.4300099313259125,0.6916261911392212,0.06639524549245834,0.9191324710845947,0.414684921503067,0.6921917200088501,0.07073621451854706,0.8976563215255737,0.4438430666923523,0.7097968459129333,-0.007658241782337427,0.9845950603485107,0.40242910385131836,0.7136648297309875,-0.004566814750432968,0.9867064356803894
58,turn,0.41609448194503784,0.24201148748397827,-0.17074862122535706,0.9999664425849915,0.41944727301597595,0.23324650526046753,-0.16051924228668213,0.9999171495437622,0.4217950701713562,0.23319366574287415,-0.1605299711227417,0.9999114274978638,0.4241463243961334,0.2331424355506897,-0.16051903367042542,0.9999191164970398,0.41253432631492615,0.2344927042722702,-0.16022875905036926,0.9999390840530396,0.4102535843849182,0.23509837687015533,-0.1602349579334259,0.9999391436576843,0.40882986783981323,0.23550865054130554,-0.16023984551429749,0.9999449253082275,0.42683807015419006,0.23881466686725616,-0.09598355740308762,0.9997961521148682,0.40663719177246094,0.24219262599945068,-0.09546338021755219,0.9999039173126221,0.4212225377559662,0.25430241227149963,-0.14648857712745667,0.999942421913147,0.4120210111141205,0.2551332116127014,-0.14633207023143768,0.9999632239341736,0.44689521193504333,0.3010076880455017,-0.0552833266556263,0.9999186396598816,0.39196598529815674,0.3105746805667877,-0.04845400154590607,0.9999449849128723,0.4568020701408386,0.37686681747436523,-0.03660401701927185,0.9824791550636292,0.38530877232551575,0.3913136422634125,-0.024781670421361923,0.9771791696548462,0.4536128640174866,0.44472914934158325,-0.09884493798017502,0.9729925990104675,0.3874214291572571,0.46021583676338196,-0.08034960180521011,0.962002694606781,0.45272454619407654,0.4700168967247009,-0.11840866506099701,0.9472671747207642,0.3882008492946625,0.4812455177307129,-0.09857285022735596,0.9293104410171509,0.4485173225402832,0.4677794277667999,-0.137581005692482,0.9493640065193176,0.392485111951828,0.47885802388191223,-0.11592241376638412,0.9313103556632996,0.44737038016319275,0.4620357155799866,-0.10740659385919571,0.9361531734466553,0.3934990465641022,0.47250866889953613,-0.08806882798671722,0.9169932007789612,0.4387337565422058,0.45282265543937683,-0.002224283991381526,0.9995284676551819,0.40698733925819397,0.4541996717453003,0.0022215715143829584,0.9997197389602661,0.4363327920436859,0.563077986240387,-0.0011800362262874842,0.9865496158599854,0.40749865770339966,0.5634939670562744,-0.0019715912640094757,0.9920005798339844,0.4336382746696472,0.6752904057502747,0.06591968238353729,0.9877222180366516,0.41021761298179626,0.675676703453064,0.06942172348499298,0.9923791289329529,0.4300083518028259,0.6915900111198425,0.06751349568367004,0.9192838668823242,0.41465774178504944,0.6921846270561218,0.07111921161413193,0.8969008922576904,0.44384250044822693,0.7097733616828918,-0.006785637233406305,0.9846431612968445,0.40259870886802673,0.7136379480361938,-0.004145595710724592,0.98667311668396
59,turn,0.4161301255226135,0.24201035499572754,-0.16989366710186005,0.9999690055847168,0.4194757044315338,0.2332388162612915,-0.15964248776435852,0.9999223351478577,0.4218183159828186,0.23318853974342346,-0.1596534550189972,0.9999169111251831,0.424163818359375,0.23313774168491364,-0.1596405953168869,0.9999236464500427,0.41256141662597656,0.23448766767978668,-0.1594087928533554,0.9999424815177917,0.41026416420936584,0.23509693145751953,-0.1594143807888031,0.9999421834945679,0.40882816910743713,0.23550720512866974,-0.1594187319278717,0.9999474883079529,0.4268362522125244,0.2388133406639099,-0.09531152993440628,0.9998078346252441,0.406635046005249,0.24218910932540894,-0.09506891667842865,0.9999068975448608,0.42126259207725525,0.25430411100387573,-0.1457543671131134,0.9999462366104126,0.41203874349594116,0.25514429807662964,-0.14567212760448456,0.9999651908874512,0.44689124822616577,0.3010695278644562,-0.05497773736715317,0.9999203085899353,0.3919556736946106,0.3105802834033966,-0.048285745084285736,0.9999448657035828,0.4567931294441223,0.3768792152404785,-0.036529116332530975,0.9826514720916748,0.38530200719833374,0.3913375437259674,-0.02460407465696335,0.9772514700889587,0.4536009728908539,0.4447311460971832,-0.09876357764005661,0.9731882214546204,0.38739293813705444,0.4602644741535187,-0.08015575259923935,0.9619109034538269,0.4527243971824646,0.4700178802013397,-0.11829666793346405,0.947442889213562,0.38818788528442383,0.4812561571598053,-0.0983724519610405,0.9291526079177856,0.4485231339931488,0.46778035163879395,-0.13749107718467712,0.9495242834091187,0.39247506856918335,0.47886404395103455,-0.11573684215545654,0.9311578869819641,0.4473678469657898,0.4620358645915985,-0.10732841491699219,0.936334490776062,0.3934875726699829,0.47252434492111206,-0.08789104968309402,0.916869044303894,0.4386831820011139,0.4528227150440216,-0.00209231860935688,0.9995321035385132,0.4069545269012451,0.45419812202453613,0.002090021502226591,0.9997217655181885,0.4363176226615906,0.5630372166633606,-0.000979647389613092,0.986694872379303,0.40748128294944763,0.5634922385215759,-0.0020011556334793568,0.992023766040802,0.43364304304122925,0.6752308011054993,0.06669893860816956,0.9878215789794922,0.4102020859718323,0.6755247116088867,0.06956706941127777,0.9923679828643799,0.4300069808959961,0.6914393901824951,0.06836269050836563,0.9193258285522461,0.41464632749557495,0.691982626914978,0.07126312702894211,0.8963833451271057,0.4438494145870209,0.7097731232643127,-0.005635041743516922,0.984684407711029,0.4026366174221039,0.7135230898857117,-0.0040408531203866005,0.9866307377815247
60,turn,0.4161466658115387,0.24200977385044098,-0.16424953937530518,0.9999709725379944,0.4194813370704651,0.2332405149936676,-0.15405122935771942,0.9999258518218994,0.421822726726532,0.23319143056869507,-0.15406402945518494,0.9999205470085144,0.4241666793823242,0.23314093053340912,-0.15405187010765076,0.9999264478683472,0.4125742018222809,0.23449009656906128,-0.15358446538448334,0.9999445080757141,0.410273015499115,0.23510465025901794,-0.1535867303609848,0.9999436140060425,0.40882667899131775,0.23552170395851135,-0.15359187126159668,0.9999485611915588,0.42683476209640503,0.23884722590446472,-0.0903228223323822,0.9998159408569336,0.40663212537765503,0.2422228306531906,-0.08872359991073608,0.9999066591262817,0.4212802052497864,0.2543044090270996,-0.14035093784332275,0.9999489784240723,0.4120566248893738,0.2551495432853699,-0.13988187909126282,0.9999662637710571,0.4468773901462555,0.30108851194381714,-0.052241336554288864,0.9999209046363831,0.39195358753204346,0.3105257749557495,-0.042919356375932693,0.9999439716339111,0.4567757546901703,0.37690645456314087,-0.035973839461803436,0.9825479388237,0.3852907121181488,0.39124590158462524,-0.020345915108919144,0.9769582152366638,0.4535771310329437,0.4447563886642456,-0.09872303903102875,0.9728462100028992,0.387382447719574,0.46008530259132385,-0.07672535628080368,0.9613708257675171,0.4527062773704529,0.4700476825237274,-0.1181645616889,0.9468066096305847,0.38818469643592834,0.48117363452911377,-0.09512381255626678,0.928352952003479,0.4485083222389221,0.4678444266319275,-0.13736668229103088,0.9488869905471802,0.3924732804298401,0.47873133420944214,-0.11289167404174805,0.9304087162017822,0.4473370909690857,0.4621012508869171,-0.10727504640817642,0.9355049729347229,0.3934839367866516,0.47239482402801514,-0.08476477116346359,0.916111171245575,0.43867024779319763,0.4529169797897339,-0.0022948337718844414,0.9995319247245789,0.4069129526615143,0.45421329140663147,0.0022980631329119205,0.9997221231460571,0.4363185465335846,0.5631294846534729,-0.0024422076530754566,0.9868530631065369,0.40747374296188354,0.5634326338768005,-0.0018866189057007432,0.9920154213905334,0.43364495038986206,0.6752455830574036,0.06515251100063324,0.9878918528556824,0.4102422297000885,0.6754927039146423,0.06966270506381989,0.9923484325408936,0.43002352118492126,0.6914736032485962,0.0667489767074585,0.9186126589775085,0.4146741032600403,0.6919831037521362,0.07142306864261627,0.8965239524841309,0.44381779432296753,0.7097179889678955,-0.008040866814553738,0.9846787452697754,0.4026961326599121,0.7134616374969482,-0.003906219033524394,0.9865763783454895
61,turn,0.4161633849143982,0.24199464917182922,-0.16246750950813293,0.9999727010726929,0.41949349641799927,0.23321397602558136,-0.15227869153022766,0.999928891658783,0.42183566093444824,0.23316378891468048,-0.15229198336601257,0.9999237060546875,0.42417678236961365,0.2331165075302124,-0.1522788256406784,0.9999288320541382,0.4125877320766449,0.23448164761066437,-0.15175220370292664,0.9999461770057678,0.41028040647506714,0.23510171473026276,-0.1517539620399475,0.999944806098938,0.40882474184036255,0.23552082479000092,-0.15175998210906982,0.9999494552612305,0.4268328547477722,0.23884664475917816,-0.08871405571699142,0.9998224973678589,0.4066298007965088,0.24222910404205322,-0.08681215345859528,0.9999061226844788,0.4213106036186218,0.25429272651672363,-0.1386464238166809,0.9999513626098633,0.4120730459690094,0.25515010952949524,-0.13808763027191162,0.9999672174453735,0.44687095284461975,0.3010919690132141,-0.05097988247871399,0.9999211430549622,0.3919503092765808,0.31049615144729614,-0.04147806763648987,0.9999430179595947,0.45676618814468384,0.37697672843933105,-0.03533157333731651,0.9824151396751404,0.38527798652648926,0.391224205493927,-0.01914645917713642,0.9767566919326782,0.45355671644210815,0.44475987553596497,-0.09846510738134384,0.9725278615951538,0.3873799443244934,0.4599396884441376,-0.0757254883646965,0.9608941078186035,0.4526788294315338,0.470054030418396,-0.1180722564458847,0.9462258219718933,0.3881818354129791,0.48109686374664307,-0.09422174841165543,0.927664577960968,0.4484824538230896,0.46787241101264954,-0.13719509541988373,0.9483054280281067,0.3924708664417267,0.47860273718833923,-0.11198095977306366,0.9297600388526917,0.44729551672935486,0.46213462948799133,-0.10701318085193634,0.9347622394561768,0.3934815526008606,0.4722744822502136,-0.08378385007381439,0.9154483079910278,0.43863797187805176,0.45305335521698,-0.0023025129921734333,0.9995322227478027,0.4068373143672943,0.45425161719322205,0.002306517446413636,0.9997224807739258,0.4363158345222473,0.5632076859474182,-0.002293652854859829,0.9870012402534485,0.40747013688087463,0.5634154081344604,-0.0017089545726776123,0.9920408129692078,0.4336453974246979,0.6752539873123169,0.06600276380777359,0.9879816174507141,0.4102444052696228,0.675484299659729,0.07086651027202606,0.9923372864723206,0.4300268292427063,0.6914761066436768,0.06768235564231873,0.9182078242301941,0.41467300057411194,0.691979706287384,0.07273169606924057,0.8963894248008728,0.443805068731308,0.7096843123435974,-0.007405169308185577,0.9847019910812378,0.40276917815208435,0.7133811116218567,-0.0024276955518871546,0.9865355491638184
62,turn,0.4161647856235504,0.24199296534061432,-0.1630822867155075,0.9999744296073914,0.41949567198753357,0.23320670425891876,-0.15292757749557495,0.9999324083328247,0.42184025049209595,0.23315365612506866,-0.15294034779071808,0.9999273419380188,0.4241805076599121,0.23310604691505432,-0.15292759239673615,0.999931812286377,0.412590354681015,0.23448032140731812,-0.15241488814353943,0.9999483227729797,0.41028156876564026,0.23510108888149261,-0.15241730213165283,0.9999465942382812,0.40881815552711487,0.23552167415618896,-0.1524229496717453,0.9999509453773499,0.4268311560153961,0.23884688317775726,-0.08928000926971436,0.9998308420181274,0.4066249430179596,0.2422330230474472,-0.08745525777339935,0.9999074935913086,0.4213177263736725,0.254290908575058,-0.1392006129026413,0.999954104423523,0.4120754599571228,0.25515303015708923,-0.13866224884986877,0.9999685287475586,0.4468642771244049,0.30109596252441406,-0.05100154131650925,0.999922513961792,0.39194753766059875,0.31039953231811523,-0.04179465398192406,0.999943196773529,0.4567628800868988,0.37703290581703186,-0.03385211154818535,0.9825115203857422,0.38527530431747437,0.39116063714027405,-0.018941320478916168,0.976669192314148,0.45355406403541565,0.44478142261505127,-0.09554065018892288,0.9725191593170166,0.3873775899410248,0.4598217308521271,-0.07556535303592682,0.9607064127922058,0.4526735842227936,0.47007229924201965,-0.11498205363750458,0.9461408257484436,0.38817957043647766,0.48101845383644104,-0.09402138739824295,0.9274370074272156,0.4484781324863434,0.46790292859077454,-0.13412274420261383,0.9482187032699585,0.39246609807014465,0.47851553559303284,-0.11190080642700195,0.9295693635940552,0.44728899002075195,0.4621756374835968,-0.1040785163640976,0.9346306324005127,0.3934757113456726,0.47220578789711,-0.08367262780666351,0.9153051376342773,0.4386095404624939,0.45307308435440063,-0.0023212581872940063,0.9995353817939758,0.40676888823509216,0.45426300168037415,0.00232584192417562,0.999724268913269,0.4362870752811432,0.5633130073547363,-0.0023794821463525295,0.987208366394043,0.4074500501155853,0.5635890364646912,-0.0016271558124572039,0.992092490196228,0.4336112141609192,0.675247311592102,0.0671168863773346,0.9881022572517395,0.41025590896606445,0.6754924058914185,0.07212185859680176,0.9923430681228638,0.4300192892551422,0.6914288997650146,0.06900863349437714,0.9178445339202881,0.4146747589111328,0.6919682621955872,0.07410985231399536,0.8963847160339355,0.4437578320503235,0.7096313834190369,-0.006104755215346813,0.9847627878189087,0.4028320908546448,0.7133774757385254,-0.0010114298202097416,0.9865372180938721
63,turn,0.4161456525325775,0.24199165403842926,-0.16292503476142883,0.9999760389328003,0.4194844663143158,0.23320479691028595,-0.15286752581596375,0.9999357461929321,0.42183366417884827,0.23315003514289856,-0.15288026630878448,0.9999308586120605,0.42417606711387634,0.23310185968875885,-0.15286920964717865,0.999934732913971,0.4125858247280121,0.23447951674461365,-0.15228810906410217,0.9999504685401917,0.4102749228477478,0.23510219156742096,-0.15229037404060364,0.9999484419822693,0.4087987542152405,0.23552434146404266,-0.15229514241218567,0.999952495098114,0.4268253743648529,0.23884855210781097,-0.08929998427629471,0.9998388290405273,0.4066140055656433,0.24223800003528595,-0.08718758076429367,0.9999090433120728,0.4213072657585144,0.2542904019355774,-0.13902674615383148,0.9999565482139587,0.4120567739009857,0.2551589608192444,-0.1384025514125824,0.9999697208404541,0.44685330986976624,0.3011002540588379,-0.05083209276199341,0.9999233484268188,0.39194580912590027,0.3103308081626892,-0.04126962646842003,0.9999431371688843,0.4567500054836273,0.3770263195037842,-0.0338476225733757,0.9825456738471985,0.3852733075618744,0.39100807905197144,-0.018414583057165146,0.9765104055404663,0.4535580277442932,0.4447723925113678,-0.09558556973934174,0.9724152088165283,0.38737428188323975,0.4597006142139435,-0.07512422651052475,0.960504412651062,0.4526744782924652,0.4700738191604614,-0.11506415903568268,0.9458882808685303,0.3881774842739105,0.48095259070396423,-0.09356527775526047,0.9271680116653442,0.44847947359085083,0.4679049551486969,-0.134190633893013,0.9479752779006958,0.3924640119075775,0.4784078896045685,-0.11143555492162704,0.9293302893638611,0.44729170203208923,0.46217620372772217,-0.10412804782390594,0.9342831373214722,0.39347371459007263,0.4721117615699768,-0.08323033154010773,0.9150585532188416,0.438565731048584,0.4530488848686218,-0.0024617041926831007,0.9995353817939758,0.40671950578689575,0.454230934381485,0.002467907965183258,0.9997243285179138,0.43620428442955017,0.563269317150116,-0.003372683422639966,0.9872593283653259,0.40744662284851074,0.563412070274353,-0.001624822849407792,0.992074191570282,0.4336007237434387,0.6752650737762451,0.06459865719079971,0.9881126880645752,0.41026514768600464,0.6755104660987854,0.07101611793041229,0.9923097491264343,0.4300191402435303,0.6914796233177185,0.06625135242938995,0.9172499179840088,0.4146795868873596,0.6919890642166138,0.0727771744132042,0.896186113357544,0.44372695684432983,0.7095644474029541,-0.00871287751942873,0.98472660779953,0.4028400480747223,0.7133750915527344,-0.0022342693991959095,0.9864714741706848
64,turn,0.4161442816257477,0.2419905960559845,-0.1631653606891632,0.9999775290489197,0.41948428750038147,0.23319880664348602,-0.15314291417598724,0.9999388456344604,0.4218338131904602,0.23313939571380615,-0.1531553864479065,0.999934196472168,0.4241757392883301,0.2330895960330963,-0.15314476191997528,0.9999375343322754,0.41258636116981506,0.2344794124364853,-0.15257416665554047,0.999952495098114,0.41027408838272095,0.2351055145263672,-0.15257665514945984,0.9999502301216125,0.40878772735595703,0.23553252220153809,-0.15258115530014038,0.9999539852142334,0.42681655287742615,0.23884724080562592,-0.08955031633377075,0.9998466968536377,0.4066055417060852,0.2422456294298172,-0.08750946819782257,0.9999108910560608,0.4213079810142517,0.2542893588542938,-0.13923214375972748,0.9999589323997498,0.4120534062385559,0.25516456365585327,-0.13862279057502747,0.9999709129333496,0.44684839248657227,0.3011035621166229,-0.050790369510650635,0.9999250769615173,0.3919410705566406,0.31023108959198,-0.041415736079216,0.9999435544013977,0.4567471444606781,0.37700092792510986,-0.033191535621881485,0.9827307462692261,0.3852713406085968,0.3907318115234375,-0.018302487209439278,0.9764160513877869,0.45356664061546326,0.44477424025535583,-0.0944947823882103,0.9726192951202393,0.38735461235046387,0.4595031440258026,-0.07486052066087723,0.960465133190155,0.4527007043361664,0.470088928937912,-0.1139427050948143,0.9461798667907715,0.3881649374961853,0.4808528423309326,-0.09327041357755661,0.9271653890609741,0.44850343465805054,0.4679188132286072,-0.13312074542045593,0.9482622742652893,0.39244797825813293,0.478274405002594,-0.11120478808879852,0.9293448328971863,0.44731003046035767,0.4621813893318176,-0.10306332260370255,0.9345675110816956,0.3934561610221863,0.4719938039779663,-0.0829896554350853,0.915082573890686,0.43851232528686523,0.4529641568660736,-0.00252708001062274,0.9995375275611877,0.4066492021083832,0.45415326952934265,0.002533311489969492,0.9997252225875854,0.4361339509487152,0.5633055567741394,-0.0036734144669026136,0.9873125553131104,0.4074437618255615,0.5634082555770874,-0.0016405765200033784,0.9920427203178406,0.4335536062717438,0.675337016582489,0.06399230659008026,0.988088846206665,0.41026729345321655,0.675540030002594,0.07044409215450287,0.9922441244125366,0.4300180971622467,0.6916550397872925,0.06559432297945023,0.916189432144165,0.4146871566772461,0.6920872330665588,0.07213687896728516,0.8955183029174805,0.4436964988708496,0.7095563411712646,-0.009376777336001396,0.9846249222755432,0.402841180562973,0.7133738994598389,-0.002933067735284567,0.9863612055778503
65,turn,0.41613587737083435,0.24198834598064423,-0.16335037350654602,0.9999789595603943,0.41947707533836365,0.23319318890571594,-0.153279110789299,0.9999419450759888,0.4218248724937439,0.2331296056509018,-0.15329194068908691,0.9999374747276306,0.42416471242904663,0.23307780921459198,-0.1532803177833557,0.9999403953552246,0.41258248686790466,0.23447848856449127,-0.15274590253829956,0.9999545216560364,0.4102657735347748,0.23510530591011047,-0.15274874866008759,0.9999520778656006,0.40876707434654236,0.23553277552127838,-0.1527538001537323,0.9999555945396423,0.4267868399620056,0.2388407588005066,-0.089615598320961,0.9998546838760376,0.4065858721733093,0.24224312603473663,-0.08772124350070953,0.9999130964279175,0.42128974199295044,0.2542814612388611,-0.1394077092409134,0.999961256980896,0.41203993558883667,0.2551646828651428,-0.13882723450660706,0.9999721050262451,0.4468236565589905,0.3011012673377991,-0.050804100930690765,0.9999273419380188,0.3919103443622589,0.31020358204841614,-0.041278593242168427,0.9999440312385559,0.4567338526248932,0.3768666982650757,-0.03324870020151138,0.9830215573310852,0.3852490782737732,0.3906766176223755,-0.017642099410295486,0.9763397574424744,0.45357799530029297,0.4447590708732605,-0.09451042115688324,0.9730199575424194,0.3873412013053894,0.45948249101638794,-0.0741877406835556,0.9606612324714661,0.4527300000190735,0.4700998067855835,-0.11408717930316925,0.9468339085578918,0.38815203309059143,0.480840265750885,-0.0925736129283905,0.9275451302528381,0.4485369324684143,0.46793097257614136,-0.13330969214439392,0.9488929510116577,0.39243966341018677,0.47825634479522705,-0.11062437295913696,0.929728090763092,0.4473412036895752,0.46218249201774597,-0.10310409963130951,0.9352730512619019,0.3934531807899475,0.47198212146759033,-0.08236090838909149,0.9155279994010925,0.43850332498550415,0.45282435417175293,-0.002843388356268406,0.9995418190956116,0.4066241383552551,0.454070508480072,0.002849200274795294,0.9997267127037048,0.43611106276512146,0.563793957233429,-0.004560229368507862,0.9875118732452393,0.4074384570121765,0.5634505152702332,-0.0014938886743038893,0.9920642971992493,0.43352898955345154,0.6755408048629761,0.06283974647521973,0.9882033467292786,0.41028809547424316,0.6756280064582825,0.07035460323095322,0.9922354221343994,0.4300183355808258,0.6919544339179993,0.06436365097761154,0.915353536605835,0.41474562883377075,0.6922387480735779,0.07201485335826874,0.8953545689582825,0.44360288977622986,0.709583580493927,-0.011203567497432232,0.9846631288528442,0.4027995467185974,0.7134479880332947,-0.0030829180032014847,0.9863449335098267
66,turn,0.4161278307437897,0.24196761846542358,-0.16343185305595398,0.999980092048645,0.41946253180503845,0.23318010568618774,-0.15333034098148346,0.9999441504478455,0.4218074381351471,0.2331133484840393,-0.15334343910217285,0.9999397993087769,0.42414751648902893,0.23306189477443695,-0.1533312350511551,0.9999423027038574,0.4125688672065735,0.2344769388437271,-0.15281561017036438,0.9999558925628662,0.41024523973464966,0.23510494828224182,-0.15281859040260315,0.9999532103538513,0.40873512625694275,0.23553329706192017,-0.15282310545444489,0.9999565482139587,0.42674964666366577,0.23883293569087982,-0.08970560878515244,0.9998603463172913,0.40653330087661743,0.24224436283111572,-0.08781323581933975,0.9999138116836548,0.42128387093544006,0.25426483154296875,-0.13948273658752441,0.9999629855155945,0.4120308756828308,0.25515925884246826,-0.1389271318912506,0.9999728798866272,0.44676584005355835,0.30108991265296936,-0.051218532025814056,0.99992835521698,0.3918621242046356,0.3101033866405487,-0.04139437526464462,0.9999438524246216,0.4566829204559326,0.3768649995326996,-0.03377233445644379,0.9830953478813171,0.38518550992012024,0.3906383812427521,-0.017853993922472,0.9761083722114563,0.4535762667655945,0.4447920024394989,-0.09517332911491394,0.9730116724967957,0.38732171058654785,0.45946764945983887,-0.0743311271071434,0.9604681134223938,0.45273131132125854,0.47013524174690247,-0.11487714946269989,0.9468538165092468,0.3881445527076721,0.48082050681114197,-0.09270752966403961,0.9272922873497009,0.44853895902633667,0.46798354387283325,-0.13402888178825378,0.9489076137542725,0.39243432879447937,0.47823435068130493,-0.11071151494979858,0.9294868111610413,0.4473424553871155,0.4622325003147125,-0.10374031960964203,0.9352172613143921,0.39345091581344604,0.47196510434150696,-0.08247730135917664,0.9152576327323914,0.4384884238243103,0.45281118154525757,-0.0032504391856491566,0.9995402693748474,0.40662145614624023,0.4540640115737915,0.0032568001188337803,0.9997255206108093,0.43596798181533813,0.5637949109077454,-0.004907291382551193,0.9876178503036499,0.40742483735084534,0.5634374022483826,-0.0010115422774106264,0.9920142889022827,0.4335200786590576,0.6755422353744507,0.06266061961650848,0.9882721304893494,0.4103192687034607,0.6757071614265442,0.07036952674388885,0.9922088384628296,0.43003883957862854,0.6919739842414856,0.06417281180620193,0.9144233465194702,0.4148061275482178,0.692394495010376,0.07204525172710419,0.8954680562019348,0.4434840679168701,0.7096116542816162,-0.01136169582605362,0.9846786856651306,0.40265369415283203,0.7135782837867737,-0.0030163200572133064,0.9863168001174927
67,turn,0.4160977303981781,0.2419455200433731,-0.1588616520166397,0.9999810457229614,0.41943424940109253,0.23315149545669556,-0.1487075239419937,0.9999457597732544,0.4217735826969147,0.2330811619758606,-0.14872053265571594,0.9999415278434753,0.4241105914115906,0.23303724825382233,-0.14871175587177277,0.9999436736106873,0.4125400185585022,0.2344726324081421,-0.14822469651699066,0.9999567270278931,0.4102022051811218,0.2351025938987732,-0.14822383224964142,0.9999538064002991,0.40868133306503296,0.23553182184696198,-0.14822693169116974,0.9999569654464722,0.4266858696937561,0.23883095383644104,-0.0855250358581543,0.9998646974563599,0.4064355790615082,0.24224337935447693,-0.08372090756893158,0.9999136924743652,0.421232134103775,0.25425517559051514,-0.13511039316654205,0.9999644160270691,0.41197818517684937,0.25515156984329224,-0.13458645343780518,0.999973475933075,0.44663533568382263,0.3010845482349396,-0.04840661957859993,0.9999298453330994,0.3917015790939331,0.30994778871536255,-0.037840958684682846,0.9999433159828186,0.45660585165023804,0.37687334418296814,-0.031762123107910156,0.9831644296646118,0.38510122895240784,0.39035919308662415,-0.015841329470276833,0.9757750034332275,0.453575074672699,0.4447921812534332,-0.09335751831531525,0.9731611609458923,0.387315034866333,0.45933523774147034,-0.07244042307138443,0.9601620435714722,0.45274919271469116,0.470186710357666,-0.11322633922100067,0.9471890926361084,0.3881314694881439,0.480782687664032,-0.09096955507993698,0.9268794059753418,0.44855794310569763,0.46805551648139954,-0.1321711242198944,0.9492238163948059,0.39243084192276,0.4782060384750366,-0.10886240005493164,0.9290810823440552,0.44734764099121094,0.46229925751686096,-0.10189374536275864,0.9355562925338745,0.3934473693370819,0.47193047404289246,-0.08057646453380585,0.9148591756820679,0.43841642141342163,0.45280927419662476,-0.003437391249462962,0.9995422959327698,0.40654730796813965,0.45406344532966614,0.0034465868957340717,0.9997249841690063,0.4359045624732971,0.5638788938522339,-0.004866613075137138,0.9878389835357666,0.40738826990127563,0.5635508298873901,-0.0005933751817792654,0.9920210242271423,0.43352484703063965,0.6755778193473816,0.06322285532951355,0.9884061813354492,0.4103294909000397,0.6757096648216248,0.07133495062589645,0.9922044277191162,0.430082231760025,0.6919687390327454,0.06475093215703964,0.9133718609809875,0.4148269593715668,0.6923966407775879,0.07307486236095428,0.8954640626907349,0.44344115257263184,0.7096476554870605,-0.011131982319056988,0.9847159385681152,0.4025879502296448,0.7136513590812683,-0.0015735499328002334,0.98630690574646
68,turn,0.41602739691734314,0.2419436126947403,-0.1598217785358429,0.9999820590019226,0.4193549156188965,0.23315662145614624,-0.14972218871116638,0.9999479055404663,0.4216890335083008,0.23308883607387543,-0.14973458647727966,0.9999437928199768,0.4240275025367737,0.23304739594459534,-0.14972582459449768,0.9999457001686096,0.4124705195426941,0.23447780311107635,-0.1492212861776352,0.9999581575393677,0.41013646125793457,0.23510949313640594,-0.1492214798927307,0.9999551177024841,0.4086185395717621,0.2355419397354126,-0.14922484755516052,0.9999580979347229,0.42658454179763794,0.23884044587612152,-0.08641937375068665,0.999870240688324,0.4063534140586853,0.24225059151649475,-0.08458437025547028,0.9999150037765503,0.42115679383277893,0.2542543411254883,-0.13600249588489532,0.9999659657478333,0.41189026832580566,0.2551436424255371,-0.13547085225582123,0.999974250793457,0.4465145468711853,0.3010822832584381,-0.0488101989030838,0.999930739402771,0.39150530099868774,0.3098919093608856,-0.03850419819355011,0.9999431371688843,0.45646244287490845,0.3771970868110657,-0.031968485563993454,0.9832342863082886,0.3848720192909241,0.3903522491455078,-0.015875745564699173,0.9756597876548767,0.4535588324069977,0.4449034035205841,-0.09329095482826233,0.973166286945343,0.38728567957878113,0.4593389630317688,-0.07275981456041336,0.959881067276001,0.45275959372520447,0.4703271687030792,-0.11301469802856445,0.9471780061721802,0.38811418414115906,0.48078155517578125,-0.09124086797237396,0.9263819456100464,0.4485633969306946,0.46819257736206055,-0.13192404806613922,0.9492222666740417,0.39242738485336304,0.47820451855659485,-0.10905738919973373,0.928602933883667,0.44734686613082886,0.462424099445343,-0.10179919004440308,0.9354901909828186,0.3934311866760254,0.47192972898483276,-0.08086645603179932,0.9142930507659912,0.4383041262626648,0.4526991546154022,-0.0034557480830699205,0.9995424747467041,0.4064040184020996,0.45400166511535645,0.003465065034106374,0.9997246265411377,0.4358452260494232,0.5636550188064575,-0.0064565399661660194,0.9878494739532471,0.4073489308357239,0.5635278224945068,-0.0012367076706141233,0.9919430613517761,0.43354883790016174,0.6755754947662354,0.059764306992292404,0.9884035587310791,0.4103771150112152,0.6758249402046204,0.06814134120941162,0.992163360118866,0.43013858795166016,0.6919564604759216,0.06115995720028877,0.912706196308136,0.4148699641227722,0.6925761103630066,0.06960079073905945,0.8953577876091003,0.4434376358985901,0.7096766233444214,-0.014105294831097126,0.98466557264328,0.40254682302474976,0.7138741612434387,-0.004876802675426006,0.9862226843833923
69,turn,0.41593703627586365,0.2419343888759613,-0.16036716103553772,0.9999828338623047,0.41925835609436035,0.23315688967704773,-0.1502990424633026,0.9999493956565857,0.42156848311424255,0.2330908626317978,-0.15031126141548157,0.9999454021453857,0.4239054322242737,0.23305068910121918,-0.15030255913734436,0.9999470114707947,0.4123815596103668,0.23447778820991516,-0.14978021383285522,0.9999589920043945,0.41004619002342224,0.23510973155498505,-0.1497810333967209,0.9999558329582214,0.40853697061538696,0.23554253578186035,-0.14978455007076263,0.9999585747718811,0.4264459013938904,0.2388409525156021,-0.08693991601467133,0.9998740553855896,0.40620407462120056,0.24224989116191864,-0.0850490853190422,0.9999148845672607,0.4210573732852936,0.2542511224746704,-0.13651980459690094,0.9999672174453735,0.4117746353149414,0.25512370467185974,-0.13596703112125397,0.99997478723526,0.4463147521018982,0.3011052906513214,-0.04905623942613602,0.9999318718910217,0.39111432433128357,0.30981332063674927,-0.038856733590364456,0.9999426603317261,0.4562380313873291,0.377502977848053,-0.03193611651659012,0.9833256006240845,0.3846355080604553,0.39028358459472656,-0.016193633899092674,0.9753466248512268,0.45353585481643677,0.4450069069862366,-0.0927673801779747,0.9731902480125427,0.3872257173061371,0.45933470129966736,-0.07291675359010696,0.9593477249145508,0.45276227593421936,0.4704524576663971,-0.11226950585842133,0.9472394585609436,0.38808581233024597,0.48077523708343506,-0.09135051816701889,0.9256000518798828,0.4485655725002289,0.46832016110420227,-0.1312701255083084,0.9492846131324768,0.39240342378616333,0.47819510102272034,-0.10915578901767731,0.927849292755127,0.4473381042480469,0.4625612497329712,-0.10127787292003632,0.9355437159538269,0.39338231086730957,0.4719221889972687,-0.08100764453411102,0.9134438633918762,0.43821224570274353,0.45268604159355164,-0.0034648117143660784,0.9995441436767578,0.4062839448451996,0.4540072977542877,0.003473987802863121,0.9997237920761108,0.43566036224365234,0.5636212825775146,-0.006116182543337345,0.9880441427230835,0.4072093069553375,0.563643217086792,-0.0009337879600934684,0.9919757843017578,0.4335712492465973,0.6755563020706177,0.061949968338012695,0.9885699152946472,0.41037821769714355,0.6758449673652649,0.070045106112957,0.9922140836715698,0.43019312620162964,0.6918106079101562,0.06353364884853363,0.9123810529708862,0.4148765206336975,0.6925769448280334,0.07171135395765305,0.895841121673584,0.44343581795692444,0.709706723690033,-0.012321905232965946,0.9848194718360901,0.4025169312953949,0.7139372229576111,-0.002677743323147297,0.9863271713256836
70,turn,0.4157564043998718,0.24176980555057526,-0.16081646084785461,0.999983549118042,0.41910257935523987,0.23302242159843445,-0.15063397586345673,0.999950647354126,0.4213739335536957,0.23297443985939026,-0.15064528584480286,0.9999467730522156,0.4237152636051178,0.23296678066253662,-0.1506333351135254,0.9999480843544006,0.4121924042701721,0.2343662679195404,-0.15022875368595123,0.9999597072601318,0.4098273813724518,0.23498889803886414,-0.15022984147071838,0.9999564290046692,0.4083651602268219,0.2354137897491455,-0.15023353695869446,0.9999589920043945,0.426236629486084,0.23880799114704132,-0.08738673478364944,0.9998770952224731,0.4058891236782074,0.24217726290225983,-0.08585648238658905,0.9999150633811951,0.4208909571170807,0.2541700005531311,-0.1370726078748703,0.999968409538269,0.41154465079307556,0.25500190258026123,-0.1366346776485443,0.999975323677063,0.446071058511734,0.3010939061641693,-0.04963386803865433,0.9999327659606934,0.3905959129333496,0.30981090664863586,-0.040163613855838776,0.9999424815177917,0.4559299349784851,0.3775387108325958,-0.032036516815423965,0.9834751486778259,0.38426822423934937,0.3904304802417755,-0.01699858531355858,0.9753466844558716,0.45337948203086853,0.44507908821105957,-0.09278582036495209,0.9732301235198975,0.3871208131313324,0.4593915343284607,-0.07296039164066315,0.9592185616493225,0.4527519643306732,0.47047683596611023,-0.11219976842403412,0.9472835063934326,0.38803330063819885,0.4808196723461151,-0.09136854112148285,0.925402045249939,0.44854217767715454,0.46834686398506165,-0.1312277615070343,0.949321985244751,0.39234036207199097,0.47824540734291077,-0.10919690132141113,0.9276602864265442,0.44724997878074646,0.4625820219516754,-0.10129328072071075,0.9356356859207153,0.3932841718196869,0.47197821736335754,-0.08105754107236862,0.9132822751998901,0.43805932998657227,0.45268452167510986,-0.0034527077805250883,0.9995466470718384,0.40609049797058105,0.4541023373603821,0.003461753251031041,0.9997241497039795,0.43565425276756287,0.5638125538825989,-0.0046391561627388,0.9884119629859924,0.4069935381412506,0.5642944574356079,-0.0003867553314194083,0.9921406507492065,0.43360739946365356,0.6755294799804688,0.066187784075737,0.9888777136802673,0.4103671908378601,0.6758472323417664,0.0731155127286911,0.9923490285873413,0.4302337169647217,0.6917310357093811,0.06798946857452393,0.9130228757858276,0.41487759351730347,0.6925715208053589,0.07504454255104065,0.8969373106956482,0.44343477487564087,0.7096990942955017,-0.008004127070307732,0.9851100444793701,0.4025205075740814,0.713935911655426,0.0004217637761030346,0.9865344166755676
71,turn,0.41545969247817993,0.24176377058029175,-0.16232894361019135,0.9999841451644897,0.4188157021999359,0.23301160335540771,-0.15209130942821503,0.9999516606330872,0.42106276750564575,0.23296846449375153,-0.1521024852991104,0.9999479651451111,0.4233982563018799,0.23296493291854858,-0.1520894467830658,0.9999489784240723,0.4118746221065521,0.23434823751449585,-0.1518135368824005,0.9999602437019348,0.4095110297203064,0.2349625527858734,-0.15181544423103333,0.9999568462371826,0.408087819814682,0.23538151383399963,-0.15182054042816162,0.9999592304229736,0.4259450435638428,0.23880615830421448,-0.08866233378648758,0.9998793005943298,0.4054824411869049,0.24215471744537354,-0.08777452260255814,0.9999144673347473,0.42059341073036194,0.25416824221611023,-0.13851729035377502,0.9999691843986511,0.41123801469802856,0.25499576330184937,-0.1382782757282257,0.9999755620956421,0.44575491547584534,0.301086962223053,-0.05101567506790161,0.9999328255653381,0.38990288972854614,0.30981215834617615,-0.04203718900680542,0.9999411702156067,0.45565366744995117,0.37764519453048706,-0.03366362303495407,0.9835767149925232,0.38385653495788574,0.39043018221855164,-0.019019251689314842,0.9752829670906067,0.453180730342865,0.4452740252017975,-0.09436247497797012,0.9732908010482788,0.38681718707084656,0.4593909680843353,-0.07373975962400436,0.9589812755584717,0.45265212655067444,0.4705375134944916,-0.11363638937473297,0.9473283886909485,0.3879024386405945,0.4808591604232788,-0.09196817129850388,0.9250106811523438,0.4484502375125885,0.4684990346431732,-0.1326775848865509,0.9493856430053711,0.3921442925930023,0.4783223867416382,-0.10958094894886017,0.9273052215576172,0.44708919525146484,0.46269750595092773,-0.10286931693553925,0.9357480406761169,0.39298897981643677,0.47204968333244324,-0.08170180022716522,0.9128619432449341,0.4378844201564789,0.45265164971351624,-0.00343122286722064,0.9995415806770325,0.40590566396713257,0.45410096645355225,0.0034403367899358273,0.9997193813323975,0.4354918599128723,0.563602089881897,-0.004610489122569561,0.9886239171028137,0.406876802444458,0.5643061399459839,-0.0005055569927208126,0.9922397136688232,0.4336485266685486,0.6755247116088867,0.0653315931558609,0.9890630841255188,0.410336971282959,0.6758491396903992,0.07168403267860413,0.9924320578575134,0.4303062856197357,0.6917304396629333,0.06697078049182892,0.9135766625404358,0.41487422585487366,0.6925667524337769,0.07342608273029327,0.8974543213844299,0.4434089660644531,0.7096793055534363,-0.008971884846687317,0.9852802753448486,0.4025730490684509,0.7138991355895996,-0.0012845222372561693,0.986638069152832
72,turn,0.41501814126968384,0.24112144112586975,-0.1604885756969452,0.9999846816062927,0.4184412360191345,0.2323434203863144,-0.1501580774784088,0.9999523758888245,0.4206365942955017,0.2322876751422882,-0.1501712203025818,0.9999487996101379,0.42296138405799866,0.23239727318286896,-0.1501581370830536,0.99994957447052,0.41146770119667053,0.2338026612997055,-0.14980360865592957,0.9999605417251587,0.40908947587013245,0.23443660140037537,-0.14980481564998627,0.9999569654464722,0.4077216684818268,0.23490138351917267,-0.14980940520763397,0.9999591708183289,0.4255567491054535,0.23860739171504974,-0.08710626512765884,0.9998804330825806,0.40501323342323303,0.24193286895751953,-0.0859842449426651,0.9999130964279175,0.4201871454715729,0.2537246644496918,-0.1369352489709854,0.9999697208404541,0.4108029007911682,0.2544943392276764,-0.1366174817085266,0.9999755620956421,0.4452899396419525,0.3009842038154602,-0.05071280151605606,0.999932587146759,0.389376699924469,0.30980604887008667,-0.041839998215436935,0.9999396204948425,0.4551933705806732,0.3776451051235199,-0.03425724804401398,0.9835904240608215,0.3836062550544739,0.3904210031032562,-0.019233129918575287,0.9750284552574158,0.45287102460861206,0.44533127546310425,-0.09528151154518127,0.9732415676116943,0.38655582070350647,0.45956724882125854,-0.07376143336296082,0.9584159255027771,0.4523283839225769,0.4706391990184784,-0.11463173478841782,0.9472256302833557,0.38778364658355713,0.4810220003128052,-0.09195718914270401,0.9241734147071838,0.4481479525566101,0.46865904331207275,-0.13340917229652405,0.9492906332015991,0.39201492071151733,0.4784896969795227,-0.10947924852371216,0.9265061020851135,0.446725457906723,0.4628137946128845,-0.10370419919490814,0.9356798529624939,0.3928041458129883,0.47223955392837524,-0.08170226961374283,0.912002682685852,0.43755093216896057,0.4526432752609253,-0.003389091696590185,0.9995418190956116,0.40561214089393616,0.4541114270687103,0.0033983259927481413,0.9997177124023438,0.43534055352211,0.5632995963096619,-0.00536965299397707,0.9886207580566406,0.4066295027732849,0.564204216003418,-0.001290655811317265,0.9922147393226624,0.43375295400619507,0.6755654811859131,0.061114996671676636,0.9891285300254822,0.4101943373680115,0.6757974624633789,0.06926791369915009,0.992453396320343,0.43043485283851624,0.6918936967849731,0.062470562756061554,0.9142892360687256,0.4148542881011963,0.6925203800201416,0.07083387672901154,0.897986650466919,0.4436153471469879,0.7097030282020569,-0.012187231332063675,0.9853454828262329,0.4025675654411316,0.7136529088020325,-0.0031978159677237272,0.9866459965705872
73,turn,0.414722204208374,0.24098370969295502,-0.16420865058898926,0.9999850988388062,0.4181389808654785,0.23206037282943726,-0.15404461324214935,0.9999529719352722,0.420295387506485,0.23204290866851807,-0.154057115316391,0.9999494552612305,0.42261022329330444,0.2322074919939041,-0.1540442556142807,0.9999499917030334,0.41118231415748596,0.23352743685245514,-0.1537567675113678,0.999960720539093,0.40875929594039917,0.23418548703193665,-0.1537596583366394,0.9999569654464722,0.40738916397094727,0.23469002544879913,-0.15376493334770203,0.9999589920043945,0.42519325017929077,0.23855140805244446,-0.09083928912878036,0.999881386756897,0.4045883119106293,0.24181756377220154,-0.09007272124290466,0.999911904335022,0.41986602544784546,0.25363460183143616,-0.14050622284412384,0.9999701976776123,0.4104507863521576,0.25441911816596985,-0.14028678834438324,0.9999755620956421,0.44480568170547485,0.30091312527656555,-0.05368850380182266,0.9999329447746277,0.38890665769577026,0.3097885847091675,-0.04585912078619003,0.9999384880065918,0.45477956533432007,0.37763264775276184,-0.03767155483365059,0.983710527420044,0.38315367698669434,0.39046329259872437,-0.024453485384583473,0.9750369191169739,0.4523754119873047,0.44575729966163635,-0.09852857887744904,0.973473310470581,0.3862093985080719,0.45978087186813354,-0.07772187888622284,0.9581674933433533,0.45176902413368225,0.4707340598106384,-0.11784515529870987,0.9475691914558411,0.3875899612903595,0.4811929166316986,-0.09567916393280029,0.9236825704574585,0.4476589262485504,0.46885794401168823,-0.1365170180797577,0.9496248364448547,0.39183107018470764,0.47869810461997986,-0.11291949450969696,0.9260234236717224,0.4462009072303772,0.46296122670173645,-0.10685829073190689,0.9361171126365662,0.3925667107105255,0.4724482297897339,-0.08546290546655655,0.9114854335784912,0.43702417612075806,0.4526413679122925,-0.003278857097029686,0.999542772769928,0.40520477294921875,0.45410358905792236,0.0032851651776582003,0.9997158646583557,0.43485793471336365,0.5623459219932556,-0.00524301640689373,0.9885182976722717,0.4064108431339264,0.5636935830116272,-0.0012576377484947443,0.9920995831489563,0.4337560534477234,0.6755008697509766,0.06148815155029297,0.9891138672828674,0.41014790534973145,0.6756551265716553,0.06946806609630585,0.9923938512802124,0.4304426610469818,0.6918652653694153,0.06289990246295929,0.9145796895027161,0.41485244035720825,0.6921863555908203,0.07109275460243225,0.8979171514511108,0.44367319345474243,0.7096555829048157,-0.011871405877172947,0.9853179454803467,0.4025818407535553,0.713556170463562,-0.0026144697330892086,0.9865637421607971
74,turn,0.41442418098449707,0.2409812957048416,-0.16383418440818787,0.9999854564666748,0.41782236099243164,0.23203979432582855,-0.1537121832370758,0.9999535083770752,0.41996437311172485,0.23203030228614807,-0.15372559428215027,0.999950110912323,0.4222719669342041,0.2321988195180893,-0.15371540188789368,0.9999504089355469,0.41086918115615845,0.23348890244960785,-0.15344859659671783,0.9999607801437378,0.4084153175354004,0.23413944244384766,-0.15345022082328796,0.9999566674232483,0.4070225656032562,0.23464076220989227,-0.15345439314842224,0.9999584555625916,0.42481088638305664,0.23854279518127441,-0.09030057489871979,0.9998834133148193,0.40412870049476624,0.24177902936935425,-0.08963841944932938,0.9999102354049683,0.419466495513916,0.25363296270370483,-0.14000526070594788,0.999970555305481,0.41013702750205994,0.2544178366661072,-0.13981100916862488,0.9999753832817078,0.44416555762290955,0.30087536573410034,-0.05320858955383301,0.999933660030365,0.38851484656333923,0.30946895480155945,-0.045430611819028854,0.9999375343322754,0.4540272653102875,0.3774351477622986,-0.03727690875530243,0.9837275147438049,0.38271364569664,0.3896695375442505,-0.02399327978491783,0.9748011827468872,0.4518974721431732,0.44598859548568726,-0.09817545115947723,0.9735300540924072,0.38560840487480164,0.4594349265098572,-0.07752782106399536,0.9572678804397583,0.4512631893157959,0.47077301144599915,-0.11754164844751358,0.9476452469825745,0.38729986548423767,0.48118463158607483,-0.09553521871566772,0.9221364855766296,0.4472886025905609,0.4689864218235016,-0.1362484097480774,0.9497104287147522,0.3915596902370453,0.47869622707366943,-0.11287816613912582,0.9245402216911316,0.44584399461746216,0.4630648195743561,-0.10653010755777359,0.9361958503723145,0.3922140598297119,0.47243398427963257,-0.08535152673721313,0.9098414778709412,0.43624815344810486,0.4525635242462158,-0.0030657078605145216,0.9995443224906921,0.4044954776763916,0.4539933204650879,0.003072719555348158,0.9997150897979736,0.4347725510597229,0.5609392523765564,-0.006239567417651415,0.9883958101272583,0.40620356798171997,0.5632867813110352,-0.0021833032369613647,0.9920083284378052,0.43375134468078613,0.6753938794136047,0.059114355593919754,0.9890215396881104,0.4100850522518158,0.6755796670913696,0.06786713749170303,0.9923353791236877,0.43044576048851013,0.6918440461158752,0.060443658381700516,0.9142504334449768,0.4148443341255188,0.6919912695884705,0.06936891376972198,0.8977398872375488,0.4436722695827484,0.7095872759819031,-0.014691464602947235,0.9852157831192017,0.4025891423225403,0.7135075330734253,-0.005071769468486309,0.986467719078064
75,turn,0.41423162817955017,0.24083979427814484,-0.16824017465114594,0.9999858140945435,0.41760629415512085,0.23177668452262878,-0.15807363390922546,0.9999540448188782,0.41971635818481445,0.23173457384109497,-0.15808428823947906,0.999950647354126,0.4220142364501953,0.2319154143333435,-0.15807631611824036,0.9999507665634155,0.41061991453170776,0.23335964977741241,-0.15800896286964417,0.9999610185623169,0.40811687707901,0.23403367400169373,-0.15801191329956055,0.9999567270278931,0.4066859781742096,0.2345568835735321,-0.1580180525779724,0.9999584555625916,0.4244728982448578,0.23833057284355164,-0.09365623444318771,0.9998846650123596,0.40369534492492676,0.24174660444259644,-0.09388425201177597,0.9999098181724548,0.41928520798683167,0.25349313020706177,-0.14397121965885162,0.9999710321426392,0.409935861825943,0.254335880279541,-0.14405053853988647,0.9999755620956421,0.44389399886131287,0.30088329315185547,-0.054555315524339676,0.9999333024024963,0.3881138563156128,0.30938687920570374,-0.04951026290655136,0.9999371767044067,0.45347079634666443,0.3774939775466919,-0.03699130937457085,0.983553409576416,0.3820548951625824,0.3897261321544647,-0.028344277292490005,0.9748978018760681,0.4516352117061615,0.44630423188209534,-0.09678791463375092,0.9731678366661072,0.38532331585884094,0.4595699608325958,-0.08060607314109802,0.9565752744674683,0.4511025547981262,0.4708220064640045,-0.115412138402462,0.946968138217926,0.3871288597583771,0.4814366102218628,-0.09839097410440445,0.9208036661148071,0.4471507668495178,0.46907779574394226,-0.13451367616653442,0.949083685874939,0.3914341330528259,0.479017972946167,-0.11557407677173615,0.9232345223426819,0.4456946849822998,0.4631901681423187,-0.10521017014980316,0.9354462027549744,0.39206835627555847,0.4726852774620056,-0.08831076323986053,0.908307671546936,0.4360000193119049,0.4526612460613251,-0.0022397718857973814,0.9995431900024414,0.404186487197876,0.45403388142585754,0.002242527436465025,0.9997140765190125,0.4348452687263489,0.5609784722328186,-0.006177863571792841,0.9884384274482727,0.4061504304409027,0.5628889203071594,-0.0032147965393960476,0.9920362830162048,0.433734655380249,0.6753581762313843,0.060546040534973145,0.9890588521957397,0.41011762619018555,0.6755806803703308,0.06811023503541946,0.9923633933067322,0.4304397702217102,0.6917319893836975,0.06225493550300598,0.9147589206695557,0.4148450791835785,0.6919795274734497,0.06966210156679153,0.8976665139198303,0.4436706602573395,0.7095876336097717,-0.01285579614341259,0.9852815866470337,0.402811199426651,0.7135087847709656,-0.0049439286813139915,0.9865199327468872
76,turn,0.4140585958957672,0.2408439666032791,-0.16838043928146362,0.9999855160713196,0.4174031615257263,0.23177969455718994,-0.1583532989025116,0.9999518990516663,0.41951021552085876,0.23174074292182922,-0.15836350619792938,0.999948263168335,0.42179960012435913,0.2319190353155136,-0.1583530157804489,0.9999480247497559,0.4103901982307434,0.23336178064346313,-0.15824255347251892,0.9999592304229736,0.4078367352485657,0.23403574526309967,-0.15824666619300842,0.9999545812606812,0.40636196732521057,0.23455776274204254,-0.1582571268081665,0.9999563097953796,0.4241386353969574,0.23832301795482635,-0.0946701169013977,0.9998781681060791,0.40328463912010193,0.24174460768699646,-0.09475734084844589,0.9999054670333862,0.4190541207790375,0.25350221991539,-0.1443687081336975,0.9999701380729675,0.4096905589103699,0.2543540894985199,-0.14439363777637482,0.9999747276306152,0.443595826625824,0.3009187579154968,-0.05560649186372757,0.9999310374259949,0.3875851631164551,0.3093990385532379,-0.050406843423843384,0.9999366998672485,0.4530356824398041,0.3773956298828125,-0.03690054267644882,0.9831967949867249,0.3812882900238037,0.3903982937335968,-0.028549715876579285,0.9751557111740112,0.45155853033065796,0.44629690051078796,-0.09654946625232697,0.9725627899169922,0.3851010203361511,0.4600803256034851,-0.08003204315900803,0.9563090801239014,0.4511059820652008,0.47082868218421936,-0.1148211732506752,0.945992112159729,0.3869711458683014,0.4820301830768585,-0.09780187159776688,0.9201633334159851,0.4471435546875,0.46908238530158997,-0.13409318029880524,0.9481313228607178,0.3913359045982361,0.47951555252075195,-0.11509446799755096,0.9225685000419617,0.4456891119480133,0.46320465207099915,-0.10500528663396835,0.9344532489776611,0.3919678032398224,0.47303307056427,-0.08774145692586899,0.9076846837997437,0.43602943420410156,0.45340868830680847,-0.0018710717558860779,0.9995341300964355,0.40419119596481323,0.4553183317184448,0.0018735211342573166,0.9997113347053528,0.43516045808792114,0.5618360042572021,-0.0037586893886327744,0.9884766936302185,0.4059719443321228,0.5630010962486267,-0.0031921211630105972,0.992072343826294,0.4337092936038971,0.6752585768699646,0.06635405123233795,0.9890412092208862,0.41011691093444824,0.6755582690238953,0.07065670192241669,0.9923509359359741,0.4303804934024811,0.691433310508728,0.06830732524394989,0.9151186943054199,0.414825975894928,0.6917869448661804,0.0726313516497612,0.8977841734886169,0.4437437057495117,0.7095766067504883,-0.005713482853025198,0.9852282404899597,0.4028805196285248,0.7135081887245178,-0.0018111940007656813,0.9864788055419922
77,turn,0.41405409574508667,0.24084502458572388,-0.16786831617355347,0.9999851584434509,0.4173269271850586,0.23179449141025543,-0.15784357488155365,0.9999491572380066,0.4194266200065613,0.23176252841949463,-0.15785393118858337,0.999945342540741,0.42167577147483826,0.2319270819425583,-0.15784166753292084,0.9999444484710693,0.4103600084781647,0.2333684116601944,-0.15771827101707458,0.9999570250511169,0.407803475856781,0.23405440151691437,-0.1577223837375641,0.9999521374702454,0.4061945378780365,0.23457781970500946,-0.1577339619398117,0.9999538064002991,0.4237945079803467,0.23832160234451294,-0.0947408601641655,0.9998700618743896,0.4031751751899719,0.24175319075584412,-0.09510138630867004,0.999900221824646,0.41903191804885864,0.2535308301448822,-0.14406812191009521,0.9999690651893616,0.409681499004364,0.2543873190879822,-0.14411751925945282,0.9999738335609436,0.44332200288772583,0.3011041283607483,-0.057171039283275604,0.9999285340309143,0.3871782124042511,0.3095310926437378,-0.05198551341891289,0.9999358654022217,0.452711284160614,0.37728822231292725,-0.038507234305143356,0.983142614364624,0.38056203722953796,0.39227473735809326,-0.03048279508948326,0.9756819605827332,0.451551616191864,0.4466385841369629,-0.0988268256187439,0.9727100729942322,0.385029137134552,0.4624408781528473,-0.08043203502893448,0.9567586779594421,0.45111823081970215,0.4710274040699005,-0.11700473725795746,0.9463468194007874,0.3868473470211029,0.4841693341732025,-0.09774259477853775,0.9207227230072021,0.44715389609336853,0.46931275725364685,-0.13636256754398346,0.9484236240386963,0.3913183808326721,0.4815981984138489,-0.1149931326508522,0.9230725765228271,0.44570058584213257,0.46356862783432007,-0.10730713605880737,0.9349634647369385,0.3919634222984314,0.4747657775878906,-0.08805660158395767,0.9084891676902771,0.43605199456214905,0.45542386174201965,-0.001587937818840146,0.99952632188797,0.40418046712875366,0.4576261341571808,0.0015869138296693563,0.9997097849845886,0.43561214208602905,0.5623491406440735,-0.0025825940538197756,0.9887012243270874,0.4055391252040863,0.5635942220687866,-0.0024248328991234303,0.9922074675559998,0.43363791704177856,0.6744066476821899,0.07016701251268387,0.9891928434371948,0.4100801944732666,0.6753056645393372,0.07309354841709137,0.9924527406692505,0.43025684356689453,0.6903709769248962,0.07236824184656143,0.9163629412651062,0.4147728383541107,0.6912907958030701,0.07526525110006332,0.899156391620636,0.44407597184181213,0.7094430327415466,-9.15394484763965e-05,0.9854031205177307,0.4028506875038147,0.7134921550750732,0.0018581598997116089,0.9866123199462891
78,turn,0.41406089067459106,0.2409580647945404,-0.16516625881195068,0.999984622001648,0.4173191487789154,0.2318650782108307,-0.1552685648202896,0.999946117401123,0.41943755745887756,0.23183731734752655,-0.15528152883052826,0.9999420046806335,0.4216367304325104,0.23196756839752197,-0.1552635133266449,0.9999403357505798,0.4103574752807617,0.23342975974082947,-0.15538226068019867,0.9999542832374573,0.4078129231929779,0.23417548835277557,-0.1553853303194046,0.9999489188194275,0.4060770571231842,0.23473212122917175,-0.1554040014743805,0.9999504089355469,0.42360514402389526,0.23832909762859344,-0.09364087879657745,0.9998615384101868,0.4031434655189514,0.24181245267391205,-0.09472281485795975,0.999893844127655,0.4190432131290436,0.2536592483520508,-0.1420625001192093,0.9999675750732422,0.40969356894493103,0.25454044342041016,-0.14243072271347046,0.9999726414680481,0.4432950019836426,0.301281601190567,-0.056665610522031784,0.9999265670776367,0.38708171248435974,0.3095928132534027,-0.05146382004022598,0.9999347925186157,0.45239144563674927,0.37746429443359375,-0.038530826568603516,0.9829344749450684,0.38024479150772095,0.3927687406539917,-0.03200646489858627,0.9761908650398254,0.4515171945095062,0.4478197395801544,-0.09897588193416595,0.9729385375976562,0.3848089873790741,0.46322643756866455,-0.0816531702876091,0.9573065042495728,0.45115476846694946,0.4715363383293152,-0.11729878187179565,0.9469152092933655,0.3866426646709442,0.4851070046424866,-0.09852041304111481,0.9215101599693298,0.44718679785728455,0.46986547112464905,-0.13639256358146667,0.9489356875419617,0.3912501633167267,0.4824923574924469,-0.11555163562297821,0.9237977862358093,0.44571366906166077,0.4643034338951111,-0.10737413167953491,0.9357667565345764,0.39190158247947693,0.47556957602500916,-0.08913902193307877,0.9095313549041748,0.43604135513305664,0.45683249831199646,-0.0012579867616295815,0.9995235204696655,0.4041198790073395,0.45869794487953186,0.0012570511316880584,0.9997078776359558,0.4362815320491791,0.5621529817581177,-0.004792413674294949,0.9886349439620972,0.40508681535720825,0.5640482306480408,-0.002640517894178629,0.9921066761016846,0.4336404800415039,0.6733386516571045,0.0696086511015892,0.9890292286872864,0.41003426909446716,0.6751076579093933,0.07287924736738205,0.9923058152198792,0.430187463760376,0.6894394755363464,0.0713370069861412,0.9167946577072144,0.4147608280181885,0.6909295320510864,0.07497131824493408,0.8987355828285217,0.4448111653327942,0.7088690400123596,-0.0013701663119718432,0.9852081537246704,0.4028782248497009,0.7133004069328308,0.0020444344263523817,0.9863272905349731
79,turn,0.41433030366897583,0.24094191193580627,-0.16303688287734985,0.9999842643737793,0.417361319065094,0.2318408340215683,-0.15309372544288635,0.9999443888664246,0.419541597366333,0.23181889951229095,-0.15310823917388916,0.9999397397041321,0.4216456413269043,0.23195236921310425,-0.15309636294841766,0.9999375343322754,0.41040319204330444,0.23335778713226318,-0.15336567163467407,0.9999529123306274,0.4079342484474182,0.23413075506687164,-0.15336818993091583,0.9999470710754395,0.4060845375061035,0.23472699522972107,-0.15338698029518127,0.9999485015869141,0.42354923486709595,0.2382999062538147,-0.09131462872028351,0.999855637550354,0.40317201614379883,0.24180231988430023,-0.09398630261421204,0.9998908638954163,0.4191698431968689,0.25366634130477905,-0.13991418480873108,0.9999663233757019,0.40986162424087524,0.2545678913593292,-0.14056238532066345,0.9999718070030212,0.44324254989624023,0.3013744056224823,-0.05508432909846306,0.9999234080314636,0.38704758882522583,0.3096175193786621,-0.0510062649846077,0.9999350905418396,0.4520590901374817,0.3773950934410095,-0.03764024004340172,0.9823723435401917,0.3800775706768036,0.39312544465065,-0.03275269269943237,0.9766714572906494,0.451524019241333,0.448211133480072,-0.0974845290184021,0.9726938605308533,0.38449835777282715,0.4638492465019226,-0.08204273134469986,0.9577828645706177,0.45133692026138306,0.471863329410553,-0.11564072221517563,0.9465649724006653,0.386209100484848,0.48596861958503723,-0.09871135652065277,0.9221721291542053,0.4474480152130127,0.47015780210494995,-0.1346093714237213,0.9485839009284973,0.39082175493240356,0.48346146941185,-0.11567654460668564,0.9244109392166138,0.4459230899810791,0.46461403369903564,-0.10590319335460663,0.9354987740516663,0.3914948105812073,0.47643333673477173,-0.0895029678940773,0.9103380441665649,0.4360488951206207,0.45697706937789917,7.117899258446414e-06,0.9995226860046387,0.4040723443031311,0.4588175117969513,-1.925448032125132e-06,0.999710202217102,0.43724966049194336,0.5616787672042847,-0.010463234037160873,0.9883862137794495,0.40493202209472656,0.564054548740387,-0.00750903133302927,0.9920331239700317,0.4335194528102875,0.6724950075149536,0.059706129133701324,0.9886226058006287,0.41002193093299866,0.6750776767730713,0.06442480534315109,0.9921809434890747,0.42957964539527893,0.6889936923980713,0.06171189993619919,0.9181711077690125,0.41475385427474976,0.6909328103065491,0.06620520353317261,0.8981985449790955,0.4471052587032318,0.7084218859672546,-0.006978575140237808,0.9847819805145264,0.4028838276863098,0.7131600379943848,-0.006125860381871462,0.9859856367111206
80,turn,0.41482263803482056,0.24121062457561493,-0.16307947039604187,0.9999838471412659,0.4176490306854248,0.2319694459438324,-0.1532394140958786,0.9999421834945679,0.4198254644870758,0.23195236921310425,-0.15325388312339783,0.9999366998672485,0.42165952920913696,0.2320697158575058,-0.15324386954307556,0.9999338388442993,0.4106825888156891,0.23337438702583313,-0.15366320312023163,0.9999514222145081,0.4083123803138733,0.23415020108222961,-0.15366539359092712,0.9999450445175171,0.4061962962150574,0.2348070591688156,-0.15368607640266418,0.9999464154243469,0.42356839776039124,0.23831433057785034,-0.09155672043561935,0.9998461604118347,0.40326395630836487,0.2418135106563568,-0.09458084404468536,0.9998877644538879,0.41941723227500916,0.2539186179637909,-0.13993290066719055,0.9999644160270691,0.4102850556373596,0.25487184524536133,-0.14072981476783752,0.9999707937240601,0.4432641863822937,0.3015357553958893,-0.05500776320695877,0.9999192357063293,0.38708752393722534,0.3095782995223999,-0.05394946411252022,0.9999362230300903,0.4519028663635254,0.3773963153362274,-0.03724144399166107,0.9815659523010254,0.3800288438796997,0.3932075500488281,-0.03703910857439041,0.97724449634552,0.4517896771430969,0.448398619890213,-0.09536109864711761,0.9723444581031799,0.38427454233169556,0.4646017253398895,-0.08427310734987259,0.9583261609077454,0.4523256719112396,0.4720297157764435,-0.11282724142074585,0.946009635925293,0.38589826226234436,0.4870290458202362,-0.10024259984493256,0.9228889346122742,0.44870591163635254,0.47030678391456604,-0.132001131772995,0.9480593800544739,0.3905274271965027,0.4846443235874176,-0.11719170957803726,0.9250837564468384,0.44719061255455017,0.4647374451160431,-0.10388225317001343,0.9350255727767944,0.39121586084365845,0.47748973965644836,-0.09168276935815811,0.9112476110458374,0.4361168444156647,0.4573795199394226,0.0015308173606172204,0.9995208978652954,0.40413331985473633,0.4593777656555176,-0.0015261025400832295,0.999714195728302,0.43874892592430115,0.5613303780555725,-0.009751717559993267,0.9880848526954651,0.40494051575660706,0.5640273690223694,-0.009423410519957542,0.9920161962509155,0.4332219064235687,0.6720631718635559,0.05838937312364578,0.9882095456123352,0.4100215435028076,0.6748901009559631,0.062166959047317505,0.9921212792396545,0.4290885329246521,0.6887773871421814,0.06034810096025467,0.9201977252960205,0.41473275423049927,0.6908645033836365,0.06399029493331909,0.8982864022254944,0.4505341053009033,0.7074870467185974,-0.007109107915312052,0.9844041466712952,0.4028865694999695,0.7131194472312927,-0.0075997645035386086,0.9857659935951233
81,turn,0.4154830574989319,0.24120548367500305,-0.16572794318199158,0.9999837875366211,0.41836220026016235,0.23191159963607788,-0.15577182173728943,0.9999415278434753,0.42030423879623413,0.231914684176445,-0.15578508377075195,0.9999353289604187,0.42182737588882446,0.23204229772090912,-0.15577806532382965,0.999932050704956,0.4113602638244629,0.2332332581281662,-0.15647216141223907,0.9999513030052185,0.40892934799194336,0.23401841521263123,-0.1564781367778778,0.9999446272850037,0.40667924284935,0.23474940657615662,-0.15649905800819397,0.999946117401123,0.4238489270210266,0.2382654845714569,-0.09247474372386932,0.9998409748077393,0.4034857749938965,0.2416902482509613,-0.09662734717130661,0.999888002872467,0.4199654161930084,0.25396451354026794,-0.14189741015434265,0.9999633431434631,0.41093558073043823,0.2548995912075043,-0.1431182324886322,0.9999706149101257,0.443270742893219,0.30182749032974243,-0.054833896458148956,0.9999141097068787,0.38709741830825806,0.3093598783016205,-0.05697309970855713,0.9999380111694336,0.4517368674278259,0.37738940119743347,-0.03598739206790924,0.9802814722061157,0.3799920678138733,0.3931877017021179,-0.040879882872104645,0.9780043959617615,0.4523574411869049,0.4490874409675598,-0.09375298768281937,0.9710919260978699,0.38410860300064087,0.4650906026363373,-0.0883965790271759,0.9590245485305786,0.4535219669342041,0.4722442924976349,-0.11109204590320587,0.9438487887382507,0.38574057817459106,0.4874475300312042,-0.10444916784763336,0.9236882925033569,0.4501829743385315,0.47060421109199524,-0.13048991560935974,0.9460276961326599,0.3902859687805176,0.4850556552410126,-0.12132728099822998,0.9258735775947571,0.4487822651863098,0.4650329649448395,-0.1024928092956543,0.9328046441078186,0.39095547795295715,0.47797513008117676,-0.0957857146859169,0.912223219871521,0.4362122416496277,0.4573269188404083,0.0028312953654676676,0.9995202422142029,0.4042510986328125,0.4592727720737457,-0.0028266378212720156,0.9997192621231079,0.4401519298553467,0.560772716999054,-0.01182502694427967,0.9877150654792786,0.4049466550350189,0.5636855363845825,-0.013809573836624622,0.9919761419296265,0.4325543940067291,0.6715236902236938,0.057675041258335114,0.9876976609230042,0.4100530743598938,0.674868643283844,0.05947991460561752,0.992039680480957,0.42848166823387146,0.6883469223976135,0.05988385155797005,0.9216496348381042,0.4147246778011322,0.690865695476532,0.0614377036690712,0.8976789116859436,0.4525657296180725,0.7059163451194763,-0.007661019917577505,0.9840296506881714,0.40289220213890076,0.7131157517433167,-0.011303318664431572,0.9855549335479736
82,turn,0.4162909984588623,0.241118386387825,-0.16729645431041718,0.9999830722808838,0.4193071722984314,0.23183058202266693,-0.1574484258890152,0.9999381303787231,0.4208899140357971,0.23187164962291718,-0.1574598252773285,0.9999309182167053,0.4223446249961853,0.2320151925086975,-0.1574499011039734,0.999926745891571,0.41238927841186523,0.2329479604959488,-0.15811070799827576,0.9999489188194275,0.4097224771976471,0.23368345201015472,-0.15811605751514435,0.9999417662620544,0.4075099527835846,0.23444955050945282,-0.15813963115215302,0.999943196773529,0.42462748289108276,0.23825393617153168,-0.09355544298887253,0.9998257756233215,0.4039529263973236,0.24147213995456696,-0.09781868755817413,0.9998830556869507,0.42064136266708374,0.25396037101745605,-0.14326238632202148,0.9999608397483826,0.4115806221961975,0.2548339068889618,-0.14449620246887207,0.9999693632125854,0.4433979094028473,0.3021101653575897,-0.05478636175394058,0.9999078512191772,0.3873254954814911,0.3089103698730469,-0.05808902904391289,0.9999391436576843,0.4517790377140045,0.3786460757255554,-0.03382546082139015,0.9790719151496887,0.379962295293808,0.39299219846725464,-0.040700558573007584,0.9784826636314392,0.45317864418029785,0.45026931166648865,-0.09017817676067352,0.9701403975486755,0.38389915227890015,0.46509242057800293,-0.08749575912952423,0.9591500759124756,0.45465606451034546,0.4729047119617462,-0.10699524730443954,0.9422793984413147,0.38560861349105835,0.4875721037387848,-0.10354926437139511,0.9236222505569458,0.451342910528183,0.4713583290576935,-0.126857727766037,0.9445288181304932,0.3900472819805145,0.48513081669807434,-0.12083733081817627,0.9257754683494568,0.44999152421951294,0.46581265330314636,-0.09907493740320206,0.9312113523483276,0.3906911611557007,0.47807756066322327,-0.09509145468473434,0.9123324751853943,0.4363880157470703,0.4580058157444,0.0035262294113636017,0.9995170831680298,0.4043981432914734,0.4597833454608917,-0.003522419137880206,0.9997230768203735,0.44119125604629517,0.5616457462310791,0.0021943622268736362,0.9874782562255859,0.4049686789512634,0.5637468099594116,-0.010351900942623615,0.9920082092285156,0.43155279755592346,0.6713367700576782,0.07478372007608414,0.9874297976493835,0.4100441038608551,0.6746448874473572,0.07123993337154388,0.9920393824577332,0.4276081621646881,0.6880006790161133,0.07737615704536438,0.9236956238746643,0.4145059585571289,0.6902450323104858,0.07404986023902893,0.8978002667427063,0.45248278975486755,0.7041957974433899,0.010321256704628468,0.9838565587997437,0.40308132767677307,0.7130042314529419,0.0013414038112387061,0.9855345487594604
83,turn,0.41755595803260803,0.24108275771141052,-0.16341671347618103,0.9999820590019226,0.4203329086303711,0.23172955214977264,-0.15361391007900238,0.9999337196350098,0.42172306776046753,0.2317948192358017,-0.15362560749053955,0.9999251961708069,0.4235100746154785,0.23194554448127747,-0.15361277759075165,0.9999198913574219,0.41382941603660583,0.2326224148273468,-0.15448009967803955,0.9999458193778992,0.41098326444625854,0.2333044409751892,-0.1544814258813858,0.9999379515647888,0.40863895416259766,0.23408780992031097,-0.15450933575630188,0.9999394416809082,0.42567571997642517,0.23814155161380768,-0.08955632150173187,0.9998055100440979,0.40474557876586914,0.24119794368743896,-0.09547536820173264,0.9998773336410522,0.4214393198490143,0.253949910402298,-0.13932687044143677,0.9999575614929199,0.4127194881439209,0.2547634243965149,-0.14089737832546234,0.9999678134918213,0.4438149333000183,0.3023405373096466,-0.04979459196329117,0.9999011754989624,0.3880760967731476,0.30810385942459106,-0.056711457669734955,0.9999402165412903,0.45187902450561523,0.37878960371017456,-0.028347808867692947,0.9772741198539734,0.37998253107070923,0.39203715324401855,-0.03913474828004837,0.9789299964904785,0.45416751503944397,0.4501956105232239,-0.08509399741888046,0.9690216183662415,0.38373392820358276,0.46457329392433167,-0.08660201728343964,0.9592521786689758,0.4560515880584717,0.47297123074531555,-0.10172241926193237,0.9406788945198059,0.3854829668998718,0.48752444982528687,-0.10347797721624374,0.9235848784446716,0.4524614214897156,0.47150933742523193,-0.12148182094097137,0.9430201649665833,0.38985010981559753,0.48505720496177673,-0.12075122445821762,0.9257363677024841,0.45101800560951233,0.4658820331096649,-0.09400587528944016,0.9296138882637024,0.39049261808395386,0.4780327379703522,-0.0942237451672554,0.9125783443450928,0.4369939863681793,0.45906612277030945,0.004376916214823723,0.999511182308197,0.4049781858921051,0.46068835258483887,-0.004369812086224556,0.9997255802154541,0.4416831433773041,0.5619259476661682,0.007131560239940882,0.9871580600738525,0.4050990045070648,0.5637500882148743,-0.010248634032905102,0.9919924139976501,0.4312472939491272,0.671356737613678,0.07906907796859741,0.9871158003807068,0.4100441336631775,0.6746413111686707,0.07242782413959503,0.9919747114181519,0.42731013894081116,0.6880253553390503,0.08164834976196289,0.9254215359687805,0.4143430292606354,0.6901354789733887,0.07528205215930939,0.8970529437065125,0.45276474952697754,0.7033595442771912,0.015445324592292309,0.9836074113845825,0.4032353460788727,0.7129751443862915,0.003016300033777952,0.9853821396827698
84,turn,0.41965407133102417,0.24101769924163818,-0.16403362154960632,0.999981164932251,0.4217599928379059,0.2317277491092682,-0.15419180691242218,0.9999298453330994,0.4235454499721527,0.23179350793361664,-0.1542004495859146,0.999920129776001,0.4253384470939636,0.23194469511508942,-0.15418459475040436,0.9999133944511414,0.415886789560318,0.23251308500766754,-0.155448317527771,0.9999433755874634,0.41326814889907837,0.2331288456916809,-0.15545034408569336,0.9999351501464844,0.4106622338294983,0.23387818038463593,-0.1554790586233139,0.9999366402626038,0.4269292950630188,0.23812174797058105,-0.08971576392650604,0.9997889399528503,0.40602049231529236,0.24108745157718658,-0.09700381010770798,0.999874472618103,0.4227392077445984,0.25386106967926025,-0.1396186351776123,0.9999549388885498,0.4148000180721283,0.2545701861381531,-0.14177864789962769,0.9999668598175049,0.4446814954280853,0.3028623163700104,-0.04946213960647583,0.9998944997787476,0.3890143930912018,0.3077780306339264,-0.05862947553396225,0.999941349029541,0.4522458016872406,0.3794686496257782,-0.025367075577378273,0.9758114218711853,0.38007429242134094,0.391176700592041,-0.0431787334382534,0.9795726537704468,0.4549935758113861,0.4502536654472351,-0.08061909675598145,0.9683690071105957,0.3837440609931946,0.46452513337135315,-0.08892984688282013,0.9597107172012329,0.4573478698730469,0.4730859100818634,-0.09675774723291397,0.9398423433303833,0.3854880928993225,0.48742231726646423,-0.1048758402466774,0.9240850210189819,0.45360976457595825,0.47174835205078125,-0.11678453534841537,0.9422436952590942,0.389855295419693,0.48500072956085205,-0.12217297405004501,0.9262161254882812,0.4519640803337097,0.46605390310287476,-0.08960726112127304,0.9289117455482483,0.39051005244255066,0.47799479961395264,-0.09650380164384842,0.9134296178817749,0.4376727044582367,0.4598708748817444,0.005271034315228462,0.9995068311691284,0.4056919515132904,0.46144649386405945,-0.00526281725615263,0.9997289776802063,0.44208115339279175,0.5624184608459473,0.00889404397457838,0.9871422648429871,0.4052998125553131,0.5646519064903259,-0.009686056524515152,0.9921103715896606,0.4311179518699646,0.671387255191803,0.0852038711309433,0.9870524406433105,0.41001445055007935,0.6746522784233093,0.07393434643745422,0.9920616149902344,0.4273025393486023,0.6877764463424683,0.08822563290596008,0.927550733089447,0.41427499055862427,0.6899343729019165,0.07696172595024109,0.8977394104003906,0.4525929391384125,0.7030786275863647,0.022743988782167435,0.9835952520370483,0.4032643437385559,0.7130616307258606,0.0046414099633693695,0.9854622483253479
85,turn,0.4213257431983948,0.24006053805351257,-0.16950485110282898,0.9999810457229614,0.4235250949859619,0.23103117942810059,-0.1591184437274933,0.9999290108680725,0.4254092574119568,0.23115144670009613,-0.15912052989006042,0.9999184012413025,0.4269467890262604,0.23133061826229095,-0.15909990668296814,0.9999107122421265,0.41787752509117126,0.23143863677978516,-0.16104604303836823,0.9999434947967529,0.4153469502925873,0.2318468540906906,-0.1610531508922577,0.9999353289604187,0.4127708375453949,0.23244832456111908,-0.16107995808124542,0.9999369382858276,0.4283439517021179,0.2378237396478653,-0.09247031807899475,0.9997791647911072,0.4076295495033264,0.2402949035167694,-0.10342814028263092,0.9998773336410522,0.42435353994369507,0.25250518321990967,-0.14445792138576508,0.9999541640281677,0.41720137000083923,0.25283563137054443,-0.14760053157806396,0.9999672174453735,0.44566068053245544,0.3031744360923767,-0.04983387142419815,0.9998892545700073,0.3899945914745331,0.3075096905231476,-0.06552760303020477,0.9999436140060425,0.45288199186325073,0.37996596097946167,-0.023135194554924965,0.9743891954421997,0.3802844285964966,0.3909302055835724,-0.05116613954305649,0.9804127216339111,0.4560266137123108,0.45069506764411926,-0.07733804732561111,0.967860221862793,0.3839060366153717,0.46447262167930603,-0.09503337740898132,0.9606990218162537,0.45860013365745544,0.4733896851539612,-0.0929165631532669,0.9391305446624756,0.38555479049682617,0.48704686760902405,-0.11048907041549683,0.9254043698310852,0.4550345540046692,0.4723106920719147,-0.11318789422512054,0.9416368007659912,0.3899291455745697,0.4847324788570404,-0.12748126685619354,0.927506148815155,0.4532976746559143,0.4666985273361206,-0.08642015606164932,0.9284780025482178,0.39065271615982056,0.47789275646209717,-0.1023552194237709,0.9151390790939331,0.43870115280151367,0.4603651762008667,0.007178892381489277,0.999509334564209,0.4066745638847351,0.46216148138046265,-0.007184498943388462,0.9997352361679077,0.4422272741794586,0.5640085935592651,0.01623072288930416,0.9869417548179626,0.4056352972984314,0.5655430555343628,-0.00918838195502758,0.9921438097953796,0.43101081252098083,0.6717272996902466,0.09265965968370438,0.9869545698165894,0.40998825430870056,0.6748324632644653,0.07647103816270828,0.9920769929885864,0.4271792769432068,0.6878531575202942,0.09564501792192459,0.929591178894043,0.4141499400138855,0.6899237632751465,0.0797216072678566,0.8973646759986877,0.45262622833251953,0.7029905915260315,0.030246686190366745,0.9835861325263977,0.4033493995666504,0.7132498025894165,0.006949374917894602,0.9854708909988403
86,turn,0.4246456027030945,0.23819048702716827,-0.17443042993545532,0.9999812841415405,0.4261823296546936,0.22968493402004242,-0.16356013715267181,0.9999298453330994,0.4277583062648773,0.2298099547624588,-0.16355977952480316,0.9999189972877502,0.429332435131073,0.23002971708774567,-0.163539320230484,0.9999106526374817,0.42060670256614685,0.22988855838775635,-0.16663335263729095,0.9999446272850037,0.4181434214115143,0.23021242022514343,-0.166642963886261,0.9999368190765381,0.4155479967594147,0.23067565262317657,-0.16666704416275024,0.9999381899833679,0.4295077323913574,0.23723562061786652,-0.09497876465320587,0.9997774958610535,0.4097827970981598,0.23887108266353607,-0.11136200278997421,0.9998822808265686,0.4269847273826599,0.2502566874027252,-0.14871986210346222,0.9999547600746155,0.4206870198249817,0.2503666877746582,-0.1533469706773758,0.9999681711196899,0.4467926621437073,0.30362623929977417,-0.049847088754177094,0.9998879432678223,0.39110350608825684,0.3069600462913513,-0.07411903142929077,0.999946117401123,0.45359572768211365,0.3803589344024658,-0.01825113594532013,0.9732470512390137,0.38081222772598267,0.39032605290412903,-0.05929115414619446,0.9815101027488708,0.4571555256843567,0.4506880044937134,-0.07176099717617035,0.967842161655426,0.38442495465278625,0.4644216299057007,-0.10072760283946991,0.9623525142669678,0.45976877212524414,0.4734289050102234,-0.0868196040391922,0.9391101598739624,0.38597625494003296,0.4867675006389618,-0.11609254777431488,0.9279096722602844,0.4564097821712494,0.4724105894565582,-0.10776402801275253,0.9417657852172852,0.39041656255722046,0.48438403010368347,-0.1332564502954483,0.9299537539482117,0.4546567499637604,0.4668455719947815,-0.08116541802883148,0.9288658499717712,0.39122962951660156,0.47765401005744934,-0.10803797096014023,0.9180079698562622,0.4398212432861328,0.4602524936199188,0.009298253804445267,0.9995161294937134,0.4077475965023041,0.4621693789958954,-0.009303928352892399,0.9997422099113464,0.44234499335289,0.5645991563796997,0.01912568509578705,0.9868751168251038,0.4065399765968323,0.5661328434944153,-0.008685010485351086,0.9921543598175049,0.43097609281539917,0.6718944311141968,0.09610553830862045,0.9869820475578308,0.40998825430870056,0.6750691533088684,0.07749950140714645,0.9920822978019714,0.42713040113449097,0.687865674495697,0.0990867018699646,0.9319897294044495,0.41405215859413147,0.6899029016494751,0.08086760342121124,0.8964728116989136,0.4523058533668518,0.702867865562439,0.033274777233600616,0.9837183952331543,0.4036646783351898,0.7132887244224548,0.007110951002687216,0.9855342507362366
87,turn,0.42655500769615173,0.23779071867465973,-0.18663641810417175,0.9999814629554749,0.42802923917770386,0.2291627675294876,-0.1758442223072052,0.9999302625656128,0.4296495318412781,0.22932560741901398,-0.175841823220253,0.9999189972877502,0.43123897910118103,0.2296191304922104,-0.17582052946090698,0.9999098181724548,0.4224083423614502,0.22922265529632568,-0.17953702807426453,0.9999455809593201,0.4198833107948303,0.22947247326374054,-0.1795543134212494,0.9999381899833679,0.417193740606308,0.22984932363033295,-0.17957961559295654,0.9999394416809082,0.43105682730674744,0.2370651513338089,-0.10508358478546143,0.9997718930244446,0.41127151250839233,0.23781977593898773,-0.12448559701442719,0.9998871088027954,0.42868342995643616,0.2499535083770752,-0.15983206033706665,0.9999547004699707,0.4224388003349304,0.24976028501987457,-0.16530640423297882,0.999968945980072,0.44769710302352905,0.30371442437171936,-0.053271181881427765,0.9998863935470581,0.3923398554325104,0.3061845004558563,-0.08437275886535645,0.9999487400054932,0.4544594883918762,0.3807830512523651,-0.020007828250527382,0.9719756841659546,0.38190263509750366,0.38967186212539673,-0.06902078539133072,0.9826580286026001,0.45841774344444275,0.45086783170700073,-0.07478868216276169,0.9678505063056946,0.3851393759250641,0.46437209844589233,-0.11161904036998749,0.9643291234970093,0.46081191301345825,0.47366854548454285,-0.09007217735052109,0.9390813708305359,0.3868606686592102,0.48669594526290894,-0.1272834837436676,0.9311113357543945,0.4574114680290222,0.47271013259887695,-0.11122782528400421,0.9418990015983582,0.39129728078842163,0.4842906892299652,-0.1445014923810959,0.9330922961235046,0.4556844234466553,0.4670881927013397,-0.08427192270755768,0.9292858242988586,0.392066091299057,0.4776157736778259,-0.11879376322031021,0.9215824604034424,0.4408997893333435,0.4601728320121765,0.010511284694075584,0.9995205402374268,0.40889257192611694,0.4622785449028015,-0.010524241253733635,0.999747633934021,0.4421465992927551,0.5653572678565979,0.02403971739113331,0.9867513179779053,0.4076414704322815,0.5664132237434387,-0.008089517243206501,0.9920980334281921,0.43094539642333984,0.6720774173736572,0.10119570791721344,0.9870064854621887,0.41002076864242554,0.675203263759613,0.08073662221431732,0.9920446872711182,0.4271429479122162,0.6878744959831238,0.104195237159729,0.934249758720398,0.41398555040359497,0.6898663640022278,0.08433853834867477,0.8950836062431335,0.4520951211452484,0.7029203772544861,0.03805788978934288,0.9838932752609253,0.40387099981307983,0.713291585445404,0.009447319433093071,0.9855768084526062
88,turn,0.42841190099716187,0.2377336472272873,-0.19165122509002686,0.9999821782112122,0.4297007620334625,0.22899475693702698,-0.18066178262233734,0.9999328851699829,0.4312566816806793,0.229180246591568,-0.1806592494249344,0.9999217987060547,0.43265804648399353,0.22949986159801483,-0.1806371808052063,0.9999126195907593,0.4244295656681061,0.2290184050798416,-0.18460571765899658,0.9999478459358215,0.4218630790710449,0.22924040257930756,-0.18462595343589783,0.999940812587738,0.41917699575424194,0.2295757532119751,-0.18465158343315125,0.9999420046806335,0.43220314383506775,0.23695585131645203,-0.10843729972839355,0.9997755289077759,0.4131094813346863,0.237212136387825,-0.1290821135044098,0.9998932480812073,0.43043962121009827,0.249871164560318,-0.16420713067054749,0.9999560713768005,0.42451754212379456,0.24970053136348724,-0.1700621098279953,0.9999703764915466,0.4487103521823883,0.3037613332271576,-0.05489600822329521,0.9998893737792969,0.3937075734138489,0.3054257929325104,-0.08639146387577057,0.9999514222145081,0.45552366971969604,0.3824751675128937,-0.020901940762996674,0.9715185761451721,0.38315027952194214,0.3888482451438904,-0.06976490467786789,0.9837204217910767,0.4593256413936615,0.45088574290275574,-0.07692709565162659,0.9687743782997131,0.3860325813293457,0.4638978838920593,-0.11478473246097565,0.9662946462631226,0.4616507887840271,0.47367167472839355,-0.0927761048078537,0.9406060576438904,0.3879393935203552,0.4864656329154968,-0.1309245079755783,0.934409499168396,0.458146870136261,0.47271689772605896,-0.11150600016117096,0.9434990286827087,0.3925434947013855,0.4837813973426819,-0.14853915572166443,0.9363412857055664,0.4564586579799652,0.4671238660812378,-0.0854739397764206,0.931220531463623,0.39322778582572937,0.47721511125564575,-0.12205424159765244,0.9252109527587891,0.44170060753822327,0.46012285351753235,0.011682216078042984,0.9995287656784058,0.4098142087459564,0.46220365166664124,-0.011709161102771759,0.9997537136077881,0.4418027997016907,0.5703974962234497,0.025368869304656982,0.986649215221405,0.4090255796909332,0.568050742149353,-0.00788317434489727,0.9920055866241455,0.43094831705093384,0.6733105182647705,0.1030871644616127,0.9870992302894592,0.4100293517112732,0.6761128306388855,0.08054545521736145,0.9919928908348083,0.4271659851074219,0.6881438493728638,0.10607188940048218,0.936229944229126,0.41385746002197266,0.6901074647903442,0.0840940773487091,0.8923706412315369,0.45198941230773926,0.703093945980072,0.03834138810634613,0.9841569066047668,0.40387922525405884,0.7136802673339844,0.00832351204007864,0.9856597185134888
89,turn,0.4308578073978424,0.23772943019866943,-0.1855742335319519,0.9999827742576599,0.43178844451904297,0.22880786657333374,-0.17460383474826813,0.9999351501464844,0.4330774247646332,0.22900617122650146,-0.17460602521896362,0.99992436170578,0.43423938751220703,0.22933819890022278,-0.17458489537239075,0.9999151825904846,0.4267386794090271,0.22885815799236298,-0.17834103107452393,0.9999494552612305,0.42415347695350647,0.2290729135274887,-0.1783563196659088,0.9999427199363708,0.4215376377105713,0.2294059693813324,-0.17838090658187866,0.9999436140060425,0.4334684908390045,0.23678012192249298,-0.10587681829929352,0.9997779726982117,0.4153507351875305,0.23676984012126923,-0.12373726069927216,0.9998977780342102,0.4328785836696625,0.24980586767196655,-0.1588038057088852,0.9999573230743408,0.4270356297492981,0.24960541725158691,-0.16421467065811157,0.9999715089797974,0.44971805810928345,0.3037583529949188,-0.050383009016513824,0.9998942613601685,0.3952595591545105,0.3041096329689026,-0.08322930335998535,0.9999534487724304,0.4561452269554138,0.38243839144706726,-0.017300117760896683,0.9711935520172119,0.38447698950767517,0.38676029443740845,-0.06880450248718262,0.9846566915512085,0.46003293991088867,0.45087170600891113,-0.07842004299163818,0.9702621698379517,0.38798218965530396,0.4623681902885437,-0.11467517912387848,0.968189537525177,0.46230801939964294,0.4735850989818573,-0.0940961241722107,0.9432556629180908,0.389597088098526,0.4854952394962311,-0.13113565742969513,0.9377337098121643,0.4588340222835541,0.47268277406692505,-0.1128091961145401,0.9461380243301392,0.3943207561969757,0.48264995217323303,-0.1491231471300125,0.9395960569381714,0.4571372866630554,0.4671178460121155,-0.08671583235263824,0.934370756149292,0.3950822651386261,0.47616302967071533,-0.1220802441239357,0.928865909576416,0.4422501027584076,0.45938438177108765,0.013822908513247967,0.9995421171188354,0.4111250340938568,0.4613022208213806,-0.013859058730304241,0.9997588396072388,0.441062867641449,0.5701779127120972,0.02866208180785179,0.9861547946929932,0.41071781516075134,0.5685780644416809,-0.007748456206172705,0.9917384386062622,0.4309609532356262,0.6737051010131836,0.1043110340833664,0.9870864152908325,0.4103268086910248,0.6761066913604736,0.0797596126794815,0.9918464422225952,0.4271860718727112,0.6881522536277771,0.10712449252605438,0.9383918046951294,0.41384202241897583,0.6899961233139038,0.08319547772407532,0.8900059461593628,0.45190444588661194,0.7031677961349487,0.04057987779378891,0.9843977093696594,0.40443721413612366,0.7137596011161804,0.007685174234211445,0.9856680631637573
90,turn,0.43223753571510315,0.2376265674829483,-0.1875484138727188,0.9999839067459106,0.4331352710723877,0.22861093282699585,-0.1761435568332672,0.9999396204948425,0.43429985642433167,0.2288479208946228,-0.17614077031612396,0.9999294877052307,0.43541041016578674,0.22921332716941833,-0.1761140674352646,0.9999207854270935,0.428142249584198,0.22859057784080505,-0.18075130879878998,0.9999528527259827,0.4256792664527893,0.22876839339733124,-0.18076664209365845,0.999946653842926,0.42309466004371643,0.22907422482967377,-0.1807853728532791,0.9999473094940186,0.4346199631690979,0.23666894435882568,-0.1046195775270462,0.9997902512550354,0.41713327169418335,0.23606988787651062,-0.1276366263628006,0.9999053478240967,0.4341820776462555,0.2496371865272522,-0.16018766164779663,0.99996018409729,0.42831486463546753,0.24927008152008057,-0.16690120100975037,0.9999735355377197,0.4505332112312317,0.3037719428539276,-0.04973761364817619,0.9998999238014221,0.3965258002281189,0.30311155319213867,-0.08963503688573837,0.9999562501907349,0.45688900351524353,0.3824392557144165,-0.015047198161482811,0.9710595607757568,0.38532501459121704,0.3862065076828003,-0.07678349316120148,0.9856956601142883,0.4606696665287018,0.45091497898101807,-0.07715489715337753,0.9718348383903503,0.3903331458568573,0.46129265427589417,-0.12260563671588898,0.9702925086021423,0.462968647480011,0.47357887029647827,-0.09348256140947342,0.9460099339485168,0.39169979095458984,0.484868586063385,-0.13952913880348206,0.9415046572685242,0.45949164032936096,0.4726845920085907,-0.11415586620569229,0.9488525986671448,0.3966256082057953,0.4820719361305237,-0.15669843554496765,0.9432535767555237,0.45777225494384766,0.46716630458831787,-0.08653053641319275,0.9376108646392822,0.39759111404418945,0.4756230115890503,-0.12959259748458862,0.9329906702041626,0.44247037172317505,0.4579325020313263,0.017071278765797615,0.9995602369308472,0.41167593002319336,0.45979928970336914,-0.01712604984641075,0.9997663497924805,0.4408581256866455,0.5698090195655823,0.030406367033720016,0.9855872392654419,0.4122597277164459,0.5688766241073608,-0.010738321579992771,0.9916503429412842,0.4310600161552429,0.6744380593299866,0.10300467908382416,0.9871634244918823,0.4111030101776123,0.6761842370033264,0.07429906725883484,0.991819441318512,0.4273216724395752,0.6883525252342224,0.10554206371307373,0.9408618211746216,0.413917601108551,0.6899951696395874,0.07763113081455231,0.8883571624755859,0.4523414969444275,0.7035364508628845,0.040047015994787216,0.984698474407196,0.4057772159576416,0.7138414978981018,0.0014069939497858286,0.9857808947563171
91,turn,0.4342154562473297,0.23740597069263458,-0.1858246922492981,0.9999849200248718,0.43463048338890076,0.22845281660556793,-0.1742367297410965,0.999943733215332,0.4356357455253601,0.22873781621456146,-0.17423371970653534,0.999934196472168,0.4367096424102783,0.22914519906044006,-0.17420603334903717,0.999925971031189,0.42985183000564575,0.22833529114723206,-0.17961294949054718,0.999955952167511,0.4275589883327484,0.22851458191871643,-0.17963024973869324,0.9999503493309021,0.42493653297424316,0.2288188487291336,-0.1796487718820572,0.9999508261680603,0.43538355827331543,0.23666547238826752,-0.10437925904989243,0.9998005628585815,0.4186941087245941,0.23570162057876587,-0.12978915870189667,0.9999125003814697,0.435863733291626,0.24955660104751587,-0.15843190252780914,0.9999628663063049,0.4300486147403717,0.24909836053848267,-0.16618597507476807,0.9999754428863525,0.45106130838394165,0.3040539026260376,-0.04321005567908287,0.9999049305915833,0.3975813090801239,0.30266812443733215,-0.0964178591966629,0.9999589323997498,0.45744436979293823,0.38255560398101807,-0.0050925398245453835,0.9698708057403564,0.3860829472541809,0.38604533672332764,-0.0864115059375763,0.9867194890975952,0.4618073105812073,0.45096588134765625,-0.06666802614927292,0.9727152585983276,0.39251232147216797,0.4610424339771271,-0.13068482279777527,0.9722639918327332,0.4643098711967468,0.47357064485549927,-0.08302957564592361,0.9475269317626953,0.39421266317367554,0.48464149236679077,-0.1485322117805481,0.9450659155845642,0.4605593681335449,0.47268056869506836,-0.10503681004047394,0.9504368901252747,0.3992454409599304,0.4818105101585388,-0.16474369168281555,0.9466755390167236,0.45877179503440857,0.46717947721481323,-0.07680243998765945,0.9395769834518433,0.4000946879386902,0.4753260612487793,-0.13715218007564545,0.9367643594741821,0.4430181384086609,0.4576115608215332,0.022276367992162704,0.9995776414871216,0.41267257928848267,0.45934876799583435,-0.022341657429933548,0.999771237373352,0.44083961844444275,0.5695286989212036,0.03635537251830101,0.9844453930854797,0.4137471616268158,0.5687941908836365,-0.014497089199721813,0.9914963245391846,0.4314058721065521,0.675237238407135,0.10818284749984741,0.9871096611022949,0.4110836088657379,0.6761792302131653,0.06968308985233307,0.9917447566986084,0.4273136556148529,0.6888895630836487,0.11070922762155533,0.9431717395782471,0.4134403169155121,0.6899933815002441,0.07301771640777588,0.8864723443984985,0.45361971855163574,0.7039185166358948,0.04638247936964035,0.9849315881729126,0.4075149893760681,0.7137671709060669,-0.0033067092299461365,0.9858490228652954
92,turn,0.435691773891449,0.23722968995571136,-0.17539018392562866,0.9999859929084778,0.4359988272190094,0.22832825779914856,-0.1625678688287735,0.9999479651451111,0.43704819679260254,0.228671133518219,-0.16256177425384521,0.9999391436576843,0.43824952840805054,0.22912566363811493,-0.16252024471759796,0.9999313354492188,0.4313390851020813,0.22806845605373383,-0.1709570586681366,0.9999591708183289,0.4291251301765442,0.22824539244174957,-0.17097698152065277,0.9999541640281677,0.4265006184577942,0.2285350114107132,-0.1709841638803482,0.9999544024467468,0.4368247091770172,0.23668257892131805,-0.08721352368593216,0.9998123049736023,0.4200732707977295,0.23526762425899506,-0.12503112852573395,0.9999197721481323,0.4373835623264313,0.24954698979854584,-0.1467081755399704,0.9999656081199646,0.4315519332885742,0.2489922046661377,-0.15846768021583557,0.9999774098396301,0.4512438178062439,0.3046667277812958,-0.023144705221056938,0.999910295009613,0.39858347177505493,0.30215075612068176,-0.0951932892203331,0.9999619126319885,0.4578341841697693,0.382568895816803,0.014819596894085407,0.9669744968414307,0.38671809434890747,0.38604292273521423,-0.08823687583208084,0.9877796173095703,0.46247977018356323,0.4508533179759979,-0.04926747828722,0.9729472994804382,0.3944050073623657,0.46041038632392883,-0.1324920952320099,0.9743191003799438,0.4653779864311218,0.4733418822288513,-0.06542211771011353,0.9479864835739136,0.39626333117485046,0.48373353481292725,-0.15128746628761292,0.9488416314125061,0.4615897238254547,0.4725983142852783,-0.08757950365543365,0.951076328754425,0.4017622470855713,0.4806338846683502,-0.16630414128303528,0.9503040313720703,0.45970457792282104,0.4671618640422821,-0.059789080172777176,0.9404898285865784,0.40255481004714966,0.47426697611808777,-0.13839556276798248,0.9408193826675415,0.44343113899230957,0.45734304189682007,0.02973468229174614,0.999598503112793,0.41366133093833923,0.45866042375564575,-0.029804129153490067,0.9997773170471191,0.44102445244789124,0.5692667365074158,0.04311845824122429,0.9822626709938049,0.4154941439628601,0.5683905482292175,-0.021463915705680847,0.9913826584815979,0.43175268173217773,0.6763655543327332,0.11052407324314117,0.9869076013565063,0.4103488326072693,0.6758740544319153,0.05846305564045906,0.9917512536048889,0.42697158455848694,0.6896839141845703,0.11267058551311493,0.9454162120819092,0.4112241864204407,0.6896353960037231,0.06139126420021057,0.886302649974823,0.45535677671432495,0.7040722370147705,0.050441693514585495,0.9851235151290894,0.4095575213432312,0.7130517959594727,-0.014188024215400219,0.9860687851905823
93,turn,0.43762674927711487,0.2372150868177414,-0.17406989634037018,0.9999868869781494,0.43759313225746155,0.22830210626125336,-0.16096606850624084,0.9999517202377319,0.43869543075561523,0.22866545617580414,-0.16096040606498718,0.9999435544013977,0.4398491382598877,0.2291298359632492,-0.16091886162757874,0.9999361038208008,0.4334339201450348,0.2279188632965088,-0.17053744196891785,0.9999619722366333,0.43117356300354004,0.22807572782039642,-0.17056097090244293,0.9999576210975647,0.42881888151168823,0.22830961644649506,-0.1705673635005951,0.9999576807022095,0.43783608078956604,0.23667648434638977,-0.08369933068752289,0.999822735786438,0.4221709668636322,0.2345430999994278,-0.12738604843616486,0.9999265670776367,0.4390113353729248,0.24956361949443817,-0.14468970894813538,0.9999681115150452,0.43362849950790405,0.24900108575820923,-0.15816286206245422,0.9999792575836182,0.451494038105011,0.30532222986221313,-0.01385632436722517,0.9999152421951294,0.39962130784988403,0.30177703499794006,-0.1074104905128479,0.9999648332595825,0.4580545425415039,0.38304802775382996,0.025455737486481667,0.962694525718689,0.38739317655563354,0.38577964901924133,-0.10369105637073517,0.9888532757759094,0.4633372724056244,0.45134180784225464,-0.03979026526212692,0.9725742936134338,0.3966960310935974,0.4599743187427521,-0.14519543945789337,0.9763867855072021,0.46614328026771545,0.47335556149482727,-0.055730778723955154,0.9474548101425171,0.398944616317749,0.48299798369407654,-0.1655256301164627,0.95267653465271,0.4626641273498535,0.4726695716381073,-0.07796403020620346,0.9508227109909058,0.40485912561416626,0.4799192249774933,-0.17884111404418945,0.9539904594421387,0.4607986509799957,0.46730050444602966,-0.050586722791194916,0.9403213262557983,0.4054402709007263,0.47368595004081726,-0.15024273097515106,0.9449305534362793,0.4437538683414459,0.4576919972896576,0.03760115057229996,0.9996204972267151,0.41474398970603943,0.458678275346756,-0.03766963258385658,0.9997833967208862,0.44139042496681213,0.5693568587303162,0.05399344116449356,0.9795401692390442,0.4164729118347168,0.5683460831642151,-0.023640049621462822,0.9915319085121155,0.4318610727787018,0.6768744587898254,0.13041189312934875,0.9866376519203186,0.40921249985694885,0.6758703589439392,0.06102193146944046,0.9919769763946533,0.4266865849494934,0.6900609135627747,0.13359323143959045,0.9474692344665527,0.40821656584739685,0.6895905137062073,0.06437644362449646,0.8890713453292847,0.4563836455345154,0.704115629196167,0.07409248501062393,0.9854017496109009,0.4122611880302429,0.7120331525802612,-0.010919449850916862,0.9866194128990173
94,turn,0.43966764211654663,0.23722301423549652,-0.16464252769947052,0.9999873042106628,0.4390910267829895,0.22830545902252197,-0.1515275090932846,0.999954104423523,0.4400222897529602,0.22867107391357422,-0.1515263170003891,0.9999464750289917,0.44093507528305054,0.2291344255208969,-0.15148867666721344,0.9999391436576843,0.4354667067527771,0.22787067294120789,-0.16316543519496918,0.9999637007713318,0.4333524703979492,0.227986678481102,-0.16319191455841064,0.9999600052833557,0.4310820996761322,0.22817331552505493,-0.16320422291755676,0.9999597668647766,0.43801528215408325,0.23666521906852722,-0.07449008524417877,0.9998275637626648,0.42371582984924316,0.23402033746242523,-0.1263572722673416,0.999932050704956,0.44027671217918396,0.24958202242851257,-0.1350930631160736,0.9999697804450989,0.4355345666408539,0.24903559684753418,-0.15103013813495636,0.999980628490448,0.4514006972312927,0.30559688806533813,-0.0018813854549080133,0.9999184012413025,0.40031570196151733,0.3011290729045868,-0.11090493202209473,0.9999673366546631,0.45793190598487854,0.3833281695842743,0.038628950715065,0.9547203183174133,0.3881736099720001,0.38537245988845825,-0.10887119919061661,0.9898344874382019,0.4637022018432617,0.45182347297668457,-0.026287546381354332,0.9705231189727783,0.398216187953949,0.4590623676776886,-0.14681951701641083,0.9782648086547852,0.46682196855545044,0.4733550548553467,-0.04136781394481659,0.9444320201873779,0.4010401666164398,0.4818505048751831,-0.1672343909740448,0.9561682939529419,0.4637698531150818,0.4728127717971802,-0.06411284953355789,0.9483577609062195,0.4069308638572693,0.4786093831062317,-0.17952102422714233,0.9573383927345276,0.4617639183998108,0.4676497280597687,-0.03748485818505287,0.9377645254135132,0.40726107358932495,0.4724537432193756,-0.15136311948299408,0.9486046433448792,0.44398561120033264,0.45774316787719727,0.04253298044204712,0.9996345639228821,0.4154324531555176,0.458543986082077,-0.04258261248469353,0.9997841119766235,0.44206738471984863,0.5692463517189026,0.05689246580004692,0.9757539629936218,0.41758137941360474,0.5683302283287048,-0.030060414224863052,0.9916667938232422,0.43208447098731995,0.6772552728652954,0.13187846541404724,0.9859736561775208,0.40790972113609314,0.6757495403289795,0.05300556495785713,0.992172122001648,0.42647987604141235,0.6905063986778259,0.13492757081985474,0.9487349390983582,0.4056158661842346,0.689489483833313,0.056263506412506104,0.8917994499206543,0.457195907831192,0.7041419744491577,0.07661615312099457,0.9854183197021484,0.41395431756973267,0.7110368013381958,-0.01911391317844391,0.9871063232421875
95,turn,0.44138026237487793,0.23719128966331482,-0.16365022957324982,0.9999874234199524,0.4404067099094391,0.2282472848892212,-0.1506355106830597,0.9999555945396423,0.4411374032497406,0.2286151498556137,-0.1506352722644806,0.9999483227729797,0.44181323051452637,0.22906818985939026,-0.15060138702392578,0.9999410510063171,0.4370591640472412,0.22772443294525146,-0.16299444437026978,0.9999647736549377,0.43520158529281616,0.22774717211723328,-0.1630215346813202,0.9999616742134094,0.43303075432777405,0.22783906757831573,-0.1630382239818573,0.9999611377716064,0.43813544511795044,0.23637324571609497,-0.07359753549098969,0.9998294115066528,0.42525848746299744,0.23318485915660858,-0.13085898756980896,0.999936580657959,0.44137150049209595,0.24956463277339935,-0.13392594456672668,0.9999708533287048,0.43725457787513733,0.24897411465644836,-0.1507277935743332,0.999981701374054,0.45126453042030334,0.3056221306324005,0.0014422961976379156,0.9999198317527771,0.4010058343410492,0.3000759482383728,-0.1189926266670227,0.999969482421875,0.4578429162502289,0.38369327783584595,0.04313124716281891,0.945064902305603,0.3888052999973297,0.38516002893447876,-0.11739818751811981,0.9907151460647583,0.4642053246498108,0.4524711072444916,-0.021096765995025635,0.9675072431564331,0.4006269872188568,0.4581424593925476,-0.15196487307548523,0.9799227118492126,0.4675387740135193,0.4733677804470062,-0.03599643334746361,0.9399494528770447,0.40379515290260315,0.4807687997817993,-0.17265844345092773,0.9592336416244507,0.4645858705043793,0.4730214476585388,-0.05906717851758003,0.9445768594741821,0.4094350337982178,0.4778063893318176,-0.18470977246761322,0.9602653384208679,0.46246394515037537,0.46805012226104736,-0.032527171075344086,0.9337193369865417,0.4097166061401367,0.471616268157959,-0.156297966837883,0.951735258102417,0.444323867559433,0.45749786496162415,0.045320041477680206,0.9996348023414612,0.4162132740020752,0.4580909311771393,-0.04535583406686783,0.9997751116752625,0.44261544942855835,0.5692161917686462,0.06071055680513382,0.9718145728111267,0.41797590255737305,0.5682973861694336,-0.03230782225728035,0.9917441606521606,0.4320882260799408,0.6772084832191467,0.13502278923988342,0.984987735748291,0.4059806764125824,0.6758313775062561,0.04830481857061386,0.9923156499862671,0.42631667852401733,0.6905083060264587,0.1379488855600357,0.9494433403015137,0.40234002470970154,0.6901737451553345,0.05119628831744194,0.8944184184074402,0.4573906362056732,0.7041510939598083,0.08040624111890793,0.985210120677948,0.4153582453727722,0.7110326886177063,-0.02501506172120571,0.9874866604804993
96,turn,0.4422573447227478,0.2373223453760147,-0.16056811809539795,0.9999875426292419,0.44127821922302246,0.2283458262681961,-0.14730925858020782,0.9999570846557617,0.44193124771118164,0.228709876537323,-0.14731119573116302,0.9999499917030334,0.4424930214881897,0.22913600504398346,-0.14728239178657532,0.9999428987503052,0.437943696975708,0.2277461141347885,-0.16096830368041992,0.9999659657478333,0.43619728088378906,0.22776667773723602,-0.16099658608436584,0.9999634027481079,0.43406909704208374,0.22786054015159607,-0.16101473569869995,0.9999626278877258,0.438340961933136,0.23635631799697876,-0.06915168464183807,0.9998300075531006,0.4262665808200836,0.23309683799743652,-0.1315908581018448,0.9999409914016724,0.442067950963974,0.2497120499610901,-0.1302679032087326,0.9999716281890869,0.4382026195526123,0.24906039237976074,-0.14870980381965637,0.9999826550483704,0.4511725902557373,0.305716335773468,0.009756704792380333,0.9999198913574219,0.40176352858543396,0.2988084852695465,-0.12211889028549194,0.9999715685844421,0.45751065015792847,0.38361018896102905,0.05207567289471626,0.929928183555603,0.38955557346343994,0.38485750555992126,-0.12250638008117676,0.9915242791175842,0.4642127454280853,0.4514356851577759,-0.013476790860295296,0.9628391861915588,0.4030187726020813,0.45785513520240784,-0.15703871846199036,0.9814683198928833,0.46801814436912537,0.47209078073501587,-0.027928542345762253,0.9334858655929565,0.4063572287559509,0.4806056618690491,-0.17844422161579132,0.9621181488037109,0.465614378452301,0.4719599783420563,-0.0518062487244606,0.9389705061912537,0.4113089442253113,0.4777487814426422,-0.18946465849876404,0.9630181789398193,0.4631993770599365,0.46724623441696167,-0.025380592793226242,0.9275365471839905,0.41166090965270996,0.471460223197937,-0.16090203821659088,0.9546719789505005,0.44464248418807983,0.4568260908126831,0.047812219709157944,0.9996205568313599,0.41735967993736267,0.45762982964515686,-0.047831736505031586,0.9997636079788208,0.44350743293762207,0.5688285231590271,0.06561930477619171,0.966989278793335,0.41865935921669006,0.5680809020996094,-0.03995930403470993,0.9917912483215332,0.4322582185268402,0.6773375868797302,0.13552504777908325,0.983344316482544,0.4044641852378845,0.6773771643638611,0.02977239526808262,0.992400586605072,0.42631345987319946,0.691315770149231,0.1380285620689392,0.9490706920623779,0.39994949102401733,0.6934493184089661,0.03143392875790596,0.8965467810630798,0.4582310616970062,0.7041663527488708,0.08201329410076141,0.9845264554023743,0.4164842963218689,0.7115058302879333,-0.045275915414094925,0.9877375364303589
97,turn,0.4431057870388031,0.2372777909040451,-0.1599605232477188,0.9999874234199524,0.44209709763526917,0.22820350527763367,-0.14693038165569305,0.9999576807022095,0.4426480829715729,0.2285306304693222,-0.14693064987659454,0.9999505281448364,0.44310712814331055,0.2288956344127655,-0.14690366387367249,0.9999434351921082,0.4387855529785156,0.22759559750556946,-0.1612572968006134,0.9999666810035706,0.4371328353881836,0.22756168246269226,-0.16128644347190857,0.9999645948410034,0.4350685179233551,0.22758246958255768,-0.16130749881267548,0.9999637007713318,0.43858957290649414,0.2355840653181076,-0.06972017139196396,0.9998258352279663,0.42702341079711914,0.23241503536701202,-0.1366921216249466,0.9999446868896484,0.4427553713321686,0.24967287480831146,-0.12979379296302795,0.9999716877937317,0.439110666513443,0.24900566041469574,-0.14904941618442535,0.9999833703041077,0.4508988857269287,0.3058770000934601,0.011370300315320492,0.9999155402183533,0.402426153421402,0.2969090938568115,-0.13205188512802124,0.9999735355377197,0.45626378059387207,0.38359352946281433,0.05375136062502861,0.9086868762969971,0.3903299868106842,0.3840014636516571,-0.13511915504932404,0.9922628402709961,0.46422186493873596,0.4514581561088562,-0.009383825585246086,0.9544298648834229,0.4051549434661865,0.457268089056015,-0.16618718206882477,0.9829033017158508,0.46814027428627014,0.4721052944660187,-0.022807322442531586,0.9222031831741333,0.40879026055336,0.48015162348747253,-0.18776768445968628,0.9648230671882629,0.46625709533691406,0.472003310918808,-0.046327803283929825,0.9288262724876404,0.4138680100440979,0.47711947560310364,-0.19789919257164001,0.9655988812446594,0.46373534202575684,0.4672597646713257,-0.021229427307844162,0.9166083931922913,0.41407737135887146,0.47062766551971436,-0.16955408453941345,0.9574025273323059,0.4445173740386963,0.45664316415786743,0.05010378360748291,0.9995982646942139,0.41761893033981323,0.457260400056839,-0.05012641102075577,0.9997507333755493,0.44381818175315857,0.5674813985824585,0.07178638875484467,0.9629381895065308,0.41950368881225586,0.5680555105209351,-0.04058543220162392,0.9919425845146179,0.4322568476200104,0.6772825717926025,0.14536751806735992,0.9817773699760437,0.40407270193099976,0.6811999678611755,0.028793105855584145,0.9925511479377747,0.4259062707424164,0.6912972927093506,0.14838549494743347,0.9486276507377625,0.3993223309516907,0.6974649429321289,0.030487889423966408,0.8991742730140686,0.4586069583892822,0.7041745781898499,0.09486641734838486,0.9839649200439453,0.4185760021209717,0.7144004702568054,-0.04582848399877548,0.9880788922309875
98,turn,0.4444220960140228,0.23707325756549835,-0.13900236785411835,0.9999861121177673,0.44305747747421265,0.22769510746002197,-0.12769503891468048,0.9999552965164185,0.44334036111831665,0.22789543867111206,-0.12769803404808044,0.999947726726532,0.44357070326805115,0.22809448838233948,-0.1276767998933792,0.9999407529830933,0.44022274017333984,0.22714142501354218,-0.14474454522132874,0.999965250492096,0.43857699632644653,0.22704683244228363,-0.14477267861366272,0.9999637007713318,0.4367194175720215,0.22696173191070557,-0.1448039710521698,0.9999626278877258,0.43844255805015564,0.234121173620224,-0.05888425186276436,0.9998119473457336,0.4281015992164612,0.23146353662014008,-0.13530738651752472,0.9999462366104126,0.4436461925506592,0.24927158653736115,-0.11157770454883575,0.9999698996543884,0.4406287670135498,0.24868793785572052,-0.1343241035938263,0.9999833106994629,0.4503852427005768,0.30616772174835205,0.01875593513250351,0.999909520149231,0.40328770875930786,0.29549214243888855,-0.139150932431221,0.999975323677063,0.4549655318260193,0.38517406582832336,0.05950872227549553,0.8799898624420166,0.3912486135959625,0.3836185932159424,-0.14691783487796783,0.992911159992218,0.46404847502708435,0.45147204399108887,0.0015526603674516082,0.9407618045806885,0.4070521891117096,0.4567287564277649,-0.17076805233955383,0.9841405153274536,0.4682078957557678,0.47206875681877136,-0.010340612381696701,0.9046322107315063,0.4102726876735687,0.47961145639419556,-0.1914954036474228,0.9671506285667419,0.46676692366600037,0.4720032513141632,-0.03266816958785057,0.9128106832504272,0.4157145023345947,0.4764063060283661,-0.20070353150367737,0.967792809009552,0.46409541368484497,0.46725255250930786,-0.009943598881363869,0.8996615409851074,0.4160120487213135,0.46986478567123413,-0.17360641062259674,0.9595548510551453,0.4443272650241852,0.45651865005493164,0.0524422824382782,0.9995636940002441,0.41759809851646423,0.4568098783493042,-0.05246360972523689,0.9997329115867615,0.44369417428970337,0.5672565698623657,0.079026959836483,0.9571178555488586,0.4201892912387848,0.5680348873138428,-0.04413964971899986,0.9919003248214722,0.43217405676841736,0.6770424842834473,0.15353551506996155,0.9790770411491394,0.4038499891757965,0.6845012903213501,0.02013855241239071,0.9924579858779907,0.4253157079219818,0.6911812424659729,0.15685969591140747,0.9463865756988525,0.3987520635128021,0.7013576626777649,0.021490495651960373,0.9000248908996582,0.4585418701171875,0.7042223811149597,0.10605522245168686,0.9828044772148132,0.4206380844116211,0.7178889513015747,-0.053177766501903534,0.9881465435028076
99,turn,0.44470635056495667,0.23682232201099396,-0.13928207755088806,0.9999838471412659,0.44329872727394104,0.22716352343559265,-0.12826499342918396,0.9999500513076782,0.4435550570487976,0.2272656112909317,-0.12826794385910034,0.9999414086341858,0.4437479078769684,0.22734226286411285,-0.1282493770122528,0.9999342560768127,0.4404628276824951,0.22666969895362854,-0.14551594853401184,0.9999619126319885,0.43883100152015686,0.22653867304325104,-0.1455441415309906,0.9999610781669617,0.436990886926651,0.22638484835624695,-0.14557749032974243,0.9999598264694214,0.43835902214050293,0.23275479674339294,-0.06026645749807358,0.9997816681861877,0.4284656047821045,0.23061974346637726,-0.13932889699935913,0.9999459385871887,0.4438961446285248,0.24887655675411224,-0.11199203878641129,0.999966025352478,0.44091296195983887,0.24829334020614624,-0.13500690460205078,0.9999825358390808,0.44897884130477905,0.3062707781791687,0.019276659935712814,0.9999008774757385,0.4041105806827545,0.29412519931793213,-0.14670220017433167,0.9999769926071167,0.4532248377799988,0.3851161599159241,0.06051937863230705,0.8480037450790405,0.39183130860328674,0.382626473903656,-0.15587453544139862,0.9934959411621094,0.4639160633087158,0.45147454738616943,0.0045667365193367004,0.9244784116744995,0.40853333473205566,0.4554365873336792,-0.17769798636436462,0.9852780699729919,0.46812301874160767,0.4720594584941864,-0.006435205694288015,0.8844430446624756,0.4125725328922272,0.47931399941444397,-0.19850686192512512,0.9693031907081604,0.4670075476169586,0.4719994366168976,-0.02827496826648712,0.8940657377243042,0.41778168082237244,0.4762720763683319,-0.20700347423553467,0.9698261618614197,0.46424728631973267,0.46721407771110535,-0.006720730569213629,0.8799628019332886,0.4178358018398285,0.46965497732162476,-0.18014506995677948,0.9615458846092224,0.44348281621932983,0.45621901750564575,0.0539693608880043,0.9995200037956238,0.4174500107765198,0.45638513565063477,-0.05399322509765625,0.9997183680534363,0.4437875747680664,0.5659488439559937,0.08409348130226135,0.9499225616455078,0.42099881172180176,0.5680248141288757,-0.05863969773054123,0.9917086362838745,0.4321371912956238,0.6769980788230896,0.16065935790538788,0.9755723476409912,0.4037416875362396,0.6879521012306213,-0.0032422475051134825,0.9922056198120117,0.42524784803390503,0.6911394596099854,0.16416822373867035,0.9430810213088989,0.39826563000679016,0.7063153386116028,-0.002690082648769021,0.9000385999679565,0.45860162377357483,0.7044389843940735,0.1144743338227272,0.9810940027236938,0.4221763610839844,0.7208754420280457,-0.07830483466386795,0.9880873560905457
100,turn,0.4451723098754883,0.23544475436210632,-0.1300067901611328,0.9999791979789734,0.44349274039268494,0.22552840411663055,-0.11959119886159897,0.9999390244483948,0.4436630308628082,0.22549454867839813,-0.1195944994688034,0.9999288320541382,0.4437717795372009,0.22539573907852173,-0.11957599222660065,0.9999219179153442,0.44087547063827515,0.2251747101545334,-0.13830962777137756,0.9999539852142334,0.43930158019065857,0.22504664957523346,-0.13833653926849365,0.9999542236328125,0.4375520348548889,0.22483867406845093,-0.13837522268295288,0.9999523162841797,0.4382146894931793,0.2302757054567337,-0.05500107258558273,0.9997302889823914,0.4289967119693756,0.22915178537368774,-0.13951262831687927,0.9999409914016724,0.44424790143966675,0.2475041002035141,-0.1037924736738205,0.999958336353302,0.44150838255882263,0.24706317484378815,-0.12866084277629852,0.9999798536300659,0.44752439856529236,0.30623453855514526,0.024399729445576668,0.9998879432678223,0.40521007776260376,0.2927975356578827,-0.153543159365654,0.9999779462814331,0.4518631100654602,0.38506919145584106,0.06606810539960861,0.8138446807861328,0.392792671918869,0.38241103291511536,-0.16534169018268585,0.9940146207809448,0.4638008177280426,0.45147305727005005,0.014918312430381775,0.908216118812561,0.41054898500442505,0.4551990032196045,-0.18135911226272583,0.9862607717514038,0.4679417610168457,0.47200873494148254,0.005299435928463936,0.8645321726799011,0.41458621621131897,0.47935518622398376,-0.2023412436246872,0.9711349606513977,0.4669589102268219,0.4718864858150482,-0.016446854919195175,0.8758294582366943,0.42028069496154785,0.4763525128364563,-0.210185244679451,0.9715403318405151,0.46416908502578735,0.467115193605423,0.003615375142544508,0.8609681725502014,0.4206361770629883,0.4697188138961792,-0.18356290459632874,0.9631410241127014,0.442379891872406,0.45621803402900696,0.056897006928920746,0.9994799494743347,0.4174550175666809,0.45638006925582886,-0.05692659690976143,0.9996856451034546,0.4438087046146393,0.565953254699707,0.0842875987291336,0.9398694634437561,0.4215666353702545,0.5685908198356628,-0.04764668270945549,0.9911401271820068,0.4316331744194031,0.6773783564567566,0.15843287110328674,0.9710554480552673,0.40392112731933594,0.6881906390190125,0.019169367849826813,0.9917951822280884,0.4248197078704834,0.691596269607544,0.16176411509513855,0.9394567608833313,0.3984610438346863,0.7074090242385864,0.020854562520980835,0.9006667137145996,0.45846614241600037,0.7053399682044983,0.1121731847524643,0.9791306853294373,0.4257830083370209,0.7220720648765564,-0.05408499762415886,0.9878836274147034
101,turn,0.4457295835018158,0.23468835651874542,-0.12334589660167694,0.9999717473983765,0.44382110238075256,0.2246515303850174,-0.11387278139591217,0.9999196529388428,0.443845272064209,0.22454524040222168,-0.11387552320957184,0.9999070763587952,0.44380372762680054,0.22436589002609253,-0.11385731399059296,0.9999011754989624,0.4415603280067444,0.22439998388290405,-0.13384655117988586,0.9999405145645142,0.44005703926086426,0.2242739349603653,-0.1338702142238617,0.9999422430992126,0.43844500184059143,0.22405895590782166,-0.13390620052814484,0.9999393224716187,0.4381047785282135,0.22895799577236176,-0.05402979999780655,0.9996533393859863,0.4297635555267334,0.2283281683921814,-0.14402428269386292,0.9999311566352844,0.4445686340332031,0.24680016934871674,-0.09868501871824265,0.9999459385871887,0.4421796202659607,0.2464296817779541,-0.12516537308692932,0.99997478723526,0.4453624188899994,0.30611535906791687,0.022338325157761574,0.9998739957809448,0.4057041108608246,0.29205796122550964,-0.1641310155391693,0.9999786019325256,0.45026808977127075,0.385254830121994,0.06501646339893341,0.7777401208877563,0.39377322793006897,0.38228458166122437,-0.1799919307231903,0.9944984912872314,0.46291011571884155,0.45135757327079773,0.02063891664147377,0.890052318572998,0.4134496748447418,0.4553402364253998,-0.1906236708164215,0.98717200756073,0.4678250849246979,0.4717419445514679,0.013239199295639992,0.8426652550697327,0.4167526364326477,0.48014894127845764,-0.21170587837696075,0.9728323817253113,0.4668770730495453,0.47146984934806824,-0.00784552376717329,0.8557354807853699,0.4231535792350769,0.4777389466762543,-0.21790897846221924,0.9731336236000061,0.4640316367149353,0.4666636288166046,0.009679323062300682,0.8402844071388245,0.42382436990737915,0.47096535563468933,-0.19222939014434814,0.9646123051643372,0.4410664141178131,0.45622050762176514,0.0576062873005867,0.9994484186172485,0.41789016127586365,0.456501305103302,-0.05764473229646683,0.9996414184570312,0.44171300530433655,0.5669950842857361,0.08811584860086441,0.9302634596824646,0.4222751557826996,0.5687512159347534,-0.03138573467731476,0.9905484914779663,0.4309302270412445,0.67753666639328,0.16335639357566833,0.9664672613143921,0.4060285985469818,0.6872902512550354,0.05380953475832939,0.991418719291687,0.4242495000362396,0.6919434070587158,0.16705849766731262,0.9353370666503906,0.3993287682533264,0.7068471908569336,0.05759435147047043,0.9020888209342957,0.45805683732032776,0.7056429386138916,0.11888644844293594,0.9773375988006592,0.42934054136276245,0.721642792224884,-0.01152455247938633,0.9877655506134033
102,turn,0.44593220949172974,0.23450802266597748,-0.11810213327407837,0.9999605417251587,0.443894624710083,0.22435370087623596,-0.10910408198833466,0.9998903870582581,0.44381967186927795,0.22421902418136597,-0.10910540819168091,0.9998727440834045,0.4436817169189453,0.22401122748851776,-0.10908517986536026,0.9998700618743896,0.4418906271457672,0.2241809070110321,-0.13052351772785187,0.9999213218688965,0.44043105840682983,0.22406336665153503,-0.13054634630680084,0.9999244809150696,0.43882694840431213,0.2238711267709732,-0.13058514893054962,0.999920666217804,0.43753933906555176,0.22835008800029755,-0.052177321165800095,0.9995383024215698,0.43003949522972107,0.22796496748924255,-0.14868666231632233,0.9999150037765503,0.44451427459716797,0.24667848646640778,-0.09421379864215851,0.9999290108680725,0.4422679841518402,0.2463059276342392,-0.12254097312688828,0.9999670386314392,0.4425612986087799,0.30596378445625305,0.02395632304251194,0.9998601078987122,0.4061858654022217,0.29132428765296936,-0.17381352186203003,0.9999791383743286,0.44806599617004395,0.3852253258228302,0.066100113093853,0.7419982552528381,0.3948360085487366,0.3822290599346161,-0.19365669786930084,0.9948915839195251,0.461508572101593,0.4507896304130554,0.022048428654670715,0.8712102770805359,0.41491132974624634,0.45582059025764465,-0.20112714171409607,0.9878933429718018,0.4674670100212097,0.471147745847702,0.01604018546640873,0.8211822509765625,0.41816601157188416,0.48112159967422485,-0.2226920872926712,0.97418612241745,0.46667784452438354,0.4706219434738159,-0.0048694973811507225,0.8357422947883606,0.4247754216194153,0.47897467017173767,-0.227493554353714,0.9743822813034058,0.46387428045272827,0.4655604064464569,0.011153754778206348,0.8199154138565063,0.4256877899169922,0.47220680117607117,-0.20217664539813995,0.9655601978302002,0.4395722448825836,0.4561837911605835,0.05990152433514595,0.9993841052055359,0.4183473587036133,0.4564509987831116,-0.05995212867856026,0.9995611906051636,0.4392426609992981,0.5677531957626343,0.09408494085073471,0.914786696434021,0.42299699783325195,0.5693941116333008,-0.028065035119652748,0.9894550442695618,0.4303645193576813,0.6785336136817932,0.170847088098526,0.958376944065094,0.4093644618988037,0.6897500157356262,0.056466687470674515,0.9905732274055481,0.4237831234931946,0.6929487586021423,0.17484816908836365,0.927150309085846,0.40188583731651306,0.7107402682304382,0.06028733402490616,0.9029104709625244,0.4576292634010315,0.7059271335601807,0.1295013427734375,0.973778486251831,0.43514513969421387,0.7211772203445435,-0.00711059058085084,0.98716139793396
103,turn,0.4459102749824524,0.2345302850008011,-0.11690694093704224,0.9999479651451111,0.4438488483428955,0.22439037263393402,-0.10823021084070206,0.9998572468757629,0.44371381402015686,0.22425338625907898,-0.1082276925444603,0.9998331069946289,0.4435287415981293,0.22405552864074707,-0.10820559412240982,0.9998358488082886,0.4419993460178375,0.2242370843887329,-0.13032039999961853,0.9999011754989624,0.44056907296180725,0.22411803901195526,-0.13034628331661224,0.9999054670333862,0.43899425864219666,0.22393898665905,-0.13038651645183563,0.9999017119407654,0.43680518865585327,0.22818361222743988,-0.05259481817483902,0.999417781829834,0.43013110756874084,0.22792604565620422,-0.1529451459646225,0.9998974800109863,0.4443569779396057,0.24672923982143402,-0.09325561672449112,0.9999110102653503,0.44217848777770996,0.24635374546051025,-0.12244583666324615,0.9999579787254333,0.4395963251590729,0.3045716881752014,0.02337532863020897,0.9998478889465332,0.4065013527870178,0.29079726338386536,-0.1806080937385559,0.9999796152114868,0.44613924622535706,0.38520121574401855,0.06535530090332031,0.7081254124641418,0.39606714248657227,0.382263720035553,-0.20321150124073029,0.995205819606781,0.4600103795528412,0.4508136808872223,0.023180659860372543,0.8537595868110657,0.4160250127315521,0.4566096067428589,-0.2080111801624298,0.9884567260742188,0.46643656492233276,0.471158891916275,0.01851138100028038,0.8022828698158264,0.4190685749053955,0.4818008542060852,-0.22981715202331543,0.9752904176712036,0.4666225016117096,0.4706416726112366,-0.0023315048310905695,0.8179528117179871,0.4256300926208496,0.4799138009548187,-0.23361091315746307,0.9753891229629517,0.46368011832237244,0.4655744731426239,0.01246587373316288,0.8020053505897522,0.42652416229248047,0.4731563627719879,-0.20865467190742493,0.9662144184112549,0.43853139877319336,0.4562737047672272,0.0618530809879303,0.9993143677711487,0.41951704025268555,0.45671841502189636,-0.06191479042172432,0.9994810819625854,0.43674731254577637,0.5689838528633118,0.10398242622613907,0.895370364189148,0.4241854250431061,0.57073974609375,-0.022911515086889267,0.9882849454879761,0.4300488829612732,0.6795098781585693,0.18429036438465118,0.9475489258766174,0.4129258990287781,0.6928703188896179,0.06175826117396355,0.9896133542060852,0.42328009009361267,0.6941022276878357,0.1889008730649948,0.9170209169387817,0.4052814543247223,0.7133498191833496,0.06582161784172058,0.9039467573165894,0.4568028450012207,0.706037700176239,0.14689013361930847,0.9691577553749084,0.4415690302848816,0.7211140394210815,0.001362124108709395,0.9863882064819336
104,turn,0.4456336498260498,0.2345656454563141,-0.10678191483020782,0.9999351501464844,0.4435359537601471,0.22426731884479523,-0.09842206537723541,0.9998249411582947,0.4435659945011139,0.22409479320049286,-0.09841801226139069,0.9997946619987488,0.44327330589294434,0.22387069463729858,-0.09839397668838501,0.999803900718689,0.4417012631893158,0.22419418394565582,-0.12142863124608994,0.999880850315094,0.44032517075538635,0.22407928109169006,-0.12145327031612396,0.9998859763145447,0.4388039708137512,0.22392135858535767,-0.12149628251791,0.9998829960823059,0.43521738052368164,0.22792012989521027,-0.04552161321043968,0.9993098378181458,0.4299341142177582,0.22790247201919556,-0.14970055222511292,0.9998795390129089,0.44409045577049255,0.246760755777359,-0.08394864201545715,0.9998924732208252,0.44184932112693787,0.24636825919151306,-0.11436383426189423,0.9999485015869141,0.43628740310668945,0.30377963185310364,0.03004785254597664,0.9998374581336975,0.4067019820213318,0.28973156213760376,-0.17926277220249176,0.999980092048645,0.4437776207923889,0.3854069113731384,0.07010845839977264,0.6708181500434875,0.3969494700431824,0.38192105293273926,-0.20375272631645203,0.9954405426979065,0.45866578817367554,0.4508959949016571,0.02790268324315548,0.8342823386192322,0.4167465269565582,0.45661628246307373,-0.2063262015581131,0.9889062643051147,0.4652671217918396,0.47127315402030945,0.023990577086806297,0.7824971675872803,0.4194980263710022,0.4818626940250397,-0.22803154587745667,0.9762292504310608,0.46606525778770447,0.47070765495300293,0.0028500761836767197,0.7991498708724976,0.4259216785430908,0.4800886809825897,-0.23099401593208313,0.9762263894081116,0.4631129205226898,0.4655866324901581,0.017001094296574593,0.7830712795257568,0.42700839042663574,0.47331762313842773,-0.20663395524024963,0.9666637182235718,0.43716153502464294,0.45584386587142944,0.06341326981782913,0.9992583990097046,0.41980886459350586,0.45644399523735046,-0.06346768885850906,0.9994167685508728,0.43515855073928833,0.5691205263137817,0.10380283743143082,0.8731750845909119,0.42503318190574646,0.570780873298645,-0.024564286693930626,0.9869633316993713,0.42856115102767944,0.6795940399169922,0.1796548068523407,0.9348692297935486,0.41435471177101135,0.6930455565452576,0.05583475902676582,0.9886185526847839,0.4217987060546875,0.6945101618766785,0.18380297720432281,0.9071476459503174,0.4071199893951416,0.7129271626472473,0.059352051466703415,0.9051640629768372,0.45543694496154785,0.7060779333114624,0.14267376065254211,0.9637767672538757,0.44370952248573303,0.7208718061447144,-0.004678772296756506,0.9855647087097168
105,turn,0.4453604817390442,0.2345573902130127,-0.09813757240772247,0.9999272227287292,0.44341129064559937,0.2236892282962799,-0.08983717858791351,0.9998056888580322,0.4432850778102875,0.2234579473733902,-0.08983071148395538,0.9997707605361938,0.4426002502441406,0.22318948805332184,-0.08980483561754227,0.9997864365577698,0.44142407178878784,0.22374549508094788,-0.11357386410236359,0.999867856502533,0.44008415937423706,0.22363609075546265,-0.11359480768442154,0.999873161315918,0.43860769271850586,0.22350598871707916,-0.11363647133111954,0.9998711943626404,0.4340343475341797,0.2270391434431076,-0.038215357810258865,0.9992484450340271,0.4298250675201416,0.22745417058467865,-0.14717434346675873,0.9998679757118225,0.44402211904525757,0.24679847061634064,-0.07568884640932083,0.9998805522918701,0.4415692687034607,0.2463870644569397,-0.10703152418136597,0.9999419450759888,0.4335970878601074,0.30286431312561035,0.038655977696180344,0.9998332858085632,0.4070444107055664,0.2893068492412567,-0.17901255190372467,0.9999805688858032,0.44070714712142944,0.3854045569896698,0.07895420491695404,0.6339339017868042,0.3979848027229309,0.38152843713760376,-0.20493237674236298,0.995590329170227,0.45721739530563354,0.451337993144989,0.03802306205034256,0.8166252374649048,0.4178628921508789,0.45664408802986145,-0.20569030940532684,0.9892144203186035,0.4636271595954895,0.4713646471500397,0.03500087559223175,0.7653107047080994,0.41996899247169495,0.48186224699020386,-0.22735948860645294,0.9769275188446045,0.46467652916908264,0.47073742747306824,0.013513659127056599,0.7825671434402466,0.4274921417236328,0.48007383942604065,-0.22962668538093567,0.9768105745315552,0.4618712365627289,0.46559837460517883,0.026976462453603745,0.7661064267158508,0.4292415976524353,0.4732763171195984,-0.20564424991607666,0.9667641520500183,0.4358161985874176,0.4553776681423187,0.06595231592655182,0.9992117881774902,0.42076390981674194,0.45592787861824036,-0.0660097599029541,0.9993494749069214,0.43358898162841797,0.5694186687469482,0.10210789740085602,0.8493576049804688,0.4270959496498108,0.5708262920379639,-0.029865583404898643,0.9855998158454895,0.4267753064632416,0.6805250644683838,0.17323800921440125,0.9210787415504456,0.4166944622993469,0.6926026940345764,0.04303538799285889,0.9874700307846069,0.4196774959564209,0.6963827013969421,0.1768120676279068,0.8968820571899414,0.4087809920310974,0.712306559085846,0.0464683398604393,0.9063730835914612,0.4545609951019287,0.706113874912262,0.13610324263572693,0.9571565985679626,0.4457624554634094,0.7201673984527588,-0.007975360378623009,0.9845566153526306
106,turn,0.4452008605003357,0.23441295325756073,-0.09589701890945435,0.9999227523803711,0.44292521476745605,0.22299732267856598,-0.08763497322797775,0.9997949600219727,0.44242018461227417,0.22272889316082,-0.08762992918491364,0.9997574090957642,0.4415144920349121,0.22244353592395782,-0.08760435879230499,0.9997779726982117,0.4412271976470947,0.22314868867397308,-0.11138912290334702,0.9998599886894226,0.4398108422756195,0.22304771840572357,-0.1114083081483841,0.9998652935028076,0.43828028440475464,0.22295807301998138,-0.11144815385341644,0.9998636245727539,0.4327218532562256,0.22617200016975403,-0.03612121567130089,0.9992157220840454,0.42960458993911743,0.2268538624048233,-0.14590711891651154,0.9998601078987122,0.44334930181503296,0.24676845967769623,-0.07352041453123093,0.9998742938041687,0.441486120223999,0.24628901481628418,-0.10488917678594589,0.9999377727508545,0.43176770210266113,0.3022432327270508,0.04137406498193741,0.9998327493667603,0.40709418058395386,0.28857719898223877,-0.1791425198316574,0.9999809861183167,0.43918585777282715,0.3854438364505768,0.08133935183286667,0.6045772433280945,0.3996738791465759,0.3815558850765228,-0.20559480786323547,0.9956614375114441,0.4561921954154968,0.4521631896495819,0.039937347173690796,0.8050934672355652,0.4196128249168396,0.45666584372520447,-0.2063184678554535,0.9894042015075684,0.46208733320236206,0.4714603126049042,0.03655369207262993,0.7539114356040955,0.4220181107521057,0.48185691237449646,-0.2285359799861908,0.977436363697052,0.46320676803588867,0.47075414657592773,0.014920739457011223,0.7716162204742432,0.42986932396888733,0.480029433965683,-0.23055966198444366,0.9772055745124817,0.4606894552707672,0.46561625599861145,0.028819188475608826,0.7546553015708923,0.4314027726650238,0.47317686676979065,-0.20619070529937744,0.9665966629981995,0.4349753260612488,0.45468634366989136,0.06714660674333572,0.9991949796676636,0.4209919571876526,0.45521873235702515,-0.06720862537622452,0.9993062019348145,0.4329681992530823,0.5695518255233765,0.10193508863449097,0.830302357673645,0.426830530166626,0.5711686015129089,-0.033518701791763306,0.9849594235420227,0.4263731837272644,0.6811568140983582,0.17237716913223267,0.9115738868713379,0.41601747274398804,0.6923401951789856,0.03832969442009926,0.9869115948677063,0.4190340042114258,0.6974294185638428,0.17581316828727722,0.8893994092941284,0.40847164392471313,0.7118430137634277,0.041711751371622086,0.9083755612373352,0.454365074634552,0.7062958478927612,0.1356271356344223,0.9525805711746216,0.4437321126461029,0.7200419902801514,-0.008245028555393219,0.9840883612632751
107,turn,0.4449038505554199,0.2345404326915741,-0.09222615510225296,0.9999114274978638,0.44210296869277954,0.22301135957241058,-0.08403152227401733,0.9997656345367432,0.44136863946914673,0.22272981703281403,-0.08402661979198456,0.9997225999832153,0.4404020309448242,0.22242790460586548,-0.08400096744298935,0.9997519254684448,0.4410868287086487,0.22318674623966217,-0.10778556019067764,0.9998393654823303,0.43976038694381714,0.223091259598732,-0.10780314356088638,0.9998453259468079,0.43812793493270874,0.2230059802532196,-0.10784536600112915,0.9998444318771362,0.4317593574523926,0.2259426712989807,-0.03337213024497032,0.9991253018379211,0.42949074506759644,0.226823091506958,-0.14450614154338837,0.999838650226593,0.44223636388778687,0.24701645970344543,-0.07010412216186523,0.9998565316200256,0.4409664273262024,0.24653223156929016,-0.1014493852853775,0.9999271035194397,0.4287354350090027,0.30090612173080444,0.04295146092772484,0.999828577041626,0.4069957137107849,0.28830501437187195,-0.17656730115413666,0.9999809265136719,0.436305433511734,0.38527968525886536,0.08105222880840302,0.5724086165428162,0.4011668562889099,0.3816238343715668,-0.20297810435295105,0.9955593347549438,0.45362967252731323,0.45206132531166077,0.03910097852349281,0.7900862097740173,0.4208405017852783,0.4566860496997833,-0.20434746146202087,0.9893926382064819,0.45913806557655334,0.47102564573287964,0.03563608229160309,0.740247368812561,0.4234042763710022,0.4818395972251892,-0.22669371962547302,0.977709174156189,0.46046972274780273,0.4701822102069855,0.014564665034413338,0.7581930756568909,0.4316374659538269,0.4798624813556671,-0.2282777726650238,0.9773620963096619,0.45816770195961,0.4650687277317047,0.028255317360162735,0.7406136393547058,0.43300682306289673,0.4728684723377228,-0.20403870940208435,0.9660974740982056,0.4331638813018799,0.45457568764686584,0.06724881380796432,0.9991711378097534,0.4215089678764343,0.45498213171958923,-0.06730761379003525,0.9992554187774658,0.4307880997657776,0.5699309706687927,0.10354985296726227,0.8101969957351685,0.42741888761520386,0.5713436603546143,-0.03345001861453056,0.9838857054710388,0.42463698983192444,0.6827906370162964,0.17285123467445374,0.9008954167366028,0.4172945022583008,0.6925075054168701,0.037906818091869354,0.9860814213752747,0.4175477623939514,0.6991563439369202,0.17624208331108093,0.8828580975532532,0.4095868468284607,0.7116507887840271,0.041299812495708466,0.9100805521011353,0.4538058638572693,0.7066053748130798,0.1368417888879776,0.9475896954536438,0.4448544383049011,0.7198931574821472,-0.012157263234257698,0.9833387136459351
108,turn,0.44419050216674805,0.23454037308692932,-0.08545733988285065,0.9998828768730164,0.4410720467567444,0.2225995808839798,-0.07733490318059921,0.9996908903121948,0.440251886844635,0.222262442111969,-0.0773317888379097,0.9996345043182373,0.4392932057380676,0.2219146490097046,-0.0773056298494339,0.9996832609176636,0.44046106934547424,0.2229401022195816,-0.10106748342514038,0.9997875094413757,0.43929949402809143,0.2228907197713852,-0.10108558088541031,0.9997963309288025,0.4378250241279602,0.22285085916519165,-0.10113470256328583,0.9998003840446472,0.4306263029575348,0.22536705434322357,-0.02828538790345192,0.9989033937454224,0.42904195189476013,0.22658132016658783,-0.13815602660179138,0.9997883439064026,0.44117897748947144,0.24703000485897064,-0.06404182314872742,0.9998117685317993,0.44025319814682007,0.2465478926897049,-0.09527365118265152,0.9999033212661743,0.42611321806907654,0.29874929785728455,0.047208838164806366,0.9998047351837158,0.4068884253501892,0.2876812815666199,-0.17416433990001678,0.999980092048645,0.4331797957420349,0.38527506589889526,0.08158169686794281,0.5334026217460632,0.40221676230430603,0.3816019594669342,-0.20165733993053436,0.9952802658081055,0.45067089796066284,0.4517526924610138,0.03872255980968475,0.7585239410400391,0.42282238602638245,0.4566054046154022,-0.20247118175029755,0.9889382719993591,0.4560914933681488,0.4706946909427643,0.03522946685552597,0.7123255729675293,0.425839364528656,0.48141247034072876,-0.22471892833709717,0.9772719740867615,0.4575192332267761,0.46961894631385803,0.014886448159813881,0.7302587032318115,0.43417423963546753,0.4789577126502991,-0.22585061192512512,0.9767571687698364,0.45530447363853455,0.4642433226108551,0.028033152222633362,0.7126200199127197,0.43505382537841797,0.47199195623397827,-0.20193950831890106,0.9644416570663452,0.4311610758304596,0.4545837938785553,0.06739973276853561,0.9990848302841187,0.4216131269931793,0.4548737406730652,-0.06744088232517242,0.9991439580917358,0.42893823981285095,0.5705503225326538,0.10005980730056763,0.7857995629310608,0.42811983823776245,0.5717061161994934,-0.03741820901632309,0.9824714064598083,0.42204827070236206,0.6846871376037598,0.16733048856258392,0.8879915475845337,0.41993314027786255,0.6922188401222229,0.02687731385231018,0.9847848415374756,0.4156312942504883,0.7017382383346558,0.16945677995681763,0.8753693103790283,0.4123239517211914,0.7113553285598755,0.02974216639995575,0.9112792015075684,0.4525126516819,0.7072285413742065,0.13422876596450806,0.9407991766929626,0.4479648172855377,0.7192242741584778,-0.02394542470574379,0.9820445775985718
109,turn,0.44351834058761597,0.23451091349124908,-0.08498299866914749,0.9998360276222229,0.4404025971889496,0.22219061851501465,-0.07684924453496933,0.9995647668838501,0.4395362436771393,0.22177639603614807,-0.07684511691331863,0.9994895458221436,0.43852734565734863,0.22135736048221588,-0.07681769877672195,0.9995666742324829,0.44002705812454224,0.22263120114803314,-0.10056515783071518,0.9997075796127319,0.43895620107650757,0.22257615625858307,-0.1005874052643776,0.9997252821922302,0.4376417100429535,0.22251741588115692,-0.10063706338405609,0.9997403025627136,0.4297698438167572,0.22471794486045837,-0.028758082538843155,0.9985437393188477,0.4287455081939697,0.22604511678218842,-0.13716572523117065,0.9997226595878601,0.44043660163879395,0.246978297829628,-0.06398551166057587,0.999728262424469,0.4396565556526184,0.2465299367904663,-0.0951123908162117,0.999864399433136,0.4249323010444641,0.2966052293777466,0.04667811840772629,0.9997386336326599,0.4068049490451813,0.2873954176902771,-0.17578941583633423,0.9999790191650391,0.430560827255249,0.38452357053756714,0.0782194584608078,0.48954737186431885,0.4031880795955658,0.38152286410331726,-0.20378005504608154,0.995069682598114,0.4474817216396332,0.45076239109039307,0.034088946878910065,0.7051504850387573,0.42551127076148987,0.4565470516681671,-0.2024204432964325,0.988049328327179,0.4529104232788086,0.46969175338745117,0.03061492182314396,0.6647733449935913,0.42948856949806213,0.48062843084335327,-0.22447505593299866,0.9760271310806274,0.45451655983924866,0.468612939119339,0.010915528982877731,0.6819701194763184,0.4366111755371094,0.47807303071022034,-0.2243812382221222,0.9752906560897827,0.4523898959159851,0.4630504250526428,0.023500826209783554,0.6656012535095215,0.43686237931251526,0.47134271264076233,-0.20125004649162292,0.9614723920822144,0.4288390278816223,0.45440512895584106,0.06803988665342331,0.998928964138031,0.42152565717697144,0.4537857174873352,-0.06806714832782745,0.9989883899688721,0.4272891879081726,0.5703033208847046,0.09813600033521652,0.7608119249343872,0.4302242398262024,0.569242537021637,-0.040443044155836105,0.9820966124534607,0.42048922181129456,0.6852366328239441,0.1617799550294876,0.875857949256897,0.42192062735557556,0.6911985874176025,0.020015651360154152,0.9841517806053162,0.4139673113822937,0.7037132978439331,0.16375556588172913,0.8680066466331482,0.41379135847091675,0.7112123966217041,0.022673893719911575,0.9137318134307861,0.45116573572158813,0.7075931429862976,0.12833604216575623,0.9344514608383179,0.4507331848144531,0.7168253660202026,-0.031085321679711342,0.9812580943107605
110,turn,0.4427783489227295,0.23376330733299255,-0.08159645646810532,0.9993966221809387,0.43946051597595215,0.22076962888240814,-0.07347766309976578,0.9984616041183472,0.43854206800460815,0.2203419953584671,-0.07347949594259262,0.9982845187187195,0.43745875358581543,0.2199016958475113,-0.07345026731491089,0.9985584616661072,0.4392755627632141,0.22129416465759277,-0.0975419282913208,0.9989634156227112,0.4382621645927429,0.22129175066947937,-0.09756799042224884,0.9990774393081665,0.43706268072128296,0.2213040441274643,-0.09763253480195999,0.9992006421089172,0.4285357892513275,0.2236480712890625,-0.026907512918114662,0.9956045746803284,0.4280492663383484,0.22515328228473663,-0.1360291689634323,0.999136745929718,0.4396902918815613,0.2465508133172989,-0.06115255504846573,0.99897301197052,0.43899422883987427,0.24619613587856293,-0.09258602559566498,0.9995289444923401,0.4207855761051178,0.2934539318084717,0.04854530841112137,0.9994173645973206,0.40724125504493713,0.2871684730052948,-0.17766715586185455,0.9999743103981018,0.4237590730190277,0.3831852078437805,0.07589267939329147,0.4428804814815521,0.4048920273780823,0.38193100690841675,-0.2053186595439911,0.9943075776100159,0.4382267892360687,0.44867855310440063,0.031301215291023254,0.639521062374115,0.4285408854484558,0.4571901559829712,-0.20066027343273163,0.9855307936668396,0.4440699517726898,0.46939367055892944,0.027987807989120483,0.6047260165214539,0.4323471188545227,0.4805283844470978,-0.22256390750408173,0.9723348021507263,0.4468657374382019,0.46823829412460327,0.0096164271235466,0.6204356551170349,0.43784084916114807,0.47804582118988037,-0.2218279391527176,0.9711554050445557,0.4449727535247803,0.46237120032310486,0.020898455753922462,0.6059516668319702,0.4376373887062073,0.4713570475578308,-0.19985130429267883,0.9544628262519836,0.4254259169101715,0.45462289452552795,0.0694071426987648,0.9986391663551331,0.4215936064720154,0.4537593424320221,-0.06942425668239594,0.9987432360649109,0.4270634055137634,0.5690880417823792,0.10315167903900146,0.7270891666412354,0.4305759370326996,0.5679971575737,-0.03792531043291092,0.9807670712471008,0.4204818308353424,0.6852410435676575,0.1709703952074051,0.8599618673324585,0.4214339852333069,0.6911374926567078,0.02448262646794319,0.9830511212348938,0.4137173295021057,0.7043018937110901,0.17375609278678894,0.8590524196624756,0.41307416558265686,0.7113761305809021,0.026700343936681747,0.9158929586410522,0.4511054456233978,0.7076557874679565,0.13561759889125824,0.9265333414077759,0.45136046409606934,0.7158104777336121,-0.021610314026474953,0.9801245331764221
111,turn,0.44225478172302246,0.2335585653781891,-0.07892827689647675,0.9979872703552246,0.43881481885910034,0.22036267817020416,-0.07086891680955887,0.995276153087616,0.4378889203071594,0.2199203073978424,-0.07087037712335587,0.9949702024459839,0.436763197183609,0.2194608896970749,-0.07083632051944733,0.9957462549209595,0.438791424036026,0.22089070081710815,-0.0950407087802887,0.9966070055961609,0.4378781318664551,0.22085680067539215,-0.09506909549236298,0.9970061182975769,0.43676456809043884,0.22083136439323425,-0.0951428934931755,0.9974046945571899,0.42760926485061646,0.22329889237880707,-0.025402408093214035,0.9880598187446594,0.42761263251304626,0.22475281357765198,-0.13486677408218384,0.9971985816955566,0.43903860449790955,0.24646268784999847,-0.058869488537311554,0.9967216849327087,0.43845534324645996,0.24616964161396027,-0.09039431065320969,0.998435914516449,0.4161696434020996,0.29005804657936096,0.049086734652519226,0.9989975690841675,0.40803828835487366,0.2867681086063385,-0.17753492295742035,0.999966561794281,0.4174160063266754,0.3815227448940277,0.0753263309597969,0.40008437633514404,0.40556806325912476,0.38199514150619507,-0.20461678504943848,0.9931186437606812,0.43000882863998413,0.4463939368724823,0.0299361739307642,0.5791110992431641,0.43046149611473083,0.45712992548942566,-0.20043328404426575,0.982311487197876,0.4344494938850403,0.46786990761756897,0.02604987844824791,0.5492401123046875,0.4342910647392273,0.47933539748191833,-0.221910759806633,0.9677339196205139,0.4382008910179138,0.46650034189224243,0.008301491849124432,0.563517689704895,0.43841782212257385,0.47717148065567017,-0.21526512503623962,0.966094970703125,0.43667498230934143,0.4593570828437805,0.019311821088194847,0.5506156086921692,0.4379321038722992,0.47093823552131653,-0.1965918242931366,0.9461079239845276,0.4228702187538147,0.45501381158828735,0.07030048966407776,0.9983164072036743,0.42203664779663086,0.45373061299324036,-0.07031619548797607,0.998493492603302,0.42691555619239807,0.5683310031890869,0.11110929399728775,0.6915276646614075,0.43039923906326294,0.5675709843635559,-0.028767090290784836,0.9781098365783691,0.4207131266593933,0.6850582361221313,0.1862678974866867,0.8422048687934875,0.420658677816391,0.6911580562591553,0.04178447276353836,0.9814782738685608,0.4140646457672119,0.7037124037742615,0.18989525735378265,0.8493987321853638,0.41252046823501587,0.7119029760360718,0.04558587819337845,0.9176387190818787,0.45093026757240295,0.707635760307312,0.15211376547813416,0.9174757599830627,0.44967740774154663,0.7157893776893616,-0.0042939567938447,0.9787018299102783
112,turn,0.4414730668067932,0.23332388699054718,-0.07486115396022797,0.996748149394989,0.4379447400569916,0.21998606622219086,-0.06671325862407684,0.9925529956817627,0.4370671212673187,0.21951735019683838,-0.06671343743801117,0.9922775626182556,0.43597865104675293,0.2190309315919876,-0.06667522341012955,0.993431568145752,0.4379705786705017,0.22054797410964966,-0.09107344597578049,0.9945292472839355,0.4371417164802551,0.2204890102148056,-0.09110192954540253,0.995238721370697,0.43609410524368286,0.22042980790138245,-0.09117549657821655,0.9958345293998718,0.4266308844089508,0.2228333204984665,-0.021979141980409622,0.9819914698600769,0.426847368478775,0.2243185043334961,-0.13234691321849823,0.9954801797866821,0.43829917907714844,0.24623078107833862,-0.05510575696825981,0.9945772290229797,0.43773990869522095,0.24604299664497375,-0.08688486367464066,0.9973499178886414,0.41334599256515503,0.2882747948169708,0.05204511806368828,0.9986273050308228,0.4085436761379242,0.2866111397743225,-0.17632152140140533,0.9999589920043945,0.41446202993392944,0.37974417209625244,0.07440285384654999,0.3614823818206787,0.4066597819328308,0.3819586932659149,-0.2033488005399704,0.9919351935386658,0.4261152148246765,0.4433029890060425,0.02989165112376213,0.5244848728179932,0.43122896552085876,0.45621457695961,-0.19892458617687225,0.9792930483818054,0.4288910925388336,0.4635293185710907,0.02787729538977146,0.4989585280418396,0.4348520338535309,0.47797802090644836,-0.22047512233257294,0.9635974168777466,0.433267742395401,0.4617297649383545,0.010883872397243977,0.5118984580039978,0.4383651614189148,0.47621122002601624,-0.2113913744688034,0.9615191221237183,0.4318237900733948,0.4525655210018158,0.01990547403693199,0.5004047155380249,0.4377439618110657,0.47005796432495117,-0.19367137551307678,0.9384583234786987,0.4209657311439514,0.45454373955726624,0.07108499109745026,0.9979453086853027,0.42215079069137573,0.45261454582214355,-0.07110065966844559,0.9982068538665771,0.42595791816711426,0.5665856003761292,0.10951967537403107,0.6575126051902771,0.43070143461227417,0.5655983686447144,-0.029415393248200417,0.9758384227752686,0.42001786828041077,0.6849108934402466,0.18194003403186798,0.8240361213684082,0.4205651879310608,0.6911207437515259,0.040386516600847244,0.9800548553466797,0.4133911728858948,0.7034691572189331,0.18530595302581787,0.839845597743988,0.41230854392051697,0.7120304703712463,0.0442638024687767,0.9195375442504883,0.449651300907135,0.7074278593063354,0.14662960171699524,0.9077932238578796,0.45029520988464355,0.7150985598564148,-0.00918591022491455,0.9772872924804688
113,turn,0.44092148542404175,0.23243461549282074,-0.07462869584560394,0.9957618713378906,0.43723568320274353,0.21908991038799286,-0.06640935689210892,0.9904730916023254,0.43643254041671753,0.21863532066345215,-0.06641082465648651,0.9902171492576599,0.4354378581047058,0.2181653082370758,-0.06637322902679443,0.991675853729248,0.4371613562107086,0.21970759332180023,-0.0908653736114502,0.9928852915763855,0.4363548755645752,0.2196783870458603,-0.09089277684688568,0.9938008785247803,0.4353291094303131,0.21964459121227264,-0.09096559137105942,0.9945594668388367,0.426029771566391,0.22209565341472626,-0.021377304568886757,0.9774424433708191,0.42610663175582886,0.2236974686384201,-0.13190020620822906,0.9941530227661133,0.43785858154296875,0.245490163564682,-0.054776567965745926,0.9929272532463074,0.437218576669693,0.2454247623682022,-0.08665209263563156,0.9965067505836487,0.41286715865135193,0.2878359854221344,0.053164541721343994,0.9983750581741333,0.4086380898952484,0.28664132952690125,-0.17644119262695312,0.9999528527259827,0.4137677252292633,0.3785743713378906,0.0740414708852768,0.3267875611782074,0.40687647461891174,0.38196712732315063,-0.20360183715820312,0.9908038377761841,0.42443346977233887,0.44248732924461365,0.029363980516791344,0.4753984808921814,0.43193143606185913,0.45548075437545776,-0.1977039873600006,0.9763516187667847,0.42641115188598633,0.46203771233558655,0.0266935583204031,0.45379066467285156,0.4354991912841797,0.47676676511764526,-0.2192971259355545,0.9595801830291748,0.43038487434387207,0.45990750193595886,0.009500276297330856,0.4655288755893707,0.438769668340683,0.47529494762420654,-0.21027131378650665,0.9571069478988647,0.4292827248573303,0.450809508562088,0.019156962633132935,0.4552973508834839,0.4379269480705261,0.46916821599006653,-0.19228030741214752,0.9311817288398743,0.41935092210769653,0.4542897045612335,0.07171662896871567,0.9977062344551086,0.4218837320804596,0.4521667957305908,-0.07173462212085724,0.9980102777481079,0.42580732703208923,0.5653893947601318,0.11025142669677734,0.6261057257652283,0.43045574426651,0.5650104284286499,-0.029760342091321945,0.9734755754470825,0.42007556557655334,0.6847885251045227,0.1822071671485901,0.8075255751609802,0.42016535997390747,0.6916211247444153,0.04025491327047348,0.978540301322937,0.413472980260849,0.7032108902931213,0.1855188012123108,0.8313158750534058,0.41208338737487793,0.7124651670455933,0.043929390609264374,0.9211868643760681,0.4494127333164215,0.706969141960144,0.14735928177833557,0.8990727066993713,0.4494241178035736,0.7150567770004272,-0.010206528939306736,0.9759792685508728
114,turn,0.44022345542907715,0.23180511593818665,-0.07405135035514832,0.9946274757385254,0.436481237411499,0.21865950524806976,-0.06582017242908478,0.9879875779151917,0.43568968772888184,0.21820951998233795,-0.06582377851009369,0.9877597093582153,0.4347028136253357,0.21775196492671967,-0.06578861176967621,0.98957759141922,0.436352014541626,0.21928942203521729,-0.08997637778520584,0.9909210801124573,0.43554288148880005,0.21925513446331024,-0.09000243991613388,0.9920555949211121,0.43451207876205444,0.21921132504940033,-0.09007496386766434,0.9930433630943298,0.42513519525527954,0.22180365025997162,-0.021182553842663765,0.9721255898475647,0.4252987802028656,0.2232559621334076,-0.1305706650018692,0.992533266544342,0.4372023940086365,0.24487365782260895,-0.05436910316348076,0.9909581542015076,0.43653637170791626,0.24490322172641754,-0.08587736636400223,0.9954923987388611,0.41190147399902344,0.28716766834259033,0.05217888206243515,0.9981268644332886,0.40874606370925903,0.2865295112133026,-0.17557045817375183,0.9999462366104126,0.4126410484313965,0.37795767188072205,0.07159026712179184,0.29553091526031494,0.4071519374847412,0.38196706771850586,-0.2022004872560501,0.9897421002388,0.42289599776268005,0.4428318738937378,0.02754880115389824,0.43124106526374817,0.43212175369262695,0.45514115691185,-0.19418227672576904,0.9735147953033447,0.42452001571655273,0.46194085478782654,0.026364440098404884,0.4132026731967926,0.43560242652893066,0.4764859080314636,-0.21555498242378235,0.9557417631149292,0.4285160005092621,0.46003180742263794,0.00825691781938076,0.423843652009964,0.43872594833374023,0.47515249252319336,-0.2073083221912384,0.9529557228088379,0.42778024077415466,0.45208096504211426,0.01822640374302864,0.4146977365016937,0.43785667419433594,0.46899059414863586,-0.18943347036838531,0.9244327545166016,0.4182609021663666,0.4542604088783264,0.07122327387332916,0.9975150227546692,0.42185935378074646,0.4521154761314392,-0.07124830782413483,0.9978604912757874,0.4249911904335022,0.5649658441543579,0.11305789649486542,0.6007614731788635,0.4308834671974182,0.5645617246627808,-0.026812314987182617,0.9718809127807617,0.4195823669433594,0.6846956610679626,0.18825329840183258,0.7969594597816467,0.4204002022743225,0.6915954947471619,0.04577655345201492,0.9776568412780762,0.4131212830543518,0.7030667066574097,0.1919521689414978,0.8259135484695435,0.41215139627456665,0.7123627662658691,0.049994055181741714,0.9229174256324768,0.44819292426109314,0.7062870860099792,0.15454773604869843,0.8934316635131836,0.4498693346977234,0.7142061591148376,0.00014712949632667005,0.9751739501953125
115,turn,0.4394736886024475,0.23079067468643188,-0.07187230885028839,0.9940072298049927,0.4355893135070801,0.21777759492397308,-0.06354252994060516,0.9865824580192566,0.4347810745239258,0.21733829379081726,-0.06354974210262299,0.9863855242729187,0.4337698519229889,0.21687035262584686,-0.06352200359106064,0.9884408712387085,0.4354456067085266,0.21841198205947876,-0.0873417779803276,0.9896947145462036,0.4346309304237366,0.21839547157287598,-0.08736224472522736,0.9909459948539734,0.4336033761501312,0.21835236251354218,-0.08742418140172958,0.9921182990074158,0.424273818731308,0.22116383910179138,-0.019489716738462448,0.9695596098899841,0.4244883954524994,0.22254325449466705,-0.12731386721134186,0.9916032552719116,0.43653440475463867,0.24398761987686157,-0.052521608769893646,0.9898394346237183,0.43585124611854553,0.24410493671894073,-0.08356708288192749,0.9949108958244324,0.4105800986289978,0.28623664379119873,0.0518411286175251,0.9979841113090515,0.40868109464645386,0.28638729453086853,-0.17229382693767548,0.999940037727356,0.41221195459365845,0.3773146867752075,0.0688653215765953,0.2674133777618408,0.40727749466896057,0.3819635212421417,-0.20058521628379822,0.9885318279266357,0.4221456050872803,0.4430975615978241,0.025479787960648537,0.39126071333885193,0.4325348436832428,0.45499420166015625,-0.1868266761302948,0.9695289134979248,0.42331933975219727,0.4621768593788147,0.02435181476175785,0.37642091512680054,0.43615785241127014,0.4764082729816437,-0.20780396461486816,0.9503160715103149,0.42757654190063477,0.46046993136405945,0.007870843634009361,0.38604027032852173,0.4392929673194885,0.47513943910598755,-0.20007911324501038,0.9470990896224976,0.4269854426383972,0.4529353976249695,0.01662382483482361,0.37790030241012573,0.4384099543094635,0.46900707483291626,-0.18272021412849426,0.9156173467636108,0.4178191125392914,0.4540274441242218,0.07058286666870117,0.9973199367523193,0.4218314588069916,0.45183053612709045,-0.07061019539833069,0.9976837635040283,0.42322102189064026,0.5650326013565063,0.11028828471899033,0.5788987278938293,0.43222540616989136,0.5644711256027222,-0.027186507359147072,0.970960795879364,0.4179233908653259,0.684975266456604,0.18632516264915466,0.7897397875785828,0.42170023918151855,0.689702033996582,0.045598648488521576,0.9767708778381348,0.4115942120552063,0.7044730186462402,0.19069910049438477,0.8219108581542969,0.41374650597572327,0.7107749581336975,0.048702746629714966,0.9237352609634399,0.44578051567077637,0.7053894996643066,0.14889194071292877,0.8884196281433105,0.45006150007247925,0.7105588912963867,-0.0014651712263002992,0.9740056395530701
116,turn,0.4387735426425934,0.22953441739082336,-0.07525952905416489,0.9929495453834534,0.43470436334609985,0.21683727204799652,-0.06690912693738937,0.9842764139175415,0.43385982513427734,0.21641786396503448,-0.06691393256187439,0.9841013550758362,0.4328036904335022,0.21594956517219543,-0.06688322126865387,0.9865836501121521,0.4345337450504303,0.2174636274576187,-0.09100855886936188,0.9878172278404236,0.4336983263492584,0.21748767793178558,-0.0910322293639183,0.9892727732658386,0.4326668381690979,0.21747389435768127,-0.09109930694103241,0.9906721115112305,0.4233742654323578,0.2205946147441864,-0.021569913253188133,0.9648423790931702,0.4237488806247711,0.22194288671016693,-0.12795962393283844,0.9900580048561096,0.4359559416770935,0.24289044737815857,-0.055343277752399445,0.9879432916641235,0.43526697158813477,0.24308209121227264,-0.08672576397657394,0.9939225316047668,0.41064485907554626,0.2857236862182617,0.051901549100875854,0.9977989196777344,0.4086271822452545,0.28622424602508545,-0.1765044778585434,0.9999335408210754,0.4124264717102051,0.3769601285457611,0.06826262176036835,0.24202726781368256,0.40739983320236206,0.3819604516029358,-0.20439641177654266,0.9873253107070923,0.422222763299942,0.4431675672531128,0.02353762648999691,0.3553469479084015,0.4327329695224762,0.45501816272735596,-0.1898902952671051,0.9664031267166138,0.4230876564979553,0.46277138590812683,0.022176790982484818,0.34331247210502625,0.4362695813179016,0.4764736294746399,-0.21124453842639923,0.9460461735725403,0.427255243062973,0.46152830123901367,0.006660675164312124,0.3520415127277374,0.4394131600856781,0.47526711225509644,-0.20289447903633118,0.9424129128456116,0.4267284870147705,0.45315223932266235,0.014528287574648857,0.34482941031455994,0.43859177827835083,0.4692315459251404,-0.18411532044410706,0.9083239436149597,0.417790949344635,0.45388785004615784,0.0712990015745163,0.9970839023590088,0.42149239778518677,0.45170512795448303,-0.07132498919963837,0.9974682331085205,0.4238102436065674,0.5651180744171143,0.11109675467014313,0.5500514507293701,0.4320693016052246,0.5647885799407959,-0.027641352266073227,0.9676001667976379,0.4175139367580414,0.6849275827407837,0.18582960963249207,0.7713598608970642,0.4210991859436035,0.6903481483459473,0.044157978147268295,0.9743976593017578,0.41110342741012573,0.7043108940124512,0.18955639004707336,0.811083197593689,0.4123637080192566,0.7116564512252808,0.04736169055104256,0.9235526323318481,0.4459136128425598,0.7034268379211426,0.15065203607082367,0.8779948353767395,0.44958797097206116,0.710694432258606,-0.0037790448404848576,0.9718945026397705
117,turn,0.43809327483177185,0.22888034582138062,-0.0756811648607254,0.9920546412467957,0.4339284300804138,0.21627523005008698,-0.06733070313930511,0.9823160767555237,0.43306946754455566,0.21587136387825012,-0.06733416020870209,0.9821964502334595,0.43200087547302246,0.21541619300842285,-0.0673021450638771,0.9850371479988098,0.43377071619033813,0.21687859296798706,-0.09180987626314163,0.9862062335014343,0.4329302906990051,0.21690745651721954,-0.09183428436517715,0.9878780245780945,0.431903600692749,0.21689431369304657,-0.09190510213375092,0.9894228577613831,0.4226248264312744,0.22033855319023132,-0.021886875852942467,0.9609149098396301,0.4231832027435303,0.22147737443447113,-0.1283261626958847,0.9887492060661316,0.43534165620803833,0.24233020842075348,-0.05567944794893265,0.9862815737724304,0.4346637725830078,0.24247024953365326,-0.08753401041030884,0.9930368065834045,0.4094533324241638,0.28550291061401367,0.053265511989593506,0.9976548552513123,0.4085693955421448,0.28619813919067383,-0.17849953472614288,0.9999284744262695,0.41185814142227173,0.3770543932914734,0.06887144595384598,0.219157874584198,0.40764370560646057,0.381958931684494,-0.2060212641954422,0.9860655069351196,0.421722412109375,0.44354918599128723,0.024905573576688766,0.3231450617313385,0.4325600564479828,0.4552231729030609,-0.1922602355480194,0.9634895920753479,0.4224979281425476,0.46407508850097656,0.024045202881097794,0.3136679232120514,0.43598121404647827,0.4767046570777893,-0.21387675404548645,0.9421844482421875,0.4269528388977051,0.46294331550598145,0.00807956699281931,0.32159727811813354,0.4393412470817566,0.47563695907592773,-0.20431581139564514,0.9381359815597534,0.4265044331550598,0.45360156893730164,0.01579802855849266,0.3152255415916443,0.43860140442848206,0.46964552998542786,-0.1859596073627472,0.9015972018241882,0.417412132024765,0.45379164814949036,0.07214458286762238,0.9968836307525635,0.4212283492088318,0.4516129493713379,-0.07217144966125488,0.9972733855247498,0.4237612187862396,0.5655008554458618,0.1107575073838234,0.5229882597923279,0.4318954050540924,0.5656588077545166,-0.02991897240281105,0.964461624622345,0.41696423292160034,0.6849098801612854,0.18426920473575592,0.752310037612915,0.4197138249874115,0.6907591223716736,0.040403012186288834,0.9720107913017273,0.41038113832473755,0.7045626044273376,0.18778786063194275,0.7995690703392029,0.4103197455406189,0.7127107977867126,0.04407237097620964,0.9231950044631958,0.44569388031959534,0.7032083868980408,0.1495857536792755,0.8670950531959534,0.4486335217952728,0.7109212279319763,-0.004168289713561535,0.9697921276092529
118,turn,0.4373677670955658,0.22741010785102844,-0.07720553129911423,0.9903258085250854,0.4331766664981842,0.2152993381023407,-0.06875760853290558,0.9788581132888794,0.4323102831840515,0.2149151861667633,-0.06876109540462494,0.9786530137062073,0.431234210729599,0.2144579142332077,-0.0687287226319313,0.9821693897247314,0.43301716446876526,0.21586599946022034,-0.0931018516421318,0.9833815693855286,0.43217629194259644,0.21591366827487946,-0.0931263118982315,0.9852891564369202,0.43115147948265076,0.21589505672454834,-0.09319526702165604,0.9871723651885986,0.4220395088195801,0.21975713968276978,-0.0226050466299057,0.9533961415290833,0.4225947856903076,0.22073400020599365,-0.13133344054222107,0.986175537109375,0.4346805214881897,0.24118492007255554,-0.056935906410217285,0.9837499856948853,0.4340195059776306,0.2413719743490219,-0.088588647544384,0.9916574358940125,0.4084867835044861,0.28526607155799866,0.05303654819726944,0.9974380135536194,0.4084140658378601,0.286050409078598,-0.18086764216423035,0.999922513961792,0.4110587537288666,0.3771604001522064,0.06890413165092468,0.1985994428396225,0.40765729546546936,0.3819197714328766,-0.20820727944374084,0.9848546981811523,0.4219852387905121,0.4438443183898926,0.02449515089392662,0.29424434900283813,0.4322888255119324,0.45551788806915283,-0.19536708295345306,0.9610351324081421,0.42308107018470764,0.4654960334300995,0.023312121629714966,0.28706464171409607,0.43557533621788025,0.47707146406173706,-0.21727129817008972,0.9387722015380859,0.42791152000427246,0.4644720256328583,0.00790025107562542,0.2942870557308197,0.43904536962509155,0.4761158525943756,-0.2084115445613861,0.9343342185020447,0.4273911118507385,0.45426496863365173,0.01537413615733385,0.2886330783367157,0.4383962154388428,0.4700257480144501,-0.19028207659721375,0.8955433964729309,0.4170680046081543,0.4537876546382904,0.07278542965650558,0.9966413974761963,0.4208577573299408,0.45163100957870483,-0.0728263109922409,0.9970670938491821,0.4239684045314789,0.5659374594688416,0.12059365212917328,0.4956248104572296,0.42972248792648315,0.5689727067947388,-0.02350698597729206,0.9580793976783752,0.4159866273403168,0.6850049495697021,0.20175066590309143,0.7288481593132019,0.4174434542655945,0.6930691003799438,0.0543828085064888,0.9679594039916992,0.40903958678245544,0.7046306729316711,0.20616479218006134,0.7848935723304749,0.4079907536506653,0.7145644426345825,0.05891149118542671,0.9216366410255432,0.4440813660621643,0.7019833922386169,0.16980616748332977,0.8536716103553772,0.44687318801879883,0.7110180258750916,0.007356931455433369,0.9664885401725769
119,turn,0.43630775809288025,0.2266930192708969,-0.07806956768035889,0.9892690777778625,0.43211326003074646,0.21487221121788025,-0.06962095201015472,0.9764572381973267,0.4312572479248047,0.21447855234146118,-0.06962409615516663,0.9763638377189636,0.4301811754703522,0.21400125324726105,-0.06959178298711777,0.9802929162979126,0.43192020058631897,0.21545706689357758,-0.09357881546020508,0.981612503528595,0.43106284737586975,0.21551509201526642,-0.09360279142856598,0.9837890863418579,0.43002620339393616,0.21549586951732635,-0.09366381913423538,0.9857839345932007,0.4210163950920105,0.21937018632888794,-0.0231573898345232,0.9481536746025085,0.4216832220554352,0.2202705442905426,-0.13450291752815247,0.9842260479927063,0.43378371000289917,0.24051052331924438,-0.05770207569003105,0.981877326965332,0.43310827016830444,0.24065358936786652,-0.08875464648008347,0.9906575083732605,0.4072128236293793,0.28528261184692383,0.05304859206080437,0.9971367716789246,0.40809130668640137,0.2859418988227844,-0.18339374661445618,0.9999173879623413,0.4101330637931824,0.3772313892841339,0.06913064420223236,0.1801607459783554,0.407620370388031,0.3818974792957306,-0.2107764035463333,0.9839717149734497,0.4211593568325043,0.4440939128398895,0.02633766457438469,0.26850801706314087,0.43206557631492615,0.45606011152267456,-0.19943369925022125,0.959495484828949,0.4229733943939209,0.4671982228755951,0.02578836679458618,0.26346123218536377,0.4353148341178894,0.47771888971328735,-0.22185277938842773,0.9366810321807861,0.4279237687587738,0.46671566367149353,0.00995407160371542,0.2700415253639221,0.43883585929870605,0.47688233852386475,-0.21358010172843933,0.9318119287490845,0.4272414743900299,0.45590201020240784,0.01717921905219555,0.265019029378891,0.4382341802120209,0.4706534445285797,-0.19512492418289185,0.8912181854248047,0.41580310463905334,0.4535652995109558,0.07377735525369644,0.9963998198509216,0.4203832745552063,0.4515180289745331,-0.07382804900407791,0.9969294667243958,0.42410412430763245,0.5657745599746704,0.1253979653120041,0.4741368591785431,0.4289396405220032,0.5689424872398376,-0.0214750524610281,0.9550085067749023,0.4136507511138916,0.6845433115959167,0.2073114663362503,0.712017834186554,0.4155833125114441,0.6942107081413269,0.05460122972726822,0.9667472839355469,0.40696054697036743,0.7039476633071899,0.2120359241962433,0.7753015160560608,0.4070493280887604,0.7158146500587463,0.05866913124918938,0.9232547879219055,0.4412350058555603,0.6993712782859802,0.17732740938663483,0.8462791442871094,0.4458278715610504,0.7108546495437622,0.005501014646142721,0.9655066132545471
120,turn,0.43563833832740784,0.2264520674943924,-0.07842932641506195,0.9873890280723572,0.4314687252044678,0.21468263864517212,-0.07005784660577774,0.9725289344787598,0.43060755729675293,0.21430644392967224,-0.07006049901247025,0.9725416898727417,0.42952418327331543,0.2138536274433136,-0.07002899795770645,0.9771325588226318,0.4312930107116699,0.21527351438999176,-0.09380166232585907,0.9786016345024109,0.43043723702430725,0.21534959971904755,-0.09382493793964386,0.981089174747467,0.4293910562992096,0.21535718441009521,-0.09387807548046112,0.9833170771598816,0.4204074740409851,0.21925964951515198,-0.02336624264717102,0.9402533769607544,0.42099323868751526,0.22018371522426605,-0.13504235446453094,0.9810764789581299,0.4330766201019287,0.24029240012168884,-0.05798167735338211,0.9789367318153381,0.4324309229850769,0.24044911563396454,-0.08893211930990219,0.9890120625495911,0.40640968084335327,0.28546327352523804,0.05244435742497444,0.9967897534370422,0.4077340066432953,0.2859501838684082,-0.18276914954185486,0.9999096989631653,0.4096323549747467,0.37753966450691223,0.06823796033859253,0.1634785681962967,0.40753883123397827,0.38190361857414246,-0.2097339928150177,0.9826293587684631,0.4204966127872467,0.44488030672073364,0.025981178507208824,0.24508431553840637,0.4317990243434906,0.4566170275211334,-0.19885097444057465,0.9568657875061035,0.42241716384887695,0.46868205070495605,0.02572229504585266,0.24195612967014313,0.43513378500938416,0.47834253311157227,-0.2210068702697754,0.9332196712493896,0.42768359184265137,0.46844151616096497,0.00932876206934452,0.2479550540447235,0.4386928975582123,0.47768500447273254,-0.21359694004058838,0.9279142618179321,0.427117258310318,0.4585384726524353,0.0169371347874403,0.2434951812028885,0.4381064772605896,0.47127169370651245,-0.19499637186527252,0.8853148818016052,0.4155184328556061,0.45352375507354736,0.07396363466978073,0.9960087537765503,0.4200626313686371,0.4515266418457031,-0.07401714473962784,0.9966747164726257,0.4238784909248352,0.5657939314842224,0.12704256176948547,0.4534635841846466,0.4271487295627594,0.5698738694190979,-0.020391423255205154,0.95048987865448,0.4124167561531067,0.6837714910507202,0.2099180966615677,0.692044734954834,0.4142155647277832,0.6946328282356262,0.05582203343510628,0.9643154740333557,0.4058555066585541,0.7030171751976013,0.21477529406547546,0.7633699774742126,0.4060373902320862,0.7165139317512512,0.05999968200922012,0.9233562350273132,0.4399595856666565,0.6975851058959961,0.1807270348072052,0.8357530832290649,0.4451903700828552,0.710918664932251,0.00680518290027976,0.9633269309997559
121,turn,0.4349522590637207,0.22642281651496887,-0.07871091365814209,0.9857124090194702,0.4307047724723816,0.2146197408437729,-0.07035819441080093,0.968977153301239,0.4298098683357239,0.21425196528434753,-0.07036115229129791,0.9690988659858704,0.4286936819553375,0.21381594240665436,-0.07033076137304306,0.9742693901062012,0.43055540323257446,0.2152237594127655,-0.09397100657224655,0.9759622812271118,0.42968887090682983,0.2153061479330063,-0.0939970389008522,0.9787849187850952,0.42863935232162476,0.2153286337852478,-0.09406432509422302,0.9811352491378784,0.41958412528038025,0.21926675736904144,-0.023491064086556435,0.9329161047935486,0.4202898442745209,0.22016189992427826,-0.13630759716033936,0.9782963395118713,0.4323859214782715,0.240300714969635,-0.058237988501787186,0.9763263463973999,0.4317820072174072,0.24041175842285156,-0.08939916640520096,0.9875149726867676,0.4055634140968323,0.28558212518692017,0.05236045643687248,0.9964301586151123,0.40716367959976196,0.28592148423194885,-0.1840004324913025,0.9999032616615295,0.40955036878585815,0.3780137002468109,0.06907452642917633,0.1484994739294052,0.4074417054653168,0.3819694519042969,-0.21052603423595428,0.9814220070838928,0.4207615852355957,0.4460298717021942,0.0286790169775486,0.22421018779277802,0.43166834115982056,0.45715874433517456,-0.20004650950431824,0.9550765752792358,0.42303267121315,0.47064411640167236,0.02838466502726078,0.2228066623210907,0.4345020353794098,0.479491263628006,-0.22209231555461884,0.9309693574905396,0.4285394549369812,0.470575749874115,0.011918623000383377,0.22830569744110107,0.4380444586277008,0.4789080023765564,-0.21550551056861877,0.9253339171409607,0.4278692305088043,0.4606957733631134,0.01940227672457695,0.22441281378269196,0.43757838010787964,0.47211185097694397,-0.19660814106464386,0.8812441229820251,0.4157232344150543,0.4534692168235779,0.07482709735631943,0.9955893754959106,0.41980820894241333,0.45151597261428833,-0.0748874843120575,0.9964243769645691,0.42371249198913574,0.5659435987472534,0.12698164582252502,0.43541261553764343,0.4245901107788086,0.5720848441123962,-0.02170756831765175,0.9468977451324463,0.41228026151657104,0.683334231376648,0.20995855331420898,0.672599196434021,0.41295307874679565,0.6956618428230286,0.05307573825120926,0.9623962044715881,0.4056660234928131,0.702294111251831,0.21483151614665985,0.7514046430587769,0.40482082962989807,0.7177913188934326,0.05710859224200249,0.9235828518867493,0.43991416692733765,0.6972111463546753,0.18050457537174225,0.825497567653656,0.4443652033805847,0.7109572291374207,0.003940879367291927,0.9614909291267395
122,turn,0.4340752065181732,0.22652611136436462,-0.0797296091914177,0.9838639497756958,0.4297948479652405,0.21465089917182922,-0.07138612866401672,0.9651819467544556,0.4289363920688629,0.21428681910037994,-0.07138967514038086,0.9653239250183105,0.42785152792930603,0.2138628363609314,-0.07135606557130814,0.9712095260620117,0.42957696318626404,0.21525773406028748,-0.0955999344587326,0.9731948375701904,0.4286883771419525,0.21533730626106262,-0.09562874585390091,0.9763022661209106,0.4276140332221985,0.21536587178707123,-0.09571169316768646,0.978841245174408,0.4187079966068268,0.21929213404655457,-0.02525738999247551,0.9250419735908508,0.4193008542060852,0.22017720341682434,-0.1380072683095932,0.9753472208976746,0.4316134452819824,0.240371972322464,-0.05943737179040909,0.9735859036445618,0.4309557378292084,0.24046389758586884,-0.09122642874717712,0.98591148853302,0.4055217206478119,0.2857034206390381,0.0517069473862648,0.9960439801216125,0.4063514173030853,0.2861277461051941,-0.18525812029838562,0.9998952150344849,0.40998443961143494,0.3784877061843872,0.0688554048538208,0.135066419839859,0.40741485357284546,0.38216808438301086,-0.2118472307920456,0.9800078868865967,0.4213401675224304,0.44682228565216064,0.028403636068105698,0.20545066893100739,0.4314526915550232,0.4584179222583771,-0.20218999683856964,0.9527841806411743,0.42397576570510864,0.4722999036312103,0.027749577537178993,0.2055893838405609,0.4337542653083801,0.4810924828052521,-0.22429773211479187,0.9280412793159485,0.42917600274086,0.47245195508003235,0.011151417158544064,0.2106795758008957,0.4374522268772125,0.4802616536617279,-0.21840819716453552,0.9220558404922485,0.4284442365169525,0.4619723856449127,0.019047360867261887,0.20730488002300262,0.43715181946754456,0.4730372428894043,-0.1990932673215866,0.8762816190719604,0.41615089774131775,0.45340585708618164,0.07495927065610886,0.9951819777488708,0.41954296827316284,0.4515206217765808,-0.07501842081546783,0.9961619973182678,0.42364853620529175,0.565828263759613,0.12656846642494202,0.41836315393447876,0.42344823479652405,0.5719722509384155,-0.02239176630973816,0.942649781703949,0.41214117407798767,0.6826226115226746,0.20982038974761963,0.6525081992149353,0.41205114126205444,0.6957957744598389,0.05218196660280228,0.959721565246582,0.4055660665035248,0.7017061114311218,0.21474182605743408,0.7385910153388977,0.4041620194911957,0.7185425758361816,0.05618412420153618,0.9226295351982117,0.44014325737953186,0.6970500349998474,0.18026533722877502,0.8142620325088501,0.44392070174217224,0.7109771966934204,0.0024692066945135593,0.9589835405349731
123,turn,0.43312501907348633,0.22653768956661224,-0.08263751119375229,0.9809349179267883,0.4287039637565613,0.21458931267261505,-0.07402262091636658,0.9595168232917786,0.4278467297554016,0.21424181759357452,-0.07402762770652771,0.9597197771072388,0.42676955461502075,0.21384495496749878,-0.0739944726228714,0.9665064215660095,0.4284971356391907,0.21519970893859863,-0.09838052093982697,0.9688693284988403,0.4276145398616791,0.21528925001621246,-0.09841098636388779,0.9723409414291382,0.42655158042907715,0.21533843874931335,-0.0985025018453598,0.9751344323158264,0.41786035895347595,0.21932615339756012,-0.027576128020882607,0.914201557636261,0.41848286986351013,0.22020122408866882,-0.13902871310710907,0.9709399938583374,0.4308244585990906,0.24040238559246063,-0.06218336895108223,0.9695376753807068,0.43014901876449585,0.24047428369522095,-0.09398742765188217,0.9834700226783752,0.40487346053123474,0.28577521443367004,0.04901701211929321,0.9955551028251648,0.4055688977241516,0.28616753220558167,-0.18524108827114105,0.9998839497566223,0.40984511375427246,0.3787989020347595,0.06634698808193207,0.12284629046916962,0.4072113037109375,0.3824824094772339,-0.21158704161643982,0.97858726978302,0.4210086762905121,0.44742119312286377,0.02615092322230339,0.1881619095802307,0.4311286509037018,0.45952659845352173,-0.20162737369537354,0.9498941898345947,0.4236880838871002,0.47271278500556946,0.025085438042879105,0.1896093189716339,0.43318071961402893,0.4822680950164795,-0.2235608845949173,0.9242500066757202,0.42931851744651794,0.4735175669193268,0.009105960838496685,0.194306418299675,0.4368433356285095,0.4814360439777374,-0.21801379323005676,0.9179155826568604,0.42858871817588806,0.4627675414085388,0.0169354360550642,0.19137601554393768,0.4366082549095154,0.4738001525402069,-0.19867420196533203,0.8703263401985168,0.4163985252380371,0.4534047544002533,0.0750211626291275,0.9946317672729492,0.41954150795936584,0.4515732228755951,-0.07508508861064911,0.9958301186561584,0.42332491278648376,0.5659248232841492,0.13045766949653625,0.40247687697410583,0.4222997725009918,0.5731303095817566,-0.0190210472792387,0.9380798935890198,0.4124082922935486,0.6825045943260193,0.21898841857910156,0.6334536075592041,0.4115750789642334,0.6967486143112183,0.05975110083818436,0.9572795629501343,0.40576815605163574,0.7016052007675171,0.22446990013122559,0.7265405058860779,0.4037122130393982,0.719470739364624,0.0642617717385292,0.9216769337654114,0.44053301215171814,0.6971057057380676,0.190158873796463,0.8034517765045166,0.44364556670188904,0.7112844586372375,0.009670164436101913,0.956558346748352
124,turn,0.4325505197048187,0.2265523225069046,-0.08261184394359589,0.9784733057022095,0.428142786026001,0.21463216841220856,-0.07400226593017578,0.9548412561416626,0.4272419512271881,0.21428543329238892,-0.07400695979595184,0.955186665058136,0.4261508584022522,0.21388965845108032,-0.07397338002920151,0.9626929759979248,0.42796555161476135,0.21523742377758026,-0.09837617725133896,0.9652644991874695,0.42706552147865295,0.21532675623893738,-0.09840679168701172,0.969182550907135,0.4260106086730957,0.2153751105070114,-0.09849842637777328,0.9721806645393372,0.41696247458457947,0.21935288608074188,-0.02769465185701847,0.9055142998695374,0.41780877113342285,0.22020721435546875,-0.13887429237365723,0.9674267172813416,0.43009835481643677,0.24042953550815582,-0.062175553292036057,0.9661213755607605,0.4294596314430237,0.2405090481042862,-0.0939994603395462,0.9813464283943176,0.4034014344215393,0.28580331802368164,0.04870534688234329,0.9950911998748779,0.40483611822128296,0.28618142008781433,-0.18469557166099548,0.9998748898506165,0.40860915184020996,0.37892070412635803,0.06563360244035721,0.111750029027462,0.40711885690689087,0.38253074884414673,-0.21088767051696777,0.9769752025604248,0.4192327558994293,0.4485724866390228,0.02612757682800293,0.17244549095630646,0.43019813299179077,0.46009618043899536,-0.2011372298002243,0.9471216797828674,0.42184901237487793,0.4735144376754761,0.02507825195789337,0.1749831587076187,0.4318414330482483,0.4829118549823761,-0.2230231761932373,0.920811653137207,0.42786750197410583,0.4749731421470642,0.009099291637539864,0.17929287254810333,0.4355677664279938,0.4821971356868744,-0.21757511794567108,0.9141479730606079,0.42739591002464294,0.46401405334472656,0.0169223640114069,0.17674081027507782,0.4355161786079407,0.47437193989753723,-0.19818595051765442,0.8649662137031555,0.41645926237106323,0.45340287685394287,0.07483159005641937,0.9941273927688599,0.41955214738845825,0.4515620768070221,-0.07489360123872757,0.9955159425735474,0.422650009393692,0.5660879015922546,0.12873348593711853,0.3884597420692444,0.42091837525367737,0.5744121670722961,-0.019298624247312546,0.9333034753799438,0.412445604801178,0.6825549602508545,0.21474440395832062,0.6154243350028992,0.41129931807518005,0.6977523565292358,0.05726780742406845,0.9540385007858276,0.4055997431278229,0.7018848061561584,0.2199600636959076,0.7150594592094421,0.4034803509712219,0.7209469079971313,0.06152420490980148,0.9202787280082703,0.44042259454727173,0.6971835494041443,0.1855846643447876,0.792589008808136,0.44345539808273315,0.7117781043052673,0.00710956659168005,0.953508734703064
125,turn,0.431643009185791,0.22661177814006805,-0.0816432535648346,0.9769957065582275,0.4272097647190094,0.21464838087558746,-0.07308065891265869,0.9521762132644653,0.42632928490638733,0.21429921686649323,-0.07308606803417206,0.9526479840278625,0.42529892921447754,0.2139085829257965,-0.07305192947387695,0.9605713486671448,0.42702990770339966,0.2152532935142517,-0.09717734158039093,0.9631930589675903,0.4261276125907898,0.21533671021461487,-0.09720860421657562,0.9673799276351929,0.42508697509765625,0.21538342535495758,-0.0972982794046402,0.9705199599266052,0.4162371754646301,0.2193528115749359,-0.027315277606248856,0.9008845090866089,0.41693004965782166,0.2201821208000183,-0.13654789328575134,0.9655490517616272,0.42925018072128296,0.24042631685733795,-0.061488114297389984,0.9641074538230896,0.42859333753585815,0.24049758911132812,-0.09288244694471359,0.980086088180542,0.4033691883087158,0.2856278419494629,0.04843296855688095,0.9948144555091858,0.4043995440006256,0.2861874997615814,-0.1816662847995758,0.9998672008514404,0.4081016480922699,0.3789370357990265,0.06434259563684464,0.10176176577806473,0.4066654145717621,0.3825274705886841,-0.20800021290779114,0.9753483533859253,0.41855868697166443,0.4485855996608734,0.02490323968231678,0.15807460248470306,0.42862972617149353,0.46005159616470337,-0.19829919934272766,0.9434612989425659,0.4213070273399353,0.4733597934246063,0.02402050420641899,0.16165819764137268,0.4305279850959778,0.48285776376724243,-0.21961712837219238,0.9161761403083801,0.42727500200271606,0.47462353110313416,0.008428739383816719,0.16560281813144684,0.43420273065567017,0.48206889629364014,-0.2140161544084549,0.909027636051178,0.42677778005599976,0.46384361386299133,0.01588474214076996,0.1634102612733841,0.4341488480567932,0.47432124614715576,-0.1953822821378708,0.8580676317214966,0.41647467017173767,0.4527614116668701,0.07438096404075623,0.9937704205513,0.41944950819015503,0.4509458839893341,-0.07443583011627197,0.9952720403671265,0.4221581816673279,0.56557297706604,0.12809301912784576,0.3732582628726959,0.42062562704086304,0.5741627812385559,-0.0200500525534153,0.9280444383621216,0.41232284903526306,0.6824507117271423,0.20868250727653503,0.5967037677764893,0.41154488921165466,0.6976454257965088,0.05439896509051323,0.9505385756492615,0.4054335057735443,0.7018690705299377,0.21355435252189636,0.7033390998840332,0.40373435616493225,0.7210331559181213,0.05806656554341316,0.9187538623809814,0.43985480070114136,0.696519136428833,0.1829509735107422,0.7804628014564514,0.4434969425201416,0.7118030190467834,0.003994675353169441,0.9501113295555115
126,turn,0.4305502772331238,0.22639378905296326,-0.08077539503574371,0.9749895334243774,0.4260292947292328,0.21429428458213806,-0.07214154303073883,0.9486115574836731,0.42518049478530884,0.21397575736045837,-0.07214955985546112,0.9493377208709717,0.4241884648799896,0.2136259526014328,-0.0721171647310257,0.9577639102935791,0.42585650086402893,0.2148902267217636,-0.09602750837802887,0.9603105783462524,0.4249788820743561,0.21499088406562805,-0.09605852514505386,0.9648741483688354,0.4239645004272461,0.21506835520267487,-0.09614618122577667,0.9682127833366394,0.415230929851532,0.2192215770483017,-0.026554465293884277,0.8954219818115234,0.41581958532333374,0.22005890309810638,-0.13421326875686646,0.96305251121521,0.42828568816185,0.24009713530540466,-0.06074966862797737,0.9613779783248901,0.4276147484779358,0.240256205201149,-0.09177707135677338,0.9783976078033447,0.4030683636665344,0.2854563295841217,0.04842647165060043,0.9945234060287476,0.4040842652320862,0.28620052337646484,-0.17886872589588165,0.9998573660850525,0.4076163172721863,0.3789977729320526,0.06328713148832321,0.09276285767555237,0.40639033913612366,0.38276973366737366,-0.20502665638923645,0.9737101793289185,0.4181217551231384,0.44851672649383545,0.022918865084648132,0.1451573520898819,0.42772531509399414,0.46031588315963745,-0.19589875638484955,0.9399847984313965,0.4206766188144684,0.4732905626296997,0.021779978647828102,0.14973890781402588,0.42973122000694275,0.48292824625968933,-0.2170829325914383,0.9118325710296631,0.42675742506980896,0.4739849865436554,0.0066643268801271915,0.15333493053913116,0.4333336353302002,0.4820476472377777,-0.2116239070892334,0.9042007923126221,0.42625707387924194,0.4628947377204895,0.014069944620132446,0.1514413207769394,0.433231920003891,0.4743134081363678,-0.19311900436878204,0.8517661690711975,0.41622233390808105,0.45255419611930847,0.07376234233379364,0.9932404160499573,0.419293075799942,0.45093291997909546,-0.07380671054124832,0.9948910474777222,0.421193927526474,0.565436065196991,0.12675069272518158,0.3594071567058563,0.41937461495399475,0.5747522711753845,-0.020487027242779732,0.92257159948349,0.4122629165649414,0.6823909878730774,0.2044360637664795,0.5780140161514282,0.41171374917030334,0.697711169719696,0.052136797457933426,0.9465392827987671,0.40540653467178345,0.7015666365623474,0.20907942950725555,0.6914267539978027,0.40391701459884644,0.7210344672203064,0.055569302290678024,0.9170071482658386,0.4397147297859192,0.6956793069839478,0.1798187643289566,0.767264187335968,0.4435325562953949,0.7118228673934937,0.001774087781086564,0.9459726810455322
127,turn,0.42976340651512146,0.22604629397392273,-0.07959221303462982,0.9732536673545837,0.4251926839351654,0.21395152807235718,-0.07091037929058075,0.945708155632019,0.4243418276309967,0.21366208791732788,-0.07091846317052841,0.9466054439544678,0.42333775758743286,0.21334894001483917,-0.07088513672351837,0.9554919600486755,0.4250088334083557,0.21455654501914978,-0.09487397968769073,0.9580093622207642,0.42412614822387695,0.2146846503019333,-0.09490586072206497,0.9628682732582092,0.4231041967868805,0.21479420363903046,-0.09499333798885345,0.9663864970207214,0.4144554138183594,0.21912509202957153,-0.025225628167390823,0.890628457069397,0.4151037633419037,0.21994122862815857,-0.13303616642951965,0.9610524773597717,0.4275781214237213,0.23971155285835266,-0.059564512223005295,0.9591611623764038,0.4269036650657654,0.239889994263649,-0.09062403440475464,0.9770031571388245,0.40267524123191833,0.28538426756858826,0.049184754490852356,0.9942623376846313,0.40382710099220276,0.28620582818984985,-0.1779785305261612,0.9998487234115601,0.4071049690246582,0.37901052832603455,0.0637373998761177,0.08469422906637192,0.4058774411678314,0.3827918469905853,-0.20402328670024872,0.9724181294441223,0.41762709617614746,0.4483335614204407,0.022994473576545715,0.13365080952644348,0.4271220266819,0.4603003263473511,-0.19475071132183075,0.9372475743293762,0.42011111974716187,0.472868949174881,0.021790996193885803,0.13915987312793732,0.42922258377075195,0.4828565716743469,-0.2158745974302292,0.9083443880081177,0.4261604845523834,0.4730820953845978,0.006621418055146933,0.14246028661727905,0.4327431619167328,0.48196929693222046,-0.21045127511024475,0.9003289341926575,0.4256737232208252,0.46181198954582214,0.01409564632922411,0.1408292055130005,0.4325958788394928,0.47420865297317505,-0.1919592022895813,0.8466700315475464,0.4157482981681824,0.45243212580680847,0.0736619234085083,0.9927703738212585,0.4192430078983307,0.4508729577064514,-0.07370281964540482,0.9945417642593384,0.4202876091003418,0.5652369856834412,0.12424325942993164,0.3464389741420746,0.418820321559906,0.5747878551483154,-0.021409329026937485,0.9169355630874634,0.4120865762233734,0.6823543310165405,0.19926591217517853,0.5617006421089172,0.4118499159812927,0.6977459192276001,0.04760024696588516,0.9427352547645569,0.4052883982658386,0.7015602588653564,0.20353277027606964,0.6815016865730286,0.4040275514125824,0.7211897969245911,0.050837259739637375,0.9156386852264404,0.43889889121055603,0.6949032545089722,0.1717703640460968,0.7557478547096252,0.4436105787754059,0.7115803956985474,-0.0033741823863238096,0.9423297643661499
128,turn,0.42898401618003845,0.2260362058877945,-0.07882911711931229,0.9720466136932373,0.42431584000587463,0.2139049768447876,-0.07016070187091827,0.9436092972755432,0.4234456419944763,0.21361896395683289,-0.07016778737306595,0.9445592761039734,0.42240604758262634,0.21331611275672913,-0.07013311982154846,0.9537900686264038,0.42415696382522583,0.21451397240161896,-0.09410817921161652,0.9564675688743591,0.4232800006866455,0.21464493870735168,-0.09413955360651016,0.9615011215209961,0.4222587049007416,0.2147590070962906,-0.09422625601291656,0.9651641845703125,0.413638174533844,0.2191220372915268,-0.024331530556082726,0.8867758512496948,0.41439181566238403,0.21990571916103363,-0.13199612498283386,0.9596255421638489,0.4268733561038971,0.2396397888660431,-0.05874583125114441,0.9576314687728882,0.4262247085571289,0.23977802693843842,-0.08976669609546661,0.9760922193527222,0.40214094519615173,0.2854008674621582,0.04990256205201149,0.994031548500061,0.40369024872779846,0.28618496656417847,-0.17702381312847137,0.9998425841331482,0.4060440957546234,0.3790234327316284,0.06381652504205704,0.07751148194074631,0.40535545349121094,0.3827945291996002,-0.20332622528076172,0.9715796113014221,0.4169405400753021,0.4483295977115631,0.023025143891572952,0.12347780168056488,0.42667365074157715,0.4604078531265259,-0.19392678141593933,0.9353514313697815,0.4193393290042877,0.4727949798107147,0.021867785602808,0.12986262142658234,0.4288231432437897,0.48280858993530273,-0.2150048464536667,0.9058401584625244,0.4255312383174896,0.47304055094718933,0.006862594746053219,0.13289521634578705,0.43235188722610474,0.48190709948539734,-0.20967328548431396,0.8974910378456116,0.4250476360321045,0.4618183970451355,0.014222385361790657,0.13150744140148163,0.4321870803833008,0.47418013215065,-0.19112630188465118,0.842930018901825,0.4151766300201416,0.45241618156433105,0.07344077527523041,0.9924414753913879,0.4192178249359131,0.4508300721645355,-0.07348194718360901,0.9943057894706726,0.41944631934165955,0.5644166469573975,0.12265542894601822,0.33541518449783325,0.41812413930892944,0.5747682452201843,-0.021726548671722412,0.9123436212539673,0.4117670953273773,0.682340681552887,0.19688794016838074,0.5485329627990723,0.41192761063575745,0.6977214813232422,0.04619539529085159,0.9399835467338562,0.40509161353111267,0.7015597820281982,0.20108017325401306,0.6738439798355103,0.4040941596031189,0.7212190628051758,0.04940888658165932,0.9149084091186523,0.43845996260643005,0.6942582726478577,0.1683778017759323,0.7469044923782349,0.44377774000167847,0.7112645506858826,-0.004919864237308502,0.9397232532501221
129,turn,0.428162157535553,0.22563105821609497,-0.07831692695617676,0.9707903861999512,0.42330947518348694,0.21348772943019867,-0.06966038793325424,0.9415675401687622,0.42245030403137207,0.21323074400424957,-0.06966768950223923,0.9426369667053223,0.42141351103782654,0.21295765042304993,-0.06963400542736053,0.9521428346633911,0.42315927147865295,0.2141111195087433,-0.09350509941577911,0.9548963904380798,0.42230501770973206,0.2142825722694397,-0.09353625774383545,0.9601404070854187,0.42130130529403687,0.2144397497177124,-0.09362220764160156,0.9639344811439514,0.4130454957485199,0.2190159410238266,-0.023923998698592186,0.8835259079933167,0.4137256145477295,0.21977530419826508,-0.1310202181339264,0.958347737789154,0.42624610662460327,0.23917359113693237,-0.05827948451042175,0.9560731649398804,0.4256071448326111,0.23937198519706726,-0.08914931863546371,0.9751642346382141,0.4020371437072754,0.28540316224098206,0.050019521266222,0.99378502368927,0.40347951650619507,0.28618982434272766,-0.1756664216518402,0.9998353719711304,0.40590906143188477,0.3790181875228882,0.06406088173389435,0.07107487320899963,0.4049319326877594,0.38279807567596436,-0.2019738405942917,0.9707720279693604,0.4169086515903473,0.44831135869026184,0.023151841014623642,0.11433766037225723,0.42643457651138306,0.46063342690467834,-0.19274625182151794,0.9334914684295654,0.41917747259140015,0.4725373685359955,0.02196284756064415,0.12153482437133789,0.4285697042942047,0.4827791750431061,-0.2135692834854126,0.9034315943717957,0.42536863684654236,0.4724990725517273,0.006866183131933212,0.12431640177965164,0.43218904733657837,0.48186901211738586,-0.20834393799304962,0.8947759866714478,0.42489081621170044,0.4613579213619232,0.014299082569777966,0.12316297739744186,0.4320235848426819,0.47416961193084717,-0.18994899094104767,0.8394632339477539,0.41478270292282104,0.452239066362381,0.07286834716796875,0.9919172525405884,0.4191164970397949,0.45067277550697327,-0.07290665805339813,0.9939498901367188,0.4188096523284912,0.5634313225746155,0.11766761541366577,0.3255377411842346,0.4175645411014557,0.5742735266685486,-0.02456989325582981,0.908383846282959,0.41154155135154724,0.6822646856307983,0.18947425484657288,0.5348914861679077,0.41196149587631226,0.697677493095398,0.03953229635953903,0.9369319677352905,0.4049958288669586,0.7015578150749207,0.19330307841300964,0.6648078560829163,0.4041188657283783,0.7212855815887451,0.04240574315190315,0.913686215877533,0.4384467601776123,0.6934788823127747,0.15975011885166168,0.7365764379501343,0.4439997673034668,0.7105016708374023,-0.012156032025814056,0.936501681804657
130,turn,0.4273970127105713,0.22492413222789764,-0.07747432589530945,0.969126284122467,0.4223414957523346,0.21295802295207977,-0.06884356588125229,0.9385986924171448,0.42147207260131836,0.2127523422241211,-0.06885166466236115,0.9397327303886414,0.4204223155975342,0.21254152059555054,-0.0688195675611496,0.9496366381645203,0.4222230911254883,0.21359583735466003,-0.09248030185699463,0.9525678753852844,0.4213889241218567,0.2138238102197647,-0.09251165390014648,0.9580447673797607,0.42040514945983887,0.21404889225959778,-0.09259790182113647,0.9620923399925232,0.41241365671157837,0.21897216141223907,-0.02322022244334221,0.8788570761680603,0.41304951906204224,0.2197107970714569,-0.12930883467197418,0.9565301537513733,0.42571917176246643,0.23856839537620544,-0.05749446153640747,0.9541727900505066,0.4251090884208679,0.2388315349817276,-0.08807801455259323,0.9740599989891052,0.40171653032302856,0.28541210293769836,0.05034524202346802,0.9935103058815002,0.40313300490379333,0.2861834764480591,-0.17392536997795105,0.9998290538787842,0.4057730734348297,0.3787757158279419,0.06423697620630264,0.06527327001094818,0.40429240465164185,0.38274621963500977,-0.20022717118263245,0.9701535105705261,0.4167845845222473,0.44811269640922546,0.023200327530503273,0.10618522763252258,0.42617160081863403,0.4607226848602295,-0.19077444076538086,0.9321067333221436,0.4189768433570862,0.4721320569515228,0.021876197308301926,0.1141725555062294,0.4283171594142914,0.4827539622783661,-0.21143142879009247,0.9015728235244751,0.42515772581100464,0.4719048738479614,0.006824439857155085,0.11672265082597733,0.4319688677787781,0.48180267214775085,-0.20650967955589294,0.8926751017570496,0.4247261583805084,0.46089279651641846,0.014337497763335705,0.11577557772397995,0.4318045675754547,0.4741402566432953,-0.18807776272296906,0.8369702696800232,0.41448140144348145,0.4524153470993042,0.07235302031040192,0.9913690090179443,0.41902557015419006,0.4508568346500397,-0.07238833606243134,0.9935929179191589,0.41837984323501587,0.5634867548942566,0.11735421419143677,0.3160615861415863,0.41702762246131897,0.5747026801109314,-0.024563517421483994,0.9044190049171448,0.4114139676094055,0.682305634021759,0.19073130190372467,0.5219751000404358,0.4120095670223236,0.6977558135986328,0.04094531014561653,0.9338033199310303,0.4049817621707916,0.7016783356666565,0.19470372796058655,0.6565613746643066,0.4043199419975281,0.721462070941925,0.0440543070435524,0.9124264121055603,0.4384687542915344,0.6927973031997681,0.16115039587020874,0.7263985276222229,0.4444400370121002,0.7098466157913208,-0.01014086976647377,0.9331706166267395
131,turn,0.4270009398460388,0.22485391795635223,-0.0757540836930275,0.9667092561721802,0.42190971970558167,0.21283911168575287,-0.06715206801891327,0.9342776536941528,0.4210435450077057,0.21264366805553436,-0.06716064363718033,0.9355632066726685,0.4199899733066559,0.21245339512825012,-0.06712920218706131,0.9460436105728149,0.4217856824398041,0.21349163353443146,-0.09066601097583771,0.9490673542022705,0.42094525694847107,0.21373166143894196,-0.09069784730672836,0.9549264311790466,0.4199483394622803,0.21397671103477478,-0.09078611433506012,0.9593659043312073,0.41198283433914185,0.21897409856319427,-0.02189372107386589,0.8720406293869019,0.41257721185684204,0.21971231698989868,-0.12747925519943237,0.9537215828895569,0.42528262734413147,0.23853367567062378,-0.05593756586313248,0.9511651992797852,0.4246792793273926,0.2387843281030655,-0.08635585755109787,0.9722996950149536,0.40136656165122986,0.28544649481773376,0.05108637735247612,0.9931795001029968,0.40287813544273376,0.28618544340133667,-0.17231547832489014,0.9998215436935425,0.4054751992225647,0.3787585496902466,0.06434690207242966,0.060022883117198944,0.4039565622806549,0.3827584981918335,-0.19854770600795746,0.969350278377533,0.41620200872421265,0.44789665937423706,0.02326342649757862,0.098802350461483,0.4258384704589844,0.4607853889465332,-0.1887744814157486,0.9305217862129211,0.4176045358181,0.4717409908771515,0.021906502544879913,0.10747417062520981,0.42797642946243286,0.48272907733917236,-0.2093101292848587,0.8995084166526794,0.42442694306373596,0.47106772661209106,0.006835824344307184,0.10980718582868576,0.4316532015800476,0.4817703664302826,-0.20436398684978485,0.8903855681419373,0.42419177293777466,0.4603520631790161,0.014371697790920734,0.10903045535087585,0.43149417638778687,0.4741123914718628,-0.18606093525886536,0.8342390060424805,0.4141625761985779,0.45263057947158813,0.07185463607311249,0.9907143115997314,0.4189523160457611,0.45121824741363525,-0.07188645750284195,0.9931601285934448,0.41807445883750916,0.5635245442390442,0.1171213760972023,0.3075820207595825,0.4169004559516907,0.5749675631523132,-0.024564262479543686,0.9001553058624268,0.4113241732120514,0.6823251247406006,0.19118653237819672,0.5096347332000732,0.412040650844574,0.6977440118789673,0.04145100712776184,0.9298659563064575,0.4050223231315613,0.7017457485198975,0.19519595801830292,0.648078441619873,0.40465936064720154,0.721582293510437,0.04463328421115875,0.9103296995162964,0.43852147459983826,0.6923907995223999,0.16192573308944702,0.7160769104957581,0.44491395354270935,0.7096944451332092,-0.009177573956549168,0.9291517734527588
132,turn,0.42647823691368103,0.2247575968503952,-0.07559888809919357,0.9640588760375977,0.42129045724868774,0.2126959264278412,-0.06707768142223358,0.9297744035720825,0.4204235076904297,0.21251071989536285,-0.06708602607250214,0.9310806393623352,0.41937288641929626,0.2123391032218933,-0.06705494225025177,0.9422062635421753,0.42116817831993103,0.21336102485656738,-0.09053338319063187,0.9454618692398071,0.420327365398407,0.21361787617206573,-0.09056486189365387,0.951629638671875,0.41933196783065796,0.21388937532901764,-0.09065332263708115,0.95652174949646,0.41152483224868774,0.2189742624759674,-0.02187368832528591,0.8646299242973328,0.4120148718357086,0.2197168916463852,-0.127192422747612,0.9507452249526978,0.4248836934566498,0.23845021426677704,-0.05578251928091049,0.947932779788971,0.42425641417503357,0.23868124186992645,-0.0861191600561142,0.9704542756080627,0.4011736512184143,0.2856636941432953,0.05116035416722298,0.9927939772605896,0.40255045890808105,0.28620466589927673,-0.17179369926452637,0.9998130798339844,0.4053646922111511,0.37875398993492126,0.06442132592201233,0.055298980325460434,0.40344077348709106,0.3827561140060425,-0.19800953567028046,0.9686590433120728,0.4160149097442627,0.44787096977233887,0.023320376873016357,0.09228027611970901,0.42564424872398376,0.4608176052570343,-0.1880539357662201,0.929374635219574,0.4175053536891937,0.47172507643699646,0.02193150296807289,0.10164345055818558,0.4278479516506195,0.4825911521911621,-0.20846831798553467,0.8979774713516235,0.42435964941978455,0.4709235727787018,0.006965320557355881,0.10378917306661606,0.43151623010635376,0.4815188944339752,-0.2035561501979828,0.8886533975601196,0.4240909516811371,0.46029770374298096,0.01450202614068985,0.1031726822257042,0.43134188652038574,0.4740274250507355,-0.18531160056591034,0.8322276473045349,0.4139816164970398,0.45313143730163574,0.07132541388273239,0.9901121854782104,0.418855756521225,0.45168694853782654,-0.07135698199272156,0.9927657246589661,0.4177858829498291,0.5635503530502319,0.11690376698970795,0.29936036467552185,0.4167637825012207,0.5749613642692566,-0.024541813880205154,0.8954229950904846,0.4112507402896881,0.6823846101760864,0.1906975358724594,0.49770697951316833,0.4120516777038574,0.6975975632667542,0.04180473834276199,0.9256851673126221,0.4050426483154297,0.7019596099853516,0.19468069076538086,0.639818549156189,0.4049232006072998,0.7215501666069031,0.045012831687927246,0.9078682065010071,0.43821248412132263,0.6920621395111084,0.16198879480361938,0.7059119343757629,0.44507282972335815,0.7095561623573303,-0.008533509448170662,0.9249736070632935
133,turn,0.4257543683052063,0.2245434671640396,-0.07588698714971542,0.9632059335708618,0.42052048444747925,0.21246448159217834,-0.06735426187515259,0.9286754131317139,0.41965144872665405,0.21228796243667603,-0.06736214458942413,0.929872989654541,0.41861119866371155,0.21212944388389587,-0.06733054667711258,0.9412105083465576,0.42040276527404785,0.21315261721611023,-0.09087204188108444,0.9445178508758545,0.4195696711540222,0.2134319543838501,-0.0909031555056572,0.9506593942642212,0.4185897409915924,0.21373501420021057,-0.09099046140909195,0.9557815194129944,0.4109892249107361,0.21889656782150269,-0.022026363760232925,0.8630565404891968,0.4113134741783142,0.21970683336257935,-0.12737998366355896,0.9501718282699585,0.424339234828949,0.23827733099460602,-0.056015897542238235,0.9471075534820557,0.42370253801345825,0.23851004242897034,-0.08643544465303421,0.9700135588645935,0.4011410176753998,0.28581252694129944,0.051113199442625046,0.9926272034645081,0.40233534574508667,0.28621581196784973,-0.17177888751029968,0.9998071789741516,0.40526533126831055,0.37875765562057495,0.06442198157310486,0.05110897868871689,0.40308070182800293,0.38276129961013794,-0.19785913825035095,0.9682654738426208,0.41605144739151,0.4477527141571045,0.022831065580248833,0.08647137135267258,0.4255685806274414,0.4607982635498047,-0.18718445301055908,0.9282180666923523,0.4178239405155182,0.47132399678230286,0.021148618310689926,0.09647675603628159,0.4278135299682617,0.48200199007987976,-0.20736797153949738,0.89630526304245,0.42452144622802734,0.47029566764831543,0.006263256072998047,0.09846264868974686,0.43147116899490356,0.48064786195755005,-0.20277845859527588,0.8868052959442139,0.42419394850730896,0.4599815011024475,0.014033647254109383,0.09798086434602737,0.4313022196292877,0.47358471155166626,-0.18453799188137054,0.8301466107368469,0.41377702355384827,0.4531649649143219,0.07090858370065689,0.9897483587265015,0.41862183809280396,0.45175009965896606,-0.07094055414199829,0.9925051927566528,0.41768187284469604,0.5632681846618652,0.11648515611886978,0.2930591106414795,0.4164552092552185,0.5749148726463318,-0.02455522119998932,0.8914482593536377,0.41115885972976685,0.6823779344558716,0.18942826986312866,0.4877307713031769,0.41208070516586304,0.6974005699157715,0.041714951395988464,0.9221231341362,0.40502768754959106,0.7019845843315125,0.19329924881458282,0.6325036287307739,0.4050312936306,0.7215365767478943,0.044895075261592865,0.905494213104248,0.4381082057952881,0.6916805505752563,0.16095319390296936,0.6973498463630676,0.44516807794570923,0.7093552350997925,-0.008417735807597637,0.9214654564857483
134,turn,0.4252684712409973,0.22456742823123932,-0.07607904076576233,0.9618620872497559,0.42007899284362793,0.21247164905071259,-0.06754197180271149,0.9266866445541382,0.4192030429840088,0.21229597926139832,-0.06754963845014572,0.9278930425643921,0.4181594252586365,0.21214137971401215,-0.06751786917448044,0.9394822120666504,0.419938862323761,0.21316152811050415,-0.09108038246631622,0.9427973031997681,0.4190841317176819,0.21343983709812164,-0.09111141413450241,0.9490343928337097,0.4180977940559387,0.21374326944351196,-0.09119807183742523,0.95440274477005,0.4104031026363373,0.2189190685749054,-0.022106768563389778,0.8599872589111328,0.41073837876319885,0.21972188353538513,-0.1275220811367035,0.9488732814788818,0.42380601167678833,0.23833952844142914,-0.056176476180553436,0.9455617070198059,0.42313042283058167,0.2385401874780655,-0.08663078397512436,0.9691534638404846,0.40074530243873596,0.28600043058395386,0.050966959446668625,0.9924163222312927,0.4019250273704529,0.2863573133945465,-0.17173245549201965,0.9998003840446472,0.4050297141075134,0.37879112362861633,0.06429757177829742,0.047312963753938675,0.4028824269771576,0.38278499245643616,-0.1972825527191162,0.9675373435020447,0.4159422516822815,0.44772911071777344,0.022884033620357513,0.08116928488016129,0.4255378842353821,0.46079424023628235,-0.18512001633644104,0.9265444278717041,0.41786327958106995,0.4712006747722626,0.021216772496700287,0.09173973649740219,0.4277814030647278,0.48180902004241943,-0.20496423542499542,0.8941389322280884,0.4243108332157135,0.4700677990913391,0.00628378102555871,0.09357846528291702,0.4313438832759857,0.4804932773113251,-0.2005155086517334,0.8844431042671204,0.42400723695755005,0.45999911427497864,0.014075450599193573,0.0932292491197586,0.4311388432979584,0.4734625220298767,-0.18249458074569702,0.8274291753768921,0.41353997588157654,0.4535207152366638,0.07057732343673706,0.989426851272583,0.4183996617794037,0.4521257281303406,-0.0706082433462143,0.9922957420349121,0.41758376359939575,0.5632896423339844,0.11664901673793793,0.2881421744823456,0.41619524359703064,0.5755205750465393,-0.024136368185281754,0.8884550333023071,0.41108793020248413,0.6824173331260681,0.19028398394584656,0.48034167289733887,0.41210174560546875,0.6973819136619568,0.04193401709198952,0.9194284677505493,0.4050137996673584,0.7020494937896729,0.19423794746398926,0.6270202994346619,0.40515437722206116,0.7216548323631287,0.04503943771123886,0.9036024808883667,0.4380894601345062,0.6912857294082642,0.16133013367652893,0.6910753846168518,0.44529518485069275,0.7091618180274963,-0.007428488228470087,0.9187811017036438
135,turn,0.4247799813747406,0.2245832085609436,-0.07603074610233307,0.9610106348991394,0.41970235109329224,0.21249966323375702,-0.06752516329288483,0.9256019592285156,0.41882801055908203,0.21232423186302185,-0.06753302365541458,0.9268500804901123,0.41776877641677856,0.21217219531536102,-0.06750226020812988,0.938633382320404,0.419522762298584,0.21319378912448883,-0.09103025496006012,0.9418770670890808,0.41864293813705444,0.21347197890281677,-0.09106123447418213,0.9481862783432007,0.41762906312942505,0.21377643942832947,-0.09114681929349899,0.9536932706832886,0.4098387360572815,0.21895518898963928,-0.022130290046334267,0.8584129214286804,0.41021928191185,0.2197476327419281,-0.12747125327587128,0.948175311088562,0.42338553071022034,0.23834875226020813,-0.056142471730709076,0.9444693922996521,0.422673761844635,0.2385481297969818,-0.08654479682445526,0.9684876799583435,0.40057307481765747,0.2860775887966156,0.051223885267972946,0.9922242760658264,0.40156763792037964,0.28645074367523193,-0.1718159019947052,0.9997944235801697,0.40484514832496643,0.3787784278392792,0.06477668136358261,0.043898969888687134,0.40270814299583435,0.38277122378349304,-0.19763849675655365,0.9668101072311401,0.4156479239463806,0.447640985250473,0.023872846737504005,0.07631344348192215,0.4255470335483551,0.4605829119682312,-0.18615777790546417,0.924943208694458,0.4175550043582916,0.4709107577800751,0.022602688521146774,0.08734028786420822,0.4278041422367096,0.4813403785228729,-0.20629854500293732,0.8920952081680298,0.423866331577301,0.4694245755672455,0.007521681487560272,0.08904212713241577,0.4313654899597168,0.4799211621284485,-0.2016432285308838,0.8821415305137634,0.42341893911361694,0.4592386782169342,0.015054884366691113,0.0888320729136467,0.4311811327934265,0.47296443581581116,-0.18348908424377441,0.8246018886566162,0.4133477807044983,0.45343130826950073,0.07056141644716263,0.9890265464782715,0.41800016164779663,0.4520188570022583,-0.07059146463871002,0.9920254945755005,0.4175477623939514,0.5631475448608398,0.11483119428157806,0.2822440266609192,0.4158354699611664,0.5755572319030762,-0.026246363297104836,0.8852877020835876,0.4110214114189148,0.6823778748512268,0.18534335494041443,0.4714769721031189,0.41208991408348083,0.6973661780357361,0.03681602701544762,0.9164862036705017,0.40497246384620667,0.7020447850227356,0.18896405398845673,0.620822012424469,0.40516313910484314,0.721743106842041,0.03955763950943947,0.9017770886421204,0.4381123185157776,0.6909357905387878,0.15652897953987122,0.6832616329193115,0.44534531235694885,0.708925187587738,-0.013804351910948753,0.9157178997993469
136,turn,0.42440810799598694,0.22456958889961243,-0.07638471573591232,0.9597049951553345,0.4193393588066101,0.21251052618026733,-0.06788795441389084,0.9235013723373413,0.41845613718032837,0.21233314275741577,-0.06789602339267731,0.9248229265213013,0.4173847734928131,0.21217931807041168,-0.06786657124757767,0.9368631839752197,0.41915711760520935,0.21320344507694244,-0.0913228839635849,0.9401505589485168,0.41826605796813965,0.21347910165786743,-0.09135422110557556,0.946619987487793,0.4172356128692627,0.2137814611196518,-0.09144006669521332,0.9523008465766907,0.4094504714012146,0.21896135807037354,-0.02244792878627777,0.8551355004310608,0.4097958505153656,0.21975551545619965,-0.12752526998519897,0.9467353224754333,0.4230479300022125,0.23835843801498413,-0.056469518691301346,0.9427545070648193,0.42230653762817383,0.23854181170463562,-0.08677934110164642,0.9674561619758606,0.4003193974494934,0.28626251220703125,0.05114109441637993,0.9919880032539368,0.40115824341773987,0.2865043878555298,-0.17192448675632477,0.9997886419296265,0.404667466878891,0.37881219387054443,0.06478749215602875,0.04078729450702667,0.402521550655365,0.38277190923690796,-0.19773022830486298,0.9660536646842957,0.4154606759548187,0.44765007495880127,0.0239315964281559,0.0719190314412117,0.4255642890930176,0.4604591429233551,-0.18649597465991974,0.9235286116600037,0.41740313172340393,0.4709034860134125,0.022730674594640732,0.08335068076848984,0.42783698439598083,0.48117920756340027,-0.2065122127532959,0.8903555870056152,0.4235384464263916,0.4694066345691681,0.007599009666591883,0.08493112027645111,0.43139204382896423,0.4797936677932739,-0.2017119824886322,0.8802137970924377,0.42314547300338745,0.45938563346862793,0.015112465247511864,0.08484581112861633,0.4311752915382385,0.47286859154701233,-0.18375253677368164,0.8222029209136963,0.41333404183387756,0.45348060131073,0.07057591527700424,0.9886255860328674,0.4178987145423889,0.4520169198513031,-0.07060637325048447,0.9917890429496765,0.41752099990844727,0.5632431507110596,0.1151149719953537,0.27804896235466003,0.4155022203922272,0.5760428309440613,-0.02614450827240944,0.8835057616233826,0.41099292039871216,0.682386040687561,0.18676212430000305,0.4652099013328552,0.41202622652053833,0.6974312663078308,0.03815110772848129,0.9149484634399414,0.4049510061740875,0.7020519971847534,0.19052229821681976,0.6169366836547852,0.40518608689308167,0.7218959331512451,0.0410909429192543,0.9008327126502991,0.4381527900695801,0.6910176873207092,0.15746627748012543,0.6781467795372009,0.44534581899642944,0.7089611887931824,-0.012355734594166279,0.9138941764831543
137,turn,0.42400017380714417,0.22457796335220337,-0.07644495368003845,0.9571775794029236,0.4189765453338623,0.21252189576625824,-0.06795021891593933,0.9194512963294983,0.41808992624282837,0.21234701573848724,-0.06795831024646759,0.9208961129188538,0.41701364517211914,0.21219728887081146,-0.06792889535427094,0.9334853291511536,0.41879358887672424,0.2132112681865692,-0.09138142317533493,0.9366469979286194,0.41790348291397095,0.21348682045936584,-0.09141270816326141,0.9434009790420532,0.4168780446052551,0.2137899249792099,-0.09149885922670364,0.9494295120239258,0.40909719467163086,0.21899086236953735,-0.022484878078103065,0.8487440347671509,0.40949124097824097,0.2197723388671875,-0.12762032449245453,0.9436469078063965,0.42265263199806213,0.23840272426605225,-0.05653008073568344,0.9395269155502319,0.4218929708003998,0.23855401575565338,-0.0868481993675232,0.96543949842453,0.3999653458595276,0.28660377860069275,0.0510721392929554,0.9916440844535828,0.4008459448814392,0.2866314649581909,-0.17202921211719513,0.999778687953949,0.4044838845729828,0.3789658844470978,0.06467665731906891,0.037924643605947495,0.40240079164505005,0.38277697563171387,-0.197956845164299,0.9648352265357971,0.4153590202331543,0.4478814899921417,0.024034542962908745,0.06779395043849945,0.42557668685913086,0.46036261320114136,-0.18692204356193542,0.9210967421531677,0.4170917868614197,0.4712539613246918,0.02288137748837471,0.07952693849802017,0.4278448522090912,0.48102688789367676,-0.20707397162914276,0.887398898601532,0.4232637286186218,0.4695064425468445,0.007770652882754803,0.08099883049726486,0.4314197897911072,0.4796715974807739,-0.2021396905183792,0.8769616484642029,0.4229568541049957,0.45982521772384644,0.015245845541357994,0.08102220296859741,0.43119415640830994,0.4727289080619812,-0.1841522455215454,0.8181763291358948,0.4133058488368988,0.45355960726737976,0.07055369764566422,0.988155722618103,0.41786617040634155,0.452006995677948,-0.07058422267436981,0.9914800524711609,0.41740140318870544,0.5633847713470459,0.11535527557134628,0.272356241941452,0.4153161942958832,0.5760596394538879,-0.02604352869093418,0.8802220821380615,0.41099730134010315,0.6824790239334106,0.1877152919769287,0.45735839009284973,0.41203421354293823,0.6974275708198547,0.03881668299436569,0.9121594429016113,0.40497612953186035,0.7022933959960938,0.19156038761138916,0.6115835309028625,0.40529006719589233,0.7219758033752441,0.0418253056704998,0.8987807631492615,0.43865767121315,0.6910778284072876,0.15828177332878113,0.6712419390678406,0.445434033870697,0.7089018225669861,-0.011795026250183582,0.9109376668930054
138,turn,0.4236883521080017,0.22465433180332184,-0.07739020884037018,0.9543254375457764,0.4186677932739258,0.21256661415100098,-0.06896214187145233,0.9150089025497437,0.4177676737308502,0.21238933503627777,-0.06897111237049103,0.9165967702865601,0.4166783392429352,0.21224133670330048,-0.06894442439079285,0.9297708868980408,0.418511301279068,0.2132519632577896,-0.0922301858663559,0.9328069686889648,0.4176315665245056,0.21352186799049377,-0.09226148575544357,0.9398284554481506,0.41661596298217773,0.2138206660747528,-0.09234873950481415,0.9461511969566345,0.40876731276512146,0.21902768313884735,-0.023768993094563484,0.8417693972587585,0.4092431664466858,0.2197989523410797,-0.12819740176200867,0.9400719404220581,0.4222850203514099,0.23850131034851074,-0.05755719542503357,0.9360334873199463,0.4215226173400879,0.2385929524898529,-0.08767590671777725,0.9632212519645691,0.3994167447090149,0.2867632508277893,0.049711547791957855,0.9912578463554382,0.4006779193878174,0.2867013216018677,-0.17226867377758026,0.9997670650482178,0.4042690396308899,0.379102498292923,0.06341657787561417,0.03536008670926094,0.4023417830467224,0.38282984495162964,-0.19805550575256348,0.9634913206100464,0.41525155305862427,0.4479190409183502,0.023370981216430664,0.06405838578939438,0.42559584975242615,0.4602162539958954,-0.18724052608013153,0.9182571768760681,0.4170195460319519,0.4712856411933899,0.022132543846964836,0.07604379206895828,0.4279606342315674,0.4807838797569275,-0.207479789853096,0.8839959502220154,0.4230623245239258,0.46949347853660583,0.007067645434290171,0.07742657512426376,0.4314790368080139,0.4793265163898468,-0.20252270996570587,0.8732739090919495,0.4228026866912842,0.4598822593688965,0.01461484469473362,0.07753913849592209,0.43120092153549194,0.4723992943763733,-0.18446801602840424,0.8135618567466736,0.4131811559200287,0.45358729362487793,0.07055502384901047,0.9876906275749207,0.41780123114585876,0.45199713110923767,-0.0705859512090683,0.9911758303642273,0.4174264967441559,0.5633994936943054,0.11600732803344727,0.2678816318511963,0.4150477945804596,0.5760631561279297,-0.025427941232919693,0.8776030540466309,0.4110024869441986,0.6823689341545105,0.19029274582862854,0.4508085548877716,0.412036269903183,0.6973391175270081,0.040915347635746,0.9099013805389404,0.4052106738090515,0.7021404504776001,0.19437843561172485,0.6069155931472778,0.4054386019706726,0.72197026014328,0.04412434250116348,0.8968793749809265,0.43897348642349243,0.6906357407569885,0.16206376254558563,0.6656194925308228,0.4454384446144104,0.7088571786880493,-0.009153394959867,0.9084914326667786
139,turn,0.42330336570739746,0.2246028035879135,-0.08001647889614105,0.9528962969779968,0.4183262288570404,0.21254688501358032,-0.07163272053003311,0.9129511117935181,0.4174320101737976,0.21237358450889587,-0.07164150476455688,0.9144428968429565,0.41635507345199585,0.2122296392917633,-0.07161785662174225,0.9280243515968323,0.41816920042037964,0.21322204172611237,-0.09503355622291565,0.931184709072113,0.4172966480255127,0.21348868310451508,-0.09506451338529587,0.9382442235946655,0.4162870943546295,0.21378573775291443,-0.09515118598937988,0.944783627986908,0.4085845351219177,0.2190057337284088,-0.02617446519434452,0.8384900689125061,0.409008264541626,0.21978193521499634,-0.13121795654296875,0.9387016296386719,0.4219544529914856,0.23845289647579193,-0.06002485007047653,0.9346024990081787,0.4211887717247009,0.23850618302822113,-0.09030691534280777,0.9623385667800903,0.39934998750686646,0.2867850065231323,0.04821663349866867,0.9910184144973755,0.40031641721725464,0.28672873973846436,-0.17487911880016327,0.9997599720954895,0.4043029248714447,0.37911278009414673,0.06314818561077118,0.03303804621100426,0.4021785855293274,0.38287535309791565,-0.20073413848876953,0.9629279971122742,0.4154205322265625,0.4478914141654968,0.022894974797964096,0.0607161819934845,0.42566943168640137,0.4600602984428406,-0.19023989140987396,0.9170566201210022,0.4172491133213043,0.47127097845077515,0.02156185545027256,0.0729779601097107,0.42810702323913574,0.4806351661682129,-0.21050266921520233,0.882493257522583,0.42310816049575806,0.4694572985172272,0.006304615177214146,0.0742858424782753,0.43159037828445435,0.4792439639568329,-0.20572850108146667,0.8716335296630859,0.4228241443634033,0.4598887264728546,0.01405385322868824,0.07449256628751755,0.43127793073654175,0.47229820489883423,-0.18752546608448029,0.8114283680915833,0.41316547989845276,0.4532996416091919,0.07057808339595795,0.9872953295707703,0.41755741834640503,0.45155656337738037,-0.07060917466878891,0.9909138679504395,0.41745567321777344,0.5631920695304871,0.11604312807321548,0.2643127739429474,0.4148896634578705,0.5757707953453064,-0.025868166238069534,0.8752143383026123,0.4110076427459717,0.682330310344696,0.19016703963279724,0.4452131390571594,0.412040650844574,0.6971343755722046,0.04048056900501251,0.9078214168548584,0.4053923487663269,0.7020794153213501,0.19419613480567932,0.6029468178749084,0.4055984616279602,0.7218838930130005,0.0436677560210228,0.8950139880180359,0.43887943029403687,0.6906248927116394,0.16162213683128357,0.6606860756874084,0.44542020559310913,0.7087868452072144,-0.010100355371832848,0.9061926007270813
140,turn,0.42305508255958557,0.22492095828056335,-0.07997290790081024,0.9517233371734619,0.4181784987449646,0.21287427842617035,-0.07157822698354721,0.9111761450767517,0.41729292273521423,0.2126719206571579,-0.07158693671226501,0.9126510620117188,0.4162198007106781,0.21251212060451508,-0.07156264036893845,0.9265577793121338,0.41798996925354004,0.21356526017189026,-0.09501640498638153,0.9298067688941956,0.41709476709365845,0.2138110250234604,-0.09504731744527817,0.9369595646858215,0.4160636067390442,0.21408647298812866,-0.09513375163078308,0.9436588287353516,0.40834617614746094,0.2191792130470276,-0.026095103472471237,0.8354331254959106,0.408701092004776,0.21999812126159668,-0.131318598985672,0.9374999403953552,0.42166122794151306,0.23866744339466095,-0.0599745512008667,0.9332309365272522,0.42086726427078247,0.23865239322185516,-0.09030456840991974,0.9614788293838501,0.39933139085769653,0.2868272066116333,0.048290058970451355,0.9907968640327454,0.4000426232814789,0.28679969906806946,-0.17503497004508972,0.9997535943984985,0.40432634949684143,0.3791366517543793,0.06320375204086304,0.030954480171203613,0.4019094407558441,0.38292112946510315,-0.20098555088043213,0.9624255299568176,0.4154597222805023,0.44781211018562317,0.02255466766655445,0.05769404023885727,0.4256814420223236,0.45979490876197815,-0.19060853123664856,0.9157727956771851,0.4173021912574768,0.47121378779411316,0.021155275404453278,0.07017191499471664,0.4281338155269623,0.48042839765548706,-0.21089160442352295,0.8808447122573853,0.42317837476730347,0.46935781836509705,0.005842756945639849,0.07141415774822235,0.4316299557685852,0.4790816009044647,-0.2060214728116989,0.8698098659515381,0.4228835701942444,0.4598393440246582,0.013663923367857933,0.07170568406581879,0.4313008189201355,0.4720604717731476,-0.18785899877548218,0.8090778589248657,0.4131743311882019,0.453144371509552,0.0705840066075325,0.9869008660316467,0.4173898696899414,0.45121848583221436,-0.07061529159545898,0.990652859210968,0.4174776077270508,0.5630154013633728,0.11555198580026627,0.26083385944366455,0.41473811864852905,0.575711727142334,-0.026401275768876076,0.873136579990387,0.41101518273353577,0.6823225617408752,0.18864715099334717,0.4403302073478699,0.4120534360408783,0.697059154510498,0.039053525775671005,0.9060442447662354,0.40543293952941895,0.7020821571350098,0.19252902269363403,0.5997310280799866,0.4058038592338562,0.7218722701072693,0.04208068549633026,0.8935526013374329,0.43874287605285645,0.6904544234275818,0.15959814190864563,0.6566354632377625,0.4454169273376465,0.7084848880767822,-0.012111439369618893,0.9042649865150452
141,turn,0.4228058457374573,0.22510318458080292,-0.07992615550756454,0.9507250189781189,0.41797536611557007,0.21305355429649353,-0.07151808589696884,0.9096517562866211,0.4170965552330017,0.21283341944217682,-0.07152695208787918,0.9111391305923462,0.4160274863243103,0.2126641422510147,-0.07150239497423172,0.9252884387969971,0.41775378584861755,0.213754341006279,-0.09497351944446564,0.9286359548568726,0.41683530807495117,0.2139892429113388,-0.0950043797492981,0.9358788728713989,0.4157821238040924,0.21425238251686096,-0.0950903594493866,0.9427074790000916,0.408109575510025,0.21929478645324707,-0.02599371038377285,0.832865297794342,0.4083546996116638,0.2201348841190338,-0.13127979636192322,0.9365029335021973,0.4213615953922272,0.23880347609519958,-0.05991121008992195,0.9319188594818115,0.4205382764339447,0.2387358546257019,-0.0902617946267128,0.9606740474700928,0.3993707299232483,0.2868550419807434,0.04835861176252365,0.9906178116798401,0.3996352553367615,0.2869409918785095,-0.17507359385490417,0.9997474551200867,0.40435415506362915,0.37916597723960876,0.06324576586484909,0.029082898050546646,0.40163230895996094,0.3830309212207794,-0.2011319398880005,0.9620382189750671,0.41549044847488403,0.4477088153362274,0.022065090015530586,0.054923418909311295,0.42568737268447876,0.4595034420490265,-0.19077646732330322,0.9146947860717773,0.41733798384666443,0.4711126983165741,0.0206105075776577,0.06759175658226013,0.42814674973487854,0.4801982045173645,-0.21109111607074738,0.8794420957565308,0.4232243597507477,0.46917301416397095,0.005266548600047827,0.0687732920050621,0.4316384792327881,0.47884035110473633,-0.2061345875263214,0.8682714104652405,0.42288509011268616,0.45928966999053955,0.013141075149178505,0.06913715600967407,0.43131518363952637,0.47177186608314514,-0.1879977285861969,0.8070585131645203,0.41316407918930054,0.4529498517513275,0.07059334963560104,0.9866386651992798,0.41696852445602417,0.4510214626789093,-0.07062457501888275,0.9904595017433167,0.41748419404029846,0.5627321004867554,0.11562259495258331,0.2574499547481537,0.41459694504737854,0.5754908919334412,-0.02635897323489189,0.8709928393363953,0.41101962327957153,0.681659460067749,0.18889451026916504,0.4354023039340973,0.41206079721450806,0.6965557932853699,0.03930811956524849,0.904338538646698,0.40552687644958496,0.7015668749809265,0.19279803335666656,0.596622109413147,0.4059096872806549,0.7216190099716187,0.04236301779747009,0.8921811580657959,0.4385969638824463,0.6898804903030396,0.15987327694892883,0.652632474899292,0.44541627168655396,0.7082207798957825,-0.0117328567430377,0.9025830626487732
142,turn,0.4224731922149658,0.22528532147407532,-0.07985761016607285,0.9504072666168213,0.4177406430244446,0.21329253911972046,-0.07144343852996826,0.9092893600463867,0.41686493158340454,0.21304748952388763,-0.07145227491855621,0.9105821847915649,0.4157916009426117,0.21285860240459442,-0.07142748683691025,0.9249370694160461,0.4174807667732239,0.2140166461467743,-0.09489940106868744,0.9284011125564575,0.41653504967689514,0.21424444019794464,-0.0949302390217781,0.9355477690696716,0.4154593348503113,0.2144952416419983,-0.09501614421606064,0.942527711391449,0.4078368544578552,0.21944619715213776,-0.025914961472153664,0.8318738341331482,0.4080241322517395,0.22034882009029388,-0.13123370707035065,0.936375081539154,0.42104920744895935,0.2389625757932663,-0.059844620525836945,0.9316367506980896,0.4201873242855072,0.23886850476264954,-0.09020198881626129,0.9604976773262024,0.39936864376068115,0.28687161207199097,0.04840589687228203,0.9905490875244141,0.3992650806903839,0.28695380687713623,-0.17501279711723328,0.9997449517250061,0.40437811613082886,0.379259318113327,0.06318582594394684,0.027425434440374374,0.40142303705215454,0.3830508887767792,-0.20110230147838593,0.9617581367492676,0.41549715399742126,0.4477238655090332,0.02103751339018345,0.05246473103761673,0.4256947636604309,0.45925047993659973,-0.19076180458068848,0.9136298894882202,0.4173586964607239,0.4711208641529083,0.019264381378889084,0.06530269980430603,0.42816272377967834,0.48000335693359375,-0.21106305718421936,0.8779842257499695,0.4232639670372009,0.4691871702671051,0.004001944791525602,0.06643089652061462,0.4316534996032715,0.47863519191741943,-0.2061297446489334,0.8666765093803406,0.42291688919067383,0.4594118893146515,0.012096771970391273,0.06686081737279892,0.4313262403011322,0.4715723693370819,-0.18799158930778503,0.8051007986068726,0.4131675660610199,0.45282402634620667,0.07059783488512039,0.9864630699157715,0.4167777895927429,0.45086830854415894,-0.07062934339046478,0.9903294444084167,0.4174470007419586,0.5626441240310669,0.11526665836572647,0.25322631001472473,0.41446757316589355,0.5754432082176208,-0.026751622557640076,0.867969274520874,0.41103729605674744,0.6816504001617432,0.18766020238399506,0.42909249663352966,0.41206520795822144,0.6965076923370361,0.038683079183101654,0.9016494154930115,0.4055723547935486,0.7015967965126038,0.191460520029068,0.5919618606567383,0.4059135317802429,0.7216147780418396,0.04173200950026512,0.8899013996124268,0.4385991096496582,0.6899133324623108,0.15862217545509338,0.6471622586250305,0.4453809857368469,0.7080872654914856,-0.012172919698059559,0.9000235199928284
143,turn,0.4222172796726227,0.22530242800712585,-0.07983025163412094,0.9498156905174255,0.41749176383018494,0.21334481239318848,-0.07138365507125854,0.908572793006897,0.4166179597377777,0.21309907734394073,-0.07139267027378082,0.9096824526786804,0.4155464768409729,0.2129129022359848,-0.07136832177639008,0.9243239164352417,0.41722792387008667,0.2140764594078064,-0.0948595330119133,0.9277172684669495,0.4162806570529938,0.21430820226669312,-0.09489022195339203,0.9347752928733826,0.41520413756370544,0.2145618051290512,-0.09497610479593277,0.9419589638710022,0.40761318802833557,0.21955543756484985,-0.02571851946413517,0.8303495049476624,0.4077870845794678,0.22045201063156128,-0.13116320967674255,0.9358745813369751,0.4208010733127594,0.23897910118103027,-0.05978794023394585,0.9310617446899414,0.4199458062648773,0.2388785034418106,-0.09016912430524826,0.9601046442985535,0.39924079179763794,0.2869085669517517,0.04871182143688202,0.9905068278312683,0.3989636301994324,0.28700190782546997,-0.1750292181968689,0.9997422695159912,0.40436848998069763,0.3793477714061737,0.06321157515048981,0.025913041085004807,0.401226669549942,0.3831072449684143,-0.2012089043855667,0.9611677527427673,0.41550010442733765,0.4480055868625641,0.02084680274128914,0.05021340399980545,0.4256792962551117,0.45917508006095886,-0.19074521958827972,0.9118289947509766,0.41738826036453247,0.4714115560054779,0.018987145274877548,0.06314931809902191,0.42814573645591736,0.47995123267173767,-0.211056187748909,0.8756271004676819,0.4232679307460785,0.4694388210773468,0.003763099666684866,0.06422596424818039,0.4316485822200775,0.4785812497138977,-0.20611488819122314,0.8640746474266052,0.4229108393192291,0.4599190950393677,0.011897382326424122,0.06472408026456833,0.4313131868839264,0.4715349078178406,-0.187965527176857,0.8019044995307922,0.4131701588630676,0.4528263807296753,0.0706632137298584,0.9864025115966797,0.4166114330291748,0.4508713185787201,-0.07069522887468338,0.9902424216270447,0.4174491763114929,0.5626278519630432,0.11591555178165436,0.2476416677236557,0.4142730236053467,0.5755478143692017,-0.02662128582596779,0.863827645778656,0.4110698103904724,0.681666910648346,0.18894365429878235,0.4212365746498108,0.41206836700439453,0.6965106725692749,0.04000552371144295,0.8980023264884949,0.40564513206481934,0.7018488645553589,0.19282466173171997,0.5861701369285583,0.4059606194496155,0.7217379212379456,0.04322986304759979,0.8873085975646973,0.43898457288742065,0.6899331212043762,0.15999926626682281,0.6402359008789062,0.44538068771362305,0.7080689668655396,-0.010547442361712456,0.8967697620391846
144,turn,0.42202481627464294,0.22533440589904785,-0.07993051409721375,0.9489387273788452,0.4172655940055847,0.21338437497615814,-0.07143738120794296,0.9074478149414062,0.4163946211338043,0.21313796937465668,-0.07144683599472046,0.9084984660148621,0.41532716155052185,0.21295425295829773,-0.07142271101474762,0.9233840107917786,0.41699010133743286,0.2141258865594864,-0.09491625428199768,0.9266847372055054,0.41603952646255493,0.21436350047588348,-0.09494669735431671,0.9337335824966431,0.41496381163597107,0.2146211415529251,-0.09503244608640671,0.9410625696182251,0.4073742926120758,0.2196470946073532,-0.0257083959877491,0.8288188576698303,0.40754351019859314,0.2205439954996109,-0.1311570703983307,0.9350688457489014,0.42060011625289917,0.23904187977313995,-0.059864580631256104,0.9301629662513733,0.41973796486854553,0.23894092440605164,-0.09024877101182938,0.9594674110412598,0.3991093933582306,0.2869924008846283,0.04873049259185791,0.9903938174247742,0.39876097440719604,0.28720399737358093,-0.17522399127483368,0.9997375011444092,0.404343843460083,0.3795976936817169,0.06309305131435394,0.024557622149586678,0.40114647150039673,0.38351309299468994,-0.20161572098731995,0.9604830741882324,0.41542381048202515,0.44809985160827637,0.020721910521388054,0.04816073179244995,0.4255038797855377,0.45923912525177,-0.19133171439170837,0.9100062847137451,0.4173542857170105,0.47152408957481384,0.018918132409453392,0.06116485223174095,0.428063303232193,0.4799630045890808,-0.21186614036560059,0.8733258843421936,0.4232248365879059,0.46945393085479736,0.003727506846189499,0.062189824879169464,0.4316083490848541,0.4785941541194916,-0.2068190574645996,0.8615431785583496,0.42285481095314026,0.46000921726226807,0.011795884929597378,0.06275246292352676,0.43122750520706177,0.471544086933136,-0.1885620355606079,0.7987676858901978,0.4131251871585846,0.45282575488090515,0.07076464593410492,0.9862545728683472,0.41630658507347107,0.4508712887763977,-0.07079696655273438,0.990103006362915,0.41745638847351074,0.5625459551811218,0.1170177012681961,0.2422802746295929,0.41411298513412476,0.5757639408111572,-0.026145264506340027,0.8603732585906982,0.411092609167099,0.6816279888153076,0.19175904989242554,0.4127778708934784,0.4120773673057556,0.6965115070343018,0.04162479192018509,0.8946592211723328,0.4056733548641205,0.7019131779670715,0.19587817788124084,0.5800192356109619,0.4060102105140686,0.7218512892723083,0.04499327018857002,0.8851051926612854,0.43900761008262634,0.6899449825286865,0.16345784068107605,0.6326971054077148,0.4453979432582855,0.708080530166626,-0.008751817047595978,0.8935673832893372
145,turn,0.42195671796798706,0.22544805705547333,-0.08034269511699677,0.9488813877105713,0.4171701967716217,0.21347035467624664,-0.07180533558130264,0.9076991677284241,0.4163063168525696,0.21321868896484375,-0.071815624833107,0.9086312651634216,0.4152425229549408,0.21303318440914154,-0.07179314643144608,0.9235617518424988,0.4168761372566223,0.2142176479101181,-0.09520715475082397,0.9267850518226624,0.4159153997898102,0.2144554704427719,-0.09523706883192062,0.9336774349212646,0.4148297905921936,0.2147132009267807,-0.09532184898853302,0.9410489201545715,0.40720540285110474,0.21975500881671906,-0.026039425283670425,0.8299077153205872,0.40736380219459534,0.22063657641410828,-0.13119234144687653,0.9353312253952026,0.42052918672561646,0.23918519914150238,-0.06027645617723465,0.930588960647583,0.41964516043663025,0.23907411098480225,-0.09055034816265106,0.9596375226974487,0.3991236090660095,0.28722018003463745,0.04831220954656601,0.9903680086135864,0.3986201286315918,0.28742969036102295,-0.1752825826406479,0.9997351765632629,0.4043677747249603,0.3798660635948181,0.06259390711784363,0.02338341437280178,0.40104690194129944,0.3838086426258087,-0.2016468346118927,0.9601840972900391,0.415437787771225,0.44833752512931824,0.02029760554432869,0.04631943628191948,0.4254373610019684,0.459372878074646,-0.19131654500961304,0.9087612628936768,0.417377769947052,0.4717734456062317,0.01844658888876438,0.05938872694969177,0.4280286729335785,0.4801141917705536,-0.21183642745018005,0.871678352355957,0.42330247163772583,0.46961474418640137,0.0034029074013233185,0.0603596568107605,0.43161362409591675,0.47871699929237366,-0.20687738060951233,0.8597580790519714,0.4229768216609955,0.4603281319141388,0.011439487338066101,0.06099312752485275,0.431231826543808,0.4715959429740906,-0.18858370184898376,0.796696126461029,0.4130503535270691,0.45282936096191406,0.07078860700130463,0.986129879951477,0.41597825288772583,0.4508674144744873,-0.07082165777683258,0.9900029897689819,0.41746264696121216,0.5625061392784119,0.11739754676818848,0.23800091445446014,0.4139619469642639,0.5758865475654602,-0.025755753740668297,0.8577145338058472,0.41109853982925415,0.6816295385360718,0.1924845576286316,0.4050770103931427,0.41207975149154663,0.6965146660804749,0.042230501770973206,0.8918665051460266,0.4056761860847473,0.7020707130432129,0.19664497673511505,0.5740864276885986,0.4060463309288025,0.721926212310791,0.045627202838659286,0.8832714557647705,0.43900951743125916,0.6900632381439209,0.1644635796546936,0.6257128715515137,0.4454185366630554,0.7080824375152588,-0.008127755485475063,0.8907731771469116
146,turn,0.42194390296936035,0.22556506097316742,-0.08048133552074432,0.948015570640564,0.4171562194824219,0.21355828642845154,-0.07195007055997849,0.9065806865692139,0.4162963926792145,0.2132975459098816,-0.07196041196584702,0.907557487487793,0.4152318835258484,0.2131033092737198,-0.07193770259618759,0.9226117730140686,0.41686320304870605,0.21430985629558563,-0.09534402936697006,0.9258901476860046,0.4159042239189148,0.21454249322414398,-0.09537410736083984,0.9328181743621826,0.41481471061706543,0.21479447185993195,-0.09545893967151642,0.9402014017105103,0.40712064504623413,0.21980737149715424,-0.026205996051430702,0.8285428881645203,0.40730589628219604,0.22069379687309265,-0.13128799200057983,0.9345321655273438,0.4204785227775574,0.23929816484451294,-0.060418229550123215,0.9297767281532288,0.4195990562438965,0.2391861379146576,-0.09068082273006439,0.9590612053871155,0.398943692445755,0.2873084247112274,0.048071373254060745,0.9901813268661499,0.3985872268676758,0.2875669300556183,-0.1752893477678299,0.9997292757034302,0.40436530113220215,0.38001659512519836,0.062225669622421265,0.022291764616966248,0.40101560950279236,0.3841121196746826,-0.20163984596729279,0.9597154259681702,0.4153810441493988,0.44834375381469727,0.02010454051196575,0.04463304951786995,0.42520061135292053,0.4594654142856598,-0.19130124151706696,0.9075484275817871,0.4173397123813629,0.47182413935661316,0.018327828496694565,0.05776430666446686,0.4278241693973541,0.4801848530769348,-0.2118130922317505,0.8701833486557007,0.4232892096042633,0.4696991443634033,0.003298673313111067,0.058693431317806244,0.4314683973789215,0.4787878692150116,-0.2068525105714798,0.8581402897834778,0.4229753613471985,0.4604663550853729,0.011270193383097649,0.05938024818897247,0.43108391761779785,0.47164392471313477,-0.18856105208396912,0.7947375178337097,0.4128403663635254,0.45282384753227234,0.0707930475473404,0.9858214855194092,0.4157668650150299,0.4508441090583801,-0.07082615792751312,0.9897975921630859,0.41746196150779724,0.5624620914459229,0.11731995642185211,0.23624199628829956,0.4138900637626648,0.5758476257324219,-0.025747913867235184,0.8566753268241882,0.4111103117465973,0.6815855503082275,0.1923033595085144,0.4013896584510803,0.4120821952819824,0.6965135931968689,0.041761890053749084,0.8909002542495728,0.40571075677871704,0.7020071744918823,0.19645240902900696,0.5715473890304565,0.40606769919395447,0.7219322919845581,0.0450303815305233,0.8826749324798584,0.4389053285121918,0.6900808811187744,0.1642632782459259,0.6224879622459412,0.4454004764556885,0.7080841660499573,-0.009116978384554386,0.8895159959793091
147,turn,0.4219106137752533,0.22561736404895782,-0.08044610172510147,0.9479976892471313,0.41709643602371216,0.21358905732631683,-0.07192123681306839,0.9066022634506226,0.416242778301239,0.21332599222660065,-0.07193170487880707,0.907719612121582,0.4151832163333893,0.2131299078464508,-0.07190904021263123,0.9226349592208862,0.41680440306663513,0.2143426239490509,-0.09531277418136597,0.9259322285652161,0.41585031151771545,0.2145739644765854,-0.09534285962581635,0.932952880859375,0.4147631525993347,0.21482416987419128,-0.09542769193649292,0.9402112364768982,0.40707167983055115,0.219827800989151,-0.02615657076239586,0.8287883996963501,0.4072713255882263,0.22071506083011627,-0.13127294182777405,0.9345868229866028,0.4204326570034027,0.23934204876422882,-0.06039915606379509,0.9296718835830688,0.41956251859664917,0.2392296940088272,-0.09065345674753189,0.9589307308197021,0.39878806471824646,0.287314236164093,0.048311568796634674,0.9900763034820557,0.39845138788223267,0.2875717282295227,-0.1752920299768448,0.9997275471687317,0.4042893946170807,0.3800196647644043,0.06251939386129379,0.021325688809156418,0.4007441997528076,0.38411229848861694,-0.20167246460914612,0.9596189260482788,0.4153365194797516,0.4482121765613556,0.02066827192902565,0.0431850403547287,0.4248843789100647,0.4594601094722748,-0.19148413836956024,0.9072996973991394,0.41734203696250916,0.4717869758605957,0.019255749881267548,0.05638579651713371,0.4276481568813324,0.4801428020000458,-0.21201667189598083,0.869900107383728,0.4232979416847229,0.4696696698665619,0.0040361592546105385,0.057273462414741516,0.43136414885520935,0.4787095785140991,-0.2069486379623413,0.8577888607978821,0.4229815602302551,0.4604605734348297,0.011797850951552391,0.0580204613506794,0.4309404790401459,0.47159087657928467,-0.18870684504508972,0.7942004799842834,0.41254886984825134,0.4526180624961853,0.0709180235862732,0.9855667352676392,0.41543492674827576,0.45049676299095154,-0.07095153629779816,0.9896671175956726,0.4173908233642578,0.5624065399169922,0.11708642542362213,0.23504391312599182,0.4139077067375183,0.5754920244216919,-0.026274532079696655,0.8574494123458862,0.4111281931400299,0.6814783215522766,0.19133403897285461,0.3998892307281494,0.4121115803718567,0.696513295173645,0.03939883038401604,0.8916961550712585,0.4057139754295349,0.7020039558410645,0.19536781311035156,0.5711719393730164,0.40607160329818726,0.7219798564910889,0.04241521283984184,0.883538544178009,0.4389084279537201,0.6900973320007324,0.16254602372646332,0.6215999722480774,0.4454151690006256,0.7081806659698486,-0.012319197878241539,0.8898569941520691
148,turn,0.4218195080757141,0.2256505936384201,-0.08032627403736115,0.9484062790870667,0.4169894754886627,0.21362289786338806,-0.07178054004907608,0.9072674512863159,0.41614001989364624,0.21336373686790466,-0.07179015874862671,0.9084873795509338,0.4150901734828949,0.21317169070243835,-0.07176612317562103,0.9232140779495239,0.41671866178512573,0.21437785029411316,-0.09520744532346725,0.9264389872550964,0.41578182578086853,0.21461321413516998,-0.09523765742778778,0.933509349822998,0.41471290588378906,0.21486343443393707,-0.09532255679368973,0.9406406879425049,0.40703877806663513,0.2198840081691742,-0.025968307629227638,0.830010712146759,0.4072599411010742,0.22076565027236938,-0.1312326043844223,0.9350627660751343,0.4203494191169739,0.2393662929534912,-0.06026076525449753,0.9300499558448792,0.41949549317359924,0.2392515242099762,-0.09056644141674042,0.9591071009635925,0.3985298275947571,0.2873208224773407,0.04873998463153839,0.990056037902832,0.3984207808971405,0.287574827671051,-0.17528864741325378,0.999728262424469,0.4040603041648865,0.38002273440361023,0.0629228800535202,0.020469175651669502,0.4005257487297058,0.38411298394203186,-0.20167425274848938,0.9595394730567932,0.4152052402496338,0.44804883003234863,0.021459488198161125,0.04205073043704033,0.4243876039981842,0.459553986787796,-0.19163016974925995,0.9071753025054932,0.41729387640953064,0.47178369760513306,0.020284613594412804,0.05535729601979256,0.42722010612487793,0.48021256923675537,-0.21223647892475128,0.8697416186332703,0.4233027994632721,0.4696689546108246,0.004922640975564718,0.056209731847047806,0.4310076832771301,0.47879472374916077,-0.20706340670585632,0.8575524687767029,0.42296385765075684,0.46046194434165955,0.012546345591545105,0.0569993257522583,0.4305533468723297,0.4716760516166687,-0.18882691860198975,0.793873131275177,0.41241455078125,0.4525202810764313,0.07098479568958282,0.9854546189308167,0.41535186767578125,0.45035985112190247,-0.07101773470640182,0.9896161556243896,0.4172578752040863,0.562381386756897,0.11696743965148926,0.23341797292232513,0.41391563415527344,0.5752598643302917,-0.026436734944581985,0.8581588268280029,0.41113415360450745,0.6814473867416382,0.19078809022903442,0.3980279564857483,0.4121481776237488,0.6966371536254883,0.038499511778354645,0.8922149538993835,0.4056966304779053,0.702142059803009,0.19475239515304565,0.5704832077026367,0.40607595443725586,0.7221253514289856,0.04141660034656525,0.8843532204627991,0.4389168322086334,0.6901124715805054,0.16170591115951538,0.6205233931541443,0.44548720121383667,0.7082255482673645,-0.013368804939091206,0.8900756239891052
149,turn,0.42175954580307007,0.2256607860326767,-0.0802517980337143,0.948579728603363,0.41689473390579224,0.2136269509792328,-0.07167022675275803,0.9075430631637573,0.4160501956939697,0.21336911618709564,-0.07167965918779373,0.9088589549064636,0.41500815749168396,0.21318018436431885,-0.07165513187646866,0.9234766364097595,0.41663628816604614,0.21438196301460266,-0.0950772687792778,0.9265856146812439,0.41571202874183655,0.21462085843086243,-0.09510745853185654,0.9336827993392944,0.4146556258201599,0.21487417817115784,-0.09519250690937042,0.940758228302002,0.4069899916648865,0.2199256867170334,-0.02585374377667904,0.8306960463523865,0.4072244167327881,0.22080491483211517,-0.13101793825626373,0.9352354407310486,0.4203120172023773,0.2393721491098404,-0.06019512936472893,0.9302306771278381,0.4194625914096832,0.2392590343952179,-0.09047950059175491,0.9591569900512695,0.39833715558052063,0.2873269021511078,0.0488630086183548,0.990068793296814,0.39842867851257324,0.28757864236831665,-0.17516405880451202,0.9997286200523376,0.40389490127563477,0.38004958629608154,0.06300298124551773,0.019705243408679962,0.400402694940567,0.38418900966644287,-0.20151114463806152,0.9595747590065002,0.41513925790786743,0.4478989839553833,0.021659431979060173,0.041048478335142136,0.423983633518219,0.4598666727542877,-0.1914721131324768,0.9070556163787842,0.4172385334968567,0.47166821360588074,0.020485153421759605,0.05445845425128937,0.42683014273643494,0.48038822412490845,-0.2120717465877533,0.8695240616798401,0.4233105182647705,0.4695717692375183,0.005169290117919445,0.05527888238430023,0.4306296408176422,0.47899243235588074,-0.20698046684265137,0.857341468334198,0.4229637682437897,0.4604465961456299,0.012763531878590584,0.056095585227012634,0.43017372488975525,0.47182542085647583,-0.18871575593948364,0.7937068939208984,0.4121265411376953,0.45246824622154236,0.07103417813777924,0.9854116439819336,0.4151652455329895,0.4503578245639801,-0.07106735557317734,0.9895939826965332,0.4169889986515045,0.5623905062675476,0.11708717048168182,0.2328837364912033,0.41392049193382263,0.5752429366111755,-0.026353150606155396,0.8593539595603943,0.41113534569740295,0.6812830567359924,0.19106198847293854,0.397846519947052,0.412151962518692,0.6966602802276611,0.03857404738664627,0.893101692199707,0.4056619703769684,0.7021434903144836,0.1950220912694931,0.5706802606582642,0.40607962012290955,0.7221677899360657,0.04153159260749817,0.885311484336853,0.4389163553714752,0.6901233792304993,0.16189061105251312,0.6207143068313599,0.4455189108848572,0.7082633376121521,-0.013086977414786816,0.8907392621040344
150,turn,0.4216598868370056,0.22554142773151398,-0.07956179231405258,0.9493805170059204,0.4167259633541107,0.2135499268770218,-0.07095117121934891,0.9091483950614929,0.4158853590488434,0.21330435574054718,-0.07096131145954132,0.9104061722755432,0.41485047340393066,0.21312476694583893,-0.07093743234872818,0.9248486757278442,0.41645631194114685,0.21429839730262756,-0.09432781487703323,0.9277141094207764,0.415531724691391,0.21454893052577972,-0.09435711801052094,0.9346926212310791,0.4144813120365143,0.21481670439243317,-0.09444116801023483,0.9417294263839722,0.40686360001564026,0.21990475058555603,-0.0252140574157238,0.8335402607917786,0.4070609211921692,0.22080495953559875,-0.1302185207605362,0.9364318251609802,0.42024654150009155,0.2392907440662384,-0.05955461412668228,0.9313344955444336,0.4193906784057617,0.23919422924518585,-0.08979882299900055,0.9597781300544739,0.39830338954925537,0.2872813642024994,0.04929502680897713,0.9901831150054932,0.3982940912246704,0.2875652611255646,-0.17439427971839905,0.999729573726654,0.4038468897342682,0.38015586137771606,0.06358759850263596,0.018948206678032875,0.40006622672080994,0.38437172770500183,-0.20083531737327576,0.9594303965568542,0.41512855887413025,0.44787365198135376,0.02229120209813118,0.039985980838537216,0.42333903908729553,0.4600532054901123,-0.1910974681377411,0.9066072702407837,0.4172757565975189,0.4716251790523529,0.021121885627508163,0.05347670987248421,0.42613688111305237,0.4805607199668884,-0.21167413890361786,0.8688918352127075,0.42351213097572327,0.4695715308189392,0.005793457850813866,0.05426188185811043,0.4301890432834625,0.4791189432144165,-0.2066689282655716,0.8566155433654785,0.4230569005012512,0.460494726896286,0.013388539664447308,0.055136095732450485,0.42981046438217163,0.4719254672527313,-0.18839512765407562,0.7929068207740784,0.41204938292503357,0.45242276787757874,0.07102130353450775,0.9854767918586731,0.4149457514286041,0.4503386616706848,-0.07105402648448944,0.9896047115325928,0.416659414768219,0.5624005794525146,0.11569521576166153,0.22991696000099182,0.41392022371292114,0.5751105546951294,-0.02699708379805088,0.8587686419487,0.4111272394657135,0.681368887424469,0.18705424666404724,0.39417579770088196,0.4122096002101898,0.6967898607254028,0.03695463016629219,0.8921360969543457,0.4054746627807617,0.7028582096099854,0.19067277014255524,0.5675988793373108,0.40608230233192444,0.7221800684928894,0.03982768952846527,0.8845161199569702,0.43905481696128845,0.6906900405883789,0.15737512707710266,0.617357611656189,0.44553065299987793,0.7083491086959839,-0.014383438043296337,0.8896180987358093
151,turn,0.42160534858703613,0.22551248967647552,-0.07946188747882843,0.9499238133430481,0.41661709547042847,0.2135317623615265,-0.07085946947336197,0.9101245999336243,0.4157768189907074,0.21328872442245483,-0.07086905092000961,0.9112391471862793,0.41474446654319763,0.21311146020889282,-0.07084456086158752,0.9256249070167542,0.41635066270828247,0.21427923440933228,-0.09423617273569107,0.9284773468971252,0.4154301583766937,0.21453304588794708,-0.09426531195640564,0.9353455305099487,0.41438621282577515,0.214805468916893,-0.09434979408979416,0.942407488822937,0.4067801535129547,0.21989938616752625,-0.025114115327596664,0.8348544836044312,0.4069674611091614,0.22080878913402557,-0.13013876974582672,0.9372089505195618,0.42019781470298767,0.23924505710601807,-0.059451572597026825,0.93215012550354,0.4193459153175354,0.23915641009807587,-0.08970074355602264,0.9602569341659546,0.3982086777687073,0.2872386872768402,0.049574676901102066,0.9902703762054443,0.39822036027908325,0.2874792218208313,-0.17437797784805298,0.999733030796051,0.40383076667785645,0.3801725208759308,0.06423196941614151,0.018308021128177643,0.3998423218727112,0.3843793570995331,-0.2007928341627121,0.9594226479530334,0.41512173414230347,0.44780799746513367,0.02297629415988922,0.03920496627688408,0.42265304923057556,0.46013912558555603,-0.19106096029281616,0.9066945910453796,0.4172990918159485,0.4715839922428131,0.02176905795931816,0.05278606712818146,0.4252707064151764,0.4807488024234772,-0.21164143085479736,0.8689449429512024,0.42366209626197815,0.46960797905921936,0.006416390184313059,0.05354863032698631,0.42961961030960083,0.47927382588386536,-0.20666348934173584,0.8566552996635437,0.4231795370578766,0.46058595180511475,0.01404996681958437,0.05446959659457207,0.4293753206729889,0.4720485806465149,-0.18837934732437134,0.7930651903152466,0.41201359033584595,0.4524054527282715,0.07102739065885544,0.985583484172821,0.41484585404396057,0.45029330253601074,-0.0710601881146431,0.9896655082702637,0.41645145416259766,0.5624005794525146,0.11572828143835068,0.22746923565864563,0.4139081537723541,0.5751060843467712,-0.026963967829942703,0.8578897714614868,0.41110867261886597,0.6813836097717285,0.18744173645973206,0.391810804605484,0.4122556149959564,0.6968427300453186,0.037271130830049515,0.8911208510398865,0.40523606538772583,0.7032638788223267,0.19113019108772278,0.5659852623939514,0.40608730912208557,0.7222210168838501,0.04019129276275635,0.8838092088699341,0.439115434885025,0.6909825205802917,0.1579267680644989,0.6154662370681763,0.44553256034851074,0.7084754109382629,-0.013990546576678753,0.8887231945991516
152,turn,0.421548455953598,0.2254244089126587,-0.07981526851654053,0.9508862495422363,0.416527658700943,0.21347872912883759,-0.07119862735271454,0.9118460416793823,0.4156944155693054,0.21323946118354797,-0.07120753824710846,0.9128127694129944,0.41467076539993286,0.21306568384170532,-0.07118222862482071,0.9270221590995789,0.4162585139274597,0.21422572433948517,-0.09471624344587326,0.9298981428146362,0.41534265875816345,0.21448512375354767,-0.09474547207355499,0.9366136789321899,0.41430336236953735,0.2147666960954666,-0.0948304533958435,0.9436307549476624,0.4067465662956238,0.21986635029315948,-0.0252555999904871,0.8373633623123169,0.4069076180458069,0.22080296277999878,-0.13091348111629486,0.9385565519332886,0.4201594889163971,0.2391384094953537,-0.05970735475420952,0.9333902597427368,0.4193093180656433,0.23906706273555756,-0.09013445675373077,0.9610393643379211,0.39821141958236694,0.2872154116630554,0.04958074539899826,0.9903718829154968,0.3980275094509125,0.28745996952056885,-0.17523659765720367,0.9997360110282898,0.40383315086364746,0.3802146017551422,0.06455151736736298,0.017723411321640015,0.3996286988258362,0.3844261169433594,-0.20187696814537048,0.9595460295677185,0.4151221215724945,0.44780540466308594,0.02309305965900421,0.0384814627468586,0.42194652557373047,0.46047815680503845,-0.1924380213022232,0.9070249199867249,0.41736549139022827,0.4715629518032074,0.021879013627767563,0.05214085057377815,0.4244343638420105,0.4810924232006073,-0.21320803463459015,0.8692724704742432,0.4237424433231354,0.46966278553009033,0.006438221782445908,0.05289429798722267,0.4290836453437805,0.47959259152412415,-0.2083728313446045,0.8569732308387756,0.4232100546360016,0.46073541045188904,0.014117831364274025,0.05387711524963379,0.4288558065891266,0.47230711579322815,-0.18979951739311218,0.7934503555297852,0.4120079576969147,0.4523785412311554,0.07108724117279053,0.985727071762085,0.4147704243659973,0.45025932788848877,-0.07111968100070953,0.9897478222846985,0.4162391126155853,0.5623639822006226,0.11575520038604736,0.22536279261112213,0.4139114320278168,0.5746724605560303,-0.027101222425699234,0.8577557802200317,0.41108354926109314,0.6813272833824158,0.18769684433937073,0.39014381170272827,0.4123188853263855,0.6968436241149902,0.03744392469525337,0.890986442565918,0.40507787466049194,0.7033687829971313,0.1914261430501938,0.5649933218955994,0.4060904085636139,0.7222187519073486,0.04038486257195473,0.8836808800697327,0.4391510486602783,0.691195011138916,0.15823067724704742,0.6145797371864319,0.4455339014530182,0.7086700201034546,-0.013926051557064056,0.8885974287986755
153,turn,0.421553373336792,0.22537346184253693,-0.08038939535617828,0.9511834979057312,0.41652098298072815,0.21342918276786804,-0.07168131321668625,0.9123331904411316,0.41568809747695923,0.21318772435188293,-0.07169017940759659,0.9132367968559265,0.4146657884120941,0.21301235258579254,-0.0716640055179596,0.9274064302444458,0.416257381439209,0.21417538821697235,-0.09524796903133392,0.9302970170974731,0.41534432768821716,0.21442964673042297,-0.09527744352817535,0.9369434118270874,0.41430574655532837,0.21471160650253296,-0.09536336362361908,0.9439816474914551,0.4067407548427582,0.21974709630012512,-0.02545413002371788,0.8378041982650757,0.4068939685821533,0.22075027227401733,-0.13132981956005096,0.9388878345489502,0.420157253742218,0.23904870450496674,-0.06017386168241501,0.9336426854133606,0.41931280493736267,0.2389998584985733,-0.09068242460489273,0.9612141251564026,0.39810121059417725,0.2871829867362976,0.049431003630161285,0.9904143214225769,0.3979758620262146,0.2874238193035126,-0.1756121963262558,0.9997366070747375,0.40363430976867676,0.380219042301178,0.06446053832769394,0.017174258828163147,0.39947789907455444,0.3844326138496399,-0.20233523845672607,0.9593602418899536,0.4149906039237976,0.44778937101364136,0.023016080260276794,0.03774092718958855,0.4217040538787842,0.4605776369571686,-0.19272634387016296,0.9065548181533813,0.41735345125198364,0.47136223316192627,0.02177959308028221,0.05145851895213127,0.42423099279403687,0.4812174141407013,-0.2135486900806427,0.8686829805374146,0.4237447679042816,0.4696348309516907,0.0063455114141106606,0.05219949036836624,0.4288848340511322,0.47974956035614014,-0.20879864692687988,0.8563435673713684,0.423203706741333,0.4607376158237457,0.01404147781431675,0.05321016535162926,0.42865514755249023,0.47244179248809814,-0.19013363122940063,0.7926570177078247,0.4120064377784729,0.45243462920188904,0.07118380069732666,0.9858367443084717,0.41471678018569946,0.4502849578857422,-0.07121729850769043,0.9898051023483276,0.4159816801548004,0.5623636841773987,0.11778547614812851,0.22353287041187286,0.41390976309776306,0.574535071849823,-0.026043692603707314,0.8578378558158875,0.411050945520401,0.6812640428543091,0.19210804998874664,0.3894875943660736,0.4123862683773041,0.69685298204422,0.04115966334939003,0.8913735747337341,0.40492120385169983,0.7034034729003906,0.19608792662620544,0.564927339553833,0.4060940742492676,0.7222158908843994,0.04437871277332306,0.8840715289115906,0.4391639232635498,0.6912609934806824,0.16268236935138702,0.6147724390029907,0.44553476572036743,0.7087545394897461,-0.00995918083935976,0.8889997005462646
154,turn,0.42154908180236816,0.22527262568473816,-0.08143854886293411,0.9518723487854004,0.4165046215057373,0.21334978938102722,-0.07263074815273285,0.9132679104804993,0.4156734049320221,0.2131083756685257,-0.0726390853524208,0.914071261882782,0.41465312242507935,0.2129317969083786,-0.07261209934949875,0.9281044006347656,0.4162464737892151,0.21408958733081818,-0.0962517112493515,0.9311708211898804,0.41533833742141724,0.21433891355991364,-0.09628116339445114,0.9376834034919739,0.4143020212650299,0.21462218463420868,-0.09636758267879486,0.9446750283241272,0.406726211309433,0.21960194408893585,-0.02593594789505005,0.838862419128418,0.40688037872314453,0.22065997123718262,-0.13210594654083252,0.9396037459373474,0.42014750838279724,0.23892727494239807,-0.06104232743382454,0.934413492679596,0.41931062936782837,0.2389160841703415,-0.09164681285619736,0.9617103934288025,0.3980724811553955,0.2871600091457367,0.04910558834671974,0.990494966506958,0.3979129493236542,0.2874212861061096,-0.17629310488700867,0.9997392892837524,0.40352949500083923,0.38022342324256897,0.06443272531032562,0.016767341643571854,0.3992227613925934,0.3844332695007324,-0.20315197110176086,0.9596165418624878,0.4149917960166931,0.44771161675453186,0.02283330261707306,0.03730045258998871,0.421355664730072,0.4606516659259796,-0.19345027208328247,0.9069520235061646,0.41748514771461487,0.4711122214794159,0.021455155685544014,0.05111519247293472,0.4239916205406189,0.48126599192619324,-0.21437504887580872,0.8690933585166931,0.42393985390663147,0.4695360064506531,0.0059721083380281925,0.05186064541339874,0.428678035736084,0.4797840118408203,-0.20987144112586975,0.856834888458252,0.42324715852737427,0.4607350528240204,0.013826549053192139,0.05289781093597412,0.4284321665763855,0.4724806845188141,-0.19096139073371887,0.7932423949241638,0.41200900077819824,0.4524596035480499,0.07141552120447159,0.9859619736671448,0.41468340158462524,0.45031899213790894,-0.07145310938358307,0.9898949265480042,0.4159242510795593,0.5623774528503418,0.12036140263080597,0.22393798828125,0.4138871133327484,0.5745337605476379,-0.02475457452237606,0.859322726726532,0.41104555130004883,0.6812156438827515,0.19750554859638214,0.39191684126853943,0.4124012589454651,0.6968459486961365,0.044883180409669876,0.893071711063385,0.4048401415348053,0.703404426574707,0.20176425576210022,0.5673750638961792,0.40607696771621704,0.7221984267234802,0.04835424944758415,0.8852099776268005,0.43922895193099976,0.6915050745010376,0.16795191168785095,0.6179584860801697,0.4455319344997406,0.7089704275131226,-0.006465180777013302,0.8906005024909973
155,turn,0.4215530455112457,0.22520558536052704,-0.08136607706546783,0.9522196054458618,0.41650694608688354,0.21329525113105774,-0.07257484644651413,0.9138487577438354,0.4156753122806549,0.21304939687252045,-0.07258319109678268,0.9146087169647217,0.41465505957603455,0.21286717057228088,-0.07255624234676361,0.9285330772399902,0.41625118255615234,0.21403135359287262,-0.09618796408176422,0.931662917137146,0.4153438210487366,0.2142713963985443,-0.09621746093034744,0.9380834698677063,0.4143075942993164,0.21454781293869019,-0.09630382061004639,0.9450588226318359,0.4067247807979584,0.2194819152355194,-0.02592873014509678,0.8397010564804077,0.40688395500183105,0.2205502837896347,-0.1320759356021881,0.9400779008865356,0.4201473593711853,0.2388046681880951,-0.06099360063672066,0.9349092841148376,0.4193142354488373,0.23882925510406494,-0.09158934652805328,0.9620269536972046,0.398028701543808,0.2871105670928955,0.04913343861699104,0.99053955078125,0.39786726236343384,0.2874099016189575,-0.17631039023399353,0.9997416734695435,0.40333986282348633,0.38023918867111206,0.06443242728710175,0.016375575214624405,0.39903372526168823,0.38443735241889954,-0.20308932662010193,0.9599524140357971,0.41482654213905334,0.44769617915153503,0.022673431783914566,0.03688898682594299,0.42107105255126953,0.46069756150245667,-0.19335107505321503,0.9074812531471252,0.41747546195983887,0.47104179859161377,0.021140504628419876,0.05077752470970154,0.4237021505832672,0.48132166266441345,-0.2142396867275238,0.8696547150611877,0.42393094301223755,0.4695371091365814,0.005716876592487097,0.051515981554985046,0.42841774225234985,0.4798303246498108,-0.2096887081861496,0.8575020432472229,0.42320436239242554,0.46073946356773376,0.01366327702999115,0.05256389081478119,0.42818737030029297,0.47254422307014465,-0.19083943963050842,0.7941457629203796,0.4119584560394287,0.4524635374546051,0.07151304185390472,0.9859745502471924,0.41457289457321167,0.45033973455429077,-0.07155095040798187,0.9899174571037292,0.41586217284202576,0.5623748302459717,0.1204032152891159,0.22439289093017578,0.4138151705265045,0.5745388269424438,-0.024610914289951324,0.8601472973823547,0.41104644536972046,0.6812153458595276,0.19689567387104034,0.39310985803604126,0.41240549087524414,0.696894645690918,0.04444437474012375,0.8936487436294556,0.4048345685005188,0.7034343481063843,0.20106153190135956,0.5685532689094543,0.4060797095298767,0.7222260236740112,0.04780851677060127,0.8856136798858643,0.4392612874507904,0.6916447281837463,0.1674526482820511,0.6195822954177856,0.4455203115940094,0.7091160416603088,-0.007004345301538706,0.8912028074264526
156,turn,0.42161113023757935,0.22519920766353607,-0.0814741775393486,0.9529540538787842,0.41656097769737244,0.21328575909137726,-0.0726746916770935,0.9150705337524414,0.4157256484031677,0.213036447763443,-0.0726829245686531,0.9157332181930542,0.4147041440010071,0.2128496617078781,-0.07265593111515045,0.9294597506523132,0.4163125157356262,0.214020773768425,-0.09630943834781647,0.9327410459518433,0.41540899872779846,0.21425534784793854,-0.09633885324001312,0.9390202164649963,0.4143694341182709,0.21452488005161285,-0.09642484784126282,0.9459134340286255,0.40674203634262085,0.21941791474819183,-0.026003703474998474,0.8415393829345703,0.406904935836792,0.22049260139465332,-0.1322742998600006,0.9410721063613892,0.4201616644859314,0.23874181509017944,-0.061106324195861816,0.9359291195869446,0.4193374216556549,0.23878136277198792,-0.09173779934644699,0.9626690745353699,0.3980182707309723,0.2870917320251465,0.04897481948137283,0.9906203150749207,0.39779549837112427,0.2874155342578888,-0.17642322182655334,0.999744713306427,0.4033358097076416,0.3802669048309326,0.06441588699817657,0.016079694032669067,0.39886265993118286,0.3844853341579437,-0.20311585068702698,0.9603956937789917,0.4147947430610657,0.4476930797100067,0.02249511517584324,0.036577146500349045,0.42082396149635315,0.46080899238586426,-0.19331493973731995,0.9082173109054565,0.4174770712852478,0.47103798389434814,0.020868860185146332,0.05054722726345062,0.42331939935684204,0.48148366808891296,-0.2141532599925995,0.8704871535301208,0.4239332675933838,0.4696500897407532,0.005456376355141401,0.051294296979904175,0.4281734526157379,0.47999289631843567,-0.2097182720899582,0.8585138320922852,0.4232054650783539,0.4608457386493683,0.013477492146193981,0.05236067250370979,0.4279959797859192,0.4727246165275574,-0.19084081053733826,0.7954192757606506,0.41190099716186523,0.4524086117744446,0.07153952866792679,0.9860533475875854,0.4144274592399597,0.45033523440361023,-0.07157772779464722,0.9899694323539734,0.41581010818481445,0.5623424649238586,0.12015531212091446,0.22544945776462555,0.41371893882751465,0.5744918584823608,-0.02465619519352913,0.8608525991439819,0.4110437333583832,0.6811509728431702,0.19609162211418152,0.39492976665496826,0.4124055802822113,0.6967951655387878,0.044010184705257416,0.8942079544067383,0.4048609137535095,0.7032665610313416,0.2001977264881134,0.5700147747993469,0.40609103441238403,0.7221840620040894,0.04732228070497513,0.8857910633087158,0.439253568649292,0.6916947960853577,0.1667163074016571,0.6215797066688538,0.4454127848148346,0.7091331481933594,-0.007364305201917887,0.8918366432189941
157,turn,0.42165231704711914,0.22519737482070923,-0.08130331337451935,0.9534467458724976,0.41660276055336,0.21328531205654144,-0.07246153056621552,0.9159424901008606,0.41576266288757324,0.21303492784500122,-0.07246989011764526,0.9164376854896545,0.41473883390426636,0.21284550428390503,-0.07244282960891724,0.9300637245178223,0.41636568307876587,0.21402017772197723,-0.09608034789562225,0.9334580302238464,0.41546630859375,0.21425338089466095,-0.09610926359891891,0.9395815134048462,0.41442617774009705,0.21451926231384277,-0.09619471430778503,0.9464793801307678,0.4067520201206207,0.21938201785087585,-0.025728782638907433,0.8425967693328857,0.40692687034606934,0.22046223282814026,-0.13196289539337158,0.9417828321456909,0.4201700687408447,0.23867154121398926,-0.060936521738767624,0.936660885810852,0.4193550646305084,0.23872223496437073,-0.09156070649623871,0.9631284475326538,0.3979314863681793,0.2870720624923706,0.048994503915309906,0.9907101392745972,0.3977542221546173,0.28741249442100525,-0.17609837651252747,0.999747633934021,0.4032728672027588,0.38027164340019226,0.06439147889614105,0.0157618410885334,0.3987649083137512,0.3844854235649109,-0.20273081958293915,0.9607152938842773,0.41461649537086487,0.44770440459251404,0.022072087973356247,0.036209478974342346,0.4205799102783203,0.46086370944976807,-0.19246093928813934,0.9084900617599487,0.41739383339881897,0.4711630642414093,0.020197533071041107,0.05022573843598366,0.4230000972747803,0.4817326068878174,-0.21313293278217316,0.8706727027893066,0.42389827966690063,0.4700806140899658,0.00491769053041935,0.050977323204278946,0.42795413732528687,0.4802156090736389,-0.20896074175834656,0.8588215112686157,0.4231816828250885,0.4611508250236511,0.013072798028588295,0.05204932391643524,0.42781901359558105,0.47291967272758484,-0.1900734156370163,0.7959134578704834,0.41190069913864136,0.4524074196815491,0.07153187692165375,0.9861339926719666,0.4144222140312195,0.4503600299358368,-0.07157023251056671,0.9900021553039551,0.4157131612300873,0.5623415112495422,0.11998721212148666,0.224603071808815,0.4136202335357666,0.5744702816009521,-0.02448912337422371,0.8595426678657532,0.41103023290634155,0.6811603307723999,0.19561384618282318,0.3939197361469269,0.41236844658851624,0.6967876553535461,0.044260792434215546,0.8929982781410217,0.40486249327659607,0.7032725214958191,0.19968903064727783,0.5693791508674622,0.4060906767845154,0.7221800684928894,0.047595880925655365,0.8846802711486816,0.4392569661140442,0.6918556690216064,0.16624519228935242,0.6209703087806702,0.44537821412086487,0.709136426448822,-0.006913577672094107,0.8909880518913269
158,turn,0.42171940207481384,0.2252623736858368,-0.08129201084375381,0.9543408751487732,0.41670361161231995,0.21334412693977356,-0.07246409356594086,0.9173353314399719,0.41585999727249146,0.2130775898694992,-0.07247209548950195,0.9176944494247437,0.41483473777770996,0.21287193894386292,-0.07244469970464706,0.9311079978942871,0.4164668023586273,0.21407583355903625,-0.09608428925275803,0.9347322583198547,0.4155651032924652,0.21429409086704254,-0.09611322730779648,0.9407145380973816,0.41451388597488403,0.21454308927059174,-0.09619844704866409,0.9475278258323669,0.40678268671035767,0.21938073635101318,-0.025732791051268578,0.8444356918334961,0.40695634484291077,0.22046108543872833,-0.13198520243167877,0.9429432153701782,0.4201924800872803,0.2386704981327057,-0.0609281063079834,0.937777578830719,0.4193781018257141,0.2387210577726364,-0.09155400842428207,0.9638593196868896,0.3979288339614868,0.2870636284351349,0.04899110645055771,0.9907893538475037,0.39771977066993713,0.28741222620010376,-0.17611028254032135,0.9997526407241821,0.40327396988868713,0.3802599310874939,0.0643935278058052,0.015553565695881844,0.3986545503139496,0.38448697328567505,-0.2027534693479538,0.9614008665084839,0.41461753845214844,0.44770434498786926,0.022039983421564102,0.03608505055308342,0.4205262064933777,0.46094921231269836,-0.1925654411315918,0.9097791314125061,0.41739511489868164,0.4713258147239685,0.020168008282780647,0.050194624811410904,0.42287173867225647,0.48198628425598145,-0.21323168277740479,0.8721594214439392,0.4238985478878021,0.4704229533672333,0.0048644645139575005,0.05095415934920311,0.4278596341609955,0.48043951392173767,-0.2091030329465866,0.860501229763031,0.42318400740623474,0.46136975288391113,0.013030687347054482,0.0520450659096241,0.42774534225463867,0.47311103343963623,-0.19018366932868958,0.7980602979660034,0.41188135743141174,0.4523158073425293,0.0715327188372612,0.98621666431427,0.41434016823768616,0.4503535330295563,-0.07157108187675476,0.9900683164596558,0.41567331552505493,0.5622382760047913,0.11993889510631561,0.22548255324363708,0.4135175347328186,0.5743359327316284,-0.024504510685801506,0.8599924445152283,0.41102415323257446,0.6810713410377502,0.19550377130508423,0.3951195478439331,0.41236844658851624,0.6967484951019287,0.044190846383571625,0.8931339383125305,0.40486374497413635,0.7032276391983032,0.19955648481845856,0.5703255534172058,0.40610042214393616,0.7221583724021912,0.04746779054403305,0.8845121264457703,0.4392031729221344,0.6918171644210815,0.16600655019283295,0.6224870085716248,0.4453432559967041,0.7091094255447388,-0.007322824560105801,0.8912642598152161
159,turn,0.42180848121643066,0.2254854440689087,-0.08133091032505035,0.9552168846130371,0.41686028242111206,0.2135217934846878,-0.07251312583684921,0.9186388254165649,0.41601428389549255,0.21322019398212433,-0.07252058386802673,0.9188809990882874,0.41498857736587524,0.21297243237495422,-0.07249263674020767,0.9321145415306091,0.416616827249527,0.21423867344856262,-0.09617801755666733,0.9359607100486755,0.41570955514907837,0.21442128717899323,-0.09620699286460876,0.9418413043022156,0.41464170813560486,0.21462509036064148,-0.09629228711128235,0.9485654830932617,0.406825453042984,0.21938303112983704,-0.02576616033911705,0.8462207913398743,0.40699586272239685,0.22046029567718506,-0.13229021430015564,0.9440863132476807,0.42021870613098145,0.23870423436164856,-0.06095839664340019,0.938910722732544,0.4194061756134033,0.23875518143177032,-0.0916418582201004,0.9645702242851257,0.39803293347358704,0.2870312035083771,0.048997823148965836,0.9908990263938904,0.3976706862449646,0.28744447231292725,-0.17654016613960266,0.9997579455375671,0.4033767282962799,0.3802490234375,0.06450383365154266,0.015374686568975449,0.3985165059566498,0.3844989240169525,-0.20331445336341858,0.9620048999786377,0.41475409269332886,0.44770321249961853,0.0220760740339756,0.03599408268928528,0.4205096662044525,0.4610028862953186,-0.1936974972486496,0.9110769629478455,0.4175369143486023,0.471444308757782,0.020259123295545578,0.05016513168811798,0.4228009283542633,0.4821721315383911,-0.2145402431488037,0.8737082481384277,0.4240419864654541,0.47064852714538574,0.004885982256382704,0.050937678664922714,0.427814245223999,0.48060449957847595,-0.21033255755901337,0.8622308373451233,0.4233058989048004,0.46158260107040405,0.013046957552433014,0.05204441025853157,0.4277215898036957,0.47325703501701355,-0.19128452241420746,0.8002081513404846,0.41188597679138184,0.4520915150642395,0.07157129049301147,0.9863051176071167,0.4142983555793762,0.4503042995929718,-0.07160992175340652,0.9901264309883118,0.4155791699886322,0.5622528791427612,0.11990654468536377,0.22626739740371704,0.4134436547756195,0.5742745399475098,-0.024818237870931625,0.8602874279022217,0.4110029339790344,0.6810818314552307,0.19547930359840393,0.3960796296596527,0.4123782217502594,0.696728527545929,0.04347991198301315,0.8932251334190369,0.4047987461090088,0.7032628059387207,0.19952170550823212,0.5713343620300293,0.4061025083065033,0.7221448421478271,0.04669330269098282,0.8845510482788086,0.43920865654945374,0.6919156908988953,0.16553178429603577,0.6237612366676331,0.44534334540367126,0.7091002464294434,-0.008653664961457253,0.8915026783943176
160,turn,0.42185506224632263,0.2255713939666748,-0.08147589862346649,0.9550979733467102,0.41695553064346313,0.21360793709754944,-0.07264498621225357,0.9184215068817139,0.41610878705978394,0.21328990161418915,-0.07265195995569229,0.9186416268348694,0.4150828719139099,0.21301913261413574,-0.07262328267097473,0.9318868517875671,0.4167110025882721,0.21431200206279755,-0.09637230634689331,0.9358376860618591,0.41580456495285034,0.21447674930095673,-0.09640142321586609,0.9417722225189209,0.41473132371902466,0.21465666592121124,-0.0964876115322113,0.948504626750946,0.40685898065567017,0.21938247978687286,-0.025821033865213394,0.8455281853675842,0.40705186128616333,0.2204524576663971,-0.13264015316963196,0.9440237283706665,0.42023521661758423,0.2387067824602127,-0.061068467795848846,0.9387046694755554,0.41942495107650757,0.23875729739665985,-0.09183751046657562,0.9644573330879211,0.3980211317539215,0.28700998425483704,0.049015507102012634,0.9909090399742126,0.3976757228374481,0.28744515776634216,-0.17713847756385803,0.999759316444397,0.40334552526474,0.3802412748336792,0.06449016183614731,0.015076778829097748,0.3984544575214386,0.38443613052368164,-0.2041943520307541,0.9620449542999268,0.41465163230895996,0.44794341921806335,0.022047214210033417,0.03562431409955025,0.4205241799354553,0.4610038697719574,-0.19507135450839996,0.9112516641616821,0.41748523712158203,0.4715791344642639,0.020260855555534363,0.04977456480264664,0.4228411316871643,0.4822049140930176,-0.21617057919502258,0.8738941550254822,0.42401638627052307,0.4708154499530792,0.0048659429885447025,0.05054498091340065,0.4278174936771393,0.48065677285194397,-0.21147768199443817,0.8624572157859802,0.42328086495399475,0.46171459555625916,0.013000105507671833,0.051641326397657394,0.42772188782691956,0.4732901155948639,-0.19249755144119263,0.8003854155540466,0.41188645362854004,0.4520214796066284,0.07162977010011673,0.9862890839576721,0.4142954349517822,0.45026862621307373,-0.07166808098554611,0.9900863170623779,0.4155457019805908,0.5622243285179138,0.11980926990509033,0.22594143450260162,0.4134121835231781,0.5739901661872864,-0.024908114224672318,0.8597204685211182,0.4109811782836914,0.6811259388923645,0.19520203769207,0.39557886123657227,0.4123755991458893,0.6967247724533081,0.043393123894929886,0.8926573395729065,0.4047640264034271,0.7033814191818237,0.19923356175422668,0.5715149641036987,0.40609222650527954,0.7221441268920898,0.04659416526556015,0.8843598961830139,0.4392346441745758,0.6922671794891357,0.1654210090637207,0.6236347556114197,0.44532841444015503,0.7091308236122131,-0.008754660375416279,0.8911626935005188
161,turn,0.421980619430542,0.22565330564975739,-0.08145318180322647,0.9546617269515991,0.4170909821987152,0.21365126967430115,-0.0726165920495987,0.91759192943573,0.4162367284297943,0.21332375705242157,-0.07262344658374786,0.9178106188774109,0.41520652174949646,0.21303831040859222,-0.07259444892406464,0.9311434030532837,0.41684260964393616,0.2143481969833374,-0.0963636040687561,0.9351979494094849,0.4159300923347473,0.21450290083885193,-0.09639283269643784,0.9412338137626648,0.41484537720680237,0.21466831862926483,-0.09647943079471588,0.948022723197937,0.406912624835968,0.21938014030456543,-0.02577831968665123,0.8439133167266846,0.40712299942970276,0.22043582797050476,-0.13262179493904114,0.9435415863990784,0.42032918334007263,0.23871000111103058,-0.06103988736867905,0.9380972981452942,0.41951531171798706,0.23876041173934937,-0.09183068573474884,0.9641031622886658,0.39802372455596924,0.2869988977909088,0.04917391017079353,0.9908977746963501,0.3977015018463135,0.28744417428970337,-0.17719876766204834,0.9997597932815552,0.403329461812973,0.38016679883003235,0.06454219669103622,0.014801979064941406,0.3983890414237976,0.3841986358165741,-0.2042643278837204,0.9619913697242737,0.41465312242507935,0.44794633984565735,0.022297218441963196,0.03522671386599541,0.42054519057273865,0.4609544575214386,-0.19500449299812317,0.9111533761024475,0.41748732328414917,0.4715643525123596,0.020707814022898674,0.04934151843190193,0.42286810278892517,0.48218879103660583,-0.21605148911476135,0.8737422823905945,0.4240165650844574,0.4708138406276703,0.005264603532850742,0.050108347088098526,0.42783069610595703,0.4806542694568634,-0.2113303393125534,0.8623386025428772,0.4232821464538574,0.46171748638153076,0.013252785429358482,0.051200252026319504,0.4277307093143463,0.473280131816864,-0.19241349399089813,0.8001803159713745,0.4118882715702057,0.45202916860580444,0.07166995108127594,0.9862880706787109,0.414295494556427,0.450268417596817,-0.07170809060335159,0.9900588989257812,0.4155425429344177,0.5622239708900452,0.119731605052948,0.22513893246650696,0.41338127851486206,0.5739955306053162,-0.024926088750362396,0.858835756778717,0.4109053611755371,0.681160032749176,0.19501683115959167,0.3950031101703644,0.4123575687408447,0.6967089176177979,0.0433042049407959,0.8919423222541809,0.4046890139579773,0.7034578323364258,0.19904185831546783,0.5715989470481873,0.40609031915664673,0.7221419215202332,0.04651663452386856,0.884133517742157,0.4392356276512146,0.6925424337387085,0.16529077291488647,0.6232117414474487,0.4453194737434387,0.7091327905654907,-0.008742695674300194,0.8907923698425293
162,turn,0.42207807302474976,0.22569309175014496,-0.08169279247522354,0.9548962116241455,0.4171927869319916,0.2136584371328354,-0.07284174859523773,0.9179455041885376,0.4163348078727722,0.21332795917987823,-0.0728486031293869,0.9181309938430786,0.415304958820343,0.2130393534898758,-0.07282011210918427,0.931409478187561,0.4169382154941559,0.21435341238975525,-0.09660198539495468,0.9355491995811462,0.4160214066505432,0.21450498700141907,-0.09663121402263641,0.9415785074234009,0.41493064165115356,0.21466828882694244,-0.0967174619436264,0.9483341574668884,0.40697842836380005,0.21935391426086426,-0.0259568952023983,0.8444575071334839,0.40719136595726013,0.22037369012832642,-0.13285741209983826,0.9439094066619873,0.42041468620300293,0.23870845139026642,-0.06126583740115166,0.9383915066719055,0.4195958077907562,0.2387598603963852,-0.0920754224061966,0.9643044471740723,0.39802998304367065,0.28696078062057495,0.049062829464673996,0.9909363985061646,0.3977021872997284,0.2874447703361511,-0.17737072706222534,0.9997614026069641,0.40334638953208923,0.38012927770614624,0.06453263759613037,0.014601490460336208,0.3983777165412903,0.38415688276290894,-0.20448088645935059,0.9620076417922974,0.41467875242233276,0.4479391872882843,0.022381246089935303,0.03495745733380318,0.4205811023712158,0.4609481394290924,-0.19538623094558716,0.9112282991409302,0.4175184667110443,0.471487432718277,0.020875925198197365,0.04910697415471077,0.4229600429534912,0.4821585714817047,-0.21641092002391815,0.8738755583763123,0.4240274429321289,0.4707576632499695,0.005383778363466263,0.04986582323908806,0.42783960700035095,0.4806426465511322,-0.21166113018989563,0.8625175952911377,0.423281192779541,0.46170514822006226,0.01333305798470974,0.05096147581934929,0.4277360439300537,0.4732617139816284,-0.19278576970100403,0.8002985715866089,0.4118873178958893,0.45196253061294556,0.07168757170438766,0.986254096031189,0.4142707288265228,0.4502144157886505,-0.07172556221485138,0.9900293350219727,0.4155319631099701,0.5622143745422363,0.11939647048711777,0.22492173314094543,0.4133458733558655,0.5739949345588684,-0.02534561976790428,0.8589740991592407,0.4107845723628998,0.6811553835868835,0.1942097395658493,0.3944600522518158,0.4123225212097168,0.6966722011566162,0.042280782014131546,0.8918470144271851,0.4046361446380615,0.7034345269203186,0.19817425310611725,0.5711337327957153,0.4060712456703186,0.7221402525901794,0.04545944929122925,0.8841718435287476,0.43924975395202637,0.692540168762207,0.16408154368400574,0.6226632595062256,0.44532161951065063,0.7090564966201782,-0.009839612059295177,0.8906729817390442
163,turn,0.4221870005130768,0.22580407559871674,-0.08166403323411942,0.9553459882736206,0.4173291325569153,0.21370838582515717,-0.0728207677602768,0.9187394976615906,0.41646990180015564,0.21337108314037323,-0.07282749563455582,0.9189662933349609,0.4154421389102936,0.21306876838207245,-0.07279901206493378,0.9320833683013916,0.4170626103878021,0.2143944352865219,-0.09658416360616684,0.9361776113510132,0.4161391258239746,0.21453610062599182,-0.09661339223384857,0.9422268867492676,0.41503944993019104,0.21468397974967957,-0.09669925272464752,0.9488803744316101,0.40704959630966187,0.2193528562784195,-0.025957170873880386,0.8460002541542053,0.4072820246219635,0.22035105526447296,-0.13284195959568024,0.9445548057556152,0.4205012321472168,0.23873057961463928,-0.06125684455037117,0.9389375448226929,0.41967707872390747,0.2387816160917282,-0.09207022935152054,0.9646393656730652,0.3980293869972229,0.28694602847099304,0.049063824117183685,0.9909834265708923,0.3977082073688507,0.28743359446525574,-0.1773512065410614,0.9997637271881104,0.40338531136512756,0.38011181354522705,0.06454997509717941,0.014427954331040382,0.39838236570358276,0.3841237425804138,-0.20443955063819885,0.9620794057846069,0.414679616689682,0.44798749685287476,0.022819826379418373,0.034714024513959885,0.4207612872123718,0.4609309434890747,-0.1954275667667389,0.9115104675292969,0.4175165295600891,0.47148948907852173,0.02158530429005623,0.04891519621014595,0.42323508858680725,0.48204943537712097,-0.21640808880329132,0.874295175075531,0.4240139126777649,0.47073763608932495,0.005985863506793976,0.049658920615911484,0.4279302954673767,0.4805101752281189,-0.21158309280872345,0.862968385219574,0.42326921224594116,0.4617096483707428,0.01377143431454897,0.050768859684467316,0.4277727007865906,0.47315728664398193,-0.19278207421302795,0.8007328510284424,0.41184550523757935,0.4518851041793823,0.07168933004140854,0.9862112402915955,0.4142005443572998,0.4501098096370697,-0.07172714173793793,0.9900093078613281,0.41550111770629883,0.5622335076332092,0.11683093011379242,0.22461755573749542,0.4133163094520569,0.5740320682525635,-0.02726125158369541,0.8593824505805969,0.4107077717781067,0.6812124252319336,0.18894056975841522,0.3934799134731293,0.41224774718284607,0.6966567039489746,0.03727667033672333,0.8917073607444763,0.40460914373397827,0.7034686803817749,0.1926213800907135,0.5701280832290649,0.4060336649417877,0.7221419215202332,0.04012742638587952,0.8841763138771057,0.43905124068260193,0.6925951242446899,0.15859615802764893,0.6215370297431946,0.4453028738498688,0.7090461254119873,-0.015026399865746498,0.8904147744178772
164,turn,0.4223105311393738,0.22595690190792084,-0.08104594051837921,0.9548308849334717,0.4175003468990326,0.2137802690267563,-0.07224659621715546,0.9177875518798828,0.4166390001773834,0.21343882381916046,-0.07225330919027328,0.9181756377220154,0.41561174392700195,0.21312081813812256,-0.07222434133291245,0.9313479661941528,0.41722139716148376,0.21445345878601074,-0.09599688649177551,0.9353066086769104,0.41629332304000854,0.21458503603935242,-0.0960264801979065,0.9415655136108398,0.41518789529800415,0.2147139459848404,-0.09611190855503082,0.948245108127594,0.407128244638443,0.219357430934906,-0.025695553049445152,0.8446362018585205,0.4073793888092041,0.22034628689289093,-0.13250865042209625,0.9438815712928772,0.4206008315086365,0.23878292739391327,-0.06077491119503975,0.938077449798584,0.419771283864975,0.23883332312107086,-0.09156228601932526,0.9641428589820862,0.3980085253715515,0.28695330023765564,0.04918560013175011,0.9909595847129822,0.39771872758865356,0.2874287962913513,-0.17710229754447937,0.9997637867927551,0.4033730626106262,0.38011327385902405,0.06454797089099884,0.014278055168688297,0.3983986973762512,0.3841376304626465,-0.2040373980998993,0.9618276357650757,0.4146176278591156,0.44796302914619446,0.023170342668890953,0.0345192514359951,0.4210304319858551,0.46090635657310486,-0.19501659274101257,0.9113762378692627,0.41732659935951233,0.4714886248111725,0.022097306326031685,0.04878554493188858,0.4235460162162781,0.48196613788604736,-0.21595719456672668,0.8743113279342651,0.42370766401290894,0.4706648886203766,0.006611615419387817,0.049507830291986465,0.42799830436706543,0.48047056794166565,-0.21084444224834442,0.8629660606384277,0.4230274558067322,0.4616408050060272,0.01419123262166977,0.050618745386600494,0.42779970169067383,0.47311580181121826,-0.1922614425420761,0.8005784749984741,0.4117308259010315,0.45215004682540894,0.07168662548065186,0.9861142635345459,0.41415953636169434,0.4503016173839569,-0.07172397524118423,0.9899433851242065,0.41528064012527466,0.5624280571937561,0.11645728349685669,0.22327956557273865,0.4132959246635437,0.5741373896598816,-0.027297550812363625,0.8593920469284058,0.41063371300697327,0.6813520193099976,0.18856830894947052,0.3921835124492645,0.4122239053249359,0.696654736995697,0.03743884712457657,0.8913041949272156,0.40457335114479065,0.7036667466163635,0.1922832876443863,0.5691321492195129,0.40600958466529846,0.7221425175666809,0.04034670814871788,0.8841813206672668,0.43889951705932617,0.6926004886627197,0.1587139070034027,0.6201574206352234,0.4453117847442627,0.7090460062026978,-0.01439077127724886,0.8899451494216919
165,turn,0.4223979115486145,0.22617095708847046,-0.07989387214183807,0.9546762704849243,0.41759294271469116,0.2138868123292923,-0.07125873863697052,0.9175447821617126,0.41672903299331665,0.21353532373905182,-0.07126467674970627,0.918001115322113,0.41569939255714417,0.21319666504859924,-0.07123532891273499,0.9312185645103455,0.4173067510128021,0.21455077826976776,-0.09504475444555283,0.935128390789032,0.4163743555545807,0.21466998755931854,-0.0950751081109047,0.9415436387062073,0.4152621328830719,0.2147773802280426,-0.09516026079654694,0.9482263326644897,0.4071623682975769,0.2193799912929535,-0.02529832161962986,0.8441400527954102,0.40742284059524536,0.22034992277622223,-0.132205531001091,0.9437599182128906,0.4206777513027191,0.2388770878314972,-0.059850890189409256,0.9375518560409546,0.4198431372642517,0.23893345892429352,-0.09067550301551819,0.9638532400131226,0.39802446961402893,0.2869530916213989,0.04940643534064293,0.9908991456031799,0.39772194623947144,0.2874516248703003,-0.1766863316297531,0.9997627139091492,0.4034688472747803,0.3799722492694855,0.06502215564250946,0.014099456369876862,0.3984375596046448,0.38413798809051514,-0.20335915684700012,0.9614540934562683,0.4146173894405365,0.44732606410980225,0.02497442066669464,0.0342298299074173,0.42126622796058655,0.4608890116214752,-0.19448743760585785,0.9113038182258606,0.4172693192958832,0.47107136249542236,0.024496419355273247,0.048553142696619034,0.4238710403442383,0.48185309767723083,-0.2152080237865448,0.8744936585426331,0.4234757423400879,0.4697284996509552,0.008915717713534832,0.04926130920648575,0.4280882775783539,0.4803745746612549,-0.20983226597309113,0.8631525635719299,0.42283639311790466,0.4608658254146576,0.016035888344049454,0.05039408802986145,0.42782658338546753,0.47303882241249084,-0.19160446524620056,0.8006054162979126,0.41165798902511597,0.45208221673965454,0.07159850746393204,0.9859570264816284,0.4140912592411041,0.4502587616443634,-0.07163263857364655,0.9898183345794678,0.4150189459323883,0.5624286532402039,0.1122836023569107,0.22166869044303894,0.41331154108047485,0.5738605260848999,-0.030361294746398926,0.8584223389625549,0.410522997379303,0.6813863515853882,0.18053536117076874,0.38992035388946533,0.4122067093849182,0.6965338587760925,0.0304536372423172,0.8899838328361511,0.4044961929321289,0.703803300857544,0.18384477496147156,0.5669423937797546,0.4059987962245941,0.7220503091812134,0.03296351432800293,0.8832454085350037,0.43864184617996216,0.692575991153717,0.15047812461853027,0.6171870827674866,0.4453263282775879,0.7090124487876892,-0.021089712157845497,0.8884750008583069
166,turn,0.42247694730758667,0.2263883650302887,-0.07958301156759262,0.9548571109771729,0.41769981384277344,0.21402940154075623,-0.07100401818752289,0.9178329110145569,0.4168318808078766,0.21366752684116364,-0.07100941240787506,0.9183305501937866,0.4158002436161041,0.2133052796125412,-0.07097940146923065,0.931514322757721,0.4174038767814636,0.2146759182214737,-0.09482474625110626,0.9354196190834045,0.4164632260799408,0.2147773951292038,-0.09485547244548798,0.9419265389442444,0.41534194350242615,0.21485719084739685,-0.09494059532880783,0.9485697746276855,0.40719524025917053,0.21940559148788452,-0.025190457701683044,0.844456672668457,0.40745458006858826,0.22035464644432068,-0.13219110667705536,0.9440049529075623,0.42072710394859314,0.23897375166416168,-0.059583880007267,0.9375284910202026,0.41988658905029297,0.23903687298297882,-0.09045431017875671,0.9638490676879883,0.3980747163295746,0.28695160150527954,0.04949156194925308,0.9908742308616638,0.39771804213523865,0.28749746084213257,-0.17664621770381927,0.9997625350952148,0.4035246968269348,0.379867821931839,0.06534995138645172,0.013937176205217838,0.39844921231269836,0.3841331899166107,-0.20321545004844666,0.9612556099891663,0.41461724042892456,0.4466317594051361,0.025613626465201378,0.03393223509192467,0.421330988407135,0.46083158254623413,-0.19434572756290436,0.9113428592681885,0.41721639037132263,0.4706612527370453,0.02521694265305996,0.048284124583005905,0.4241023063659668,0.48175048828125,-0.21499380469322205,0.8747211694717407,0.4232819974422455,0.4688180387020111,0.009597180411219597,0.04898438975214958,0.4281643331050873,0.48031386733055115,-0.2095658779144287,0.8633878231048584,0.42255741357803345,0.45914769172668457,0.016667045652866364,0.050137631595134735,0.42784303426742554,0.47297269105911255,-0.1914222538471222,0.8006986975669861,0.41164055466651917,0.451995849609375,0.07156962901353836,0.9858725666999817,0.4140438139438629,0.4501291811466217,-0.07160215079784393,0.9897466897964478,0.4148750305175781,0.5624420642852783,0.11125125735998154,0.22030240297317505,0.4133202135562897,0.5737608075141907,-0.03135649114847183,0.8576594591140747,0.4104054570198059,0.6814502477645874,0.17907702922821045,0.3888048827648163,0.41220372915267944,0.6965332627296448,0.029160847887396812,0.8892045617103577,0.4044014811515808,0.7040273547172546,0.18233278393745422,0.5660434365272522,0.4059981405735016,0.7220515608787537,0.031626828014850616,0.8827544450759888,0.4384858012199402,0.6925143003463745,0.14859314262866974,0.6157034635543823,0.4453313946723938,0.7088931798934937,-0.0226689912378788,0.8876627683639526
167,turn,0.4224937856197357,0.22642295062541962,-0.08022861927747726,0.9553524851799011,0.4177165925502777,0.21405626833438873,-0.0716385766863823,0.9185695648193359,0.4168511927127838,0.21369165182113647,-0.07164406776428223,0.9189533591270447,0.4158228933811188,0.21332484483718872,-0.07161451876163483,0.9320737719535828,0.41741615533828735,0.21470195055007935,-0.0955643281340599,0.9361763000488281,0.41647449135780334,0.21479907631874084,-0.09559522569179535,0.9426208734512329,0.4153509736061096,0.21487174928188324,-0.09568073600530624,0.9492293000221252,0.4072039723396301,0.21941295266151428,-0.02554730512201786,0.8452606201171875,0.40745824575424194,0.22035348415374756,-0.1330106258392334,0.9446782469749451,0.4207448363304138,0.23898831009864807,-0.0600895993411541,0.9380198121070862,0.4198984205722809,0.23906154930591583,-0.09109269082546234,0.9641644954681396,0.39838138222694397,0.28694576025009155,0.04940700903534889,0.9908716678619385,0.3975890874862671,0.2875550389289856,-0.17751070857048035,0.9997631311416626,0.40386685729026794,0.37975120544433594,0.06539450585842133,0.013849896378815174,0.39843517541885376,0.38411945104599,-0.20427361130714417,0.9615871906280518,0.4150005877017975,0.44621026515960693,0.025450650602579117,0.03383120894432068,0.42139655351638794,0.4608222544193268,-0.19550088047981262,0.9120875000953674,0.41771140694618225,0.47047457098960876,0.024970998987555504,0.04821453616023064,0.4242458939552307,0.48174574971199036,-0.21628157794475555,0.8756662607192993,0.4235468804836273,0.46851298213005066,0.009181702509522438,0.048927053809165955,0.428290456533432,0.48031336069107056,-0.21129067242145538,0.8644190430641174,0.42270907759666443,0.4590356945991516,0.01641741581261158,0.05012531951069832,0.4279418885707855,0.47296711802482605,-0.19273217022418976,0.8018898963928223,0.4116973280906677,0.4519394040107727,0.0716230645775795,0.9858417510986328,0.41399821639060974,0.4500596821308136,-0.07165554165840149,0.9896976351737976,0.4148772358894348,0.5624971985816956,0.11200094223022461,0.2195987105369568,0.4132203459739685,0.57374507188797,-0.031230464577674866,0.8576520681381226,0.4104129672050476,0.6815728545188904,0.18139640986919403,0.38819295167922974,0.4121854305267334,0.6965345144271851,0.03076627291738987,0.8891260027885437,0.40440186858177185,0.7043737769126892,0.1848330795764923,0.5658055543899536,0.4059383273124695,0.7220596075057983,0.03339938074350357,0.8824482560157776,0.438619464635849,0.6925258040428162,0.15081825852394104,0.6153154373168945,0.445331335067749,0.7088881731033325,-0.0215581227093935,0.8875249028205872
168,turn,0.42249593138694763,0.2264406681060791,-0.08023347705602646,0.9552817344665527,0.41771793365478516,0.2140822559595108,-0.07163850963115692,0.9183963537216187,0.41685256361961365,0.21371641755104065,-0.07164397835731506,0.9186014533042908,0.4158243238925934,0.21334652602672577,-0.07161447405815125,0.9318646192550659,0.4174175262451172,0.21472793817520142,-0.0955556109547615,0.9361340999603271,0.4164762496948242,0.2148245871067047,-0.09558644145727158,0.9425429701805115,0.41535288095474243,0.21489360928535461,-0.0956721156835556,0.9492616057395935,0.40720850229263306,0.21942821145057678,-0.02550930716097355,0.8443256616592407,0.407463014125824,0.22036071121692657,-0.13292351365089417,0.9446261525154114,0.42074790596961975,0.23899303376674652,-0.06008801981806755,0.9378768801689148,0.41990217566490173,0.23906883597373962,-0.09107941389083862,0.9640761613845825,0.3984115719795227,0.28694283962249756,0.049502525478601456,0.9908804893493652,0.39754733443260193,0.28756192326545715,-0.17748883366584778,0.9997638463973999,0.40401673316955566,0.37971508502960205,0.06564630568027496,0.013768306002020836,0.3984425961971283,0.38408729434013367,-0.2042401134967804,0.9615223407745361,0.4150973856449127,0.4462195038795471,0.025428012013435364,0.033728066831827164,0.421476274728775,0.46075910329818726,-0.19545647501945496,0.9120718836784363,0.4178634583950043,0.47046226263046265,0.024805564433336258,0.04811672121286392,0.42434221506118774,0.4817425608634949,-0.21622738242149353,0.8756768703460693,0.4237125813961029,0.46852824091911316,0.009051489643752575,0.048840176314115524,0.4284359812736511,0.48031774163246155,-0.21124383807182312,0.8644580245018005,0.4228268563747406,0.45907339453697205,0.016385605558753014,0.05006140470504761,0.42809343338012695,0.4729657471179962,-0.19272059202194214,0.8019005656242371,0.41172701120376587,0.4518553912639618,0.07165203988552094,0.9858289957046509,0.41398540139198303,0.4499225318431854,-0.07168503105640411,0.9896475672721863,0.41487330198287964,0.562543511390686,0.11245586723089218,0.21738462150096893,0.4132247865200043,0.5737366080284119,-0.031054139137268066,0.8555731177330017,0.41041383147239685,0.6816632747650146,0.18245598673820496,0.38585901260375977,0.4121834337711334,0.6965175867080688,0.031762804836034775,0.8874573707580566,0.4043867588043213,0.7045178413391113,0.18592959642410278,0.5642552375793457,0.40590912103652954,0.7220509052276611,0.03448713570833206,0.8811798691749573,0.43867307901382446,0.6925714015960693,0.15175345540046692,0.6128360033035278,0.4453307092189789,0.7089543342590332,-0.020438438281416893,0.8861010074615479
169,turn,0.4225093424320221,0.2264852523803711,-0.08063165843486786,0.9551446437835693,0.4177231192588806,0.2141110897064209,-0.072028249502182,0.9180976152420044,0.4168573319911957,0.2137458622455597,-0.07203339785337448,0.9181591868400574,0.4158284068107605,0.21337328851222992,-0.07200450450181961,0.9315308332443237,0.4174225926399231,0.21475224196910858,-0.09595548361539841,0.9360261559486389,0.4164811670780182,0.21484817564487457,-0.09598638862371445,0.9424421787261963,0.4153572916984558,0.2149125635623932,-0.09607312083244324,0.9492446184158325,0.40721121430397034,0.21944934129714966,-0.025770584121346474,0.8432901501655579,0.40746641159057617,0.22036656737327576,-0.13327553868293762,0.9446089863777161,0.4207572340965271,0.23902291059494019,-0.06042031571269035,0.9376239776611328,0.4199081063270569,0.2391025573015213,-0.09143601357936859,0.9639178514480591,0.3985556960105896,0.2869413495063782,0.049477942287921906,0.9908482432365417,0.3975081145763397,0.2875853180885315,-0.1779218316078186,0.9997642040252686,0.4046737551689148,0.3797033131122589,0.0657234862446785,0.013658805750310421,0.39844831824302673,0.3840865194797516,-0.2047034054994583,0.9614501595497131,0.4153363108634949,0.44629475474357605,0.02534724771976471,0.033537182956933975,0.4216105043888092,0.4606679677963257,-0.19570882618427277,0.912044882774353,0.41822418570518494,0.47047626972198486,0.02466646209359169,0.047899287194013596,0.4244641363620758,0.48173195123672485,-0.2164674550294876,0.8757645487785339,0.42405906319618225,0.4685770273208618,0.008923101238906384,0.04863004386425018,0.42862457036972046,0.48031121492385864,-0.2116241455078125,0.8645638823509216,0.4231449067592621,0.4591873288154602,0.0162986870855093,0.04990573227405548,0.4282919466495514,0.47295036911964417,-0.19301706552505493,0.8019620776176453,0.4119005799293518,0.4518328309059143,0.07173720747232437,0.9858003854751587,0.41399461030960083,0.4498353600502014,-0.07177048176527023,0.9896129369735718,0.414900004863739,0.5626022219657898,0.11274956166744232,0.21567173302173615,0.41321951150894165,0.5737370848655701,-0.031228002160787582,0.8549702167510986,0.41044679284095764,0.6817426681518555,0.18295742571353912,0.38413098454475403,0.4121719300746918,0.69657301902771,0.03178878501057625,0.8867520689964294,0.4043932855129242,0.7045990228652954,0.18643799424171448,0.5633082985877991,0.40587157011032104,0.7220625281333923,0.03452835977077484,0.8803073763847351,0.43880772590637207,0.692588210105896,0.15215595066547394,0.6113206148147583,0.4453297257423401,0.7090824246406555,-0.020672913640737534,0.8853557705879211
170,turn,0.4225214123725891,0.22655658423900604,-0.08116567134857178,0.9552221894264221,0.4177300035953522,0.21414591372013092,-0.07250258326530457,0.9183008670806885,0.4168635904788971,0.21378034353256226,-0.07250811159610748,0.9182479381561279,0.41583436727523804,0.2134045660495758,-0.07248075306415558,0.9316526055335999,0.4174301028251648,0.214783176779747,-0.09637442231178284,0.9362185597419739,0.41648808121681213,0.2148781269788742,-0.09640495479106903,0.9425588846206665,0.4153638482093811,0.2149382084608078,-0.0964917317032814,0.9494174718856812,0.4072243273258209,0.2194741815328598,-0.026064414530992508,0.8434064388275146,0.40747231245040894,0.22038353979587555,-0.1334121972322464,0.9448093175888062,0.4207603931427002,0.23905913531780243,-0.06089068576693535,0.9377262592315674,0.41991081833839417,0.23914474248886108,-0.09184430539608002,0.963934600353241,0.3987415134906769,0.2869390845298767,0.04931677132844925,0.9908506870269775,0.3974810838699341,0.2876131534576416,-0.17805823683738708,0.9997643232345581,0.40498191118240356,0.37969541549682617,0.06571906059980392,0.013605981133878231,0.3984488248825073,0.3840845823287964,-0.20499496161937714,0.961357831954956,0.41539984941482544,0.4464479684829712,0.02530401386320591,0.033415380865335464,0.42175477743148804,0.46045151352882385,-0.19583900272846222,0.911675214767456,0.41836729645729065,0.47049424052238464,0.02462194301187992,0.04776613786816597,0.424655020236969,0.481664776802063,-0.2165888547897339,0.8753571510314941,0.42429599165916443,0.4686387777328491,0.008807936683297157,0.04850773513317108,0.4289141595363617,0.48026198148727417,-0.21185806393623352,0.8641499280929565,0.4233205318450928,0.4593113362789154,0.01622689515352249,0.049835335463285446,0.42858344316482544,0.47289222478866577,-0.19319051504135132,0.8013924360275269,0.411980539560318,0.4517502784729004,0.07179247587919235,0.9857887029647827,0.41398710012435913,0.44976162910461426,-0.07182575762271881,0.9896009564399719,0.41495633125305176,0.562589704990387,0.1128620132803917,0.2138863205909729,0.4132170081138611,0.5737300515174866,-0.031172579154372215,0.8545334935188293,0.4104793071746826,0.6817302107810974,0.1833631545305252,0.3820488154888153,0.4121689200401306,0.6965717077255249,0.03210053965449333,0.886152446269989,0.4044150412082672,0.7045868039131165,0.18687136471271515,0.561758816242218,0.40586990118026733,0.7220633029937744,0.034864068031311035,0.8795265555381775,0.43886512517929077,0.6925592422485352,0.15260013937950134,0.6093928217887878,0.44532936811447144,0.7090889811515808,-0.02046271599829197,0.8846861124038696
171,turn,0.4225301146507263,0.22662758827209473,-0.0810420885682106,0.9552041292190552,0.4177340865135193,0.2141871154308319,-0.07235259562730789,0.9183405041694641,0.41686683893203735,0.2138195037841797,-0.07235804945230484,0.9181365966796875,0.4158371090888977,0.21343807876110077,-0.07233104854822159,0.9316375851631165,0.41743534803390503,0.21482647955417633,-0.09620899707078934,0.9362611174583435,0.41649341583251953,0.21492306888103485,-0.09623945504426956,0.9425277709960938,0.41536980867385864,0.21497946977615356,-0.0963265523314476,0.949490487575531,0.40723133087158203,0.21949586272239685,-0.02584896981716156,0.8430480360984802,0.4074757695198059,0.22040368616580963,-0.13314607739448547,0.9448774456977844,0.42076319456100464,0.23911012709140778,-0.06075670197606087,0.9376779198646545,0.41991424560546875,0.2392057180404663,-0.09169647097587585,0.9638789892196655,0.3988926112651825,0.2869296073913574,0.04957136884331703,0.9908483028411865,0.3974553346633911,0.28762534260749817,-0.17795072495937347,0.9997643232345581,0.4051193296909332,0.37967050075531006,0.06627228111028671,0.013570450246334076,0.39843207597732544,0.3840767741203308,-0.20495617389678955,0.9612130522727966,0.415489137172699,0.4464564025402069,0.026041746139526367,0.03333381190896034,0.4217875599861145,0.460308700799942,-0.1954692155122757,0.9112768769264221,0.41850337386131287,0.47049885988235474,0.025404442101716995,0.047672465443611145,0.4247111678123474,0.48165008425712585,-0.2161228209733963,0.8749068379402161,0.42448434233665466,0.46868783235549927,0.009562643244862556,0.04842529073357582,0.42905744910240173,0.48025766015052795,-0.21152620017528534,0.8636937141418457,0.4234773516654968,0.4593561887741089,0.01694897748529911,0.049810200929641724,0.4287315011024475,0.47288089990615845,-0.19286179542541504,0.8008154630661011,0.41206246614456177,0.4517501890659332,0.07182265818119049,0.9857383370399475,0.41399845480918884,0.4497658312320709,-0.0718558058142662,0.9895395636558533,0.41495752334594727,0.5626855492591858,0.1129942387342453,0.21202626824378967,0.41320934891700745,0.5738159418106079,-0.03158668801188469,0.8536863327026367,0.41049519181251526,0.6821229457855225,0.1829700917005539,0.37978994846343994,0.4121682643890381,0.6966259479522705,0.0314127579331398,0.8850922584533691,0.4044325351715088,0.7048119306564331,0.18636342883110046,0.5598463416099548,0.405894935131073,0.7220844626426697,0.03413506597280502,0.8784167766571045,0.43890824913978577,0.6925856471061707,0.15187816321849823,0.6068939566612244,0.44533300399780273,0.7090786695480347,-0.021255549043416977,0.8835995197296143
172,turn,0.42254024744033813,0.22666305303573608,-0.0808355063199997,0.9548261761665344,0.41773635149002075,0.21419751644134521,-0.07213104516267776,0.9176838397979736,0.4168683886528015,0.2138310968875885,-0.07213656604290009,0.9172918796539307,0.4158388674259186,0.21344967186450958,-0.07210998237133026,0.9309756755828857,0.417438268661499,0.21483656764030457,-0.09596867859363556,0.9358378052711487,0.4164953827857971,0.2149341106414795,-0.09599915146827698,0.9420998692512512,0.4153718054294586,0.21498917043209076,-0.09608715772628784,0.9492067098617554,0.40723592042922974,0.21950925886631012,-0.025584209710359573,0.8413950204849243,0.40747934579849243,0.2204074263572693,-0.13281497359275818,0.9445947408676147,0.42076635360717773,0.2391519546508789,-0.06053938716650009,0.9372512102127075,0.4199168086051941,0.23925167322158813,-0.09145912528038025,0.9635798931121826,0.39922991394996643,0.28692299127578735,0.05003127455711365,0.9908042550086975,0.397349089384079,0.28762462735176086,-0.1778527796268463,0.9997642040252686,0.4055541455745697,0.37952572107315063,0.0672854334115982,0.013486271724104881,0.39840319752693176,0.38404154777526855,-0.20493730902671814,0.96115642786026,0.4158174395561218,0.44630762934684753,0.026990320533514023,0.03318529203534126,0.42180126905441284,0.46011412143707275,-0.19538430869579315,0.9111843109130859,0.4192929267883301,0.470425546169281,0.026413923129439354,0.04751357063651085,0.4247371554374695,0.48161256313323975,-0.21599140763282776,0.8748869299888611,0.42484569549560547,0.4686940014362335,0.01051839254796505,0.04827979579567909,0.42915382981300354,0.480215460062027,-0.211466982960701,0.8636993765830994,0.4237918257713318,0.4593896269798279,0.01786898262798786,0.04972817376255989,0.42885079979896545,0.47283366322517395,-0.19279791414737701,0.8008074760437012,0.4122586250305176,0.4517442584037781,0.07194405049085617,0.9857267737388611,0.4140039384365082,0.4497618079185486,-0.0719776526093483,0.9895142912864685,0.41501832008361816,0.5627240538597107,0.11309920251369476,0.2100902944803238,0.4132094979286194,0.5738309025764465,-0.031992826610803604,0.8533545136451721,0.41050630807876587,0.6823771595954895,0.1827530413866043,0.3779471516609192,0.4121847152709961,0.6966996788978577,0.030849358066916466,0.8847735524177551,0.40442758798599243,0.7051935791969299,0.18609000742435455,0.5587365627288818,0.40590137243270874,0.722105085849762,0.033565957099199295,0.8779737949371338,0.43892019987106323,0.6927944421768188,0.15145152807235718,0.6050935387611389,0.44534024596214294,0.7091003656387329,-0.02192453294992447,0.8832518458366394
173,turn,0.42259469628334045,0.22668969631195068,-0.08053041994571686,0.955057680606842,0.4177967607975006,0.21422050893306732,-0.07178721576929092,0.9182208180427551,0.4169255197048187,0.21385934948921204,-0.07179302722215652,0.9176614284515381,0.4158974587917328,0.21347855031490326,-0.07176713645458221,0.9313709735870361,0.4175041615962982,0.21485385298728943,-0.09565550833940506,0.9363366961479187,0.41656047105789185,0.21495270729064941,-0.09568585455417633,0.9425191879272461,0.415438711643219,0.21500571072101593,-0.09577346593141556,0.9496728181838989,0.4073164463043213,0.21953298151493073,-0.025198858231306076,0.8420229554176331,0.40753811597824097,0.22041279077529907,-0.13256530463695526,0.9451338052749634,0.4208250045776367,0.23916424810886383,-0.06023046374320984,0.937639594078064,0.41997307538986206,0.23926395177841187,-0.09118470549583435,0.9637985229492188,0.3996318578720093,0.2869025468826294,0.05047391727566719,0.990821361541748,0.397316038608551,0.28761526942253113,-0.1777612715959549,0.9997648000717163,0.40582045912742615,0.3794553577899933,0.0681527629494667,0.013413632288575172,0.3983555734157562,0.38403964042663574,-0.20490118861198425,0.9612408876419067,0.4159875810146332,0.44616344571113586,0.02767382562160492,0.032942671328783035,0.4218047261238098,0.4599981904029846,-0.19527612626552582,0.9110498428344727,0.4196570813655853,0.4703291952610016,0.02709384262561798,0.047246500849723816,0.424748033285141,0.4815830588340759,-0.21580922603607178,0.8747423887252808,0.4250739514827728,0.4687064588069916,0.011207650415599346,0.048015303909778595,0.42922744154930115,0.4801872670650482,-0.2113914042711258,0.8635361194610596,0.4240110516548157,0.45941415429115295,0.018544159829616547,0.04953683540225029,0.4289390444755554,0.4728080630302429,-0.1927153766155243,0.8005461692810059,0.41231733560562134,0.45167359709739685,0.07202465087175369,0.985733687877655,0.4140048623085022,0.4496571719646454,-0.0720573216676712,0.9894891381263733,0.4150785803794861,0.5627162456512451,0.11209908872842789,0.20755629241466522,0.41328614950180054,0.5737828016281128,-0.03350501507520676,0.8530160188674927,0.41050687432289124,0.6826115250587463,0.17927151918411255,0.37475600838661194,0.4121922552585602,0.6967256665229797,0.02742416225373745,0.8842727541923523,0.4043925702571869,0.705504834651947,0.18231680989265442,0.5560954213142395,0.40590032935142517,0.7221071720123291,0.029909539967775345,0.8773878216743469,0.4389224946498871,0.692830502986908,0.14747121930122375,0.6019418239593506,0.44535040855407715,0.7090831398963928,-0.025792842730879784,0.8826140761375427
174,turn,0.4226756989955902,0.22687943279743195,-0.08050189912319183,0.955005943775177,0.4179064631462097,0.21435794234275818,-0.07174183428287506,0.9182708263397217,0.41702550649642944,0.2140013575553894,-0.07174758613109589,0.9176473617553711,0.4159920811653137,0.21361355483531952,-0.07172157615423203,0.9314228296279907,0.4176207482814789,0.2149742692708969,-0.0956306904554367,0.9364101886749268,0.41667160391807556,0.21506771445274353,-0.09566111862659454,0.9425692558288574,0.415548175573349,0.2151077538728714,-0.09574870020151138,0.949750542640686,0.4073905348777771,0.21961148083209991,-0.0251237154006958,0.8419891595840454,0.40761470794677734,0.22045224905014038,-0.13256195187568665,0.94517982006073,0.4208828806877136,0.2392851561307907,-0.06019440293312073,0.937598705291748,0.42003488540649414,0.2393665313720703,-0.09117095172405243,0.9637619853019714,0.39962372183799744,0.28690004348754883,0.050566233694553375,0.9908246994018555,0.3973199427127838,0.28761640191078186,-0.17774920165538788,0.9997643828392029,0.4057988226413727,0.3794518709182739,0.06815899908542633,0.013346168212592602,0.39837557077407837,0.3840574026107788,-0.20486752688884735,0.9609638452529907,0.4159771800041199,0.44615638256073,0.027825841680169106,0.03267872706055641,0.4218519330024719,0.459880530834198,-0.1951904594898224,0.910264790058136,0.41962510347366333,0.47025296092033386,0.027247991412878036,0.04692838713526726,0.42482107877731323,0.4815594255924225,-0.21568039059638977,0.8738653659820557,0.42506861686706543,0.46871820092201233,0.01143796369433403,0.047693658620119095,0.42933622002601624,0.48017123341560364,-0.2113262414932251,0.8626133799552917,0.42400938272476196,0.45944076776504517,0.018723977729678154,0.049246810376644135,0.42905372381210327,0.47278642654418945,-0.1926494538784027,0.7993268966674805,0.4122774004936218,0.45168784260749817,0.07213610410690308,0.9856802821159363,0.4140104353427887,0.4496593475341797,-0.07216822355985641,0.9894294738769531,0.41512331366539,0.5627205967903137,0.1122162938117981,0.20599395036697388,0.4133422374725342,0.5738018751144409,-0.03336360305547714,0.8525376319885254,0.4105074405670166,0.6826125383377075,0.18003861606121063,0.37238195538520813,0.4121914505958557,0.6967270970344543,0.028057202696800232,0.8838027715682983,0.4043746590614319,0.7055037021636963,0.18319931626319885,0.5540065169334412,0.4058912694454193,0.7221059203147888,0.030606474727392197,0.8771500587463379,0.4389163851737976,0.6926555037498474,0.14849862456321716,0.5994531512260437,0.44535964727401733,0.7090340256690979,-0.02499508485198021,0.8820875287055969
175,turn,0.42277899384498596,0.22741292417049408,-0.08056653290987015,0.9550352692604065,0.41808587312698364,0.21477821469306946,-0.07180681824684143,0.9183867573738098,0.41718530654907227,0.2144242227077484,-0.07181229442358017,0.9177440404891968,0.4161350727081299,0.2140180617570877,-0.07178575545549393,0.931521475315094,0.4178166389465332,0.2153353989124298,-0.09569399058818817,0.9365255236625671,0.4168582856655121,0.2153979241847992,-0.09572435170412064,0.9426729679107666,0.4157314896583557,0.2153979241847992,-0.0958116203546524,0.9498137831687927,0.4074781835079193,0.21981453895568848,-0.025225218385457993,0.8421556949615479,0.4077371656894684,0.22058884799480438,-0.13266517221927643,0.9451161623001099,0.42093902826309204,0.23960907757282257,-0.06026975065469742,0.937608003616333,0.4200994074344635,0.23963597416877747,-0.0912460908293724,0.9637613296508789,0.39949604868888855,0.2869153916835785,0.050234079360961914,0.9908329248428345,0.39736756682395935,0.2876165807247162,-0.17774167656898499,0.9997636675834656,0.4053741991519928,0.3794911205768585,0.06757363677024841,0.013231270015239716,0.39849165081977844,0.38408714532852173,-0.20484638214111328,0.9605729579925537,0.4158633351325989,0.4462655782699585,0.027647513896226883,0.03229266405105591,0.4219546318054199,0.4598596692085266,-0.19508779048919678,0.9093627333641052,0.4193100333213806,0.47061529755592346,0.02712315320968628,0.046455588191747665,0.4249848425388336,0.4815547466278076,-0.2155192345380783,0.8728607892990112,0.42503389716148376,0.4692848324775696,0.011414235457777977,0.04721037298440933,0.429503858089447,0.4801848232746124,-0.21110188961029053,0.8615514636039734,0.4239705204963684,0.45961639285087585,0.018610840663313866,0.04875962808728218,0.42918577790260315,0.47278884053230286,-0.19252081215381622,0.7978283166885376,0.4122352600097656,0.45172664523124695,0.07213722169399261,0.985740065574646,0.41408848762512207,0.4496709108352661,-0.07216938585042953,0.989460825920105,0.41523638367652893,0.5627142786979675,0.11228974908590317,0.20522385835647583,0.4135064482688904,0.5737530589103699,-0.03328967094421387,0.8519461154937744,0.41050371527671814,0.682584822177887,0.18039992451667786,0.37183988094329834,0.4121779799461365,0.6966508030891418,0.0281706303358078,0.8838870525360107,0.40435028076171875,0.7054982781410217,0.1836116462945938,0.5534600615501404,0.4058806896209717,0.7220847010612488,0.03073672018945217,0.8773918747901917,0.4388636648654938,0.6926594376564026,0.14898380637168884,0.5989243388175964,0.44535985589027405,0.7090412378311157,-0.02476068213582039,0.8822686076164246
176,turn,0.422842413187027,0.22774390876293182,-0.08102791011333466,0.9550266861915588,0.41816115379333496,0.21501018106937408,-0.07225831598043442,0.9183411598205566,0.4172532558441162,0.21465282142162323,-0.0722634568810463,0.9176818132400513,0.41619643568992615,0.21423089504241943,-0.07223609834909439,0.9314465522766113,0.4179020822048187,0.2155439555644989,-0.09619837254285812,0.9366179704666138,0.41694116592407227,0.2155911773443222,-0.09622897952795029,0.9427822232246399,0.41581296920776367,0.21557089686393738,-0.09631647914648056,0.949869692325592,0.40754586458206177,0.21992942690849304,-0.025620128959417343,0.8418649435043335,0.40781956911087036,0.22068816423416138,-0.1333184838294983,0.945060133934021,0.4209955632686615,0.23976896703243256,-0.06069003790616989,0.9375011324882507,0.42015719413757324,0.2397821694612503,-0.0917411595582962,0.9637163281440735,0.3994930684566498,0.2869141399860382,0.04980025440454483,0.9907861351966858,0.3973867893218994,0.28761693835258484,-0.17814746499061584,0.9997623562812805,0.4054099917411804,0.3794898986816406,0.06728410720825195,0.013165805488824844,0.3985533118247986,0.3841240704059601,-0.2052401751279831,0.9604701399803162,0.41586408019065857,0.44629114866256714,0.02729838714003563,0.03201675042510033,0.4220358431339264,0.4598386883735657,-0.19548261165618896,0.9090852737426758,0.4193013608455658,0.4707920551300049,0.0267736054956913,0.046118270605802536,0.425091415643692,0.48155665397644043,-0.21595902740955353,0.8725985288619995,0.4250332713127136,0.46965324878692627,0.01105670165270567,0.04687526449561119,0.42960113286972046,0.48022279143333435,-0.21152432262897491,0.8612833619117737,0.42397409677505493,0.4597615897655487,0.01826632209122181,0.048436712473630905,0.42926710844039917,0.4727955758571625,-0.19290240108966827,0.7972761988639832,0.41222554445266724,0.4517197906970978,0.07219906151294708,0.9857236742973328,0.41413941979408264,0.4496515989303589,-0.07223254442214966,0.9894522428512573,0.41532906889915466,0.5626882910728455,0.11255393177270889,0.2053055316209793,0.4136105477809906,0.5735986232757568,-0.033215053379535675,0.8525809645652771,0.41051769256591797,0.6825808882713318,0.18148423731327057,0.37247511744499207,0.4121706485748291,0.6966386437416077,0.02826220728456974,0.884996771812439,0.40435537695884705,0.7054887413978577,0.18479442596435547,0.5539766550064087,0.40587249398231506,0.7220834493637085,0.03083803877234459,0.8781620860099792,0.4388634264469147,0.6928348541259766,0.14996053278446198,0.5998415946960449,0.4453513026237488,0.7092040777206421,-0.024508733302354813,0.8832368850708008
177,turn,0.42289742827415466,0.2279563695192337,-0.08128218352794647,0.955173909664154,0.41822248697280884,0.21516098082065582,-0.07252917438745499,0.9185807704925537,0.4173107147216797,0.21479886770248413,-0.07253438234329224,0.9178429841995239,0.4162517189979553,0.21436458826065063,-0.07250683009624481,0.9315831661224365,0.4179721474647522,0.21568217873573303,-0.09645829349756241,0.9369498491287231,0.4170096516609192,0.21571797132492065,-0.09648910909891129,0.9430812001228333,0.41587963700294495,0.2156837433576584,-0.09657638520002365,0.9501407742500305,0.4075953960418701,0.2199907749891281,-0.025906557217240334,0.8419361710548401,0.40787214040756226,0.22073815762996674,-0.13355723023414612,0.9452775120735168,0.4210386872291565,0.23985379934310913,-0.06094535067677498,0.9376809597015381,0.4202044606208801,0.23986274003982544,-0.09198442846536636,0.9638397097587585,0.39950138330459595,0.2869051694869995,0.04936717450618744,0.9907571077346802,0.3973926901817322,0.28761714696884155,-0.17823466658592224,0.9997618198394775,0.4054949879646301,0.3794240653514862,0.06692536175251007,0.013119751587510109,0.3985782265663147,0.3841368854045868,-0.20527832210063934,0.9605291485786438,0.41587337851524353,0.4461610019207001,0.026564905419945717,0.03179139271378517,0.4220649302005768,0.4598197638988495,-0.19550737738609314,0.9090626835823059,0.4192902445793152,0.4706980884075165,0.025877725332975388,0.04583944380283356,0.42511439323425293,0.48155733942985535,-0.21598772704601288,0.8725693821907043,0.42503276467323303,0.4695989787578583,0.010191182605922222,0.046605806797742844,0.4296290874481201,0.4802379310131073,-0.21158137917518616,0.8613054156303406,0.42398396134376526,0.4597776532173157,0.017532220110297203,0.04817371070384979,0.42930546402931213,0.4727954566478729,-0.19293668866157532,0.7971723079681396,0.4122399389743805,0.45166125893592834,0.07219962775707245,0.9857216477394104,0.4142100214958191,0.4496297538280487,-0.07223320752382278,0.989449143409729,0.41540414094924927,0.5626315474510193,0.11258865892887115,0.2051607370376587,0.4136106073856354,0.5734519362449646,-0.03301093727350235,0.8524541258811951,0.4105740487575531,0.6824706792831421,0.18184223771095276,0.3726959228515625,0.4121699929237366,0.6964470744132996,0.029235508292913437,0.8852301836013794,0.40444856882095337,0.7054135799407959,0.18519096076488495,0.5541658401489258,0.4058763086795807,0.7219525575637817,0.03189767152070999,0.8781144022941589,0.4388717710971832,0.6929332613945007,0.15027578175067902,0.600310206413269,0.4453504979610443,0.7092182040214539,-0.023449281230568886,0.8835487365722656
178,turn,0.42292672395706177,0.2280421406030655,-0.08118784427642822,0.954891562461853,0.4182417392730713,0.21521267294883728,-0.07243300974369049,0.918239951133728,0.4173296093940735,0.2148500233888626,-0.07243841886520386,0.9175644516944885,0.416271448135376,0.21441324055194855,-0.07241121679544449,0.9313095808029175,0.41799798607826233,0.21573291718959808,-0.0963468849658966,0.9366489052772522,0.41703906655311584,0.21576817333698273,-0.09637763351202011,0.9428520202636719,0.41591301560401917,0.21573267877101898,-0.0964645966887474,0.9498989582061768,0.40765732526779175,0.22003284096717834,-0.025853285565972328,0.8414357304573059,0.40793901681900024,0.2207791656255722,-0.13343030214309692,0.9449977874755859,0.4210700988769531,0.23988787829875946,-0.06086747720837593,0.9372568726539612,0.42024341225624084,0.23989711701869965,-0.09188644587993622,0.9635919332504272,0.39949822425842285,0.2868987023830414,0.04936986416578293,0.9906855225563049,0.3974759578704834,0.2876088321208954,-0.17801371216773987,0.999759316444397,0.4054934084415436,0.37940526008605957,0.0668935552239418,0.01304223295301199,0.3985840678215027,0.38413721323013306,-0.2049487829208374,0.9604495167732239,0.41587215662002563,0.4460420310497284,0.02654663287103176,0.031529273837804794,0.4221239984035492,0.45979809761047363,-0.19510264694690704,0.9086796045303345,0.41927894949913025,0.47051721811294556,0.025868257507681847,0.04553288221359253,0.42520633339881897,0.4815552532672882,-0.2155134677886963,0.8721197843551636,0.4250306487083435,0.46941205859184265,0.010167776606976986,0.04629416763782501,0.42969584465026855,0.4802378714084625,-0.21098466217517853,0.8608278036117554,0.42398977279663086,0.45974332094192505,0.017523143440485,0.04786606878042221,0.4293803572654724,0.4727940559387207,-0.192485973238945,0.7964449524879456,0.4122107923030853,0.45166388154029846,0.07220044732093811,0.9855585694313049,0.41426175832748413,0.44963231682777405,-0.07223401218652725,0.9893439412117004,0.4154278635978699,0.5626310110092163,0.11255352199077606,0.20471231639385223,0.41370072960853577,0.573368489742279,-0.03288615494966507,0.852886438369751,0.4106077253818512,0.6824392676353455,0.18180420994758606,0.37212035059928894,0.41216954588890076,0.69638991355896,0.029467850923538208,0.8856273293495178,0.4045104384422302,0.7053167819976807,0.18514838814735413,0.5534448027610779,0.40587925910949707,0.7218535542488098,0.03213522955775261,0.8782434463500977,0.43889832496643066,0.6929377913475037,0.15037693083286285,0.5996816158294678,0.44535040855407715,0.7092210650444031,-0.023162290453910828,0.8836928009986877
179,turn,0.42297038435935974,0.22814001142978668,-0.08138741552829742,0.9549736380577087,0.4182716906070709,0.21528072655200958,-0.07263952493667603,0.9183456301689148,0.4173569679260254,0.21491491794586182,-0.07264495640993118,0.9176601767539978,0.4162980616092682,0.21447238326072693,-0.0726180151104927,0.9313614368438721,0.4180372357368469,0.2157977819442749,-0.09649495035409927,0.9368323087692261,0.41708117723464966,0.21582990884780884,-0.09652568399906158,0.9430091977119446,0.41595983505249023,0.2157898098230362,-0.09661179035902023,0.9500253796577454,0.4077228903770447,0.22006838023662567,-0.026102399453520775,0.8417479991912842,0.4080023765563965,0.22081655263900757,-0.13344718515872955,0.9451538324356079,0.4211357533931732,0.23990896344184875,-0.06107383221387863,0.937351644039154,0.42031773924827576,0.23991970717906952,-0.09201320260763168,0.9636957049369812,0.39951562881469727,0.2868463099002838,0.04883936420083046,0.9906651973724365,0.3975314497947693,0.2875865399837494,-0.17795361578464508,0.9997591376304626,0.405534029006958,0.3793632388114929,0.06616196036338806,0.012993697077035904,0.39858514070510864,0.3841336667537689,-0.20471802353858948,0.9605422616004944,0.41590577363967896,0.44591063261032104,0.025867486372590065,0.031302310526371,0.42214328050613403,0.45977792143821716,-0.19455207884311676,0.9086149334907532,0.41927433013916016,0.4702911078929901,0.02508494257926941,0.045295968651771545,0.4252486228942871,0.4815509021282196,-0.21479368209838867,0.8720532059669495,0.4250362813472748,0.46926721930503845,0.009561065584421158,0.04604639485478401,0.42972463369369507,0.4802424907684326,-0.21041658520698547,0.8607824444770813,0.42400509119033813,0.45971888303756714,0.016920994967222214,0.04761939123272896,0.42941516637802124,0.4727928042411804,-0.1919754594564438,0.7963608503341675,0.4122247099876404,0.45164477825164795,0.07217006385326385,0.9855144619941711,0.41435688734054565,0.44962674379348755,-0.07220394909381866,0.9893527626991272,0.41557368636131287,0.5625571012496948,0.11281377077102661,0.20534631609916687,0.4137715697288513,0.5733361840248108,-0.03228894621133804,0.8537256121635437,0.41062745451927185,0.6822381615638733,0.18235941231250763,0.37317517399787903,0.41217565536499023,0.6963624358177185,0.03032238781452179,0.8866541385650635,0.4045175611972809,0.7050663232803345,0.18575415015220642,0.5540611147880554,0.40590476989746094,0.7217997908592224,0.0330413281917572,0.8788806200027466,0.4388960003852844,0.6929239630699158,0.15142591297626495,0.6006065011024475,0.44534334540367126,0.7092233896255493,-0.021862119436264038,0.884428083896637
180,turn,0.42300981283187866,0.2282409816980362,-0.08206158131361008,0.9554230570793152,0.41832470893859863,0.2153921127319336,-0.07330359518527985,0.9190117716789246,0.4174116551876068,0.21503005921840668,-0.07330881059169769,0.9183762669563293,0.4163540303707123,0.21459083259105682,-0.07328088581562042,0.9318990707397461,0.4180857241153717,0.2159142643213272,-0.09715936332941055,0.9374787211418152,0.41712626814842224,0.21595314145088196,-0.09719042479991913,0.9436032176017761,0.41599974036216736,0.21592003107070923,-0.09727625548839569,0.9504680633544922,0.40775489807128906,0.2202087640762329,-0.026682844385504723,0.8431196808815002,0.4080181121826172,0.22095906734466553,-0.13397933542728424,0.9456146955490112,0.4211903512477875,0.23999406397342682,-0.061696529388427734,0.9379985332489014,0.42036694288253784,0.2400156706571579,-0.0926249772310257,0.9640685319900513,0.39952120184898376,0.28685516119003296,0.04858531430363655,0.9906803965568542,0.3976253569126129,0.28759923577308655,-0.17839883267879486,0.9997609853744507,0.40556174516677856,0.37937960028648376,0.06552369892597198,0.01302063837647438,0.3987126350402832,0.3842166066169739,-0.20490911602973938,0.9608587622642517,0.4159058928489685,0.4458727538585663,0.024181367829442024,0.03137478604912758,0.42220139503479004,0.4597790539264679,-0.19496747851371765,0.9092679023742676,0.41919541358947754,0.47022199630737305,0.023021161556243896,0.04539548605680466,0.42531830072402954,0.4815978705883026,-0.21534070372581482,0.872909426689148,0.4250045716762543,0.4692207872867584,0.007636422757059336,0.04614422842860222,0.42977243661880493,0.48033925890922546,-0.21110662817955017,0.8617273569107056,0.42399168014526367,0.4597236216068268,0.015220239758491516,0.04769245535135269,0.4294605255126953,0.4728713035583496,-0.19245807826519012,0.7975887060165405,0.4122494161128998,0.45170995593070984,0.07228629291057587,0.9854759573936462,0.41439351439476013,0.4497089684009552,-0.07232276350259781,0.989388108253479,0.4158170223236084,0.5625597834587097,0.11508740484714508,0.20640318095684052,0.4137594699859619,0.5735702514648438,-0.030811438336968422,0.8547447919845581,0.4106775224208832,0.6818084120750427,0.1872982680797577,0.3736746311187744,0.41218847036361694,0.6963613033294678,0.03292156010866165,0.8877264857292175,0.40452370047569275,0.7042017579078674,0.1910427063703537,0.5546902418136597,0.40590399503707886,0.7217726111412048,0.035716693848371506,0.8800768256187439,0.43890753388404846,0.6926531195640564,0.15724360942840576,0.6018109321594238,0.44534578919410706,0.709248960018158,-0.01978207752108574,0.8854311108589172
181,turn,0.42309194803237915,0.2282739281654358,-0.0825127437710762,0.9559056758880615,0.4184308648109436,0.21543879806995392,-0.07377408444881439,0.9197284579277039,0.4175129532814026,0.21507808566093445,-0.07377976179122925,0.9190413951873779,0.41644906997680664,0.214640274643898,-0.07375223934650421,0.9324500560760498,0.4181809425354004,0.21596357226371765,-0.09762640297412872,0.938214123249054,0.41721051931381226,0.216003879904747,-0.09765733778476715,0.9442371129989624,0.4160710871219635,0.2159726470708847,-0.09774240106344223,0.9510124921798706,0.4078098237514496,0.22026008367538452,-0.0271401796489954,0.8445006608963013,0.40803343057632446,0.22101400792598724,-0.13437631726264954,0.9462233781814575,0.421304315328598,0.24001659452915192,-0.06213199347257614,0.9387331008911133,0.4204687178134918,0.2400430291891098,-0.09304343163967133,0.9645228981971741,0.3997778594493866,0.28685060143470764,0.04830242693424225,0.9907207489013672,0.39766019582748413,0.2876030504703522,-0.17870019376277924,0.9997633695602417,0.4058181643486023,0.37933456897735596,0.06521515548229218,0.01306219957768917,0.398734450340271,0.3842169940471649,-0.2051434963941574,0.9611324667930603,0.41595402359962463,0.4457373321056366,0.023297393694519997,0.03143593668937683,0.42222100496292114,0.45977985858917236,-0.19548378884792328,0.9098697900772095,0.4191886782646179,0.47002318501472473,0.021996255964040756,0.04550407826900482,0.4253639280796051,0.48161429166793823,-0.21595735847949982,0.873706042766571,0.42500561475753784,0.4690839946269989,0.0066123767755925655,0.04625134915113449,0.4298110604286194,0.4803698658943176,-0.21187233924865723,0.8626078963279724,0.42399588227272034,0.4596765637397766,0.014310124330222607,0.04780035465955734,0.4294951856136322,0.4729055166244507,-0.19303938746452332,0.798753023147583,0.4123431146144867,0.45171427726745605,0.07230775058269501,0.9854810833930969,0.41439729928970337,0.4497543275356293,-0.07234440743923187,0.9894334077835083,0.41602587699890137,0.5624819993972778,0.11558963358402252,0.20626524090766907,0.4137665331363678,0.5735896825790405,-0.030497509986162186,0.8546497821807861,0.41069668531417847,0.6814447045326233,0.18768402934074402,0.3720903694629669,0.4122110903263092,0.6963151097297668,0.033330921083688736,0.8876423239707947,0.40452295541763306,0.7038052082061768,0.19141937792301178,0.5535991191864014,0.4059077799320221,0.7216794490814209,0.036139342933893204,0.8803659081459045,0.4389123022556305,0.6924004554748535,0.15783175826072693,0.6007100939750671,0.4453917145729065,0.7092733383178711,-0.019402874633669853,0.8853418231010437
182,turn,0.4232213497161865,0.2285986989736557,-0.082881860435009,0.9567726254463196,0.4185849130153656,0.21569983661174774,-0.07417278736829758,0.9210439324378967,0.41765856742858887,0.2153264433145523,-0.07417861372232437,0.9202786684036255,0.41658228635787964,0.21487410366535187,-0.07415146380662918,0.9334868788719177,0.4183276295661926,0.21622498333454132,-0.09808290004730225,0.939487874507904,0.4173436164855957,0.2162504643201828,-0.09811365604400635,0.9453748464584351,0.41618648171424866,0.21620464324951172,-0.098197802901268,0.9520210027694702,0.40786391496658325,0.2204180806875229,-0.02754080295562744,0.8467599749565125,0.40804800391197205,0.22119611501693726,-0.13501498103141785,0.9473161697387695,0.4214403033256531,0.24029108881950378,-0.06248553469777107,0.9399242401123047,0.42058783769607544,0.2402951419353485,-0.09346311539411545,0.9652729630470276,0.4002252519130707,0.28684964776039124,0.048076339066028595,0.9907945990562439,0.39765504002571106,0.2876453697681427,-0.1792028248310089,0.9997668862342834,0.40618768334388733,0.3792714774608612,0.06522651016712189,0.013168450444936752,0.39873552322387695,0.38426870107650757,-0.20565855503082275,0.9617426991462708,0.4161410927772522,0.44554150104522705,0.023152699694037437,0.0315977968275547,0.422238826751709,0.4598095417022705,-0.19637875258922577,0.911212146282196,0.41944876313209534,0.4698505699634552,0.021841011941432953,0.04573580250144005,0.42541298270225525,0.4816775321960449,-0.21691374480724335,0.8753662705421448,0.42509332299232483,0.4690246284008026,0.006340357009321451,0.04649411886930466,0.4298549294471741,0.48045074939727783,-0.21300093829631805,0.864432156085968,0.4240800440311432,0.4596593677997589,0.014115159399807453,0.0480659194290638,0.42952853441238403,0.47298866510391235,-0.1939811110496521,0.8010529279708862,0.41238078474998474,0.45166444778442383,0.07232867181301117,0.985510528087616,0.4143857955932617,0.449747771024704,-0.07236554473638535,0.9894968271255493,0.41604718565940857,0.5624098181724548,0.1155645102262497,0.20730498433113098,0.41383346915245056,0.5735321640968323,-0.030809253454208374,0.8556002974510193,0.41070556640625,0.6812924146652222,0.18758876621723175,0.37233757972717285,0.4122332036495209,0.6963123083114624,0.03233545273542404,0.8885172605514526,0.404503732919693,0.7035088539123535,0.1913464218378067,0.5537376403808594,0.40589460730552673,0.7216421961784363,0.03506064414978027,0.8810492753982544,0.4387543797492981,0.692258358001709,0.15770752727985382,0.6012465953826904,0.44539713859558105,0.709301233291626,-0.020882874727249146,0.8860666751861572
183,turn,0.4233616888523102,0.2291085571050644,-0.08302615582942963,0.9575291275978088,0.41877537965774536,0.2161274403333664,-0.07433857023715973,0.9222152233123779,0.41784173250198364,0.2157377004623413,-0.07434391230344772,0.9214258193969727,0.4167516827583313,0.2152707874774933,-0.07431614398956299,0.9344384074211121,0.41850608587265015,0.2166488915681839,-0.09835731238126755,0.9406391382217407,0.4175083637237549,0.21665233373641968,-0.09838876873254776,0.9464316368103027,0.41633376479148865,0.2165893316268921,-0.09847371280193329,0.9529314637184143,0.40792956948280334,0.22069576382637024,-0.02771042287349701,0.8488329648971558,0.40809470415115356,0.2214849293231964,-0.13577109575271606,0.9483093619346619,0.42155900597572327,0.24075041711330414,-0.06261695176362991,0.9409825205802917,0.4207015037536621,0.24071423709392548,-0.09373125433921814,0.9659207463264465,0.40043649077415466,0.28687795996665955,0.04809245839715004,0.9908071756362915,0.39765700697898865,0.2877658009529114,-0.18019245564937592,0.9997698068618774,0.40640926361083984,0.3792640268802643,0.0653446763753891,0.013261683285236359,0.3987770974636078,0.3843260109424591,-0.2065875083208084,0.9622253775596619,0.41625696420669556,0.44553303718566895,0.023223070427775383,0.03173014149069786,0.4222704768180847,0.4598066508769989,-0.19747701287269592,0.9122990369796753,0.4196387827396393,0.4698145091533661,0.021954182535409927,0.0458761490881443,0.4254675805568695,0.48168715834617615,-0.21810849010944366,0.8767293691635132,0.42517977952957153,0.4690231680870056,0.006423684768378735,0.046646848320961,0.4299091398715973,0.48046714067459106,-0.2141176015138626,0.8659163117408752,0.42415910959243774,0.4596675932407379,0.014174330048263073,0.0482359379529953,0.42957669496536255,0.4730015993118286,-0.19504162669181824,0.8029012084007263,0.41243481636047363,0.451682448387146,0.07249841839075089,0.9854558110237122,0.41438794136047363,0.4497857093811035,-0.07253576815128326,0.9895292520523071,0.4161357283592224,0.562379777431488,0.11554253101348877,0.2094244658946991,0.41386348009109497,0.5735283493995667,-0.031427036970853806,0.8571241497993469,0.4107540249824524,0.6812264323234558,0.18735866248607635,0.3740456998348236,0.4122529923915863,0.6963235139846802,0.030740845948457718,0.8898401856422424,0.4045078158378601,0.7033509612083435,0.19106586277484894,0.5551755428314209,0.4058862328529358,0.7216418981552124,0.03328409790992737,0.8821709156036377,0.43868488073349,0.6922531723976135,0.15752092003822327,0.603202760219574,0.4453968405723572,0.7094406485557556,-0.02364620752632618,0.8872182369232178
184,turn,0.42349013686180115,0.22917988896369934,-0.08299341052770615,0.9578379392623901,0.41889744997024536,0.2162046879529953,-0.07430486381053925,0.9225608706474304,0.4179595112800598,0.21581348776817322,-0.07431022822856903,0.921676516532898,0.4168636202812195,0.21534548699855804,-0.07428251206874847,0.9346942901611328,0.4186325967311859,0.21672235429286957,-0.09831506013870239,0.9410623908042908,0.4176361560821533,0.2167212814092636,-0.09834645688533783,0.9467846751213074,0.4164612889289856,0.21665778756141663,-0.09843157231807709,0.953260064125061,0.4080035090446472,0.2207675725221634,-0.027685005217790604,0.8491289615631104,0.40817803144454956,0.2215505838394165,-0.13573400676250458,0.9486324191093445,0.4217204451560974,0.24080678820610046,-0.06259148567914963,0.9414740204811096,0.42087841033935547,0.2407553791999817,-0.09370109438896179,0.9662254452705383,0.40049076080322266,0.28687790036201477,0.04838620871305466,0.9908638596534729,0.3976890444755554,0.2877674400806427,-0.18043236434459686,0.9997726678848267,0.4064919948577881,0.37926071882247925,0.06573639810085297,0.013342330232262611,0.3988531529903412,0.3843587338924408,-0.20698848366737366,0.9624539017677307,0.41640505194664,0.4454724192619324,0.023275794461369514,0.0319056436419487,0.4223088324069977,0.4598047137260437,-0.1978532373905182,0.9129686951637268,0.4199267029762268,0.4698685109615326,0.021991964429616928,0.046062126755714417,0.4255007207393646,0.48172932863235474,-0.21864648163318634,0.8775658011436462,0.42539525032043457,0.4691827893257141,0.006484111305326223,0.046850766986608505,0.4299611449241638,0.4804989993572235,-0.2146034985780716,0.8668636679649353,0.4243442416191101,0.4596697986125946,0.014185503125190735,0.048444174230098724,0.42964786291122437,0.4730234742164612,-0.19541797041893005,0.804059624671936,0.41246557235717773,0.4516882300376892,0.072720967233181,0.9855068325996399,0.4144081175327301,0.4498232901096344,-0.07275978475809097,0.9895719289779663,0.4161689281463623,0.5624582171440125,0.11603168398141861,0.21017508208751678,0.4138641953468323,0.5738211870193481,-0.03141123428940773,0.857568621635437,0.4107877314090729,0.6813115477561951,0.18832182884216309,0.37460678815841675,0.4122510850429535,0.6964142322540283,0.03153029829263687,0.8902761340141296,0.40451255440711975,0.703389048576355,0.1920400857925415,0.5557457208633423,0.4058656096458435,0.721676230430603,0.03421584516763687,0.8826839923858643,0.4387985169887543,0.692273736000061,0.1578969657421112,0.6039806008338928,0.44539275765419006,0.7094539403915405,-0.022851448506116867,0.887776792049408
185,turn,0.42361927032470703,0.22925081849098206,-0.08306042850017548,0.9581782221794128,0.4190186858177185,0.21627387404441833,-0.07436119019985199,0.922979474067688,0.41807717084884644,0.21588139235973358,-0.07436647266149521,0.9219819903373718,0.41697579622268677,0.21541298925876617,-0.07433851808309555,0.9350150227546692,0.4187537133693695,0.2167886346578598,-0.09842683374881744,0.9415494203567505,0.41775575280189514,0.21678227186203003,-0.0984581857919693,0.9471818208694458,0.4165777564048767,0.2167171835899353,-0.09854377806186676,0.9536436796188354,0.4080977439880371,0.22083553671836853,-0.027692243456840515,0.8494656682014465,0.4082753658294678,0.22160740196704865,-0.13600699603557587,0.9490049481391907,0.42186465859413147,0.2408706098794937,-0.06263770163059235,0.9419775605201721,0.42103052139282227,0.24081537127494812,-0.0938250795006752,0.9665544033050537,0.40059104561805725,0.286878764629364,0.04839465767145157,0.9909124970436096,0.39770999550819397,0.2877686321735382,-0.1808757483959198,0.9997752904891968,0.40660199522972107,0.37923553586006165,0.06579481810331345,0.013391949236392975,0.3988874554634094,0.3843606412410736,-0.2076704055070877,0.9626630544662476,0.4165559411048889,0.4454496204853058,0.02329428680241108,0.032049477100372314,0.42235368490219116,0.4597996473312378,-0.19868621230125427,0.9135923385620117,0.4200820028781891,0.4699273109436035,0.02200179174542427,0.04623620957136154,0.4255402684211731,0.4817408323287964,-0.21965810656547546,0.8783537745475769,0.4255438446998596,0.4692748486995697,0.0064093200489878654,0.047042232006788254,0.43001097440719604,0.4805009663105011,-0.21552567183971405,0.8677370548248291,0.42447370290756226,0.45967215299606323,0.014176560565829277,0.048641398549079895,0.42970532178878784,0.47302475571632385,-0.1962265819311142,0.8050892949104309,0.4124947190284729,0.45168545842170715,0.07282161712646484,0.9856216907501221,0.41442346572875977,0.44983914494514465,-0.07286038249731064,0.989652156829834,0.4161907732486725,0.5624716281890869,0.11632992327213287,0.2111646980047226,0.41391533613204956,0.5738411545753479,-0.03137487173080444,0.8583240509033203,0.4107995927333832,0.6813166737556458,0.18866844475269318,0.37587764859199524,0.41224947571754456,0.696405827999115,0.032164379954338074,0.8909600377082825,0.4045131206512451,0.7034201622009277,0.1923755407333374,0.5567670464515686,0.4058474600315094,0.721680223941803,0.03492758423089981,0.8832864165306091,0.4388696551322937,0.6922933459281921,0.1579657644033432,0.605407178401947,0.4453999996185303,0.7094152569770813,-0.02218693681061268,0.8885475397109985
186,turn,0.4237365126609802,0.2292964905500412,-0.08341857045888901,0.9584882855415344,0.41913747787475586,0.21631306409835815,-0.07464548200368881,0.9232639670372009,0.4181906282901764,0.21591739356517792,-0.07465080171823502,0.9221301674842834,0.41708192229270935,0.21544572710990906,-0.07462266087532043,0.9351541996002197,0.4188733696937561,0.2168271243572235,-0.0987507551908493,0.9419798254966736,0.4178715646266937,0.21681636571884155,-0.09878208488225937,0.9475036859512329,0.4166885316371918,0.21674932539463043,-0.09886842966079712,0.9539539813995361,0.40815624594688416,0.2208721935749054,-0.02773398719727993,0.8496716618537903,0.40833228826522827,0.2216416299343109,-0.13615307211875916,0.9493972063064575,0.42198219895362854,0.24092985689640045,-0.06288599967956543,0.942584753036499,0.42114704847335815,0.24087102711200714,-0.09413029998540878,0.9669574499130249,0.40068235993385315,0.2868916094303131,0.048401109874248505,0.990996778011322,0.39771145582199097,0.28777822852134705,-0.18106703460216522,0.9997790455818176,0.406703382730484,0.3792245090007782,0.06579522043466568,0.01348770409822464,0.3989481031894684,0.384388267993927,-0.20790216326713562,0.9630894064903259,0.4167761206626892,0.4453325569629669,0.022737354040145874,0.03226018324494362,0.4224413335323334,0.45979782938957214,-0.19889311492443085,0.9144407510757446,0.4203082025051117,0.46993303298950195,0.021103588864207268,0.04649372026324272,0.4256013035774231,0.4817497730255127,-0.2199423760175705,0.8793691396713257,0.4256734251976013,0.4691234529018402,0.005516034085303545,0.04731685668230057,0.4300770163536072,0.48050281405448914,-0.21593554317951202,0.8688653111457825,0.4246205687522888,0.45964181423187256,0.013577627949416637,0.048909660428762436,0.4297884404659271,0.47302594780921936,-0.19648869335651398,0.8065475821495056,0.4126459062099457,0.4517894387245178,0.07296411693096161,0.9857156872749329,0.41455554962158203,0.4500725567340851,-0.07300463318824768,0.9897429943084717,0.4162262976169586,0.5625530481338501,0.11818442493677139,0.21266156435012817,0.4139188826084137,0.5741922855377197,-0.030094221234321594,0.858971357345581,0.41082215309143066,0.6813539862632751,0.1925637423992157,0.3777652084827423,0.4122355580329895,0.6965102553367615,0.03613600879907608,0.8919544219970703,0.4045036733150482,0.7034925818443298,0.19651444256305695,0.5590039491653442,0.40574875473976135,0.7217273116111755,0.03919481113553047,0.8843259215354919,0.438974529504776,0.6923686861991882,0.1618955284357071,0.6076673865318298,0.4454016089439392,0.7094194293022156,-0.01787213236093521,0.8896063566207886
187,turn,0.4237821102142334,0.22926919162273407,-0.08400936424732208,0.958991289138794,0.4191681742668152,0.21631194651126862,-0.0751677006483078,0.9239330887794495,0.4182211756706238,0.21591702103614807,-0.07517339289188385,0.9226903319358826,0.4171130657196045,0.21544621884822845,-0.07514594495296478,0.9356200695037842,0.4189034104347229,0.21682684123516083,-0.09919805824756622,0.9426628947257996,0.4179018437862396,0.2168172150850296,-0.09922899305820465,0.9480429887771606,0.41671937704086304,0.21675154566764832,-0.09931518137454987,0.9544512033462524,0.4082053303718567,0.22087766230106354,-0.028012793511152267,0.8508874177932739,0.4083704948425293,0.22164617478847504,-0.13619288802146912,0.9500168561935425,0.42205753922462463,0.2409236878156662,-0.06340042501688004,0.9434542655944824,0.4212123453617096,0.2408706396818161,-0.09454817324876785,0.9675012230873108,0.4008767604827881,0.2868918776512146,0.04816228896379471,0.9910838603973389,0.39771848917007446,0.2877725064754486,-0.1810646504163742,0.9997825026512146,0.40681925415992737,0.3791627287864685,0.06529007107019424,0.013618433848023415,0.39898672699928284,0.38436275720596313,-0.20798540115356445,0.9635117053985596,0.41704195737838745,0.4453217685222626,0.021472034975886345,0.032506782561540604,0.4225689470767975,0.4598235785961151,-0.19895599782466888,0.915101945400238,0.4205573499202728,0.4699496328830719,0.019572360441088676,0.04679695516824722,0.42571622133255005,0.4817938208580017,-0.21999132633209229,0.8801072835922241,0.4258420467376709,0.46913760900497437,0.0040440340526402,0.047628775238990784,0.4301646649837494,0.4805178642272949,-0.21606174111366272,0.8696847558021545,0.4247695505619049,0.459628164768219,0.012316701002418995,0.049217112362384796,0.4298749566078186,0.4730508625507355,-0.19658584892749786,0.8076766729354858,0.41277337074279785,0.45178908109664917,0.07297231256961823,0.9858099818229675,0.414614737033844,0.450111985206604,-0.07301333546638489,0.9898463487625122,0.4163374900817871,0.5625300407409668,0.11917088180780411,0.21428415179252625,0.41399139165878296,0.5742127895355225,-0.02886982262134552,0.859551727771759,0.41082459688186646,0.6813160181045532,0.19423437118530273,0.37917932868003845,0.4122368395328522,0.6964858770370483,0.03833191469311714,0.8928042054176331,0.4044819474220276,0.7034969925880432,0.19828598201274872,0.5606839656829834,0.40573304891586304,0.7216964960098267,0.04148828238248825,0.8852556943893433,0.4389062523841858,0.6924317479133606,0.16397109627723694,0.6093472242355347,0.4454050064086914,0.7094414234161377,-0.015356883406639099,0.890458881855011
188,turn,0.42385631799697876,0.2293233424425125,-0.08412663638591766,0.959134042263031,0.4192489981651306,0.21637985110282898,-0.07526972144842148,0.9240543246269226,0.41830188035964966,0.21598106622695923,-0.0752752423286438,0.9227543473243713,0.4171929359436035,0.2155063897371292,-0.07524766027927399,0.9356644749641418,0.41897469758987427,0.2168942391872406,-0.09930186718702316,0.9428862929344177,0.41796550154685974,0.21688160300254822,-0.0993327647447586,0.948205828666687,0.41677799820899963,0.216818168759346,-0.09941902756690979,0.9545962810516357,0.4082595705986023,0.220941960811615,-0.02804741822183132,0.8510064482688904,0.40842169523239136,0.22172777354717255,-0.13621076941490173,0.9502060413360596,0.42214861512184143,0.24097616970539093,-0.06349699944257736,0.9437126517295837,0.42128849029541016,0.24093402922153473,-0.09464646130800247,0.9677000641822815,0.40093332529067993,0.2869083881378174,0.04814418405294418,0.9911254644393921,0.3977488875389099,0.2877742648124695,-0.1810353696346283,0.9997843503952026,0.4068396985530853,0.3791349232196808,0.06504596024751663,0.013688300736248493,0.39911025762557983,0.38435477018356323,-0.2079545557498932,0.9635647535324097,0.41707366704940796,0.44533637166023254,0.021171484142541885,0.0326664112508297,0.42273586988449097,0.45984065532684326,-0.19888418912887573,0.915255606174469,0.4205721914768219,0.4699517488479614,0.019358353689312935,0.04700109735131264,0.4258604645729065,0.4818013906478882,-0.21989397704601288,0.8803139925003052,0.42584356665611267,0.46913838386535645,0.0038262587040662766,0.0478375069797039,0.4302218556404114,0.4805196225643158,-0.21591000258922577,0.8699179887771606,0.4247698187828064,0.4596136808395386,0.01202484406530857,0.049404602497816086,0.42992162704467773,0.4730597138404846,-0.19649648666381836,0.8079802393913269,0.41280198097229004,0.45180743932724,0.07297348231077194,0.985821008682251,0.41467493772506714,0.450211763381958,-0.07301457226276398,0.9898777008056641,0.41634541749954224,0.5624680519104004,0.11903180181980133,0.21543386578559875,0.41405147314071655,0.5741720199584961,-0.028807828202843666,0.8595001101493835,0.410825252532959,0.6813285946846008,0.19342254102230072,0.38046708703041077,0.4122377932071686,0.6964709758758545,0.037891291081905365,0.8931204676628113,0.40442952513694763,0.7036008834838867,0.19738590717315674,0.562235951423645,0.4057179093360901,0.7216481566429138,0.040969859808683395,0.8858349323272705,0.4388806223869324,0.6926737427711487,0.16313551366329193,0.6105555295944214,0.4454081952571869,0.7095791101455688,-0.015639744699001312,0.8908063173294067
189,turn,0.42390814423561096,0.22931548953056335,-0.08406508713960648,0.9591313004493713,0.4193039834499359,0.21638211607933044,-0.07521234452724457,0.924018144607544,0.4183613359928131,0.21598348021507263,-0.0752178207039833,0.922590970993042,0.41725701093673706,0.21550922095775604,-0.0751904845237732,0.9355631470680237,0.41901931166648865,0.2168988287448883,-0.09924457222223282,0.9429720044136047,0.4180062711238861,0.21688832342624664,-0.09927532821893692,0.948208749294281,0.4168163239955902,0.2168300896883011,-0.09936150163412094,0.9546306133270264,0.4083244800567627,0.22095392644405365,-0.02797456458210945,0.8507208228111267,0.40846267342567444,0.2217661291360855,-0.13612569868564606,0.9502763152122498,0.422247976064682,0.2409769743680954,-0.06343025714159012,0.9438471794128418,0.4213719367980957,0.24093739688396454,-0.09457738697528839,0.9678535461425781,0.40101391077041626,0.28690627217292786,0.04817528277635574,0.9911338686943054,0.3977799117565155,0.28771331906318665,-0.1809076964855194,0.9997851848602295,0.4068729877471924,0.37906569242477417,0.06505121290683746,0.013741639442741871,0.39919501543045044,0.384276419878006,-0.20780697464942932,0.9636310338973999,0.4171726107597351,0.44531673192977905,0.021301601082086563,0.03280966728925705,0.42296895384788513,0.45984652638435364,-0.19850744307041168,0.9153757691383362,0.42064040899276733,0.46963611245155334,0.01954805664718151,0.047209180891513824,0.4261370301246643,0.48180317878723145,-0.21942584216594696,0.880424976348877,0.42585843801498413,0.4686867892742157,0.004002468194812536,0.04805711284279823,0.43039998412132263,0.4805103838443756,-0.2154165804386139,0.8700474500656128,0.42479100823402405,0.4594706594944,0.012158158235251904,0.04960724338889122,0.4300663471221924,0.4730592370033264,-0.19608956575393677,0.8081364035606384,0.412830114364624,0.4518333971500397,0.07296522706747055,0.9857866168022156,0.41478872299194336,0.45024046301841736,-0.07300630211830139,0.9898694157600403,0.4163791537284851,0.5624361038208008,0.11862455308437347,0.21614377200603485,0.4142654836177826,0.5739654302597046,-0.028961587697267532,0.8589488863945007,0.4108276963233948,0.6813587546348572,0.19237715005874634,0.38129931688308716,0.4122304320335388,0.6964616775512695,0.037589188665151596,0.8930262923240662,0.4043894410133362,0.7038607001304626,0.19625075161457062,0.5629976987838745,0.4056640565395355,0.7216294407844543,0.04065202176570892,0.8858849406242371,0.4387550354003906,0.6933770179748535,0.1619480848312378,0.6109445095062256,0.4454038143157959,0.7097896337509155,-0.01595323160290718,0.8907464146614075
190,turn,0.42393118143081665,0.22917434573173523,-0.08416146039962769,0.9594617486000061,0.4193192422389984,0.21633027493953705,-0.07531842589378357,0.9245687127113342,0.4183773994445801,0.2159363478422165,-0.07532397657632828,0.9230566620826721,0.41727501153945923,0.21546931564807892,-0.07529683411121368,0.9359656572341919,0.41903209686279297,0.21685586869716644,-0.09932966530323029,0.9435453414916992,0.41801896691322327,0.2168547809123993,-0.09936042129993439,0.9486660957336426,0.4168311655521393,0.2168082743883133,-0.09944630414247513,0.9550485610961914,0.4083605706691742,0.22095505893230438,-0.028083061799407005,0.8517686724662781,0.4085017144680023,0.22177140414714813,-0.13613305985927582,0.950792670249939,0.4223107695579529,0.24086014926433563,-0.06353136152029037,0.9444251656532288,0.4214305281639099,0.24086962640285492,-0.09464762359857559,0.9682686924934387,0.40111488103866577,0.2869065999984741,0.04798179864883423,0.9911234974861145,0.397831529378891,0.2876143455505371,-0.18087884783744812,0.9997860193252563,0.40690478682518005,0.37896373867988586,0.0646401047706604,0.013765286654233932,0.3992554247379303,0.38415855169296265,-0.20778527855873108,0.9638686180114746,0.4172273278236389,0.44531628489494324,0.020515581592917442,0.03285946696996689,0.4231301248073578,0.45988744497299194,-0.19855281710624695,0.9156147241592407,0.42067718505859375,0.46963679790496826,0.018586600199341774,0.047302428632974625,0.4263278841972351,0.4818292260169983,-0.2194538116455078,0.8806253671646118,0.425859272480011,0.46850135922431946,0.0030955993570387363,0.04814804345369339,0.43053823709487915,0.4805232286453247,-0.215422123670578,0.8702373504638672,0.42479580640792847,0.4594596028327942,0.01137698907405138,0.04967856407165527,0.4301780164241791,0.4730764627456665,-0.19612739980220795,0.8084169626235962,0.4128623902797699,0.45186200737953186,0.07294007390737534,0.9857216477394104,0.41497987508773804,0.450278103351593,-0.07298106700181961,0.9898734092712402,0.41648799180984497,0.5622358322143555,0.11852864921092987,0.21756558120250702,0.4143953323364258,0.5737162828445435,-0.029020166024565697,0.8593057990074158,0.41084450483322144,0.681226372718811,0.19195044040679932,0.3821042776107788,0.4122350215911865,0.6963545083999634,0.03725111111998558,0.893518328666687,0.4043886661529541,0.7038630247116089,0.19578224420547485,0.5635486245155334,0.4056578576564789,0.7215303182601929,0.04029640182852745,0.8863620758056641,0.4387199878692627,0.6936104893684387,0.16146203875541687,0.6116540431976318,0.4454263746738434,0.7098231315612793,-0.016068095341324806,0.8910650610923767
191,turn,0.42395225167274475,0.2291630059480667,-0.08435867726802826,0.9591898918151855,0.41934260725975037,0.21632449328899384,-0.07550276815891266,0.9241355061531067,0.4184017777442932,0.21593092381954193,-0.07550853490829468,0.9225471019744873,0.41730111837387085,0.21546538174152374,-0.07548175752162933,0.9355270862579346,0.41905203461647034,0.21685227751731873,-0.0994499996304512,0.9432671666145325,0.4180382192134857,0.21685290336608887,-0.0994807630777359,0.9483150839805603,0.4168526232242584,0.21680907905101776,-0.09956647455692291,0.9547616243362427,0.4083890914916992,0.22095941007137299,-0.028260771185159683,0.8512887954711914,0.40853530168533325,0.2217780202627182,-0.1361178159713745,0.9506035447120667,0.42235857248306274,0.240852952003479,-0.06373767554759979,0.9443042874336243,0.4214728772640228,0.24087083339691162,-0.09476601332426071,0.9682578444480896,0.4011367857456207,0.2869158983230591,0.04752654209733009,0.9911009669303894,0.3979068398475647,0.28759461641311646,-0.18079958856105804,0.9997861981391907,0.4068991541862488,0.37895825505256653,0.06358707696199417,0.013739910908043385,0.3993456959724426,0.38416019082069397,-0.2076083868741989,0.9639953374862671,0.4172501564025879,0.4453244209289551,0.01933194510638714,0.03276437148451805,0.42319974303245544,0.4600073993206024,-0.19814234972000122,0.915442705154419,0.4206797480583191,0.46964216232299805,0.017237171530723572,0.04720977693796158,0.42639222741127014,0.48190319538116455,-0.21889396011829376,0.880332350730896,0.4258616864681244,0.4685165286064148,0.0020024487748742104,0.04804236814379692,0.4305786192417145,0.4805671274662018,-0.21495871245861053,0.8699334859848022,0.42479681968688965,0.4594469666481018,0.010296006686985493,0.049559175968170166,0.43020838499069214,0.47311702370643616,-0.19574984908103943,0.8081542253494263,0.4128721356391907,0.4522310495376587,0.07290995121002197,0.9856370687484741,0.4151071012020111,0.45059818029403687,-0.07295112311840057,0.9898754954338074,0.4165504574775696,0.5622259974479675,0.1186518445611,0.2176523357629776,0.4145115911960602,0.5737141370773315,-0.028351763263344765,0.8591059446334839,0.4108637869358063,0.6812432408332825,0.19248148798942566,0.3814034163951874,0.41224685311317444,0.6964089870452881,0.03802403062582016,0.8934611082077026,0.40438777208328247,0.7039985060691833,0.19639214873313904,0.5630540251731873,0.40564775466918945,0.7215283513069153,0.04108317568898201,0.8864413499832153,0.43871912360191345,0.6937519311904907,0.16254964470863342,0.6111703515052795,0.445453941822052,0.7098560333251953,-0.015018971636891365,0.8909018039703369
192,turn,0.4239628314971924,0.2291852980852127,-0.08449294418096542,0.959172248840332,0.4193706512451172,0.21635042130947113,-0.07563275098800659,0.9239377975463867,0.4184342920780182,0.21595604717731476,-0.07563851028680801,0.9222455620765686,0.417339950799942,0.21549075841903687,-0.07561186701059341,0.9352185130119324,0.4190724492073059,0.21688461303710938,-0.09951741993427277,0.9432607293128967,0.4180563986301422,0.21688872575759888,-0.09954823553562164,0.9482219815254211,0.41687002778053284,0.21685314178466797,-0.09963390976190567,0.9546907544136047,0.4084138870239258,0.22099559009075165,-0.028377950191497803,0.8510779738426208,0.4085504412651062,0.22184902429580688,-0.13609245419502258,0.950658917427063,0.4223850667476654,0.2408742755651474,-0.06387021392583847,0.9444766044616699,0.42149099707603455,0.2409091740846634,-0.09482087194919586,0.9684236645698547,0.4012810289859772,0.2869182229042053,0.04721004515886307,0.9910891652107239,0.3979424834251404,0.2875767648220062,-0.18060341477394104,0.9997875094413757,0.40696898102760315,0.3789464235305786,0.06338880956172943,0.013718310743570328,0.3993559181690216,0.3841487169265747,-0.2073884904384613,0.9644562602043152,0.41739702224731445,0.44532424211502075,0.019096631556749344,0.032681189477443695,0.4232272505760193,0.4600541889667511,-0.19777512550354004,0.9158883094787598,0.4207708239555359,0.4696440100669861,0.01692352071404457,0.047146089375019073,0.4264459013938904,0.48192012310028076,-0.21840202808380127,0.8807535171508789,0.425931841135025,0.4685283601284027,0.0017471176106482744,0.04796883091330528,0.4306303560733795,0.4805814027786255,-0.21459455788135529,0.8704062104225159,0.42487818002700806,0.4594397246837616,0.010089010931551456,0.04948127269744873,0.4302421510219574,0.4731275737285614,-0.19541792571544647,0.8088864088058472,0.4130783975124359,0.4525812864303589,0.07290635257959366,0.9855808019638062,0.4153274893760681,0.45095252990722656,-0.07294782996177673,0.9899103045463562,0.4166380763053894,0.5624355673789978,0.1190497875213623,0.21838665008544922,0.4145691394805908,0.5742259621620178,-0.027826402336359024,0.8600398898124695,0.4108734726905823,0.6812700629234314,0.19355301558971405,0.3819773495197296,0.4122471809387207,0.6965184211730957,0.03877471387386322,0.8945097923278809,0.40438929200172424,0.7040596604347229,0.1975392997264862,0.5637596845626831,0.4056455194950104,0.7215521931648254,0.04189039394259453,0.8872838616371155,0.4388372004032135,0.6937606930732727,0.16374710202217102,0.6121399998664856,0.44545626640319824,0.7098649740219116,-0.014163458719849586,0.891754150390625
193,turn,0.4239737391471863,0.22919723391532898,-0.08448029309511185,0.9589618444442749,0.4193862974643707,0.21637071669101715,-0.07561765611171722,0.9234321713447571,0.41845184564590454,0.21597616374492645,-0.07562340050935745,0.921721875667572,0.41736021637916565,0.21551156044006348,-0.07559669762849808,0.9346886277198792,0.4190852642059326,0.21690870821475983,-0.09950970113277435,0.9429600834846497,0.4180687367916107,0.21691583096981049,-0.09954044222831726,0.9478921294212341,0.4168822169303894,0.21688716113567352,-0.0996261015534401,0.9543878436088562,0.4084344804286957,0.22102372348308563,-0.028368866071105003,0.8504441976547241,0.4085598587989807,0.22191673517227173,-0.13573738932609558,0.9504593014717102,0.4224218726158142,0.24087996780872345,-0.06385842710733414,0.9443655014038086,0.4215220510959625,0.24092690646648407,-0.09481446444988251,0.9684153199195862,0.40135496854782104,0.28691962361335754,0.047199804335832596,0.9910405874252319,0.3980354964733124,0.28755900263786316,-0.18006056547164917,0.9997877478599548,0.40698084235191345,0.37894099950790405,0.0632576197385788,0.01365444716066122,0.39938050508499146,0.3841475248336792,-0.2067652940750122,0.964869499206543,0.41752734780311584,0.44532275199890137,0.018872318789362907,0.032511863857507706,0.42327016592025757,0.46006202697753906,-0.19682243466377258,0.9161008596420288,0.42085132002830505,0.4696175456047058,0.016614167019724846,0.046977218240499496,0.4265332818031311,0.4819232225418091,-0.21732743084430695,0.8808812499046326,0.4259425103664398,0.46811947226524353,0.001542448764666915,0.04778554290533066,0.4306958317756653,0.48058459162712097,-0.213557168841362,0.8705392479896545,0.4248964786529541,0.4593716859817505,0.009902102872729301,0.04928211122751236,0.43027129769325256,0.47312960028648376,-0.1944807469844818,0.8092057704925537,0.4131641387939453,0.45319557189941406,0.0729074701666832,0.9854822754859924,0.4154781699180603,0.4515288472175598,-0.07294907420873642,0.9899243116378784,0.41669195890426636,0.5629709362983704,0.11967533826828003,0.21908515691757202,0.41459617018699646,0.5749322772026062,-0.027057375758886337,0.8615339398384094,0.4108763337135315,0.6813715696334839,0.19457343220710754,0.383500337600708,0.41225314140319824,0.6967521905899048,0.03972519561648369,0.8960984945297241,0.4043799340724945,0.70416259765625,0.19858190417289734,0.565423309803009,0.40564727783203125,0.721561849117279,0.04284472391009331,0.888696014881134,0.438915878534317,0.6938124895095825,0.16474056243896484,0.6141474843025208,0.44548553228378296,0.7098983526229858,-0.013205940835177898,0.8931021094322205
194,turn,0.42400020360946655,0.2292623072862625,-0.08482970297336578,0.9592958688735962,0.4194338917732239,0.2164577841758728,-0.07594206184148788,0.9238998293876648,0.41850289702415466,0.2160653918981552,-0.07594791054725647,0.9221748113632202,0.41741496324539185,0.21560534834861755,-0.07592123001813889,0.9350029826164246,0.4191335141658783,0.21700137853622437,-0.09975316375494003,0.943448543548584,0.418116956949234,0.21701417863368988,-0.09978418052196503,0.9482890963554382,0.4169309735298157,0.21699905395507812,-0.09986948221921921,0.9547057151794434,0.4084685444831848,0.2211490273475647,-0.02858489379286766,0.8514388799667358,0.40858516097068787,0.22210939228534698,-0.13574327528476715,0.9508578777313232,0.42247238755226135,0.24093759059906006,-0.0641762763261795,0.9448764324188232,0.4215726852416992,0.24100975692272186,-0.09503111243247986,0.9687423706054688,0.40156427025794983,0.2869577705860138,0.04683985188603401,0.9910131692886353,0.3981083333492279,0.2875615060329437,-0.18003162741661072,0.9997879266738892,0.4070800840854645,0.37894493341445923,0.06297340989112854,0.013675274327397346,0.3994973301887512,0.38419291377067566,-0.20675012469291687,0.9652416706085205,0.41777271032333374,0.44531142711639404,0.018609315156936646,0.03243730217218399,0.4233570694923401,0.4601576626300812,-0.19682137668132782,0.9163161516189575,0.42109647393226624,0.4696144163608551,0.0163434948772192,0.04689683020114899,0.4266335368156433,0.4819721579551697,-0.21733470261096954,0.8810562491416931,0.4260859489440918,0.4681262671947479,0.0012657486367970705,0.0477021224796772,0.43075138330459595,0.4806235730648041,-0.21356245875358582,0.8707287907600403,0.4250149130821228,0.4593495726585388,0.009640863165259361,0.049198806285858154,0.430305540561676,0.47315746545791626,-0.19448402523994446,0.8095394968986511,0.41325169801712036,0.4534206688404083,0.07290705293416977,0.9854457378387451,0.41551417112350464,0.45179516077041626,-0.07294867932796478,0.9899532198905945,0.41674214601516724,0.563051700592041,0.11986658722162247,0.2203245311975479,0.41461119055747986,0.5751407146453857,-0.02677803300321102,0.8631281852722168,0.4109009802341461,0.6813645362854004,0.19495925307273865,0.38525187969207764,0.4122525751590729,0.6968100070953369,0.03999268263578415,0.8977542519569397,0.4043861925601959,0.7041669487953186,0.199000746011734,0.5671802163124084,0.4056423604488373,0.7215873599052429,0.0430922657251358,0.8900104761123657,0.43895435333251953,0.6938090920448303,0.16507300734519958,0.6164127588272095,0.4454863667488098,0.7099483013153076,-0.013180015608668327,0.8945189714431763
195,turn,0.4240593910217285,0.2293729931116104,-0.0848131775856018,0.9594981670379639,0.4195113182067871,0.21657432615756989,-0.07592693716287613,0.924185037612915,0.41858068108558655,0.21618393063545227,-0.07593278586864471,0.9224545955657959,0.4174920618534088,0.21572977304458618,-0.07590606063604355,0.9351856112480164,0.41922569274902344,0.21712400019168854,-0.09974388033151627,0.9437287449836731,0.41821399331092834,0.21714134514331818,-0.09977489709854126,0.9484970569610596,0.4170342981815338,0.21713918447494507,-0.09986032545566559,0.9548789858818054,0.40851926803588867,0.2213023453950882,-0.028578778728842735,0.8520811796188354,0.40866050124168396,0.22230909764766693,-0.13556188344955444,0.9510810375213623,0.42253726720809937,0.24102431535720825,-0.0641665905714035,0.9451501965522766,0.4216487407684326,0.24111561477184296,-0.09502444416284561,0.9689597487449646,0.40164270997047424,0.2869986593723297,0.046633798629045486,0.9910017251968384,0.3981802761554718,0.2875780761241913,-0.1795106679201126,0.9997876882553101,0.40710586309432983,0.37894150614738464,0.06267731636762619,0.013659356161952019,0.39958199858665466,0.38429805636405945,-0.20621125400066376,0.9654901027679443,0.4178076684474945,0.4453085958957672,0.01852138713002205,0.03230690583586693,0.42347660660743713,0.46028897166252136,-0.19613492488861084,0.9163092970848083,0.42110714316368103,0.4696026146411896,0.016263620927929878,0.046773508191108704,0.42676329612731934,0.4820375144481659,-0.21658667922019958,0.8809443712234497,0.4260860085487366,0.46774524450302124,0.001232858281582594,0.04756699874997139,0.4307989180088043,0.48065173625946045,-0.21282429993152618,0.8705957531929016,0.42501911520957947,0.4592911899089813,0.00958381500095129,0.04904754459857941,0.43033114075660706,0.47318369150161743,-0.19381079077720642,0.8094354867935181,0.4132874608039856,0.45376917719841003,0.07282296568155289,0.9854288697242737,0.41559019684791565,0.4521184265613556,-0.07286510616540909,0.9899836778640747,0.41676655411720276,0.5630500912666321,0.11981897056102753,0.22072087228298187,0.4147167205810547,0.5751487016677856,-0.026413213461637497,0.8639117479324341,0.41090115904808044,0.6814001202583313,0.19471608102321625,0.3864039480686188,0.4122444987297058,0.6969206929206848,0.04043731465935707,0.8988022804260254,0.40438517928123474,0.7042261958122253,0.19873416423797607,0.5683348774909973,0.40564078092575073,0.7216072678565979,0.043550044298172,0.8908451199531555,0.43895426392555237,0.6938236951828003,0.16488975286483765,0.6179552674293518,0.4454728066921234,0.7099800109863281,-0.012408485636115074,0.8954131007194519
196,turn,0.42408880591392517,0.22937369346618652,-0.08476012200117111,0.9599146842956543,0.4195370674133301,0.21657904982566833,-0.07587921619415283,0.9248368144035339,0.418607622385025,0.2161899358034134,-0.07588512450456619,0.9231019020080566,0.4175204336643219,0.215737447142601,-0.07585834711790085,0.935696542263031,0.4192551076412201,0.21712924540042877,-0.09969913959503174,0.9443389177322388,0.4182456135749817,0.21714787185192108,-0.09973026812076569,0.9490516185760498,0.4170683026313782,0.21714839339256287,-0.09981546550989151,0.9553547501564026,0.4085489809513092,0.22133350372314453,-0.028529450297355652,0.8533096313476562,0.4086788296699524,0.22235022485256195,-0.135525643825531,0.9516384601593018,0.4225867688655853,0.2410266399383545,-0.06411054730415344,0.945685088634491,0.42170125246047974,0.24112406373023987,-0.09497024118900299,0.9693180918693542,0.40191522240638733,0.28705716133117676,0.04666384309530258,0.990990161895752,0.3982166647911072,0.28760579228401184,-0.17948272824287415,0.9997876882553101,0.4072774350643158,0.37894904613494873,0.06281726062297821,0.013635813258588314,0.3997049927711487,0.3843592703342438,-0.20621350407600403,0.9658671617507935,0.4179971218109131,0.4453173279762268,0.018654461950063705,0.032215725630521774,0.4235895574092865,0.4603705406188965,-0.19617465138435364,0.9167901873588562,0.4213329255580902,0.4696389138698578,0.01643017865717411,0.04670051485300064,0.42686694860458374,0.48209401965141296,-0.21663768589496613,0.8814476728439331,0.4261821210384369,0.4678879976272583,0.0013532357988879085,0.04749014601111412,0.43084916472435,0.4806850552558899,-0.21283170580863953,0.8710843324661255,0.4251028001308441,0.45930391550064087,0.009703975170850754,0.04897519201040268,0.4303731918334961,0.47321709990501404,-0.1938333660364151,0.8100684881210327,0.4134276509284973,0.4538274109363556,0.07281984388828278,0.985427975654602,0.41568541526794434,0.45218557119369507,-0.0728619396686554,0.9900164008140564,0.4168064594268799,0.5630519390106201,0.11923037469387054,0.22132225334644318,0.4148500859737396,0.5751146674156189,-0.026810934767127037,0.8649877309799194,0.4109024107456207,0.6814215183258057,0.19322827458381653,0.3876168727874756,0.4122437536716461,0.6969318985939026,0.03915892541408539,0.9001604318618774,0.4043741822242737,0.704264223575592,0.19715100526809692,0.5698153376579285,0.405634343624115,0.721599817276001,0.0421513095498085,0.8919631838798523,0.4388295114040375,0.6939816474914551,0.16315290331840515,0.6195619106292725,0.4454564154148102,0.7099849581718445,-0.0140970004722476,0.8965399861335754
197,turn,0.4241458475589752,0.22935836017131805,-0.08479316532611847,0.960199773311615,0.4196372926235199,0.21658410131931305,-0.07590757310390472,0.9252550005912781,0.41871753334999084,0.21619589626789093,-0.07591351121664047,0.923495888710022,0.4176364541053772,0.21574483811855316,-0.07588677108287811,0.9360353350639343,0.41936373710632324,0.2171352207660675,-0.09975031018257141,0.9447523951530457,0.41836443543434143,0.217154860496521,-0.09978146851062775,0.9494245052337646,0.4171968996524811,0.2171582281589508,-0.09986671805381775,0.9556736350059509,0.4086698591709137,0.22133706510066986,-0.02855588123202324,0.854094922542572,0.40876978635787964,0.22237123548984528,-0.1356993019580841,0.9520137906074524,0.42268744111061096,0.24099504947662354,-0.06414274871349335,0.946042537689209,0.4218111038208008,0.24110814929008484,-0.09503395855426788,0.9695391058921814,0.4020514488220215,0.2870588004589081,0.04668038338422775,0.9910033345222473,0.3982454836368561,0.28761303424835205,-0.17968341708183289,0.9997881054878235,0.40732163190841675,0.37895864248275757,0.06284605711698532,0.013618862256407738,0.399831086397171,0.3844444155693054,-0.20656053721904755,0.9658821225166321,0.41807228326797485,0.44537490606307983,0.018730558454990387,0.032135702669620514,0.42369937896728516,0.4604094922542572,-0.196964830160141,0.9167365431785583,0.4213852286338806,0.46970078349113464,0.01658739522099495,0.04661765694618225,0.42692703008651733,0.4821116030216217,-0.21758747100830078,0.8814188241958618,0.4262339472770691,0.46802982687950134,0.0014560979325324297,0.0474030077457428,0.4308856129646301,0.4807014763355255,-0.2136543095111847,0.8710224032402039,0.42516326904296875,0.4593273997306824,0.009764831513166428,0.048895590007305145,0.4304142892360687,0.4732353091239929,-0.19459441304206848,0.809964656829834,0.41352614760398865,0.4537980854511261,0.07283578813076019,0.9854381680488586,0.4157240390777588,0.45218828320503235,-0.07287801057100296,0.9900333285331726,0.41680973768234253,0.5630376935005188,0.11918237060308456,0.22121475636959076,0.41491493582725525,0.574894905090332,-0.027229884639382362,0.8651831150054932,0.41087737679481506,0.6813859939575195,0.19310277700424194,0.3871370553970337,0.4122236669063568,0.6968674659729004,0.03833312913775444,0.9005321860313416,0.4043392241001129,0.7042697668075562,0.19702741503715515,0.5696154832839966,0.40561190247535706,0.7215732932090759,0.041292741894721985,0.8923446536064148,0.43865126371383667,0.6939992904663086,0.1630365550518036,0.619382917881012,0.4454391896724701,0.7099606990814209,-0.015138414688408375,0.8967582583427429
198,turn,0.4242097735404968,0.22939004004001617,-0.08478734642267227,0.960483968257904,0.41979020833969116,0.21666592359542847,-0.07589976489543915,0.9256651401519775,0.41888609528541565,0.21627625823020935,-0.07590565830469131,0.9238684177398682,0.41781288385391235,0.21582607924938202,-0.07587885856628418,0.9363550543785095,0.41952237486839294,0.2172183394432068,-0.09974405169487,0.9451786875724792,0.41853371262550354,0.21723471581935883,-0.09977518767118454,0.9498082399368286,0.4173741936683655,0.21724048256874084,-0.09986045956611633,0.9560144543647766,0.4088343679904938,0.22137440741062164,-0.028520796447992325,0.8547821044921875,0.40889835357666016,0.22243842482566833,-0.1356976330280304,0.95240318775177,0.42276421189308167,0.24100328981876373,-0.0641348734498024,0.9464040994644165,0.42188891768455505,0.24112309515476227,-0.09502778947353363,0.9697839021682739,0.4021618366241455,0.28706061840057373,0.04677743837237358,0.9910027980804443,0.39826640486717224,0.28761255741119385,-0.17969422042369843,0.9997889995574951,0.4073713719844818,0.37898191809654236,0.06319282948970795,0.013598187826573849,0.3999525010585785,0.38455599546432495,-0.2065698206424713,0.966029942035675,0.4181533455848694,0.44537967443466187,0.019551213830709457,0.032002970576286316,0.42377805709838867,0.46047109365463257,-0.19697082042694092,0.9167680740356445,0.4214112162590027,0.4697398841381073,0.01759386621415615,0.04646952450275421,0.426971971988678,0.4821726381778717,-0.21759407222270966,0.8814383745193481,0.4262775778770447,0.46811240911483765,0.0024404001887887716,0.04724544659256935,0.430919885635376,0.4807420074939728,-0.2136649787425995,0.8710138201713562,0.42522233724594116,0.459331214427948,0.010590675286948681,0.04875168949365616,0.4304598867893219,0.47327786684036255,-0.194601371884346,0.8099703192710876,0.41361331939697266,0.4538663327693939,0.07285906374454498,0.985414981842041,0.41575688123703003,0.4523006081581116,-0.07290132343769073,0.9900422692298889,0.4168119430541992,0.5632455945014954,0.11917249858379364,0.22083668410778046,0.41492635011672974,0.5751194357872009,-0.02746414579451084,0.8655512928962708,0.41086044907569885,0.681569516658783,0.1928575485944748,0.38668158650398254,0.4122208058834076,0.6971123814582825,0.037687625735998154,0.9010348320007324,0.4043286442756653,0.704317033290863,0.19675201177597046,0.5693740844726562,0.40561047196388245,0.721599817276001,0.04058580473065376,0.8928593993186951,0.43865275382995605,0.6939846277236938,0.16280965507030487,0.61924147605896,0.4454394280910492,0.7099552154541016,-0.015885721892118454,0.8970796465873718
199,turn,0.4242607057094574,0.22935917973518372,-0.08472373336553574,0.9607422947883606,0.4198530614376068,0.21666577458381653,-0.07584754377603531,0.9261438250541687,0.41895565390586853,0.21627792716026306,-0.07585342228412628,0.9243024587631226,0.4178895056247711,0.2158292531967163,-0.07582668215036392,0.9367192387580872,0.41958537697792053,0.21721899509429932,-0.09970133751630783,0.9456865787506104,0.4185996651649475,0.21723732352256775,-0.09973268955945969,0.9502915740013123,0.4174444079399109,0.21724486351013184,-0.0998179242014885,0.9564573764801025,0.4089648127555847,0.22138097882270813,-0.028490740805864334,0.8556639552116394,0.4089601933956146,0.2224491685628891,-0.13568657636642456,0.9529672861099243,0.42285484075546265,0.24097342789173126,-0.06408128887414932,0.9467700719833374,0.42197880148887634,0.24110858142375946,-0.09498167037963867,0.9700384736061096,0.40240368247032166,0.28706151247024536,0.04689202830195427,0.9909424185752869,0.3983246982097626,0.2876077890396118,-0.17969372868537903,0.9997893571853638,0.40748509764671326,0.3789692223072052,0.06339747458696365,0.013578847981989384,0.4000251889228821,0.3845578134059906,-0.20657527446746826,0.9662129878997803,0.41832971572875977,0.4450693428516388,0.019618311896920204,0.03187515586614609,0.42381173372268677,0.46047383546829224,-0.1971273124217987,0.9169153571128845,0.42152804136276245,0.4690507650375366,0.017680402845144272,0.04632521793246269,0.42697635293006897,0.48217660188674927,-0.21775126457214355,0.8816023468971252,0.4263836741447449,0.4675999581813812,0.0025080894120037556,0.04709037393331528,0.4309322237968445,0.4807467460632324,-0.21383678913116455,0.8711338043212891,0.4253683090209961,0.45915061235427856,0.010644250549376011,0.04861539974808693,0.43048685789108276,0.4732825756072998,-0.19476185739040375,0.8101621270179749,0.4137589931488037,0.4537423849105835,0.07285671681165695,0.9852136373519897,0.4158317446708679,0.45221179723739624,-0.07289868593215942,0.9899479150772095,0.416922390460968,0.5628906488418579,0.1178804263472557,0.2198667675256729,0.4149269461631775,0.5749950408935547,-0.028608907014131546,0.8651411533355713,0.4108550548553467,0.681570827960968,0.18979652225971222,0.38430115580558777,0.4122219681739807,0.6971956491470337,0.03447536751627922,0.9004114866256714,0.4043274521827698,0.704317033290863,0.19353148341178894,0.5676004886627197,0.4056137502193451,0.7215952277183533,0.03711304813623428,0.8924008011817932,0.43847155570983887,0.6940014362335205,0.15990185737609863,0.6170755624771118,0.44543951749801636,0.7099603414535522,-0.019606541842222214,0.896205484867096
200,turn,0.4243040978908539,0.22932203114032745,-0.08468814194202423,0.9608680605888367,0.4199036955833435,0.21666526794433594,-0.07580960541963577,0.9262834787368774,0.41900962591171265,0.21627908945083618,-0.07581552863121033,0.9243540167808533,0.41794687509536743,0.21583175659179688,-0.07578881084918976,0.9367685317993164,0.4196348786354065,0.21721971035003662,-0.09965517371892929,0.9459183216094971,0.41864943504333496,0.21723999083042145,-0.09968660771846771,0.9504836797714233,0.4174949526786804,0.21724891662597656,-0.09977200627326965,0.9566475749015808,0.4090585708618164,0.22138556838035583,-0.028451409190893173,0.8558129072189331,0.40900444984436035,0.22247140109539032,-0.13560530543327332,0.9532421827316284,0.42292457818984985,0.24093316495418549,-0.06404788792133331,0.9469884037971497,0.4220499098300934,0.24107979238033295,-0.0949360653758049,0.9701793193817139,0.4025478959083557,0.2870618999004364,0.04700127989053726,0.9909274578094482,0.3983810544013977,0.28759628534317017,-0.1796935647726059,0.9997900128364563,0.40761247277259827,0.3789554238319397,0.06352414190769196,0.013567128218710423,0.4000968337059021,0.38454872369766235,-0.20662589371204376,0.966285765171051,0.4184590280056,0.4450100362300873,0.019637221470475197,0.03176431357860565,0.42384451627731323,0.460476815700531,-0.1972784548997879,0.9167782664299011,0.4216574728488922,0.46883663535118103,0.017708059400320053,0.046183764934539795,0.4269862771034241,0.48218032717704773,-0.2179468870162964,0.881398618221283,0.42649874091148376,0.46741536259651184,0.0025275584775954485,0.04694090411067009,0.4309476315975189,0.4807412028312683,-0.21406295895576477,0.8708899617195129,0.42550531029701233,0.4590965211391449,0.010662166401743889,0.04846890643239021,0.43051061034202576,0.4732782244682312,-0.19492529332637787,0.8098903298377991,0.4138863682746887,0.45365363359451294,0.0728740245103836,0.9851760268211365,0.41590452194213867,0.4521717429161072,-0.07291628420352936,0.9899348020553589,0.41704463958740234,0.5627967119216919,0.11801419407129288,0.21901115775108337,0.41494011878967285,0.5749896764755249,-0.02860291302204132,0.8645111322402954,0.4108507037162781,0.6815975904464722,0.19039449095726013,0.38265472650527954,0.4122246205806732,0.6972684264183044,0.03475441783666611,0.8999244570732117,0.4043154716491699,0.7043319940567017,0.19421075284481049,0.5666656494140625,0.4056115746498108,0.7215964198112488,0.03746175765991211,0.8921154141426086,0.438448041677475,0.6940183043479919,0.16065922379493713,0.6157482862472534,0.44544824957847595,0.7099838852882385,-0.01930035650730133,0.8957399129867554
201,turn,0.42437148094177246,0.2293381541967392,-0.0846814513206482,0.9606474041938782,0.4199787676334381,0.21669065952301025,-0.07580545544624329,0.925870954990387,0.4190865159034729,0.21630747616291046,-0.07581134140491486,0.9238348007202148,0.4180223345756531,0.21586278080940247,-0.07578449696302414,0.9363707900047302,0.41971224546432495,0.21724604070186615,-0.09965144097805023,0.9456879496574402,0.4187280535697937,0.2172696441411972,-0.09968288242816925,0.9502362608909607,0.41757264733314514,0.21728301048278809,-0.09976836293935776,0.9564656615257263,0.40911784768104553,0.2214338481426239,-0.028445174917578697,0.8549570441246033,0.40904921293258667,0.22254395484924316,-0.13559356331825256,0.9530714154243469,0.42298683524131775,0.24094215035438538,-0.06404181569814682,0.946786105632782,0.42212048172950745,0.241093248128891,-0.09493150562047958,0.9700568914413452,0.402646541595459,0.287060409784317,0.047019727528095245,0.9908871054649353,0.3984127640724182,0.2875986099243164,-0.17969726026058197,0.9997892379760742,0.40764468908309937,0.37895703315734863,0.06359070539474487,0.013591005466878414,0.4001576006412506,0.38458383083343506,-0.20662732422351837,0.9661255478858948,0.4185379445552826,0.444987952709198,0.019758284091949463,0.03168134018778801,0.42389440536499023,0.4604857861995697,-0.19724151492118835,0.9161860942840576,0.42173537611961365,0.4686661660671234,0.01782495342195034,0.04605432227253914,0.4270111918449402,0.48218104243278503,-0.21789276599884033,0.8806713819503784,0.426628977060318,0.4671746492385864,0.0026613331865519285,0.04681095853447914,0.43099600076675415,0.48070845007896423,-0.21405179798603058,0.8701350092887878,0.4256459176540375,0.45899951457977295,0.010784858837723732,0.04834795743227005,0.4305683672428131,0.47325998544692993,-0.19490401446819305,0.8089641332626343,0.41395705938339233,0.4536142647266388,0.07287722080945969,0.9850741624832153,0.41592931747436523,0.45216500759124756,-0.072919562458992,0.9898514747619629,0.4171101450920105,0.5627283453941345,0.11806853860616684,0.21828313171863556,0.41494879126548767,0.574963390827179,-0.028601234778761864,0.8633919954299927,0.410850465297699,0.6816147565841675,0.19069990515708923,0.3810017704963684,0.41220802068710327,0.6972777843475342,0.03504059836268425,0.8988786935806274,0.40431180596351624,0.7043244242668152,0.19454529881477356,0.565273106098175,0.4055752754211426,0.7215964198112488,0.0378185510635376,0.8912674784660339,0.4385572075843811,0.6938452124595642,0.16099224984645844,0.6139501333236694,0.4454478323459625,0.7099863886833191,-0.018836047500371933,0.8947566151618958
202,turn,0.42441606521606445,0.22933755815029144,-0.0852331891655922,0.960790753364563,0.4200025498867035,0.2166932225227356,-0.07636277377605438,0.9260035157203674,0.41910749673843384,0.21631036698818207,-0.07636912167072296,0.9238278865814209,0.41804057359695435,0.21586595475673676,-0.0763435885310173,0.9364019632339478,0.41974109411239624,0.21724893152713776,-0.10016974061727524,0.9459296464920044,0.4187585711479187,0.2172730565071106,-0.10020145028829575,0.9503920078277588,0.41760462522506714,0.21728700399398804,-0.10028724372386932,0.9566401839256287,0.4091483950614929,0.22145161032676697,-0.028985094279050827,0.8551474213600159,0.4090849459171295,0.22255952656269073,-0.13597768545150757,0.9533048272132874,0.4230382442474365,0.24093171954154968,-0.06458227336406708,0.9470633268356323,0.4221765100955963,0.2410883754491806,-0.09542009979486465,0.970226526260376,0.402848482131958,0.28705689311027527,0.04662243276834488,0.990827739238739,0.39841705560684204,0.2875983417034149,-0.17997953295707703,0.9997890591621399,0.40791240334510803,0.3789047300815582,0.06345872581005096,0.013635470531880856,0.4001978933811188,0.38458022475242615,-0.20695988833904266,0.9660996198654175,0.4189368188381195,0.4447821378707886,0.019557777792215347,0.03161300718784332,0.4239199161529541,0.460488885641098,-0.19763197004795074,0.9158421754837036,0.42217880487442017,0.4683234393596649,0.017525289207696915,0.04595217853784561,0.4270230829715729,0.4821702837944031,-0.21829602122306824,0.8802714943885803,0.4270022511482239,0.4669720530509949,0.0023890628945082426,0.046705927699804306,0.43103545904159546,0.48069846630096436,-0.2147379368543625,0.8697000741958618,0.4260214865207672,0.45890408754348755,0.010581247508525848,0.04827021062374115,0.43061599135398865,0.4732518196105957,-0.19540348649024963,0.8084858655929565,0.41416946053504944,0.4536117613315582,0.072879359126091,0.9849677681922913,0.4159815311431885,0.45217472314834595,-0.07292191684246063,0.9898078441619873,0.4171704649925232,0.5627260804176331,0.1190187931060791,0.21840807795524597,0.41495341062545776,0.5751290321350098,-0.02811361849308014,0.8633005619049072,0.4108506739139557,0.6816250681877136,0.19337160885334015,0.38014423847198486,0.4122074544429779,0.6973025798797607,0.03686519339680672,0.89869225025177,0.404285192489624,0.7043286561965942,0.19743970036506653,0.5644025206565857,0.4055546820163727,0.7216495871543884,0.03979884460568428,0.8909121155738831,0.43854808807373047,0.6937216520309448,0.16418449580669403,0.6132456660270691,0.4454592168331146,0.7100352644920349,-0.0170112457126379,0.8943676352500916
203,turn,0.42441892623901367,0.22924095392227173,-0.0859118103981018,0.9614997506141663,0.4200032651424408,0.21665388345718384,-0.07705876231193542,0.927111029624939,0.41910696029663086,0.2162785828113556,-0.07706598192453384,0.9247867465019226,0.41804012656211853,0.21584270894527435,-0.07704190909862518,0.9372433423995972,0.41974344849586487,0.21721133589744568,-0.10078634321689606,0.9469054341316223,0.4187614321708679,0.2172425538301468,-0.10081808269023895,0.9511998295783997,0.41760772466659546,0.21726275980472565,-0.10090307146310806,0.9573976993560791,0.4091566205024719,0.22145581245422363,-0.02958429791033268,0.8570005893707275,0.4090912342071533,0.22256726026535034,-0.13627485930919647,0.9542050957679749,0.4230552613735199,0.24083343148231506,-0.06521660089492798,0.948135256767273,0.42220038175582886,0.24101293087005615,-0.09595734626054764,0.970877468585968,0.40319329500198364,0.2870778441429138,0.04599098861217499,0.9908243417739868,0.39841774106025696,0.28762879967689514,-0.18014132976531982,0.9997901320457458,0.4082659184932709,0.3788435161113739,0.06336071342229843,0.01371860597282648,0.4002017378807068,0.3845784068107605,-0.20720744132995605,0.9664952158927917,0.419666588306427,0.44446802139282227,0.019335508346557617,0.03159045800566673,0.4239235818386078,0.4604976177215576,-0.19779910147190094,0.9159800410270691,0.42310184240341187,0.46832865476608276,0.01705591008067131,0.04591125249862671,0.4270269274711609,0.4821721017360687,-0.2184751331806183,0.8802811503410339,0.4277210235595703,0.46683984994888306,0.00195891410112381,0.046668730676174164,0.431063711643219,0.4806990623474121,-0.21519772708415985,0.8696898221969604,0.42657503485679626,0.4588468670845032,0.010353464633226395,0.04827025532722473,0.4306364953517914,0.47325196862220764,-0.19566962122917175,0.8085842132568359,0.4145474433898926,0.4537982642650604,0.07287970185279846,0.9850420355796814,0.41602015495300293,0.45257270336151123,-0.07292233407497406,0.989881157875061,0.41722816228866577,0.563112735748291,0.12068088352680206,0.21944887936115265,0.4149402678012848,0.5758410692214966,-0.026410341262817383,0.8645805716514587,0.41086119413375854,0.6816996932029724,0.19710424542427063,0.3815283179283142,0.41221219301223755,0.6974523067474365,0.041391804814338684,0.8997352719306946,0.40427476167678833,0.70433109998703,0.20138832926750183,0.5653273463249207,0.4055374562740326,0.7217046022415161,0.04460682347416878,0.8912274837493896,0.4386538863182068,0.6937212944030762,0.16803641617298126,0.615173876285553,0.4454597532749176,0.7101806402206421,-0.012264092452824116,0.8952382206916809
204,turn,0.4244235157966614,0.22905009984970093,-0.08651934564113617,0.9622416496276855,0.4199921190738678,0.21651889383792877,-0.07770828902721405,0.9283517003059387,0.419095903635025,0.21615687012672424,-0.07771606743335724,0.9258617162704468,0.4180309772491455,0.21573689579963684,-0.07769288867712021,0.9381872415542603,0.4197313189506531,0.21708106994628906,-0.10142482817173004,0.9479771852493286,0.4187515676021576,0.21712756156921387,-0.10145680606365204,0.9520866870880127,0.4176006317138672,0.2171599119901657,-0.10154155641794205,0.958229660987854,0.4091596007347107,0.22144697606563568,-0.030122334137558937,0.8589927554130554,0.409096896648407,0.2225514054298401,-0.1367427408695221,0.9551728367805481,0.4230581223964691,0.24068987369537354,-0.06576491892337799,0.9492735266685486,0.4222043454647064,0.24090680480003357,-0.09648928046226501,0.9715719819068909,0.40362438559532166,0.28710493445396423,0.04548633098602295,0.9908185601234436,0.39835041761398315,0.2876894176006317,-0.18041060864925385,0.9997906684875488,0.4085525572299957,0.37880387902259827,0.06336097419261932,0.013806895352900028,0.4002036154270172,0.38460057973861694,-0.2075151950120926,0.9669193625450134,0.42008471488952637,0.4442765414714813,0.01923254504799843,0.03155401721596718,0.42394083738327026,0.460520476102829,-0.19801020622253418,0.9162696003913879,0.4234636723995209,0.46808695793151855,0.016758892685174942,0.04585268720984459,0.4270361065864563,0.482178270816803,-0.21868710219860077,0.8804603815078735,0.42808833718299866,0.4666329622268677,0.001651147147640586,0.04662136733531952,0.4310985207557678,0.48069289326667786,-0.21563883125782013,0.8698617815971375,0.4268774092197418,0.4587523639202118,0.010234682820737362,0.04827108234167099,0.43066921830177307,0.4732491075992584,-0.19595567882061005,0.808864951133728,0.41495251655578613,0.4539404511451721,0.07287953794002533,0.9851316213607788,0.416029155254364,0.4529135525226593,-0.07292233407497406,0.9899492263793945,0.4172702431678772,0.5634034276008606,0.12122652679681778,0.21984227001667023,0.4149402976036072,0.5760892033576965,-0.025763249024748802,0.8653316497802734,0.4108966886997223,0.6817024350166321,0.19800551235675812,0.3822598457336426,0.4122118055820465,0.6975102424621582,0.04297813028097153,0.9004542827606201,0.4042813777923584,0.7042789459228516,0.20229430496692657,0.5658287405967712,0.40551629662513733,0.7217187881469727,0.0462753102183342,0.8912731409072876,0.4387586712837219,0.6937229037284851,0.16865304112434387,0.6165367960929871,0.445446252822876,0.7102494835853577,-0.010645540431141853,0.8958828449249268
205,turn,0.42442774772644043,0.22885145246982574,-0.08649567514657974,0.9622384905815125,0.4199865460395813,0.21641546487808228,-0.07770270109176636,0.9282882213592529,0.41908854246139526,0.21606621146202087,-0.0777101144194603,0.9256333112716675,0.4180231988430023,0.21566025912761688,-0.07768650352954865,0.9380061030387878,0.41972875595092773,0.2169736623764038,-0.10144935548305511,0.948139488697052,0.41875091195106506,0.21702943742275238,-0.10148148238658905,0.9521898031234741,0.4176015853881836,0.21706706285476685,-0.10156682878732681,0.9583352208137512,0.4091658592224121,0.2214379608631134,-0.030156854540109634,0.858531653881073,0.40910762548446655,0.22251756489276886,-0.13691756129264832,0.9552856683731079,0.4230610430240631,0.24054503440856934,-0.06574941426515579,0.9494147896766663,0.4222066402435303,0.2407926768064499,-0.09650463610887527,0.9716723561286926,0.40367794036865234,0.2871062457561493,0.04551953822374344,0.9906855225563049,0.3983522057533264,0.2876458764076233,-0.1807837039232254,0.9997897148132324,0.4086759090423584,0.37879374623298645,0.06370703876018524,0.013767125084996223,0.4002343714237213,0.3845767080783844,-0.20796537399291992,0.9671359658241272,0.4201493263244629,0.44425323605537415,0.019399220123887062,0.03138355165719986,0.42399662733078003,0.4605232775211334,-0.19872957468032837,0.9166065454483032,0.42346110939979553,0.46798622608184814,0.016940467059612274,0.04564037173986435,0.4270800054073334,0.4821811616420746,-0.2194308340549469,0.8808638453483582,0.4281887412071228,0.46656176447868347,0.0017395236063748598,0.04641646891832352,0.4311543405056,0.4806910753250122,-0.2163359373807907,0.8702635169029236,0.4269641041755676,0.4587317109107971,0.010357982479035854,0.0480976365506649,0.4307281970977783,0.4732476472854614,-0.19664695858955383,0.8093612790107727,0.4150380492210388,0.45385247468948364,0.07295293360948563,0.9849758148193359,0.4160733222961426,0.45283254981040955,-0.07299645245075226,0.9898716807365417,0.4172988533973694,0.563386857509613,0.12072844803333282,0.2199399471282959,0.4149411618709564,0.5760692358016968,-0.02685152366757393,0.8654844164848328,0.41093915700912476,0.681704580783844,0.19665086269378662,0.3816997706890106,0.4121893346309662,0.6976362466812134,0.04014245420694351,0.9008424878120422,0.4043019711971283,0.7042416334152222,0.20084142684936523,0.5657417178153992,0.40542182326316833,0.7218027710914612,0.0431874543428421,0.8913467526435852,0.43878817558288574,0.6937105059623718,0.1670554131269455,0.6165429353713989,0.44539985060691833,0.7103047966957092,-0.014414618723094463,0.8961494565010071
206,turn,0.42443132400512695,0.22878901660442352,-0.08645229041576385,0.9620908498764038,0.4199833273887634,0.21638022363185883,-0.07766810804605484,0.9279469847679138,0.4190841317176819,0.21603429317474365,-0.0776757225394249,0.9251984357833862,0.41801875829696655,0.21563279628753662,-0.07765219360589981,0.937651515007019,0.41972845792770386,0.21693851053714752,-0.10139878839254379,0.9479756951332092,0.41875186562538147,0.21699725091457367,-0.10143081843852997,0.9520018696784973,0.41760286688804626,0.21703729033470154,-0.10151644796133041,0.9581652879714966,0.40917277336120605,0.22143806517124176,-0.030134830623865128,0.8576688170433044,0.4091316759586334,0.22251300513744354,-0.13684049248695374,0.9550805687904358,0.42306527495384216,0.24049566686153412,-0.06571334600448608,0.949290931224823,0.4222102165222168,0.2407558262348175,-0.09645076841115952,0.9715911746025085,0.40366846323013306,0.28710323572158813,0.045531563460826874,0.9906103014945984,0.398408442735672,0.2876231372356415,-0.1807502955198288,0.9997884035110474,0.4086682200431824,0.378792941570282,0.06373124569654465,0.013734268955886364,0.400320440530777,0.38457247614860535,-0.20791904628276825,0.9671326875686646,0.42013654112815857,0.4442498981952667,0.019526008516550064,0.03128549084067345,0.42402878403663635,0.4605289101600647,-0.19868460297584534,0.9165405631065369,0.4234372675418854,0.467957466840744,0.017112093046307564,0.04551973566412926,0.42710965871810913,0.48219600319862366,-0.21939077973365784,0.8808025121688843,0.42818331718444824,0.466561883687973,0.0018848497420549393,0.04630344361066818,0.43118754029273987,0.48070383071899414,-0.2162989377975464,0.8701755404472351,0.42698782682418823,0.45872819423675537,0.010481123812496662,0.047999292612075806,0.43076854944229126,0.4732571542263031,-0.19660747051239014,0.8092605471611023,0.41505298018455505,0.45383232831954956,0.07295854389667511,0.9849193096160889,0.41615065932273865,0.45281922817230225,-0.07300236821174622,0.9898379445075989,0.4173683524131775,0.563416600227356,0.12069422006607056,0.22004777193069458,0.4149332046508789,0.5761434435844421,-0.026871496811509132,0.8654475212097168,0.410978227853775,0.681755781173706,0.19644121825695038,0.3818666636943817,0.4121602475643158,0.6977930068969727,0.04002508893609047,0.9011842012405396,0.4043181538581848,0.7042471170425415,0.20059433579444885,0.5662546157836914,0.4053278863430023,0.7218303084373474,0.04306681826710701,0.8914443850517273,0.43885159492492676,0.6939772963523865,0.16681605577468872,0.6171835660934448,0.4453365206718445,0.7105083465576172,-0.014413198456168175,0.8964529633522034
207,turn,0.4244344234466553,0.22875835001468658,-0.08622406423091888,0.9617295265197754,0.41998401284217834,0.2163701206445694,-0.07742052525281906,0.9272651672363281,0.41908469796180725,0.21602393686771393,-0.07742873579263687,0.9244489073753357,0.4180193543434143,0.21562248468399048,-0.07740550488233566,0.9370662569999695,0.41972947120666504,0.21692952513694763,-0.10114051401615143,0.9474377036094666,0.4187541604042053,0.21698898077011108,-0.10117234289646149,0.9514676928520203,0.4176071286201477,0.21702983975410461,-0.10125881433486938,0.9577112197875977,0.4091833531856537,0.22143574059009552,-0.029957804828882217,0.8564595580101013,0.40915432572364807,0.22251304984092712,-0.13661858439445496,0.9546167254447937,0.42307329177856445,0.24046775698661804,-0.06552144885063171,0.9489026069641113,0.42221593856811523,0.24074484407901764,-0.09624499827623367,0.9713341593742371,0.4036645293235779,0.287104070186615,0.04565078765153885,0.9905621409416199,0.3985222280025482,0.2876213788986206,-0.18063302338123322,0.999786376953125,0.40867024660110474,0.3788037896156311,0.06373049318790436,0.013706118799746037,0.4004507064819336,0.38457751274108887,-0.20773454010486603,0.9669374823570251,0.4201205372810364,0.44426554441452026,0.019561657682061195,0.031214503571391106,0.4240521490573883,0.4605591297149658,-0.1985199749469757,0.9161155819892883,0.42344483733177185,0.46832412481307983,0.01716378889977932,0.04541502520442009,0.42713361978530884,0.4822123944759369,-0.2192569077014923,0.8803025484085083,0.4281960129737854,0.4669925272464752,0.001963141141459346,0.04619833454489708,0.43121495842933655,0.4807160794734955,-0.2161087691783905,0.869612455368042,0.4270068109035492,0.45874232053756714,0.010526439175009727,0.047903019934892654,0.4307938516139984,0.4732746183872223,-0.19644148647785187,0.8085960745811462,0.4150504469871521,0.45384785532951355,0.07295624911785126,0.984866201877594,0.41619962453842163,0.45282426476478577,-0.07300025969743729,0.9897810816764832,0.4173922538757324,0.5634275078773499,0.12065869569778442,0.21958158910274506,0.41494321823120117,0.5761404633522034,-0.026896441355347633,0.8648453950881958,0.41098088026046753,0.6819100975990295,0.19621607661247253,0.3809334933757782,0.41214436292648315,0.6978782415390015,0.03997068107128143,0.9007471799850464,0.4043125510215759,0.7044669985771179,0.20034584403038025,0.5654361844062805,0.4052945077419281,0.7219011783599854,0.04302964732050896,0.8909943699836731,0.43894094228744507,0.6941685676574707,0.1666128933429718,0.6163313984870911,0.44533810019493103,0.7105663418769836,-0.014261789619922638,0.8959652185440063
208,turn,0.42443495988845825,0.2286302149295807,-0.08595876395702362,0.9614658951759338,0.4199846386909485,0.21631591022014618,-0.07716767489910126,0.9267557859420776,0.4190853238105774,0.21597519516944885,-0.07717625051736832,0.9238008260726929,0.4180208742618561,0.21558037400245667,-0.0771528035402298,0.9365692734718323,0.4197297692298889,0.21687662601470947,-0.10087820142507553,0.9471095204353333,0.4187549948692322,0.21694283187389374,-0.10091014951467514,0.9511067867279053,0.41760849952697754,0.21699020266532898,-0.10099770128726959,0.9574449062347412,0.40919631719589233,0.22142425179481506,-0.02975410781800747,0.8552225828170776,0.40915727615356445,0.22250030934810638,-0.13636955618858337,0.954329788684845,0.423076868057251,0.24038396775722504,-0.06527600437402725,0.9486397504806519,0.42221933603286743,0.24069619178771973,-0.09598629176616669,0.971178412437439,0.40369901061058044,0.2871118187904358,0.0459088459610939,0.9904893636703491,0.39856019616127014,0.2876207232475281,-0.18051625788211823,0.9997844696044922,0.4087028503417969,0.37878820300102234,0.0638943761587143,0.013656358234584332,0.40048035979270935,0.3845765292644501,-0.2076251059770584,0.9668563008308411,0.42015400528907776,0.44426679611206055,0.019787248224020004,0.031105315312743187,0.4240689277648926,0.46059125661849976,-0.19842180609703064,0.9158538579940796,0.4235067367553711,0.4686688780784607,0.01742822304368019,0.0452674962580204,0.4271395206451416,0.48223936557769775,-0.21917596459388733,0.8799630999565125,0.4282234311103821,0.46735891699790955,0.0022276784293353558,0.04605432227253914,0.43122443556785583,0.480742484331131,-0.21604669094085693,0.8692305684089661,0.42704588174819946,0.45876866579055786,0.010752511210739613,0.04777935519814491,0.43080630898475647,0.47330808639526367,-0.19635619223117828,0.8081852793693542,0.4150814116001129,0.4539254605770111,0.07295502722263336,0.9848781824111938,0.4162510335445404,0.4528729021549225,-0.07299918681383133,0.9897617697715759,0.4174075126647949,0.5634157061576843,0.12059253454208374,0.2188677042722702,0.41505616903305054,0.5759596824645996,-0.026915380731225014,0.8643960952758789,0.41098055243492126,0.6819700598716736,0.1960149109363556,0.38018369674682617,0.41213878989219666,0.6978832483291626,0.0400460883975029,0.9004800915718079,0.4043119549751282,0.7045925855636597,0.20012860000133514,0.564918577671051,0.40529322624206543,0.7219049334526062,0.04313761368393898,0.8905917406082153,0.4390891194343567,0.694198489189148,0.16641201078891754,0.6158250570297241,0.4453401565551758,0.7105320692062378,-0.013979745097458363,0.8957344889640808
209,turn,0.4244367480278015,0.22831644117832184,-0.0856567770242691,0.9613828063011169,0.4199851453304291,0.21616020798683167,-0.07690563797950745,0.9266830682754517,0.41908589005470276,0.21583320200443268,-0.07691416144371033,0.9235988855361938,0.41802144050598145,0.21545496582984924,-0.07689045369625092,0.9364606738090515,0.41973018646240234,0.21672189235687256,-0.10062028467655182,0.9471370577812195,0.4187558591365814,0.21680386364459991,-0.10065215826034546,0.9510911703109741,0.4176097512245178,0.21686457097530365,-0.10073985904455185,0.957472026348114,0.40921205282211304,0.22138665616512299,-0.029603367671370506,0.8547438383102417,0.4091625213623047,0.22245275974273682,-0.13622340559959412,0.9543153643608093,0.42307955026626587,0.24017950892448425,-0.0650208443403244,0.9485976696014404,0.4222218990325928,0.24055065214633942,-0.09573477506637573,0.971147358417511,0.4037536680698395,0.2871096432209015,0.046078871935606,0.9904050827026367,0.3985954523086548,0.28762128949165344,-0.18041782081127167,0.9997825026512146,0.4087349772453308,0.37872743606567383,0.06403346359729767,0.013609246350824833,0.4004867672920227,0.3845454752445221,-0.20754027366638184,0.9667226672172546,0.42018789052963257,0.44424545764923096,0.020072558894753456,0.031014541164040565,0.42407312989234924,0.46059828996658325,-0.1983737349510193,0.9155696034431458,0.4235478937625885,0.46883726119995117,0.017850887030363083,0.045152802020311356,0.4271314740180969,0.48225000500679016,-0.21909968554973602,0.8796427845954895,0.42824530601501465,0.46759021282196045,0.00257925339974463,0.04594789817929268,0.43122974038124084,0.48075979948043823,-0.21596959233283997,0.8688716292381287,0.4270787835121155,0.4587724804878235,0.011019667610526085,0.04769456386566162,0.4308130741119385,0.473325252532959,-0.19630727171897888,0.8077727556228638,0.41511455178260803,0.4537487328052521,0.07293655723333359,0.9848517775535583,0.41627877950668335,0.45272910594940186,-0.07298063486814499,0.989716649055481,0.41747745871543884,0.5630257725715637,0.11941806972026825,0.2184140384197235,0.4150727391242981,0.5755454301834106,-0.027633914723992348,0.8635529279708862,0.4109708368778229,0.6819737553596497,0.19288526475429535,0.3792165517807007,0.41213053464889526,0.6978428363800049,0.03807608038187027,0.8998539447784424,0.40429216623306274,0.7045981287956238,0.1967908889055252,0.5642520189285278,0.4052821695804596,0.7219069600105286,0.041006021201610565,0.8899591565132141,0.43898290395736694,0.6942007541656494,0.16303302347660065,0.614924430847168,0.4453490376472473,0.7105140089988708,-0.01603328250348568,0.8951576948165894
210,turn,0.424439013004303,0.2283180207014084,-0.08617755770683289,0.9619894027709961,0.41999784111976624,0.216158926486969,-0.07739391922950745,0.9277599453926086,0.41910213232040405,0.2158309370279312,-0.07740297168493271,0.9246430397033691,0.41804227232933044,0.21545138955116272,-0.07738052308559418,0.937333345413208,0.41973942518234253,0.21672077476978302,-0.10104651749134064,0.9479601979255676,0.41876548528671265,0.21680210530757904,-0.10107791423797607,0.9518109560012817,0.4176204800605774,0.216862291097641,-0.10116364061832428,0.958101749420166,0.40923255681991577,0.22137859463691711,-0.03007778897881508,0.8569232821464539,0.40916603803634644,0.22244730591773987,-0.13641908764839172,0.9550591111183167,0.423086553812027,0.24017605185508728,-0.06554687023162842,0.9494714736938477,0.42222484946250916,0.24054893851280212,-0.0961737334728241,0.9716208577156067,0.40400147438049316,0.2871098518371582,0.0454786941409111,0.9904448390007019,0.3985975980758667,0.28764134645462036,-0.18046779930591583,0.9997830390930176,0.40888872742652893,0.378622829914093,0.06329940259456635,0.013656141236424446,0.4005148410797119,0.3845564126968384,-0.20754273235797882,0.9668079018592834,0.42025065422058105,0.44414201378822327,0.019311171025037766,0.030946485698223114,0.42407169938087463,0.46060219407081604,-0.19837020337581635,0.915373682975769,0.42368441820144653,0.4688382148742676,0.016987372189760208,0.045037876814603806,0.42711830139160156,0.4822513163089752,-0.21908505260944366,0.879364550113678,0.42840462923049927,0.4676203727722168,0.0018275391776114702,0.045831792056560516,0.43123412132263184,0.4807609021663666,-0.21596792340278625,0.8686069846153259,0.4271763265132904,0.4587644338607788,0.010300016961991787,0.04759736731648445,0.4308186173439026,0.4733264148235321,-0.19631744921207428,0.8075287938117981,0.41512203216552734,0.45365798473358154,0.07291292399168015,0.9848620295524597,0.4162275195121765,0.45265889167785645,-0.07295777648687363,0.9897323250770569,0.4175802171230316,0.5630262494087219,0.11941684782505035,0.21929512917995453,0.4150804877281189,0.5757404565811157,-0.0275321863591671,0.8640567660331726,0.4109869599342346,0.681961715221405,0.19310112297534943,0.3793630301952362,0.4121289849281311,0.6978431344032288,0.03834116458892822,0.9002040028572083,0.40429502725601196,0.7046002149581909,0.197066530585289,0.5642774105072021,0.40527352690696716,0.7219082117080688,0.041319675743579865,0.8899332284927368,0.4391067624092102,0.6942099928855896,0.16338813304901123,0.6152149438858032,0.4453490674495697,0.7105322480201721,-0.01570531353354454,0.8953425288200378
211,turn,0.42445048689842224,0.22830505669116974,-0.08625107258558273,0.9627370238304138,0.4200126528739929,0.21614842116832733,-0.07748076319694519,0.9292122721672058,0.4191195070743561,0.21581974625587463,-0.07748971879482269,0.9260686039924622,0.418062686920166,0.21543985605239868,-0.07746762037277222,0.9385472536087036,0.4197511672973633,0.21671059727668762,-0.10114451497793198,0.9490814805030823,0.4187777638435364,0.21679165959358215,-0.10117588937282562,0.9528221487998962,0.4176345467567444,0.21685148775577545,-0.10126085579395294,0.9590019583702087,0.40927377343177795,0.2213725447654724,-0.03021923266351223,0.8596961498260498,0.409191370010376,0.2224372923374176,-0.13657157123088837,0.9560955166816711,0.423104465007782,0.2401449978351593,-0.06563601642847061,0.9504954814910889,0.4222409129142761,0.24052660167217255,-0.09627275168895721,0.9721972942352295,0.4042417109012604,0.28710490465164185,0.0454137958586216,0.9904606342315674,0.3986019492149353,0.28765127062797546,-0.18053480982780457,0.999783456325531,0.4090030789375305,0.37840789556503296,0.06330811232328415,0.01372172124683857,0.40051785111427307,0.38453564047813416,-0.20758147537708282,0.9669943451881409,0.4203125536441803,0.44382092356681824,0.019326746463775635,0.030940206721425056,0.4240630269050598,0.4605889916419983,-0.19843794405460358,0.9154887199401855,0.42370858788490295,0.4681662619113922,0.01701745018362999,0.04500972479581833,0.4270818829536438,0.4822336435317993,-0.21910814940929413,0.8794544339179993,0.4284523129463196,0.46717995405197144,0.0018507859203964472,0.04580819234251976,0.4312357008457184,0.48075592517852783,-0.21601882576942444,0.8687134385108948,0.4272354245185852,0.4586445689201355,0.010312006808817387,0.04760867357254028,0.4308236539363861,0.47332191467285156,-0.19639603793621063,0.80771404504776,0.4151204228401184,0.4533209204673767,0.07288075983524323,0.9848142266273499,0.4161350131034851,0.45234599709510803,-0.07292535901069641,0.989702045917511,0.41771188378334045,0.5628572702407837,0.11789669841527939,0.21991916000843048,0.41508156061172485,0.5757147669792175,-0.028516680002212524,0.8643745183944702,0.4110219478607178,0.6818346381187439,0.19032275676727295,0.3789152204990387,0.4121271073818207,0.697809636592865,0.03559853881597519,0.9001113772392273,0.404313325881958,0.7045375108718872,0.19414684176445007,0.5635735392570496,0.40527158975601196,0.7218884229660034,0.03836638852953911,0.8895025253295898,0.4391365945339203,0.6941574811935425,0.16044043004512787,0.6145656704902649,0.44534820318222046,0.7105152010917664,-0.018851786851882935,0.8950343728065491
212,turn,0.4244604706764221,0.22822973132133484,-0.08683798462152481,0.9633683562278748,0.42002177238464355,0.21607844531536102,-0.07807423174381256,0.9304088354110718,0.4191306233406067,0.21575145423412323,-0.07808301597833633,0.9271754622459412,0.4180760979652405,0.21537475287914276,-0.07806091010570526,0.9395129680633545,0.4197579026222229,0.2166394740343094,-0.1018240824341774,0.9500893354415894,0.41878485679626465,0.2167227566242218,-0.10185562074184418,0.9536986947059631,0.4176429212093353,0.2167825549840927,-0.10194037854671478,0.9598063826560974,0.4093099534511566,0.22132733464241028,-0.03067777492105961,0.8617064952850342,0.40920907258987427,0.22237557172775269,-0.13739562034606934,0.9569939374923706,0.42312273383140564,0.24006929993629456,-0.06616254150867462,0.9514262676239014,0.42225998640060425,0.24046306312084198,-0.09690698981285095,0.972729504108429,0.4044477343559265,0.2871001660823822,0.0452691987156868,0.9904671907424927,0.398593008518219,0.2876651883125305,-0.18132439255714417,0.9997842907905579,0.4091201424598694,0.378217488527298,0.06331535428762436,0.013800404034554958,0.4005196690559387,0.3845292925834656,-0.20847976207733154,0.9672834873199463,0.42037779092788696,0.44322288036346436,0.0189766027033329,0.031027015298604965,0.42405620217323303,0.460586279630661,-0.1995241940021515,0.9158638715744019,0.4237716794013977,0.46766993403434753,0.01658133789896965,0.045103758573532104,0.4270644783973694,0.4822275936603546,-0.22024083137512207,0.8798605799674988,0.4284977912902832,0.46683454513549805,0.0012915808474645019,0.045923370867967606,0.43123650550842285,0.4807535707950592,-0.21737170219421387,0.8691796660423279,0.4272800385951996,0.4585399627685547,0.009888915345072746,0.04775674268603325,0.4308272898197174,0.47332027554512024,-0.19755026698112488,0.8083351850509644,0.41513973474502563,0.45307421684265137,0.07289795577526093,0.98480623960495,0.4160526692867279,0.4521719515323639,-0.07294274866580963,0.9896957278251648,0.417752742767334,0.5628266334533691,0.11794010549783707,0.22084270417690277,0.4150823950767517,0.5757021903991699,-0.02867232821881771,0.8648125529289246,0.411021888256073,0.6817773580551147,0.1906730830669403,0.3794632852077484,0.4121215343475342,0.6977832317352295,0.03570657968521118,0.9002938270568848,0.40430116653442383,0.7045236229896545,0.19453811645507812,0.5640085935592651,0.4052698016166687,0.7218889594078064,0.03850157931447029,0.8893833756446838,0.43913429975509644,0.6941154599189758,0.16076765954494476,0.6152463555335999,0.44535017013549805,0.7104973196983337,-0.018991786986589432,0.8951797485351562
