frame,activity,l0_x,l0_y,l0_z,l0_v,l1_x,l1_y,l1_z,l1_v,l2_x,l2_y,l2_z,l2_v,l3_x,l3_y,l3_z,l3_v,l4_x,l4_y,l4_z,l4_v,l5_x,l5_y,l5_z,l5_v,l6_x,l6_y,l6_z,l6_v,l7_x,l7_y,l7_z,l7_v,l8_x,l8_y,l8_z,l8_v,l9_x,l9_y,l9_z,l9_v,l10_x,l10_y,l10_z,l10_v,l11_x,l11_y,l11_z,l11_v,l12_x,l12_y,l12_z,l12_v,l13_x,l13_y,l13_z,l13_v,l14_x,l14_y,l14_z,l14_v,l15_x,l15_y,l15_z,l15_v,l16_x,l16_y,l16_z,l16_v,l17_x,l17_y,l17_z,l17_v,l18_x,l18_y,l18_z,l18_v,l19_x,l19_y,l19_z,l19_v,l20_x,l20_y,l20_z,l20_v,l21_x,l21_y,l21_z,l21_v,l22_x,l22_y,l22_z,l22_v,l23_x,l23_y,l23_z,l23_v,l24_x,l24_y,l24_z,l24_v,l25_x,l25_y,l25_z,l25_v,l26_x,l26_y,l26_z,l26_v,l27_x,l27_y,l27_z,l27_v,l28_x,l28_y,l28_z,l28_v,l29_x,l29_y,l29_z,l29_v,l30_x,l30_y,l30_z,l30_v,l31_x,l31_y,l31_z,l31_v,l32_x,l32_y,l32_z,l32_v
0,walk,0.44653838872909546,0.23888945579528809,-0.4452895224094391,0.9999269843101501,0.45222148299217224,0.2226710170507431,-0.45089587569236755,0.9999030232429504,0.4548998773097992,0.2214261144399643,-0.4509198069572449,0.9999138712882996,0.4575560688972473,0.2202710658311844,-0.4510158598423004,0.9999056458473206,0.4449712336063385,0.2230410873889923,-0.44455164670944214,0.9999102354049683,0.44291406869888306,0.2219650000333786,-0.44457125663757324,0.99991375207901,0.44086700677871704,0.22092674672603607,-0.4446442127227783,0.9998963475227356,0.46539798378944397,0.20705965161323547,-0.3970739245414734,0.9999154210090637,0.4401310086250305,0.2077283263206482,-0.36879512667655945,0.9998974800109863,0.4514290690422058,0.24203450977802277,-0.41757726669311523,0.9999228715896606,0.444357693195343,0.24237442016601562,-0.40932807326316833,0.9999289512634277,0.4944632947444916,0.2432776838541031,-0.3084335923194885,0.9999112486839294,0.4213978350162506,0.23712211847305298,-0.2717083692550659,0.9999282956123352,0.533347487449646,0.33397942781448364,-0.3129052519798279,0.9777308702468872,0.39526334404945374,0.33401191234588623,-0.26551273465156555,0.9879595637321472,0.545437753200531,0.44664090871810913,-0.365392804145813,0.6890618205070496,0.3897762894630432,0.4460536241531372,-0.326715350151062,0.8381560444831848,0.548881471157074,0.4728633463382721,-0.4000604748725891,0.5543200373649597,0.38215869665145874,0.4722142517566681,-0.3541952669620514,0.7225809693336487,0.5413914322853088,0.47415995597839355,-0.4169153571128845,0.5365540981292725,0.39272385835647583,0.47628170251846313,-0.3787592947483063,0.7061565518379211,0.5320979952812195,0.4749625623226166,-0.37363746762275696,0.49459007382392883,0.39853435754776,0.47102898359298706,-0.3381275534629822,0.6370284557342529,0.4761136472225189,0.414348304271698,-0.00765646155923605,0.9996446967124939,0.43755292892456055,0.4090755581855774,0.00775623694062233,0.9994878172874451,0.4734222888946533,0.5464230179786682,0.050623632967472076,0.9487472772598267,0.4428330957889557,0.5365756154060364,0.05843467265367508,0.9598191976547241,0.4653838276863098,0.6340011954307556,0.27887338399887085,0.9431270956993103,0.44891613721847534,0.6344479322433472,0.29469284415245056,0.9457598328590393,0.46253663301467896,0.6437572836875916,0.29720741510391235,0.9448478817939758,0.45194292068481445,0.6436231732368469,0.31599941849708557,0.9301746487617493,0.4663034975528717,0.6698216795921326,0.22010460495948792,0.8583125472068787,0.4463804364204407,0.6775841116905212,0.2410508692264557,0.8347952365875244
1,walk,0.4649527966976166,0.1019202321767807,-0.06696714460849762,0.9999310970306396,0.4609602093696594,0.08890029788017273,-0.09170747548341751,0.999909520149231,0.45823222398757935,0.08891917020082474,-0.09167250990867615,0.9999174475669861,0.4557407796382904,0.08891881257295609,-0.09174013137817383,0.9999103546142578,0.46905770897865295,0.08970290422439575,-0.08824443817138672,0.9999154806137085,0.4715043604373932,0.09029211103916168,-0.08816912770271301,0.9999167919158936,0.47375553846359253,0.09077951312065125,-0.08823003619909286,0.9999017119407654,0.4518616199493408,0.09105329215526581,-0.17004603147506714,0.9999210238456726,0.4752523899078369,0.09464910626411438,-0.1561906933784485,0.9999052286148071,0.46085476875305176,0.1127195879817009,-0.0892881229519844,0.9999280571937561,0.4696480631828308,0.11513622850179672,-0.0851605013012886,0.9999333620071411,0.42224669456481934,0.18368951976299286,-0.18224133551120758,0.9999167323112488,0.5067678093910217,0.1845090240240097,-0.17899943888187408,0.9999270439147949,0.41714009642601013,0.32650214433670044,-0.18358740210533142,0.9798224568367004,0.5305003523826599,0.3304952383041382,-0.20351305603981018,0.9887042045593262,0.4516063332557678,0.4463079273700714,-0.13851451873779297,0.718433141708374,0.5365287661552429,0.4474565386772156,-0.166390523314476,0.8539679050445557,0.515985906124115,0.4746173918247223,-0.15487901866436005,0.5932372808456421,0.5389500856399536,0.4798574149608612,-0.18157510459423065,0.7493783235549927,0.47845426201820374,0.4779342710971832,-0.15832698345184326,0.5764395594596863,0.5314559936523438,0.4813642203807831,-0.18756428360939026,0.7343962788581848,0.44811272621154785,0.47184714674949646,-0.14110806584358215,0.5369823575019836,0.5264584422111511,0.47411084175109863,-0.17038437724113464,0.6716641783714294,0.44369974732398987,0.4006165862083435,-0.009276562370359898,0.9996550679206848,0.48497432470321655,0.39631521701812744,0.009329471737146378,0.9993883967399597,0.44192084670066833,0.5720103979110718,0.06946168094873428,0.9464186429977417,0.4923137128353119,0.5535523891448975,0.09913048893213272,0.9326157569885254,0.4394374489784241,0.7620229721069336,0.18660743534564972,0.9431449174880981,0.49927982687950134,0.7513529658317566,0.21900267899036407,0.9345888495445251,0.4449879229068756,0.7836014628410339,0.19171519577503204,0.9406328797340393,0.49838191270828247,0.7535151243209839,0.22499611973762512,0.9157638549804688,0.44443196058273315,0.7662988305091858,0.13441026210784912,0.8467743992805481,0.5002012848854065,0.7500845789909363,0.15841779112815857,0.8022363185882568
2,walk,0.4706064760684967,0.08739586174488068,0.23474439978599548,0.9999303817749023,0.4649335443973541,0.07203984260559082,0.2057521641254425,0.9999110102653503,0.46154841780662537,0.07159914821386337,0.2057691365480423,0.9999157786369324,0.45813870429992676,0.07153330743312836,0.20571592450141907,0.9999108910560608,0.47391238808631897,0.0744713768362999,0.2063501626253128,0.9999159574508667,0.47649437189102173,0.07517805695533752,0.2064378559589386,0.9999145865440369,0.47913163900375366,0.07574816048145294,0.2063712328672409,0.9999022483825684,0.4516197741031647,0.08159957081079483,0.08957589417695999,0.9999232888221741,0.48057126998901367,0.08363082259893417,0.09021176397800446,0.9999067783355713,0.4662039875984192,0.10107344388961792,0.19877037405967712,0.9999276995658875,0.47546038031578064,0.10265985876321793,0.19898542761802673,0.9999332427978516,0.41101211309432983,0.18038202822208405,0.02445242740213871,0.9999172687530518,0.5158270597457886,0.18624600768089294,0.014150555245578289,0.9999207854270935,0.3968563675880432,0.3213188946247101,0.011454600840806961,0.9814208745956421,0.5398743152618408,0.3279169499874115,-0.015253293327987194,0.9895663261413574,0.41820889711380005,0.447437584400177,0.06042212247848511,0.7321690917015076,0.5472680926322937,0.44777125120162964,0.03328169137239456,0.8666438460350037,0.4856549799442291,0.47914525866508484,0.05327535420656204,0.6003276705741882,0.548984944820404,0.4860309958457947,0.02680082619190216,0.7691588401794434,0.4487912654876709,0.4808361828327179,0.05574724078178406,0.5829798579216003,0.5418322682380676,0.4853920042514801,0.03156726062297821,0.7549453377723694,0.4188901484012604,0.47213923931121826,0.060633786022663116,0.5428165197372437,0.538756251335144,0.47620484232902527,0.033470362424850464,0.6954096555709839,0.43406200408935547,0.4201829135417938,-0.009068718180060387,0.9995907545089722,0.4909020960330963,0.41513094305992126,0.009012224152684212,0.9992140531539917,0.4340704083442688,0.640044093132019,0.03634119778871536,0.9500223398208618,0.5004879236221313,0.6356257796287537,0.06735008209943771,0.9341283440589905,0.4264741539955139,0.8384250402450562,0.11071155220270157,0.9454678297042847,0.5049065947532654,0.8380603194236755,0.13252952694892883,0.9372512698173523,0.42964354157447815,0.8769083619117737,0.11507561057806015,0.9414442181587219,0.5046983361244202,0.8717040419578552,0.13759620487689972,0.9181605577468872,0.4254511296749115,0.8357061743736267,0.07173030823469162,0.8441120386123657,0.5009839534759521,0.8370887637138367,0.08779282122850418,0.800538957118988
3,walk,0.46806401014328003,0.08499486744403839,0.256546288728714,0.9999313354492188,0.4632125794887543,0.0697631984949112,0.2271905243396759,0.9999123215675354,0.4599229395389557,0.06946173310279846,0.22721299529075623,0.9999145865440369,0.4563809037208557,0.06958966702222824,0.22718343138694763,0.9999110698699951,0.4720684885978699,0.07206197828054428,0.22622545063495636,0.9999170303344727,0.47489070892333984,0.07298623025417328,0.22628375887870789,0.9999141693115234,0.4778958261013031,0.07399913668632507,0.22618865966796875,0.9999040365219116,0.4498509466648102,0.08073904365301132,0.11233772337436676,0.9999234080314636,0.48050355911254883,0.08205626159906387,0.10706709325313568,0.9999089241027832,0.46323084831237793,0.09905361384153366,0.22084255516529083,0.9999290108680725,0.47299471497535706,0.10001787543296814,0.21927490830421448,0.999934732913971,0.40903201699256897,0.17637836933135986,0.06056453660130501,0.9999154210090637,0.5148229598999023,0.179557666182518,0.021986201405525208,0.9999233484268188,0.39326223731040955,0.31773048639297485,0.04044604301452637,0.9827160239219666,0.5389253497123718,0.3206571340560913,0.0015189668629318476,0.9904285669326782,0.4074253439903259,0.44722697138786316,0.06872706860303879,0.7407029867172241,0.5488126277923584,0.4488395154476166,0.049144864082336426,0.8775248527526855,0.47929325699806213,0.47923460602760315,0.0635642409324646,0.6018016338348389,0.5511363744735718,0.4861147999763489,0.04648834094405174,0.7855498790740967,0.44213399291038513,0.48060935735702515,0.065813809633255,0.5837115049362183,0.5438668131828308,0.48476487398147583,0.04995374381542206,0.7716204524040222,0.40864434838294983,0.4711582064628601,0.06848113238811493,0.5419307947158813,0.5410434603691101,0.47519734501838684,0.05024338513612747,0.7140839695930481,0.433910071849823,0.4231666922569275,0.010661836713552475,0.9995269775390625,0.4938991069793701,0.4156286418437958,-0.010918235406279564,0.9991305470466614,0.4321726858615875,0.6520095467567444,0.04413220286369324,0.952804684638977,0.5021023154258728,0.6559491753578186,0.040827978402376175,0.938117265701294,0.4228610396385193,0.871906042098999,0.10846880823373795,0.9483045935630798,0.5027087330818176,0.873220682144165,0.09804435819387436,0.9413288831710815,0.42371535301208496,0.8874311447143555,0.11187975108623505,0.9437366127967834,0.5000149011611938,0.8872215151786804,0.10156736522912979,0.9231266975402832,0.4251171052455902,0.882454514503479,0.06630387902259827,0.8476938009262085,0.5163934826850891,0.8813775777816772,0.0858926922082901,0.8070608377456665
4,walk,0.467659056186676,0.08780320733785629,0.23734843730926514,0.9999284148216248,0.4629993438720703,0.07207638025283813,0.20643360912799835,0.9999074339866638,0.45980915427207947,0.07168152928352356,0.20644018054008484,0.9999079704284668,0.45636487007141113,0.07164854556322098,0.2064226120710373,0.9999048113822937,0.47162872552871704,0.073277547955513,0.207038015127182,0.9999117255210876,0.47446098923683167,0.07347776740789413,0.20709237456321716,0.9999080896377563,0.47741904854774475,0.0737781822681427,0.2070034295320511,0.9998983144760132,0.4500139355659485,0.080332450568676,0.08943773061037064,0.9999192357063293,0.4807536005973816,0.08242537081241608,0.0910877138376236,0.9999030232429504,0.46356409788131714,0.10079476982355118,0.20085585117340088,0.9999262094497681,0.4728891849517822,0.10276535153388977,0.20126089453697205,0.9999309778213501,0.40944400429725647,0.17243115603923798,0.03959108144044876,0.9999123215675354,0.5159082412719727,0.17986918985843658,0.01767602376639843,0.9999215006828308,0.3921053409576416,0.31563636660575867,0.023766960948705673,0.9836315512657166,0.5398262739181519,0.3198128938674927,0.0009616885217837989,0.9910527467727661,0.4043703079223633,0.44710347056388855,0.052921224385499954,0.7507414221763611,0.5491374135017395,0.44953277707099915,0.03553949296474457,0.8867804408073425,0.4659898281097412,0.480182945728302,0.049604590982198715,0.6086891889572144,0.5522960424423218,0.4875068962574005,0.03427710384130478,0.7997521162033081,0.43740567564964294,0.4808623492717743,0.05010271817445755,0.5903742909431458,0.5459102392196655,0.48505571484565735,0.03467254340648651,0.786017656326294,0.40292516350746155,0.47046932578086853,0.05274589732289314,0.5462222099304199,0.542919397354126,0.4747719168663025,0.035915907472372055,0.729918897151947,0.4338109493255615,0.43183767795562744,0.00785648263990879,0.9994964599609375,0.4932611584663391,0.4264881908893585,-0.008061145432293415,0.9990888833999634,0.43277525901794434,0.655762791633606,0.030622050166130066,0.9563435912132263,0.5035565495491028,0.6586986780166626,0.04301295429468155,0.9422765374183655,0.4226396083831787,0.8735242486000061,0.08292735368013382,0.9516976475715637,0.5050778985023499,0.8698180317878723,0.10053595155477524,0.9453905820846558,0.42345184087753296,0.9019604325294495,0.08614680171012878,0.9469932317733765,0.5020709037780762,0.9017149209976196,0.10349003970623016,0.9282199144363403,0.4257202744483948,0.892059326171875,0.04072097688913345,0.8535754680633545,0.5129504799842834,0.892687201499939,0.06221247836947441,0.8153143525123596
5,walk,0.4691043794155121,0.09056756645441055,0.23726394772529602,0.9999217391014099,0.4641965329647064,0.07456569373607635,0.20659193396568298,0.999898374080658,0.46094566583633423,0.07356235384941101,0.20660114288330078,0.9998984932899475,0.4573749005794525,0.07278948277235031,0.2065953016281128,0.9998939633369446,0.4726829528808594,0.07631005346775055,0.20502057671546936,0.9999028444290161,0.4753183424472809,0.07642706483602524,0.2050572633743286,0.9998996257781982,0.47809091210365295,0.07653500139713287,0.20494964718818665,0.9998882412910461,0.44994139671325684,0.07921764254570007,0.08941425383090973,0.9999090433120728,0.481051504611969,0.08312054723501205,0.08279608190059662,0.9998940825462341,0.46460986137390137,0.10249201208353043,0.20139332115650177,0.9999175071716309,0.47377753257751465,0.10429392009973526,0.19887496531009674,0.9999213814735413,0.40868479013442993,0.1741822510957718,0.040855348110198975,0.9999043345451355,0.5158597230911255,0.18217183649539948,0.006860210094600916,0.9999179840087891,0.3914439082145691,0.31753242015838623,0.02367428131401539,0.9842231869697571,0.540370762348175,0.3191298544406891,-0.011523859575390816,0.9916119575500488,0.4030555188655853,0.4473540782928467,0.04682540521025658,0.7562556862831116,0.5507791638374329,0.4498841464519501,0.03171009570360184,0.8936693668365479,0.4609565734863281,0.4810641407966614,0.044964198023080826,0.6113966107368469,0.5534273386001587,0.4867796301841736,0.031234856694936752,0.80977463722229,0.4320472180843353,0.48152685165405273,0.04410566762089729,0.5928089618682861,0.5480877757072449,0.4844971001148224,0.028858965262770653,0.7960017919540405,0.39950934052467346,0.4707900285720825,0.04630384221673012,0.5462686419487,0.5453171730041504,0.47434332966804504,0.030561992898583412,0.739881694316864,0.43414798378944397,0.4430049955844879,0.011689298786222935,0.9994827508926392,0.49349966645240784,0.44007882475852966,-0.011997247114777565,0.9990783929824829,0.4324663579463959,0.6589928269386292,0.03288734704256058,0.9600579738616943,0.5018528699874878,0.6588480472564697,0.04462580010294914,0.9471173882484436,0.42282405495643616,0.8720110654830933,0.08459213376045227,0.955278217792511,0.5044171214103699,0.8690878748893738,0.09844958037137985,0.9495993852615356,0.4231607913970947,0.9031218886375427,0.08804267644882202,0.9508295059204102,0.5023369789123535,0.9051057696342468,0.10175253450870514,0.933571457862854,0.4269879460334778,0.8885642290115356,0.04240119084715843,0.8577073216438293,0.512636661529541,0.8969230651855469,0.05514930561184883,0.8224616050720215
6,walk,0.4674646854400635,0.09107579290866852,0.24595801532268524,0.9999163746833801,0.46295714378356934,0.07593192160129547,0.21496716141700745,0.9998919367790222,0.4596433639526367,0.07515351474285126,0.21498188376426697,0.99989253282547,0.45617952942848206,0.0745229572057724,0.21498961746692657,0.9998867511749268,0.47101807594299316,0.07723554223775864,0.21305756270885468,0.9998953938484192,0.4736812114715576,0.07731463760137558,0.2130853235721588,0.9998932480812073,0.4764859080314636,0.07746528089046478,0.2129848748445511,0.9998803734779358,0.4490404725074768,0.0812678188085556,0.09413353353738785,0.9999018311500549,0.4801403880119324,0.08410807698965073,0.08550648391246796,0.999887228012085,0.4628934860229492,0.10309083014726639,0.20855915546417236,0.9999111890792847,0.47187548875808716,0.10497735440731049,0.2056277096271515,0.9999136328697205,0.4084906578063965,0.1731608659029007,0.0502677746117115,0.9999005794525146,0.5137860178947449,0.1822236180305481,-0.001758099184371531,0.9999166131019592,0.39086684584617615,0.31844428181648254,0.028851207345724106,0.9844816327095032,0.5392442941665649,0.32200831174850464,-0.020861584693193436,0.9921662211418152,0.4000168740749359,0.4471273720264435,0.04118901491165161,0.7673087120056152,0.5505383014678955,0.45010146498680115,0.007949636317789555,0.9010953307151794,0.443286657333374,0.48058074712753296,0.03914884477853775,0.623833417892456,0.5533662438392639,0.4878029227256775,0.003769325790926814,0.8216174244880676,0.4248829782009125,0.4802611470222473,0.037861861288547516,0.605158805847168,0.548564076423645,0.4850834310054779,0.0057989368215203285,0.8082625865936279,0.39889055490493774,0.4693080186843872,0.040545299649238586,0.555705189704895,0.5456424951553345,0.4745561480522156,0.009260015562176704,0.7531161308288574,0.4339095652103424,0.4466468393802643,0.02073560655117035,0.9994837045669556,0.49242886900901794,0.44564756751060486,-0.021073272451758385,0.9990919828414917,0.43225178122520447,0.656150758266449,0.028876472264528275,0.963434636592865,0.5001935958862305,0.6566569209098816,0.005591848865151405,0.9517839550971985,0.4228021502494812,0.8710066676139832,0.07034388929605484,0.9583942890167236,0.5025385618209839,0.8700671792030334,0.0349409393966198,0.9537388682365417,0.424182653427124,0.89988112449646,0.06918103992938995,0.9543291926383972,0.49996018409729004,0.9031309485435486,0.036248646676540375,0.938903272151947,0.4249332845211029,0.8963407874107361,-0.002693738089874387,0.8599334955215454,0.5112345218658447,0.8989169597625732,-0.029408838599920273,0.8316728472709656
7,walk,0.4674123227596283,0.09078426659107208,0.24895818531513214,0.9999125003814697,0.46319660544395447,0.07574537396430969,0.21699869632720947,0.9998865723609924,0.45996779203414917,0.07491856068372726,0.2170105278491974,0.9998877644538879,0.45654839277267456,0.07420174777507782,0.21701569855213165,0.9998804926872253,0.4710916578769684,0.07710237056016922,0.21638385951519012,0.9998900294303894,0.47375789284706116,0.0771941989660263,0.21641245484352112,0.9998892545700073,0.47660690546035767,0.07734867185354233,0.21631483733654022,0.9998751282691956,0.44934940338134766,0.08088688552379608,0.09396831691265106,0.9998964071273804,0.48038870096206665,0.08386257290840149,0.09034200012683868,0.999882698059082,0.4628562927246094,0.10259906202554703,0.21085581183433533,0.9999058842658997,0.4717353880405426,0.10484376549720764,0.2094893753528595,0.9999075531959534,0.4083901047706604,0.17087316513061523,0.04400744289159775,0.999896764755249,0.5135493278503418,0.18219710886478424,0.003041574265807867,0.9999150037765503,0.3906382918357849,0.31759244203567505,0.023499345406889915,0.9847847819328308,0.5389285683631897,0.322860985994339,-0.016965923830866814,0.9926226139068604,0.39687564969062805,0.44700008630752563,0.03839374706149101,0.7753648161888123,0.5502382516860962,0.45024892687797546,0.009548546746373177,0.9074397683143616,0.42858314514160156,0.480446994304657,0.036130525171756744,0.6320455074310303,0.5532243847846985,0.48883485794067383,0.006286687217652798,0.8317394256591797,0.4165821969509125,0.4797956645488739,0.03493930399417877,0.6132205128669739,0.5486208200454712,0.48562654852867126,0.00761554017663002,0.8187013268470764,0.3971743583679199,0.46861907839775085,0.03784022480249405,0.5612018704414368,0.5454218983650208,0.47487613558769226,0.010537726804614067,0.7642314434051514,0.43401187658309937,0.45021146535873413,0.016484569758176804,0.9994800686836243,0.4918869137763977,0.4498387277126312,-0.01675628498196602,0.9990963339805603,0.4321034550666809,0.6580514907836914,0.018295694142580032,0.9666122198104858,0.49853795766830444,0.6586816310882568,0.016270847991108894,0.9559089541435242,0.4230530858039856,0.8723739385604858,0.05796932429075241,0.9613866209983826,0.5024486780166626,0.8708804845809937,0.048804812133312225,0.9572916626930237,0.42540407180786133,0.9021963477134705,0.05782929062843323,0.9576062560081482,0.5005329847335815,0.9043699502944946,0.050453562289476395,0.9435099363327026,0.42335835099220276,0.8958315253257751,-0.008259549736976624,0.8625783920288086,0.5092159509658813,0.8983772993087769,-0.0034295457880944014,0.8379668593406677
8,walk,0.4673615097999573,0.09082749485969543,0.24416276812553406,0.9999076724052429,0.4632893204689026,0.07584496587514877,0.2124520242214203,0.9998801350593567,0.4600873589515686,0.0749363973736763,0.21246656775474548,0.9998821020126343,0.4567030072212219,0.07411220669746399,0.212477445602417,0.9998735189437866,0.4711330533027649,0.07734979689121246,0.2116188257932663,0.9998831748962402,0.47379788756370544,0.07744576781988144,0.21165123581886292,0.9998835921287537,0.47664180397987366,0.07760980725288391,0.2115567922592163,0.9998675584793091,0.4495929181575775,0.08021792769432068,0.09026435762643814,0.9998900890350342,0.48028483986854553,0.08382447808980942,0.08625584095716476,0.9998754858970642,0.46276551485061646,0.10228746384382248,0.2061309814453125,0.9999008178710938,0.47155848145484924,0.10474620759487152,0.20453040301799774,0.9999011754989624,0.4081961214542389,0.16976752877235413,0.041112933307886124,0.9998956918716431,0.5133070349693298,0.1825650930404663,0.0028479669708758593,0.9999141097068787,0.39039862155914307,0.31721121072769165,0.02063220925629139,0.9848015904426575,0.5386995673179626,0.32382190227508545,-0.016725124791264534,0.9929786920547485,0.3933458626270294,0.44735848903656006,0.03199458867311478,0.7847601175308228,0.5498903393745422,0.4509774148464203,0.0068470449186861515,0.9136936664581299,0.41716089844703674,0.4811200797557831,0.028991173952817917,0.6436291337013245,0.5520197153091431,0.49027615785598755,0.003519799094647169,0.8422011733055115,0.41267281770706177,0.4805797040462494,0.026732806116342545,0.6248672604560852,0.5475658178329468,0.4867602586746216,0.004744909703731537,0.8296354413032532,0.3966262936592102,0.46927544474601746,0.030811522156000137,0.5706483125686646,0.5445796847343445,0.4757482409477234,0.007978363893926144,0.7763826847076416,0.43378692865371704,0.4505353271961212,0.015034519135951996,0.9994781613349915,0.490919828414917,0.45050111413002014,-0.015327940694987774,0.9991005659103394,0.43181857466697693,0.6561095118522644,0.016232293099164963,0.9693498611450195,0.4983561933040619,0.6578345894813538,0.020515989512205124,0.9594131112098694,0.42327991127967834,0.870196521282196,0.0567990317940712,0.9638851881027222,0.502245306968689,0.8716834187507629,0.05371922254562378,0.960280179977417,0.42624664306640625,0.901232898235321,0.05706142261624336,0.9603264331817627,0.5000792741775513,0.9047688841819763,0.05547499656677246,0.9474104046821594,0.42259159684181213,0.8966054916381836,-0.005993541330099106,0.8646148443222046,0.5103777647018433,0.8968436121940613,0.0018707194831222296,0.84281325340271
9,walk,0.4672379493713379,0.09053832292556763,0.2410115897655487,0.9999021291732788,0.46318405866622925,0.07544755935668945,0.20916013419628143,0.9998730421066284,0.459965318441391,0.07454460859298706,0.20917615294456482,0.9998757243156433,0.45656880736351013,0.07371078431606293,0.20918747782707214,0.999865710735321,0.4709983468055725,0.07688416540622711,0.20818130671977997,0.9998757243156433,0.47364750504493713,0.0769687369465828,0.20821306109428406,0.9998773336410522,0.47648683190345764,0.07713751494884491,0.20811721682548523,0.9998593926429749,0.44936686754226685,0.07965048402547836,0.08716456592082977,0.9998828768730164,0.4802001416683197,0.08341041207313538,0.0828811451792717,0.9998682141304016,0.4626258313655853,0.10213939100503922,0.20303761959075928,0.9998950362205505,0.47133731842041016,0.10458780825138092,0.2013024538755417,0.9998945593833923,0.4080715775489807,0.17001445591449738,0.039227839559316635,0.9998928308486938,0.5133005380630493,0.1823040395975113,-0.0004264053422957659,0.9999132752418518,0.3902343809604645,0.31713196635246277,0.018959736451506615,0.984671413898468,0.538605272769928,0.3236859142780304,-0.019650649279356003,0.9933180809020996,0.39080846309661865,0.447741836309433,0.02809198759496212,0.7903507947921753,0.5497863292694092,0.45126888155937195,0.004081939812749624,0.9189447164535522,0.4090176224708557,0.48180583119392395,0.02528422512114048,0.649694561958313,0.5517497062683105,0.49114716053009033,0.0011452732142060995,0.8507823944091797,0.4109363555908203,0.48131462931632996,0.02286422625184059,0.6308229565620422,0.5473760366439819,0.4875572621822357,0.002273858990520239,0.83855801820755,0.3961458206176758,0.47000935673713684,0.026746034622192383,0.574505627155304,0.5444108247756958,0.476352721452713,0.005308886524289846,0.7860408425331116,0.43367934226989746,0.45124247670173645,0.015566696412861347,0.9994727969169617,0.49080586433410645,0.4512506127357483,-0.01588386669754982,0.9991021752357483,0.43149957060813904,0.655649721622467,0.015928858891129494,0.9717704653739929,0.49877819418907166,0.6570887565612793,0.02133760042488575,0.9626007676124573,0.4232773184776306,0.871384859085083,0.0558847077190876,0.9661015868186951,0.5022537708282471,0.8715316653251648,0.056725889444351196,0.9629761576652527,0.42588359117507935,0.9017486572265625,0.05646972730755806,0.9627330303192139,0.500460147857666,0.9046311974525452,0.05858335644006729,0.9509272575378418,0.42265862226486206,0.8951219320297241,-0.004764800425618887,0.8661869168281555,0.510231614112854,0.896614134311676,0.0010046582901850343,0.8471729159355164
10,walk,0.467284619808197,0.09020435810089111,0.23906350135803223,0.9998996257781982,0.46316400170326233,0.07499948889017105,0.20703203976154327,0.9998695254325867,0.4599248766899109,0.07408212870359421,0.20704853534698486,0.9998728632926941,0.45651739835739136,0.0732513964176178,0.20706018805503845,0.9998615384101868,0.47099485993385315,0.07642939686775208,0.20633681118488312,0.9998721480369568,0.4736362099647522,0.07649735361337662,0.2063671052455902,0.9998748898506165,0.47645148634910583,0.07663710415363312,0.20627503097057343,0.9998556971549988,0.4492883086204529,0.079276904463768,0.0850011482834816,0.9998792409896851,0.48008662462234497,0.08285785466432571,0.08140729367733002,0.9998648762702942,0.4626452326774597,0.10184549540281296,0.20107999444007874,0.9998917579650879,0.47133857011795044,0.10419006645679474,0.19964179396629333,0.9998909831047058,0.407792329788208,0.17065715789794922,0.03670920431613922,0.9998902082443237,0.5133375525474548,0.1825706511735916,-0.0006891255034133792,0.999912679195404,0.39024171233177185,0.3177278935909271,0.018391627818346024,0.9845754504203796,0.5386568307876587,0.324375182390213,-0.01895998790860176,0.9935992360115051,0.38912075757980347,0.44816726446151733,0.025701651349663734,0.7953586578369141,0.5500701665878296,0.45164749026298523,0.0036071590147912502,0.9235736727714539,0.404550164937973,0.4821871817111969,0.02298736944794655,0.6552141308784485,0.5518475770950317,0.4915638864040375,0.0007862664642743766,0.858341634273529,0.4097580313682556,0.48162761330604553,0.020685549825429916,0.6362453699111938,0.547415554523468,0.4879229962825775,0.0018599762115627527,0.8464025259017944,0.3957444727420807,0.4704074561595917,0.024484645575284958,0.5780248045921326,0.5445569753646851,0.47669604420661926,0.0048087118193507195,0.7944185733795166,0.43360233306884766,0.4521973431110382,0.014538703486323357,0.9994744658470154,0.490915447473526,0.4521537721157074,-0.014835959300398827,0.9991148710250854,0.4314420819282532,0.6559827923774719,0.01356656663119793,0.9741038680076599,0.49961400032043457,0.6564673781394958,0.022709278389811516,0.9655822515487671,0.4230148196220398,0.8704028725624084,0.05317078158259392,0.9683877825737,0.5028463006019592,0.8719343543052673,0.05810439586639404,0.9656150341033936,0.4257665276527405,0.9010091423988342,0.0540291890501976,0.965200662612915,0.502083420753479,0.9040324687957764,0.059974003583192825,0.9543113112449646,0.4222010672092438,0.8952177166938782,-0.00708655035123229,0.8687789440155029,0.5085827112197876,0.8958978652954102,0.0035094525665044785,0.8520522713661194
11,walk,0.46727070212364197,0.09103778004646301,0.24043218791484833,0.9998966455459595,0.463118314743042,0.07588868588209152,0.2086857259273529,0.9998655319213867,0.45985013246536255,0.07497667521238327,0.2087046205997467,0.9998694658279419,0.4564295709133148,0.07415178418159485,0.208717942237854,0.9998568296432495,0.47096794843673706,0.07731592655181885,0.20720496773719788,0.9998680949211121,0.4735959470272064,0.0773560106754303,0.20723354816436768,0.9998717308044434,0.4763925075531006,0.07747352868318558,0.20714202523231506,0.9998512268066406,0.4491727948188782,0.07992354780435562,0.0872412919998169,0.9998742938041687,0.4799596667289734,0.08345422148704529,0.08090531080961227,0.999860942363739,0.46255820989608765,0.10255489498376846,0.2030119001865387,0.9998875856399536,0.4712549149990082,0.10481710731983185,0.20055870711803436,0.9998867511749268,0.40745073556900024,0.1708686649799347,0.04035814106464386,0.9998873472213745,0.5129913091659546,0.18238098919391632,-0.0028964842204004526,0.9999125003814697,0.39024680852890015,0.3180277645587921,0.02017737738788128,0.984302282333374,0.538787305355072,0.3242087662220001,-0.0207950659096241,0.9938846230506897,0.3883214592933655,0.4483530819416046,0.027064016088843346,0.7991523146629333,0.5505232214927673,0.45189446210861206,0.0027523634489625692,0.9277235269546509,0.4024287164211273,0.482210248708725,0.02496972307562828,0.6594012379646301,0.5526667833328247,0.4917328655719757,-0.0002747132966760546,0.8651038408279419,0.4090903699398041,0.4814830720424652,0.022062642499804497,0.6403228044509888,0.5481501221656799,0.4881688058376312,0.0011025213170796633,0.8534722924232483,0.39501410722732544,0.47029563784599304,0.025600681081414223,0.5803512334823608,0.5452814102172852,0.4769784212112427,0.004126432817429304,0.8019164800643921,0.433298259973526,0.4527381360530853,0.016210751608014107,0.9994782209396362,0.49076780676841736,0.45267024636268616,-0.016530344262719154,0.9991336464881897,0.43237414956092834,0.65593421459198,0.01452952902764082,0.9761283993721008,0.49964219331741333,0.6577857732772827,0.017930811271071434,0.9683448672294617,0.423218309879303,0.8696038722991943,0.053676851093769073,0.9704069495201111,0.5032985806465149,0.8727586269378662,0.055693767964839935,0.9681256413459778,0.4261570870876312,0.898932158946991,0.05478895455598831,0.9674139022827148,0.5019665956497192,0.9039873480796814,0.057808153331279755,0.9574958682060242,0.42270249128341675,0.8975138068199158,-0.004771240521222353,0.8712175488471985,0.5083357095718384,0.8980268836021423,-0.0031023616902530193,0.8576757311820984
12,walk,0.467207670211792,0.09150709211826324,0.23923735320568085,0.9998926520347595,0.4630671441555023,0.07659787684679031,0.2076062262058258,0.9998603463172913,0.459812730550766,0.07571930438280106,0.20762650668621063,0.9998648762702942,0.456402450799942,0.07492174953222275,0.20763912796974182,0.9998508095741272,0.4708859920501709,0.07796085625886917,0.20595169067382812,0.9998630285263062,0.4735170900821686,0.07797253131866455,0.20597930252552032,0.9998676776885986,0.4763094484806061,0.07805656641721725,0.20588655769824982,0.9998458623886108,0.4490872025489807,0.08062578737735748,0.08689440786838531,0.9998679757118225,0.4798608422279358,0.08399125933647156,0.07999265938997269,0.9998563528060913,0.46252408623695374,0.10304782539606094,0.2021028697490692,0.9998821020126343,0.4711960256099701,0.10521937161684036,0.19945171475410461,0.9998815655708313,0.40716353058815,0.17137040197849274,0.04113459587097168,0.9998827576637268,0.5129811763763428,0.1824747771024704,-0.005516901146620512,0.999912440776825,0.3900248408317566,0.3186832666397095,0.02174687758088112,0.9838830828666687,0.5389021635055542,0.3243257403373718,-0.022307878360152245,0.9941489100456238,0.38792169094085693,0.4487614035606384,0.030132239684462547,0.7995729446411133,0.5506568551063538,0.4520992338657379,0.0028029358945786953,0.9311801791191101,0.40207624435424805,0.48249468207359314,0.028645191341638565,0.6591753363609314,0.5526653528213501,0.49184173345565796,0.00017680773453321308,0.8705971837043762,0.40687912702560425,0.4816153645515442,0.025883793830871582,0.6398786306381226,0.5481778979301453,0.48841509222984314,0.0014554390218108892,0.8591991662979126,0.39420759677886963,0.4704495668411255,0.028702234849333763,0.5783017873764038,0.545354962348938,0.4772339165210724,0.0042251357808709145,0.8077796101570129,0.43316054344177246,0.45335686206817627,0.017430555075407028,0.9994815587997437,0.49089083075523376,0.45314478874206543,-0.017758609727025032,0.9991515874862671,0.4329264163970947,0.6559590101242065,0.014844794757664204,0.9779075384140015,0.500296950340271,0.6582949161529541,0.016820210963487625,0.9707847833633423,0.4232962131500244,0.8695660829544067,0.05347033217549324,0.9721579551696777,0.5037708878517151,0.8730555176734924,0.05527535080909729,0.9702782034873962,0.4259817600250244,0.8979263305664062,0.05466962605714798,0.9693073630332947,0.5031470656394958,0.9038717746734619,0.057521753013134,0.9602529406547546,0.4231908321380615,0.8964004516601562,-0.004053841810673475,0.8727043867111206,0.508279025554657,0.8964873552322388,-0.002663953695446253,0.8619711995124817
13,walk,0.46710553765296936,0.09116902947425842,0.24267783761024475,0.9998912811279297,0.4629799723625183,0.07631687819957733,0.21089327335357666,0.9998580813407898,0.45970645546913147,0.07545679062604904,0.21091468632221222,0.9998629689216614,0.45627301931381226,0.0746728703379631,0.21092644333839417,0.9998478293418884,0.4708405137062073,0.07765345275402069,0.20945751667022705,0.999860942363739,0.47347649931907654,0.07768674194812775,0.20948445796966553,0.9998664259910583,0.47627049684524536,0.07781462371349335,0.20939214527606964,0.9998438954353333,0.4488949179649353,0.0804029330611229,0.08926331996917725,0.9998648762702942,0.4798133373260498,0.08404538780450821,0.08247904479503632,0.9998550415039062,0.4623602032661438,0.10271375626325607,0.20525142550468445,0.9998791217803955,0.4711019992828369,0.10481279343366623,0.20284703373908997,0.9998790621757507,0.4069872498512268,0.171262726187706,0.04188992828130722,0.9998804330825806,0.5126801133155823,0.18202178180217743,-0.0049899606965482235,0.9999131560325623,0.38993364572525024,0.3185199201107025,0.023085426539182663,0.9834659695625305,0.5388063192367554,0.324515163898468,-0.021247517317533493,0.9943839311599731,0.38692373037338257,0.4491213858127594,0.033762942999601364,0.7998843789100647,0.5506073832511902,0.45241186022758484,0.004571011755615473,0.9343487024307251,0.39907708764076233,0.48298075795173645,0.03241324424743652,0.6590046882629395,0.5523922443389893,0.49192702770233154,0.0024287751875817776,0.875645101070404,0.40286558866500854,0.4819145202636719,0.03019508719444275,0.6394877433776855,0.5480164289474487,0.4886765480041504,0.003751954063773155,0.8644566535949707,0.3931697905063629,0.47066205739974976,0.03259597718715668,0.5765849947929382,0.5452584624290466,0.4775126576423645,0.0061729480512440205,0.8132340312004089,0.4330042898654938,0.45418089628219604,0.01669209823012352,0.9994943141937256,0.49077969789505005,0.45383352041244507,-0.01701083965599537,0.9991791248321533,0.43274354934692383,0.6566011905670166,0.014909897930920124,0.9795819520950317,0.500763475894928,0.6579964756965637,0.017247207462787628,0.9729848504066467,0.42321211099624634,0.8709704279899597,0.05386598780751228,0.9739289879798889,0.503900945186615,0.871303379535675,0.06114497035741806,0.9722650051116943,0.42582377791404724,0.8985288739204407,0.05532531812787056,0.9711918234825134,0.5039346814155579,0.9016134738922119,0.06411074101924896,0.9627760052680969,0.42312806844711304,0.8964771628379822,-0.0031893483828753233,0.8753368854522705,0.5076495409011841,0.8965342044830322,0.0027886535972356796,0.8662859201431274
14,walk,0.46685081720352173,0.09124219417572021,0.24417433142662048,0.9998896718025208,0.4627350866794586,0.0763702243566513,0.21206986904144287,0.9998552799224854,0.4594646990299225,0.07554333657026291,0.21209204196929932,0.9998605847358704,0.4560514986515045,0.07478689402341843,0.2121012657880783,0.9998441338539124,0.47061029076576233,0.07755445688962936,0.21090221405029297,0.9998587369918823,0.4732600748538971,0.0775446966290474,0.21092860400676727,0.999864935874939,0.47605785727500916,0.07762879878282547,0.2108374536037445,0.9998416900634766,0.4487866759300232,0.08048214763402939,0.08983464539051056,0.9998610615730286,0.4795822501182556,0.08385031670331955,0.08389388024806976,0.9998536109924316,0.46212729811668396,0.10283806920051575,0.20660726726055145,0.9998758435249329,0.47088995575904846,0.104836106300354,0.2045092135667801,0.9998766779899597,0.40694594383239746,0.17096957564353943,0.04089376702904701,0.9998782277107239,0.5124374628067017,0.18148237466812134,-0.002327105263248086,0.9999140501022339,0.3900512754917145,0.3186056315898895,0.02244766429066658,0.9830219149589539,0.5388422012329102,0.324548602104187,-0.019360080361366272,0.9946057200431824,0.38559234142303467,0.4494175910949707,0.03464937210083008,0.7978854179382324,0.5506450533866882,0.4526534974575043,0.007782734930515289,0.9370797276496887,0.3939574062824249,0.4834660291671753,0.03340057656168938,0.6562923192977905,0.5524275302886963,0.49205923080444336,0.0059083909727633,0.8799616694450378,0.39808157086372375,0.4822132885456085,0.031216153874993324,0.6364936828613281,0.5481778383255005,0.48892664909362793,0.007380539085716009,0.8689323663711548,0.392459899187088,0.47087791562080383,0.033558234572410583,0.5728427171707153,0.545434832572937,0.47773441672325134,0.009428414516150951,0.8178179860115051,0.4328324794769287,0.45482122898101807,0.01591796800494194,0.9995065927505493,0.4907528758049011,0.4544234275817871,-0.016258154064416885,0.9992064237594604,0.4325432777404785,0.6569024920463562,0.01733071729540825,0.9811364412307739,0.501036524772644,0.6579091548919678,0.022015487775206566,0.974994421005249,0.423205703496933,0.870607316493988,0.05929895117878914,0.9756243228912354,0.5038516521453857,0.8707296848297119,0.0696815624833107,0.9741180539131165,0.42588672041893005,0.8979178667068481,0.06150974705815315,0.9730300903320312,0.5040541887283325,0.9005715250968933,0.07304314523935318,0.9651384949684143,0.4230874478816986,0.8974409103393555,0.005940367467701435,0.8781741261482239,0.506844162940979,0.8965632319450378,0.01524619571864605,0.8702565431594849
15,walk,0.46680623292922974,0.0913468673825264,0.24284455180168152,0.9998875856399536,0.46268734335899353,0.07655546814203262,0.21073918044567108,0.999851644039154,0.4594117999076843,0.0757446214556694,0.21076138317584991,0.9998572468757629,0.4559968411922455,0.07498807460069656,0.2107696533203125,0.9998393654823303,0.47059592604637146,0.07763732969760895,0.2096363753080368,0.9998556971549988,0.4732627272605896,0.07759133726358414,0.2096618413925171,0.9998626708984375,0.4760599732398987,0.07763668149709702,0.20957033336162567,0.9998385310173035,0.4487683176994324,0.08065487444400787,0.0889863595366478,0.9998564124107361,0.47953981161117554,0.08379656076431274,0.08332373201847076,0.9998511075973511,0.4621164798736572,0.10296440869569778,0.205349400639534,0.9998723864555359,0.4708905816078186,0.10491345822811127,0.20332273840904236,0.9998743534088135,0.4069312512874603,0.17125655710697174,0.040334928780794144,0.9998753666877747,0.5122213363647461,0.1811935007572174,-0.0018108345102518797,0.9999145865440369,0.39021286368370056,0.31906506419181824,0.02196003869175911,0.9824463725090027,0.5391303896903992,0.3246932029724121,-0.018829746171832085,0.9947876334190369,0.3847115635871887,0.44994160532951355,0.03443830832839012,0.7956197261810303,0.5509160757064819,0.4529725909233093,0.0075921183452010155,0.9394974112510681,0.39057818055152893,0.4836949110031128,0.033050261437892914,0.6538175344467163,0.5525481104850769,0.49212175607681274,0.005596855189651251,0.8837937116622925,0.39522960782051086,0.48225435614585876,0.030861934646964073,0.6337704062461853,0.5483097434043884,0.48908427357673645,0.00704759219661355,0.8729135990142822,0.39200758934020996,0.4709533751010895,0.03335348516702652,0.5694254636764526,0.5456956028938293,0.47794947028160095,0.009163180366158485,0.8218741416931152,0.4330461919307709,0.45552220940589905,0.013848747126758099,0.9995153546333313,0.49115267395973206,0.454883873462677,-0.014183806255459785,0.9992278218269348,0.4325281083583832,0.6576043963432312,0.018102746456861496,0.9825131297111511,0.5009406208992004,0.6577665209770203,0.026108387857675552,0.9767611622810364,0.423269659280777,0.8703649640083313,0.061169009655714035,0.9771471619606018,0.5036758184432983,0.8717833757400513,0.0733465850353241,0.9757575392723083,0.4258716106414795,0.8976281881332397,0.06360824406147003,0.9746940732002258,0.5038300156593323,0.9018068909645081,0.07662372291088104,0.9672513604164124,0.42295360565185547,0.8960434794425964,0.009268062189221382,0.8808676600456238,0.5072767734527588,0.8966501951217651,0.019988466054201126,0.8735353350639343
16,walk,0.4667632579803467,0.09179273247718811,0.24225552380084991,0.9998836517333984,0.4626729488372803,0.07711564749479294,0.21017467975616455,0.9998458027839661,0.4594014286994934,0.07629425823688507,0.21019652485847473,0.9998517632484436,0.455985963344574,0.07551547884941101,0.21020492911338806,0.9998323321342468,0.4705958366394043,0.07821369916200638,0.2089293748140335,0.9998499751091003,0.47328290343284607,0.07816638797521591,0.20895302295684814,0.9998576641082764,0.4760964512825012,0.07819978892803192,0.20886068046092987,0.999832272529602,0.44879332184791565,0.08102253079414368,0.08856627345085144,0.9998494386672974,0.4796321988105774,0.08423085510730743,0.08276308327913284,0.999845564365387,0.4621051847934723,0.10334303230047226,0.2047908753156662,0.9998672008514404,0.47088557481765747,0.10534512996673584,0.2025974541902542,0.9998697638511658,0.4069141447544098,0.1714109182357788,0.040400128811597824,0.9998732805252075,0.5123229622840881,0.18156678974628448,-0.002243287628516555,0.9999145865440369,0.3902819752693176,0.31943291425704956,0.022335235029459,0.9817225933074951,0.539631724357605,0.325042188167572,-0.01919240690767765,0.9949272871017456,0.3840818703174591,0.45070526003837585,0.03576023131608963,0.7948096990585327,0.5510149598121643,0.4531058371067047,0.006600196473300457,0.9414877891540527,0.3884555697441101,0.48431557416915894,0.03449274227023125,0.653073787689209,0.5524963736534119,0.49204593896865845,0.00417390326038003,0.8869429230690002,0.3934504985809326,0.482705295085907,0.03203466534614563,0.6328420042991638,0.5480475425720215,0.4890320301055908,0.005440253298729658,0.876239001750946,0.3917329013347626,0.47134754061698914,0.03452170267701149,0.5674641728401184,0.5455495119094849,0.4779696464538574,0.007989521138370037,0.8251808285713196,0.4331664443016052,0.4560766816139221,0.01424323208630085,0.9995254278182983,0.4913040101528168,0.45534709095954895,-0.01457215379923582,0.999250054359436,0.43243408203125,0.6581198573112488,0.018614105880260468,0.9836805462837219,0.5006803870201111,0.6585658192634583,0.022984223440289497,0.978405237197876,0.42333370447158813,0.8703404664993286,0.061534345149993896,0.9784480929374695,0.5035340785980225,0.8715029358863831,0.0704786479473114,0.9773293137550354,0.4258713722229004,0.897615909576416,0.06383543461561203,0.9761093258857727,0.503206193447113,0.9014781713485718,0.07409203052520752,0.9692493081092834,0.4230822026729584,0.8994707465171814,0.008623750880360603,0.883211076259613,0.5086585283279419,0.8965749740600586,0.014430677518248558,0.8777711987495422
17,walk,0.46680164337158203,0.09228114783763885,0.24459512531757355,0.999880850315094,0.46271592378616333,0.07766279578208923,0.2126380205154419,0.999841570854187,0.45945072174072266,0.07683046907186508,0.21266281604766846,0.9998481273651123,0.4560379385948181,0.07603710889816284,0.21267306804656982,0.9998274445533752,0.4706505239009857,0.07877904921770096,0.2110670506954193,0.9998458623886108,0.473351389169693,0.07872920483350754,0.21108993887901306,0.999854326248169,0.47617650032043457,0.07875443249940872,0.21099917590618134,0.9998275637626648,0.4488922953605652,0.08133316040039062,0.09164036065340042,0.9998441338539124,0.4797188639640808,0.08464276790618896,0.0843132808804512,0.9998417496681213,0.4621812403202057,0.10369183123111725,0.20747379958629608,0.9998632669448853,0.4709382653236389,0.10576948523521423,0.2048836201429367,0.9998661875724792,0.4069567322731018,0.17121268808841705,0.04480476677417755,0.9998711347579956,0.5125116109848022,0.1818174421787262,-0.0022235983051359653,0.9999145269393921,0.3904687166213989,0.3196239173412323,0.02744182012975216,0.9812754392623901,0.5399157404899597,0.32527607679367065,-0.01911485567688942,0.9950565695762634,0.38364726305007935,0.45070981979370117,0.04014607146382332,0.7937144041061401,0.551140308380127,0.45321276783943176,0.007665952201932669,0.9428201913833618,0.38701140880584717,0.48423248529434204,0.03865857794880867,0.6519848108291626,0.5524836182594299,0.49198269844055176,0.0054162731394171715,0.8889448046684265,0.3923073709011078,0.4826104938983917,0.03636636212468147,0.6316023468971252,0.5479275584220886,0.4889734387397766,0.006406663451343775,0.8783024549484253,0.39154502749443054,0.4712837338447571,0.0389266237616539,0.56532222032547,0.545488715171814,0.4779157340526581,0.009035969153046608,0.8268636465072632,0.4331752359867096,0.4563538134098053,0.016099756583571434,0.9995348453521729,0.4914020597934723,0.4554639458656311,-0.0164295956492424,0.999269962310791,0.43252483010292053,0.6585150957107544,0.02176581881940365,0.9847763776779175,0.5006166100502014,0.6594557762145996,0.02281198278069496,0.9799841046333313,0.42334961891174316,0.8705812096595764,0.0637107864022255,0.9796827435493469,0.5033234357833862,0.8726579546928406,0.06889795511960983,0.9787879586219788,0.4257972836494446,0.8985527157783508,0.06599226593971252,0.9775025248527527,0.5025886297225952,0.9025511145591736,0.07251853495836258,0.9711741805076599,0.4246504306793213,0.8974459171295166,0.010861499235033989,0.885012686252594,0.5091069936752319,0.8948107361793518,0.013139111921191216,0.88106369972229
18,walk,0.46690377593040466,0.09256641566753387,0.24442538619041443,0.9998763203620911,0.46282777190208435,0.07801587134599686,0.21287457644939423,0.9998352527618408,0.45957860350608826,0.07717382907867432,0.21289965510368347,0.9998422861099243,0.4561721384525299,0.07636260986328125,0.21291086077690125,0.9998205900192261,0.4707251191139221,0.07916009426116943,0.2108832597732544,0.9998394250869751,0.4734209179878235,0.07911462336778641,0.21090638637542725,0.9998486638069153,0.4762299656867981,0.07913602888584137,0.21081402897834778,0.9998204708099365,0.449052095413208,0.0815732553601265,0.09308968484401703,0.9998366832733154,0.47970929741859436,0.0849493071436882,0.08403166383504868,0.9998354315757751,0.46232303977012634,0.10390683263540268,0.20765364170074463,0.9998579621315002,0.47102028131484985,0.10603126883506775,0.20456084609031677,0.9998611211776733,0.40707001090049744,0.17112836241722107,0.0485621839761734,0.999869167804718,0.512569785118103,0.18203487992286682,-0.0036407248117029667,0.9999144673347473,0.3906683027744293,0.31979814171791077,0.03152921050786972,0.9805300235748291,0.5398848056793213,0.32547229528427124,-0.020505115389823914,0.9951700568199158,0.3833931088447571,0.45073747634887695,0.0420624278485775,0.7927392721176147,0.5511371493339539,0.4532923102378845,0.006401178892701864,0.9442646503448486,0.38595908880233765,0.4841422140598297,0.04038455709815025,0.6511157751083374,0.5522817373275757,0.49194425344467163,0.0038441407959908247,0.8911507725715637,0.39144080877304077,0.4825228750705719,0.03790837153792381,0.6306127905845642,0.547825813293457,0.48894158005714417,0.004661267623305321,0.8806216716766357,0.39152199029922485,0.4712209105491638,0.04065948724746704,0.563447117805481,0.5454285144805908,0.47786766290664673,0.007726156152784824,0.8290373086929321,0.4332164227962494,0.45641669631004333,0.018923792988061905,0.9995416402816772,0.49146634340286255,0.4554678201675415,-0.019252989441156387,0.9992848038673401,0.4327261447906494,0.6586148738861084,0.021733734756708145,0.9856125116348267,0.5003634691238403,0.6598035097122192,0.018472574651241302,0.9812761545181274,0.4233334958553314,0.8710295557975769,0.0627838522195816,0.9805662035942078,0.5032565593719482,0.872693657875061,0.06121204420924187,0.9799610376358032,0.4257430136203766,0.8990042209625244,0.06498225033283234,0.97853684425354,0.5022359490394592,0.9029215574264526,0.06426651030778885,0.9727384448051453,0.4254327714443207,0.8977251052856445,0.009247577749192715,0.8857429027557373,0.51055908203125,0.8946864008903503,0.0037474348209798336,0.8837113380432129
19,walk,0.4669276177883148,0.09276124835014343,0.2434697449207306,0.9998735189437866,0.46285247802734375,0.07820569723844528,0.2120869904756546,0.9998307228088379,0.4596056342124939,0.07736361026763916,0.2121116816997528,0.9998379349708557,0.45620155334472656,0.07656533271074295,0.21212318539619446,0.9998154640197754,0.4707392156124115,0.07938282936811447,0.21005812287330627,0.9998350143432617,0.47342604398727417,0.07934928685426712,0.21008169651031494,0.9998447895050049,0.47622665762901306,0.07938247919082642,0.20998939871788025,0.9998156428337097,0.4490785002708435,0.08179516345262527,0.09294295310974121,0.9998310208320618,0.4796679615974426,0.08520615845918655,0.08374305069446564,0.9998310208320618,0.46233075857162476,0.10409791767597198,0.2068476676940918,0.9998546838760376,0.4710179269313812,0.10622875392436981,0.2037142962217331,0.9998582601547241,0.40708446502685547,0.17111706733703613,0.0485236756503582,0.9998677968978882,0.5125293731689453,0.18203771114349365,-0.004385714419186115,0.9999150633811951,0.3907630741596222,0.3197704553604126,0.031245389953255653,0.9796715378761292,0.5398913621902466,0.3255673050880432,-0.02212597243487835,0.9952554702758789,0.3831970691680908,0.45072853565216064,0.04124251753091812,0.7924792766571045,0.5513176918029785,0.45335397124290466,0.003363094525411725,0.9458824396133423,0.3853045701980591,0.48411139845848083,0.03941323608160019,0.6514942646026611,0.5523650646209717,0.4919092357158661,0.0002139135031029582,0.8938199877738953,0.39089393615722656,0.48248133063316345,0.03697439283132553,0.6309061646461487,0.5479317903518677,0.4889258146286011,0.000772425439208746,0.8834671378135681,0.391451358795166,0.47119614481925964,0.039843834936618805,0.5629490613937378,0.5455659627914429,0.47785627841949463,0.004537113942205906,0.8320467472076416,0.43325453996658325,0.45647040009498596,0.019159747287631035,0.9995495080947876,0.49155741930007935,0.4554731547832489,-0.019486740231513977,0.9993019700050354,0.43278223276138306,0.6589043736457825,0.021732177585363388,0.9863872528076172,0.500173807144165,0.6601154804229736,0.017584752291440964,0.9824203252792358,0.4233289659023285,0.8713529706001282,0.0624808594584465,0.9814481735229492,0.5032985210418701,0.8724409341812134,0.0596378929913044,0.9810383319854736,0.4256974160671234,0.8991832137107849,0.06457216292619705,0.9795354008674622,0.5020368099212646,0.9027978777885437,0.06250603497028351,0.9741440415382385,0.42572349309921265,0.8978872299194336,0.008988273330032825,0.8872643113136292,0.5110171437263489,0.8947768211364746,0.0018447206821292639,0.8864404559135437
20,walk,0.46692758798599243,0.09297341108322144,0.2429853230714798,0.9998725056648254,0.4628702700138092,0.07844522595405579,0.2117355763912201,0.9998286962509155,0.4596326947212219,0.07760173082351685,0.21176020801067352,0.9998358488082886,0.4562350809574127,0.07680606842041016,0.21177181601524353,0.9998130798339844,0.4707392752170563,0.07964788377285004,0.2096959799528122,0.9998330473899841,0.4734194874763489,0.07962346822023392,0.20971986651420593,0.9998430609703064,0.4762163758277893,0.07966378331184387,0.20962779223918915,0.9998134970664978,0.44910043478012085,0.08202246576547623,0.09310193359851837,0.9998279213905334,0.4796571731567383,0.0854794904589653,0.08361367881298065,0.9998288750648499,0.46233415603637695,0.1043054386973381,0.20646297931671143,0.9998534321784973,0.4710131287574768,0.1064503863453865,0.20331935584545135,0.9998573064804077,0.4071083664894104,0.1711263209581375,0.04835553094744682,0.999867856502533,0.512532651424408,0.1820947676897049,-0.004217035137116909,0.9999161958694458,0.3908160328865051,0.319587379693985,0.03103787638247013,0.9790359735488892,0.5399347543716431,0.3256677985191345,-0.021822471171617508,0.9953377842903137,0.3830547630786896,0.4507158398628235,0.040960170328617096,0.7928184270858765,0.5513273477554321,0.4534028470516205,0.0031317968387156725,0.9473885297775269,0.38487324118614197,0.4840845763683319,0.038991715759038925,0.6523821353912354,0.552314817905426,0.49187347292900085,-3.846330946544185e-05,0.8962961435317993,0.3905234932899475,0.4824596047401428,0.03652141988277435,0.631732165813446,0.5479031801223755,0.4888891577720642,0.00041044276440516114,0.8861188888549805,0.3913930654525757,0.47116416692733765,0.039543576538562775,0.5631036758422852,0.5455371141433716,0.4778139293193817,0.004243749193847179,0.8349237442016602,0.4333096146583557,0.4564693570137024,0.018933728337287903,0.9995582699775696,0.49161967635154724,0.4554688334465027,-0.0192574430257082,0.9993206262588501,0.4328711926937103,0.6589237451553345,0.021585430949926376,0.9870400428771973,0.499967098236084,0.6601571440696716,0.016322650015354156,0.9834032654762268,0.42333492636680603,0.8713103532791138,0.0624207928776741,0.9822088479995728,0.5032655596733093,0.8720169067382812,0.056037016212940216,0.9819556474685669,0.4256529211997986,0.8991405963897705,0.06444263458251953,0.9803818464279175,0.5018253922462463,0.9024603366851807,0.05855333060026169,0.9753350615501404,0.4255984425544739,0.8977034687995911,0.006485891994088888,0.8889110088348389,0.5113919973373413,0.8951120376586914,-0.002302521141245961,0.8889116048812866
21,walk,0.4669562876224518,0.09308558702468872,0.2439245730638504,0.9998716115951538,0.4629167914390564,0.07855746150016785,0.2128175050020218,0.9998267889022827,0.4596923887729645,0.07770579308271408,0.21284306049346924,0.999833881855011,0.45630431175231934,0.07690008729696274,0.21285459399223328,0.9998107552528381,0.4707515239715576,0.07977935671806335,0.21063968539237976,0.9998313784599304,0.47341838479042053,0.0797588899731636,0.2106638252735138,0.999841570854187,0.47621339559555054,0.07980520278215408,0.2105710208415985,0.9998116493225098,0.44916075468063354,0.08205827325582504,0.09435056895017624,0.9998248219490051,0.4796316623687744,0.08559954166412354,0.08417152613401413,0.999826967716217,0.46236473321914673,0.10440096259117126,0.20739157497882843,0.9998522400856018,0.4710187017917633,0.10656528174877167,0.20406250655651093,0.9998564720153809,0.40709051489830017,0.17123006284236908,0.04900989681482315,0.9998680353164673,0.5124661922454834,0.1821601837873459,-0.004007403738796711,0.9999173879623413,0.39082449674606323,0.31960946321487427,0.031692538410425186,0.9785128235816956,0.5399117469787598,0.32574185729026794,-0.021531175822019577,0.9954200983047485,0.38294753432273865,0.4507431983947754,0.0415521003305912,0.7929906249046326,0.5513478517532349,0.45346900820732117,0.0033694307785481215,0.9488222002983093,0.3845670223236084,0.4840281307697296,0.039610881358385086,0.6529629826545715,0.5522195100784302,0.49183785915374756,0.00027250248240306973,0.8986923694610596,0.39025506377220154,0.4824005663394928,0.037028856575489044,0.6322324275970459,0.5478615760803223,0.4888458549976349,0.0007726315525360405,0.8886873126029968,0.3913699984550476,0.471121609210968,0.0400843620300293,0.5630704760551453,0.545504629611969,0.47779351472854614,0.004484724719077349,0.837725043296814,0.43334174156188965,0.45649176836013794,0.018755685538053513,0.999567985534668,0.491646945476532,0.455477237701416,-0.01907806284725666,0.9993402361869812,0.43290895223617554,0.6591514348983765,0.021816717460751534,0.9876377582550049,0.49985623359680176,0.6604365706443787,0.015647733584046364,0.9843032956123352,0.42334651947021484,0.8712920546531677,0.06269250810146332,0.9829223155975342,0.5031906366348267,0.871564507484436,0.05470573157072067,0.9828042387962341,0.4256172776222229,0.8990707993507385,0.06469246745109558,0.9811691641807556,0.5016852617263794,0.9020311832427979,0.05715785175561905,0.9764198660850525,0.4254944920539856,0.8978117108345032,0.006531723774969578,0.8906471729278564,0.5115301012992859,0.8952986598014832,-0.003537257667630911,0.8913239240646362
22,walk,0.4669593870639801,0.09325321763753891,0.24730046093463898,0.9998716115951538,0.46294569969177246,0.07873480021953583,0.21630103886127472,0.9998259544372559,0.45973077416419983,0.07788096368312836,0.21632686257362366,0.9998329281806946,0.4563462734222412,0.07707317173480988,0.21633851528167725,0.9998095631599426,0.4707600176334381,0.079966701567173,0.21419808268547058,0.9998309016227722,0.4734157919883728,0.0799500122666359,0.21422211825847626,0.9998411536216736,0.47620660066604614,0.0799984261393547,0.2141275852918625,0.9998111128807068,0.44919008016586304,0.0822167918086052,0.09764880686998367,0.9998229146003723,0.4796164631843567,0.08578287065029144,0.08759226649999619,0.999826192855835,0.4623544216156006,0.10456555336713791,0.21062323451042175,0.9998515248298645,0.47099775075912476,0.10673573613166809,0.20733234286308289,0.9998561143875122,0.40707388520240784,0.17128044366836548,0.049783315509557724,0.9998692274093628,0.5124305486679077,0.1822461634874344,0.0005742142675444484,0.999918520450592,0.39083683490753174,0.3195324242115021,0.03226657956838608,0.9781521558761597,0.5399594902992249,0.32580235600471497,-0.01838063821196556,0.9954797029495239,0.38286834955215454,0.45074424147605896,0.04228239506483078,0.7938193678855896,0.5512920022010803,0.4535590410232544,0.00573720782995224,0.9500925540924072,0.38434797525405884,0.4840014576911926,0.04021167755126953,0.6543800830841064,0.5520851016044617,0.4918062388896942,0.0026578791439533234,0.9008537530899048,0.3900638520717621,0.48236778378486633,0.03771212324500084,0.6335883140563965,0.5477464199066162,0.4888237714767456,0.003053549909964204,0.8910108804702759,0.39136117696762085,0.4710976481437683,0.040865156799554825,0.5640130639076233,0.5453990697860718,0.4777776896953583,0.0067808679305016994,0.8402851819992065,0.4334973394870758,0.4566015899181366,0.01819337159395218,0.9995797276496887,0.49169740080833435,0.45553749799728394,-0.018519286066293716,0.9993602633476257,0.43292364478111267,0.6593690514564514,0.021717313677072525,0.9882470965385437,0.49982738494873047,0.6608279943466187,0.01655868999660015,0.9851078391075134,0.42337292432785034,0.8716442584991455,0.06259797513484955,0.9836505651473999,0.5031380653381348,0.8712620139122009,0.05648912861943245,0.983561635017395,0.42562612891197205,0.8992448449134827,0.06463209539651871,0.9819634556770325,0.5015664100646973,0.9017781019210815,0.059143759310245514,0.977379560470581,0.4254152178764343,0.8978114724159241,0.006584443151950836,0.8926346898078918,0.5113704800605774,0.8952178359031677,-0.0018032656516879797,0.893352210521698
23,walk,0.46694356203079224,0.0933285802602768,0.24715891480445862,0.999871551990509,0.462942510843277,0.07883139699697495,0.21634599566459656,0.9998254179954529,0.459736168384552,0.07798301428556442,0.216371089220047,0.9998321533203125,0.4563589096069336,0.07718096673488617,0.21638305485248566,0.9998087882995605,0.4707406461238861,0.08006126433610916,0.21413883566856384,0.999830424785614,0.4733901023864746,0.0800483450293541,0.2141631543636322,0.9998406767845154,0.4761849343776703,0.08009938895702362,0.21406829357147217,0.9998106360435486,0.44919395446777344,0.08233839273452759,0.09808925539255142,0.9998214840888977,0.47961241006851196,0.08588891476392746,0.08755599707365036,0.9998255372047424,0.462336927652359,0.10463418811559677,0.2105434685945511,0.9998511672019958,0.4709777235984802,0.10680127888917923,0.20714151859283447,0.9998558759689331,0.4070616364479065,0.17141062021255493,0.05042322725057602,0.9998706579208374,0.5123964548110962,0.18219193816184998,0.0005150529905222356,0.9999196529388428,0.39084503054618835,0.3195629417896271,0.032522208988666534,0.9777325391769409,0.5399152636528015,0.32578346133232117,-0.018912332132458687,0.9955357909202576,0.38282573223114014,0.45075398683547974,0.04202140122652054,0.7957874536514282,0.5512444376945496,0.45368626713752747,0.003904439974576235,0.9516600370407104,0.38419920206069946,0.48396509885787964,0.04014201462268829,0.6574055552482605,0.5520077347755432,0.49178606271743774,0.00032162555726245046,0.9035759568214417,0.38992464542388916,0.482286661863327,0.037474412471055984,0.6366324424743652,0.5476973056793213,0.48879092931747437,0.0007616892107762396,0.8939358592033386,0.3913445770740509,0.47108450531959534,0.04071510210633278,0.5666629672050476,0.5453542470932007,0.47776511311531067,0.004912159405648708,0.8437713384628296,0.43358975648880005,0.45663249492645264,0.018092986196279526,0.9995903372764587,0.49172353744506836,0.45555904507637024,-0.018417032435536385,0.9993762969970703,0.4329544007778168,0.6593347191810608,0.021512474864721298,0.9887233972549438,0.4996238648891449,0.6611392498016357,0.01688055321574211,0.9857496023178101,0.4233655333518982,0.8719877600669861,0.06255974620580673,0.9841873049736023,0.5030642747879028,0.8709728717803955,0.057141274213790894,0.9841618537902832,0.4256148338317871,0.8992806077003479,0.06457449495792389,0.9825673699378967,0.5015178918838501,0.9015393853187561,0.0599292516708374,0.9781479239463806,0.42530736327171326,0.8981969356536865,0.005231162067502737,0.8939590454101562,0.5114542841911316,0.8951456546783447,-0.0009619685006327927,0.8950364589691162
24,walk,0.4670233726501465,0.09332847595214844,0.24987807869911194,0.9998723864555359,0.46302929520606995,0.07886474579572678,0.21907198429107666,0.9998260736465454,0.459841787815094,0.07801210880279541,0.2190975695848465,0.9998327493667603,0.45647603273391724,0.07720403373241425,0.21911194920539856,0.9998094439506531,0.4708063006401062,0.08012665808200836,0.21684885025024414,0.9998310804367065,0.47345447540283203,0.08012424409389496,0.21687540411949158,0.9998413920402527,0.47626495361328125,0.08018075674772263,0.2167814075946808,0.9998112320899963,0.4493183195590973,0.08238987624645233,0.10033057630062103,0.9998217821121216,0.4797232747077942,0.08597718179225922,0.08968310058116913,0.999826192855835,0.46243152022361755,0.10461007058620453,0.21299776434898376,0.999852180480957,0.47108110785484314,0.10679682344198227,0.20955029129981995,0.9998569488525391,0.4070592522621155,0.17150229215621948,0.05145017430186272,0.9998730421066284,0.5124384164810181,0.18201707303524017,0.0022067406680434942,0.9999209046363831,0.3908388316631317,0.3195422887802124,0.03284481540322304,0.9775230884552002,0.5399051904678345,0.32575687766075134,-0.018872447311878204,0.9955641031265259,0.38280874490737915,0.4507451355457306,0.041495032608509064,0.799595832824707,0.5511676073074341,0.45374810695648193,0.0026871832087635994,0.9532496333122253,0.3841652274131775,0.4838540852069855,0.03877917677164078,0.663195013999939,0.5519163012504578,0.49176618456840515,-0.0013514647725969553,0.9064739942550659,0.3898637592792511,0.48209694027900696,0.03583518788218498,0.6425830125808716,0.5476179122924805,0.48876431584358215,-0.0011098034447059035,0.8970513343811035,0.3913314938545227,0.47098904848098755,0.03997834026813507,0.5723981857299805,0.5452572703361511,0.4777525067329407,0.003588362829759717,0.8476184606552124,0.433635950088501,0.4566165506839752,0.017826832830905914,0.999603271484375,0.49171629548072815,0.4555588662624359,-0.01815316639840603,0.9993937611579895,0.4329535961151123,0.6592729687690735,0.021522101014852524,0.9892727732658386,0.4993337094783783,0.6614243388175964,0.019617516547441483,0.9864251613616943,0.4233500361442566,0.872223436832428,0.06281810253858566,0.9848220348358154,0.50301194190979,0.8708124160766602,0.06275385618209839,0.9848158359527588,0.42559581995010376,0.8993215560913086,0.06484676897525787,0.9832760095596313,0.5013638734817505,0.9014666080474854,0.06577228009700775,0.9790054559707642,0.4250710606575012,0.8978255391120911,0.0055387611500918865,0.895671546459198,0.5114625692367554,0.8951347470283508,0.004654062911868095,0.8967903256416321
25,walk,0.4670165479183197,0.09339605271816254,0.2507981061935425,0.9998733401298523,0.46302539110183716,0.07893592864274979,0.22011859714984894,0.9998270273208618,0.4598427414894104,0.07808257639408112,0.22014348208904266,0.9998337030410767,0.45648106932640076,0.07727313041687012,0.22015821933746338,0.9998106360435486,0.47079700231552124,0.08019741624593735,0.21788176894187927,0.9998317360877991,0.4734422564506531,0.08019375801086426,0.21790823340415955,0.9998420476913452,0.476254403591156,0.08024787157773972,0.21781520545482635,0.9998118877410889,0.4493299126625061,0.08245034515857697,0.1019010990858078,0.9998230934143066,0.4797286093235016,0.08603642135858536,0.09119878709316254,0.999826967716217,0.46243852376937866,0.10466508567333221,0.2140653431415558,0.9998536109924316,0.471082866191864,0.10684859752655029,0.21061444282531738,0.9998581409454346,0.4070666432380676,0.17148762941360474,0.05327143520116806,0.9998764395713806,0.5124273300170898,0.1817760020494461,0.0034863632172346115,0.9999222159385681,0.3908357620239258,0.3193880021572113,0.034008633345365524,0.9774697422981262,0.539875864982605,0.3257433772087097,-0.018754031509160995,0.9956074953079224,0.38271379470825195,0.45070338249206543,0.04128878936171532,0.8042739033699036,0.5510829091072083,0.4538356065750122,0.0017411522567272186,0.954821765422821,0.3840731978416443,0.48366639018058777,0.038604218512773514,0.6698781251907349,0.5518444776535034,0.49174991250038147,-0.002719676122069359,0.9092531204223633,0.38982027769088745,0.48190414905548096,0.03554868325591087,0.6494736075401306,0.5475462079048157,0.48874199390411377,-0.002594460267573595,0.9000402688980103,0.39129430055618286,0.4708741009235382,0.03981403261423111,0.5790652632713318,0.5451780557632446,0.47774267196655273,0.0025524250231683254,0.8513945937156677,0.4336441159248352,0.4564252495765686,0.017800047993659973,0.9996140599250793,0.4916810989379883,0.45545244216918945,-0.018128441646695137,0.9994061589241028,0.4329525828361511,0.65920490026474,0.01919829286634922,0.9897162318229675,0.49881941080093384,0.6616736054420471,0.019932089373469353,0.9869727492332458,0.4233335554599762,0.8723881840705872,0.0585961639881134,0.9853039979934692,0.5029778480529785,0.8706713318824768,0.06349266320466995,0.9853423833847046,0.4255809187889099,0.8993133306503296,0.06020069867372513,0.9838122725486755,0.5011871457099915,0.9013622999191284,0.06646432727575302,0.9797027707099915,0.4238210618495941,0.8978749513626099,-0.0009515038691461086,0.8970359563827515,0.5114883184432983,0.8953081965446472,0.004845202434808016,0.8983935117721558
26,walk,0.46699991822242737,0.0934356153011322,0.24999268352985382,0.9998727440834045,0.4630078375339508,0.07897096872329712,0.2192918360233307,0.9998260140419006,0.45982566475868225,0.07811702787876129,0.21931593120098114,0.9998327493667603,0.4564652442932129,0.07730784267187119,0.21933026611804962,0.9998100399971008,0.47077980637550354,0.0802316889166832,0.21706101298332214,0.9998301863670349,0.47342649102211,0.08022737503051758,0.21708723902702332,0.999840497970581,0.4762362837791443,0.08028016984462738,0.21699419617652893,0.9998102188110352,0.4493275284767151,0.08249903470277786,0.10132139921188354,0.9998222589492798,0.4797151982784271,0.08606170117855072,0.09059377759695053,0.9998254776000977,0.4624313414096832,0.10469142347574234,0.21334338188171387,0.999853789806366,0.47106972336769104,0.10687568783760071,0.2099095582962036,0.9998579025268555,0.4071287512779236,0.17144760489463806,0.05527741461992264,0.999879002571106,0.5124573111534119,0.18171991407871246,0.002145827282220125,0.999923050403595,0.3908582627773285,0.318714439868927,0.03582756966352463,0.9771988391876221,0.5398396253585815,0.32572194933891296,-0.02148488722741604,0.9956272840499878,0.3826542794704437,0.4504255950450897,0.041250381618738174,0.8090531229972839,0.5510252118110657,0.45386162400245667,-0.0033064752351492643,0.956139862537384,0.3839825689792633,0.48319754004478455,0.03809509053826332,0.6768830418586731,0.5517885684967041,0.4917171895503998,-0.008709980174899101,0.9115639925003052,0.38974112272262573,0.48147404193878174,0.034615788608789444,0.6567531228065491,0.5474985241889954,0.48872146010398865,-0.008658288046717644,0.9025322794914246,0.39121320843696594,0.4705234467983246,0.03956548869609833,0.5859524011611938,0.5451200008392334,0.4777228534221649,-0.002584361005574465,0.8544997572898865,0.43363600969314575,0.45607665181159973,0.019592473283410072,0.999620258808136,0.49164438247680664,0.45530492067337036,-0.019911307841539383,0.999413788318634,0.4329492151737213,0.6591694951057434,0.01908062770962715,0.9899827837944031,0.4986831247806549,0.661797046661377,0.01605822518467903,0.9874904751777649,0.42319607734680176,0.8722900152206421,0.057977963238954544,0.9855747818946838,0.5029422044754028,0.8705691695213318,0.05858403444290161,0.9858554005622864,0.42550650238990784,0.8992016315460205,0.05934879183769226,0.9841408133506775,0.5008602142333984,0.9012766480445862,0.06126280501484871,0.9803951978683472,0.4236796498298645,0.8978803753852844,-0.0037917376030236483,0.8975819945335388,0.511695384979248,0.8961029052734375,-0.0033384026028215885,0.9003702998161316
27,walk,0.46694859862327576,0.09408893436193466,0.25359058380126953,0.9998682737350464,0.46290045976638794,0.07971568405628204,0.22339987754821777,0.9998202323913574,0.4596899449825287,0.07880233973264694,0.2234211415052414,0.9998270869255066,0.45632362365722656,0.07799701392650604,0.22343571484088898,0.9998042583465576,0.4707196354866028,0.08099457621574402,0.22046589851379395,0.9998239874839783,0.47335490584373474,0.08095864206552505,0.22049066424369812,0.9998342990875244,0.4761594831943512,0.08096960932016373,0.22039175033569336,0.9998031854629517,0.44924455881118774,0.08303408324718475,0.10713370889425278,0.9998162388801575,0.47966521978378296,0.08643745630979538,0.09349806606769562,0.9998186826705933,0.4623354375362396,0.10523512214422226,0.21762509644031525,0.9998491406440735,0.4710105061531067,0.10744783282279968,0.2133532017469406,0.9998525977134705,0.407126247882843,0.1714087277650833,0.06404627859592438,0.9998804330825806,0.5124419927597046,0.18167835474014282,0.002207472687587142,0.999923050403595,0.39084190130233765,0.3182446360588074,0.042508311569690704,0.9766358733177185,0.539811372756958,0.3249965310096741,-0.021371956914663315,0.9956285357475281,0.3824418783187866,0.4503994286060333,0.04324907809495926,0.8120144605636597,0.5509855151176453,0.4538278877735138,-0.002460565185174346,0.9569622278213501,0.38344159722328186,0.4829937815666199,0.039866261184215546,0.6813560128211975,0.5517626404762268,0.49144303798675537,-0.00746932765468955,0.9129993915557861,0.3892415165901184,0.4814133048057556,0.03655523434281349,0.6613231301307678,0.5474750995635986,0.4885101616382599,-0.007199167273938656,0.9041099548339844,0.390930712223053,0.4705124795436859,0.041371047496795654,0.5897910594940186,0.5450869202613831,0.47750625014305115,-0.0016644112765789032,0.856317937374115,0.4335487484931946,0.4558331072330475,0.023540489375591278,0.9996199607849121,0.4914263188838959,0.4551684558391571,-0.02387399598956108,0.9994136691093445,0.4327811598777771,0.6592029333114624,0.01969209685921669,0.990101158618927,0.49865832924842834,0.6618837118148804,0.010229887440800667,0.9879274368286133,0.42293843626976013,0.872182309627533,0.05800173804163933,0.9855875968933105,0.5027357935905457,0.8705013990402222,0.05183611065149307,0.9862280488014221,0.4253666400909424,0.8991066813468933,0.05943926051259041,0.9842253923416138,0.5001668930053711,0.9012189507484436,0.05451127886772156,0.9809519052505493,0.423388808965683,0.8978983759880066,-0.00395555654540658,0.8964625597000122,0.5116404891014099,0.8968620896339417,-0.011060843244194984,0.9014087915420532
28,walk,0.4668146073818207,0.09424831718206406,0.25517940521240234,0.9998605847358704,0.46270450949668884,0.0798989087343216,0.22522211074829102,0.9998100996017456,0.45947104692459106,0.07897374033927917,0.22524139285087585,0.9998176097869873,0.4561138153076172,0.07817995548248291,0.22525647282600403,0.999794065952301,0.4705958366394043,0.08118586987257004,0.22188763320446014,0.9998131394386292,0.473227322101593,0.08114776760339737,0.22191008925437927,0.9998239278793335,0.4760422706604004,0.08115865290164948,0.2218080759048462,0.9997910857200623,0.4491311013698578,0.08317621797323227,0.10938499122858047,0.9998059272766113,0.47964730858802795,0.08654452860355377,0.09423898160457611,0.9998070001602173,0.4621649384498596,0.10534236580133438,0.2194041758775711,0.9998408555984497,0.47091561555862427,0.10759767889976501,0.21466489136219025,0.9998431205749512,0.4071257710456848,0.17131686210632324,0.06893588602542877,0.9998802542686462,0.5124245285987854,0.18167757987976074,0.001357048167847097,0.9999219179153442,0.39083942770957947,0.31720244884490967,0.046516768634319305,0.9758057594299316,0.5397865176200867,0.3244316875934601,-0.02283480390906334,0.9956112504005432,0.38231104612350464,0.4500303864479065,0.04389100521802902,0.8152807950973511,0.5509623885154724,0.4538242816925049,-0.0034311923664063215,0.957821786403656,0.38307881355285645,0.48247429728507996,0.0403740219771862,0.6865933537483215,0.5517578721046448,0.4912540912628174,-0.009251242503523827,0.9145925045013428,0.38891059160232544,0.481042742729187,0.03692551702260971,0.666672945022583,0.5474701523780823,0.48840102553367615,-0.008297445252537727,0.9058451652526855,0.3907591700553894,0.4702228605747223,0.04182463884353638,0.5942963361740112,0.5450798869132996,0.4774148166179657,-0.002394977491348982,0.858322024345398,0.43336349725723267,0.45572227239608765,0.027628039941191673,0.9996157288551331,0.49118342995643616,0.45512428879737854,-0.027971109375357628,0.9994086623191833,0.43257999420166016,0.6592702269554138,0.02261079102754593,0.9901777505874634,0.4986104369163513,0.6619280576705933,0.004441945813596249,0.9883983135223389,0.42270612716674805,0.8721026182174683,0.061328399926424026,0.9855256676673889,0.5025376081466675,0.8704854249954224,0.046737562865018845,0.9866589307785034,0.42524880170822144,0.8990520238876343,0.0625586062669754,0.9842990040779114,0.49950847029685974,0.901237428188324,0.049512699246406555,0.9815979599952698,0.4232364594936371,0.898077130317688,-0.0036263936199247837,0.8944611549377441,0.5116199254989624,0.8979576826095581,-0.01762661710381508,0.9026281833648682
29,walk,0.46666163206100464,0.09442858397960663,0.25520607829093933,0.9998527765274048,0.4624975621700287,0.0801098644733429,0.22540414333343506,0.9997994899749756,0.4592483639717102,0.07917424291372299,0.2254226952791214,0.999807596206665,0.4559005796909332,0.07838939875364304,0.2254386693239212,0.9997833967208862,0.4704679548740387,0.08138618618249893,0.22186478972434998,0.9998019933700562,0.4730983376502991,0.08133234083652496,0.22188647091388702,0.9998133182525635,0.47592559456825256,0.08133187144994736,0.221781924366951,0.9997789263725281,0.4490010142326355,0.08331399410963058,0.10994217544794083,0.9997947216033936,0.47962793707847595,0.08665676414966583,0.09391184151172638,0.9997947812080383,0.46197667717933655,0.1054629310965538,0.21952883899211884,0.9998322129249573,0.47080349922180176,0.10773736983537674,0.21453475952148438,0.9998335838317871,0.40712398290634155,0.17127732932567596,0.0698641687631607,0.9998802542686462,0.5123913288116455,0.18163685500621796,2.2179217921802774e-05,0.9999213218688965,0.3908282220363617,0.3162802755832672,0.04705318063497543,0.9747211337089539,0.5397751331329346,0.3239404559135437,-0.024840369820594788,0.9955779314041138,0.38215750455856323,0.44991928339004517,0.043644554913043976,0.818274974822998,0.5509475469589233,0.4538258910179138,-0.005603364668786526,0.9588324427604675,0.38272586464881897,0.4823435842990875,0.04031134024262428,0.691580593585968,0.5517611503601074,0.49109411239624023,-0.012034839950501919,0.9165099263191223,0.38864293694496155,0.48098453879356384,0.036549441516399384,0.6717655062675476,0.5474593639373779,0.48830556869506836,-0.010742501355707645,0.9079486131668091,0.39062705636024475,0.4701954424381256,0.04174472391605377,0.5986488461494446,0.5450655221939087,0.4773351848125458,-0.004424533806741238,0.8608853220939636,0.4332404136657715,0.45561468601226807,0.028826136142015457,0.9996112585067749,0.49104446172714233,0.4550614655017853,-0.02917414903640747,0.9994038343429565,0.43242210149765015,0.6594124436378479,0.02289893664419651,0.9902169108390808,0.49856430292129517,0.6619455814361572,0.0008590103825554252,0.9887433052062988,0.42253535985946655,0.8721237778663635,0.06148695945739746,0.9854018688201904,0.5024248957633972,0.8704596757888794,0.04316788539290428,0.9869747161865234,0.4252435564994812,0.8989764451980591,0.06265176832675934,0.984279453754425,0.4991663992404938,0.9012290835380554,0.04592372849583626,0.9820522665977478,0.42289239168167114,0.8987470865249634,-0.003708070842549205,0.8925614356994629,0.5116026997566223,0.8989430069923401,-0.022358018904924393,0.9036433696746826
30,walk,0.46657413244247437,0.09448571503162384,0.2560553252696991,0.9998471140861511,0.4623425602912903,0.08015526086091995,0.22640657424926758,0.9997920989990234,0.45906466245651245,0.0792139545083046,0.22642412781715393,0.999800443649292,0.4557095170021057,0.07843001931905746,0.22643955051898956,0.9997761845588684,0.4703853130340576,0.08142425119876862,0.22264614701271057,0.9997937083244324,0.47302037477493286,0.08136554062366486,0.22266705334186554,0.999805212020874,0.47586148977279663,0.08136329054832458,0.22256115078926086,0.9997700452804565,0.448864221572876,0.08333074301481247,0.11099066585302353,0.9997867345809937,0.4796157479286194,0.08667599409818649,0.09405233711004257,0.9997855424880981,0.46183785796165466,0.10548681765794754,0.22036831080913544,0.9998257756233215,0.4707484245300293,0.10777255892753601,0.21509429812431335,0.9998261332511902,0.4071192741394043,0.17126955091953278,0.07160590589046478,0.9998813271522522,0.5123798847198486,0.1816224604845047,-0.0008010235615074635,0.9999211430549622,0.39082127809524536,0.31594884395599365,0.04890107363462448,0.9738204479217529,0.539754331111908,0.32374104857444763,-0.025662358850240707,0.9955588579177856,0.3820011019706726,0.44981756806373596,0.04421135038137436,0.8211444020271301,0.5509353876113892,0.4538359045982361,-0.005904861725866795,0.9596908688545227,0.38242968916893005,0.4822390377521515,0.04067094624042511,0.696128785610199,0.5517682433128357,0.4909963309764862,-0.0123573774471879,0.9180945158004761,0.3884992301464081,0.4809374511241913,0.0368850938975811,0.6764113903045654,0.5474475622177124,0.48824623227119446,-0.010953115299344063,0.9096865057945251,0.39058151841163635,0.4701771140098572,0.042080752551555634,0.6025099754333496,0.5450513362884521,0.47727257013320923,-0.004683939274400473,0.8629382252693176,0.43321338295936584,0.4554698169231415,0.029810095205903053,0.9996102452278137,0.49099794030189514,0.45498067140579224,-0.030153894796967506,0.9994022250175476,0.4323151111602783,0.6595738530158997,0.02273428998887539,0.9901939630508423,0.49859005212783813,0.6619325280189514,-0.0024628061801195145,0.9890339970588684,0.4223378598690033,0.8723934888839722,0.06027575209736824,0.9852355718612671,0.5023985505104065,0.8704783916473389,0.0388382226228714,0.9872415661811829,0.42522111535072327,0.8989492654800415,0.06112586706876755,0.9841794371604919,0.49902066588401794,0.9012236595153809,0.041488002985715866,0.9824095964431763,0.42148613929748535,0.9000694155693054,-0.007371629122644663,0.8909221887588501,0.5116602182388306,0.9000930190086365,-0.027301717549562454,0.9047832489013672
31,walk,0.46657252311706543,0.09450922161340714,0.25948676466941833,0.9998456835746765,0.46233654022216797,0.08017782866954803,0.23017525672912598,0.9997902512550354,0.45905667543411255,0.0792403593659401,0.2301938831806183,0.9997987151145935,0.45570117235183716,0.07845708727836609,0.2302110493183136,0.9997750520706177,0.4703795909881592,0.08144019544124603,0.2258603572845459,0.9997913837432861,0.4730139374732971,0.08138155192136765,0.22588081657886505,0.9998027682304382,0.4758545458316803,0.08137967437505722,0.22577521204948425,0.9997677206993103,0.4488542973995209,0.08335160464048386,0.11522720009088516,0.9997842907905579,0.4796019196510315,0.08670457452535629,0.09565054625272751,0.9997822642326355,0.4618300497531891,0.10551296919584274,0.22393855452537537,0.9998235702514648,0.47074198722839355,0.107799232006073,0.2178676426410675,0.9998230934143066,0.4070354104042053,0.17127126455307007,0.07495386898517609,0.999882698059082,0.5123626589775085,0.18160679936408997,-0.0007610087050125003,0.9999213218688965,0.3907347023487091,0.31596246361732483,0.05224700644612312,0.973189651966095,0.5397456884384155,0.32349222898483276,-0.025349289178848267,0.9955496788024902,0.38182416558265686,0.44975703954696655,0.04645823687314987,0.8236042261123657,0.550923764705658,0.4536674916744232,-0.005736293271183968,0.9603443145751953,0.3820710778236389,0.48217615485191345,0.04284128174185753,0.6999173164367676,0.5517803430557251,0.49067947268486023,-0.011746490374207497,0.9193385243415833,0.3882684111595154,0.4809129536151886,0.03906834125518799,0.6802545785903931,0.5474385023117065,0.487984299659729,-0.010877079330384731,0.9110825061798096,0.39048802852630615,0.4701522886753082,0.04416050389409065,0.6057175397872925,0.5450378060340881,0.4769696593284607,-0.004256719723343849,0.8644362688064575,0.4331749975681305,0.45530229806900024,0.03064494952559471,0.9996125102043152,0.4909331798553467,0.4549199938774109,-0.030991464853286743,0.9994060397148132,0.43227753043174744,0.6596367359161377,0.022209031507372856,0.9903343915939331,0.4986873269081116,0.6619554162025452,-0.004204551223665476,0.9894371032714844,0.42217692732810974,0.8724936842918396,0.05738694220781326,0.9852787256240845,0.5023831725120544,0.8704713582992554,0.03519768267869949,0.9876145720481873,0.42512616515159607,0.8989284038543701,0.0580449178814888,0.9843162298202515,0.4988909363746643,0.9012352824211121,0.03774252533912659,0.9828998446464539,0.42061978578567505,0.9007799029350281,-0.010667881928384304,0.8899540305137634,0.5116798877716064,0.9007045030593872,-0.030627751722931862,0.9062175154685974
32,walk,0.46665158867836,0.09452679753303528,0.2592690587043762,0.999845564365387,0.46240901947021484,0.08019770681858063,0.2299104928970337,0.999790370464325,0.45912399888038635,0.07926318049430847,0.22992971539497375,0.9997987747192383,0.4557527005672455,0.07847915589809418,0.22994711995124817,0.9997758865356445,0.47044068574905396,0.0814574733376503,0.22577448189258575,0.9997910857200623,0.47306838631629944,0.0814017802476883,0.2257954627275467,0.99980229139328,0.47589677572250366,0.08140309900045395,0.22569112479686737,0.9997676014900208,0.44885706901550293,0.08333520591259003,0.11476204544305801,0.9997841715812683,0.47959190607070923,0.08673606812953949,0.09580870717763901,0.9997811317443848,0.46190372109413147,0.1055351048707962,0.2236250340938568,0.9998233914375305,0.4708002209663391,0.1078210175037384,0.2177552431821823,0.9998222589492798,0.4069730341434479,0.17127607762813568,0.07317180931568146,0.9998842477798462,0.5123446583747864,0.18151699006557465,-0.0003727810108102858,0.9999215602874756,0.3906856179237366,0.3159826397895813,0.05083239823579788,0.9729304313659668,0.53972327709198,0.3233996331691742,-0.024804430082440376,0.9955347180366516,0.3816950023174286,0.4497608244419098,0.04651021957397461,0.8265376687049866,0.5509127378463745,0.45362696051597595,-0.004791069310158491,0.9609529376029968,0.3818911612033844,0.48214590549468994,0.042898282408714294,0.7040241360664368,0.5517755746841431,0.49053341150283813,-0.010971775278449059,0.9204850792884827,0.3881380259990692,0.48088186979293823,0.03926460072398186,0.6844748854637146,0.5474312901496887,0.48787838220596313,-0.009985113516449928,0.9123663306236267,0.3904293179512024,0.47014811635017395,0.0442618764936924,0.6095076203346252,0.5450297594070435,0.47683796286582947,-0.003286695806309581,0.8658825159072876,0.4331674575805664,0.45506370067596436,0.029919352382421494,0.9996147155761719,0.4908882677555084,0.45482635498046875,-0.030262699350714684,0.9994089603424072,0.43227267265319824,0.6597540378570557,0.02036263793706894,0.9904718399047852,0.4986708164215088,0.6619865298271179,-0.0026368177495896816,0.9897511005401611,0.4220937192440033,0.8724891543388367,0.05399826914072037,0.9853008985519409,0.5023588538169861,0.8704730272293091,0.03605019301176071,0.9878851175308228,0.4250822961330414,0.8988953232765198,0.05458369851112366,0.9843939542770386,0.4986778795719147,0.9012579321861267,0.038473498076200485,0.9832712411880493,0.4206210672855377,0.9011380672454834,-0.013863926753401756,0.8892384171485901,0.5116792917251587,0.9008963704109192,-0.02938871644437313,0.9072175621986389
33,walk,0.4667295515537262,0.0945495218038559,0.25857675075531006,0.9998430013656616,0.4624885618686676,0.08021805435419083,0.22897586226463318,0.9997864961624146,0.4592098295688629,0.07928335666656494,0.2289954125881195,0.9997949004173279,0.455831915140152,0.07849673926830292,0.22901229560375214,0.999772310256958,0.4704921245574951,0.08147943019866943,0.22515030205249786,0.9997873306274414,0.4731149673461914,0.0814247578382492,0.2251722365617752,0.9997983574867249,0.47593456506729126,0.08142609149217606,0.2250700294971466,0.9997636675834656,0.4488825798034668,0.08334092050790787,0.11410586535930634,0.9997791647911072,0.47958794236183167,0.0867590382695198,0.0956612080335617,0.999776303768158,0.46201032400131226,0.10555094480514526,0.22277340292930603,0.9998199939727783,0.4708735942840576,0.10783679038286209,0.21738147735595703,0.9998188018798828,0.4069407880306244,0.17128977179527283,0.0729350745677948,0.9998834729194641,0.5123340487480164,0.18143321573734283,-0.0012123479973524809,0.9999215602874756,0.3906734883785248,0.3160153925418854,0.05078310891985893,0.9718324542045593,0.5396615266799927,0.32308194041252136,-0.025291020050644875,0.9954776167869568,0.381686270236969,0.4498119056224823,0.04655507951974869,0.8268957734107971,0.5508995056152344,0.45344874262809753,-0.00448595779016614,0.9613898396492004,0.381858766078949,0.48214611411094666,0.042995039373636246,0.7051211595535278,0.5517694354057312,0.49040094017982483,-0.010490885004401207,0.9213918447494507,0.3881213366985321,0.48086419701576233,0.039345648139715195,0.6855655312538147,0.5474157929420471,0.48776036500930786,-0.00942637212574482,0.9134104251861572,0.3904159665107727,0.4701530933380127,0.04427408427000046,0.6101461052894592,0.5449921488761902,0.47664082050323486,-0.0030228598043322563,0.8670236468315125,0.433161199092865,0.45489010214805603,0.030408566817641258,0.9996131658554077,0.490875244140625,0.4546958804130554,-0.030754301697015762,0.999411404132843,0.4322666525840759,0.6598110198974609,0.02146623283624649,0.9904910326004028,0.4986678659915924,0.6620860695838928,-0.0026081036776304245,0.989989697933197,0.42197269201278687,0.8723233342170715,0.056286025792360306,0.9852423071861267,0.5023232698440552,0.8704651594161987,0.03740012273192406,0.98811936378479,0.42496389150619507,0.8985372185707092,0.05696570873260498,0.9843794107437134,0.4984320104122162,0.9012482762336731,0.039962030947208405,0.9835768342018127,0.42058849334716797,0.901147723197937,-0.013030493631958961,0.8882541060447693,0.5117109417915344,0.9008570909500122,-0.02773679792881012,0.9081369042396545
34,walk,0.46679458022117615,0.09456642717123032,0.25809139013290405,0.9998404383659363,0.462576299905777,0.08023499697446823,0.22856087982654572,0.999782383441925,0.459308922290802,0.07929912954568863,0.2285803258419037,0.9997905492782593,0.4559246897697449,0.07850785553455353,0.22859546542167664,0.9997684955596924,0.47056642174720764,0.08149853348731995,0.2246437519788742,0.9997835159301758,0.4731956422328949,0.0814434289932251,0.22466301918029785,0.9997942447662354,0.47601062059402466,0.08144398033618927,0.2245555818080902,0.9997599124908447,0.44892483949661255,0.08333134651184082,0.1138402670621872,0.9997735023498535,0.4796040654182434,0.08677659928798676,0.09446350485086441,0.9997713565826416,0.4620857238769531,0.10554429888725281,0.22245793044567108,0.9998167753219604,0.47094541788101196,0.10782954841852188,0.21642477810382843,0.9998157024383545,0.40688997507095337,0.1713072508573532,0.07359171658754349,0.9998825192451477,0.5123065710067749,0.1812886744737625,-0.0028354404494166374,0.9999218583106995,0.3906687796115875,0.31605812907218933,0.051565319299697876,0.9703971743583679,0.5395592451095581,0.3224208652973175,-0.0269891656935215,0.9953947067260742,0.38167744874954224,0.449841171503067,0.04651978984475136,0.8271521925926208,0.5508872866630554,0.4530457854270935,-0.005325874779373407,0.9618712663650513,0.3818064332008362,0.48214781284332275,0.04291141778230667,0.7062614560127258,0.5517646074295044,0.4900984764099121,-0.01147138886153698,0.9224311709403992,0.3881097435951233,0.48085129261016846,0.03924613818526268,0.6867120862007141,0.5474027991294861,0.48753780126571655,-0.010227616876363754,0.9146016240119934,0.3904053568840027,0.4701637327671051,0.044194404035806656,0.6108116507530212,0.5449570417404175,0.47633570432662964,-0.0038502439856529236,0.8683648705482483,0.4331575334072113,0.4547539949417114,0.031286872923374176,0.9996106028556824,0.4908648431301117,0.45442062616348267,-0.0316348597407341,0.9994133114814758,0.43226227164268494,0.659888744354248,0.02177908644080162,0.9904327988624573,0.49870577454566956,0.6621842980384827,-0.004583185538649559,0.9901531934738159,0.4218362867832184,0.8720551133155823,0.05685945600271225,0.9851205348968506,0.5023027658462524,0.8704611659049988,0.03586534410715103,0.988285481929779,0.4246996343135834,0.8980223536491394,0.057476989924907684,0.9842745661735535,0.4983033239841461,0.9012384414672852,0.038435470312833786,0.9837608933448792,0.42060455679893494,0.9011369347572327,-0.011585639789700508,0.8874793648719788,0.5117059350013733,0.9008066654205322,-0.03060254454612732,0.9090448021888733
35,walk,0.4669571816921234,0.09455861151218414,0.2531200051307678,0.9998356699943542,0.4627819061279297,0.08021783083677292,0.2247917354106903,0.9997754693031311,0.4595600962638855,0.07927955687046051,0.2248116284608841,0.9997833371162415,0.4561805725097656,0.07847220450639725,0.22482994198799133,0.9997618198394775,0.4707462191581726,0.0814766213297844,0.21956296265125275,0.9997768998146057,0.4733871817588806,0.08141206949949265,0.21957895159721375,0.9997872114181519,0.47618764638900757,0.08140260726213455,0.2194676399230957,0.9997530579566956,0.4491165578365326,0.08324901014566422,0.1136317104101181,0.9997642040252686,0.4796521067619324,0.0867185890674591,0.08934237062931061,0.9997633099555969,0.462352454662323,0.1055106595158577,0.21885466575622559,0.9998113512992859,0.47114109992980957,0.10780637711286545,0.21134714782238007,0.9998107552528381,0.40685778856277466,0.1714334785938263,0.07304428517818451,0.9998795986175537,0.5122718811035156,0.1812591403722763,-0.007332968059927225,0.9999215602874756,0.3906638026237488,0.31661829352378845,0.05169834569096565,0.9688528180122375,0.5395042896270752,0.3222484290599823,-0.03026411309838295,0.9953006505966187,0.3816515803337097,0.4501037299633026,0.0473627969622612,0.8253761529922485,0.5508495569229126,0.45275047421455383,-0.006724543869495392,0.9617944359779358,0.3817887008190155,0.4822767376899719,0.04401550441980362,0.7044786214828491,0.5517421960830688,0.48987823724746704,-0.012757617048919201,0.9224556684494019,0.38813138008117676,0.4809466004371643,0.04017326608300209,0.6848443746566772,0.5473729372024536,0.4873729646205902,-0.011517154984176159,0.914706826210022,0.3904360234737396,0.47028541564941406,0.04493080452084541,0.6084656119346619,0.544906497001648,0.4761006534099579,-0.005255928263068199,0.8681790232658386,0.4331596791744232,0.45474663376808167,0.032677892595529556,0.9996042847633362,0.4908572733402252,0.45437002182006836,-0.033017534762620926,0.9994134306907654,0.4322948455810547,0.6599721908569336,0.022861577570438385,0.990234911441803,0.4986996650695801,0.6622565984725952,-0.010096045210957527,0.9902840256690979,0.4218175411224365,0.8717361688613892,0.05852610617876053,0.9848711490631104,0.5022935271263123,0.8705973029136658,0.02849973738193512,0.9884074926376343,0.4243524670600891,0.897520899772644,0.05915699154138565,0.9840400218963623,0.49824094772338867,0.9013031125068665,0.03083992935717106,0.9838793873786926,0.42095789313316345,0.9011455178260803,-0.011402995325624943,0.8865155577659607,0.5116997957229614,0.900745153427124,-0.03950098901987076,0.9099501967430115
36,walk,0.46703821420669556,0.0944785326719284,0.24876806139945984,0.9998284578323364,0.46290603280067444,0.08015532046556473,0.2206149846315384,0.9997656345367432,0.45971712470054626,0.07922960072755814,0.22063279151916504,0.999773383140564,0.45634979009628296,0.0784226804971695,0.22065052390098572,0.9997519850730896,0.47085776925086975,0.08137927949428558,0.21522721648216248,0.9997668862342834,0.47352105379104614,0.0813056156039238,0.2152421772480011,0.9997767806053162,0.4763358235359192,0.08129141479730606,0.21513155102729797,0.999742329120636,0.44927915930747986,0.08321846276521683,0.1108354702591896,0.9997518658638,0.4797540605068207,0.08665019273757935,0.08580002188682556,0.9997520446777344,0.46252554655075073,0.10542771965265274,0.21491511166095734,0.9998037219047546,0.47128161787986755,0.10772199928760529,0.20737282931804657,0.999803364276886,0.4068571925163269,0.17144134640693665,0.07248954474925995,0.9998772740364075,0.5122654438018799,0.18123145401477814,-0.010976473800837994,0.999921441078186,0.39067500829696655,0.3167043626308441,0.051522694528102875,0.9675507545471191,0.5394848585128784,0.3222928047180176,-0.032717086374759674,0.9952492713928223,0.3816315233707428,0.45013758540153503,0.047928839921951294,0.8232385516166687,0.5508400201797485,0.4527021050453186,-0.008427039720118046,0.9617544412612915,0.3817805349826813,0.48226848244667053,0.04474325105547905,0.7020426988601685,0.5517399311065674,0.4898441433906555,-0.01465076208114624,0.9224596619606018,0.38819620013237,0.480937659740448,0.04075883328914642,0.6822818517684937,0.5473678112030029,0.48735350370407104,-0.013379502110183239,0.914749026298523,0.39049676060676575,0.47028079628944397,0.04542054608464241,0.6053517460823059,0.5448943376541138,0.47603315114974976,-0.006996684707701206,0.86795574426651,0.4331735074520111,0.45459917187690735,0.03411739692091942,0.9995984435081482,0.4908733367919922,0.4541116952896118,-0.034446340054273605,0.9994133114814758,0.4324039816856384,0.6599729657173157,0.02330484427511692,0.9897878170013428,0.498707115650177,0.662335216999054,-0.016564028337597847,0.9902964234352112,0.42179808020591736,0.8712903261184692,0.05912265181541443,0.9843578934669495,0.5022677779197693,0.8707438707351685,0.02006595954298973,0.9883998036384583,0.42403849959373474,0.8969565629959106,0.059699464589357376,0.9835594296455383,0.49814629554748535,0.9013694524765015,0.02216675877571106,0.9838711619377136,0.42140084505081177,0.9012814164161682,-0.01064486987888813,0.8847537040710449,0.5117027163505554,0.900694727897644,-0.04916619509458542,0.9104822874069214
37,walk,0.4671091139316559,0.09446636587381363,0.24799787998199463,0.9998235106468201,0.46300840377807617,0.0801565870642662,0.21987159550189972,0.9997586011886597,0.4598466455936432,0.0792313739657402,0.2198885977268219,0.9997662305831909,0.45648831129074097,0.07842212915420532,0.2199060618877411,0.9997451305389404,0.47095972299575806,0.08137951046228409,0.21434597671031952,0.9997599124908447,0.4736429750919342,0.08130312711000443,0.2143615484237671,0.9997695088386536,0.47646862268447876,0.08128684014081955,0.21425160765647888,0.9997350573539734,0.44944852590560913,0.08322189748287201,0.11075104773044586,0.9997426271438599,0.47987356781959534,0.08665627986192703,0.08501128107309341,0.9997438192367554,0.46266642212867737,0.10540363192558289,0.21435174345970154,0.9997981190681458,0.4714156985282898,0.1077134758234024,0.20669415593147278,0.9997978806495667,0.4068829119205475,0.17139601707458496,0.07378765195608139,0.9998750686645508,0.5122830271720886,0.181211918592453,-0.012807709164917469,0.9999219179153442,0.3908231258392334,0.3166177272796631,0.05352158471941948,0.9663938283920288,0.5395005941390991,0.3223174810409546,-0.03469216823577881,0.9952471852302551,0.38168662786483765,0.45000147819519043,0.04899974912405014,0.8214784264564514,0.5508280992507935,0.4526764750480652,-0.010632465593516827,0.9620491862297058,0.3818811774253845,0.48198792338371277,0.045979999005794525,0.7002429366111755,0.5517363548278809,0.48976433277130127,-0.017227182164788246,0.9230144023895264,0.3882356882095337,0.4806038439273834,0.04167775809764862,0.6803746223449707,0.5473616123199463,0.4873145520687103,-0.015590189024806023,0.9153712391853333,0.39052456617355347,0.4699852466583252,0.04634543135762215,0.6029974222183228,0.5448708534240723,0.4759560823440552,-0.009049470536410809,0.8685064911842346,0.4331550598144531,0.4544479250907898,0.03556797280907631,0.9995918869972229,0.4908871650695801,0.4536115825176239,-0.03589170053601265,0.999413013458252,0.4324721693992615,0.6599534153938293,0.02437704987823963,0.9894713759422302,0.49875408411026,0.6622819304466248,-0.020604174584150314,0.9904078841209412,0.4217941164970398,0.8709738850593567,0.05963651463389397,0.9839242696762085,0.5022419095039368,0.8710758686065674,0.012803137302398682,0.988471508026123,0.4237108826637268,0.8968175053596497,0.060165196657180786,0.9832288026809692,0.49815696477890015,0.9016490578651428,0.014621039852499962,0.983977735042572,0.4220784306526184,0.9013148546218872,-0.010594137012958527,0.8828641176223755,0.5117236375808716,0.9006578922271729,-0.057005375623703,0.9110742211341858
38,walk,0.4671266973018646,0.09441546350717545,0.24801786243915558,0.9998193383216858,0.4630526006221771,0.08015614748001099,0.2199651002883911,0.9997533559799194,0.4599059224128723,0.0792338028550148,0.21998217701911926,0.9997608661651611,0.45655688643455505,0.07842455804347992,0.21999923884868622,0.9997400641441345,0.4709944725036621,0.0813748762011528,0.21426089107990265,0.9997545480728149,0.47368988394737244,0.08130010217428207,0.2142760455608368,0.999763548374176,0.47653380036354065,0.08128638565540314,0.21416771411895752,0.9997292757034302,0.44952815771102905,0.0832330733537674,0.1113935261964798,0.9997351765632629,0.47996973991394043,0.08666686713695526,0.08476077765226364,0.9997377991676331,0.46270960569381714,0.10533744841814041,0.2144649475812912,0.9997935891151428,0.4714544713497162,0.10765890777111053,0.2066914588212967,0.9997938275337219,0.406886488199234,0.17139080166816711,0.07871601730585098,0.9998725056648254,0.5123165249824524,0.1812105029821396,-0.015775522217154503,0.9999225735664368,0.3910965919494629,0.31621065735816956,0.05972960591316223,0.9653215408325195,0.5395950078964233,0.32226699590682983,-0.037567172199487686,0.9952971935272217,0.3823314905166626,0.44933733344078064,0.05454574152827263,0.8178087472915649,0.5508099794387817,0.45244306325912476,-0.013170224614441395,0.9620725512504578,0.38237571716308594,0.48113420605659485,0.05207075923681259,0.6958892345428467,0.5517324209213257,0.48946869373321533,-0.02045033499598503,0.9229425191879272,0.3885815739631653,0.4795529544353485,0.047014184296131134,0.6758092641830444,0.5473437905311584,0.4870428442955017,-0.018172960728406906,0.9153335094451904,0.3908662796020508,0.46910494565963745,0.051529742777347565,0.5981038808822632,0.54481440782547,0.4756294786930084,-0.01132022775709629,0.8681030869483948,0.43290001153945923,0.45440149307250977,0.03896031528711319,0.9995868802070618,0.4908822178840637,0.4533637464046478,-0.039270322769880295,0.9994151592254639,0.43256306648254395,0.6600059866905212,0.027491558343172073,0.9891278743743896,0.4987421929836273,0.6622699499130249,-0.031502410769462585,0.9906316995620728,0.4217919409275055,0.8707514405250549,0.061847757548093796,0.9834592342376709,0.5022342205047607,0.8713370561599731,-0.0025382714811712503,0.9886366724967957,0.42348653078079224,0.8966708779335022,0.062306709587574005,0.982955813407898,0.4981493055820465,0.9017989039421082,-0.0010397236328572035,0.9842311143875122,0.422909677028656,0.9015489220619202,-0.007990766316652298,0.8804236650466919,0.5117315053939819,0.9007120728492737,-0.07395331561565399,0.9121068716049194
39,walk,0.4671652317047119,0.09441448748111725,0.24819648265838623,0.9998162388801575,0.4631112515926361,0.08016415685415268,0.22037696838378906,0.9997501373291016,0.45997634530067444,0.07924611121416092,0.22039330005645752,0.9997575283050537,0.45663437247276306,0.07844047993421555,0.22040829062461853,0.9997370839118958,0.4710692763328552,0.08138000965118408,0.2143261730670929,0.9997509717941284,0.47378748655319214,0.08130538463592529,0.21434025466442108,0.9997595548629761,0.47664251923561096,0.08129111677408218,0.2142324447631836,0.9997256994247437,0.4496585726737976,0.08330083638429642,0.11209455877542496,0.9997304677963257,0.48004841804504395,0.08669497817754745,0.08496753871440887,0.9997341632843018,0.46279072761535645,0.10533661395311356,0.21499590575695038,0.9997897148132324,0.47154006361961365,0.10765442252159119,0.20679540932178497,0.999790370464325,0.40692639350891113,0.1714431643486023,0.080192431807518,0.9998701214790344,0.5124721527099609,0.18120986223220825,-0.015226254239678383,0.9999231696128845,0.3914925456047058,0.3158873915672302,0.06170900911092758,0.9644319415092468,0.5397250056266785,0.3221917152404785,-0.03670269623398781,0.9953670501708984,0.3831215500831604,0.4490288496017456,0.05743261054158211,0.8138049244880676,0.5508122444152832,0.4523339569568634,-0.012537391856312752,0.9621438980102539,0.3832584619522095,0.48096293210983276,0.055209316313266754,0.6908969283103943,0.5517672300338745,0.48935651779174805,-0.019650258123874664,0.9228605031967163,0.3892078399658203,0.4792393147945404,0.05013260245323181,0.6706010103225708,0.5473433136940002,0.48685041069984436,-0.017387207597494125,0.9152551293373108,0.39143073558807373,0.46879449486732483,0.05441746860742569,0.5926573872566223,0.5448042154312134,0.47543635964393616,-0.010708407498896122,0.8677167892456055,0.43271923065185547,0.45425307750701904,0.03920016437768936,0.999582052230835,0.4908880591392517,0.45302271842956543,-0.03950244560837746,0.9994152784347534,0.43276533484458923,0.6601212620735168,0.027423148974776268,0.9887291789054871,0.49873948097229004,0.6620194315910339,-0.034214749932289124,0.9907505512237549,0.42178845405578613,0.8707401752471924,0.0587228462100029,0.9828450679779053,0.5022055506706238,0.87150639295578,-0.0075648450292646885,0.9886665940284729,0.4233970046043396,0.8966879844665527,0.058849651366472244,0.9825395345687866,0.4981374144554138,0.9019110202789307,-0.0062967510893940926,0.9843278527259827,0.42324918508529663,0.9017704725265503,-0.010862634517252445,0.8774368166923523,0.5118357539176941,0.9007214903831482,-0.07919023931026459,0.9124677181243896
40,walk,0.4671768248081207,0.09434883296489716,0.2513784170150757,0.999811589717865,0.46314096450805664,0.0801619291305542,0.22256043553352356,0.9997447729110718,0.46001505851745605,0.07924607396125793,0.22257669270038605,0.9997525215148926,0.4566792845726013,0.07844085991382599,0.2225889414548874,0.9997320771217346,0.4711185395717621,0.08137442171573639,0.21743854880332947,0.9997450709342957,0.4738602638244629,0.08129975199699402,0.21745213866233826,0.9997537136077881,0.47674164175987244,0.08128629624843597,0.21734631061553955,0.9997198581695557,0.449781596660614,0.08332523703575134,0.11196725070476532,0.9997238516807556,0.4801924228668213,0.08670119941234589,0.08722198009490967,0.999727725982666,0.46282467246055603,0.10522924363613129,0.216877743601799,0.9997841715812683,0.47162190079689026,0.10755354911088943,0.20979472994804382,0.9997851848602295,0.4070054888725281,0.1714639961719513,0.07997234165668488,0.9998666644096375,0.5128664970397949,0.1812334656715393,-0.013683130033314228,0.9999226927757263,0.39156633615493774,0.31604626774787903,0.0614783950150013,0.9639421105384827,0.5399127006530762,0.3222261369228363,-0.03152383118867874,0.9954312443733215,0.3836696743965149,0.44905754923820496,0.05612349510192871,0.8097632527351379,0.5509040951728821,0.4523165822029114,-0.006981336511671543,0.9618990421295166,0.38406112790107727,0.48104456067085266,0.05368965119123459,0.6855695843696594,0.5518857836723328,0.48931536078453064,-0.01361033134162426,0.9222047924995422,0.3899882435798645,0.47924506664276123,0.04893674701452255,0.6650515198707581,0.5474138259887695,0.48672184348106384,-0.011429226025938988,0.9145355820655823,0.3920963704586029,0.468797504901886,0.05325092002749443,0.5869847536087036,0.5448547005653381,0.4753055274486542,-0.005244784522801638,0.8664718270301819,0.4327196180820465,0.45424553751945496,0.038777418434619904,0.9995762705802917,0.490997850894928,0.4530167579650879,-0.03909825533628464,0.9994169473648071,0.4330301284790039,0.6602728366851807,0.027200037613511086,0.9884278774261475,0.498734712600708,0.66182941198349,-0.033719420433044434,0.9908630847930908,0.4217875003814697,0.8707351088523865,0.05855570361018181,0.9822850823402405,0.5021827816963196,0.871691107749939,-0.009792286902666092,0.9886795878410339,0.42338600754737854,0.8967831134796143,0.05879445746541023,0.9821648597717285,0.49812254309654236,0.9019803404808044,-0.008929056115448475,0.9844402074813843,0.42349547147750854,0.9021846055984497,-0.01042605098336935,0.8741463422775269,0.5118804574012756,0.9007657170295715,-0.08199593424797058,0.9122399687767029
41,walk,0.46717768907546997,0.094293013215065,0.2526298463344574,0.9998065233230591,0.46314629912376404,0.08014727383852005,0.22337289154529572,0.9997389316558838,0.4600234031677246,0.07923517376184464,0.22338911890983582,0.9997469186782837,0.45669007301330566,0.0784323662519455,0.22340063750743866,0.9997263550758362,0.47113037109375,0.08135635405778885,0.21871277689933777,0.9997385144233704,0.473883718252182,0.08128350228071213,0.21872682869434357,0.999747097492218,0.4767823815345764,0.08127367496490479,0.21862074732780457,0.9997131824493408,0.4498559832572937,0.08337489515542984,0.11183176189661026,0.9997166991233826,0.4803309440612793,0.08671990782022476,0.0883273109793663,0.9997205138206482,0.4628361165523529,0.10518220067024231,0.21755202114582062,0.9997779726982117,0.47164878249168396,0.10751405358314514,0.21104195713996887,0.9997795224189758,0.4072342813014984,0.1714511662721634,0.07923438400030136,0.9998642802238464,0.5133774280548096,0.1812790483236313,-0.013027344830334187,0.9999222159385681,0.39174365997314453,0.316033273935318,0.060323964804410934,0.9631434082984924,0.540070652961731,0.3221472501754761,-0.030440088361501694,0.9954786896705627,0.38463544845581055,0.44908782839775085,0.05509611964225769,0.8076089024543762,0.551164984703064,0.45231568813323975,-0.00675985449925065,0.9618939161300659,0.38511595129966736,0.48110461235046387,0.052739161998033524,0.6830865740776062,0.5522030591964722,0.4892735779285431,-0.013555159792304039,0.9219893217086792,0.39084380865097046,0.4792531728744507,0.04756031185388565,0.6624466776847839,0.5477107763290405,0.48656517267227173,-0.01137659139931202,0.9142919182777405,0.39283278584480286,0.4688072204589844,0.052070003002882004,0.584096372127533,0.5451954007148743,0.4751720428466797,-0.005073503125458956,0.8660099506378174,0.43274062871932983,0.4542110860347748,0.03868730738759041,0.9995731115341187,0.49113163352012634,0.4529728889465332,-0.03898947313427925,0.999419629573822,0.43316712975502014,0.660306990146637,0.02680704928934574,0.9880669713020325,0.4987320005893707,0.6616869568824768,-0.03311147540807724,0.9908837676048279,0.42178526520729065,0.8707274794578552,0.05858002230525017,0.9816921353340149,0.5021598935127258,0.8717330694198608,-0.007339047733694315,0.9886477589607239,0.4233858585357666,0.8967965841293335,0.058854393661022186,0.9817529320716858,0.4980955123901367,0.9019813537597656,-0.006304970942437649,0.9844678640365601,0.42348891496658325,0.9026240706443787,-0.01021072082221508,0.8711684346199036,0.5118954181671143,0.9008569717407227,-0.08005191385746002,0.9120351076126099
42,walk,0.467193603515625,0.09431582689285278,0.2527475357055664,0.9998036623001099,0.4631780683994293,0.08025293052196503,0.22337453067302704,0.9997357130050659,0.46007099747657776,0.07935138046741486,0.22339081764221191,0.999743640422821,0.4567514955997467,0.07856395840644836,0.2234022319316864,0.9997230172157288,0.47116246819496155,0.08145155012607574,0.21889527142047882,0.9997347593307495,0.47392702102661133,0.08137709647417068,0.21890953183174133,0.9997433423995972,0.4768345355987549,0.0813651755452156,0.21880443394184113,0.9997096657752991,0.45001083612442017,0.08375056833028793,0.11075206845998764,0.9997133016586304,0.48043742775917053,0.08695153146982193,0.08907391130924225,0.9997169971466064,0.46289676427841187,0.10522771626710892,0.2175654172897339,0.9997748136520386,0.47170954942703247,0.10755770653486252,0.2113717496395111,0.9997765421867371,0.4074694514274597,0.17145471274852753,0.07728619873523712,0.9998626112937927,0.5138543844223022,0.18132050335407257,-0.011403164826333523,0.999921977519989,0.3919218182563782,0.316181480884552,0.059104304760694504,0.962751567363739,0.5403781533241272,0.32217517495155334,-0.028707003220915794,0.9955342411994934,0.38539955019950867,0.4490676820278168,0.05450870841741562,0.8059315085411072,0.5514616966247559,0.45234543085098267,-0.005658462177962065,0.9618723392486572,0.3857157826423645,0.4810967743396759,0.052052222192287445,0.6808473467826843,0.5525709986686707,0.48925861716270447,-0.012385474517941475,0.9217309355735779,0.3912155330181122,0.4791892170906067,0.04714721068739891,0.6601184010505676,0.5480519533157349,0.4864959418773651,-0.010450560599565506,0.9139999747276306,0.39316537976264954,0.4687565565109253,0.05160136893391609,0.5813820958137512,0.5456243753433228,0.47513270378112793,-0.004136146046221256,0.8655498027801514,0.43274563550949097,0.45418882369995117,0.037389762699604034,0.9995719194412231,0.4912034571170807,0.4529315233230591,-0.0376705601811409,0.9994208216667175,0.4332340657711029,0.6603851914405823,0.023545170202851295,0.9878957867622375,0.49874043464660645,0.6614986658096313,-0.02997000887989998,0.9909488558769226,0.4217832684516907,0.8707253336906433,0.056184012442827225,0.9814250469207764,0.5021417140960693,0.8717320561408997,-0.0015803579008206725,0.9886824488639832,0.42338353395462036,0.8968347311019897,0.056562501937150955,0.9815533757209778,0.49809131026268005,0.9019603133201599,-0.0002416664792690426,0.9845536947250366,0.42348456382751465,0.9028071761131287,-0.012805032543838024,0.8698540925979614,0.5118745565414429,0.9008505344390869,-0.0727040022611618,0.9123209714889526
43,walk,0.46727293729782104,0.09436529129743576,0.25185510516166687,0.9998016953468323,0.46328482031822205,0.0803779810667038,0.22185727953910828,0.9997338056564331,0.460217148065567,0.07948432862758636,0.22187316417694092,0.9997416138648987,0.45693057775497437,0.07871071249246597,0.22188308835029602,0.9997211694717407,0.47125130891799927,0.0815802663564682,0.21794827282428741,0.9997323155403137,0.47402334213256836,0.08150342106819153,0.21796385943889618,0.999740719795227,0.47693806886672974,0.08148472756147385,0.2178611010313034,0.9997074604034424,0.4502731263637543,0.08406234532594681,0.10682719945907593,0.999711275100708,0.4805735647678375,0.08715953677892685,0.0885680764913559,0.9997145533561707,0.46306562423706055,0.10529457777738571,0.21627986431121826,0.9997730255126953,0.47182321548461914,0.10762696713209152,0.21074798703193665,0.9997749328613281,0.4076802730560303,0.1715317666530609,0.07207709550857544,0.9998611807823181,0.5142467021942139,0.18142499029636383,-0.011152018792927265,0.9999216198921204,0.3919347822666168,0.3169228136539459,0.0542001910507679,0.9624507427215576,0.5406428575515747,0.3222239911556244,-0.02853638492524624,0.9955739378929138,0.3863693177700043,0.449068158864975,0.05322886258363724,0.8043094873428345,0.5517815351486206,0.4524116814136505,-0.005530305206775665,0.9614452123641968,0.3864203095436096,0.4810769259929657,0.050948821008205414,0.678619384765625,0.5528838038444519,0.48920899629592896,-0.012132441624999046,0.9206994771957397,0.39163923263549805,0.4790840148925781,0.04628182202577591,0.6578369736671448,0.5483973622322083,0.4863961637020111,-0.010396689176559448,0.9129259586334229,0.3935270607471466,0.46867820620536804,0.050499558448791504,0.5786770582199097,0.5460605621337891,0.4751034080982208,-0.0040890914388000965,0.8640545010566711,0.43274396657943726,0.4541839063167572,0.03651553392410278,0.999570369720459,0.4912019371986389,0.4529438018798828,-0.036781564354896545,0.9994216561317444,0.433258593082428,0.6603890061378479,0.021333128213882446,0.9876684546470642,0.4987266957759857,0.6613892912864685,-0.028322134166955948,0.9910081624984741,0.42177075147628784,0.8707062602043152,0.05346010997891426,0.981093168258667,0.5021241903305054,0.8717244267463684,0.0009205240057781339,0.988713264465332,0.4233221411705017,0.896830677986145,0.05383721739053726,0.9813294410705566,0.4981025159358978,0.9019421339035034,0.002336598001420498,0.9846635460853577,0.42349910736083984,0.9028149843215942,-0.015376697294414043,0.8683069348335266,0.5118534564971924,0.9007881283760071,-0.069524846971035,0.9125434756278992
44,walk,0.46749550104141235,0.09426654130220413,0.24842295050621033,0.9998014569282532,0.463533490896225,0.08030245453119278,0.21839956939220428,0.9997338056564331,0.4605247974395752,0.07941870391368866,0.2184169590473175,0.99974125623703,0.45727190375328064,0.07864949852228165,0.21842899918556213,0.9997214078903198,0.47149762511253357,0.08150319010019302,0.21438336372375488,0.9997319579124451,0.4742807447910309,0.08142805099487305,0.21439871191978455,0.999739944934845,0.4772011339664459,0.0814124345779419,0.21429722011089325,0.9997072815895081,0.45061254501342773,0.08406172692775726,0.10354188829660416,0.9997106790542603,0.48079848289489746,0.08714839071035385,0.08491567522287369,0.9997140765190125,0.46335911750793457,0.10523968935012817,0.21300089359283447,0.9997735619544983,0.47208887338638306,0.10757479071617126,0.2073204219341278,0.9997755289077759,0.40796032547950745,0.17153874039649963,0.0697234645485878,0.999860405921936,0.5144189596176147,0.18144863843917847,-0.012938355095684528,0.9999215006828308,0.39204084873199463,0.3171122074127197,0.05284003168344498,0.9618666172027588,0.5408300161361694,0.32221245765686035,-0.03018910065293312,0.995598316192627,0.38692575693130493,0.4490692615509033,0.05231618136167526,0.8037750720977783,0.5522581338882446,0.45239177346229553,-0.00657744612544775,0.9612576961517334,0.38689249753952026,0.4810759723186493,0.04991907626390457,0.6780092120170593,0.5532463788986206,0.4888363778591156,-0.013127021491527557,0.9202494025230408,0.3919928967952728,0.4790322184562683,0.045139916241168976,0.6572422385215759,0.548761248588562,0.4860454499721527,-0.011843111366033554,0.9125013947486877,0.393814355134964,0.4686148762702942,0.04956166446208954,0.5777130126953125,0.5465899705886841,0.4749395549297333,-0.005302734207361937,0.8634092807769775,0.4327545762062073,0.454171359539032,0.03626168519258499,0.9995698928833008,0.49120908975601196,0.4529392719268799,-0.036533813923597336,0.9994223713874817,0.43333402276039124,0.6602455973625183,0.0206595528870821,0.9874215722084045,0.498831182718277,0.661264955997467,-0.028033588081598282,0.9910165667533875,0.421769917011261,0.8707108497619629,0.053314607590436935,0.9807753562927246,0.502135157585144,0.8717305660247803,0.0026253031101077795,0.9887012243270874,0.42329129576683044,0.8968650102615356,0.05375026538968086,0.9811233878135681,0.4981788098812103,0.9019476175308228,0.004251834936439991,0.9846804738044739,0.4236542284488678,0.9029673337936401,-0.015477876178920269,0.8672377467155457,0.5116908550262451,0.9007703065872192,-0.06766429543495178,0.912757396697998
45,walk,0.4677651524543762,0.09426062554121017,0.24829348921775818,0.9998010396957397,0.4637860357761383,0.08030664175748825,0.2182702124118805,0.9997332692146301,0.4608108103275299,0.07942303270101547,0.21828825771808624,0.9997406005859375,0.45755839347839355,0.07865284383296967,0.21830002963542938,0.9997208118438721,0.47178083658218384,0.08150608092546463,0.21426546573638916,0.9997312426567078,0.47455376386642456,0.08142991364002228,0.2142803966999054,0.9997390508651733,0.4774573743343353,0.0814141258597374,0.21417908370494843,0.9997065663337708,0.4508555829524994,0.08406876772642136,0.10326354205608368,0.9997095465660095,0.48095840215682983,0.08715403079986572,0.08473287522792816,0.9997134208679199,0.4636286795139313,0.10523445159196854,0.21286916732788086,0.9997730851173401,0.4723796844482422,0.10756643861532211,0.20718450844287872,0.9997754693031311,0.40811553597450256,0.17156662046909332,0.06840700656175613,0.9998592138290405,0.5145527124404907,0.18145109713077545,-0.012612606398761272,0.9999209046363831,0.3921799063682556,0.3176482021808624,0.05180690810084343,0.961477518081665,0.5410163402557373,0.32209834456443787,-0.029951583594083786,0.9956255555152893,0.38722342252731323,0.4492014944553375,0.05225367471575737,0.8018801212310791,0.552760124206543,0.4523363709449768,-0.005478620063513517,0.9607285857200623,0.387280136346817,0.4811915457248688,0.04990711063146591,0.6755113005638123,0.5538328289985657,0.48829641938209534,-0.011430024169385433,0.9192218780517578,0.3923349976539612,0.47907349467277527,0.045311905443668365,0.6546832919120789,0.5491696000099182,0.4856206774711609,-0.010362854227423668,0.9114773869514465,0.3940941393375397,0.4686325788497925,0.04957319051027298,0.5749230980873108,0.5470848083496094,0.4746599793434143,-0.004254826344549656,0.8619415760040283,0.4328221380710602,0.4542122185230255,0.03560558706521988,0.9995712637901306,0.49126943945884705,0.45296555757522583,-0.03587528318166733,0.999426007270813,0.4334382116794586,0.6602465510368347,0.020441370084881783,0.9873378276824951,0.4989756941795349,0.6612061858177185,-0.027298133820295334,0.9910872578620911,0.42180806398391724,0.8707606196403503,0.053614575415849686,0.9806874394416809,0.5021675825119019,0.8717305660247803,0.005052602384239435,0.9887579679489136,0.4232848584651947,0.8969419598579407,0.05409131199121475,0.9811096787452698,0.4983103275299072,0.9019442796707153,0.006950673647224903,0.9847802519798279,0.42391887307167053,0.9033090472221375,-0.014976250939071178,0.866788923740387,0.5112488269805908,0.9007672667503357,-0.06382306665182114,0.9130881428718567
46,walk,0.4679926037788391,0.09425068646669388,0.24788185954093933,0.9997988343238831,0.46400436758995056,0.08030878007411957,0.2178545743227005,0.9997310042381287,0.4610658586025238,0.07942593097686768,0.21787257492542267,0.9997380375862122,0.45783060789108276,0.0786581039428711,0.21788397431373596,0.9997183680534363,0.47201481461524963,0.0815076157450676,0.2138463705778122,0.9997287392616272,0.474782794713974,0.08143060654401779,0.21386118233203888,0.9997361898422241,0.47767218947410583,0.08141319453716278,0.2137586772441864,0.9997040033340454,0.4511146545410156,0.08410259336233139,0.10292746126651764,0.999706506729126,0.4810655117034912,0.0871589332818985,0.08443660289049149,0.9997110962867737,0.46386709809303284,0.10522831976413727,0.21252648532390594,0.999770998954773,0.47263163328170776,0.10755174607038498,0.20684830844402313,0.9997739195823669,0.40849217772483826,0.17154496908187866,0.06832947582006454,0.9998573064804077,0.5146547555923462,0.1814294159412384,-0.012660552747547626,0.9999206066131592,0.39236870408058167,0.31782519817352295,0.05179939419031143,0.9609043002128601,0.5411719679832458,0.32198241353034973,-0.029961764812469482,0.9956656098365784,0.38754209876060486,0.44920623302459717,0.05293525382876396,0.7989974021911621,0.5531026721000671,0.45228949189186096,-0.005301607772707939,0.9603108167648315,0.3875817656517029,0.48123350739479065,0.050897032022476196,0.6717900633811951,0.5542327165603638,0.4880933165550232,-0.011046639643609524,0.9183350801467896,0.3926275968551636,0.47907519340515137,0.04644313454627991,0.6508634090423584,0.5494919419288635,0.4854430854320526,-0.010029995813965797,0.9105755686759949,0.3943622410297394,0.4686296284198761,0.050347477197647095,0.5709139108657837,0.5474774837493896,0.4745276868343353,-0.004071001894772053,0.8606768846511841,0.4328598380088806,0.4541711211204529,0.035444628447294235,0.9995684027671814,0.491283655166626,0.4529232978820801,-0.03571821376681328,0.9994263648986816,0.43353089690208435,0.6600706577301025,0.020477304235100746,0.9870296716690063,0.49904197454452515,0.6611084938049316,-0.027581358328461647,0.9910833835601807,0.42181724309921265,0.8707578778266907,0.05379004403948784,0.9802441596984863,0.502174973487854,0.8717116713523865,0.0026676177512854338,0.988692045211792,0.4232402443885803,0.8969437479972839,0.05429191142320633,0.9807668924331665,0.49832120537757874,0.9019396305084229,0.0042936550453305244,0.984756588935852,0.4242188036441803,0.9033083319664001,-0.014595824293792248,0.8650412559509277,0.511038601398468,0.9007827639579773,-0.06674394756555557,0.9129033088684082
47,walk,0.4682086408138275,0.09417832642793655,0.24798405170440674,0.9997969269752502,0.4642431139945984,0.0802813246846199,0.21797700226306915,0.9997290372848511,0.4613354206085205,0.07940733432769775,0.21799466013908386,0.9997363090515137,0.4581170678138733,0.07864558696746826,0.21800653636455536,0.9997163414955139,0.4722747802734375,0.08146634697914124,0.21393851935863495,0.9997262954711914,0.4750496447086334,0.0813877210021019,0.2139529287815094,0.9997336268424988,0.4779385030269623,0.0813724622130394,0.21384985744953156,0.999701201915741,0.4513494074344635,0.08410736918449402,0.10297565162181854,0.9997043013572693,0.48135867714881897,0.08715926110744476,0.08436496555805206,0.9997091293334961,0.4641426205635071,0.10518503934144974,0.21263766288757324,0.999769389629364,0.4729287624359131,0.10748099535703659,0.20692460238933563,0.9997724294662476,0.4091455340385437,0.17131094634532928,0.06838192045688629,0.999855637550354,0.5149484872817993,0.1813705712556839,-0.012931520119309425,0.9999196529388428,0.3926537334918976,0.31779220700263977,0.051557473838329315,0.9606858491897583,0.541353702545166,0.3218919634819031,-0.030305316671729088,0.9957137703895569,0.38768622279167175,0.4490353763103485,0.052442409098148346,0.7981185913085938,0.5534258484840393,0.4521859586238861,-0.0059770336374640465,0.960023820400238,0.3876878619194031,0.48123401403427124,0.05031190067529678,0.6707561016082764,0.554563045501709,0.4877449870109558,-0.012024333700537682,0.9176657199859619,0.3927459120750427,0.47905710339546204,0.04565562307834625,0.6497631669044495,0.5497497916221619,0.48517581820487976,-0.010892518796026707,0.9099003672599792,0.39452773332595825,0.4685668647289276,0.049779023975133896,0.5694912672042847,0.547795295715332,0.4743219017982483,-0.004722855985164642,0.8597061634063721,0.4329664707183838,0.45414140820503235,0.03535182401537895,0.9995670318603516,0.49152594804763794,0.45291557908058167,-0.03562866896390915,0.9994273781776428,0.433589369058609,0.6597902774810791,0.02051265351474285,0.9868519306182861,0.49931302666664124,0.66090989112854,-0.02815018966794014,0.9911767840385437,0.4218166768550873,0.8707554936408997,0.053863830864429474,0.9799865484237671,0.5022616982460022,0.8716958165168762,0.0015341772232204676,0.9887567758560181,0.4231936037540436,0.8969809412956238,0.054374098777770996,0.9806644320487976,0.4983886778354645,0.9019582867622375,0.0030831259209662676,0.984917163848877,0.42439621686935425,0.9033209085464478,-0.014450185000896454,0.863510251045227,0.5110076665878296,0.9008097052574158,-0.06853039562702179,0.9131419658660889
48,walk,0.4686742424964905,0.09409217536449432,0.24803027510643005,0.999791145324707,0.4647318720817566,0.08025272190570831,0.2180873602628708,0.9997208118438721,0.46188122034072876,0.07938957214355469,0.21810488402843475,0.9997283220291138,0.4587067663669586,0.07863673567771912,0.21811720728874207,0.9997068643569946,0.47280043363571167,0.0814308300614357,0.21391677856445312,0.9997183680534363,0.4755905270576477,0.08135401457548141,0.21392977237701416,0.9997255206108093,0.47848114371299744,0.08134360611438751,0.213824063539505,0.9996919631958008,0.4518238604068756,0.08411084860563278,0.10317182540893555,0.9996923208236694,0.4819919466972351,0.08715338259935379,0.08363448083400726,0.9997014403343201,0.4646434783935547,0.10512185841798782,0.21273021399974823,0.9997613430023193,0.4734727442264557,0.10738741606473923,0.20682719349861145,0.9997657537460327,0.4099317193031311,0.17123542726039886,0.06885215640068054,0.999850869178772,0.5155103802680969,0.18111298978328705,-0.015162847936153412,0.9999178051948547,0.39291828870773315,0.31770020723342896,0.05180595442652702,0.9598479270935059,0.5415911674499512,0.3213450014591217,-0.03319358080625534,0.9957224726676941,0.3878754675388336,0.4489511251449585,0.052307479083538055,0.7964991927146912,0.5537911653518677,0.4521004557609558,-0.008357002399861813,0.9597247838973999,0.38796862959861755,0.48132628202438354,0.05021550506353378,0.6695660948753357,0.5549558401107788,0.48737427592277527,-0.015016977675259113,0.9170912504196167,0.39308226108551025,0.47909101843833923,0.045313816517591476,0.6485044956207275,0.5499728918075562,0.48487764596939087,-0.01365998387336731,0.9093788862228394,0.394905686378479,0.4685574471950531,0.049520377069711685,0.5680091381072998,0.5480841994285583,0.4740884602069855,-0.007018567528575659,0.8589484095573425,0.4334236681461334,0.45414048433303833,0.03580385819077492,0.9995654225349426,0.49221357703208923,0.453043669462204,-0.036097731441259384,0.9994292259216309,0.43369945883750916,0.6595554351806641,0.027137627825140953,0.9865849018096924,0.49996986985206604,0.6607253551483154,-0.027713540941476822,0.9912446141242981,0.4218171536922455,0.870722770690918,0.06659068912267685,0.9798002243041992,0.5023127794265747,0.8716344237327576,0.0072295269928872585,0.9888537526130676,0.4231485426425934,0.8969680070877075,0.06778295338153839,0.980610728263855,0.4984660744667053,0.9019380211830139,0.009639933705329895,0.9850846529006958,0.4245048463344574,0.9034016132354736,-0.00016603703261353076,0.8622820377349854,0.5109266638755798,0.901073694229126,-0.061993665993213654,0.9136843085289001
49,walk,0.469468355178833,0.094248928129673,0.25287771224975586,0.9997853636741638,0.46548089385032654,0.08054251968860626,0.22301073372364044,0.9997130036354065,0.4626622796058655,0.07965438812971115,0.22302620112895966,0.9997212290763855,0.45953497290611267,0.07889172434806824,0.22304177284240723,0.9996979832649231,0.4737180173397064,0.08176395297050476,0.21857547760009766,0.9997101426124573,0.4765259623527527,0.08164628595113754,0.21858254075050354,0.9997172951698303,0.47942104935646057,0.08158472180366516,0.21847191452980042,0.9996821284294128,0.4527173638343811,0.08433222025632858,0.10802880674600601,0.999683678150177,0.48283377289772034,0.08727820962667465,0.0875663012266159,0.9996938705444336,0.4654446244239807,0.10520340502262115,0.21768048405647278,0.9997540712356567,0.4742530882358551,0.10744145512580872,0.21142318844795227,0.9997584819793701,0.4109014868736267,0.17119958996772766,0.07241613417863846,0.9998500943183899,0.5164341926574707,0.18086379766464233,-0.01251279003918171,0.9999157190322876,0.3931325078010559,0.31763407588005066,0.05302015691995621,0.9599480032920837,0.5422335863113403,0.32015347480773926,-0.03260165825486183,0.995756983757019,0.3878874182701111,0.44852113723754883,0.052757520228624344,0.7963842153549194,0.5542904138565063,0.45178282260894775,-0.008374391123652458,0.9591249227523804,0.38796207308769226,0.48129531741142273,0.05045224353671074,0.6694675087928772,0.5555504560470581,0.4866567850112915,-0.015227293595671654,0.9159107208251953,0.39311978220939636,0.47899648547172546,0.045757316052913666,0.6483117341995239,0.550259530544281,0.4844032824039459,-0.01367281936109066,0.9082145094871521,0.39502644538879395,0.4683639407157898,0.05001470446586609,0.5674681663513184,0.5484086275100708,0.47376981377601624,-0.0070124221965670586,0.8573868274688721,0.4342407286167145,0.4539135694503784,0.035830385982990265,0.9995673298835754,0.49323421716690063,0.45289790630340576,-0.036129895597696304,0.9994292855262756,0.4337999224662781,0.6591737270355225,0.025047343224287033,0.9865372776985168,0.5009142160415649,0.6601401567459106,-0.027462750673294067,0.9913862943649292,0.4218108057975769,0.8707200884819031,0.06116084009408951,0.9797989130020142,0.502602219581604,0.871444046497345,0.008412147872149944,0.9890139102935791,0.42314332723617554,0.8969658613204956,0.0619654655456543,0.980731725692749,0.4986341893672943,0.9018715620040894,0.011072232387959957,0.9853459000587463,0.42446938157081604,0.9036248326301575,-0.008273439481854439,0.861534595489502,0.5106308460235596,0.9021746516227722,-0.06083492562174797,0.9144872426986694
50,walk,0.4715440273284912,0.09426844865083694,0.2560153603553772,0.9997773766517639,0.4670628011226654,0.08056722581386566,0.22670011222362518,0.9997031092643738,0.4641924798488617,0.07966772466897964,0.2267175167798996,0.9997121095657349,0.4611126482486725,0.07889954000711441,0.2267349660396576,0.9996861219406128,0.47558146715164185,0.08182637393474579,0.22159478068351746,0.9997002482414246,0.47836023569107056,0.0817098319530487,0.22159814834594727,0.999707818031311,0.4813404679298401,0.081645168364048,0.22148463129997253,0.9996705651283264,0.45412421226501465,0.08436139672994614,0.11301252990961075,0.9996713995933533,0.48428335785865784,0.08732207864522934,0.08972960710525513,0.9996857643127441,0.467406690120697,0.10520756989717484,0.22116589546203613,0.9997431635856628,0.4762806296348572,0.10744267702102661,0.21409201622009277,0.9997484683990479,0.4124554693698883,0.17117922008037567,0.07859127223491669,0.9998459219932556,0.5177041292190552,0.18084479868412018,-0.01246985886245966,0.9999123811721802,0.393813818693161,0.3165202736854553,0.05779875069856644,0.9597859382629395,0.5437782406806946,0.3197914659976959,-0.034081362187862396,0.9957743287086487,0.3879527449607849,0.44764697551727295,0.056003063917160034,0.7942161560058594,0.5547501444816589,0.4512774646282196,-0.012205432169139385,0.9581424593925476,0.38794654607772827,0.4805818200111389,0.053558100014925,0.6668883562088013,0.5560169816017151,0.48568907380104065,-0.019900353625416756,0.9140036702156067,0.3931766450405121,0.47817689180374146,0.04911994934082031,0.6456339359283447,0.5505165457725525,0.48368436098098755,-0.017625678330659866,0.9063083529472351,0.39520537853240967,0.4676327705383301,0.053185898810625076,0.5643215179443359,0.5487357974052429,0.47333067655563354,-0.010637554340064526,0.8548756837844849,0.43513742089271545,0.45365050435066223,0.03718972206115723,0.9995687007904053,0.4944841265678406,0.45285454392433167,-0.037503037601709366,0.9994284510612488,0.43394404649734497,0.6589518189430237,0.024977581575512886,0.9865145087242126,0.5015405416488647,0.659902036190033,-0.027304356917738914,0.9915816783905029,0.4218505024909973,0.8707004189491272,0.06075185537338257,0.9799090027809143,0.5027466416358948,0.8713604211807251,0.013145359233021736,0.9892371892929077,0.42315977811813354,0.8969658017158508,0.061570435762405396,0.9809452891349792,0.4986646771430969,0.9018691778182983,0.016294974833726883,0.9856694936752319,0.42446765303611755,0.9037071466445923,-0.008410965092480183,0.8609654307365417,0.5103107690811157,0.9026949405670166,-0.054977286607027054,0.9155442714691162
51,walk,0.47319191694259644,0.09427027404308319,0.2590882182121277,0.9997658729553223,0.46845775842666626,0.08056849241256714,0.22995877265930176,0.9996873140335083,0.4655078053474426,0.07965994626283646,0.22997704148292542,0.9996985793113708,0.4624369740486145,0.07887431979179382,0.22999615967273712,0.9996674656867981,0.477192223072052,0.08186285942792892,0.22468969225883484,0.9996846914291382,0.48000016808509827,0.08174963295459747,0.2246907502412796,0.9996941089630127,0.48304423689842224,0.08168420195579529,0.22457146644592285,0.9996523857116699,0.45555663108825684,0.08435256034135818,0.11602894216775894,0.9996527433395386,0.48562413454055786,0.08735139667987823,0.09213192015886307,0.999672532081604,0.46874532103538513,0.10514979064464569,0.22417175769805908,0.9997260570526123,0.4778425097465515,0.1074221208691597,0.21687445044517517,0.9997323155403137,0.413740336894989,0.17117828130722046,0.08128224313259125,0.9998399615287781,0.5190535187721252,0.18068358302116394,-0.012361763045191765,0.9999085664749146,0.39474064111709595,0.3162432312965393,0.05961339920759201,0.9591236710548401,0.5447737574577332,0.31876060366630554,-0.035374145954847336,0.9957212209701538,0.38828685879707336,0.4470726549625397,0.056776851415634155,0.7927092909812927,0.5548633933067322,0.4509551525115967,-0.016252513974905014,0.9573657512664795,0.3880966901779175,0.4802183508872986,0.05414620041847229,0.6658408641815186,0.5560907125473022,0.48517993092536926,-0.024424776434898376,0.9128028154373169,0.3934074640274048,0.4777715504169464,0.049935027956962585,0.6445147395133972,0.5505421757698059,0.48328110575675964,-0.021902386099100113,0.9050998091697693,0.39558908343315125,0.4672422707080841,0.054012149572372437,0.562646746635437,0.5487610697746277,0.4730678200721741,-0.014620648697018623,0.8532236814498901,0.43631473183631897,0.45326924324035645,0.037745989859104156,0.999570906162262,0.4959353804588318,0.4527370035648346,-0.03808067739009857,0.9994288682937622,0.43402916193008423,0.6586477756500244,0.027246717363595963,0.9867059588432312,0.5020015835762024,0.6598159074783325,-0.02372177131474018,0.9917997717857361,0.42190074920654297,0.8706182837486267,0.06429603695869446,0.9802228808403015,0.5028184652328491,0.8711835145950317,0.02058270387351513,0.9894685745239258,0.42316216230392456,0.8969669938087463,0.06530055403709412,0.98134845495224,0.4986591339111328,0.9018679261207581,0.024082927033305168,0.9860191345214844,0.4244302809238434,0.9035251140594482,-0.003797247540205717,0.8603432178497314,0.5103021860122681,0.9028137922286987,-0.04663439840078354,0.9160253405570984
52,walk,0.47498950362205505,0.09433916956186295,0.26344573497772217,0.9997618794441223,0.47010454535484314,0.0806255042552948,0.23353345692157745,0.9996822476387024,0.4670313000679016,0.07968565821647644,0.2335553914308548,0.9996957182884216,0.4639437198638916,0.07888507097959518,0.23357801139354706,0.9996611475944519,0.4789753556251526,0.08199173957109451,0.2293587625026703,0.9996806383132935,0.4819200038909912,0.08187716454267502,0.22935724258422852,0.9996921420097351,0.48504552245140076,0.08179871737957001,0.22924122214317322,0.9996472001075745,0.45721858739852905,0.08436965942382812,0.11708112061023712,0.9996512532234192,0.48726406693458557,0.08748134225606918,0.09757205843925476,0.9996694326400757,0.4702223837375641,0.10516301542520523,0.22751650214195251,0.9997211694717407,0.4794248938560486,0.10744190216064453,0.22152455151081085,0.9997270107269287,0.4154540002346039,0.1708838939666748,0.08093221485614777,0.9998378753662109,0.5207663774490356,0.18060030043125153,-0.0016781699378043413,0.9999041557312012,0.3956505060195923,0.3152259588241577,0.05636986345052719,0.9591002464294434,0.5462062358856201,0.317867249250412,-0.033831529319286346,0.9955394268035889,0.3887501358985901,0.4462789297103882,0.05494268611073494,0.7950337529182434,0.5551524758338928,0.4509008526802063,-0.024536972865462303,0.9564928412437439,0.3884330987930298,0.4794536232948303,0.05104350298643112,0.6698170304298401,0.556273341178894,0.4850309491157532,-0.03360584378242493,0.9119929075241089,0.3936990201473236,0.4770313799381256,0.047768209129571915,0.6486039161682129,0.5506430864334106,0.4832192361354828,-0.03133586794137955,0.9042503833770752,0.39599111676216125,0.46669429540634155,0.052683454006910324,0.5662533640861511,0.5488322973251343,0.47304341197013855,-0.023318052291870117,0.8521068692207336,0.43856486678123474,0.45274442434310913,0.03407519310712814,0.999575674533844,0.49812501668930054,0.45262017846107483,-0.03442927077412605,0.9994314908981323,0.43407684564590454,0.658033013343811,0.026557553559541702,0.9873523116111755,0.502318799495697,0.6598265767097473,-0.009584449231624603,0.9920808672904968,0.42191243171691895,0.8701972365379333,0.06410332024097443,0.9809927344322205,0.5029256939888,0.8710442185401917,0.033832237124443054,0.9897953271865845,0.42322516441345215,0.8969558477401733,0.06481844186782837,0.9821211099624634,0.4986823499202728,0.9018710851669312,0.03711581602692604,0.9864897131919861,0.4230272173881531,0.9022151231765747,-0.004513091873377562,0.8616173267364502,0.5094854831695557,0.9030017256736755,-0.03266153484582901,0.9162994623184204
53,walk,0.47689276933670044,0.09477885812520981,0.2690179646015167,0.9997565150260925,0.4719836711883545,0.08106600493192673,0.23875725269317627,0.9996760487556458,0.4688129425048828,0.08004461973905563,0.2387785166501999,0.9996909499168396,0.46573203802108765,0.07921832799911499,0.2388041913509369,0.9996547102928162,0.4808594584465027,0.08267571032047272,0.23507921397686005,0.9996742606163025,0.48389846086502075,0.08264295756816864,0.2350795716047287,0.9996866583824158,0.4870096743106842,0.08260075747966766,0.2349633425474167,0.9996393322944641,0.45906582474708557,0.08490411937236786,0.12084664404392242,0.9996491074562073,0.4892311692237854,0.08819258958101273,0.10366438329219818,0.9996621012687683,0.47220152616500854,0.10552863031625748,0.2324637472629547,0.9997184872627258,0.48124179244041443,0.10785435885190964,0.2271164208650589,0.9997227787971497,0.41769999265670776,0.17025989294052124,0.0803011953830719,0.9998394250869751,0.5228602886199951,0.1802029013633728,0.005808883346617222,0.9999011754989624,0.39734548330307007,0.31371355056762695,0.05568302422761917,0.9587424397468567,0.5475718379020691,0.317307710647583,-0.03154739364981651,0.9952726364135742,0.38963979482650757,0.4450177848339081,0.051321230828762054,0.8005842566490173,0.5558218955993652,0.45082762837409973,-0.02870040200650692,0.9561130404472351,0.38884520530700684,0.4781462252140045,0.045767925679683685,0.6784092783927917,0.5566732287406921,0.48489201068878174,-0.039578210562467575,0.912100076675415,0.39396122097969055,0.4759700894355774,0.04225326329469681,0.6574764251708984,0.5510919690132141,0.483125776052475,-0.03748917579650879,0.9043326377868652,0.39645639061927795,0.4660327136516571,0.04903809353709221,0.5748391151428223,0.5493205189704895,0.47297972440719604,-0.027814993634819984,0.8522245287895203,0.4407145082950592,0.45093128085136414,0.03309435397386551,0.9995781183242798,0.49970579147338867,0.45200115442276,-0.0334479995071888,0.9994322657585144,0.43422597646713257,0.6568562984466553,0.02508995309472084,0.9876630306243896,0.5025355219841003,0.6599055528640747,-0.012233300134539604,0.9921882748603821,0.42186594009399414,0.8699601888656616,0.06193016842007637,0.9813615083694458,0.5029596090316772,0.8710393905639648,0.02877233363687992,0.9899626970291138,0.4232273995876312,0.8969089984893799,0.0626726895570755,0.9825253486633301,0.4986949563026428,0.9019381403923035,0.03194127604365349,0.9867656230926514,0.42249804735183716,0.9021084308624268,-0.009794718585908413,0.8623769879341125,0.5093871355056763,0.9031098484992981,-0.03679335489869118,0.9163367748260498
54,walk,0.4776986241340637,0.09552600979804993,0.2688939869403839,0.9997531175613403,0.4730447232723236,0.08209207653999329,0.23797495663166046,0.9996709823608398,0.469943106174469,0.08105520159006119,0.23799793422222137,0.9996874332427979,0.4668777883052826,0.08026950806379318,0.23802173137664795,0.9996492862701416,0.4817832410335541,0.08371437340974808,0.2350902110338211,0.9996680021286011,0.48483896255493164,0.08369147777557373,0.23509207367897034,0.9996814727783203,0.4880332350730896,0.08368775993585587,0.23497939109802246,0.9996306896209717,0.46043282747268677,0.08609439432621002,0.11937876790761948,0.999649167060852,0.490741491317749,0.08919408917427063,0.10470147430896759,0.9996558427810669,0.47311902046203613,0.10633525997400284,0.23165634274482727,0.9997194409370422,0.48209673166275024,0.10868501663208008,0.2273484170436859,0.9997220039367676,0.42030319571495056,0.17018575966358185,0.07670574635267258,0.9998424649238586,0.5255532264709473,0.17999492585659027,0.007472985424101353,0.9998988509178162,0.39927220344543457,0.31314942240715027,0.04643955081701279,0.958643913269043,0.54948890209198,0.31709858775138855,-0.031846851110458374,0.9950394034385681,0.39071229100227356,0.4444560110569,0.03998320549726486,0.8073415756225586,0.5572860240936279,0.45072653889656067,-0.0395265556871891,0.9556118845939636,0.38951021432876587,0.4778274595737457,0.033528320491313934,0.6888684630393982,0.5580342411994934,0.4845008850097656,-0.051406584680080414,0.911979079246521,0.39444586634635925,0.47581639885902405,0.0299738347530365,0.6683701276779175,0.5523468255996704,0.4828057289123535,-0.04970182105898857,0.9041744470596313,0.397142231464386,0.4658820629119873,0.03770654648542404,0.5857435464859009,0.550668478012085,0.4727911949157715,-0.03912673145532608,0.852134108543396,0.44244661927223206,0.4498252868652344,0.03276006504893303,0.9995812773704529,0.5011156797409058,0.4515538811683655,-0.03311104327440262,0.9994346499443054,0.4345725476741791,0.6553987860679626,0.02686079777777195,0.9878296256065369,0.5030352473258972,0.660068154335022,-0.008357593789696693,0.9923661351203918,0.4216979146003723,0.8679871559143066,0.06610981374979019,0.9816761612892151,0.5029665231704712,0.8710320591926575,0.03244416415691376,0.9902170300483704,0.4230745732784271,0.895630419254303,0.06723542511463165,0.9828744530677795,0.4986644387245178,0.9019462466239929,0.035239484161138535,0.9871829748153687,0.4225298762321472,0.9018561244010925,-0.005208434071391821,0.8627414107322693,0.5099347829818726,0.9030201435089111,-0.03724180907011032,0.9165645241737366
55,walk,0.4790361523628235,0.09596797823905945,0.2678369879722595,0.9997462034225464,0.4747183322906494,0.08260388672351837,0.23671312630176544,0.9996604919433594,0.47171443700790405,0.08157409727573395,0.23673567175865173,0.9996792674064636,0.46872228384017944,0.08082301169633865,0.23675882816314697,0.9996381998062134,0.4833529591560364,0.0842314064502716,0.2340097874403,0.9996557831764221,0.4864810109138489,0.08423971384763718,0.23401156067848206,0.9996708035469055,0.4897668957710266,0.0842779353260994,0.23389895260334015,0.9996151328086853,0.46248406171798706,0.08677922934293747,0.11824612319469452,0.9996427297592163,0.4929187297821045,0.08985838294029236,0.10368089377880096,0.9996433258056641,0.4746427536010742,0.10669652372598648,0.23042908310890198,0.9997168183326721,0.4835260510444641,0.10910271853208542,0.22634859383106232,0.9997174143791199,0.42319074273109436,0.17002183198928833,0.07255556434392929,0.9998451471328735,0.5276554822921753,0.17985272407531738,0.006095514632761478,0.9998963475227356,0.4009425640106201,0.31216961145401,0.04032975807785988,0.9588720798492432,0.5515877604484558,0.31710612773895264,-0.03275666385889053,0.9948107600212097,0.3913462162017822,0.4435940086841583,0.03298097103834152,0.814250111579895,0.5587583780288696,0.45054593682289124,-0.04283541440963745,0.9548598527908325,0.3901485502719879,0.47718432545661926,0.0265116598457098,0.6992682218551636,0.559293270111084,0.48363786935806274,-0.054768841713666916,0.9114131927490234,0.3949972689151764,0.4752463102340698,0.022797448560595512,0.6791939735412598,0.5535885095596313,0.4819057881832123,-0.05310767889022827,0.9035725593566895,0.39775142073631287,0.4654075503349304,0.030671661719679832,0.5965499877929688,0.5519546270370483,0.4721316397190094,-0.042470380663871765,0.8514840006828308,0.44391483068466187,0.44872716069221497,0.032947782427072525,0.9995829463005066,0.5025842189788818,0.45122215151786804,-0.03330281376838684,0.9994356632232666,0.43510645627975464,0.6528739333152771,0.028172370046377182,0.9879239797592163,0.5039333701133728,0.6601147055625916,-0.01013765949755907,0.9925480484962463,0.4215296804904938,0.8647290468215942,0.06757237762212753,0.9818914532661438,0.5029649138450623,0.8708970546722412,0.029911044985055923,0.9904365539550781,0.42286983132362366,0.8922232985496521,0.0687347799539566,0.9831544160842896,0.49806636571884155,0.901749312877655,0.03262460604310036,0.9875483512878418,0.4219295382499695,0.8997761011123657,-0.003544476581737399,0.8626815676689148,0.5104646682739258,0.9032973647117615,-0.040441833436489105,0.9167813658714294
56,walk,0.48133987188339233,0.0965261161327362,0.2541489005088806,0.9997485280036926,0.4772341847419739,0.08340554684400558,0.22098055481910706,0.9996611475944519,0.4743068218231201,0.08242972195148468,0.22100798785686493,0.9996816515922546,0.47142449021339417,0.0817449763417244,0.22103556990623474,0.9996384978294373,0.48571985960006714,0.08486807346343994,0.2198556661605835,0.9996557235717773,0.4889277517795563,0.08485180139541626,0.21986189484596252,0.9996723532676697,0.49224215745925903,0.08486083894968033,0.2197616845369339,0.9996131062507629,0.46537572145462036,0.08772413432598114,0.09749667346477509,0.9996481537818909,0.4955372214317322,0.09041931480169296,0.09131737053394318,0.9996445178985596,0.47727036476135254,0.10732448101043701,0.2156195342540741,0.9997244477272034,0.486002117395401,0.10958871990442276,0.21365049481391907,0.9997245669364929,0.4257144033908844,0.17004144191741943,0.052537091076374054,0.999847948551178,0.5303411483764648,0.17985714972019196,-0.0003119396569672972,0.9998962879180908,0.403073787689209,0.31151366233825684,0.02288837544620037,0.9593870043754578,0.5540923476219177,0.3180285692214966,-0.0419422909617424,0.9946227669715881,0.39211004972457886,0.443512499332428,0.017491403967142105,0.8204731345176697,0.5603378415107727,0.4505435824394226,-0.05381729081273079,0.954235315322876,0.39088326692581177,0.47709226608276367,0.010528186336159706,0.7088968753814697,0.560684323310852,0.48337361216545105,-0.06532231718301773,0.9109530448913574,0.39578777551651,0.4750582277774811,0.0064217569306492805,0.6893051266670227,0.5548597574234009,0.48166415095329285,-0.06504379212856293,0.9031220078468323,0.3985268771648407,0.4651443064212799,0.015205559320747852,0.6068950295448303,0.5532399415969849,0.47197991609573364,-0.05392652750015259,0.8512541651725769,0.44509458541870117,0.4484744071960449,0.032196275889873505,0.999590277671814,0.5039791464805603,0.45119503140449524,-0.03254438564181328,0.9994462728500366,0.4368300437927246,0.6513335108757019,0.03223773092031479,0.9882118701934814,0.5045449137687683,0.6604406237602234,0.004477956332266331,0.9927948713302612,0.42136627435684204,0.8559116721153259,0.07427980750799179,0.982435941696167,0.5030547380447388,0.8710914850234985,0.04891215264797211,0.9907520413398743,0.42219266295433044,0.8862852454185486,0.07611852139234543,0.9837523102760315,0.4980625510215759,0.9019202589988708,0.05219137668609619,0.9880698323249817,0.4227525591850281,0.8882909417152405,0.009732438251376152,0.8637765645980835,0.5124167799949646,0.9030807614326477,-0.01603715494275093,0.9169825911521912
57,walk,0.4829067587852478,0.09710890799760818,0.24390077590942383,0.9997512698173523,0.4789491295814514,0.08418575674295425,0.21024993062019348,0.9996622800827026,0.47623783349990845,0.08327106386423111,0.2102777063846588,0.9996837377548218,0.4735379219055176,0.08261241018772125,0.210304856300354,0.9996389150619507,0.4871462285518646,0.08533041924238205,0.20933941006660461,0.9996567368507385,0.49017080664634705,0.0852118730545044,0.20935094356536865,0.9996739029884338,0.4935019612312317,0.08516090363264084,0.2092532366514206,0.9996115565299988,0.4679166376590729,0.08831558376550674,0.0872398316860199,0.9996512532234192,0.497114360332489,0.09075390547513962,0.08271832019090652,0.9996429681777954,0.47915583848953247,0.10799282044172287,0.20602309703826904,0.99973064661026,0.48763084411621094,0.11011780798435211,0.20445866882801056,0.9997307658195496,0.42789849638938904,0.1700228452682495,0.045341018587350845,0.9998500347137451,0.5325035452842712,0.17985068261623383,-0.007349302526563406,0.9998974800109863,0.4052066206932068,0.3100847005844116,0.01898149773478508,0.9603529572486877,0.5563614964485168,0.3176604211330414,-0.04213031008839607,0.9945270419120789,0.39298275113105774,0.4430248737335205,0.0176151804625988,0.8269522786140442,0.562038779258728,0.4506630003452301,-0.045358721166849136,0.9533843398094177,0.39157551527023315,0.476695716381073,0.01186087541282177,0.7185840010643005,0.5625925064086914,0.4833405911922455,-0.055592864751815796,0.9096295833587646,0.3968828618526459,0.4746820628643036,0.007648451719433069,0.6994361877441406,0.5567144155502319,0.48162156343460083,-0.05489497631788254,0.9016832709312439,0.39972108602523804,0.4647054374217987,0.015505237504839897,0.6172913908958435,0.5549575090408325,0.4719715416431427,-0.04506594315171242,0.8496420979499817,0.4458639621734619,0.447853684425354,0.03223433345556259,0.9995865821838379,0.5052251815795898,0.45099470019340515,-0.032588936388492584,0.9994555115699768,0.43835678696632385,0.6458398103713989,0.04657338187098503,0.9882605075836182,0.5056514143943787,0.6605278253555298,-0.0007456244202330709,0.9930229187011719,0.42121177911758423,0.8465920090675354,0.09496765583753586,0.9825515151023865,0.5032484531402588,0.8714734315872192,0.038433171808719635,0.9910176396369934,0.42107224464416504,0.8786326050758362,0.09792838990688324,0.9840958118438721,0.4980649948120117,0.9026282429695129,0.04007451981306076,0.9885891675949097,0.4248063564300537,0.8780199885368347,0.03822225332260132,0.8614616990089417,0.5126020908355713,0.9008718132972717,-0.021996667608618736,0.9160802960395813
58,walk,0.48424118757247925,0.09760698676109314,0.2265099585056305,0.9997490048408508,0.4802664816379547,0.08478804677724838,0.19244484603405,0.9996547102928162,0.4776698052883148,0.08392567932605743,0.19247408211231232,0.9996784925460815,0.47490763664245605,0.08330074697732925,0.19250260293483734,0.9996299743652344,0.4883924424648285,0.08575961738824844,0.19101913273334503,0.999650239944458,0.49122920632362366,0.08557909727096558,0.19103190302848816,0.9996690154075623,0.4944518506526947,0.08549511432647705,0.19093021750450134,0.9996004700660706,0.46926409006118774,0.08900070935487747,0.0700693279504776,0.9996445178985596,0.4982721209526062,0.09112513810396194,0.06324418634176254,0.9996333718299866,0.4804377555847168,0.10859318822622299,0.18929584324359894,0.999731719493866,0.4890778064727783,0.11068408936262131,0.1870163381099701,0.9997327923774719,0.4294127821922302,0.17022930085659027,0.031232446432113647,0.9998477697372437,0.5338799953460693,0.17984025180339813,-0.025479698553681374,0.9998982548713684,0.40650734305381775,0.3100285232067108,0.008128655143082142,0.9605375528335571,0.5588744282722473,0.3174248933792114,-0.055483244359493256,0.9942944645881653,0.39405587315559387,0.44259390234947205,0.006964083760976791,0.8308321237564087,0.5651881098747253,0.45065778493881226,-0.05322135239839554,0.9521321654319763,0.39253339171409607,0.4764508903026581,0.0018324411939829588,0.7252289652824402,0.5658098459243774,0.4830770790576935,-0.06241726875305176,0.9081011414527893,0.39784377813339233,0.47436925768852234,-0.003639171365648508,0.7063431739807129,0.5595821142196655,0.48141124844551086,-0.062390487641096115,0.9000487923622131,0.40075016021728516,0.4642961323261261,0.0047174966894090176,0.6243657469749451,0.5578340888023376,0.47183436155319214,-0.05277618020772934,0.847551703453064,0.4472168982028961,0.447865754365921,0.034207187592983246,0.9995841979980469,0.5071958303451538,0.45141130685806274,-0.03459307178854942,0.999470055103302,0.4390793740749359,0.6411839127540588,0.061849843710660934,0.9884777665138245,0.5076698064804077,0.6607957482337952,-0.0033113514073193073,0.9933066368103027,0.42099571228027344,0.8420616984367371,0.11548265069723129,0.9828765988349915,0.503521203994751,0.872532844543457,0.036604102700948715,0.9913654923439026,0.41967353224754333,0.876426100730896,0.11945023387670517,0.9846178293228149,0.4981212615966797,0.9041491150856018,0.038184452801942825,0.9891377091407776,0.42688578367233276,0.8712558150291443,0.0656513199210167,0.85920250415802,0.5127721428871155,0.8974382877349854,-0.02887754514813423,0.9153994917869568
59,walk,0.4858872890472412,0.09878035634756088,0.2251158058643341,0.9997506141662598,0.4818831980228424,0.08617039024829865,0.19056440889835358,0.9996528029441833,0.4793468415737152,0.08529126644134521,0.1905968189239502,0.999678373336792,0.4765620827674866,0.08460449427366257,0.1906258761882782,0.9996275305747986,0.48991379141807556,0.08709943294525146,0.18944182991981506,0.9996495246887207,0.49258655309677124,0.08684958517551422,0.18945583701133728,0.9996694326400757,0.495645672082901,0.08669258654117584,0.18935304880142212,0.9995973706245422,0.4708418846130371,0.08993710577487946,0.06673862785100937,0.9996433854103088,0.4991949200630188,0.09190298616886139,0.06139856576919556,0.9996291995048523,0.4819493889808655,0.1095626950263977,0.1876751184463501,0.9997336864471436,0.4906078279018402,0.11172495782375336,0.1857641190290451,0.9997355937957764,0.43053025007247925,0.17045272886753082,0.025854581966996193,0.9998472929000854,0.5355228185653687,0.17983968555927277,-0.025161396712064743,0.9999000430107117,0.40795961022377014,0.310034841299057,0.004398910328745842,0.9607713222503662,0.5612983703613281,0.31741195917129517,-0.05165218561887741,0.9941478371620178,0.3950369954109192,0.442543625831604,0.00731634721159935,0.8331704139709473,0.5671216249465942,0.4508742392063141,-0.04988494887948036,0.9513880610466003,0.3935997188091278,0.4764106273651123,0.002885873895138502,0.7293267250061035,0.5677522420883179,0.483054518699646,-0.05925849825143814,0.9071157574653625,0.3987818658351898,0.4743221700191498,-0.0017199739813804626,0.7105797529220581,0.5613910555839539,0.48139870166778564,-0.06168658658862114,0.899023711681366,0.4016275405883789,0.4641481637954712,0.005568085703998804,0.628655731678009,0.5595782995223999,0.47182416915893555,-0.0493544265627861,0.8463886380195618,0.44793662428855896,0.4478839039802551,0.03379786014556885,0.9995825886726379,0.5082356333732605,0.4514828622341156,-0.034199245274066925,0.9994845390319824,0.4400283396244049,0.6389467716217041,0.060248248279094696,0.9888152480125427,0.5087020397186279,0.6608260273933411,0.00010537967318668962,0.9935256838798523,0.4209943413734436,0.8383162617683411,0.11272062361240387,0.9833736419677734,0.5036569833755493,0.8727203607559204,0.036073438823223114,0.9916644096374512,0.4197308123111725,0.8711637854576111,0.11670605838298798,0.9851534366607666,0.4981151223182678,0.904299259185791,0.038277916610240936,0.989592432975769,0.4267560839653015,0.8702095150947571,0.06457225233316422,0.8587403297424316,0.5127987861633301,0.8960113525390625,-0.02554682455956936,0.9147645831108093
60,walk,0.4862736761569977,0.09877163916826248,0.22037187218666077,0.9997495412826538,0.4825725555419922,0.08614150434732437,0.18589790165424347,0.9996479153633118,0.4800277650356293,0.085263691842556,0.18592523038387299,0.9996738433837891,0.4771616458892822,0.08457765728235245,0.1859528124332428,0.9996217489242554,0.49050411581993103,0.08708230406045914,0.18447819352149963,0.9996464252471924,0.4932362139225006,0.08683669567108154,0.1844942420721054,0.9996659755706787,0.4962593615055084,0.08666186034679413,0.1843879073858261,0.9995917081832886,0.47178539633750916,0.08997005969285965,0.06289941817522049,0.9996358156204224,0.5002301931381226,0.09188832342624664,0.05629845708608627,0.9996207356452942,0.4825317859649658,0.10955213755369186,0.18312755227088928,0.9997339248657227,0.49134474992752075,0.11171144992113113,0.18090641498565674,0.9997375011444092,0.4320363402366638,0.1704680472612381,0.024932879954576492,0.9998446702957153,0.5369918942451477,0.17972269654273987,-0.0314689576625824,0.9999017119407654,0.40914520621299744,0.30964985489845276,0.00341796618886292,0.9610869884490967,0.5627403855323792,0.31710270047187805,-0.05731691047549248,0.9940812587738037,0.3959476351737976,0.44233784079551697,0.0014195891562849283,0.8358258008956909,0.5686163306236267,0.45086658000946045,-0.05151836946606636,0.9510911703109741,0.39426153898239136,0.4763333201408386,-0.0031435166019946337,0.7337746620178223,0.5696212649345398,0.4828645586967468,-0.060085564851760864,0.9066898226737976,0.39942145347595215,0.47419166564941406,-0.009119100868701935,0.715177059173584,0.5634070038795471,0.481169730424881,-0.060912229120731354,0.8985671997070312,0.4022600054740906,0.46385884284973145,-0.0009720555390231311,0.6335737705230713,0.5614441633224487,0.47166144847869873,-0.05090082436800003,0.8457675576210022,0.44879698753356934,0.4478755593299866,0.03491339460015297,0.9995695352554321,0.5093729496002197,0.4515714943408966,-0.03530709072947502,0.9994944930076599,0.4411316514015198,0.6374070644378662,0.0665435865521431,0.9886298775672913,0.5098450779914856,0.6608047485351562,-0.013841566629707813,0.9936479330062866,0.42152103781700134,0.8356698155403137,0.12185373157262802,0.9831206798553467,0.503688633441925,0.872724175453186,0.008834072388708591,0.9918175339698792,0.4199105203151703,0.8675093054771423,0.1259291172027588,0.9851309657096863,0.49792352318763733,0.9041928648948669,0.00996460858732462,0.9898740649223328,0.4272242486476898,0.8669131994247437,0.0736016109585762,0.8550342917442322,0.5128542184829712,0.8954246640205383,-0.05634952709078789,0.9136847853660583
61,walk,0.4862890839576721,0.09869367629289627,0.21275584399700165,0.9997438788414001,0.48276257514953613,0.08602316677570343,0.17877283692359924,0.9996355772018433,0.4800805151462555,0.08515137434005737,0.17879614233970642,0.9996623992919922,0.4771080017089844,0.08446408063173294,0.17882125079631805,0.9996082782745361,0.49059543013572693,0.08688695728778839,0.17691874504089355,0.9996362924575806,0.49340230226516724,0.08660417795181274,0.17693164944648743,0.9996559023857117,0.49642413854599,0.08640623837709427,0.17681938409805298,0.9995784759521484,0.47191494703292847,0.0898670107126236,0.05730196088552475,0.9996182322502136,0.5008549690246582,0.09170269221067429,0.048743993043899536,0.9996029734611511,0.48263049125671387,0.10947998613119125,0.17598555982112885,0.9997280836105347,0.4913836121559143,0.11156521737575531,0.17320746183395386,0.999733567237854,0.4331209063529968,0.17048977315425873,0.02300485596060753,0.9998407363891602,0.5383931398391724,0.17968013882637024,-0.04040466994047165,0.9999033212661743,0.4102311134338379,0.30966609716415405,0.0024014203809201717,0.9604975581169128,0.563598096370697,0.3170709013938904,-0.06484131515026093,0.9939754009246826,0.3972950875759125,0.441813200712204,-0.0012660514330491424,0.8376374244689941,0.5711182951927185,0.4508879482746124,-0.056394319981336594,0.9509767293930054,0.3952367901802063,0.4760033190250397,-0.005639261100441217,0.7372443675994873,0.5724092721939087,0.4828045666217804,-0.06513097882270813,0.9066055417060852,0.40042513608932495,0.47374123334884644,-0.012332474812865257,0.7187544703483582,0.5659559965133667,0.48115137219429016,-0.06538630276918411,0.8984746932983398,0.40329647064208984,0.4633311331272125,-0.00401483615860343,0.6371483206748962,0.5640657544136047,0.47165441513061523,-0.05567317456007004,0.8455354571342468,0.44951415061950684,0.4478053152561188,0.037335775792598724,0.9995520710945129,0.5106415152549744,0.451800674200058,-0.03772463649511337,0.9994997382164001,0.4423542618751526,0.6338911056518555,0.06710560619831085,0.9882694482803345,0.510743260383606,0.6605105996131897,-0.02989795245230198,0.9937094449996948,0.42217451333999634,0.833282470703125,0.12164825201034546,0.9824522733688354,0.503686785697937,0.8727304935455322,-0.011727796867489815,0.9918678998947144,0.4207697808742523,0.8635803461074829,0.1254454106092453,0.984817624092102,0.497514545917511,0.9036893248558044,-0.010984683409333229,0.9900350570678711,0.4270969331264496,0.8660685420036316,0.07115814089775085,0.8489482998847961,0.5130742788314819,0.8954477906227112,-0.08103726804256439,0.912021815776825
62,walk,0.4874497950077057,0.09868472069501877,0.20565621554851532,0.999741792678833,0.4840126633644104,0.0859999731183052,0.17220908403396606,0.9996294975280762,0.4813147187232971,0.08513279259204865,0.1722334921360016,0.9996564388275146,0.4782821238040924,0.08444711565971375,0.17225751280784607,0.9996024370193481,0.49176979064941406,0.0868685320019722,0.16981270909309387,0.9996324181556702,0.4945870041847229,0.08658978343009949,0.1698237657546997,0.9996511340141296,0.49756088852882385,0.0863981693983078,0.1697092056274414,0.9995729923248291,0.47292360663414,0.08979717642068863,0.053129442036151886,0.999606192111969,0.5019878149032593,0.09166435897350311,0.042249392718076706,0.9995918273925781,0.4837283194065094,0.10946860909461975,0.169861301779747,0.9997249841690063,0.4923909306526184,0.11155284941196442,0.16638030111789703,0.9997318983078003,0.43407636880874634,0.17048756778240204,0.02193732187151909,0.999837338924408,0.5391872525215149,0.17864654958248138,-0.04618104547262192,0.9999052286148071,0.41097626090049744,0.30966252088546753,0.004216463770717382,0.9604758024215698,0.564185380935669,0.3166014850139618,-0.06565359979867935,0.9940062761306763,0.3981154263019562,0.44151559472084045,0.0012178374454379082,0.8403145670890808,0.5729526281356812,0.45084601640701294,-0.05240734666585922,0.9513517618179321,0.39575067162513733,0.47537392377853394,-0.0022008635569363832,0.7412683367729187,0.5749594569206238,0.48260095715522766,-0.06116649508476257,0.9072445631027222,0.40088677406311035,0.4729078412055969,-0.009221836924552917,0.7228922247886658,0.5684514045715332,0.4810624420642853,-0.06108500808477402,0.8991755843162537,0.40378278493881226,0.46265533566474915,-0.0015555450227111578,0.6415989995002747,0.5665171146392822,0.47160980105400085,-0.05166403204202652,0.8462803363800049,0.4499904215335846,0.4473871886730194,0.040259115397930145,0.9995282292366028,0.5106440186500549,0.45180028676986694,-0.04065860062837601,0.9995023608207703,0.44286689162254333,0.6310979723930359,0.06960301101207733,0.9878196716308594,0.5107122659683228,0.6605086326599121,-0.04199105128645897,0.9937962293624878,0.42422667145729065,0.8301894068717957,0.12329502403736115,0.9815433025360107,0.5034633278846741,0.8727288246154785,-0.032468199729919434,0.9918563365936279,0.42236343026161194,0.8594856262207031,0.12701234221458435,0.9842526316642761,0.49632152915000916,0.9028632044792175,-0.03270215168595314,0.9900591969490051,0.4287283420562744,0.8633275628089905,0.07296456396579742,0.843228280544281,0.513319194316864,0.8953548669815063,-0.1045602411031723,0.9105603694915771
63,walk,0.48825016617774963,0.09870044142007828,0.20854926109313965,0.9997395277023315,0.4848211705684662,0.08600453287363052,0.1746358573436737,0.9996225833892822,0.4820447862148285,0.08512058854103088,0.17466288805007935,0.9996495246887207,0.47895994782447815,0.08442182093858719,0.17468450963497162,0.9995936155319214,0.4926161766052246,0.08688247203826904,0.17304128408432007,0.9996291995048523,0.49550652503967285,0.0865921825170517,0.17304721474647522,0.9996481537818909,0.49851566553115845,0.08638902753591537,0.17293162643909454,0.9995691776275635,0.47361746430397034,0.0897408053278923,0.053743235766887665,0.9995949268341064,0.5030884146690369,0.09162454307079315,0.046307019889354706,0.9995843172073364,0.484466552734375,0.10945942997932434,0.17211797833442688,0.9997209906578064,0.49334120750427246,0.11154274642467499,0.169568732380867,0.9997305274009705,0.4349365830421448,0.17046336829662323,0.017308268696069717,0.9998321533203125,0.5398963093757629,0.17822802066802979,-0.03983256593346596,0.9999067187309265,0.41150718927383423,0.30935198068618774,-0.00260996725410223,0.9606726765632629,0.5649768710136414,0.31541475653648376,-0.06418979167938232,0.994087278842926,0.3984683156013489,0.4412984549999237,-0.004763777367770672,0.8433282375335693,0.5744179487228394,0.4505394399166107,-0.056884218007326126,0.9521281123161316,0.3960008919239044,0.47484126687049866,-0.008263560011982918,0.7457606196403503,0.5766927003860474,0.4823085367679596,-0.06477414816617966,0.908626139163971,0.40116220712661743,0.47215262055397034,-0.014153270050883293,0.7276228666305542,0.5696454644203186,0.48098024725914,-0.06448105722665787,0.9006770849227905,0.4040859341621399,0.462079793214798,-0.00691757258027792,0.6466889977455139,0.5676719546318054,0.47156986594200134,-0.05591588467359543,0.848277747631073,0.45047879219055176,0.4473574459552765,0.03785587102174759,0.9995014667510986,0.5110690593719482,0.45200836658477783,-0.03827625885605812,0.9995037913322449,0.4432816505432129,0.6315999031066895,0.07279530167579651,0.9877023100852966,0.5105082392692566,0.6605249047279358,-0.03408331051468849,0.993878185749054,0.4268268048763275,0.8295133709907532,0.13471198081970215,0.9808908700942993,0.5033566355705261,0.8727263808250427,-0.01595386490225792,0.9918408393859863,0.4248359799385071,0.8585365414619446,0.13938453793525696,0.983847439289093,0.49598637223243713,0.9021518230438232,-0.015292353928089142,0.9901403784751892,0.432363897562027,0.8622382879257202,0.08598403632640839,0.837183952331543,0.5131852030754089,0.8952146172523499,-0.08623547852039337,0.9081297516822815
64,walk,0.4879474639892578,0.09869149327278137,0.2130158394575119,0.999751091003418,0.4844153821468353,0.08597207814455032,0.18085862696170807,0.9996387958526611,0.4815998673439026,0.08509459346532822,0.18088339269161224,0.9996647834777832,0.478525310754776,0.08439827710390091,0.1809079647064209,0.9996099472045898,0.49229568243026733,0.08680393546819687,0.17685672640800476,0.999646008014679,0.4952005445957184,0.08647629618644714,0.17686019837856293,0.9996646642684937,0.49828052520751953,0.08623787015676498,0.17673231661319733,0.9995881915092468,0.47324228286743164,0.08967301994562149,0.05948500707745552,0.9996121525764465,0.5033339262008667,0.09136057645082474,0.05285331606864929,0.9996018409729004,0.4841315746307373,0.1094512939453125,0.17761443555355072,0.999731719493866,0.4930642247200012,0.1115303784608841,0.17044280469417572,0.99974125623703,0.43592971563339233,0.1704190969467163,0.018166225403547287,0.9998350739479065,0.5407949686050415,0.1782332807779312,-0.024155016988515854,0.9999081492424011,0.41220203042030334,0.30917540192604065,-0.003832657588645816,0.9621782898902893,0.56547611951828,0.315388947725296,-0.05725450441241264,0.9941854476928711,0.39878061413764954,0.44102227687835693,-0.005782679188996553,0.8496628403663635,0.5755043029785156,0.450501024723053,-0.055295430123806,0.9523629546165466,0.3963000178337097,0.474476158618927,-0.010054757818579674,0.7549140453338623,0.5781799554824829,0.48229551315307617,-0.06293825805187225,0.9088195562362671,0.40152978897094727,0.4714809060096741,-0.014673304744064808,0.7373012900352478,0.5706452131271362,0.4809880554676056,-0.06260430067777634,0.9007716178894043,0.4044942855834961,0.4614395201206207,-0.007256569806486368,0.6572750210762024,0.5685945749282837,0.47158282995224,-0.05443265289068222,0.8484597206115723,0.45067816972732544,0.4473797678947449,0.02955862507224083,0.999497652053833,0.5108745694160461,0.452635794878006,-0.029999250546097755,0.9995119571685791,0.4435054361820221,0.6323115825653076,0.07348965108394623,0.9881173372268677,0.5104769468307495,0.6616215109825134,-0.00676985178142786,0.9940738081932068,0.42822209000587463,0.830126166343689,0.13801118731498718,0.9811776876449585,0.5033096075057983,0.8729673624038696,0.017496198415756226,0.991999626159668,0.42790883779525757,0.8590260148048401,0.14323432743549347,0.9841674566268921,0.4953997731208801,0.9021053910255432,0.018974654376506805,0.9904314875602722,0.43213096261024475,0.8595497012138367,0.09381706267595291,0.8341001272201538,0.5129210352897644,0.8945094347000122,-0.044676411896944046,0.9055926203727722
65,walk,0.4879772663116455,0.0989542007446289,0.2187255322933197,0.9997652173042297,0.48440486192703247,0.08613382279872894,0.184283047914505,0.9996581673622131,0.4815429151058197,0.08523589372634888,0.18431827425956726,0.9996830224990845,0.4784339368343353,0.08451079577207565,0.1843290627002716,0.9996299743652344,0.4922933578491211,0.08695171028375626,0.1849328577518463,0.9996657967567444,0.49513229727745056,0.08657960593700409,0.18494559824466705,0.9996839165687561,0.49819880723953247,0.08631078898906708,0.18484559655189514,0.9996106028556824,0.47306761145591736,0.08966157585382462,0.060729049146175385,0.9996338486671448,0.503672182559967,0.0913548469543457,0.06653965264558792,0.999622642993927,0.4840487539768219,0.10971139371395111,0.1815526783466339,0.9997454285621643,0.4929530620574951,0.11176455020904541,0.1808568686246872,0.9997545480728149,0.43619871139526367,0.17042745649814606,0.019377153366804123,0.9998396039009094,0.5408002138137817,0.17838846147060394,-0.00536325853317976,0.9999093413352966,0.4124811291694641,0.3091742694377899,-0.0029288684017956257,0.9637011885643005,0.5657433271408081,0.3152637183666229,-0.03633882850408554,0.9942647814750671,0.3992772102355957,0.4410574734210968,-0.003966511692851782,0.8549176454544067,0.5765637755393982,0.45049789547920227,-0.04113175719976425,0.9527477025985718,0.3966975510120392,0.47447794675827026,-0.009103241376578808,0.7622550129890442,0.5791984796524048,0.4823184907436371,-0.04662105068564415,0.9093226790428162,0.40205782651901245,0.471423476934433,-0.01295365672558546,0.7450534105300903,0.5714614987373352,0.48111361265182495,-0.047041356563568115,0.9012245535850525,0.40508612990379333,0.46133896708488464,-0.005187004338949919,0.6658238768577576,0.5694516897201538,0.4717165231704712,-0.04049269109964371,0.8491917848587036,0.4509303569793701,0.4473908245563507,0.019082508981227875,0.9994932413101196,0.5108867883682251,0.45283666253089905,-0.01950785145163536,0.9995132088661194,0.4439515471458435,0.6329262852668762,0.07170344889163971,0.9887426495552063,0.5103131532669067,0.6623290777206421,0.017705999314785004,0.9941914081573486,0.4296410083770752,0.8306135535240173,0.12860551476478577,0.9817516207695007,0.5031685829162598,0.8730494976043701,0.04951245337724686,0.9920427203178406,0.4310578405857086,0.858707070350647,0.13324055075645447,0.9846571087837219,0.4950462877750397,0.9020624756813049,0.05164992809295654,0.9905934929847717,0.43013015389442444,0.8606303930282593,0.08300574123859406,0.8327462673187256,0.5116164684295654,0.8940540552139282,-0.01012302003800869,0.9009751081466675
66,walk,0.48795706033706665,0.1001662164926529,0.22360734641551971,0.9997737407684326,0.48426690697669983,0.0869784951210022,0.1876513957977295,0.9996685981750488,0.48136788606643677,0.08603958785533905,0.18768854439258575,0.9996932744979858,0.47823429107666016,0.08527984470129013,0.18768882751464844,0.9996393918991089,0.49222660064697266,0.0878559798002243,0.18999354541301727,0.9996770620346069,0.4950236678123474,0.08740375936031342,0.19000688195228577,0.9996957182884216,0.49805593490600586,0.08705069124698639,0.1899101436138153,0.9996227622032166,0.4728058874607086,0.09022843092679977,0.06242762878537178,0.9996458888053894,0.5036067366600037,0.09173120558261871,0.0704413577914238,0.9996344447135925,0.48389020562171936,0.11082784831523895,0.18522658944129944,0.9997519850730896,0.49281150102615356,0.11284942924976349,0.18675720691680908,0.9997617602348328,0.43608203530311584,0.17120887339115143,0.016664497554302216,0.9998425245285034,0.541028618812561,0.1786462515592575,-0.003007003804668784,0.9999098181724548,0.41273337602615356,0.309625506401062,-0.0065815644338727,0.9651093482971191,0.5660257339477539,0.3152766227722168,-0.03357672691345215,0.9943374395370483,0.3996167778968811,0.4416942894458771,-0.0034652973990887403,0.8583067655563354,0.5767850875854492,0.4504951536655426,-0.03549421578645706,0.9523928761482239,0.3969821035861969,0.47484415769577026,-0.008305462077260017,0.7668192982673645,0.5794389843940735,0.4824019968509674,-0.0401965007185936,0.9083200097084045,0.4022553861141205,0.4715912342071533,-0.011541425250470638,0.7498604655265808,0.5717993378639221,0.4813532531261444,-0.03988160192966461,0.9000701904296875,0.40535393357276917,0.46140697598457336,-0.004360447637736797,0.6709250807762146,0.56977379322052,0.471985787153244,-0.03461188077926636,0.8478162884712219,0.4511391520500183,0.447834312915802,0.014761355705559254,0.9994919300079346,0.5112130641937256,0.4533293843269348,-0.015199482440948486,0.9995145797729492,0.444917768239975,0.6332722306251526,0.06893904507160187,0.9893816113471985,0.5102590322494507,0.6625869274139404,0.02898544631898403,0.9943522214889526,0.4327217638492584,0.8311900496482849,0.13234324753284454,0.9824283123016357,0.5031655430793762,0.8729673624038696,0.06947512924671173,0.9921596646308899,0.4356691241264343,0.8592913150787354,0.1380600929260254,0.9852043986320496,0.4950436055660248,0.9016238451004028,0.07277514040470123,0.9907921552658081,0.43001383543014526,0.8618791103363037,0.09265412390232086,0.8317572474479675,0.5102604627609253,0.8940801024436951,0.015158899128437042,0.8971593379974365
67,walk,0.4878355860710144,0.10239478945732117,0.22646300494670868,0.9997806549072266,0.4841093122959137,0.08897209167480469,0.18901953101158142,0.9996761679649353,0.48120537400245667,0.08803524076938629,0.1890619695186615,0.9997009634971619,0.4780782163143158,0.08727719634771347,0.1890575885772705,0.9996456503868103,0.4920877516269684,0.08985664695501328,0.1926119476556778,0.9996862411499023,0.494875967502594,0.08939745277166367,0.19262568652629852,0.9997057914733887,0.49790725111961365,0.08897214382886887,0.1925346553325653,0.9996330142021179,0.4726637005805969,0.09245955944061279,0.06390349566936493,0.9996548295021057,0.503566324710846,0.09343450516462326,0.07148777693510056,0.9996446967124939,0.48374056816101074,0.11337146908044815,0.18654915690422058,0.999756932258606,0.4926624894142151,0.11516877263784409,0.18958404660224915,0.9997681379318237,0.43614450097084045,0.17198911309242249,0.009497926570475101,0.9998440742492676,0.5411962866783142,0.1809363067150116,-0.002388810273259878,0.9999106526374817,0.41269269585609436,0.3117157518863678,-0.015016784891486168,0.9664766192436218,0.566055417060852,0.31615808606147766,-0.03464236110448837,0.9944170117378235,0.3996317982673645,0.442343533039093,-0.010092150419950485,0.8600772619247437,0.5768758058547974,0.4510030448436737,-0.03692231327295303,0.9520736932754517,0.39725497364997864,0.4751439690589905,-0.01545116025954485,0.7693142890930176,0.5794969201087952,0.48272576928138733,-0.04255160316824913,0.9075509905815125,0.4024379849433899,0.47170546650886536,-0.017521310597658157,0.7524826526641846,0.5720471143722534,0.4818125367164612,-0.042230866849422455,0.8991357684135437,0.40548330545425415,0.46148544549942017,-0.01041895616799593,0.6740257143974304,0.5699977278709412,0.4725727140903473,-0.03605692833662033,0.8466601371765137,0.4516479969024658,0.44978782534599304,0.011263839900493622,0.9994928240776062,0.511454701423645,0.45498111844062805,-0.011675490066409111,0.9995197057723999,0.44566425681114197,0.6334661245346069,0.06739269196987152,0.9899442791938782,0.5102379322052002,0.6629518270492554,0.03209516778588295,0.9944996237754822,0.43362855911254883,0.8309491276741028,0.13184981048107147,0.9830830097198486,0.503165066242218,0.8729618787765503,0.07147996127605438,0.9922773241996765,0.4361129701137543,0.8590806722640991,0.13774041831493378,0.9857518076896667,0.49505728483200073,0.9015560746192932,0.0747605711221695,0.990995466709137,0.4305400252342224,0.8618178367614746,0.09513796865940094,0.8311508893966675,0.509845495223999,0.8932304382324219,0.019902203232049942,0.8936240673065186
68,walk,0.48781639337539673,0.1035972610116005,0.23546209931373596,0.9997878670692444,0.4840371608734131,0.09012556821107864,0.19888940453529358,0.9996849298477173,0.4810396730899811,0.08913261443376541,0.1989288330078125,0.9997095465660095,0.4778216481208801,0.08836300671100616,0.19893108308315277,0.9996537566184998,0.49202340841293335,0.0911373570561409,0.20113560557365417,0.9996960759162903,0.49482208490371704,0.09074805676937103,0.20114676654338837,0.9997159838676453,0.4978838562965393,0.090326689183712,0.20105299353599548,0.9996441602706909,0.4723030924797058,0.09363184124231339,0.06982452422380447,0.999664306640625,0.503454327583313,0.09460800141096115,0.07677605003118515,0.9996562004089355,0.4835357666015625,0.11461977660655975,0.19553717970848083,0.999762237071991,0.49263501167297363,0.1165529116988182,0.1974131166934967,0.999774694442749,0.4359067380428314,0.17242272198200226,0.013860290870070457,0.9998469948768616,0.5410528182983398,0.18232369422912598,-0.000981008168309927,0.9999125003814697,0.41261911392211914,0.31195688247680664,-0.009820244275033474,0.9675532579421997,0.5658557415008545,0.31708666682243347,-0.03337842598557472,0.994537353515625,0.3995327651500702,0.4426145851612091,-0.007891872897744179,0.8616130352020264,0.5765573978424072,0.45117896795272827,-0.03570178523659706,0.9521411657333374,0.3972824215888977,0.4756756126880646,-0.01277208048850298,0.77150958776474,0.5792539715766907,0.48290205001831055,-0.0412537157535553,0.9073650240898132,0.4024874269962311,0.47209712862968445,-0.017016390338540077,0.754794716835022,0.5722002387046814,0.4819556772708893,-0.04080231860280037,0.8988618850708008,0.4055213928222656,0.46166348457336426,-0.009337746538221836,0.6768584251403809,0.570044219493866,0.47275933623313904,-0.03478798270225525,0.8464115858078003,0.45190173387527466,0.45087313652038574,0.01364903338253498,0.9994979500770569,0.5115888714790344,0.4552977979183197,-0.014056405052542686,0.9995278120040894,0.44674190878868103,0.6344729065895081,0.06784947961568832,0.9903835654258728,0.5101423859596252,0.6633575558662415,0.025184934958815575,0.9946167469024658,0.43424326181411743,0.8311933875083923,0.1332012414932251,0.9835476875305176,0.5032378435134888,0.8725563287734985,0.06347006559371948,0.9923392534255981,0.4361352026462555,0.859376072883606,0.1390407681465149,0.9861329793930054,0.49510011076927185,0.9011737108230591,0.0666741207242012,0.9911140203475952,0.4331583082675934,0.8620262742042542,0.09635011851787567,0.8299717307090759,0.5091354846954346,0.8929138779640198,0.010393545962870121,0.8906170725822449
69,walk,0.4874229431152344,0.10485152155160904,0.24967432022094727,0.9997978210449219,0.48355966806411743,0.09101928770542145,0.21433110535144806,0.999697744846344,0.4804067015647888,0.09003551304340363,0.21437029540538788,0.999721884727478,0.47703495621681213,0.08935446292161942,0.21438069641590118,0.9996669888496399,0.491748183965683,0.09207850694656372,0.21485090255737305,0.9997097849845886,0.49452415108680725,0.09179769456386566,0.21486635506153107,0.999729573726654,0.49749889969825745,0.09143936634063721,0.2147761583328247,0.9996597170829773,0.4712252616882324,0.09482082724571228,0.08645477890968323,0.9996777772903442,0.5034022331237793,0.09571690857410431,0.08759485930204391,0.9996715784072876,0.4827135503292084,0.11613105982542038,0.21055331826210022,0.9997714757919312,0.4921174943447113,0.11813954263925552,0.21039345860481262,0.9997848272323608,0.435506671667099,0.17407569289207458,0.02466164156794548,0.9998506903648376,0.5405688881874084,0.18341577053070068,0.005483373999595642,0.9999148845672607,0.4124916195869446,0.3131150007247925,-0.0014121688436716795,0.9687817096710205,0.5657761693000793,0.3180457353591919,-0.026565272361040115,0.9946842193603516,0.3994891345500946,0.44358497858047485,0.0032779225148260593,0.8626242280006409,0.5762513875961304,0.45134371519088745,-0.026550481095910072,0.95167475938797,0.39731651544570923,0.47660908102989197,-0.0016679955879226327,0.7728757262229919,0.5788110494613647,0.483103483915329,-0.03189048543572426,0.9061138033866882,0.4025112986564636,0.47302669286727905,-0.004193122033029795,0.756169855594635,0.5720366835594177,0.4820055365562439,-0.03071734681725502,0.8975440263748169,0.40548911690711975,0.46231749653816223,0.002592870034277439,0.6787000894546509,0.5697931051254272,0.4728280305862427,-0.025249574333429337,0.8445778489112854,0.4517990052700043,0.45157569646835327,0.01539225410670042,0.9995059370994568,0.5115073919296265,0.45554453134536743,-0.015797195956110954,0.9995399713516235,0.4476293921470642,0.6363744139671326,0.06908620148897171,0.9909536242485046,0.5100593566894531,0.6634808778762817,0.020242979750037193,0.9948666095733643,0.43506717681884766,0.8312416672706604,0.13340598344802856,0.9842740297317505,0.5035159587860107,0.8717613220214844,0.05614124983549118,0.992605984210968,0.43682217597961426,0.8594973087310791,0.13918466866016388,0.9867544174194336,0.4952859878540039,0.9008557796478271,0.05906513333320618,0.9914301633834839,0.43455925583839417,0.8624091148376465,0.09667946398258209,0.8304886817932129,0.509124219417572,0.8927826881408691,0.0019435121212154627,0.8898026347160339
70,walk,0.4862648546695709,0.10652609914541245,0.2468612939119339,0.99980628490448,0.4823940396308899,0.09239353239536285,0.21135523915290833,0.9997079372406006,0.479172945022583,0.09140162169933319,0.21139144897460938,0.999731719493866,0.4757145047187805,0.0907958596944809,0.21140262484550476,0.9996771216392517,0.4907801151275635,0.09346572309732437,0.21206426620483398,0.9997209906578064,0.49357208609580994,0.09328500181436539,0.2120823860168457,0.9997407793998718,0.49647507071495056,0.09301599860191345,0.21199174225330353,0.9996722936630249,0.4698584973812103,0.09646455198526382,0.08385424315929413,0.9996878504753113,0.5028875470161438,0.097439244389534,0.08617948740720749,0.9996840357780457,0.48136791586875916,0.11794129759073257,0.2079876959323883,0.9997789263725281,0.49091726541519165,0.11996877193450928,0.20821146667003632,0.9997934699058533,0.4349568486213684,0.17553137242794037,0.024381479248404503,0.9998538494110107,0.5397384166717529,0.18497098982334137,0.005371346604079008,0.9999173879623413,0.41212886571884155,0.3142365515232086,-0.00129480951000005,0.9699517488479614,0.5646412968635559,0.31973084807395935,-0.025016676634550095,0.9947867393493652,0.39924484491348267,0.44469118118286133,0.0033247247338294983,0.8635481595993042,0.5748227834701538,0.45192044973373413,-0.024184303358197212,0.9504544734954834,0.3972879648208618,0.47733646631240845,-0.0015869780909270048,0.774086594581604,0.5776233673095703,0.4841090738773346,-0.028821289539337158,0.903382420539856,0.4024812579154968,0.47378066182136536,-0.003914153203368187,0.7574571371078491,0.5719146132469177,0.4825640320777893,-0.027965566143393517,0.8946192264556885,0.4054718017578125,0.4629710614681244,0.0027257625479251146,0.6803892254829407,0.5692522525787354,0.4733906090259552,-0.02295076474547386,0.8408258557319641,0.4515005648136139,0.4520334005355835,0.01595715805888176,0.9995080828666687,0.5110687613487244,0.455959290266037,-0.01635834574699402,0.9995506405830383,0.44797515869140625,0.6368628740310669,0.07144319266080856,0.9914142489433289,0.5099657773971558,0.663523256778717,0.01719794049859047,0.9950859546661377,0.4355962872505188,0.8315473794937134,0.1363363415002823,0.9848390817642212,0.5036300420761108,0.8712096214294434,0.05202851444482803,0.9928221702575684,0.43694478273391724,0.8598689436912537,0.14222635328769684,0.9872065782546997,0.49551862478256226,0.9006261229515076,0.05479683727025986,0.9916701912879944,0.4377231001853943,0.8626304864883423,0.1012563481926918,0.8302879929542542,0.5091527700424194,0.89239102602005,-0.004447263199836016,0.8887706398963928
71,walk,0.4855104386806488,0.10806598514318466,0.24832136929035187,0.9998135566711426,0.4814959466457367,0.09388644248247147,0.21315614879131317,0.9997158646583557,0.47818511724472046,0.09298992156982422,0.2131984531879425,0.9997395277023315,0.47463637590408325,0.09248553216457367,0.2132130116224289,0.9996848106384277,0.49005717039108276,0.09479202330112457,0.2132354974746704,0.9997305274009705,0.4928244948387146,0.09464988857507706,0.21325357258319855,0.9997504949569702,0.4956420063972473,0.09444665163755417,0.21316421031951904,0.9996830821037292,0.4684913158416748,0.09832851588726044,0.08665456622838974,0.9996957182884216,0.5018104314804077,0.09932819753885269,0.08603058010339737,0.9996950626373291,0.4804259240627289,0.11959820985794067,0.2097920924425125,0.9997853636741638,0.4900982975959778,0.12145669758319855,0.20909960567951202,0.9998016357421875,0.43295472860336304,0.17827118933200836,0.025729279965162277,0.9998539090156555,0.5368469953536987,0.18663300573825836,0.0051222629845142365,0.9999197125434875,0.41185030341148376,0.31748443841934204,0.00028244860004633665,0.970411479473114,0.5621981620788574,0.3198688328266144,-0.02610686421394348,0.9948500394821167,0.39812275767326355,0.44652238488197327,0.004716331139206886,0.8612567186355591,0.5725314021110535,0.451937735080719,-0.025835592299699783,0.9498887062072754,0.3968951106071472,0.4788655638694763,-0.00042355345794931054,0.7717764377593994,0.5754841566085815,0.4848910868167877,-0.03102106973528862,0.9023504853248596,0.4023207724094391,0.47569653391838074,-0.0027252770960330963,0.7549809813499451,0.5708628296852112,0.48285672068595886,-0.0301364716142416,0.8935961723327637,0.40523967146873474,0.4646480977535248,0.004104715771973133,0.6785495281219482,0.5678013563156128,0.47352391481399536,-0.024585939943790436,0.8393110632896423,0.4510806202888489,0.4539342224597931,0.015990201383829117,0.9995148777961731,0.5106021761894226,0.4573040306568146,-0.016381043940782547,0.999564528465271,0.44830042123794556,0.6387841701507568,0.07340526580810547,0.9918530583381653,0.50978022813797,0.663503885269165,0.017650041729211807,0.9952716827392578,0.4361470341682434,0.8317134380340576,0.1401253640651703,0.9854137301445007,0.5038352608680725,0.8710116147994995,0.05355750396847725,0.9930129051208496,0.437017023563385,0.8599412441253662,0.1464233547449112,0.9877212643623352,0.4961162507534027,0.9006520509719849,0.056542593985795975,0.9919137954711914,0.44056835770606995,0.8593358397483826,0.10700835287570953,0.8299106955528259,0.5091699361801147,0.8907012939453125,0.000770644866861403,0.8869795799255371
72,walk,0.4840964376926422,0.10937099158763885,0.24691686034202576,0.9998182654380798,0.47994256019592285,0.09522640705108643,0.21259982883930206,0.9997215867042542,0.47655606269836426,0.09444856643676758,0.21263988316059113,0.9997450113296509,0.47294101119041443,0.09406755119562149,0.2126554697751999,0.9996910691261292,0.48865097761154175,0.09602745622396469,0.21174056828022003,0.9997369050979614,0.49142569303512573,0.09588592499494553,0.21175742149353027,0.9997569918632507,0.49418479204177856,0.09571331739425659,0.2116628885269165,0.9996905326843262,0.4667719304561615,0.10044404864311218,0.08889557421207428,0.9996995329856873,0.5003596544265747,0.10101564973592758,0.08424030244350433,0.9997024536132812,0.4787610173225403,0.12113157659769058,0.20900578796863556,0.9997896552085876,0.48852723836898804,0.12289764732122421,0.2072862684726715,0.9998074769973755,0.43107396364212036,0.18204006552696228,0.03406655043363571,0.9998533129692078,0.53420090675354,0.1884838491678238,-4.7513831304968335e-06,0.9999217987060547,0.41085734963417053,0.3210407793521881,0.010384146124124527,0.970436155796051,0.5599186420440674,0.32108259201049805,-0.03077649511396885,0.9949836730957031,0.39725634455680847,0.44889146089553833,0.008477996103465557,0.8604393005371094,0.5694977641105652,0.4540606737136841,-0.029411906376481056,0.9501977562904358,0.3963802456855774,0.4813902676105499,0.0031473920680582523,0.7713219523429871,0.5710324048995972,0.48780933022499084,-0.03600126877427101,0.9025489091873169,0.4022543430328369,0.47862738370895386,-0.0006306585855782032,0.7545816898345947,0.5671485662460327,0.4852723479270935,-0.035253722220659256,0.8938979506492615,0.4051404893398285,0.46705126762390137,0.006904943380504847,0.6787280440330505,0.5640185475349426,0.47572168707847595,-0.028054138645529747,0.8394914269447327,0.45037561655044556,0.4558570384979248,0.021032635122537613,0.9995154142379761,0.5095318555831909,0.4583565294742584,-0.021404042840003967,0.9995714426040649,0.4487342834472656,0.6421712040901184,0.07244803756475449,0.9920781254768372,0.5095607042312622,0.6634950637817383,0.0005285373772494495,0.9954443573951721,0.43664225935935974,0.8351723551750183,0.13438647985458374,0.9856262803077698,0.5040531754493713,0.8709620237350464,0.030035609379410744,0.9931720495223999,0.4373047947883606,0.8634788393974304,0.13933436572551727,0.9879618287086487,0.4964503347873688,0.900695264339447,0.0321461446583271,0.9921060800552368,0.4413605332374573,0.8606297969818115,0.09439238905906677,0.8283796906471252,0.5095774531364441,0.8905669450759888,-0.028333451598882675,0.8870058059692383
73,walk,0.48199325799942017,0.11141841858625412,0.24641923606395721,0.9998224377632141,0.477644145488739,0.09721308946609497,0.21272437274456024,0.9997252225875854,0.4742346704006195,0.09650403261184692,0.21276244521141052,0.9997481107711792,0.47063279151916504,0.09611189365386963,0.2127806693315506,0.9996945261955261,0.48645567893981934,0.09788879007101059,0.2114599198102951,0.9997414350509644,0.48927298188209534,0.09761001914739609,0.21147668361663818,0.9997614026069641,0.4920542240142822,0.09733857214450836,0.211375430226326,0.9996953010559082,0.46453380584716797,0.10234767198562622,0.09168259799480438,0.9997018575668335,0.4981275498867035,0.10246776044368744,0.08460692316293716,0.9997075200080872,0.47648054361343384,0.12296514213085175,0.20925550162792206,0.999793529510498,0.4862138628959656,0.1246085911989212,0.20698511600494385,0.9998124241828918,0.42887601256370544,0.18411144614219666,0.039094939827919006,0.9998558163642883,0.5322975516319275,0.18913264572620392,-0.0005783381056971848,0.9999246001243591,0.40891504287719727,0.3228550851345062,0.01369854249060154,0.9704558253288269,0.5576214790344238,0.3215196430683136,-0.03449676185846329,0.9951264262199402,0.3958888649940491,0.44988876581192017,0.009390706196427345,0.8613748550415039,0.5666056871414185,0.4549903869628906,-0.0366959311068058,0.9512263536453247,0.3953399062156677,0.4819517433643341,0.0037946836091578007,0.7731299996376038,0.5675168633460999,0.48907187581062317,-0.044223103672266006,0.9040400981903076,0.4015130400657654,0.4793059527873993,-9.232664888259023e-05,0.7565349340438843,0.5632146596908569,0.48633524775505066,-0.043352995067834854,0.8955495357513428,0.404285192489624,0.4679949879646301,0.007625251077115536,0.6812428832054138,0.5596686601638794,0.47662195563316345,-0.035526424646377563,0.8417313694953918,0.45005422830581665,0.45712921023368835,0.022988198325037956,0.999513566493988,0.5081528425216675,0.4591946005821228,-0.023363633081316948,0.9995742440223694,0.4488973021507263,0.6440078020095825,0.06904733180999756,0.9921295046806335,0.5085117816925049,0.6635655164718628,-0.0023098925594240427,0.9955407381057739,0.43697744607925415,0.8366518616676331,0.12404729425907135,0.9856854677200317,0.5041401982307434,0.8709710836410522,0.027493193745613098,0.9932553172111511,0.43715208768844604,0.8649342060089111,0.1280381977558136,0.9880057573318481,0.4964519441127777,0.9006921648979187,0.029582655057311058,0.9922213554382324,0.4415450692176819,0.86194908618927,0.07759920507669449,0.828327476978302,0.5100796818733215,0.8905707597732544,-0.032889626920223236,0.887421190738678
74,walk,0.480008989572525,0.11328762024641037,0.2528207004070282,0.999829113483429,0.47524410486221313,0.09911035001277924,0.2198980152606964,0.9997339844703674,0.47179898619651794,0.0982804000377655,0.21993958950042725,0.9997559189796448,0.46828919649124146,0.09767979383468628,0.21996136009693146,0.9997037053108215,0.4840969443321228,0.0998130813241005,0.21829748153686523,0.9997504353523254,0.4868678152561188,0.09938889741897583,0.21831294894218445,0.999769926071167,0.48964959383010864,0.09893321245908737,0.21820779144763947,0.9997054934501648,0.4623804986476898,0.10363570600748062,0.0994735136628151,0.9997106194496155,0.49548107385635376,0.10384555160999298,0.09131002426147461,0.9997172355651855,0.47451430559158325,0.12444544583559036,0.2157934606075287,0.9998005628585815,0.48413246870040894,0.12603668868541718,0.21303758025169373,0.9998197555541992,0.4272913336753845,0.1862432062625885,0.04362504556775093,0.9998595714569092,0.530397891998291,0.18956758081912994,0.0025872522965073586,0.9999272227287292,0.40675029158592224,0.324041485786438,0.015968261286616325,0.971161961555481,0.5543695092201233,0.3208865225315094,-0.03453027456998825,0.9952750205993652,0.39460423588752747,0.45062777400016785,0.011757289990782738,0.8638998866081238,0.5638788342475891,0.45562952756881714,-0.04039004445075989,0.9521398544311523,0.3940809965133667,0.48225364089012146,0.005600062198936939,0.7766067981719971,0.564400851726532,0.4900110960006714,-0.04832085967063904,0.9053252935409546,0.4004484713077545,0.47955039143562317,0.002048017457127571,0.76022869348526,0.559887707233429,0.48716044425964355,-0.04724053293466568,0.8969292044639587,0.40313440561294556,0.4684928059577942,0.010028686374425888,0.6856855750083923,0.5562777519226074,0.47743716835975647,-0.03929014131426811,0.8435956835746765,0.4497096538543701,0.4576819837093353,0.022948864847421646,0.9995150566101074,0.5076748132705688,0.45944663882255554,-0.02332397922873497,0.999578058719635,0.44917184114456177,0.645611584186554,0.06132802367210388,0.9922630786895752,0.5077818036079407,0.663819432258606,-0.0033789891749620438,0.9956437945365906,0.43719711899757385,0.8380164504051208,0.11009982973337173,0.9858420491218567,0.5041033029556274,0.8714599609375,0.02203679084777832,0.9933424592018127,0.4374815821647644,0.8666841983795166,0.1134762316942215,0.9881289005279541,0.49602970480918884,0.9008035659790039,0.02357795462012291,0.9923412203788757,0.44117364287376404,0.8637939691543579,0.0613170750439167,0.8291676640510559,0.5111037492752075,0.890647828578949,-0.040024593472480774,0.8877795934677124
75,walk,0.47778600454330444,0.11606500297784805,0.2577485144138336,0.9998365044593811,0.4728028178215027,0.10201389342546463,0.22484488785266876,0.9997444748878479,0.46942439675331116,0.10116790980100632,0.22488835453987122,0.9997657537460327,0.4660552442073822,0.10044451057910919,0.22490981221199036,0.9997152090072632,0.4816567301750183,0.10266169160604477,0.22351518273353577,0.9997608661651611,0.4843764901161194,0.10218070447444916,0.22353124618530273,0.9997799396514893,0.48716551065444946,0.10160810500383377,0.2234325408935547,0.9997174143791199,0.46021586656570435,0.10601212084293365,0.10380123555660248,0.9997227787971497,0.4931729733943939,0.10601111501455307,0.09707694500684738,0.9997286796569824,0.4724327623844147,0.12675200402736664,0.2204475700855255,0.9998087286949158,0.48187413811683655,0.12849590182304382,0.2180403470993042,0.9998276233673096,0.42524272203445435,0.18857523798942566,0.045829884707927704,0.9998644590377808,0.5285917520523071,0.19088253378868103,0.007905278354883194,0.999929666519165,0.40493541955947876,0.3258000910282135,0.01759357750415802,0.9717991948127747,0.5526264905929565,0.3216562867164612,-0.03189123794436455,0.9953945875167847,0.3937535881996155,0.4512484669685364,0.013613864779472351,0.8660632967948914,0.5601538419723511,0.456264466047287,-0.040367867797613144,0.9525743722915649,0.39282479882240295,0.4823865592479706,0.0064921267330646515,0.7795982360839844,0.5611745119094849,0.4902345836162567,-0.04848335310816765,0.9058428406715393,0.39881443977355957,0.47964465618133545,0.003437583101913333,0.7633783221244812,0.5567062497138977,0.4873889088630676,-0.04761502891778946,0.8974980711936951,0.40136176347732544,0.46874579787254333,0.012104479596018791,0.6892907023429871,0.5530037879943848,0.4777546226978302,-0.03937724977731705,0.8444083333015442,0.44826555252075195,0.45837193727493286,0.02233053185045719,0.9995216131210327,0.5060584545135498,0.4595986604690552,-0.022691914811730385,0.9995836019515991,0.4491823613643646,0.6461086869239807,0.05116278678178787,0.9924755096435547,0.50679612159729,0.6638818383216858,-0.0018510285299271345,0.9957295656204224,0.43707674741744995,0.8399727940559387,0.09336747229099274,0.9861123561859131,0.5038995742797852,0.8722473978996277,0.02213357202708721,0.9933881163597107,0.437311589717865,0.8694260716438293,0.09625730663537979,0.9883989095687866,0.4957851767539978,0.9012504816055298,0.02344723418354988,0.9924461841583252,0.44071054458618164,0.8638523817062378,0.04408771172165871,0.8299820423126221,0.5118333697319031,0.8906057476997375,-0.039211206138134,0.8869541883468628
76,walk,0.4759748578071594,0.12046575546264648,0.26190444827079773,0.9998418092727661,0.47081342339515686,0.10644709318876266,0.22997505962848663,0.9997513890266418,0.4673822820186615,0.10556486248970032,0.23002204298973083,0.9997723698616028,0.46398577094078064,0.10476043820381165,0.23004250228405,0.9997225999832153,0.47980475425720215,0.10695929080247879,0.2278650999069214,0.9997681975364685,0.48244810104370117,0.10638139396905899,0.22788481414318085,0.9997873306274414,0.48520731925964355,0.10566595941781998,0.2277873307466507,0.9997258186340332,0.45798540115356445,0.10929583758115768,0.11094244569540024,0.9997307658195496,0.4909942150115967,0.109064482152462,0.10072772204875946,0.9997372031211853,0.47036996483802795,0.13043628633022308,0.2251349687576294,0.9998137950897217,0.4798019528388977,0.13207945227622986,0.2217688113451004,0.9998329281806946,0.42309609055519104,0.19158662855625153,0.051996976137161255,0.9998681545257568,0.5253110527992249,0.19249007105827332,0.010133830830454826,0.9999316334724426,0.4031832814216614,0.3282984495162964,0.02503596618771553,0.9720673561096191,0.5497094988822937,0.32516515254974365,-0.02769000455737114,0.995479941368103,0.39226946234703064,0.4533465802669525,0.021149348467588425,0.8670656085014343,0.556437075138092,0.4592817425727844,-0.030714664608240128,0.9533352255821228,0.39157989621162415,0.48351478576660156,0.013671460561454296,0.7810512185096741,0.5581657886505127,0.49228939414024353,-0.0381314717233181,0.9070079326629639,0.39709651470184326,0.4808815121650696,0.011344493366777897,0.7649368643760681,0.5534052848815918,0.48957961797714233,-0.03762070834636688,0.8987579345703125,0.3995055556297302,0.4702933728694916,0.01985514536499977,0.691333532333374,0.5495493412017822,0.4798438549041748,-0.029680296778678894,0.8462228775024414,0.4469856321811676,0.4596991240978241,0.021653998643159866,0.9995304346084595,0.5035974383354187,0.46041831374168396,-0.022006843239068985,0.9995859861373901,0.44914326071739197,0.6483632326126099,0.050738222897052765,0.992790162563324,0.5048986077308655,0.6647206544876099,0.008950321935117245,0.9958006739616394,0.4369475841522217,0.8423279523849487,0.09553522616624832,0.9865866303443909,0.5036076903343201,0.8723199367523193,0.03863728791475296,0.9934467673301697,0.4371902048587799,0.873183012008667,0.09881715476512909,0.9888075590133667,0.4956381320953369,0.9015169143676758,0.0408201739192009,0.9925231337547302,0.4403991103172302,0.8639199137687683,0.04915519803762436,0.8327136635780334,0.5114649534225464,0.8905618190765381,-0.018241535872220993,0.8863497376441956
77,walk,0.4741519093513489,0.12420511990785599,0.2621024250984192,0.9998412728309631,0.46892985701560974,0.11005102843046188,0.2312057763338089,0.9997497797012329,0.4654814302921295,0.10920470207929611,0.23125585913658142,0.9997714757919312,0.4620665907859802,0.10841909050941467,0.23128223419189453,0.9997214078903198,0.47780895233154297,0.11052972823381424,0.22737440466880798,0.9997673630714417,0.48033374547958374,0.1099618524312973,0.22739310562610626,0.9997871518135071,0.48298582434654236,0.10925035178661346,0.2272876799106598,0.9997246265411377,0.45582088828086853,0.11246656626462936,0.11477816104888916,0.999727725982666,0.4881919324398041,0.11217495799064636,0.0976777896285057,0.9997365474700928,0.46857577562332153,0.13407529890537262,0.22601473331451416,0.999812126159668,0.477672278881073,0.13570992648601532,0.22064761817455292,0.9998325109481812,0.4205814301967621,0.19493645429611206,0.060315705835819244,0.9998682737350464,0.5213456749916077,0.1949344426393509,0.0022869999520480633,0.9999327659606934,0.4005699157714844,0.3309752643108368,0.034811340272426605,0.9719580411911011,0.5460176467895508,0.32660335302352905,-0.029585251584649086,0.9956200122833252,0.390421599149704,0.4550637900829315,0.026526475325226784,0.8653861880302429,0.5534945726394653,0.4602375328540802,-0.02659621462225914,0.9541508555412292,0.3900969326496124,0.4848559498786926,0.01966146193444729,0.7785229682922363,0.5555591583251953,0.4928400218486786,-0.0335385799407959,0.9081153869628906,0.39542222023010254,0.4824441373348236,0.016584109514951706,0.7623375654220581,0.5498937368392944,0.49042582511901855,-0.03321267291903496,0.9000733494758606,0.3977864980697632,0.47203314304351807,0.024750487878918648,0.6889580488204956,0.5456539988517761,0.4806503355503082,-0.025207296013832092,0.8480647802352905,0.44490060210227966,0.4611583650112152,0.02777213416993618,0.9995306730270386,0.5007133483886719,0.46160900592803955,-0.02810882404446602,0.9995806217193604,0.4491625428199768,0.6499571204185486,0.05259622260928154,0.9928602576255798,0.5042992830276489,0.664722204208374,0.00835326500236988,0.9958770871162415,0.43689054250717163,0.8444492816925049,0.09374826401472092,0.986663818359375,0.5034105777740479,0.8720076680183411,0.03852570056915283,0.9934760332107544,0.4371035099029541,0.8759734034538269,0.0964035913348198,0.9889553189277649,0.495633989572525,0.9015217423439026,0.04053962603211403,0.9925869107246399,0.4427824914455414,0.8639073967933655,0.047046419233083725,0.8318434357643127,0.5114847421646118,0.8905164003372192,-0.0189107246696949,0.8859685063362122
78,walk,0.47174715995788574,0.12566231191158295,0.25493675470352173,0.9998360872268677,0.4666847586631775,0.11185284703969955,0.22689864039421082,0.9997424483299255,0.4632776379585266,0.11112095415592194,0.22693686187267303,0.9997657537460327,0.45991531014442444,0.11042392253875732,0.22696749866008759,0.9997153282165527,0.47536134719848633,0.1121554896235466,0.21938185393810272,0.9997593760490417,0.47780880331993103,0.11156508326530457,0.21941034495830536,0.9997803568840027,0.48037785291671753,0.11082493513822556,0.21929951012134552,0.9997146725654602,0.45373302698135376,0.11443182826042175,0.10952216386795044,0.9997183084487915,0.4851371645927429,0.11378496140241623,0.08481907844543457,0.999726414680481,0.46637409925460815,0.13546887040138245,0.22041085362434387,0.99980628490448,0.47512468695640564,0.1370547115802765,0.211123988032341,0.9998266696929932,0.4187508523464203,0.19661523401737213,0.056934893131256104,0.9998674988746643,0.5175398588180542,0.19639816880226135,-0.017259206622838974,0.9999322891235352,0.3991801142692566,0.3323732018470764,0.03385882079601288,0.9714779257774353,0.5428274273872375,0.32879334688186646,-0.04286026209592819,0.9956715703010559,0.3886221945285797,0.456998348236084,0.0238158218562603,0.8661180734634399,0.5505682826042175,0.4608707129955292,-0.029354101046919823,0.9551047682762146,0.38782912492752075,0.487371027469635,0.017700694501399994,0.7793276906013489,0.5528949499130249,0.4930516481399536,-0.03809786215424538,0.9098222851753235,0.39292141795158386,0.4851475954055786,0.013689552433788776,0.7631407380104065,0.5469709634780884,0.4909558892250061,-0.03765790909528732,0.9020169973373413,0.395752489566803,0.47476065158843994,0.021832777187228203,0.6899579167366028,0.5425099730491638,0.48109814524650574,-0.027539337053894997,0.8505591750144958,0.441535621881485,0.46238216757774353,0.03459157794713974,0.9995281100273132,0.4970148503780365,0.46201133728027344,-0.03493650630116463,0.9995720386505127,0.4490431845188141,0.6497606635093689,0.052208226174116135,0.9925388097763062,0.5043391585350037,0.6622545123100281,-0.011277135461568832,0.9958740472793579,0.43693628907203674,0.8446782231330872,0.08561072498559952,0.9859517812728882,0.5030563473701477,0.8712223768234253,0.0111811812967062,0.9933083057403564,0.43704313039779663,0.875745415687561,0.08724246919155121,0.9886447787284851,0.49554282426834106,0.900806188583374,0.012807058170437813,0.9924489259719849,0.44502362608909607,0.8639417290687561,0.03553390875458717,0.8262499570846558,0.5123012661933899,0.8913453817367554,-0.0478958897292614,0.8846475481987
79,walk,0.46994954347610474,0.12775252759456635,0.25540032982826233,0.9998340010643005,0.46501970291137695,0.11365661770105362,0.22667670249938965,0.9997394680976868,0.46153944730758667,0.1129717156291008,0.22671744227409363,0.9997639060020447,0.4580833315849304,0.11232826113700867,0.2267465889453888,0.9997134208679199,0.47343534231185913,0.11386087536811829,0.2199147492647171,0.9997568726539612,0.4758029580116272,0.11324608325958252,0.21994240581989288,0.9997785091400146,0.47824567556381226,0.11251981556415558,0.21983151137828827,0.9997110962867737,0.45138612389564514,0.11626171320676804,0.11224164813756943,0.9997139573097229,0.48215383291244507,0.1152537539601326,0.08505631983280182,0.9997223615646362,0.4643717408180237,0.13769447803497314,0.22070567309856415,0.999801754951477,0.47295618057250977,0.13922077417373657,0.21155348420143127,0.9998229146003723,0.4158570170402527,0.19898925721645355,0.06083079054951668,0.9998655915260315,0.5127643346786499,0.19685623049736023,-0.014782922342419624,0.9999314546585083,0.3962472081184387,0.33455750346183777,0.0369550958275795,0.9708887338638306,0.5388588309288025,0.32960572838783264,-0.043648071587085724,0.9956858158111572,0.38725149631500244,0.45891210436820984,0.023541929200291634,0.8659703731536865,0.5488042235374451,0.46083447337150574,-0.03003143146634102,0.956118643283844,0.3860529065132141,0.48991280794143677,0.01765020564198494,0.7794198393821716,0.5510071516036987,0.4930788278579712,-0.03918088227510452,0.9117986559867859,0.39113491773605347,0.4877118766307831,0.01316457986831665,0.7632462978363037,0.544980525970459,0.49116554856300354,-0.038293395191431046,0.904263436794281,0.39422541856765747,0.477114737033844,0.02138667181134224,0.6904749870300293,0.5406819581985474,0.4812633991241455,-0.027663061395287514,0.8534924983978271,0.43934378027915955,0.4644245505332947,0.03365901857614517,0.9995280504226685,0.4946057200431824,0.4632587432861328,-0.03401390090584755,0.9995651245117188,0.44873589277267456,0.6498579978942871,0.052973926067352295,0.9925165176391602,0.503952145576477,0.6619184017181396,-0.004671258386224508,0.9958685636520386,0.4370505213737488,0.8446340560913086,0.0893845334649086,0.9858210682868958,0.5030161142349243,0.8701174259185791,0.029534727334976196,0.9932423233985901,0.4370095133781433,0.8757200241088867,0.09161103516817093,0.9886767864227295,0.49633902311325073,0.9003271460533142,0.03263320401310921,0.9923964142799377,0.4456769824028015,0.8640118837356567,0.0420413464307785,0.8241944909095764,0.5116425156593323,0.8904120326042175,-0.02316214330494404,0.8837359547615051
80,walk,0.467160701751709,0.1281566619873047,0.2544180154800415,0.9998347759246826,0.4624704420566559,0.11405603587627411,0.22561374306678772,0.9997418522834778,0.4590488076210022,0.11334066092967987,0.22565460205078125,0.9997669458389282,0.4556511342525482,0.11268996447324753,0.22568216919898987,0.9997178316116333,0.47056812047958374,0.11446227133274078,0.2189245969057083,0.9997581243515015,0.4728660583496094,0.11391627788543701,0.21895484626293182,0.9997800588607788,0.47522789239883423,0.11325734108686447,0.21885068714618683,0.9997127652168274,0.44909602403640747,0.11688409745693207,0.11018713563680649,0.999716579914093,0.4789937138557434,0.116323322057724,0.0838109701871872,0.9997236728668213,0.46170178055763245,0.138372004032135,0.22028867900371552,0.9998018741607666,0.4698830246925354,0.13991457223892212,0.2101425677537918,0.9998225569725037,0.412636935710907,0.20099718868732452,0.06231384724378586,0.999865710735321,0.5081347227096558,0.19731299579143524,-0.017004650086164474,0.9999315738677979,0.3930931091308594,0.3353487551212311,0.041237350553274155,0.9709147214889526,0.5350919961929321,0.329986035823822,-0.042624581605196,0.9957636594772339,0.3850848078727722,0.4593632221221924,0.031480394303798676,0.8635918498039246,0.5464953184127808,0.46072933077812195,-0.01974441483616829,0.9563106894493103,0.3839944005012512,0.490986168384552,0.02691975235939026,0.7749859094619751,0.5487114191055298,0.49301910400390625,-0.026333576068282127,0.9120052456855774,0.3891640901565552,0.48864737153053284,0.022199532017111778,0.7586323618888855,0.5426225662231445,0.49115294218063354,-0.02476794458925724,0.9046523571014404,0.3918795585632324,0.47818678617477417,0.029287297278642654,0.6854774951934814,0.5384252667427063,0.4813442528247833,-0.01722930744290352,0.8538371920585632,0.43614768981933594,0.46631401777267456,0.03645362704992294,0.9995334148406982,0.4913126528263092,0.4644159972667694,-0.03679782524704933,0.9995630383491516,0.44818514585494995,0.6504589915275574,0.04870147258043289,0.9925491809844971,0.5035442113876343,0.6601731777191162,-0.0033448543399572372,0.9959591031074524,0.43712320923805237,0.844578742980957,0.07712294161319733,0.9858076572418213,0.5028451681137085,0.8644732236862183,0.028622448444366455,0.9932807087898254,0.4371780455112457,0.8758726119995117,0.07863880693912506,0.9887657165527344,0.49667614698410034,0.8971458673477173,0.03154519200325012,0.9923981428146362,0.4464711546897888,0.864050567150116,0.02934502623975277,0.8237056136131287,0.5115193128585815,0.8875046372413635,-0.023372754454612732,0.8846980929374695
81,walk,0.46422451734542847,0.12920337915420532,0.25412729382514954,0.9998354315757751,0.45979055762290955,0.1152956560254097,0.22496278584003448,0.9997435808181763,0.45635277032852173,0.11450706422328949,0.22500255703926086,0.9997692704200745,0.4529150426387787,0.11381477862596512,0.22502776980400085,0.999721348285675,0.46771591901779175,0.11584558337926865,0.21872946619987488,0.9997589588165283,0.4700002670288086,0.11533419042825699,0.21875837445259094,0.99978107213974,0.4723188877105713,0.11471716314554214,0.21865515410900116,0.9997138381004333,0.44652047753334045,0.11777924746274948,0.11122103035449982,0.999718189239502,0.47610893845558167,0.11756463348865509,0.0837680771946907,0.9997239708900452,0.4586907923221588,0.1394825130701065,0.21964502334594727,0.9998015761375427,0.4668084979057312,0.14102202653884888,0.21012285351753235,0.9998218417167664,0.4094223380088806,0.20239010453224182,0.06391960382461548,0.9998669624328613,0.5052984356880188,0.1983455866575241,-0.01681649126112461,0.9999313950538635,0.38988345861434937,0.3359210193157196,0.042290572077035904,0.9711693525314331,0.5315821170806885,0.33011606335639954,-0.04222395643591881,0.9958204627037048,0.3830309808254242,0.4597703218460083,0.03419310599565506,0.8627253174781799,0.54440838098526,0.4606969952583313,-0.020475532859563828,0.9563747644424438,0.3826977610588074,0.49165216088294983,0.03060253895819187,0.7724244594573975,0.5467326641082764,0.49247410893440247,-0.027144644409418106,0.912024974822998,0.3878236413002014,0.48922908306121826,0.025869261473417282,0.7558676600456238,0.5408241748809814,0.49108853936195374,-0.024716254323720932,0.9048942923545837,0.3901214301586151,0.47889140248298645,0.032022230327129364,0.682174026966095,0.536687970161438,0.4813160002231598,-0.017871707677841187,0.8538267016410828,0.43367424607276917,0.46748068928718567,0.036933403462171555,0.9995390176773071,0.4888480305671692,0.46463537216186523,-0.037290625274181366,0.9995607733726501,0.446812242269516,0.652134358882904,0.040980346500873566,0.9927120804786682,0.5026560425758362,0.6576282978057861,-0.014426176436245441,0.9960728883743286,0.4371083378791809,0.8445518612861633,0.0659760981798172,0.9859626889228821,0.5025612115859985,0.8564674258232117,0.01235654391348362,0.9933715462684631,0.4373203217983246,0.875732958316803,0.06712077558040619,0.9889419674873352,0.4964713156223297,0.890550971031189,0.014861896634101868,0.9924285411834717,0.44633111357688904,0.8644643425941467,0.013640278950333595,0.8245431780815125,0.5109546184539795,0.8848626613616943,-0.043634139001369476,0.8866066336631775
82,walk,0.46115994453430176,0.1315462291240692,0.25393015146255493,0.9998385906219482,0.4565965235233307,0.11801812797784805,0.22496624290943146,0.9997497200965881,0.45304736495018005,0.11733110249042511,0.2250026911497116,0.9997753500938416,0.4495333731174469,0.11675424873828888,0.2250261753797531,0.9997298717498779,0.46473637223243713,0.11837989836931229,0.21885891258716583,0.999763548374176,0.46713876724243164,0.11789906769990921,0.21888728439807892,0.9997851848602295,0.4694969058036804,0.11732940375804901,0.21878810226917267,0.999719500541687,0.4434320330619812,0.1205715462565422,0.11211448907852173,0.9997237324714661,0.4735143780708313,0.12014812976121902,0.08386493474245071,0.9997279047966003,0.45548349618911743,0.14192479848861694,0.2191808521747589,0.9998041987419128,0.4639595150947571,0.14317220449447632,0.21008741855621338,0.999822735786438,0.40652886033058167,0.20374032855033875,0.06680399179458618,0.9998708367347717,0.5035886168479919,0.20009241998195648,-0.016599152237176895,0.9999314546585083,0.3874198794364929,0.33567070960998535,0.04543865844607353,0.9719147682189941,0.5292481184005737,0.33060067892074585,-0.04229775071144104,0.9958924055099487,0.3808954358100891,0.4597402811050415,0.03474505618214607,0.866992175579071,0.5430710315704346,0.4606318473815918,-0.02245214767754078,0.957468569278717,0.38084301352500916,0.49155735969543457,0.031763214617967606,0.7774229049682617,0.5455272197723389,0.491996169090271,-0.029132414609193802,0.9142115116119385,0.3861043155193329,0.4891323447227478,0.025827165693044662,0.7610636353492737,0.5395351648330688,0.49102485179901123,-0.027136649936437607,0.9073420763015747,0.3880805969238281,0.4789709448814392,0.03226109594106674,0.687646746635437,0.5354048013687134,0.4812789857387543,-0.020058244466781616,0.8567897081375122,0.431950181722641,0.4671383202075958,0.04091690853238106,0.9995478987693787,0.4874350130558014,0.4643513560295105,-0.04130209982395172,0.9995606541633606,0.444859117269516,0.652090311050415,0.03977608308196068,0.9927173256874084,0.502114474773407,0.6534698605537415,-0.035483088344335556,0.9961902499198914,0.43699583411216736,0.8435020446777344,0.05234898254275322,0.9858531355857849,0.502160370349884,0.8456833958625793,-0.029258856549859047,0.9934834241867065,0.43715769052505493,0.8738147020339966,0.05171544477343559,0.9889501333236694,0.49380308389663696,0.877335250377655,-0.028849447146058083,0.9924336075782776,0.44700130820274353,0.8673859238624573,-0.006710717920213938,0.8258764743804932,0.5108358263969421,0.8848435282707214,-0.0933607742190361,0.8902373909950256
83,walk,0.45873913168907166,0.13493548333644867,0.2543089985847473,0.9998428821563721,0.4542709290981293,0.12157294154167175,0.22579877078533173,0.9997542500495911,0.45070305466651917,0.12093760073184967,0.22582808136940002,0.9997807145118713,0.44717341661453247,0.12037423253059387,0.22585590183734894,0.999736487865448,0.46246805787086487,0.12166788429021835,0.2198205292224884,0.9997676014900208,0.4648945927619934,0.12115513533353806,0.2198449820280075,0.9997893571853638,0.4672181010246277,0.12058443576097488,0.21975252032279968,0.9997243285179138,0.4412415623664856,0.12368033826351166,0.11204375326633453,0.9997261166572571,0.47124379873275757,0.1232706680893898,0.08410774171352386,0.9997292160987854,0.4531206488609314,0.14516519010066986,0.21916277706623077,0.9998047947883606,0.4616984724998474,0.14629262685775757,0.21027210354804993,0.9998221397399902,0.404061883687973,0.20494867861270905,0.06495744735002518,0.9998759031295776,0.5010397434234619,0.200664684176445,-0.015555803664028645,0.9999324083328247,0.38478389382362366,0.3357836902141571,0.04180220514535904,0.9729973077774048,0.5264915227890015,0.3309604823589325,-0.04318985342979431,0.9959124326705933,0.3786812126636505,0.45962440967559814,0.032351862639188766,0.8730606436729431,0.5411693453788757,0.46046367287635803,-0.02684399113059044,0.9586474895477295,0.3789510130882263,0.49142518639564514,0.02920627035200596,0.7854928374290466,0.5439082384109497,0.49145591259002686,-0.03388065844774246,0.9168069958686829,0.3842258155345917,0.48905354738235474,0.02411487326025963,0.769575297832489,0.5381737351417542,0.49082446098327637,-0.02818463183939457,0.9102482795715332,0.38588663935661316,0.4790654480457306,0.030107121914625168,0.6969762444496155,0.5340352058410645,0.48122888803482056,-0.023207012563943863,0.86025071144104,0.4306860566139221,0.4671217203140259,0.04098274186253548,0.9995687007904053,0.48545947670936584,0.46430668234825134,-0.04142584279179573,0.9995786547660828,0.44087404012680054,0.6519719958305359,0.055068254470825195,0.9928270578384399,0.5014515519142151,0.64796382188797,-0.04289718717336655,0.9963346719741821,0.43635129928588867,0.8415517210960388,0.047981228679418564,0.9863152503967285,0.5009298324584961,0.8371737003326416,-0.07276110351085663,0.9938204288482666,0.4369855523109436,0.8698440790176392,0.045128125697374344,0.9893587231636047,0.4911397397518158,0.8649582862854004,-0.07580675929784775,0.9927371144294739,0.4455510973930359,0.8689520359039307,-0.01675993576645851,0.8328030109405518,0.5104764103889465,0.8844588398933411,-0.14594021439552307,0.8969833254814148
84,walk,0.4565700590610504,0.13780683279037476,0.2660563588142395,0.9998461604118347,0.45218220353126526,0.12421821057796478,0.23833444714546204,0.9997573494911194,0.4487266540527344,0.12359470874071121,0.23834891617298126,0.9997851252555847,0.4452276825904846,0.12296926975250244,0.2383764237165451,0.9997420310974121,0.4602275788784027,0.12418430298566818,0.2328527718782425,0.9997689723968506,0.4625803530216217,0.1236477941274643,0.23287157714366913,0.9997910857200623,0.46478748321533203,0.12307842075824738,0.23278693854808807,0.9997261762619019,0.4393156170845032,0.12583714723587036,0.12245550006628036,0.9997302293777466,0.4685952663421631,0.1255626529455185,0.09703594446182251,0.9997289180755615,0.4511748254299164,0.14809776842594147,0.22952453792095184,0.9998031258583069,0.45943865180015564,0.1490395963191986,0.22155559062957764,0.9998173713684082,0.4015960097312927,0.2066785842180252,0.07422321289777756,0.9998815655708313,0.498237282037735,0.20135627686977386,-0.008298500441014767,0.9999334812164307,0.3827672600746155,0.33582255244255066,0.04618719965219498,0.9741654396057129,0.5242127180099487,0.3311479091644287,-0.04147151857614517,0.9959784746170044,0.376986563205719,0.4594699442386627,0.033432308584451675,0.8789937496185303,0.5392212867736816,0.4595687985420227,-0.026813706383109093,0.9597171545028687,0.37710532546043396,0.4910329282283783,0.03149155527353287,0.7931193709373474,0.5423422455787659,0.49009451270103455,-0.03378598392009735,0.9189729690551758,0.3822135627269745,0.4889630675315857,0.027110761031508446,0.7777578830718994,0.5363706350326538,0.48979514837265015,-0.026680737733840942,0.912665069103241,0.38375169038772583,0.4788890779018402,0.03169671446084976,0.7059357762336731,0.5322757959365845,0.48051124811172485,-0.022853877395391464,0.8631693720817566,0.4291847348213196,0.4672762453556061,0.04116439446806908,0.9995936155319214,0.48314690589904785,0.4639870524406433,-0.04163524881005287,0.9995978474617004,0.43841180205345154,0.6518341898918152,0.05825953558087349,0.992866039276123,0.5013880729675293,0.644210159778595,-0.0351828932762146,0.996453046798706,0.43616122007369995,0.841031551361084,0.004796313587576151,0.9867478013038635,0.5005049109458923,0.8294049501419067,-0.0942663624882698,0.994137167930603,0.43681684136390686,0.8684208989143372,-0.0031945384107530117,0.9897629618644714,0.4899405539035797,0.8549101948738098,-0.10017690807580948,0.9930140972137451,0.44459858536720276,0.8706910014152527,-0.06778942793607712,0.8408783674240112,0.5099207758903503,0.8845385909080505,-0.1659492552280426,0.9040750861167908
85,walk,0.45391684770584106,0.13981617987155914,0.25989457964897156,0.999847412109375,0.4495754837989807,0.12613379955291748,0.23314125835895538,0.9997567534446716,0.44626131653785706,0.1255243867635727,0.23312851786613464,0.9997864961624146,0.4428500533103943,0.12490047514438629,0.2331584244966507,0.9997437000274658,0.45756101608276367,0.12605878710746765,0.22974734008312225,0.9997658133506775,0.4599344730377197,0.12551546096801758,0.2297603189945221,0.9997887015342712,0.46218547224998474,0.12497420608997345,0.22969357669353485,0.999722957611084,0.43716105818748474,0.1278056800365448,0.1157243400812149,0.999732494354248,0.4662545621395111,0.12758032977581024,0.09554209560155869,0.9997235536575317,0.4488346576690674,0.1502297967672348,0.22254678606987,0.9997981786727905,0.4569273889064789,0.15124118328094482,0.21711179614067078,0.9998077750205994,0.40006595849990845,0.2081274688243866,0.06983167678117752,0.9998876452445984,0.49565133452415466,0.2025679498910904,-0.006578504107892513,0.9999335408210754,0.38104021549224854,0.3363274335861206,0.04128498584032059,0.9754462838172913,0.5223586559295654,0.3320448100566864,-0.034651514142751694,0.9960650205612183,0.375368595123291,0.45875251293182373,0.03315912187099457,0.884967565536499,0.537710428237915,0.458687424659729,-0.014255605638027191,0.9606263637542725,0.3750166594982147,0.4902172386646271,0.0297225471585989,0.80075603723526,0.5407785773277283,0.4888591468334198,-0.018535539507865906,0.9207581281661987,0.380012571811676,0.4885445833206177,0.025501582771539688,0.7859792709350586,0.5347152948379517,0.48892614245414734,-0.010577602311968803,0.914681077003479,0.381710946559906,0.47883355617523193,0.030847469344735146,0.7146879434585571,0.5306577086448669,0.4798957407474518,-0.009803399443626404,0.8658706545829773,0.42840975522994995,0.4672657549381256,0.03990352898836136,0.9996218085289001,0.48077577352523804,0.46318915486335754,-0.0404815599322319,0.9996184706687927,0.4370664656162262,0.6517313718795776,0.04948695749044418,0.9929643273353577,0.5012110471725464,0.6389430165290833,-0.023115145042538643,0.996515691280365,0.4361536502838135,0.8403743505477905,-0.03137699514627457,0.9872651696205139,0.4998161792755127,0.819136381149292,-0.07495247572660446,0.9944038391113281,0.43710747361183167,0.8666747212409973,-0.041047897189855576,0.9901911616325378,0.489434152841568,0.8416458368301392,-0.08025110512971878,0.9932282567024231,0.44358834624290466,0.8718259930610657,-0.10412506759166718,0.8502288460731506,0.5096613168716431,0.8826815485954285,-0.13860014081001282,0.9108428359031677
86,walk,0.4538334310054779,0.14124763011932373,0.26350319385528564,0.9998457431793213,0.4493153691291809,0.12754830718040466,0.2375565767288208,0.9997528791427612,0.4460272789001465,0.12693458795547485,0.23755645751953125,0.9997850060462952,0.442573606967926,0.12629708647727966,0.23758304119110107,0.999742865562439,0.4572632908821106,0.12745845317840576,0.23241284489631653,0.9997581243515015,0.4594429135322571,0.1269368976354599,0.232426717877388,0.9997813105583191,0.4615498185157776,0.12640319764614105,0.23235931992530823,0.9997135400772095,0.4363488554954529,0.12901876866817474,0.12612304091453552,0.9997315406799316,0.4649006724357605,0.12883687019348145,0.10097451508045197,0.9997156262397766,0.44859257340431213,0.1516549289226532,0.22807927429676056,0.9997917413711548,0.45658016204833984,0.15272347629070282,0.2207779437303543,0.9997959136962891,0.3985486626625061,0.20973703265190125,0.08488538861274719,0.9998934864997864,0.49335893988609314,0.2038792222738266,-0.0037114426959306,0.999934196472168,0.379574716091156,0.3367774784564972,0.059162043035030365,0.9768179655075073,0.520846426486969,0.33317261934280396,-0.03184700012207031,0.9961994886398315,0.37402209639549255,0.4571531116962433,0.051324229687452316,0.889358639717102,0.5361374616622925,0.45658057928085327,-0.009212182834744453,0.9610822796821594,0.37280887365341187,0.48791471123695374,0.05243460088968277,0.8054322004318237,0.5394089818000793,0.4874763488769531,-0.014011777937412262,0.9217460751533508,0.37781959772109985,0.4866000711917877,0.04792020842432976,0.7911206483840942,0.5334643125534058,0.48790714144706726,-0.00411138404160738,0.9158751964569092,0.38002076745033264,0.47737863659858704,0.04985988512635231,0.7203637361526489,0.5294091105461121,0.4789085388183594,-0.0038499340880662203,0.867364764213562,0.4275209903717041,0.46721214056015015,0.044487059116363525,0.999650239944458,0.47868889570236206,0.4626463055610657,-0.04501514136791229,0.9996406435966492,0.4365297853946686,0.6511911749839783,0.05745852738618851,0.9926583170890808,0.500952422618866,0.6361487507820129,-0.02427411451935768,0.9966034889221191,0.43627500534057617,0.8397505283355713,-0.04444202780723572,0.9874486923217773,0.4987790584564209,0.8106032609939575,-0.11649872362613678,0.9946635961532593,0.43706759810447693,0.8653215765953064,-0.05747659131884575,0.9905185699462891,0.48904353380203247,0.8327188491821289,-0.125191330909729,0.9935110211372375,0.4452061057090759,0.873203456401825,-0.12035422027111053,0.8583735823631287,0.509640097618103,0.876918375492096,-0.18133118748664856,0.9175771474838257
87,walk,0.4543187618255615,0.14354975521564484,0.24728114902973175,0.9998407959938049,0.44986170530319214,0.12951408326625824,0.22368434071540833,0.9997445344924927,0.44658517837524414,0.1287977695465088,0.2236802875995636,0.9997785687446594,0.4431905150413513,0.12806376814842224,0.22370412945747375,0.9997366666793823,0.4574001729488373,0.12951524555683136,0.21634836494922638,0.9997457265853882,0.459352970123291,0.12901292741298676,0.21636179089546204,0.9997691512107849,0.46129274368286133,0.12846946716308594,0.21630346775054932,0.999699056148529,0.4363042712211609,0.130391925573349,0.1238003745675087,0.9997223615646362,0.46348461508750916,0.1305563598871231,0.0893184244632721,0.9997016191482544,0.448927104473114,0.15376131236553192,0.21583369374275208,0.9997819662094116,0.4565091133117676,0.15483158826828003,0.2059771567583084,0.9997808933258057,0.396759033203125,0.21088670194149017,0.08211012184619904,0.9998987913131714,0.4911006987094879,0.20452696084976196,-0.012357765808701515,0.9999356865882874,0.3784952759742737,0.33751994371414185,0.06185381859540939,0.977759599685669,0.5196985602378845,0.3345226049423218,-0.03606580197811127,0.9962959885597229,0.37293726205825806,0.4570574462413788,0.05953992158174515,0.8920019865036011,0.5352309942245483,0.456472784280777,-0.011176875792443752,0.9616118669509888,0.371847540140152,0.4876974821090698,0.062152665108442307,0.8072474598884583,0.5387471914291382,0.48725131154060364,-0.015141302719712257,0.9228882193565369,0.3768939673900604,0.48641476035118103,0.05816084146499634,0.7932551503181458,0.532599687576294,0.48778653144836426,-0.006177703384310007,0.9172458648681641,0.37928506731987,0.477309912443161,0.05844898894429207,0.7225862145423889,0.5284048914909363,0.47871628403663635,-0.006076324265450239,0.8692359328269958,0.42651209235191345,0.4665897488594055,0.04683530703186989,0.9996752142906189,0.4775800108909607,0.46141955256462097,-0.047341711819171906,0.9996587634086609,0.4360734820365906,0.6507672071456909,0.06369510293006897,0.9918858408927917,0.499951034784317,0.6372424364089966,-0.023131810128688812,0.9964680671691895,0.4362742304801941,0.83965665102005,-0.03170117735862732,0.9874293804168701,0.496995747089386,0.8051382303237915,-0.10310264676809311,0.9947375655174255,0.43662190437316895,0.864216685295105,-0.04384292662143707,0.990594208240509,0.4878672659397125,0.8275889158248901,-0.11040961742401123,0.9935088157653809,0.4451269507408142,0.873528778553009,-0.10917931795120239,0.8661863207817078,0.5097985863685608,0.8702302575111389,-0.1675717681646347,0.9233399629592896
88,walk,0.4534662365913391,0.1442783921957016,0.24243509769439697,0.9998367428779602,0.4491709768772125,0.13029859960079193,0.216764897108078,0.9997348189353943,0.44590383768081665,0.1296059787273407,0.21676850318908691,0.9997724890708923,0.4425400197505951,0.12890119850635529,0.21679949760437012,0.999729335308075,0.4564754366874695,0.13032759726047516,0.21052353084087372,0.9997330904006958,0.4584117531776428,0.1298656314611435,0.21053273975849152,0.9997583627700806,0.46040377020835876,0.12936554849147797,0.2104683369398117,0.9996837377548218,0.43554630875587463,0.13147354125976562,0.11121287196874619,0.9997134804725647,0.4625435769557953,0.13161906599998474,0.08175430446863174,0.9996882677078247,0.4481211304664612,0.15440553426742554,0.20917066931724548,0.9997740983963013,0.4555899500846863,0.155708447098732,0.200689435005188,0.9997687339782715,0.3959723114967346,0.21277466416358948,0.07962140440940857,0.9999040365219116,0.49123668670654297,0.20650799572467804,-0.01738647185266018,0.9999364018440247,0.37756720185279846,0.3374173641204834,0.05997113510966301,0.9787561893463135,0.5193077921867371,0.33645427227020264,-0.03907936438918114,0.9963709115982056,0.3716870844364166,0.4568637013435364,0.053134411573410034,0.8960894346237183,0.5342294573783875,0.4564720690250397,-0.012620342895388603,0.9618557691574097,0.37077900767326355,0.48740097880363464,0.05178958177566528,0.8122206330299377,0.5377020239830017,0.4872596859931946,-0.01644895412027836,0.9236248731613159,0.3757309913635254,0.4862830638885498,0.0475485697388649,0.7986626625061035,0.5315828919410706,0.4877660870552063,-0.00800357200205326,0.918191134929657,0.3780762255191803,0.4772648215293884,0.0513010136783123,0.7282893061637878,0.5274795889854431,0.4786452054977417,-0.007758062332868576,0.8705899119377136,0.42629241943359375,0.46585601568222046,0.046780169010162354,0.9996985793113708,0.4774351716041565,0.4604704976081848,-0.047291286289691925,0.9996767640113831,0.4355897009372711,0.6460613012313843,0.06527487933635712,0.9915216565132141,0.4999052882194519,0.6378442645072937,-0.02245410718023777,0.996515154838562,0.4361862242221832,0.8347321152687073,-0.03189403563737869,0.987747073173523,0.49475470185279846,0.8003925681114197,-0.10065986961126328,0.9949665665626526,0.4357369840145111,0.8587499260902405,-0.044029027223587036,0.990896463394165,0.4855242371559143,0.8222609758377075,-0.10771183669567108,0.993741512298584,0.4439001679420471,0.8730432987213135,-0.10923956334590912,0.8740243911743164,0.5100329518318176,0.86564040184021,-0.16370700299739838,0.9290459752082825
89,walk,0.45149725675582886,0.14456212520599365,0.2704448401927948,0.9998274445533752,0.44739681482315063,0.13089519739151,0.24376432597637177,0.9997150301933289,0.4443102777004242,0.13027603924274445,0.24376805126667023,0.9997588992118835,0.44111552834510803,0.12968002259731293,0.2437998503446579,0.9997133016586304,0.45457571744918823,0.13083793222904205,0.23918113112449646,0.9997085928916931,0.4565342366695404,0.1303950399160385,0.2391950786113739,0.9997376799583435,0.4586111605167389,0.12991882860660553,0.23911960422992706,0.9996559023857117,0.4344048500061035,0.13266795873641968,0.12861968576908112,0.9996961951255798,0.4612489640712738,0.13224069774150848,0.10775667428970337,0.9996595978736877,0.4464453160762787,0.15473034977912903,0.2334907501935959,0.9997542500495911,0.45381468534469604,0.1561039388179779,0.22720274329185486,0.9997410774230957,0.3952069878578186,0.21422304213047028,0.08548936247825623,0.9999075531959534,0.49084901809692383,0.20768246054649353,0.002101836260408163,0.9999359846115112,0.3769538402557373,0.3373330533504486,0.058250896632671356,0.9794043302536011,0.5184763669967651,0.3373429775238037,-0.026672784239053726,0.9963894486427307,0.37098732590675354,0.45642417669296265,0.04924886301159859,0.8991697430610657,0.5333410501480103,0.4566195607185364,-0.005764666013419628,0.9619729518890381,0.3702206015586853,0.4865965247154236,0.04831984266638756,0.815708339214325,0.5364950299263,0.4874042868614197,-0.010550974868237972,0.9238996505737305,0.37478867173194885,0.4858281910419464,0.044761478900909424,0.8025112748146057,0.5302862524986267,0.4879135191440582,-0.001970105106011033,0.9185436367988586,0.37697634100914,0.47710728645324707,0.04787840694189072,0.7323790788650513,0.5263829827308655,0.47873106598854065,-0.0011297258315607905,0.8711002469062805,0.42504262924194336,0.46397560834884644,0.04569349065423012,0.9997177720069885,0.4771774709224701,0.4580029249191284,-0.04618799686431885,0.9996902346611023,0.4353267550468445,0.6409379243850708,0.06388027966022491,0.9912071228027344,0.4994547963142395,0.6354215145111084,-0.02512761391699314,0.9965571165084839,0.43617573380470276,0.8326365351676941,-0.044067222625017166,0.9879089593887329,0.49401694536209106,0.8021318316459656,-0.11125741899013519,0.9951484203338623,0.4356142580509186,0.8577053546905518,-0.05747196823358536,0.9910604953765869,0.485065221786499,0.8258805274963379,-0.11946592479944229,0.9939131140708923,0.4431458115577698,0.8727065920829773,-0.126129150390625,0.8800219297409058,0.5090733170509338,0.863214373588562,-0.17865362763404846,0.9339591264724731
90,walk,0.4512316584587097,0.14596597850322723,0.28194117546081543,0.999813437461853,0.44725269079208374,0.13258229196071625,0.25654780864715576,0.9996904730796814,0.44419899582862854,0.13203756511211395,0.25654536485671997,0.9997410178184509,0.4410606026649475,0.13150256872177124,0.25657376646995544,0.9996936321258545,0.4541517198085785,0.13249166309833527,0.2514604330062866,0.9996761083602905,0.45613399147987366,0.13205558061599731,0.25148048996925354,0.9997097849845886,0.45823532342910767,0.13157311081886292,0.2514044940471649,0.9996198415756226,0.43434983491897583,0.1344057023525238,0.1445634663105011,0.9996772408485413,0.4609255790710449,0.13361318409442902,0.12187938392162323,0.9996252059936523,0.44639497995376587,0.1559300571680069,0.24599215388298035,0.9997289776802063,0.4535442888736725,0.1572195440530777,0.23908869922161102,0.9997025728225708,0.3947017192840576,0.21549281477928162,0.1030285581946373,0.9999111890792847,0.49045222997665405,0.20838265120983124,0.01038522832095623,0.9999370574951172,0.3764656186103821,0.3373562693595886,0.07282869517803192,0.9797624945640564,0.5176054239273071,0.33760344982147217,-0.02155395783483982,0.9963669776916504,0.3706422448158264,0.45610859990119934,0.05609310418367386,0.9011258482933044,0.5326250195503235,0.45687538385391235,-0.002604218665510416,0.9621241092681885,0.369550883769989,0.48617300391197205,0.054198551923036575,0.8173153400421143,0.5356346368789673,0.487628310918808,-0.00906739104539156,0.924216091632843,0.37413594126701355,0.48563653230667114,0.05083518475294113,0.804340660572052,0.529460072517395,0.48825162649154663,-0.00034580769715830684,0.9188395142555237,0.37642911076545715,0.47704654932022095,0.05457464978098869,0.7346057295799255,0.525610089302063,0.47900599241256714,0.001974215265363455,0.8713595271110535,0.4244104027748108,0.4632832407951355,0.049792394042015076,0.9997348785400391,0.476379930973053,0.45613235235214233,-0.05025281384587288,0.9997009038925171,0.43519291281700134,0.6392771601676941,0.058531422168016434,0.9907625913619995,0.4995008409023285,0.6329558491706848,-0.039224542677402496,0.9966229200363159,0.43647822737693787,0.832926332950592,-0.038921989500522614,0.9876884818077087,0.4942251741886139,0.8054458498954773,-0.11726560443639755,0.9952329397201538,0.43561452627182007,0.8580214381217957,-0.05114953964948654,0.9909588694572449,0.4851749837398529,0.8308302760124207,-0.12456850707530975,0.9939154982566833,0.4447898864746094,0.8723018169403076,-0.11833636462688446,0.883612871170044,0.5090881586074829,0.8594912886619568,-0.18253688514232635,0.9378000497817993
91,walk,0.4509175419807434,0.14758114516735077,0.27089637517929077,0.9998015761375427,0.44716396927833557,0.13432340323925018,0.2460651844739914,0.9996732473373413,0.44418996572494507,0.13381540775299072,0.24603720009326935,0.999727725982666,0.4411284923553467,0.13332326710224152,0.24605774879455566,0.9996781349182129,0.45383626222610474,0.13437741994857788,0.24198642373085022,0.9996528625488281,0.4558466374874115,0.13402050733566284,0.24202017486095428,0.999690055847168,0.4579803943634033,0.13360032439231873,0.24196474254131317,0.9995944499969482,0.434512197971344,0.13624116778373718,0.13620342314243317,0.9996646046638489,0.4607432782649994,0.13553345203399658,0.11988171190023422,0.9996015429496765,0.44631463289260864,0.15725286304950714,0.23548316955566406,0.9997121095657349,0.4532564580440521,0.15855567157268524,0.22976131737232208,0.9996786117553711,0.3946032226085663,0.21659786999225616,0.0990167111158371,0.9999143481254578,0.48997384309768677,0.2092197984457016,0.007938560098409653,0.9999378323554993,0.37595444917678833,0.3373431861400604,0.07181014865636826,0.9800004363059998,0.5169699192047119,0.3394103944301605,-0.023940930142998695,0.9963566660881042,0.37053024768829346,0.45609050989151,0.049890875816345215,0.9015772342681885,0.532223105430603,0.4576573967933655,-0.006447900086641312,0.9627468585968018,0.3694448173046112,0.4863145649433136,0.04635687917470932,0.8167667388916016,0.5346474051475525,0.4884869456291199,-0.01446861308068037,0.9254710078239441,0.37428194284439087,0.4859243631362915,0.04341989383101463,0.803852915763855,0.5288975238800049,0.4888923168182373,-0.005980075802654028,0.9201681613922119,0.37664416432380676,0.477289080619812,0.04820201173424721,0.7338811755180359,0.5252602100372314,0.4795682728290558,-0.0023788553662598133,0.8730376958847046,0.42423805594444275,0.4632849395275116,0.048490818589925766,0.9997492432594299,0.4757538437843323,0.4559480845928192,-0.04895660653710365,0.9997082352638245,0.4353458881378174,0.6396595239639282,0.04513799026608467,0.9905757308006287,0.49947571754455566,0.6320829391479492,-0.03545916825532913,0.9966065287590027,0.4368308484554291,0.8329620361328125,-0.029291480779647827,0.9875677824020386,0.49436110258102417,0.8077566623687744,-0.11175833642482758,0.9952402710914612,0.43576574325561523,0.8591662645339966,-0.038951851427555084,0.9908828735351562,0.4853949546813965,0.8333872556686401,-0.12277891486883163,0.9938271641731262,0.4449642300605774,0.8722466230392456,-0.10435404628515244,0.8861950635910034,0.5095843076705933,0.8555535078048706,-0.16712895035743713,0.9404767751693726
92,walk,0.45013928413391113,0.14919112622737885,0.2686094343662262,0.9997938871383667,0.4464230537414551,0.13622494041919708,0.2440972626209259,0.9996658563613892,0.4434739053249359,0.13575705885887146,0.24405817687511444,0.9997222423553467,0.4404512047767639,0.13533136248588562,0.24406270682811737,0.9996709823608398,0.4531469941139221,0.13637085258960724,0.24078066647052765,0.9996393322944641,0.4552401006221771,0.1360754370689392,0.2408279925584793,0.9996793270111084,0.45746856927871704,0.13571836054325104,0.2407873123884201,0.9995793700218201,0.43401241302490234,0.13838471472263336,0.13594993948936462,0.9996606111526489,0.4605470299720764,0.13763558864593506,0.11501432955265045,0.9995901584625244,0.44570550322532654,0.15887892246246338,0.23318664729595184,0.999707043170929,0.4527396261692047,0.16006384789943695,0.22811174392700195,0.9996697902679443,0.3947668969631195,0.2187620848417282,0.09417958557605743,0.9999175667762756,0.4896167814731598,0.21061816811561584,0.004749207757413387,0.9999378323554993,0.37633106112480164,0.33732888102531433,0.0668562799692154,0.9800947904586792,0.5163751840591431,0.34057724475860596,-0.025880474597215652,0.9963522553443909,0.3708614110946655,0.4559479057788849,0.03960995003581047,0.9034151434898376,0.5316478610038757,0.4580628573894501,-0.012910259887576103,0.9638577699661255,0.3698022663593292,0.486333429813385,0.03320135921239853,0.819135308265686,0.5341082811355591,0.48913824558258057,-0.022761858999729156,0.9275206923484802,0.3747599422931671,0.4860033392906189,0.029632220044732094,0.8063646554946899,0.5286257863044739,0.4894515872001648,-0.017709601670503616,0.9223544597625732,0.3771957755088806,0.47734078764915466,0.03741785138845444,0.7366955876350403,0.5251089334487915,0.480024129152298,-0.010286567732691765,0.8761691451072693,0.42397579550743103,0.46304529905319214,0.04234663397073746,0.9997605085372925,0.47526025772094727,0.4552757143974304,-0.042724139988422394,0.9997093677520752,0.43551865220069885,0.6399487853050232,0.01777920499444008,0.9905797243118286,0.4984464645385742,0.6311593651771545,-0.033300142735242844,0.9964648485183716,0.43742769956588745,0.8346133828163147,-0.02673977240920067,0.9872645139694214,0.4979495406150818,0.8082829713821411,-0.05852850526571274,0.9949517846107483,0.4359939694404602,0.8608278036117554,-0.034184765070676804,0.9907073974609375,0.49008336663246155,0.834096372127533,-0.06099902465939522,0.9935148358345032,0.44496145844459534,0.8721821904182434,-0.10105521976947784,0.8846255540847778,0.509751558303833,0.8472274541854858,-0.12016665935516357,0.9399764537811279
93,walk,0.4503725469112396,0.15146805346012115,0.235876202583313,0.9997897148132324,0.4466811716556549,0.1386166363954544,0.20851078629493713,0.9996638894081116,0.4437404274940491,0.13813787698745728,0.20851309597492218,0.9997196197509766,0.44069036841392517,0.13768751919269562,0.20852705836296082,0.999668538570404,0.4534929394721985,0.13877443969249725,0.20435073971748352,0.9996349811553955,0.4556475579738617,0.1384541541337967,0.20439088344573975,0.9996757507324219,0.4579070210456848,0.1380363553762436,0.2043193131685257,0.9995748996734619,0.4342772960662842,0.1405644714832306,0.10185817629098892,0.9996593594551086,0.46087974309921265,0.1396363526582718,0.08191614598035812,0.9995874166488647,0.4459191858768463,0.16093896329402924,0.20258577167987823,0.9997097849845886,0.4530840516090393,0.1617864966392517,0.19655370712280273,0.9996735453605652,0.39519965648651123,0.22066129744052887,0.06147449463605881,0.9999195337295532,0.4894881844520569,0.21143724024295807,-0.01174238882958889,0.999937891960144,0.37670692801475525,0.33884498476982117,0.0418778695166111,0.9798305034637451,0.516400158405304,0.34072402119636536,-0.03671463206410408,0.9963505864143372,0.3711799681186676,0.4569952189922333,0.025299344211816788,0.9028028249740601,0.5308667421340942,0.4584695100784302,-0.025484025478363037,0.9646719694137573,0.3700404167175293,0.48783761262893677,0.018503254279494286,0.8178690671920776,0.533213198184967,0.48949822783470154,-0.035231877118349075,0.9289670586585999,0.3748759627342224,0.4875970482826233,0.013714204542338848,0.8049560785293579,0.5280986428260803,0.4897530972957611,-0.03407711535692215,0.9239559769630432,0.37737593054771423,0.4787372946739197,0.02272075042128563,0.7350361943244934,0.5248066186904907,0.48033586144447327,-0.0241292305290699,0.8785628080368042,0.42324766516685486,0.4629780948162079,0.03517060726881027,0.999764621257782,0.4749012887477875,0.4551931917667389,-0.03547551482915878,0.999699592590332,0.43564972281455994,0.640011727809906,-0.007140790112316608,0.9905073642730713,0.49776262044906616,0.6312406063079834,-0.031937334686517715,0.9962335228919983,0.43832510709762573,0.8371393084526062,-0.01496359147131443,0.9865253567695618,0.5007688403129578,0.8093554377555847,-0.008676638826727867,0.9942415356636047,0.43693503737449646,0.8640902042388916,-0.015028886497020721,0.9900994300842285,0.49503666162490845,0.8349215388298035,-0.006827934645116329,0.9927883148193359,0.44492673873901367,0.8696558475494385,-0.079135462641716,0.8791431188583374,0.5110163688659668,0.8370128273963928,-0.06439907103776932,0.9355374574661255
94,walk,0.4506218433380127,0.1527961939573288,0.2224656641483307,0.9997869729995728,0.44691649079322815,0.14013263583183289,0.19400785863399506,0.9996620416641235,0.4439639151096344,0.13963466882705688,0.1940205991268158,0.9997164607048035,0.44087496399879456,0.1391238570213318,0.194040447473526,0.9996657371520996,0.45386403799057007,0.14027035236358643,0.19070854783058167,0.9996320009231567,0.4560461938381195,0.13991132378578186,0.19074752926826477,0.9996729493141174,0.4583103060722351,0.13944673538208008,0.19066956639289856,0.9995712041854858,0.4344775080680847,0.14182499051094055,0.08659837394952774,0.9996585845947266,0.4613136351108551,0.1410282701253891,0.07110042870044708,0.9995837807655334,0.4461381435394287,0.16211295127868652,0.18935303390026093,0.9997143745422363,0.4534505009651184,0.1628275215625763,0.18447203934192657,0.9996795058250427,0.3955002725124359,0.22101426124572754,0.04214731603860855,0.9999215006828308,0.48965802788734436,0.21186760067939758,-0.01388193666934967,0.9999380111694336,0.3770040273666382,0.34076568484306335,0.0207905825227499,0.9795111417770386,0.5166760683059692,0.3405779302120209,-0.03861149400472641,0.9962656497955322,0.3713977336883545,0.4592660367488861,0.01066180132329464,0.9025801420211792,0.5306766033172607,0.4584619700908661,-0.027600523084402084,0.9652364253997803,0.3704199194908142,0.4900946021080017,0.0027792821638286114,0.8173516392707825,0.5329548120498657,0.4896271228790283,-0.03612736240029335,0.9299160242080688,0.37549281120300293,0.4896222949028015,-0.0003802983555942774,0.8044188022613525,0.5282883644104004,0.4897724688053131,-0.03638898581266403,0.9250496625900269,0.3779810070991516,0.4806827902793884,0.008810138329863548,0.734394907951355,0.5250065326690674,0.4803546071052551,-0.02681799791753292,0.8804323673248291,0.4233473241329193,0.4629993140697479,0.02526860311627388,0.9997660517692566,0.4752778112888336,0.4552510976791382,-0.02558262087404728,0.999687671661377,0.4357331395149231,0.6402592062950134,-0.007291695568710566,0.9905027151107788,0.4970792829990387,0.6317585706710815,-0.00414933729916811,0.9957286715507507,0.4385269582271576,0.83802729845047,0.0026054419577121735,0.9861105680465698,0.504286527633667,0.8098783493041992,0.02925271727144718,0.9933949112892151,0.43722444772720337,0.8651225566864014,0.003494513686746359,0.989626944065094,0.5013502836227417,0.8354506492614746,0.03186945244669914,0.9920275211334229,0.4431094527244568,0.8678445816040039,-0.05816131830215454,0.8756368160247803,0.5118909478187561,0.8313910365104675,-0.02363758161664009,0.9301962852478027
95,walk,0.4508191645145416,0.15479958057403564,0.21843013167381287,0.99979168176651,0.4471200108528137,0.14290663599967957,0.18881988525390625,0.9996691942214966,0.44416341185569763,0.14255325496196747,0.18884417414665222,0.9997217059135437,0.44105905294418335,0.1421467810869217,0.18886549770832062,0.9996709823608398,0.4541305601596832,0.1427421271800995,0.18751929700374603,0.9996407628059387,0.4563119411468506,0.14232857525348663,0.1875568926334381,0.999681830406189,0.4585506021976471,0.1418093740940094,0.18748775124549866,0.9995816349983215,0.4346062242984772,0.14488819241523743,0.07828114926815033,0.9996684193611145,0.4615461826324463,0.1436159908771515,0.07146425545215607,0.999595046043396,0.4463426470756531,0.16393665969371796,0.18422572314739227,0.9997250437736511,0.4536789059638977,0.16442802548408508,0.18190214037895203,0.9996930360794067,0.39557427167892456,0.2221211940050125,0.02589225396513939,0.9999229311943054,0.4900493621826172,0.21277573704719543,-0.009240168146789074,0.9999388456344604,0.3774992525577545,0.3425804674625397,0.00369740417227149,0.978908360004425,0.5169861912727356,0.3404642939567566,-0.03490953519940376,0.9961315989494324,0.3716934025287628,0.4616345167160034,-0.0011449357261881232,0.900122880935669,0.5308223366737366,0.4583492577075958,-0.027924582362174988,0.9659173488616943,0.3711683452129364,0.4914880096912384,-0.010809337720274925,0.8144153356552124,0.5330324172973633,0.4898987114429474,-0.0360594168305397,0.9312757849693298,0.37653353810310364,0.4905664324760437,-0.01216422114521265,0.8013280630111694,0.5286011695861816,0.4898297190666199,-0.03758576512336731,0.9265096187591553,0.37889590859413147,0.4818153381347656,-0.002166545018553734,0.7312030792236328,0.5252808332443237,0.4803714454174042,-0.027733806520700455,0.8828995227813721,0.4234592914581299,0.4634397327899933,0.009790832176804543,0.999769926071167,0.4753190875053406,0.4553973376750946,-0.010084711015224457,0.9996806979179382,0.43594759702682495,0.6413850784301758,-0.00799679197371006,0.9908592700958252,0.4960247576236725,0.633280336856842,0.032691143453121185,0.9952626824378967,0.43874120712280273,0.8388119339942932,0.012209134176373482,0.9864121675491333,0.5064994096755981,0.8100199103355408,0.07186384499073029,0.9927241802215576,0.43879371881484985,0.8663060665130615,0.013416633009910583,0.9896370768547058,0.5048874616622925,0.8363065123558044,0.07512197643518448,0.9914576411247253,0.439747154712677,0.8663502931594849,-0.04403546825051308,0.8755841255187988,0.5118719339370728,0.82655268907547,0.025154124945402145,0.9241849780082703
96,walk,0.45219364762306213,0.1579963117837906,0.22716617584228516,0.9997954964637756,0.44827812910079956,0.14643517136573792,0.19838166236877441,0.9996768236160278,0.4456356167793274,0.14609350264072418,0.19838392734527588,0.9997270703315735,0.4428844451904297,0.1456909328699112,0.19840361177921295,0.9996775388717651,0.4554411768913269,0.1461634784936905,0.19468967616558075,0.9996497631072998,0.45768848061561584,0.14567402005195618,0.19471967220306396,0.9996896386146545,0.46011894941329956,0.14503206312656403,0.19464439153671265,0.9995924830436707,0.4365764558315277,0.1480739414691925,0.0799432173371315,0.9996780753135681,0.4621160924434662,0.14669252932071686,0.08258039504289627,0.9996070265769958,0.44798073172569275,0.16658508777618408,0.19041886925697327,0.9997342824935913,0.45546573400497437,0.16713100671768188,0.18344652652740479,0.9997053146362305,0.39616817235946655,0.2231917530298233,0.0397605374455452,0.9999245405197144,0.4902549386024475,0.21461902558803558,0.004939424805343151,0.9999404549598694,0.3786984384059906,0.34379565715789795,0.01771453395485878,0.9780544638633728,0.5172234773635864,0.34082624316215515,-0.019887376576662064,0.9960804581642151,0.37292975187301636,0.4622518718242645,0.010126262903213501,0.895756185054779,0.5310349464416504,0.45830193161964417,-0.011214585974812508,0.9664764404296875,0.3724226951599121,0.49186617136001587,0.002962877042591572,0.8086047768592834,0.5330735445022583,0.49037331342697144,-0.018482450395822525,0.9323053956031799,0.37779614329338074,0.49080735445022583,0.0008300415938720107,0.7952520251274109,0.5287821292877197,0.4899972379207611,-0.021218961104750633,0.92762690782547,0.3802040219306946,0.48210081458091736,0.008781597949564457,0.724632978439331,0.5254693627357483,0.48044583201408386,-0.01132352463901043,0.8848367929458618,0.42350107431411743,0.4635286033153534,0.014693178236484528,0.999772310256958,0.47538694739341736,0.45554158091545105,-0.014990879222750664,0.9996758103370667,0.4362110197544098,0.6425663828849792,3.5917961213272065e-05,0.9910271763801575,0.49485141038894653,0.637586236000061,0.023693593218922615,0.9949400424957275,0.4388054311275482,0.8400391340255737,0.02350402995944023,0.9865052103996277,0.5071788430213928,0.811712384223938,0.05820562690496445,0.9922096729278564,0.43918514251708984,0.8678316473960876,0.024485254660248756,0.9894927740097046,0.5053872466087341,0.843418300151825,0.06129228323698044,0.9909712076187134,0.4390485882759094,0.8658248782157898,-0.03261458873748779,0.8752135634422302,0.5118517279624939,0.8271275162696838,0.00956437923014164,0.920337975025177
97,walk,0.45457321405410767,0.16242699325084686,0.23639094829559326,0.9997991919517517,0.4505256712436676,0.15057183802127838,0.20731107890605927,0.999683141708374,0.4480046331882477,0.15021415054798126,0.2073487788438797,0.9997320771217346,0.4455428123474121,0.14983293414115906,0.20737579464912415,0.9996825456619263,0.457414448261261,0.15042273700237274,0.20579096674919128,0.999657392501831,0.459695041179657,0.14994601905345917,0.20581881701946259,0.9996966123580933,0.46218982338905334,0.14930413663387299,0.20574817061424255,0.999601423740387,0.4394659996032715,0.15211635828018188,0.09698116034269333,0.9996875524520874,0.4630822539329529,0.15100990235805511,0.09528382122516632,0.999618649482727,0.4506252408027649,0.17057445645332336,0.20289182662963867,0.9997422099113464,0.4578477442264557,0.17130333185195923,0.19953632354736328,0.9997158050537109,0.39771291613578796,0.2250363677740097,0.042531393468379974,0.9999265074729919,0.4903315603733063,0.21629373729228973,0.015293529257178307,0.999942421913147,0.38123172521591187,0.34372764825820923,0.022935887798666954,0.977042555809021,0.5173460245132446,0.3413981795310974,-0.009862039238214493,0.9960826635360718,0.374872088432312,0.4627968668937683,0.014617711305618286,0.8893779516220093,0.5312260389328003,0.45837825536727905,-0.0007750586373731494,0.967195451259613,0.374408096075058,0.49246087670326233,0.007748460862785578,0.8004055023193359,0.5333107113838196,0.4910106360912323,-0.007573547773063183,0.9336860179901123,0.3801611065864563,0.4912208914756775,0.005775866098701954,0.7866631150245667,0.5289331674575806,0.49055081605911255,-0.008934455923736095,0.929106593132019,0.38262268900871277,0.48242539167404175,0.013128893449902534,0.7157929539680481,0.5257507562637329,0.4808620810508728,-0.00035808567190542817,0.8872737288475037,0.42411598563194275,0.46422308683395386,0.014207199215888977,0.9997796416282654,0.47587546706199646,0.4562147855758667,-0.014495611190795898,0.9996785521507263,0.4362592101097107,0.6437221169471741,0.001425132853910327,0.991316020488739,0.49419111013412476,0.6406264901161194,0.026710208505392075,0.9947183728218079,0.43884214758872986,0.840606153011322,0.025996416807174683,0.9867756366729736,0.5072466731071472,0.8128471374511719,0.06401289254426956,0.9918115735054016,0.4395926892757416,0.868466854095459,0.027091095224022865,0.9895447492599487,0.5052317380905151,0.8462327718734741,0.06769286096096039,0.9906231164932251,0.43855801224708557,0.8654881119728088,-0.028023455291986465,0.8753083944320679,0.5117468237876892,0.8269026279449463,0.01808803901076317,0.9166924357414246
98,walk,0.45634379982948303,0.1640235185623169,0.23901164531707764,0.9998027086257935,0.4522467255592346,0.1522706300020218,0.20857194066047668,0.9996885657310486,0.44974952936172485,0.15197095274925232,0.20862627029418945,0.9997370839118958,0.4473787248134613,0.15166093409061432,0.20864903926849365,0.9996864199638367,0.4590597152709961,0.1520618200302124,0.20918969810009003,0.9996641874313354,0.46143096685409546,0.15161387622356415,0.20921993255615234,0.9997038245201111,0.46399635076522827,0.15100309252738953,0.20915725827217102,0.9996091723442078,0.44156622886657715,0.1541806161403656,0.09818466752767563,0.9996963739395142,0.46441659331321716,0.15290974080562592,0.09751453250646591,0.9996292591094971,0.4525274634361267,0.17232804000377655,0.20500609278678894,0.9997491836547852,0.459700345993042,0.17298375070095062,0.2039019614458084,0.9997250437736511,0.39984962344169617,0.22794939577579498,0.045795489102602005,0.9999266266822815,0.4904576241970062,0.21851283311843872,0.017983729019761086,0.9999430179595947,0.38361111283302307,0.344984233379364,0.02194056287407875,0.9761878848075867,0.5181959867477417,0.3419041037559509,-0.007980607450008392,0.9960303902626038,0.37686270475387573,0.4651486277580261,0.014151928946375847,0.8823357820510864,0.5313400030136108,0.4586274027824402,-0.0025141641963273287,0.9675779342651367,0.3763098418712616,0.4949345886707306,0.005774264689534903,0.7920137643814087,0.5333421230316162,0.49187999963760376,-0.009448742493987083,0.9347095489501953,0.3824763596057892,0.493257999420166,0.004707825370132923,0.7778058648109436,0.5294988751411438,0.4909633994102478,-0.010139446705579758,0.9301629662513733,0.3850996196269989,0.48404091596603394,0.013072172179818153,0.7070286273956299,0.5264889001846313,0.4811680316925049,-0.001949218101799488,0.8890042901039124,0.42525607347488403,0.4665728807449341,0.009933937340974808,0.9997881650924683,0.4770640730857849,0.45778465270996094,-0.010203050449490547,0.9996836185455322,0.43640679121017456,0.6445016860961914,0.0025038733147084713,0.991778552532196,0.4938907027244568,0.6424411535263062,0.037190407514572144,0.9946732521057129,0.43889284133911133,0.8409980535507202,0.02828441932797432,0.9873052835464478,0.5075063705444336,0.8133312463760376,0.0776001513004303,0.9916850924491882,0.44002237915992737,0.8691454529762268,0.02986110746860504,0.9898826479911804,0.5056945085525513,0.8483023643493652,0.08170778304338455,0.9905936121940613,0.4383574426174164,0.8633860349655151,-0.021518660709261894,0.8758360147476196,0.511590838432312,0.8264210820198059,0.03547431156039238,0.9129799008369446
99,walk,0.4593628942966461,0.1666249781847,0.23972873389720917,0.999800980091095,0.4551950991153717,0.1546328067779541,0.20998916029930115,0.9996850490570068,0.4527286887168884,0.15415973961353302,0.21003270149230957,0.9997343420982361,0.4502863883972168,0.15368114411830902,0.2100556641817093,0.9996808767318726,0.46217483282089233,0.1547422856092453,0.20958206057548523,0.9996614456176758,0.46460795402526855,0.15431392192840576,0.20961180329322815,0.999702513217926,0.4670877456665039,0.15371885895729065,0.20954684913158417,0.9996062517166138,0.44474005699157715,0.15610912442207336,0.09941215068101883,0.9996947050094604,0.46692556142807007,0.15576940774917603,0.09661269187927246,0.9996311664581299,0.4553968906402588,0.17470243573188782,0.20571064949035645,0.9997503757476807,0.4625449776649475,0.17535440623760223,0.2039494812488556,0.9997285604476929,0.4021894335746765,0.22898387908935547,0.046871256083250046,0.9999247193336487,0.4927438199520111,0.22319196164608002,0.013864251784980297,0.9999428987503052,0.3864831328392029,0.34494447708129883,0.023686518892645836,0.9751195907592773,0.5203161835670471,0.3448775112628937,-0.010509023442864418,0.9959791898727417,0.37907281517982483,0.4657529592514038,0.015896804630756378,0.8736417293548584,0.5326072573661804,0.4612466096878052,-0.0020280717872083187,0.9679280519485474,0.37884584069252014,0.4962288439273834,0.008061917498707771,0.7820912003517151,0.5343993902206421,0.4942835867404938,-0.008709264919161797,0.9357113838195801,0.38503867387771606,0.49421730637550354,0.006650512106716633,0.7674844861030579,0.5308718085289001,0.4923669099807739,-0.009385756216943264,0.9311866760253906,0.38769108057022095,0.48469385504722595,0.01474172156304121,0.6968048810958862,0.5279868841171265,0.4825837314128876,-0.0014418310020118952,0.8906009793281555,0.42731818556785583,0.4687107801437378,0.010867559351027012,0.9997966885566711,0.47981101274490356,0.4604017436504364,-0.011130249127745628,0.9996898174285889,0.43667396903038025,0.6452574133872986,0.005552826914936304,0.9921239018440247,0.4937230944633484,0.6433401107788086,0.03908585384488106,0.9946597814559937,0.4389772415161133,0.8414316773414612,0.03876587003469467,0.9878481030464172,0.5074873566627502,0.8140170574188232,0.08395113795995712,0.991694450378418,0.4399595856666565,0.8697336912155151,0.040906332433223724,0.9902266263961792,0.5060681700706482,0.8491803407669067,0.0886644572019577,0.990656852722168,0.43851956725120544,0.8632683753967285,-0.00862194038927555,0.8777506351470947,0.5115811228752136,0.8253679871559143,0.044412191957235336,0.9114142656326294
100,walk,0.46118712425231934,0.1686525195837021,0.23636405169963837,0.9997921586036682,0.4569311738014221,0.15673914551734924,0.20604892075061798,0.9996702671051025,0.45443806052207947,0.1562323421239853,0.20607611536979675,0.9997220039367676,0.45185694098472595,0.15569521486759186,0.20609498023986816,0.9996633529663086,0.4641638696193695,0.15679027140140533,0.20595316588878632,0.9996447563171387,0.46664077043533325,0.1563553810119629,0.2059769183397293,0.9996896386146545,0.4691225588321686,0.15576660633087158,0.20590798556804657,0.9995878338813782,0.44618281722068787,0.15802837908267975,0.09266061335802078,0.9996836185455322,0.4692741334438324,0.15794120728969574,0.09324333071708679,0.9996200799942017,0.4574302136898041,0.17665143311023712,0.20159447193145752,0.9997435212135315,0.46475639939308167,0.17732280492782593,0.2007972002029419,0.9997214674949646,0.40548616647720337,0.2287643402814865,0.04314349219202995,0.9999234080314636,0.4963182806968689,0.22621740400791168,0.011560180224478245,0.9999419450759888,0.3890224099159241,0.3448735773563385,0.021706704050302505,0.9743977785110474,0.5225556492805481,0.34972065687179565,-0.01322364341467619,0.9958349466323853,0.38095399737358093,0.4670490324497223,0.0159982368350029,0.8703508377075195,0.5335499048233032,0.4671810269355774,-0.003862402867525816,0.9684728384017944,0.3808576762676239,0.4978215992450714,0.008066726848483086,0.7789195775985718,0.5351680517196655,0.5002712607383728,-0.010496818460524082,0.9370784163475037,0.387033075094223,0.4954112470149994,0.006866835057735443,0.7642524242401123,0.5318952202796936,0.4966851472854614,-0.010295073501765728,0.9325010180473328,0.38946533203125,0.4856761395931244,0.01491853129118681,0.6933185458183289,0.5290697813034058,0.48652517795562744,-0.002156364731490612,0.892637312412262,0.4292886257171631,0.4700431823730469,0.009726098738610744,0.9998037219047546,0.4816763401031494,0.4630238711833954,-0.009978887625038624,0.9996906518936157,0.4373794198036194,0.6464784145355225,0.006436382420361042,0.9922516345977783,0.4933196008205414,0.6443571448326111,0.040093693882226944,0.9944431185722351,0.43907874822616577,0.8418064713478088,0.04134584590792656,0.9881582260131836,0.5073570013046265,0.8152264356613159,0.08758357167243958,0.9914621114730835,0.43989887833595276,0.8698506951332092,0.043326281011104584,0.9903363585472107,0.5064185857772827,0.849210262298584,0.09228215366601944,0.9904587864875793,0.4386287331581116,0.8637548089027405,-0.008865492418408394,0.8792985081672668,0.5111223459243774,0.826168417930603,0.045472122728824615,0.9093117713928223
101,walk,0.46192097663879395,0.16945703327655792,0.20250661671161652,0.999790370464325,0.45784252882003784,0.1577463150024414,0.16928571462631226,0.9996622800827026,0.45534515380859375,0.15734687447547913,0.16930446028709412,0.9997156858444214,0.45274263620376587,0.15689770877361298,0.16931775212287903,0.9996514320373535,0.46525388956069946,0.15750530362129211,0.17169028520584106,0.999638020992279,0.4678771495819092,0.15705278515815735,0.17170724272727966,0.9996870160102844,0.4704762101173401,0.1564399152994156,0.17164143919944763,0.999582052230835,0.44756072759628296,0.15959395468235016,0.049514032900333405,0.999679684638977,0.4712637960910797,0.15902528166770935,0.059710390865802765,0.9996166825294495,0.45837268233299255,0.17772354185581207,0.16577085852622986,0.99974524974823,0.46579867601394653,0.1781909465789795,0.16817615926265717,0.9997240900993347,0.4087682366371155,0.23001007735729218,-0.0038518558721989393,0.9999215006828308,0.49931755661964417,0.22862626612186432,-0.0013781307497993112,0.9999397993087769,0.3909956216812134,0.3506671190261841,-0.020567769184708595,0.9740872979164124,0.5247400403022766,0.3529215455055237,-0.026729833334684372,0.995571494102478,0.3836120069026947,0.4691423177719116,-0.014340706169605255,0.8677513599395752,0.5352561473846436,0.47009044885635376,-0.03299557417631149,0.9687164425849915,0.38394227623939514,0.49916335940361023,-0.0225784033536911,0.7766245007514954,0.5367528796195984,0.5031679272651672,-0.040394823998212814,0.9380630850791931,0.38924139738082886,0.4963426887989044,-0.023531848564743996,0.7618564963340759,0.533413290977478,0.4997802674770355,-0.04279867559671402,0.9333674311637878,0.3913150727748871,0.48677724599838257,-0.014711648225784302,0.6908033490180969,0.5307634472846985,0.4891318082809448,-0.03375754877924919,0.8941062092781067,0.4326525628566742,0.4722515642642975,-0.005142653360962868,0.999809205532074,0.48502904176712036,0.4673449695110321,0.0049192095175385475,0.9996892809867859,0.43786463141441345,0.6480190753936768,-0.0038500812370330095,0.9926480650901794,0.49340885877609253,0.6452124118804932,0.05741060897707939,0.9941862225532532,0.4391019344329834,0.8418980240821838,0.03311732038855553,0.9887627363204956,0.5077367424964905,0.8162071108818054,0.10679218918085098,0.9912886023521423,0.43997254967689514,0.8698979616165161,0.03393981605768204,0.9907041192054749,0.5074583292007446,0.849543571472168,0.11134681850671768,0.9903325438499451,0.4383297860622406,0.863803505897522,-0.018440190702676773,0.883192241191864,0.5103721022605896,0.8267366290092468,0.06684217602014542,0.9068000912666321
102,walk,0.46411070227622986,0.17119790613651276,0.20974306762218475,0.999789834022522,0.45992621779441833,0.15966682136058807,0.1769886165857315,0.9996593594551086,0.4574839472770691,0.15934832394123077,0.17701146006584167,0.9997140169143677,0.45484375953674316,0.15896041691303253,0.17702463269233704,0.9996458292007446,0.46743306517601013,0.15921282768249512,0.1787242442369461,0.9996355772018433,0.46998539566993713,0.1587708741426468,0.1787402331829071,0.9996875524520874,0.4726077914237976,0.15819847583770752,0.1786760538816452,0.9995799660682678,0.4496426582336426,0.1618085652589798,0.05748969316482544,0.9996806383132935,0.47372040152549744,0.16104333102703094,0.06459295749664307,0.9996179342269897,0.4605429768562317,0.17986728250980377,0.17302604019641876,0.999748706817627,0.468082994222641,0.18002428114414215,0.17454499006271362,0.9997281432151794,0.41146960854530334,0.2319236695766449,0.0044394806027412415,0.999920666217804,0.5032024383544922,0.23064664006233215,-0.0013234253274276853,0.9999377727508545,0.39305466413497925,0.35291844606399536,-0.014774327166378498,0.9739811420440674,0.526628851890564,0.35477179288864136,-0.029747944325208664,0.9953955411911011,0.3860448896884918,0.4693997800350189,-0.01053579244762659,0.8657677173614502,0.5374194383621216,0.4712783098220825,-0.0413643941283226,0.9684551358222961,0.3862212300300598,0.4998846650123596,-0.01880124770104885,0.7750644087791443,0.53882896900177,0.5036274194717407,-0.049807801842689514,0.938170850276947,0.3911575376987457,0.4969876706600189,-0.01975140906870365,0.7602207660675049,0.5355714559555054,0.500843346118927,-0.05118193477392197,0.9333226084709167,0.3931116461753845,0.4873262643814087,-0.01101011224091053,0.6886739730834961,0.5332578420639038,0.4903554320335388,-0.0419771708548069,0.8941901922225952,0.4355112612247467,0.47262153029441833,-0.0026403390802443027,0.9998155236244202,0.48801741003990173,0.4690249562263489,0.0024056322872638702,0.99969083070755,0.4391477704048157,0.6484424471855164,-0.0039360313676297665,0.9929916262626648,0.49344754219055176,0.6453366279602051,0.05238800495862961,0.9941033124923706,0.439105361700058,0.8419109582901001,0.030663976445794106,0.9892471432685852,0.5077486038208008,0.8170040845870972,0.09973786771297455,0.9912310838699341,0.4399539828300476,0.8699035048484802,0.03205312043428421,0.9910199642181396,0.5072650909423828,0.8500572443008423,0.10421013832092285,0.9903772473335266,0.43841686844825745,0.8639357686042786,-0.020336640998721123,0.8852778077125549,0.5097897052764893,0.8275136351585388,0.05790488049387932,0.9043334722518921
103,walk,0.46688467264175415,0.17254723608493805,0.21670010685920715,0.9997879862785339,0.46241140365600586,0.1611223667860031,0.18494339287281036,0.9996553659439087,0.45999234914779663,0.16079607605934143,0.18496887385845184,0.9997110366821289,0.45733553171157837,0.16038599610328674,0.184984490275383,0.9996393918991089,0.4698595106601715,0.1606854647397995,0.1857798993587494,0.999631941318512,0.4722643494606018,0.16025075316429138,0.1857968270778656,0.9996864199638367,0.4748246669769287,0.15966688096523285,0.18573033809661865,0.9995766878128052,0.4520675539970398,0.1632469892501831,0.06713689863681793,0.9996803998947144,0.4760463237762451,0.16260766983032227,0.07015682011842728,0.9996175169944763,0.4632684290409088,0.18130674958229065,0.18040016293525696,0.9997512102127075,0.47069287300109863,0.1813141256570816,0.18079634010791779,0.9997314810752869,0.4141063690185547,0.23340803384780884,0.013810241594910622,0.9999198913574219,0.5057011842727661,0.23256953060626984,0.0014839672949165106,0.9999359250068665,0.39600005745887756,0.3547620475292206,-0.006343584507703781,0.9734523296356201,0.5288854837417603,0.3560228943824768,-0.029133925214409828,0.995213508605957,0.38922858238220215,0.46959197521209717,-0.0034080513287335634,0.8624920845031738,0.5396624207496643,0.47170722484588623,-0.03691656142473221,0.9679774641990662,0.38840824365615845,0.5004628896713257,-0.01140572689473629,0.7717970013618469,0.5408042669296265,0.5040503740310669,-0.045122332870960236,0.9379193782806396,0.3931431770324707,0.49756762385368347,-0.012523269280791283,0.7567605376243591,0.5373378396034241,0.501555323600769,-0.046060312539339066,0.932927668094635,0.3951829969882965,0.4878711700439453,-0.004084090236574411,0.6845534443855286,0.5351678133010864,0.491075336933136,-0.037282299250364304,0.8937265276908875,0.4386574625968933,0.4724183678627014,-0.0004130617599003017,0.9998204112052917,0.49135416746139526,0.4695191979408264,0.0001823093043640256,0.999691367149353,0.44047507643699646,0.6484375,-0.0035171578638255596,0.9932926297187805,0.49382656812667847,0.6452561020851135,0.04824962466955185,0.9940468668937683,0.43912625312805176,0.8416936993598938,0.030688276514410973,0.989676833152771,0.5076433420181274,0.8175894618034363,0.09433543682098389,0.991206169128418,0.439922034740448,0.8698316216468811,0.03251832351088524,0.9912716746330261,0.5069140195846558,0.850273072719574,0.09868933260440826,0.9903913140296936,0.43844136595726013,0.8639689683914185,-0.020527495071291924,0.8873426914215088,0.5090519785881042,0.8280866146087646,0.051000840961933136,0.9025713801383972
104,walk,0.4696894586086273,0.17392988502979279,0.20120660960674286,0.9997904896736145,0.4650600850582123,0.1624191552400589,0.16852346062660217,0.9996562600135803,0.46264344453811646,0.16205306351184845,0.16855280101299286,0.9997119307518005,0.4600045680999756,0.16160067915916443,0.16856810450553894,0.9996376037597656,0.47249922156333923,0.1621144562959671,0.17090311646461487,0.9996340870857239,0.4748382568359375,0.16169670224189758,0.17091597616672516,0.9996904134750366,0.4773835241794586,0.1611243635416031,0.17085392773151398,0.9995805025100708,0.45474010705947876,0.16458934545516968,0.049687888473272324,0.9996837973594666,0.4786086976528168,0.16411185264587402,0.05913225933909416,0.999622106552124,0.4661023020744324,0.1827826201915741,0.1645539402961731,0.9997568726539612,0.4734157919883728,0.18271978199481964,0.16688165068626404,0.999738335609436,0.41664618253707886,0.2351754754781723,-0.004519064910709858,0.9999198317527771,0.5090950727462769,0.23417621850967407,-0.0020242338068783283,0.9999352693557739,0.39905214309692383,0.3563747704029083,-0.02223125286400318,0.9733580350875854,0.5313354730606079,0.35729870200157166,-0.03022414818406105,0.9950133562088013,0.39141470193862915,0.47083812952041626,-0.013879215344786644,0.8611981272697449,0.5419272184371948,0.4727821350097656,-0.03805205971002579,0.9681214690208435,0.39024993777275085,0.5017590522766113,-0.02233266830444336,0.7709059715270996,0.5427988767623901,0.5049787163734436,-0.04577622190117836,0.9386356472969055,0.3951185345649719,0.4988783001899719,-0.02310584858059883,0.7557528018951416,0.5390151739120483,0.5024793148040771,-0.0472915954887867,0.9335403442382812,0.3972218632698059,0.488983690738678,-0.014195067808032036,0.6832951903343201,0.5369347333908081,0.4920923113822937,-0.038670800626277924,0.8947303891181946,0.44154423475265503,0.4725032448768616,-0.00515933521091938,0.9998255968093872,0.49419885873794556,0.4709935784339905,0.004942578263580799,0.9996932148933411,0.44133251905441284,0.6484259963035583,-0.0038477000780403614,0.9936152100563049,0.49535125494003296,0.645332396030426,0.0579940490424633,0.9939078092575073,0.4391954839229584,0.8401453495025635,0.03246141970157623,0.9901779294013977,0.5076473951339722,0.8182255029678345,0.10817933082580566,0.9912058711051941,0.44010788202285767,0.8679471611976624,0.034887172281742096,0.9915841221809387,0.5067654848098755,0.8506487607955933,0.1128535270690918,0.9904014468193054,0.4384782910346985,0.8639775514602661,-0.015893403440713882,0.8908818364143372,0.5090575814247131,0.8284810185432434,0.06768406927585602,0.901631772518158
105,walk,0.47227025032043457,0.17498083412647247,0.19202874600887299,0.9997899532318115,0.46751219034194946,0.1634453684091568,0.15921492874622345,0.9996521472930908,0.46509289741516113,0.16306324303150177,0.1592465043067932,0.9997085332870483,0.4624663293361664,0.16258902847766876,0.1592639982700348,0.9996303915977478,0.4749390482902527,0.16322122514247894,0.16177898645401,0.9996309876441956,0.47727441787719727,0.16281314194202423,0.16178973019123077,0.9996898174285889,0.47984036803245544,0.16224230825901031,0.16172495484352112,0.9995784759521484,0.457176148891449,0.16575364768505096,0.04003150016069412,0.9996819496154785,0.4812294840812683,0.16529443860054016,0.050360165536403656,0.9996210336685181,0.46875566244125366,0.18401150405406952,0.15524819493293762,0.9997578263282776,0.47605466842651367,0.18393546342849731,0.15785998106002808,0.999740719795227,0.42001891136169434,0.23639604449272156,-0.01098148338496685,0.9999197125434875,0.5119317770004272,0.23536592721939087,-0.010455220006406307,0.9999347925186157,0.402538925409317,0.3568197786808014,-0.027985762804746628,0.9727898836135864,0.5344350934028625,0.3580358624458313,-0.03638601675629616,0.9948640465736389,0.3939661383628845,0.4715791940689087,-0.020939631387591362,0.8603918552398682,0.5448580980300903,0.47364577651023865,-0.04280789569020271,0.9687750935554504,0.3930308520793915,0.5027040839195251,-0.02966485545039177,0.7707527279853821,0.5452824831008911,0.5054813027381897,-0.050530411303043365,0.9401431679725647,0.3976467549800873,0.4998159110546112,-0.030920138582587242,0.7556251883506775,0.5414224863052368,0.5031826496124268,-0.052786100655794144,0.9350481033325195,0.39959442615509033,0.4896007478237152,-0.021502582356333733,0.6828872561454773,0.5395883321762085,0.4928693473339081,-0.043717093765735626,0.897089421749115,0.4442523121833801,0.47241082787513733,-0.004091289825737476,0.9998296499252319,0.49657049775123596,0.47119230031967163,0.00386980501934886,0.9996947050094604,0.4418218731880188,0.6472310423851013,-0.004157784394919872,0.9938462376594543,0.4983307421207428,0.6453091502189636,0.05286044999957085,0.993691623210907,0.4391600489616394,0.8369606137275696,0.03353053331375122,0.9905617237091064,0.5076099634170532,0.818303108215332,0.10173070430755615,0.9912318587303162,0.4401578903198242,0.8630479574203491,0.03592626005411148,0.9917800426483154,0.5066357851028442,0.8506181240081787,0.10622353851795197,0.9904076457023621,0.43772998452186584,0.8638883829116821,-0.016395878046751022,0.8937932252883911,0.5090647339820862,0.8293565511703491,0.05792732909321785,0.9017232656478882
106,walk,0.47460657358169556,0.17607878148555756,0.19933532178401947,0.9997780919075012,0.4698403477668762,0.16451191902160645,0.16759958863258362,0.9996311068534851,0.4674080014228821,0.16413745284080505,0.1676289141178131,0.9996914267539978,0.4647480547428131,0.16365273296833038,0.16764578223228455,0.9996046423912048,0.4772985875606537,0.1642168015241623,0.1689848154783249,0.999610424041748,0.4796418249607086,0.16376791894435883,0.16899648308753967,0.9996744394302368,0.4821901321411133,0.16315652430057526,0.16892707347869873,0.9995545744895935,0.4594668745994568,0.1668245494365692,0.05078586935997009,0.9996636509895325,0.4837069511413574,0.16616801917552948,0.05588201433420181,0.9996036291122437,0.4710144102573395,0.18506602942943573,0.1632353663444519,0.9997485280036926,0.47846680879592896,0.18491283059120178,0.1643393188714981,0.9997326135635376,0.4229869842529297,0.238246351480484,0.0007272368529811502,0.9999175667762756,0.5150045156478882,0.23680461943149567,-0.01047954149544239,0.9999327659606934,0.40599164366722107,0.35837066173553467,-0.018604910001158714,0.9717469215393066,0.537337601184845,0.35828858613967896,-0.039252642542123795,0.9946532845497131,0.39664000272750854,0.47248417139053345,-0.01556493155658245,0.8582912683486938,0.5469080209732056,0.4735107421875,-0.04810270294547081,0.9684341549873352,0.39608415961265564,0.5032610297203064,-0.02404581569135189,0.7694209218025208,0.5471917390823364,0.5052547454833984,-0.056575726717710495,0.9401689171791077,0.40081077814102173,0.5004815459251404,-0.025569235906004906,0.75419020652771,0.5431331396102905,0.5030044913291931,-0.05816100165247917,0.9350166916847229,0.40253978967666626,0.4900771677494049,-0.016352618113160133,0.6811015605926514,0.5414115190505981,0.4927371144294739,-0.048784591257572174,0.8971790671348572,0.4471673369407654,0.4723772704601288,-0.001497088698670268,0.9998323917388916,0.49951472878456116,0.4720553457736969,0.0012697558850049973,0.9996957182884216,0.4418589174747467,0.6460736393928528,0.003999136853963137,0.9940117597579956,0.5011110305786133,0.6452853679656982,0.04928208142518997,0.9936442971229553,0.43902212381362915,0.8291760087013245,0.04601280391216278,0.9908398985862732,0.5075581073760986,0.817775547504425,0.09656880795955658,0.9913462400436401,0.44015011191368103,0.8547389507293701,0.04875096306204796,0.9919706583023071,0.5061815977096558,0.849187970161438,0.10138684511184692,0.9905663728713989,0.43774428963661194,0.861998975276947,-0.0023635837715119123,0.8946821689605713,0.5100700855255127,0.8294185400009155,0.05336695909500122,0.9014865159988403
107,walk,0.47691473364830017,0.17705704271793365,0.1860237568616867,0.9997509121894836,0.4721577763557434,0.16527749598026276,0.1550891101360321,0.9995839595794678,0.46963733434677124,0.1648946851491928,0.15511883795261383,0.999652624130249,0.466895192861557,0.16441228985786438,0.15513889491558075,0.9995508790016174,0.4796511232852936,0.16493286192417145,0.1561647653579712,0.999567985534668,0.48203450441360474,0.1644475758075714,0.1561661660671234,0.999642014503479,0.4845565855503082,0.16380758583545685,0.15608307719230652,0.9995100498199463,0.4616195559501648,0.16756319999694824,0.04106830060482025,0.9996208548545837,0.4862190783023834,0.16675537824630737,0.044884346425533295,0.9995635151863098,0.4733123779296875,0.18594671785831451,0.15071949362754822,0.999721884727478,0.4807685911655426,0.18570120632648468,0.15146084129810333,0.9997087121009827,0.4261833131313324,0.2389509379863739,-0.0038255297113209963,0.999910831451416,0.5174892544746399,0.23718439042568207,-0.02221887744963169,0.9999300837516785,0.40971240401268005,0.35786545276641846,-0.024471668526530266,0.9690901637077332,0.5395318865776062,0.3578294515609741,-0.049212150275707245,0.994446337223053,0.3992803692817688,0.47231948375701904,-0.02497740462422371,0.8560351133346558,0.5485468506813049,0.47334641218185425,-0.05679541826248169,0.9683582782745361,0.39801260828971863,0.5030717849731445,-0.033220063894987106,0.767785370349884,0.5489925146102905,0.5050954818725586,-0.06508127599954605,0.9405354857444763,0.4026591181755066,0.5004204511642456,-0.03546201437711716,0.75251704454422,0.5449715852737427,0.5029546022415161,-0.06675611436367035,0.9354403018951416,0.40462595224380493,0.48991426825523376,-0.026101315394043922,0.678316056728363,0.5433332324028015,0.49264636635780334,-0.057301901280879974,0.8978715538978577,0.45050936937332153,0.4723241925239563,0.0066391946747899055,0.9998238682746887,0.5022628307342529,0.47198888659477234,-0.006904032081365585,0.99968421459198,0.44210758805274963,0.6432328820228577,0.0025415359996259212,0.9940420389175415,0.5024721026420593,0.6454250812530518,0.02320975437760353,0.9936627149581909,0.4378994405269623,0.8186147212982178,0.04116079956293106,0.9907785654067993,0.507093608379364,0.8176627159118652,0.0625385046005249,0.9914543032646179,0.4393785893917084,0.8429595232009888,0.04285065084695816,0.9918456673622131,0.5044678449630737,0.8467618227005005,0.0661788210272789,0.990689754486084,0.43806546926498413,0.8577404618263245,-0.01783633790910244,0.8929867148399353,0.5110940933227539,0.8331712484359741,0.00994014460593462,0.9019110798835754
108,walk,0.47852569818496704,0.17813515663146973,0.17694541811943054,0.9997400641441345,0.4739496111869812,0.16639062762260437,0.14603519439697266,0.9995645880699158,0.47136449813842773,0.1660105139017105,0.14606831967830658,0.9996368885040283,0.46859151124954224,0.16555564105510712,0.14608706533908844,0.999528706073761,0.4813567101955414,0.16602708399295807,0.1478833258152008,0.9995526075363159,0.4838365614414215,0.1655573546886444,0.14788298308849335,0.9996305704116821,0.48639383912086487,0.16493231058120728,0.14780214428901672,0.9994943141937256,0.4636162221431732,0.1688108891248703,0.033236682415008545,0.9996049404144287,0.48831629753112793,0.16787171363830566,0.04042010009288788,0.9995453953742981,0.475180059671402,0.18687118589878082,0.14205628633499146,0.9997090101242065,0.4825499653816223,0.18665102124214172,0.14379557967185974,0.9996972680091858,0.42901411652565,0.23953714966773987,-0.012897709384560585,0.9999060034751892,0.5199564099311829,0.23823247849941254,-0.02357487753033638,0.9999276399612427,0.412722647190094,0.3576757609844208,-0.03529103100299835,0.9681906700134277,0.5417755246162415,0.35762935876846313,-0.05248340964317322,0.9942815899848938,0.40250164270401,0.4708879292011261,-0.03542311489582062,0.8562025427818298,0.5499587059020996,0.4731157124042511,-0.06414037942886353,0.9679955244064331,0.401006281375885,0.5020938515663147,-0.043646909296512604,0.7685742378234863,0.5505033135414124,0.504976749420166,-0.0720604881644249,0.9402898550033569,0.4054117798805237,0.4991357922554016,-0.04564059525728226,0.753400444984436,0.5468103885650635,0.5028129816055298,-0.07353708893060684,0.9351627230644226,0.407609224319458,0.4885534644126892,-0.03626732900738716,0.6785372495651245,0.5451873540878296,0.4925713539123535,-0.06457439064979553,0.897590696811676,0.4529418349266052,0.4720393419265747,0.007567486260086298,0.9998103976249695,0.5043557286262512,0.47199949622154236,-0.007836045697331429,0.9996678829193115,0.4420774579048157,0.6402744650840759,0.0002454273053444922,0.9940997362136841,0.5043136477470398,0.6453981995582581,0.020452972501516342,0.9937080144882202,0.43758106231689453,0.8101463913917542,0.03148040920495987,0.990707516670227,0.5064405202865601,0.8175287246704102,0.05316780135035515,0.9915720224380493,0.4397081732749939,0.8321789503097534,0.03247727453708649,0.9917516112327576,0.5025545954704285,0.8444045782089233,0.056041788309812546,0.990857720375061,0.43809741735458374,0.8533675074577332,-0.02664582058787346,0.8910556435585022,0.5114127397537231,0.8368403911590576,0.00038226941251195967,0.9016648530960083
109,walk,0.4787839949131012,0.17850099503993988,0.1679021120071411,0.999727189540863,0.4744102954864502,0.16677157580852509,0.13754187524318695,0.9995414614677429,0.4717639982700348,0.16643008589744568,0.13758060336112976,0.9996161460876465,0.46910446882247925,0.16609248518943787,0.13759762048721313,0.9995023012161255,0.48179659247398376,0.16649974882602692,0.13915102183818817,0.9995356798171997,0.4844326972961426,0.1661144495010376,0.13914801180362701,0.9996159672737122,0.48721766471862793,0.1655893623828888,0.1390678584575653,0.9994776248931885,0.464368999004364,0.16989204287528992,0.027750739827752113,0.9995801448822021,0.48961201310157776,0.16879121959209442,0.03412893787026405,0.9995239973068237,0.47561970353126526,0.18723991513252258,0.13402341306209564,0.9996886849403381,0.48299089074134827,0.18722598254680634,0.13556347787380219,0.9996823072433472,0.4308670163154602,0.2420799881219864,-0.01574842818081379,0.9998936653137207,0.5222364664077759,0.23941239714622498,-0.0319814532995224,0.9999248385429382,0.41506069898605347,0.3584907054901123,-0.04277721792459488,0.9670397043228149,0.5438846349716187,0.3574781119823456,-0.06838071346282959,0.9941531419754028,0.40454429388046265,0.4696873426437378,-0.04822129011154175,0.8535493016242981,0.5516718626022339,0.4729783236980438,-0.0859730914235115,0.9675023555755615,0.40316715836524963,0.5000380873680115,-0.05703617259860039,0.7660484910011292,0.5524807572364807,0.5047672986984253,-0.09556315839290619,0.9397725462913513,0.40765470266342163,0.4965415894985199,-0.05970752239227295,0.7509450912475586,0.5489073395729065,0.5026267170906067,-0.0967339351773262,0.9345337748527527,0.4100651144981384,0.4866456389427185,-0.04963507503271103,0.675441324710846,0.5472625494003296,0.4924332797527313,-0.08646132051944733,0.8967228531837463,0.45497044920921326,0.4703131318092346,0.012214012444019318,0.9997838139533997,0.5069290995597839,0.4718952178955078,-0.012473424896597862,0.9996498823165894,0.4422230124473572,0.6326363682746887,0.009514812380075455,0.993864893913269,0.5055314302444458,0.6452658176422119,0.0008952996577136219,0.9937728047370911,0.43756985664367676,0.7992187738418579,0.045730046927928925,0.990332305431366,0.5052403211593628,0.8168603777885437,0.02806900441646576,0.9917791485786438,0.43970832228660583,0.8190474510192871,0.04717714712023735,0.9914188385009766,0.5008782744407654,0.8413968682289124,0.030005905777215958,0.9911056756973267,0.43889179825782776,0.845582902431488,-0.010344096459448338,0.8873928785324097,0.5104261636734009,0.8377818465232849,-0.030814403668045998,0.9023184180259705
110,walk,0.479423463344574,0.1786072850227356,0.18820764124393463,0.9997142553329468,0.47518905997276306,0.16678984463214874,0.15976284444332123,0.9995242357254028,0.47260063886642456,0.16645830869674683,0.15979813039302826,0.9996015429496765,0.4700224995613098,0.16615843772888184,0.15981270372867584,0.9994834661483765,0.4824898838996887,0.16668380796909332,0.16204918920993805,0.9995222687721252,0.4850633144378662,0.16638515889644623,0.1620396077632904,0.9996035099029541,0.4878878593444824,0.1659652441740036,0.1619490683078766,0.9994627833366394,0.46523356437683105,0.17035144567489624,0.051587123423814774,0.9995598793029785,0.4904867708683014,0.1693783700466156,0.05983816459774971,0.9995005130767822,0.4761267602443695,0.18730947375297546,0.1545259654521942,0.9996592402458191,0.48352259397506714,0.18759849667549133,0.1569792479276657,0.9996581077575684,0.43281927704811096,0.2439935952425003,0.0003853037196677178,0.9998820424079895,0.5234912633895874,0.24004031717777252,-0.010874839499592781,0.9999187588691711,0.4165758490562439,0.3597709536552429,-0.03561658412218094,0.9671292304992676,0.5457675457000732,0.35733023285865784,-0.05878981202840805,0.9939482808113098,0.40494686365127563,0.46967455744743347,-0.03627233952283859,0.852791965007782,0.5533407330513,0.4728071987628937,-0.06983397156000137,0.9656364917755127,0.4037071168422699,0.4997110962867737,-0.04612498730421066,0.7648494243621826,0.5544647574424744,0.5044321417808533,-0.07874275743961334,0.9366886019706726,0.40902724862098694,0.49612635374069214,-0.048652950674295425,0.7497240900993347,0.5508197546005249,0.5023000836372375,-0.08117468655109406,0.9311094284057617,0.41171011328697205,0.4864197075366974,-0.03752689063549042,0.6734410524368286,0.5490171313285828,0.49217313528060913,-0.07045408338308334,0.8919768333435059,0.45576605200767517,0.46859973669052124,0.013381978496909142,0.9997537136077881,0.5089129209518433,0.4711565673351288,-0.013651974499225616,0.9996313452720642,0.44362759590148926,0.6287094354629517,0.015148396603763103,0.9936283230781555,0.5068721175193787,0.6437019109725952,-0.013541755266487598,0.9938246607780457,0.43912869691848755,0.7924889326095581,0.05018790438771248,0.9896868467330933,0.504440426826477,0.8167295455932617,0.00415272731333971,0.9918607473373413,0.44190216064453125,0.811589241027832,0.05157163739204407,0.9908452033996582,0.49982786178588867,0.8374744057655334,0.004991351626813412,0.9912239909172058,0.43918371200561523,0.838792085647583,-0.004115551244467497,0.8801767230033875,0.5071728229522705,0.8405618667602539,-0.05749206617474556,0.9010692834854126
111,walk,0.48057398200035095,0.17944300174713135,0.1784965842962265,0.9997145533561707,0.4764958918094635,0.16757403314113617,0.14868967235088348,0.9995272159576416,0.47402071952819824,0.16730573773384094,0.14873114228248596,0.9996041059494019,0.4715059697628021,0.16709083318710327,0.14874494075775146,0.9994871616363525,0.48377686738967896,0.16750399768352509,0.15051908791065216,0.9995285868644714,0.4862901568412781,0.16725195944309235,0.15052179992198944,0.9996076822280884,0.48915037512779236,0.16690193116664886,0.15044771134853363,0.9994687438011169,0.4667258858680725,0.17160119116306305,0.04068917781114578,0.9995611906051636,0.49206262826919556,0.17055103182792664,0.04822661727666855,0.9995013475418091,0.47735562920570374,0.1882123053073883,0.14515458047389984,0.9996542930603027,0.48475804924964905,0.18873240053653717,0.14699575304985046,0.9996556043624878,0.43498486280441284,0.24524308741092682,-0.00501256575807929,0.9998721480369568,0.5249276757240295,0.24197296798229218,-0.019255388528108597,0.999915361404419,0.418206125497818,0.360601544380188,-0.03575795516371727,0.9672254920005798,0.5470677614212036,0.3574255108833313,-0.06049272418022156,0.9937517642974854,0.4059215486049652,0.46947070956230164,-0.04144636541604996,0.8527421355247498,0.5554484724998474,0.4727097749710083,-0.07594789564609528,0.9643636345863342,0.40465837717056274,0.49916377663612366,-0.04939977079629898,0.7655420899391174,0.5569345355033875,0.5039023756980896,-0.08443772792816162,0.9348800778388977,0.4105442464351654,0.4953300952911377,-0.052328627556562424,0.7504773736000061,0.5530569553375244,0.5017932653427124,-0.08508122712373734,0.9290420413017273,0.4133448600769043,0.4856719672679901,-0.04270382970571518,0.6737968921661377,0.55115807056427,0.4918125867843628,-0.0759630873799324,0.8888236880302429,0.4561094343662262,0.4675929546356201,0.015360765159130096,0.9997227191925049,0.5093944072723389,0.47099193930625916,-0.015633411705493927,0.9996151924133301,0.44475334882736206,0.6257644295692444,0.026579618453979492,0.9935572743415833,0.5073124170303345,0.6429840326309204,-0.004330374300479889,0.9939807057380676,0.44017282128334045,0.7869082093238831,0.06815361231565475,0.9894596338272095,0.5040980577468872,0.8167017698287964,0.016163419932127,0.9921053051948547,0.4427340030670166,0.8087800145149231,0.07061862200498581,0.9906708002090454,0.49888935685157776,0.837056040763855,0.017337877303361893,0.9915011525154114,0.43918880820274353,0.8260307312011719,0.021197039633989334,0.8750929832458496,0.5073639750480652,0.8407058119773865,-0.041090063750743866,0.9002201557159424
112,walk,0.4825526177883148,0.18090836703777313,0.17952126264572144,0.9997082948684692,0.4784459173679352,0.16902782022953033,0.14882779121398926,0.9995207786560059,0.47596853971481323,0.16873200237751007,0.148871511220932,0.9996002316474915,0.47341686487197876,0.1684950441122055,0.14888784289360046,0.9994807839393616,0.4858020842075348,0.16909436881542206,0.15053176879882812,0.9995258450508118,0.4882887899875641,0.16886445879936218,0.15053316950798035,0.9996055364608765,0.4910815358161926,0.16853348910808563,0.15045878291130066,0.999464213848114,0.4685187339782715,0.17321020364761353,0.03904363512992859,0.999556303024292,0.4937829375267029,0.1721453219652176,0.046276550740003586,0.9994957447052002,0.479102224111557,0.18940433859825134,0.14589664340019226,0.9996431469917297,0.48673924803733826,0.19015131890773773,0.14756932854652405,0.9996466040611267,0.43639883399009705,0.24605144560337067,-0.005116756074130535,0.9998603463172913,0.5255527496337891,0.24265338480472565,-0.02097155898809433,0.9999114871025085,0.4197012484073639,0.36163049936294556,-0.032446134835481644,0.9675363898277283,0.5476317405700684,0.35745689272880554,-0.056782640516757965,0.9936916828155518,0.4083711504936218,0.4693927466869354,-0.03601472079753876,0.8494592308998108,0.5571187138557434,0.4720870554447174,-0.06895030289888382,0.96219402551651,0.4071590304374695,0.49854350090026855,-0.043389998376369476,0.761644721031189,0.5587717890739441,0.5026710033416748,-0.07689260691404343,0.9314729571342468,0.41306090354919434,0.4944108724594116,-0.045828040689229965,0.7464404702186584,0.55457603931427,0.5005117654800415,-0.07755715399980545,0.9252779483795166,0.4158261716365814,0.4849995970726013,-0.036993708461523056,0.6689927577972412,0.5527528524398804,0.49084311723709106,-0.0688396543264389,0.8834555745124817,0.4569075107574463,0.46748119592666626,0.017682217061519623,0.9996918439865112,0.5098254084587097,0.4709329307079315,-0.01797158643603325,0.9995998740196228,0.4463575780391693,0.626289427280426,0.03179546818137169,0.9936041235923767,0.508383572101593,0.6438626646995544,0.0021471495274454355,0.994217038154602,0.4415535032749176,0.7850949764251709,0.07124489545822144,0.9893383383750916,0.5038442015647888,0.8169274926185608,0.023910749703645706,0.9923569560050964,0.44370564818382263,0.8070339560508728,0.07401154190301895,0.9906738996505737,0.49861305952072144,0.8375444412231445,0.0254097580909729,0.9918352365493774,0.439556360244751,0.8199843764305115,0.02936561405658722,0.8687009811401367,0.507414698600769,0.8405134677886963,-0.028666440397500992,0.8979867696762085
113,walk,0.4840351939201355,0.18257632851600647,0.18304643034934998,0.999701738357544,0.48007363080978394,0.17076635360717773,0.15227600932121277,0.9995143413543701,0.47768622636795044,0.17042028903961182,0.1523151844739914,0.9995941519737244,0.47517403960227966,0.17012883722782135,0.15233173966407776,0.9994743466377258,0.4872662425041199,0.17083364725112915,0.15367653965950012,0.9995221495628357,0.4896405339241028,0.17056287825107574,0.15368132293224335,0.9996002316474915,0.49231037497520447,0.1701938956975937,0.153607577085495,0.999458372592926,0.470106840133667,0.1745888590812683,0.040569547563791275,0.9995469450950623,0.4948593080043793,0.173562690615654,0.05053834244608879,0.9994852542877197,0.48055559396743774,0.19075287878513336,0.14850011467933655,0.9996296763420105,0.488020658493042,0.19150567054748535,0.14947299659252167,0.9996346831321716,0.4376222491264343,0.24661952257156372,0.00044083231477998197,0.9998544454574585,0.5260021686553955,0.242447167634964,-0.015286343172192574,0.9999083280563354,0.4210548996925354,0.36223530769348145,-0.024591954424977303,0.9685149192810059,0.5483888387680054,0.3575420081615448,-0.04290212690830231,0.9937069416046143,0.40977317094802856,0.4688524603843689,-0.023870890960097313,0.8504594564437866,0.5578658580780029,0.47172847390174866,-0.04629185050725937,0.9598385691642761,0.4088287353515625,0.4979777932167053,-0.02800251916050911,0.7620487809181213,0.5592550039291382,0.5019654035568237,-0.050843674689531326,0.9272714257240295,0.41432833671569824,0.49384766817092896,-0.02978312037885189,0.7468798756599426,0.5551172494888306,0.4997195303440094,-0.050799280405044556,0.9206550121307373,0.41691404581069946,0.48443084955215454,-0.024100709706544876,0.669144868850708,0.5533863306045532,0.49027031660079956,-0.04556499421596527,0.8771869540214539,0.45781928300857544,0.46689632534980774,0.01936390809714794,0.9996547698974609,0.5099902749061584,0.4705813527107239,-0.019659530371427536,0.9995787739753723,0.4478674829006195,0.6259475946426392,0.03486252576112747,0.9932080507278442,0.5091363191604614,0.6448719501495361,-0.005897085182368755,0.9942963719367981,0.4449777603149414,0.7844510674476624,0.07471638172864914,0.9884205460548401,0.5034412145614624,0.8170023560523987,0.009568463079631329,0.9923344850540161,0.447793185710907,0.8061071634292603,0.07741968333721161,0.9900422692298889,0.4978410601615906,0.8375077843666077,0.010399019345641136,0.9918854236602783,0.44270411133766174,0.8183025121688843,0.031770557165145874,0.860181987285614,0.5075382590293884,0.8410595655441284,-0.045056670904159546,0.8950272798538208
114,walk,0.48454099893569946,0.18352718651294708,0.18032777309417725,0.9996891021728516,0.4807521402835846,0.17197704315185547,0.14987385272979736,0.9994960427284241,0.4784305691719055,0.1716478019952774,0.1499120593070984,0.9995777010917664,0.47585219144821167,0.17135946452617645,0.14992894232273102,0.9994540214538574,0.48795342445373535,0.1719193011522293,0.1517150104045868,0.999505877494812,0.49032968282699585,0.17161503434181213,0.15171517431735992,0.9995837211608887,0.4929369390010834,0.17119324207305908,0.151638001203537,0.999437689781189,0.47093525528907776,0.17583321034908295,0.04028782993555069,0.9995248317718506,0.4958173334598541,0.17439647018909454,0.0495312325656414,0.9994624853134155,0.4811773896217346,0.19160518050193787,0.1468186378479004,0.9996111392974854,0.48864978551864624,0.1922852247953415,0.14856824278831482,0.9996177554130554,0.4387560784816742,0.2469056248664856,-0.00052835006499663,0.9998488426208496,0.5266412496566772,0.24267438054084778,-0.01630876585841179,0.9999052286148071,0.4220822751522064,0.3626379370689392,-0.02449798211455345,0.9695447087287903,0.5493862628936768,0.35809770226478577,-0.04211702197790146,0.993759036064148,0.4105951189994812,0.4688272774219513,-0.02139679342508316,0.851634681224823,0.5586892366409302,0.47168922424316406,-0.040079545229673386,0.9569567441940308,0.4095810353755951,0.49794498085975647,-0.02439716085791588,0.7621517181396484,0.55989670753479,0.501555860042572,-0.04359479248523712,0.9221885800361633,0.414827436208725,0.4938458800315857,-0.02600763738155365,0.7469962239265442,0.5557850003242493,0.49925968050956726,-0.04358188062906265,0.9151259064674377,0.4174332618713379,0.48443299531936646,-0.02138766273856163,0.6691356897354126,0.5541428327560425,0.4900496304035187,-0.039284683763980865,0.8701449036598206,0.45827516913414,0.4667152464389801,0.021356429904699326,0.9996270537376404,0.5100098848342896,0.470564067363739,-0.021663952618837357,0.9995659589767456,0.4493427872657776,0.6262213587760925,0.04006044194102287,0.9925211071968079,0.5098387598991394,0.6453218460083008,-0.009473910555243492,0.9943130016326904,0.4476148188114166,0.7847853899002075,0.07939622551202774,0.9871907234191895,0.5030072331428528,0.817048966884613,0.006121415179222822,0.9922110438346863,0.4506179690361023,0.8055385947227478,0.08204679936170578,0.9891250729560852,0.4971913695335388,0.8372618556022644,0.00702575733885169,0.9917930960655212,0.4454783797264099,0.8189007043838501,0.03717786446213722,0.8517157435417175,0.5077136754989624,0.842160701751709,-0.04808216169476509,0.8922111988067627
115,walk,0.484645277261734,0.18433557450771332,0.17249855399131775,0.9996873140335083,0.4811302721500397,0.17305761575698853,0.14263205230236053,0.9994955062866211,0.47876325249671936,0.17278273403644562,0.14267349243164062,0.9995754957199097,0.4760804772377014,0.17253760993480682,0.14269085228443146,0.9994537830352783,0.4882075786590576,0.17283309996128082,0.1445237398147583,0.9995066523551941,0.4906611442565918,0.1724875271320343,0.14451967179775238,0.9995819330215454,0.4932619035243988,0.1720321774482727,0.14444084465503693,0.9994377493858337,0.47132429480552673,0.1770954728126526,0.03573143482208252,0.9995203018188477,0.4965807795524597,0.1751500815153122,0.04406275972723961,0.9994555711746216,0.48132818937301636,0.19239646196365356,0.13989919424057007,0.9996061325073242,0.4887580871582031,0.1930706650018692,0.14176613092422485,0.9996129870414734,0.4398779273033142,0.2473108470439911,-0.005205566994845867,0.999845564365387,0.5270651578903198,0.24338234961032867,-0.01846788264811039,0.999902606010437,0.42333680391311646,0.3624628186225891,-0.025736263021826744,0.9705705642700195,0.5502192378044128,0.35902437567710876,-0.04196797311306,0.9938364624977112,0.41100364923477173,0.46880489587783813,-0.0210428424179554,0.8542664647102356,0.5591710209846497,0.47163087129592896,-0.04083434119820595,0.9556601643562317,0.41002005338668823,0.49794790148735046,-0.024202153086662292,0.7640904784202576,0.5600887537002563,0.5011533498764038,-0.044726353138685226,0.9195854663848877,0.41506195068359375,0.49394679069519043,-0.0259967390447855,0.7490353584289551,0.5559800863265991,0.4988563656806946,-0.04512253403663635,0.9122971296310425,0.41762369871139526,0.48451000452041626,-0.02105516567826271,0.6713159084320068,0.5544173717498779,0.4898739755153656,-0.04021652415394783,0.8663138151168823,0.4589584767818451,0.4666290581226349,0.020367825403809547,0.9995905756950378,0.5101637244224548,0.47053396701812744,-0.020667968317866325,0.9995452761650085,0.45003241300582886,0.6266459226608276,0.034960705786943436,0.9919173121452332,0.5099248290061951,0.6457194685935974,-0.012257992289960384,0.9942502379417419,0.44892698526382446,0.7866002321243286,0.0726017877459526,0.9858100414276123,0.502685546875,0.8171055316925049,0.0003610868297982961,0.9919925928115845,0.4527319073677063,0.8071393966674805,0.07494506239891052,0.9880656003952026,0.49691009521484375,0.83714359998703,0.0007937549380585551,0.9916022419929504,0.4462185800075531,0.8206732869148254,0.028192033991217613,0.8427433967590332,0.5077329277992249,0.8429033756256104,-0.05581916496157646,0.8888946175575256
116,walk,0.4845338463783264,0.18545269966125488,0.17575666308403015,0.999686062335968,0.48134469985961914,0.1743013560771942,0.14603103697299957,0.9994984865188599,0.4789307117462158,0.17414285242557526,0.14607223868370056,0.9995758533477783,0.47622013092041016,0.17403686046600342,0.14608830213546753,0.9994572401046753,0.4882878363132477,0.17377027869224548,0.1477513611316681,0.9995108246803284,0.4908002018928528,0.17333120107650757,0.14774934947490692,0.9995831251144409,0.4934435784816742,0.17281000316143036,0.14766956865787506,0.9994419813156128,0.4715835154056549,0.17874100804328918,0.03753910958766937,0.9995207190513611,0.4970582127571106,0.17612223327159882,0.04512808099389076,0.9994561076164246,0.481130987405777,0.19379842281341553,0.1430250108242035,0.9996029138565063,0.4886080324649811,0.19419807195663452,0.1447027623653412,0.9996105432510376,0.44040805101394653,0.24819031357765198,-0.004305340349674225,0.9998394846916199,0.5269935727119446,0.24445901811122894,-0.015527640469372272,0.9998984336853027,0.4241429269313812,0.3623996675014496,-0.021639831364154816,0.9710800647735596,0.5504550933837891,0.35992953181266785,-0.03408995270729065,0.9939027428627014,0.41098833084106445,0.46921542286872864,-0.015322176739573479,0.8540387153625488,0.5595975518226624,0.4715960919857025,-0.03209579735994339,0.9542765617370605,0.4098023474216461,0.4983087182044983,-0.01904050074517727,0.7625072598457336,0.5602817535400391,0.5011212825775146,-0.03516585752367973,0.916815996170044,0.4148167073726654,0.494613379240036,-0.020441874861717224,0.7473915219306946,0.5562167763710022,0.49883100390434265,-0.035846829414367676,0.9092446565628052,0.41745200753211975,0.4849989712238312,-0.01533808559179306,0.6693821549415588,0.5547160506248474,0.4898444414138794,-0.03149733319878578,0.8622637391090393,0.4592501223087311,0.466683030128479,0.020139630883932114,0.9995324611663818,0.5105226635932922,0.47053319215774536,-0.020440736785531044,0.9994915127754211,0.4499536156654358,0.6272621154785156,0.03214265778660774,0.9914649724960327,0.5100878477096558,0.6465834975242615,-0.0005263361381366849,0.994031548500061,0.4488495886325836,0.7881835103034973,0.06967182457447052,0.9844267964363098,0.5026188492774963,0.8171525597572327,0.01926328055560589,0.9914872050285339,0.4529135823249817,0.8097806572914124,0.0719975084066391,0.986998438835144,0.4970471262931824,0.8372660279273987,0.020263519138097763,0.9911947846412659,0.4465263783931732,0.8215837478637695,0.02647271379828453,0.8329200744628906,0.5078063607215881,0.8426738381385803,-0.031035717576742172,0.882411777973175
117,walk,0.4844970703125,0.18605846166610718,0.17780867218971252,0.9996798634529114,0.48137181997299194,0.17475399374961853,0.14788393676280975,0.9994939565658569,0.478870153427124,0.17464543879032135,0.14792397618293762,0.9995698928833008,0.4761178493499756,0.17457915842533112,0.14794108271598816,0.9994515776634216,0.4881772994995117,0.17417778074741364,0.1494712084531784,0.9995068907737732,0.49067726731300354,0.17374469339847565,0.14947009086608887,0.9995774030685425,0.4933187961578369,0.17325972020626068,0.14939096570014954,0.9994361400604248,0.47137537598609924,0.17931610345840454,0.039734985679388046,0.9995200037956238,0.4973222613334656,0.17676155269145966,0.0497116893529892,0.9994555115699768,0.4810827374458313,0.19483555853366852,0.14452937245368958,0.9995993375778198,0.4885086417198181,0.1950373500585556,0.1456889510154724,0.999607503414154,0.44110575318336487,0.2488439977169037,-0.0010086033726111054,0.9998359680175781,0.5272528529167175,0.245400071144104,-0.009675419889390469,0.999895453453064,0.4252844750881195,0.3622058928012848,-0.017137043178081512,0.9717540740966797,0.5504129528999329,0.3604566752910614,-0.025292327627539635,0.9939723610877991,0.41224226355552673,0.46924057602882385,-0.00855973083525896,0.8507708311080933,0.5594728589057922,0.47154518961906433,-0.020198147743940353,0.9515366554260254,0.4111645817756653,0.4983072578907013,-0.0127915870398283,0.756748616695404,0.5603645443916321,0.501099169254303,-0.022403230890631676,0.9114394187927246,0.4159347116947174,0.494650661945343,-0.013408464379608631,0.7413555383682251,0.5563362836837769,0.49881982803344727,-0.023435227572917938,0.9033279418945312,0.4184238314628601,0.485047310590744,-0.008487709797918797,0.6631137132644653,0.5547073483467102,0.4898204803466797,-0.019816800951957703,0.8550558090209961,0.4592991769313812,0.4673418402671814,0.0189985241740942,0.9994879961013794,0.5104042887687683,0.471249520778656,-0.01928265206515789,0.999431848526001,0.4500148296356201,0.6314297318458557,0.030604306608438492,0.991094172000885,0.5099418759346008,0.6486036777496338,0.018347620964050293,0.9938002824783325,0.44858041405677795,0.792034924030304,0.06771846860647202,0.9831967353820801,0.5026615858078003,0.8176724910736084,0.04931958392262459,0.990870475769043,0.4520564675331116,0.8122798204421997,0.06991241872310638,0.9861176609992981,0.4977114200592041,0.8390565514564514,0.05180572345852852,0.9907792210578918,0.4471381604671478,0.8217915296554565,0.02431231550872326,0.8225366473197937,0.5087904930114746,0.8409478664398193,0.004442719276994467,0.8739836812019348
118,walk,0.4844356179237366,0.18767350912094116,0.17874185740947723,0.9996681213378906,0.4812425673007965,0.17654724419116974,0.14888611435890198,0.9994785785675049,0.47867435216903687,0.1764943152666092,0.1489252895116806,0.9995513558387756,0.47590088844299316,0.17649869620800018,0.14893969893455505,0.9994314908981323,0.48806652426719666,0.17584648728370667,0.15055035054683685,0.9994933009147644,0.490537166595459,0.17539235949516296,0.15055017173290253,0.999561607837677,0.4932033121585846,0.17488352954387665,0.15047159790992737,0.9994187951087952,0.47103577852249146,0.1811150163412094,0.040987398475408554,0.9995072484016418,0.4976488947868347,0.17842653393745422,0.05279061943292618,0.9994468688964844,0.48096245527267456,0.1967407613992691,0.14563046395778656,0.9995927810668945,0.4884761869907379,0.1967230886220932,0.14656607806682587,0.9996047616004944,0.4411696791648865,0.2505893409252167,-0.0011330244597047567,0.9998345971107483,0.527349054813385,0.2467046082019806,-0.005023863632231951,0.9998947978019714,0.4251159131526947,0.363048255443573,-0.01744883693754673,0.9728941321372986,0.5505031943321228,0.362496018409729,-0.019850948825478554,0.9941132664680481,0.41231265664100647,0.4715958833694458,-0.003677741391584277,0.8490497469902039,0.5593000650405884,0.47234687209129333,-0.011195564642548561,0.9493177533149719,0.4116368293762207,0.5003011226654053,-0.007739639841020107,0.753157913684845,0.5601720213890076,0.5016037225723267,-0.012824298813939095,0.9065465331077576,0.4164474606513977,0.4973782002925873,-0.007377254776656628,0.7374361157417297,0.556214451789856,0.499442458152771,-0.014795629307627678,0.8977518081665039,0.41869276762008667,0.4874471127986908,-0.003245812375098467,0.6598339676856995,0.5545393824577332,0.49052610993385315,-0.011312581598758698,0.8486101627349854,0.4591929316520691,0.4699719250202179,0.011284882202744484,0.9994524121284485,0.5102580785751343,0.4734066426753998,-0.01153650227934122,0.9993710517883301,0.4509384036064148,0.636757493019104,0.032327163964509964,0.9900231957435608,0.5099934935569763,0.6507186889648438,0.03206469863653183,0.9929624795913696,0.4504483640193939,0.7956868410110474,0.07186533510684967,0.9810414910316467,0.5029140710830688,0.8186235427856445,0.07164163887500763,0.9891710877418518,0.4534474313259125,0.8170996904373169,0.07463254034519196,0.9845993518829346,0.4990425109863281,0.8417207598686218,0.07507548481225967,0.989646315574646,0.4509608745574951,0.8215612769126892,0.036714013665914536,0.8110054135322571,0.5102911591529846,0.8391709327697754,0.03197754546999931,0.8602643609046936
119,walk,0.48462867736816406,0.19048036634922028,0.17340154945850372,0.9996671080589294,0.4815336763858795,0.1795182079076767,0.1440223604440689,0.9994782209396362,0.47896161675453186,0.17950624227523804,0.14405982196331024,0.9995487928390503,0.4762272238731384,0.17956453561782837,0.14406812191009521,0.9994306564331055,0.4881855845451355,0.17865286767482758,0.1459733247756958,0.999493420124054,0.4905714988708496,0.17814840376377106,0.14597786962985992,0.9995595812797546,0.49318599700927734,0.17759969830513,0.14590421319007874,0.9994174838066101,0.47132691740989685,0.18391217291355133,0.040029220283031464,0.9995094537734985,0.4976937174797058,0.18098530173301697,0.05084747076034546,0.999451220035553,0.48121070861816406,0.19960688054561615,0.14208295941352844,0.9995962977409363,0.4886434078216553,0.19922511279582977,0.1440337598323822,0.9996088743209839,0.44149094820022583,0.2518213987350464,-0.0014115293743088841,0.9998369812965393,0.5276035666465759,0.24926456809043884,-0.0058787488378584385,0.9998966455459595,0.42492908239364624,0.3634924292564392,-0.016916442662477493,0.9735146164894104,0.5504885911941528,0.3642957806587219,-0.02222375012934208,0.9942259788513184,0.4123079180717468,0.4724317193031311,-0.004269634373486042,0.8477886915206909,0.558989942073822,0.4737548828125,-0.012493238784372807,0.9481304883956909,0.4114810526371002,0.5006924271583557,-0.00898822583258152,0.7506851553916931,0.5599009990692139,0.5022974014282227,-0.014598752371966839,0.903653085231781,0.4165305197238922,0.4980027377605438,-0.009208655916154385,0.7347584366798401,0.5559197068214417,0.5002128481864929,-0.017228448763489723,0.8945091366767883,0.4188357889652252,0.4881158471107483,-0.004110879730433226,0.6574599742889404,0.5542661547660828,0.4914630949497223,-0.012741019017994404,0.8448962569236755,0.459021657705307,0.4702003002166748,0.011472990736365318,0.9994349479675293,0.5101543664932251,0.4735756814479828,-0.011726712808012962,0.999338686466217,0.45161646604537964,0.639048159122467,0.03128126263618469,0.989197313785553,0.5099753141403198,0.6510850191116333,0.029541173949837685,0.9924632906913757,0.4500294625759125,0.7993439435958862,0.07101238518953323,0.979414165019989,0.5028941631317139,0.8190451860427856,0.06397043168544769,0.9880945682525635,0.45261088013648987,0.8211761713027954,0.07374441623687744,0.9834246039390564,0.4990674555301666,0.8434404134750366,0.06686980277299881,0.9889294505119324,0.45114174485206604,0.819933295249939,0.031066853553056717,0.8018608093261719,0.5124289989471436,0.837823212146759,0.022083450108766556,0.8511557579040527
120,walk,0.48477333784103394,0.192650705575943,0.17218299210071564,0.9996730089187622,0.48157253861427307,0.18188071250915527,0.14308711886405945,0.999484658241272,0.4789741635322571,0.18196555972099304,0.14312796294689178,0.9995524883270264,0.4762309193611145,0.18209737539291382,0.14313724637031555,0.99943608045578,0.4882344603538513,0.1807853728532791,0.14449284970760345,0.9995028376579285,0.4905633330345154,0.1801903247833252,0.14449834823608398,0.9995672702789307,0.4931320548057556,0.17956185340881348,0.14442721009254456,0.9994289875030518,0.47125664353370667,0.18625034391880035,0.040326524525880814,0.9995130300521851,0.49771228432655334,0.18290448188781738,0.04822351783514023,0.99946528673172,0.4813759922981262,0.2018277943134308,0.14137646555900574,0.9996042847633362,0.48878970742225647,0.20125438272953033,0.1428457498550415,0.9996204972267151,0.4413033127784729,0.2543802559375763,-0.0013361129676923156,0.9998336434364319,0.5273841619491577,0.25095894932746887,-0.011892902664840221,0.999899685382843,0.42475754022598267,0.3648245632648468,-0.013930645771324635,0.9739049077033997,0.5502475500106812,0.36564111709594727,-0.023821841925382614,0.9944115281105042,0.41251254081726074,0.47280198335647583,-0.0003310969041194767,0.8434311151504517,0.5589302778244019,0.47583553194999695,-0.01937306486070156,0.9483380317687988,0.4114597737789154,0.5007292032241821,-0.0042487503960728645,0.7448635101318359,0.5596520304679871,0.50445556640625,-0.022090500220656395,0.9033538103103638,0.4165758490562439,0.49821263551712036,-0.005056696943938732,0.7287616729736328,0.5557272434234619,0.5021234154701233,-0.0239101629704237,0.89411461353302,0.4188891351222992,0.48846226930618286,-0.00035479222424328327,0.6519123911857605,0.553930938243866,0.4934324026107788,-0.01930244453251362,0.8445068001747131,0.4592074453830719,0.4713042676448822,0.011580451391637325,0.9994185566902161,0.5101514458656311,0.47430577874183655,-0.011820243671536446,0.9993244409561157,0.45382267236709595,0.6392149329185486,0.0397878959774971,0.9891044497489929,0.5099068284034729,0.6509789824485779,0.02927546575665474,0.9925472736358643,0.4497014880180359,0.7995411157608032,0.08158522099256516,0.9792355895042419,0.5028864741325378,0.8189891576766968,0.06557884067296982,0.9881299734115601,0.4523773789405823,0.8220993876457214,0.08473288267850876,0.983268678188324,0.4990576207637787,0.843738317489624,0.06889075040817261,0.988964855670929,0.45329999923706055,0.8135533928871155,0.04929060488939285,0.7990601658821106,0.5136036276817322,0.8359108567237854,0.026467368006706238,0.8496459126472473
121,walk,0.4846499562263489,0.19508096575737,0.1841679811477661,0.9996768832206726,0.4813968241214752,0.1839853972196579,0.1555178314447403,0.9994869232177734,0.4788024425506592,0.18402156233787537,0.15555758774280548,0.9995538592338562,0.47606009244918823,0.18408454954624176,0.15557023882865906,0.9994361996650696,0.4880911707878113,0.18286970257759094,0.15662142634391785,0.9995090365409851,0.49042028188705444,0.18222758173942566,0.15662828087806702,0.9995737671852112,0.49302154779434204,0.18160194158554077,0.15655753016471863,0.999437689781189,0.47108858823776245,0.18804031610488892,0.053452830761671066,0.9995145797729492,0.4974594712257385,0.1849464476108551,0.059068161994218826,0.9994766116142273,0.4812317490577698,0.20434750616550446,0.15346255898475647,0.9996094107627869,0.4886470437049866,0.20369088649749756,0.15457811951637268,0.9996300339698792,0.4409515857696533,0.25598618388175964,0.007602012250572443,0.9998287558555603,0.5273267030715942,0.2523673474788666,-0.004380813799798489,0.9999009966850281,0.4243775010108948,0.36613351106643677,-0.005801024381071329,0.9747031927108765,0.5501512885093689,0.36691558361053467,-0.0173779483884573,0.9945938587188721,0.4122500419616699,0.4738214612007141,0.010136650875210762,0.8395556807518005,0.5586617588996887,0.47699174284935,-0.004025901667773724,0.9477329254150391,0.41117268800735474,0.5010701417922974,0.0064489273354411125,0.7392826676368713,0.5590158700942993,0.5054989457130432,-0.0047881039790809155,0.9014443755149841,0.4162597060203552,0.49876487255096436,0.006915510632097721,0.7227985262870789,0.5552250146865845,0.5030497908592224,-0.0061653777956962585,0.8919995427131653,0.41858330368995667,0.4891760051250458,0.010552933439612389,0.645918071269989,0.5533596277236938,0.49451112747192383,-0.0035043247044086456,0.8418252468109131,0.4592541754245758,0.474537193775177,0.011251427233219147,0.9994085431098938,0.5100444555282593,0.4771028161048889,-0.01149710826575756,0.9993120431900024,0.4549964964389801,0.6403770446777344,0.03797261044383049,0.9895769357681274,0.509882390499115,0.6509267091751099,0.0315408892929554,0.9928442239761353,0.4495038390159607,0.8005120754241943,0.07828448712825775,0.9799482226371765,0.5028661489486694,0.8191034197807312,0.06886288523674011,0.9884741902351379,0.4521200656890869,0.8249622583389282,0.08135250210762024,0.983782172203064,0.4989812970161438,0.8442876935005188,0.07239511609077454,0.9892590045928955,0.45393258333206177,0.8103582859039307,0.04597946256399155,0.7999134659767151,0.5141565799713135,0.8344055414199829,0.03148927539587021,0.8498097062110901
122,walk,0.48425841331481934,0.19786642491817474,0.1928575336933136,0.99968421459198,0.48092120885849,0.18636104464530945,0.16407641768455505,0.9994946718215942,0.47831660509109497,0.18633025884628296,0.1641136109828949,0.9995602369308472,0.4755513072013855,0.1863240748643875,0.1641271710395813,0.9994421005249023,0.48770880699157715,0.1853605955839157,0.16496607661247253,0.9995192885398865,0.48992735147476196,0.18474292755126953,0.1649717092514038,0.9995837807655334,0.49230045080184937,0.18418897688388824,0.16490331292152405,0.9994500875473022,0.47068873047828674,0.19019527733325958,0.061161190271377563,0.99952232837677,0.497021347284317,0.18740281462669373,0.06525576114654541,0.9994910955429077,0.4807172417640686,0.20698747038841248,0.1617518663406372,0.9996187090873718,0.4882120192050934,0.20658041536808014,0.1624956876039505,0.9996422529220581,0.44084176421165466,0.25833404064178467,0.01362862903624773,0.9998275637626648,0.5262184739112854,0.2538515031337738,0.0011808918789029121,0.9999018907546997,0.42415302991867065,0.3675415515899658,-0.0018192064017057419,0.9755870699882507,0.549401581287384,0.3670334219932556,-0.01639430783689022,0.9947428107261658,0.412066787481308,0.47446322441101074,0.01113314088433981,0.8383323550224304,0.557997465133667,0.4768798351287842,-0.007591054774820805,0.9476407170295715,0.4110166132450104,0.501222550868988,0.006681597325950861,0.737403392791748,0.5583542585372925,0.5054445266723633,-0.009671651758253574,0.900702953338623,0.4161326289176941,0.4989776909351349,0.007011684589087963,0.7206583619117737,0.554692804813385,0.5030484795570374,-0.010718362405896187,0.8911450505256653,0.4185183644294739,0.4896685779094696,0.01134744007140398,0.6437158584594727,0.5526678562164307,0.49457794427871704,-0.007147837430238724,0.8404869437217712,0.4592282772064209,0.4778197109699249,0.010216129943728447,0.9994086623191833,0.5100072622299194,0.4805554747581482,-0.010466942563652992,0.999310314655304,0.45621293783187866,0.6415637731552124,0.037248626351356506,0.9901778101921082,0.5098223090171814,0.6508781909942627,0.03168638050556183,0.9932091236114502,0.44934970140457153,0.8013762831687927,0.07962626963853836,0.9809349179267883,0.5028693675994873,0.8192305564880371,0.07005486637353897,0.9889802932739258,0.45202866196632385,0.8279396891593933,0.0830531194806099,0.9845587611198425,0.4989732801914215,0.8449402451515198,0.07360441982746124,0.9897116422653198,0.4545827805995941,0.8086060285568237,0.04726128652691841,0.8026814460754395,0.5144874453544617,0.8328218460083008,0.031137149780988693,0.8513792753219604
123,walk,0.4839906692504883,0.19941715896129608,0.2018207609653473,0.9996979832649231,0.4804312288761139,0.18753449618816376,0.17304778099060059,0.9995142221450806,0.47778400778770447,0.18738025426864624,0.17308415472507477,0.9995777010917664,0.4749549329280853,0.18727828562259674,0.1730985939502716,0.9994620680809021,0.48733463883399963,0.1869899481534958,0.17386135458946228,0.9995399713516235,0.4894641935825348,0.18656359612941742,0.17386870086193085,0.9996031522750854,0.49167221784591675,0.1861698180437088,0.17380735278129578,0.9994738101959229,0.47016817331314087,0.1915307193994522,0.06945623457431793,0.9995420575141907,0.4964870512485504,0.18940363824367523,0.07276931405067444,0.9995155334472656,0.48027849197387695,0.20875543355941772,0.17034223675727844,0.999636173248291,0.4878283441066742,0.2086046040058136,0.1708390861749649,0.9996607303619385,0.44043999910354614,0.26150184869766235,0.018113980069756508,0.9998285174369812,0.5251912474632263,0.2561616003513336,0.008705036714673042,0.9999023079872131,0.4239322245121002,0.36926978826522827,0.0010363094042986631,0.9767341613769531,0.5480995178222656,0.36801716685295105,-0.013048608787357807,0.9948086142539978,0.4117802679538727,0.4752276539802551,0.013221560046076775,0.840091347694397,0.5565634369850159,0.4770547151565552,-0.009432030841708183,0.946806788444519,0.41065144538879395,0.5015730857849121,0.008424198254942894,0.7397310137748718,0.5570031404495239,0.5056589841842651,-0.012213055975735188,0.8989447951316833,0.41545796394348145,0.49927884340286255,0.008915170095860958,0.7229269742965698,0.5532773733139038,0.5032522678375244,-0.012830574996769428,0.8891744017601013,0.417719304561615,0.4902328848838806,0.013555636629462242,0.6460235714912415,0.550989031791687,0.4947921335697174,-0.008950667455792427,0.8374759554862976,0.45914554595947266,0.4803522825241089,0.008307689800858498,0.9994219541549683,0.5095036029815674,0.48335015773773193,-0.008561105467379093,0.9993199110031128,0.4573137164115906,0.6423201560974121,0.03682781383395195,0.9909166097640991,0.5097557902336121,0.6508271098136902,0.03698072209954262,0.9936524629592896,0.4495064318180084,0.8020045161247253,0.07910197228193283,0.9821732640266418,0.5028600096702576,0.8191881775856018,0.07974929362535477,0.9896256923675537,0.45171576738357544,0.8308330774307251,0.08270832896232605,0.985576331615448,0.4989418387413025,0.8453170657157898,0.08379342406988144,0.9903032183647156,0.4553537964820862,0.8071264624595642,0.0483730211853981,0.8067745566368103,0.5155702233314514,0.8293300867080688,0.04347476363182068,0.8537817597389221
124,walk,0.4823729991912842,0.20045095682144165,0.19741655886173248,0.9997130036354065,0.47863858938217163,0.18867376446723938,0.16871508955955505,0.9995374083518982,0.47593846917152405,0.18840409815311432,0.1687508374452591,0.9995979070663452,0.47307878732681274,0.18821364641189575,0.16876450181007385,0.9994864463806152,0.4856244921684265,0.18844881653785706,0.16974525153636932,0.9995629191398621,0.48784103989601135,0.18811312317848206,0.16975107789039612,0.9996241927146912,0.4900147020816803,0.18774886429309845,0.16968759894371033,0.9995002746582031,0.4686521589756012,0.1926591396331787,0.06634154170751572,0.9995655417442322,0.495291143655777,0.19104713201522827,0.07038486748933792,0.9995415210723877,0.47876977920532227,0.20987986028194427,0.16615185141563416,0.9996551275253296,0.4863138198852539,0.21006624400615692,0.16693417727947235,0.9996795654296875,0.43992453813552856,0.26272839307785034,0.01637883298099041,0.9998334050178528,0.5240110158920288,0.2583596110343933,0.008819643408060074,0.9999030232429504,0.423652708530426,0.36919835209846497,-0.0009988488163799047,0.9779326319694519,0.546087384223938,0.3692997097969055,-0.015155069530010223,0.9948089122772217,0.4116824269294739,0.47517722845077515,0.009158027358353138,0.8459481000900269,0.5540855526924133,0.4775015115737915,-0.016327325254678726,0.9469010829925537,0.4098394513130188,0.5017073154449463,0.004004382994025946,0.7478463053703308,0.5548297762870789,0.506225049495697,-0.022208038717508316,0.8987745642662048,0.41412949562072754,0.4993850588798523,0.0040648942813277245,0.7313085198402405,0.5509048700332642,0.5038222670555115,-0.02295336313545704,0.888809323310852,0.41673189401626587,0.4904242753982544,0.009319998323917389,0.6549197435379028,0.548216700553894,0.4953594207763672,-0.016422122716903687,0.8366160988807678,0.4592529833316803,0.4815782904624939,0.005577671341598034,0.9994345307350159,0.5090528726577759,0.4844719469547272,-0.005824345164000988,0.9993228316307068,0.4582761824131012,0.6428635120391846,0.033901236951351166,0.9915645122528076,0.5091515779495239,0.6508380770683289,0.03835957497358322,0.9939885139465332,0.4496392607688904,0.80251145362854,0.07735247910022736,0.9832100868225098,0.5028345584869385,0.8191949725151062,0.08036504685878754,0.9901091456413269,0.4515981078147888,0.8328860998153687,0.08127941191196442,0.9864399433135986,0.4988709092140198,0.8460838198661804,0.0840437263250351,0.9907679557800293,0.4557499885559082,0.8066747784614563,0.04613185673952103,0.8101486563682556,0.5157178640365601,0.8278449177742004,0.041311636567115784,0.854747474193573
125,walk,0.4801097512245178,0.20115678012371063,0.21600301563739777,0.9997254610061646,0.47620946168899536,0.1896226853132248,0.18839628994464874,0.999557614326477,0.47346147894859314,0.1893167644739151,0.1884356141090393,0.9996157288551331,0.4706355929374695,0.18906356394290924,0.18845117092132568,0.9995083808898926,0.48318248987197876,0.18947537243366241,0.18854176998138428,0.9995827674865723,0.4855514466762543,0.18910609185695648,0.1885470300912857,0.9996423125267029,0.48785847425460815,0.1886933445930481,0.18848243355751038,0.9995232224464417,0.46641725301742554,0.19337160885334015,0.08585549145936966,0.999586284160614,0.493500292301178,0.19208963215351105,0.08594109117984772,0.9995641708374023,0.47641459107398987,0.2106473296880722,0.1842944324016571,0.9996711611747742,0.4840793013572693,0.2110813558101654,0.18389679491519928,0.9996956586837769,0.4380478262901306,0.2639569342136383,0.03151550889015198,0.9998383522033691,0.5221521854400635,0.26049941778182983,0.018141532316803932,0.9999033808708191,0.42277106642723083,0.37153998017311096,0.011589495465159416,0.9789844155311584,0.543527364730835,0.3696729838848114,-0.005855386611074209,0.994848906993866,0.4111610949039459,0.4760185778141022,0.020830202847719193,0.8508074879646301,0.5518245697021484,0.47775623202323914,-0.005892738699913025,0.9463328719139099,0.4083787798881531,0.5035078525543213,0.014487944543361664,0.7544533610343933,0.5526505708694458,0.5064772963523865,-0.010889575816690922,0.8972971439361572,0.4122543931007385,0.5010424256324768,0.015197587199509144,0.7379461526870728,0.5488107800483704,0.5040939450263977,-0.011462907306849957,0.8871108889579773,0.41501355171203613,0.4922161102294922,0.02101248875260353,0.661908745765686,0.5460762977600098,0.4958060383796692,-0.005708152428269386,0.8340511918067932,0.45922866463661194,0.4823063611984253,0.006217546295374632,0.9994489550590515,0.5082326531410217,0.48471498489379883,-0.006467004306614399,0.9993264675140381,0.4582797586917877,0.6434396505355835,0.03208065778017044,0.9921386241912842,0.5080056190490723,0.6508404612541199,0.03668120875954628,0.9942916035652161,0.44960054755210876,0.803031325340271,0.07153091579675674,0.9840795993804932,0.5027071833610535,0.819175124168396,0.07861106097698212,0.9905081987380981,0.45123282074928284,0.8333783745765686,0.07494146376848221,0.9872135519981384,0.49874624609947205,0.8462923765182495,0.08241530507802963,0.9911808967590332,0.45567187666893005,0.8066117763519287,0.04009237140417099,0.8112654685974121,0.5161446332931519,0.8274827003479004,0.0400269515812397,0.854224681854248
126,walk,0.4779081344604492,0.2025155872106552,0.22265012562274933,0.9997368454933167,0.4737818241119385,0.19122479856014252,0.1954309642314911,0.9995763301849365,0.47101980447769165,0.1908922642469406,0.19546961784362793,0.9996317625045776,0.46825259923934937,0.19061985611915588,0.19548673927783966,0.9995291829109192,0.48085060715675354,0.19119998812675476,0.19532671570777893,0.9996007084846497,0.4831843972206116,0.19080112874507904,0.19533494114875793,0.9996582269668579,0.4856070578098297,0.1904093623161316,0.1952666938304901,0.9995445013046265,0.46409136056900024,0.19485971331596375,0.0923600122332573,0.9996029734611511,0.49155306816101074,0.1938101202249527,0.09164700657129288,0.9995836019515991,0.47405362129211426,0.21209555864334106,0.19058308005332947,0.99968421459198,0.48171544075012207,0.21258655190467834,0.1899535357952118,0.9997087717056274,0.4362730383872986,0.26583757996559143,0.03865605965256691,0.9998428225517273,0.5201672911643982,0.2622952461242676,0.020073533058166504,0.9999040365219116,0.4209129214286804,0.37382566928863525,0.018435586243867874,0.9800048470497131,0.5416134595870972,0.3720336854457855,0.0010930132120847702,0.994981050491333,0.4103766083717346,0.47716543078422546,0.024912172928452492,0.8556355237960815,0.5497568845748901,0.4790976345539093,0.009782655164599419,0.9464314579963684,0.40729060769081116,0.5053160786628723,0.018978102132678032,0.760521650314331,0.5507539510726929,0.5075829029083252,0.006245441734790802,0.8965772986412048,0.4110010266304016,0.5026841759681702,0.019541695713996887,0.744128942489624,0.5467765927314758,0.5052333474159241,0.005464453250169754,0.8862331509590149,0.4136698246002197,0.49386999011039734,0.024928972125053406,0.6684800982475281,0.543921947479248,0.4969460368156433,0.01024099625647068,0.8326583504676819,0.45823392271995544,0.4832770526409149,0.006887996103614569,0.999455988407135,0.5063117742538452,0.48496878147125244,-0.007140166126191616,0.9993231892585754,0.457955539226532,0.643727719783783,0.0303081925958395,0.9925451874732971,0.5070302486419678,0.6508640646934509,0.03657590597867966,0.9945371150970459,0.44970637559890747,0.8030663132667542,0.06519027799367905,0.9846515655517578,0.5027081966400146,0.8187153339385986,0.07618924975395203,0.9907999634742737,0.4510878920555115,0.8333593606948853,0.06780627369880676,0.9877643585205078,0.49877554178237915,0.8460332155227661,0.07973531633615494,0.9914801120758057,0.45614752173423767,0.8070487976074219,0.030214622616767883,0.8115577101707458,0.5160254836082458,0.827768087387085,0.035304807126522064,0.8541768193244934
127,walk,0.4768993854522705,0.20454692840576172,0.21719491481781006,0.9997475743293762,0.47280341386795044,0.19327032566070557,0.19001801311969757,0.9995937943458557,0.47003188729286194,0.19294477999210358,0.19005554914474487,0.9996462464332581,0.4673096537590027,0.19268463551998138,0.19007374346256256,0.9995480179786682,0.47967711091041565,0.19328579306602478,0.18993030488491058,0.9996181726455688,0.48189061880111694,0.1929042786359787,0.18994049727916718,0.9996734261512756,0.4842245578765869,0.19255992770195007,0.1898738145828247,0.9995651841163635,0.4631110727787018,0.19682486355304718,0.08776307106018066,0.9996176958084106,0.48982638120651245,0.19604164361953735,0.08714717626571655,0.9996021389961243,0.47304511070251465,0.2143731415271759,0.18545213341712952,0.9996964335441589,0.4804495871067047,0.21493807435035706,0.18488577008247375,0.9997217655181885,0.4347755014896393,0.2673669457435608,0.03508567065000534,0.9998462200164795,0.5175490975379944,0.2639208137989044,0.017330998554825783,0.9999050498008728,0.41800394654273987,0.3756310045719147,0.016241636127233505,0.9809406399726868,0.5397440791130066,0.3742867708206177,-0.0012521184980869293,0.9951261878013611,0.40976962447166443,0.47810593247413635,0.02376137673854828,0.8590419888496399,0.5480160713195801,0.4813357889652252,0.007980975322425365,0.9468218684196472,0.4067121148109436,0.5060950517654419,0.01864911988377571,0.7642766833305359,0.5490607023239136,0.509438693523407,0.004923270083963871,0.8964396715164185,0.410339891910553,0.5033396482467651,0.019080158323049545,0.7479577660560608,0.5450224280357361,0.5077243447303772,0.004068995825946331,0.8859972953796387,0.4128260612487793,0.4946577250957489,0.023798923939466476,0.6726140975952148,0.5421082973480225,0.4995391070842743,0.008489425294101238,0.8321858048439026,0.4571772515773773,0.4847298860549927,0.007209175266325474,0.999459981918335,0.50446617603302,0.48629018664360046,-0.007462230511009693,0.9993191957473755,0.4573771059513092,0.6444447636604309,0.029858360067009926,0.9929011464118958,0.5053553581237793,0.6508926749229431,0.03629080578684807,0.9947397708892822,0.4501352906227112,0.8030111789703369,0.06425490975379944,0.9851938486099243,0.5027000904083252,0.8179171085357666,0.07570437341928482,0.9910574555397034,0.4510318338871002,0.8330124616622925,0.06673308461904526,0.9882607460021973,0.4988197386264801,0.8451377749443054,0.07945743948221207,0.9917152523994446,0.45699653029441833,0.80757737159729,0.028988346457481384,0.8141127824783325,0.5154548287391663,0.8279950618743896,0.03313462436199188,0.8556824326515198
128,walk,0.47642645239830017,0.20627091825008392,0.21554496884346008,0.9997559189796448,0.4724200367927551,0.19493936002254486,0.18875586986541748,0.9996091723442078,0.46965375542640686,0.1945655196905136,0.18879057466983795,0.9996587634086609,0.466947466135025,0.1942993849515915,0.18881107866764069,0.9995660781860352,0.4791354238986969,0.19510073959827423,0.18843722343444824,0.9996328949928284,0.4812857508659363,0.19478510320186615,0.18845176696777344,0.9996857047080994,0.4835317134857178,0.1944863647222519,0.18838441371917725,0.9995830655097961,0.46261295676231384,0.19854506850242615,0.08689539134502411,0.9996300935745239,0.48872095346450806,0.19791395962238312,0.08536643534898758,0.9996160268783569,0.4726381301879883,0.2162095010280609,0.18380652368068695,0.999705970287323,0.4799201488494873,0.21692045032978058,0.18296656012535095,0.9997310638427734,0.4326194226741791,0.2688720226287842,0.03607869893312454,0.9998480081558228,0.515349805355072,0.26547563076019287,0.015567610040307045,0.9999046325683594,0.4161357879638672,0.3782729208469391,0.018276121467351913,0.9816815853118896,0.5379883646965027,0.37701934576034546,-0.00041588014573790133,0.995227575302124,0.40803179144859314,0.47938549518585205,0.02436588890850544,0.8627187013626099,0.5468436479568481,0.48250120878219604,0.013060453347861767,0.9472827911376953,0.40550917387008667,0.5078728199005127,0.0198449045419693,0.7682012915611267,0.5477086901664734,0.5101235508918762,0.010680192150175571,0.8966771364212036,0.4091631770133972,0.5049547553062439,0.02025829628109932,0.7520058751106262,0.5432819128036499,0.5087087750434875,0.009531853720545769,0.8862934708595276,0.4112863540649414,0.49599695205688477,0.024467462673783302,0.6767328977584839,0.5404354333877563,0.5006405711174011,0.013625902123749256,0.8323367238044739,0.4537549614906311,0.48492324352264404,0.008605110459029675,0.9994537830352783,0.5012639760971069,0.4870181679725647,-0.008871936239302158,0.9993051886558533,0.4548036456108093,0.64481121301651,0.025462880730628967,0.9930748343467712,0.5037516355514526,0.6501908302307129,0.0294172503054142,0.9948267340660095,0.4500931203365326,0.8027851581573486,0.055419065058231354,0.9852457046508789,0.5026811957359314,0.8164834976196289,0.06013701111078262,0.9910569190979004,0.4509637951850891,0.8329406976699829,0.05729328468441963,0.9884040355682373,0.4988216757774353,0.8439046144485474,0.0625372976064682,0.9917381405830383,0.4567846357822418,0.8079617619514465,0.016368381679058075,0.8137534260749817,0.5154216289520264,0.8280567526817322,0.016909239813685417,0.8553561568260193
129,walk,0.4749264121055603,0.20849460363388062,0.21247796714305878,0.9997645616531372,0.47073179483413696,0.1971651315689087,0.1855696439743042,0.9996242523193359,0.46800726652145386,0.19674932956695557,0.18560385704040527,0.9996715784072876,0.46534213423728943,0.19642022252082825,0.18562383949756622,0.9995840787887573,0.47753939032554626,0.19731023907661438,0.18521186709403992,0.9996475577354431,0.47963014245033264,0.19693009555339813,0.18522478640079498,0.9996979832649231,0.4818117022514343,0.19658343493938446,0.18515701591968536,0.9996002912521362,0.4608979821205139,0.20033368468284607,0.0847931057214737,0.9996424317359924,0.4867544174194336,0.19981719553470612,0.0825842022895813,0.9996297359466553,0.4711207449436188,0.21829459071159363,0.18105486035346985,0.9997161626815796,0.4783647656440735,0.21893858909606934,0.18021054565906525,0.999740719795227,0.4308168292045593,0.2698558270931244,0.035388171672821045,0.999851644039154,0.5126094222068787,0.26643794775009155,0.013934681192040443,0.999905526638031,0.41434311866760254,0.378184050321579,0.01812540367245674,0.982307493686676,0.5357901453971863,0.3782617747783661,-0.002004938665777445,0.9952778220176697,0.40614038705825806,0.4795849323272705,0.02281029522418976,0.8660107851028442,0.5452138185501099,0.4832168519496918,0.012226654216647148,0.9473851323127747,0.40406543016433716,0.5081959366798401,0.017903581261634827,0.7718345522880554,0.546047568321228,0.5102693438529968,0.009657574817538261,0.8963496685028076,0.4078822135925293,0.5053597092628479,0.01817994937300682,0.7557576298713684,0.5411367416381836,0.5091023445129395,0.00828885193914175,0.8860973119735718,0.4098615050315857,0.4964863359928131,0.022876551374793053,0.6805282235145569,0.5382406711578369,0.5011178255081177,0.012789537198841572,0.831884503364563,0.4516479969024658,0.48525556921958923,0.010434437543153763,0.9994529485702515,0.49846115708351135,0.4873131215572357,-0.01071950513869524,0.999299943447113,0.45290493965148926,0.6449896097183228,0.025219857692718506,0.9933542609214783,0.5029164552688599,0.6497373580932617,0.027502411976456642,0.9949607849121094,0.450128972530365,0.8024537563323975,0.05460631102323532,0.9856038093566895,0.5026843547821045,0.814178466796875,0.0591646209359169,0.991169810295105,0.4511268138885498,0.8322758078575134,0.05652923509478569,0.9887298345565796,0.4988478124141693,0.8416374325752258,0.061792708933353424,0.9918082356452942,0.4570603370666504,0.8082334995269775,0.01665394753217697,0.8149245381355286,0.5154398679733276,0.8275691270828247,0.01764075458049774,0.8559908866882324
130,walk,0.47330713272094727,0.21007004380226135,0.2120731770992279,0.9997689723968506,0.4690101742744446,0.19875279068946838,0.18549416959285736,0.999633252620697,0.4663235545158386,0.19828009605407715,0.18552808463573456,0.9996798038482666,0.4636878967285156,0.1978965550661087,0.18554911017417908,0.9995952248573303,0.47581377625465393,0.19895829260349274,0.18472996354103088,0.9996563196182251,0.4778173565864563,0.19855749607086182,0.18474243581295013,0.9997055530548096,0.47992372512817383,0.19817779958248138,0.18467167019844055,0.9996107816696167,0.45908647775650024,0.20162272453308105,0.08541497588157654,0.9996498227119446,0.4844559133052826,0.20122569799423218,0.08171825110912323,0.9996393918991089,0.4693850576877594,0.21973298490047455,0.1809481680393219,0.9997219443321228,0.4765778183937073,0.22041846811771393,0.17960548400878906,0.9997471570968628,0.4285072684288025,0.2704906761646271,0.035209137946367264,0.9998546242713928,0.5100057125091553,0.2675457000732422,0.012950020842254162,0.9999069571495056,0.4123361110687256,0.37803417444229126,0.016653064638376236,0.98270183801651,0.5324074029922485,0.37837910652160645,-0.0020378304179757833,0.9953084588050842,0.4043702185153961,0.4798102378845215,0.020974911749362946,0.8668750524520874,0.5433183908462524,0.48352324962615967,0.014208285138010979,0.9471007585525513,0.40255481004714966,0.5089807510375977,0.01642543077468872,0.7721267342567444,0.5442694425582886,0.5102826952934265,0.01176464930176735,0.8953676223754883,0.40671586990356445,0.5059953927993774,0.016380401328206062,0.7559491991996765,0.5391319990158081,0.5092788338661194,0.010190972127020359,0.8852127194404602,0.4088016152381897,0.496823787689209,0.021030331030488014,0.680320680141449,0.536170244216919,0.5013612508773804,0.01480364054441452,0.8307411074638367,0.4499076008796692,0.48571425676345825,0.011182165704667568,0.9994525909423828,0.496372789144516,0.4878847301006317,-0.011477125808596611,0.9992979764938354,0.4512823522090912,0.6459599137306213,0.024975059553980827,0.9936224222183228,0.5026602745056152,0.6495752334594727,0.02733418345451355,0.9950288534164429,0.45012539625167847,0.8026014566421509,0.05297048017382622,0.9859669208526611,0.5026842355728149,0.8129374384880066,0.059480149298906326,0.9911318421363831,0.45108145475387573,0.8321073055267334,0.05482827499508858,0.9890266060829163,0.4988637864589691,0.8404486179351807,0.062042467296123505,0.991725504398346,0.4571177363395691,0.8083966374397278,0.016397951170802116,0.8150330185890198,0.5149297118186951,0.8268037438392639,0.02027890458703041,0.8543099164962769
131,walk,0.4712000787258148,0.21061375737190247,0.21614304184913635,0.9997707009315491,0.466787189245224,0.19939202070236206,0.18958024680614471,0.9996400475502014,0.46410688757896423,0.1989285796880722,0.18961191177368164,0.9996864795684814,0.46146732568740845,0.19853757321834564,0.1896292269229889,0.9996039867401123,0.47384852170944214,0.1995777189731598,0.18880747258663177,0.9996621608734131,0.4758461117744446,0.19915403425693512,0.18882092833518982,0.9997108578681946,0.4779556393623352,0.19874586164951324,0.18874819576740265,0.9996181130409241,0.456827312707901,0.20219126343727112,0.08813100308179855,0.9996566772460938,0.4823252260684967,0.2017975002527237,0.08471614122390747,0.9996474385261536,0.467047780752182,0.22024226188659668,0.18460984528064728,0.999724805355072,0.4746110439300537,0.22087043523788452,0.18319246172904968,0.9997503757476807,0.42623430490493774,0.2708606421947479,0.03586393967270851,0.9998552799224854,0.5079081058502197,0.26933035254478455,0.014774392358958721,0.9999063014984131,0.41023939847946167,0.3792286217212677,0.01671317033469677,0.9833093881607056,0.5296716690063477,0.3796728849411011,0.0040399665012955666,0.9953497052192688,0.4023281931877136,0.48137712478637695,0.021686842665076256,0.8670624494552612,0.5416439771652222,0.48417600989341736,0.02781027927994728,0.9459030032157898,0.4007605016231537,0.5107107162475586,0.016914045438170433,0.7707602381706238,0.542856752872467,0.510654866695404,0.027230307459831238,0.8926799297332764,0.4051533639431,0.5076809525489807,0.017872417345643044,0.7543581128120422,0.5378576517105103,0.5101456642150879,0.02603198029100895,0.8824366927146912,0.4073220193386078,0.4982059895992279,0.02208642102777958,0.6782212853431702,0.5348354578018188,0.5021838545799255,0.028734395280480385,0.8273337483406067,0.447530597448349,0.48685839772224426,0.011329696513712406,0.9994534850120544,0.49428591132164,0.4885357618331909,-0.01162882149219513,0.9992974996566772,0.44907039403915405,0.6467750668525696,0.025549277663230896,0.9939254522323608,0.5024193525314331,0.6495489478111267,0.030827868729829788,0.9951410889625549,0.4498480260372162,0.8029590249061584,0.05515878275036812,0.9863152503967285,0.5026102662086487,0.8118838667869568,0.06730708479881287,0.9911355972290039,0.45096859335899353,0.8319820165634155,0.05722752958536148,0.989317774772644,0.4988790452480316,0.8391892910003662,0.07073195278644562,0.9917325973510742,0.4563182294368744,0.808535099029541,0.018757328391075134,0.8130548596382141,0.5145319700241089,0.8264970779418945,0.03355184569954872,0.8511394262313843
132,walk,0.4695332944393158,0.2114121913909912,0.21503272652626038,0.999774158000946,0.4651075005531311,0.20028559863567352,0.1891874521970749,0.9996502995491028,0.462379515171051,0.19981053471565247,0.18921828269958496,0.9996958374977112,0.4597112536430359,0.19940337538719177,0.1892358362674713,0.9996161460876465,0.472212016582489,0.200417160987854,0.18760445713996887,0.9996695518493652,0.4742163121700287,0.19994153082370758,0.18761751055717468,0.9997169375419617,0.4763292670249939,0.19947251677513123,0.18754339218139648,0.9996260404586792,0.45496076345443726,0.20287786424160004,0.09025812149047852,0.9996647834777832,0.4804767072200775,0.20233936607837677,0.0833951085805893,0.9996556043624878,0.4652865529060364,0.2209777683019638,0.18415528535842896,0.9997271299362183,0.47291627526283264,0.22147825360298157,0.18188665807247162,0.9997506141662598,0.4238634705543518,0.27161964774131775,0.04667068272829056,0.999858558177948,0.5054680109024048,0.2702668607234955,0.006066511385142803,0.9999058246612549,0.40788763761520386,0.3814363181591034,0.02954774722456932,0.9836288094520569,0.5270060300827026,0.38049665093421936,0.0014095145743340254,0.9954434037208557,0.4004197120666504,0.48290783166885376,0.03202109783887863,0.8679057955741882,0.5394572019577026,0.4841659963130951,0.03379020094871521,0.9444640278816223,0.39894723892211914,0.5118206143379211,0.02894240990281105,0.7698485255241394,0.5412381887435913,0.5105935335159302,0.034780509769916534,0.8898321390151978,0.4034322202205658,0.5087105631828308,0.029613256454467773,0.7533597946166992,0.5361237525939941,0.5100868344306946,0.03478085249662399,0.8797004222869873,0.4055919647216797,0.49927660822868347,0.03223753720521927,0.6762328743934631,0.5329950451850891,0.5021734237670898,0.03564322739839554,0.8238221406936646,0.44479385018348694,0.48848775029182434,0.02337130904197693,0.9994602203369141,0.49124160408973694,0.489094614982605,-0.023709570989012718,0.9993020296096802,0.44790664315223694,0.6484858989715576,0.02790095843374729,0.9940177798271179,0.5018702745437622,0.6500352025032043,0.01981371082365513,0.9953102469444275,0.4497169554233551,0.803013265132904,0.05412863940000534,0.9861100316047668,0.5008856058120728,0.8083506226539612,0.05104412883520126,0.9911689758300781,0.4511657655239105,0.829357922077179,0.055749841034412384,0.98921138048172,0.49523767828941345,0.8325029015541077,0.05440209060907364,0.9916985630989075,0.45614513754844666,0.8117732405662537,0.01776147074997425,0.8076714873313904,0.5146773457527161,0.8294895887374878,0.017745494842529297,0.8508460521697998
133,walk,0.46731963753700256,0.21268413960933685,0.22332176566123962,0.9997755289077759,0.46301013231277466,0.20173849165439606,0.19829942286014557,0.9996554255485535,0.4603058397769928,0.2012723982334137,0.19832147657871246,0.9997016787528992,0.4576435685157776,0.20087483525276184,0.19833745062351227,0.9996246099472046,0.4700302183628082,0.2018410861492157,0.19631411135196686,0.9996711611747742,0.47200483083724976,0.2013687789440155,0.19632647931575775,0.999718427658081,0.474078893661499,0.20092056691646576,0.1962479054927826,0.9996278882026672,0.4528261125087738,0.20408083498477936,0.09722007811069489,0.9996680021286011,0.4781484007835388,0.2034875452518463,0.08867286145687103,0.9996558427810669,0.46303319931030273,0.22208400070667267,0.19148771464824677,0.9997230172157288,0.47052106261253357,0.2225474864244461,0.18855273723602295,0.9997411370277405,0.42143791913986206,0.27273350954055786,0.05436636134982109,0.999862015247345,0.5031827092170715,0.27044686675071716,0.006278146989643574,0.999907374382019,0.40510421991348267,0.38436266779899597,0.03878612071275711,0.9840988516807556,0.5249910354614258,0.38033393025398254,0.0025816732086241245,0.9956074357032776,0.3985026180744171,0.4845670461654663,0.04703111946582794,0.8705815076828003,0.5373349785804749,0.4840644896030426,0.04194408655166626,0.9436634182929993,0.3973226845264435,0.512467622756958,0.047773607075214386,0.7710865139961243,0.5395232439041138,0.5104233026504517,0.045270539820194244,0.8880082368850708,0.4017102122306824,0.5092461705207825,0.04874815791845322,0.754759669303894,0.5343145132064819,0.5100444555282593,0.04795895144343376,0.8779987096786499,0.40367645025253296,0.5002559423446655,0.047935858368873596,0.6770960092544556,0.5310097336769104,0.5021349787712097,0.04508472606539726,0.8214844465255737,0.4425961971282959,0.4888835549354553,0.02914300188422203,0.9994804263114929,0.4891388416290283,0.48890432715415955,-0.029540643095970154,0.999325692653656,0.4463839530944824,0.6489753127098083,0.0358537994325161,0.9937778115272522,0.5018869042396545,0.6498472690582275,0.005414967425167561,0.9954354763031006,0.4489382803440094,0.8026368021965027,0.011278891935944557,0.9855592250823975,0.5000196099281311,0.8001297116279602,-0.018782397732138634,0.9912595152854919,0.45114797353744507,0.8257884383201599,0.007178852800279856,0.9890620708465576,0.49219030141830444,0.8225651383399963,-0.02054724283516407,0.9917594790458679,0.45525985956192017,0.819642961025238,-0.0349312499165535,0.8055359721183777,0.5167587995529175,0.8307104110717773,-0.06016596034169197,0.8547612428665161
134,walk,0.4661058485507965,0.2135406732559204,0.24364104866981506,0.9997832179069519,0.4620199203491211,0.20272333920001984,0.21970169246196747,0.999669075012207,0.4591994285583496,0.202250674366951,0.21972039341926575,0.9997144341468811,0.4564497470855713,0.2018662840127945,0.21973863244056702,0.9996417164802551,0.46877211332321167,0.2028602808713913,0.21828527748584747,0.999681293964386,0.47076377272605896,0.20245887339115143,0.21829767525196075,0.999727189540863,0.47280019521713257,0.20206329226493835,0.2182328999042511,0.9996403455734253,0.45141276717185974,0.20502588152885437,0.11710377782583237,0.999681830406189,0.47650694847106934,0.20470570027828217,0.11104001849889755,0.9996671080589294,0.46168655157089233,0.22293242812156677,0.21065545082092285,0.9997270703315735,0.4691317081451416,0.2233777791261673,0.20840588212013245,0.9997407793998718,0.4195431172847748,0.2734156548976898,0.06780902296304703,0.9998675584793091,0.5007923245429993,0.2708826959133148,0.02553875371813774,0.9999118447303772,0.4029868245124817,0.38474082946777344,0.0510459765791893,0.9846277236938477,0.523084282875061,0.3812311887741089,0.018343474715948105,0.9957781434059143,0.3972522020339966,0.48440930247306824,0.06413586437702179,0.8742150664329529,0.5348533987998962,0.4839928448200226,0.05836694687604904,0.9442610144615173,0.39631685614585876,0.5122657418251038,0.0661499947309494,0.7744252681732178,0.5375283360481262,0.5103721022605896,0.0629967600107193,0.8887222409248352,0.4007071852684021,0.5090758800506592,0.06789238750934601,0.7585508227348328,0.5325659513473511,0.5100008845329285,0.06715656071901321,0.8789014220237732,0.40251365303993225,0.5002920627593994,0.06565195322036743,0.6814101338386536,0.5291696190834045,0.5020714998245239,0.06218896061182022,0.8227519392967224,0.4402241110801697,0.48841163516044617,0.026345103979110718,0.9995156526565552,0.4872106909751892,0.4860363304615021,-0.026738295331597328,0.9993690848350525,0.44536906480789185,0.6472427248954773,0.037120331078767776,0.9936796426773071,0.5019882321357727,0.6440496444702148,0.010154085233807564,0.9955166578292847,0.4490164816379547,0.7996504902839661,-0.035039424896240234,0.9855353832244873,0.500055193901062,0.792592465877533,-0.05393489450216293,0.9914571046829224,0.4521470069885254,0.8192387223243713,-0.044027745723724365,0.989298403263092,0.4915355145931244,0.8127774596214294,-0.060222625732421875,0.9919331669807434,0.45525017380714417,0.8241466283798218,-0.08659516274929047,0.8113235831260681,0.5162460207939148,0.8308169841766357,-0.09942513704299927,0.8621662855148315
135,walk,0.46494126319885254,0.21463815867900848,0.253254234790802,0.9997971057891846,0.4610980451107025,0.20378217101097107,0.23040015995502472,0.999690592288971,0.4582377076148987,0.20331695675849915,0.2304193079471588,0.9997336864471436,0.45541590452194214,0.20295606553554535,0.23044021427631378,0.9996665120124817,0.4675750732421875,0.20389506220817566,0.22841417789459229,0.9997000694274902,0.46956849098205566,0.2035464644432068,0.228427916765213,0.9997432827949524,0.4715428948402405,0.20316778123378754,0.2283780574798584,0.9996616244316101,0.45035305619239807,0.20604149997234344,0.12965650856494904,0.9997032284736633,0.47510141134262085,0.20581592619419098,0.12098387628793716,0.9996877908706665,0.4606655240058899,0.22416532039642334,0.22063758969306946,0.9997416138648987,0.46785855293273926,0.22451826930046082,0.21766552329063416,0.999751627445221,0.4180377125740051,0.27485519647598267,0.08377852290868759,0.9998762011528015,0.4991409182548523,0.2715529203414917,0.030905108898878098,0.9999175667762756,0.4007888734340668,0.3847935199737549,0.07011018693447113,0.9853020310401917,0.5215699672698975,0.3826858401298523,0.021161425858736038,0.9960052371025085,0.3957247734069824,0.4842199981212616,0.08638308197259903,0.8795924782752991,0.5334768891334534,0.4839211702346802,0.06210929900407791,0.9459539651870728,0.394931435585022,0.5122061371803284,0.09096132218837738,0.781258761882782,0.5364326238632202,0.5102646946907043,0.06593047082424164,0.8915634751319885,0.3991158902645111,0.5089555382728577,0.09099650382995605,0.765981912612915,0.5313803553581238,0.5099382996559143,0.07201991975307465,0.8820752501487732,0.40083345770835876,0.5001787543296814,0.08744774013757706,0.6903440356254578,0.527916431427002,0.5019989609718323,0.06659562885761261,0.8269691467285156,0.43844103813171387,0.4876547157764435,0.031522177159786224,0.9995567202568054,0.48523586988449097,0.48410776257514954,-0.031967759132385254,0.9994193911552429,0.4449513554573059,0.6456552147865295,0.04421383887529373,0.993451714515686,0.502052366733551,0.6388604044914246,0.0020635039545595646,0.9957301616668701,0.4490097165107727,0.7997310161590576,-0.056474655866622925,0.9859001636505127,0.49973779916763306,0.7852146625518799,-0.0928291529417038,0.9919492602348328,0.45187196135520935,0.8189781308174133,-0.06888817250728607,0.9897475242614746,0.4906867444515228,0.8029511570930481,-0.10172800719738007,0.9923378229141235,0.4552485942840576,0.8290319442749023,-0.11629153788089752,0.8220643997192383,0.5161975026130676,0.8311954736709595,-0.1418994814157486,0.8728090524673462
136,walk,0.4633674621582031,0.2156417816877365,0.24750618636608124,0.9998108148574829,0.45966973900794983,0.20478084683418274,0.22467556595802307,0.999711275100708,0.4568457007408142,0.2043079435825348,0.22469346225261688,0.9997520446777344,0.4540189206600189,0.20395149290561676,0.22471138834953308,0.9996899366378784,0.46595364809036255,0.20491966605186462,0.22265255451202393,0.9997183680534363,0.4679206311702728,0.20462052524089813,0.22266526520252228,0.9997588992118835,0.4698515832424164,0.20428937673568726,0.2226237952709198,0.9996821880340576,0.4490634799003601,0.20702025294303894,0.12451311200857162,0.9997232556343079,0.4733577370643616,0.20699796080589294,0.11568935960531235,0.999707818031311,0.45925530791282654,0.2251526564359665,0.21516695618629456,0.9997562170028687,0.466195285320282,0.22558258473873138,0.2122175246477127,0.9997634887695312,0.4163149893283844,0.2766881585121155,0.08068292587995529,0.9998844861984253,0.4973751902580261,0.27261054515838623,0.027412647381424904,0.9999231696128845,0.3990577161312103,0.3851732015609741,0.06985677778720856,0.9858739376068115,0.5198607444763184,0.38380420207977295,0.01646743156015873,0.9962069988250732,0.39426159858703613,0.4840801954269409,0.09069643914699554,0.8836343288421631,0.531845211982727,0.48386573791503906,0.05556606128811836,0.9474024176597595,0.3933808505535126,0.5121334791183472,0.09676619619131088,0.7860696315765381,0.5347632169723511,0.510165810585022,0.05938257649540901,0.8940161466598511,0.39771768450737,0.5089036822319031,0.09676622599363327,0.7713367938995361,0.5294158458709717,0.5099051594734192,0.06608353555202484,0.8848731517791748,0.3994794487953186,0.5000805258750916,0.09193817526102066,0.6969062685966492,0.526044487953186,0.501940131187439,0.06015142798423767,0.83082115650177,0.43688830733299255,0.48727497458457947,0.03225601091980934,0.9995965361595154,0.4831767678260803,0.48274749517440796,-0.03272563964128494,0.9994693398475647,0.44462209939956665,0.6438503265380859,0.05673655867576599,0.992950439453125,0.5019463300704956,0.635015070438385,0.0068154348991811275,0.9958273768424988,0.4488726556301117,0.798827588558197,-0.06244703009724617,0.9864101409912109,0.49919891357421875,0.7776087522506714,-0.09866208583116531,0.9924153685569763,0.4510011076927185,0.8164840936660767,-0.07668459415435791,0.9902555346488953,0.48996487259864807,0.7934111952781677,-0.10884537547826767,0.9927287101745605,0.45600971579551697,0.831177830696106,-0.12628915905952454,0.8343460559844971,0.5157102942466736,0.8307350277900696,-0.1494406908750534,0.8832843899726868
137,walk,0.4615303874015808,0.2163039743900299,0.24116170406341553,0.999822735786438,0.4579189419746399,0.20537056028842926,0.21779534220695496,0.9997285008430481,0.4551481306552887,0.2048904001712799,0.21781547367572784,0.9997676610946655,0.45232319831848145,0.20452801883220673,0.21783395111560822,0.9997096061706543,0.46417489647865295,0.20551873743534088,0.21554020047187805,0.9997337460517883,0.4661707282066345,0.20524296164512634,0.2155512571334839,0.9997721910476685,0.46812406182289124,0.2049386203289032,0.21550250053405762,0.9996988773345947,0.44739699363708496,0.20773841440677643,0.11789919435977936,0.9997396469116211,0.47165805101394653,0.20774459838867188,0.1085471659898758,0.9997240900993347,0.4574926793575287,0.22586536407470703,0.20913930237293243,0.9997681975364685,0.46436959505081177,0.2262771874666214,0.20603123307228088,0.9997729659080505,0.4147585332393646,0.27819597721099854,0.07590733468532562,0.9998920559883118,0.49562153220176697,0.27337101101875305,0.02018982544541359,0.9999276399612427,0.39745891094207764,0.385078102350235,0.06251902133226395,0.9864823222160339,0.517446756362915,0.38370242714881897,0.0063049583695828915,0.9964278936386108,0.39282703399658203,0.48322516679763794,0.07548829913139343,0.8880686163902283,0.5300472974777222,0.48354673385620117,0.05200202390551567,0.9488399624824524,0.3918840289115906,0.5107770562171936,0.07945266366004944,0.7917384505271912,0.5326129198074341,0.5100691914558411,0.058568090200424194,0.8964149951934814,0.39644473791122437,0.5079942941665649,0.07892533391714096,0.7774956226348877,0.5275982618331909,0.5098838210105896,0.05476697161793709,0.8876437544822693,0.3982810080051422,0.4996521770954132,0.07617545872926712,0.7038851380348206,0.5244954824447632,0.5019159317016602,0.05555777996778488,0.8342450857162476,0.4358987808227539,0.4871574938297272,0.03495942801237106,0.9996317625045776,0.48152023553848267,0.48253270983695984,-0.035450324416160583,0.9995130300521851,0.44420045614242554,0.6431074142456055,0.05708558112382889,0.9927192330360413,0.501602053642273,0.6339179873466492,0.006600043270736933,0.9960440993309021,0.4488735795021057,0.7976731061935425,-0.052820343524217606,0.9869837164878845,0.4983192980289459,0.7746804356575012,-0.09087220579385757,0.9929372072219849,0.45098742842674255,0.8150909543037415,-0.06555133312940598,0.9907748699188232,0.48913121223449707,0.7916635870933533,-0.09963542222976685,0.9931859970092773,0.45618024468421936,0.8308717608451843,-0.11538692563772202,0.8449022769927979,0.5155866742134094,0.829062819480896,-0.1396406888961792,0.8928887844085693
138,walk,0.460416316986084,0.2166948914527893,0.20938065648078918,0.9998350739479065,0.45672398805618286,0.2058001458644867,0.18635275959968567,0.9997464418411255,0.45398902893066406,0.20530611276626587,0.18636967241764069,0.9997833371162415,0.45109567046165466,0.20491917431354523,0.1863894760608673,0.9997289776802063,0.4630647301673889,0.2059788852930069,0.18249309062957764,0.9997507333755493,0.46502527594566345,0.2057291865348816,0.18249471485614777,0.9997866153717041,0.466957151889801,0.2054356038570404,0.18244966864585876,0.9997172355651855,0.4459351897239685,0.20829397439956665,0.09096523374319077,0.9997554421424866,0.470429003238678,0.20834213495254517,0.07408784329891205,0.9997418522834778,0.45633476972579956,0.22624149918556213,0.1795400083065033,0.9997815489768982,0.4632803797721863,0.22675056755542755,0.17431242763996124,0.9997848272323608,0.41354241967201233,0.2790725529193878,0.06736019998788834,0.9998993277549744,0.4946812689304352,0.27425479888916016,-0.014358875341713428,0.9999313950538635,0.3961676359176636,0.3854147493839264,0.05587877705693245,0.9871195554733276,0.5163035988807678,0.3840373456478119,-0.023759443312883377,0.9966540932655334,0.39203956723213196,0.48300090432167053,0.05612103268504143,0.8923429846763611,0.5288311243057251,0.48318812251091003,0.020566362887620926,0.9497509598731995,0.3912854790687561,0.5107245445251465,0.06360559165477753,0.7970649003982544,0.5315414667129517,0.5096933245658875,0.022911682724952698,0.8978355526924133,0.39598551392555237,0.5079681873321533,0.059212543070316315,0.7832043766975403,0.5268315672874451,0.5096585154533386,0.02999872900545597,0.8894696831703186,0.39773350954055786,0.49959394335746765,0.055441714823246,0.7099609375,0.5238660573959351,0.501798689365387,0.02581172250211239,0.8363749384880066,0.435111939907074,0.4871038794517517,0.040226586163043976,0.9996634125709534,0.4802986681461334,0.4827757179737091,-0.04073861986398697,0.9995521903038025,0.44362664222717285,0.6429747939109802,0.06900839507579803,0.9924637079238892,0.5014364719390869,0.6332511901855469,-0.000343797670211643,0.9962725639343262,0.44861429929733276,0.7973630428314209,-0.03215326741337776,0.9875709414482117,0.49764227867126465,0.769688606262207,-0.08348608016967773,0.9934393167495728,0.44954603910446167,0.8149181604385376,-0.04297158867120743,0.9912342429161072,0.48822298645973206,0.7870383262634277,-0.09028111398220062,0.9936003684997559,0.4563077986240387,0.8305591344833374,-0.09250925481319427,0.8552036285400391,0.5151711106300354,0.825104832649231,-0.12799224257469177,0.9019031524658203
139,walk,0.4598058760166168,0.21728846430778503,0.20048746466636658,0.9998462796211243,0.45611411333084106,0.2064281404018402,0.1774231493473053,0.9997634887695312,0.4534785747528076,0.20595379173755646,0.1774444580078125,0.9997981190681458,0.45056796073913574,0.20555676519870758,0.17746277153491974,0.9997473955154419,0.4624617099761963,0.20662419497966766,0.17365601658821106,0.9997668266296387,0.4643450677394867,0.2063973993062973,0.1736634522676468,0.9998001456260681,0.4662191867828369,0.20611602067947388,0.17362149059772491,0.9997345209121704,0.44515460729599,0.2089833766222,0.08447393029928207,0.9997708201408386,0.4695205092430115,0.20902103185653687,0.06775731593370438,0.9997579455375671,0.4556688368320465,0.22680312395095825,0.17173077166080475,0.9997944831848145,0.46263742446899414,0.22738325595855713,0.16650263965129852,0.9997965693473816,0.4128139615058899,0.27944546937942505,0.05783312767744064,0.9999060034751892,0.493613064289093,0.27489322423934937,-0.015431687235832214,0.9999338388442993,0.39570537209510803,0.3852710425853729,0.047809354960918427,0.9876710176467896,0.5152179002761841,0.38466963171958923,-0.025462228804826736,0.9968171119689941,0.3915789723396301,0.4822881817817688,0.04818430170416832,0.89662104845047,0.5274631381034851,0.4827815890312195,0.012125054374337196,0.9506644010543823,0.3905962407588959,0.5105780959129333,0.052948229014873505,0.8028528690338135,0.5302894711494446,0.509092390537262,0.012716653756797314,0.8994141221046448,0.39547160267829895,0.5079177618026733,0.04900730773806572,0.7893270254135132,0.5253898501396179,0.5091968178749084,0.018782926723361015,0.8914356827735901,0.39744359254837036,0.4995717406272888,0.047353874891996384,0.7165762186050415,0.5223903656005859,0.5015020966529846,0.016313349828124046,0.8385787606239319,0.4347355365753174,0.4870266020298004,0.03751284256577492,0.9996902942657471,0.4796378016471863,0.4828079640865326,-0.03797965496778488,0.9995830059051514,0.4432803690433502,0.6428472399711609,0.06858784705400467,0.9925466179847717,0.5013593435287476,0.6316173672676086,5.8776036894414574e-05,0.9964788556098938,0.4486098289489746,0.797092080116272,-0.02684532105922699,0.9881454706192017,0.497633695602417,0.7698526978492737,-0.05917244032025337,0.9938327670097351,0.44954633712768555,0.8150076270103455,-0.037010662257671356,0.9916253685951233,0.4886854290962219,0.7888333797454834,-0.06552241742610931,0.9938739538192749,0.45660170912742615,0.829809844493866,-0.07834894955158234,0.8635866045951843,0.5145750641822815,0.8203494548797607,-0.10701198875904083,0.9091136455535889
140,walk,0.4596659243106842,0.2180088460445404,0.19540290534496307,0.9998556971549988,0.45588546991348267,0.20717470347881317,0.1727515310049057,0.9997782707214355,0.4533272683620453,0.20668181777000427,0.17277605831623077,0.9998106956481934,0.4504795968532562,0.2062375843524933,0.17279280722141266,0.9997628331184387,0.4621468186378479,0.20748189091682434,0.16868774592876434,0.9997808933258057,0.4639344811439514,0.20725932717323303,0.1686943918466568,0.9998120069503784,0.46574220061302185,0.20699135959148407,0.16865138709545135,0.9997496008872986,0.44481658935546875,0.20964638888835907,0.08279537409543991,0.9997836351394653,0.4687653183937073,0.20987264811992645,0.06460876017808914,0.9997727870941162,0.45550113916397095,0.22738546133041382,0.16793641448020935,0.9998053312301636,0.46237462759017944,0.2280704230070114,0.1622270792722702,0.9998066425323486,0.4118555188179016,0.27987486124038696,0.05431585758924484,0.9999117851257324,0.49280300736427307,0.27547043561935425,-0.01641426607966423,0.9999362230300903,0.39526209235191345,0.38587573170661926,0.0459819957613945,0.9881543517112732,0.5147291421890259,0.3849266469478607,-0.02254866436123848,0.9969356656074524,0.39082393050193787,0.4823598265647888,0.04855901747941971,0.8991374969482422,0.5263678431510925,0.48259052634239197,0.016360780224204063,0.9507453441619873,0.3899041712284088,0.5107151865959167,0.0529777929186821,0.8055558800697327,0.528952419757843,0.5089543461799622,0.015153922140598297,0.8995794653892517,0.39498740434646606,0.5080013871192932,0.04912586510181427,0.7921735644340515,0.5240510106086731,0.5091096758842468,0.020375985652208328,0.8919047117233276,0.39708781242370605,0.4997888207435608,0.048024602234363556,0.7195320725440979,0.5210998058319092,0.5014526844024658,0.019898293539881706,0.8388959169387817,0.43464240431785583,0.4878029227256775,0.03636692464351654,0.9997147917747498,0.4793767035007477,0.4833768606185913,-0.036812301725149155,0.9996098875999451,0.44315773248672485,0.6440145969390869,0.06565561145544052,0.9928039312362671,0.5009878873825073,0.6325395703315735,0.002220881637185812,0.9966708421707153,0.44872626662254333,0.7982466816902161,0.001882650307379663,0.9887553453445435,0.49749717116355896,0.7712271213531494,-0.022357700392603874,0.9941639304161072,0.44956761598587036,0.8163125514984131,-0.003028277540579438,0.991980791091919,0.48885154724121094,0.7903060913085938,-0.022858871147036552,0.9940567016601562,0.45714491605758667,0.8292573690414429,-0.0483333058655262,0.8709837198257446,0.5127475261688232,0.8174434304237366,-0.057507555931806564,0.9150278568267822
141,walk,0.45903605222702026,0.21850572526454926,0.2025170773267746,0.999862790107727,0.4552309513092041,0.20778395235538483,0.17982158064842224,0.9997901320457458,0.4527002274990082,0.20727349817752838,0.17984731495380402,0.999820351600647,0.44991669058799744,0.20679916441440582,0.17986366152763367,0.9997750520706177,0.4614497721195221,0.20807784795761108,0.1760627180337906,0.9997920989990234,0.46321386098861694,0.2077997475862503,0.17607134580612183,0.9998210668563843,0.465018093585968,0.20749403536319733,0.17602130770683289,0.9997616410255432,0.44416433572769165,0.21008647978305817,0.08565418422222137,0.9997928142547607,0.46802347898483276,0.21027931571006775,0.07210703194141388,0.9997841119766235,0.4549005925655365,0.2277131974697113,0.17453745007514954,0.9998131394386292,0.46171921491622925,0.22838403284549713,0.16942550241947174,0.9998142123222351,0.41117459535598755,0.2806219458580017,0.05905119329690933,0.9999154210090637,0.49189573526382446,0.2755783796310425,-0.009536526165902615,0.9999377131462097,0.39484283328056335,0.3861209750175476,0.048402611166238785,0.9883972406387329,0.513889491558075,0.3848443031311035,-0.01772484742105007,0.9970418810844421,0.3907124698162079,0.4824179708957672,0.05319680646061897,0.8984940648078918,0.5255506634712219,0.4825485646724701,0.024284914135932922,0.9510186910629272,0.3899286687374115,0.5107752680778503,0.056076694279909134,0.8031114935874939,0.5281369090080261,0.5089362859725952,0.025117134675383568,0.8997939825057983,0.3951001763343811,0.5080668330192566,0.05365131422877312,0.7895712852478027,0.5231709480285645,0.5090997815132141,0.028616521507501602,0.8923382759094238,0.3973182439804077,0.49989455938339233,0.05246158689260483,0.7164472341537476,0.5202469229698181,0.5014132261276245,0.02754267491400242,0.839127242565155,0.4347991943359375,0.48816031217575073,0.03519689291715622,0.9997318983078003,0.4794278144836426,0.4834464192390442,-0.03563830628991127,0.9996253252029419,0.4433329999446869,0.6447417140007019,0.03828363120555878,0.9929794669151306,0.49912458658218384,0.633542537689209,0.0021010946948081255,0.996799886226654,0.4491036534309387,0.7997605204582214,0.020099231973290443,0.9890710115432739,0.4975613057613373,0.7737780213356018,0.004711551126092672,0.9943094253540039,0.4499766230583191,0.8178349733352661,0.018261028453707695,0.9920658469200134,0.4889299273490906,0.7932941913604736,0.006237254943698645,0.9940190315246582,0.45764103531837463,0.8291651606559753,-0.02733466401696205,0.8749531507492065,0.5120332837104797,0.8160569667816162,-0.03170977532863617,0.9184962511062622
142,walk,0.4584003984928131,0.21860653162002563,0.2004508674144745,0.9998664855957031,0.4546533226966858,0.2079707831144333,0.17707520723342896,0.9997953772544861,0.4521048069000244,0.20743370056152344,0.17710071802139282,0.999824583530426,0.44936805963516235,0.2069362998008728,0.17712019383907318,0.9997808933258057,0.460822731256485,0.20825359225273132,0.1733522266149521,0.9997968077659607,0.46256834268569946,0.20791982114315033,0.173365980386734,0.999824583530426,0.46437686681747437,0.20758122205734253,0.17330755293369293,0.9997661113739014,0.44359058141708374,0.21016156673431396,0.08614592254161835,0.9997966885566711,0.4674340784549713,0.21036650240421295,0.07023210823535919,0.9997882843017578,0.45429253578186035,0.22766709327697754,0.1730574369430542,0.9998188614845276,0.4610748291015625,0.22839705646038055,0.16774311661720276,0.9998199939727783,0.4106462597846985,0.28081539273262024,0.05147499963641167,0.9999172687530518,0.4912828803062439,0.2757870852947235,-0.00719034019857645,0.9999380707740784,0.39464661478996277,0.3860408663749695,0.03809291496872902,0.9882813692092896,0.5134348273277283,0.3845623731613159,-0.018312783911824226,0.9970484972000122,0.39079034328460693,0.48282694816589355,0.04055475816130638,0.8970590233802795,0.5248032808303833,0.4822891652584076,0.013794939033687115,0.9512350559234619,0.39022117853164673,0.5108069777488708,0.03938901424407959,0.8005926609039307,0.5274890661239624,0.5088497400283813,0.012948592193424702,0.900261402130127,0.39533472061157227,0.5082101821899414,0.03756973519921303,0.7868680357933044,0.5224083662033081,0.5090476274490356,0.01410281378775835,0.8930339217185974,0.39753976464271545,0.5001519322395325,0.039613597095012665,0.7135791182518005,0.5194382071495056,0.5013135075569153,0.015755189582705498,0.8396547436714172,0.43502670526504517,0.48826590180397034,0.030020821839571,0.999742865562439,0.4794270396232605,0.48345980048179626,-0.030357252806425095,0.9996327757835388,0.4434678554534912,0.6446492671966553,0.021125899627804756,0.9933282136917114,0.4980800151824951,0.6339825987815857,0.002573851030319929,0.9969460368156433,0.4492567181587219,0.8000208735466003,0.035969849675893784,0.9895145297050476,0.4985124468803406,0.7749043703079224,0.036158595234155655,0.994464635848999,0.4503590166568756,0.8184652328491211,0.03687090054154396,0.9922541379928589,0.49183645844459534,0.7943655252456665,0.03971926495432854,0.994016706943512,0.45772138237953186,0.8260514140129089,-0.007233147509396076,0.8780466914176941,0.5120869874954224,0.8135119676589966,0.001658469089306891,0.9207665324211121
143,walk,0.4585270285606384,0.2190190851688385,0.1926175355911255,0.9998698234558105,0.45487862825393677,0.20858408510684967,0.1695065200328827,0.999800443649292,0.4523037374019623,0.20798727869987488,0.16952989995479584,0.9998283386230469,0.4495919346809387,0.2074267715215683,0.16954997181892395,0.9997859001159668,0.46083688735961914,0.2088310867547989,0.16568200290203094,0.9998013973236084,0.4625645577907562,0.20846472680568695,0.16569726169109344,0.9998279809951782,0.46437400579452515,0.20810826122760773,0.16563831269741058,0.9997707605361938,0.44378742575645447,0.21048995852470398,0.08260256797075272,0.9998005628585815,0.46721893548965454,0.21072663366794586,0.06523109972476959,0.9997929930686951,0.45461535453796387,0.22780416905879974,0.1665291041135788,0.9998250007629395,0.46117696166038513,0.2285885214805603,0.16098034381866455,0.9998264312744141,0.4104437828063965,0.28115957975387573,0.046540502458810806,0.9999195337295532,0.4910512864589691,0.27590373158454895,-0.00809712614864111,0.9999392628669739,0.39429691433906555,0.3862819969654083,0.032917965203523636,0.9882293939590454,0.5132166147232056,0.38436827063560486,-0.01984316110610962,0.9970530867576599,0.39076584577560425,0.48344093561172485,0.036527279764413834,0.8960903286933899,0.5244899392127991,0.48202717304229736,0.012389516457915306,0.9514481425285339,0.39041534066200256,0.5108577013015747,0.03458774462342262,0.7988773584365845,0.5272476077079773,0.5086393356323242,0.01178438775241375,0.9006551504135132,0.3954946994781494,0.5082889199256897,0.03334258496761322,0.7850338220596313,0.5222168564796448,0.5088258981704712,0.012603645212948322,0.8936395645141602,0.3976650536060333,0.5004005432128906,0.035753943026065826,0.7115258574485779,0.5192400217056274,0.501089870929718,0.014186568558216095,0.840395987033844,0.43524226546287537,0.488677054643631,0.026660004630684853,0.9997541904449463,0.47931796312332153,0.4835200309753418,-0.02696244791150093,0.9996415376663208,0.44408679008483887,0.6446717381477356,0.019452007487416267,0.9936061501502991,0.49700459837913513,0.6357473134994507,0.009599389508366585,0.9970391988754272,0.44964760541915894,0.8004582524299622,0.041440509259700775,0.9898812770843506,0.5002767443656921,0.7751370072364807,0.04824322834610939,0.9945567846298218,0.4507572054862976,0.8196890950202942,0.04276782274246216,0.9923786520957947,0.4951924681663513,0.7955193519592285,0.05217213183641434,0.9940031170845032,0.45775991678237915,0.8240014910697937,-0.0003503760090097785,0.8810718059539795,0.5133123397827148,0.8105997443199158,0.015720633789896965,0.9225921630859375
144,walk,0.45815929770469666,0.2190610021352768,0.19111187756061554,0.9998722076416016,0.454599529504776,0.20875389873981476,0.16710945963859558,0.9998030066490173,0.452017605304718,0.20813162624835968,0.16713060438632965,0.9998303055763245,0.4493304193019867,0.20755481719970703,0.1671503484249115,0.9997885823249817,0.4604431092739105,0.2090127170085907,0.16424120962619781,0.9998037815093994,0.46217599511146545,0.20864126086235046,0.16425876319408417,0.9998298287391663,0.4640287458896637,0.20827992260456085,0.16420204937458038,0.9997729659080505,0.443575918674469,0.21065430343151093,0.07849232852458954,0.9998037815093994,0.46698299050331116,0.21086357533931732,0.06491775810718536,0.9997954964637756,0.45444291830062866,0.22776055335998535,0.16435153782367706,0.9998305439949036,0.4608441889286041,0.22857774794101715,0.1599912941455841,0.9998323917388916,0.4104188084602356,0.2814425230026245,0.037681885063648224,0.9999207258224487,0.4912489950656891,0.27613723278045654,-0.007063505705446005,0.9999396204948425,0.3945101797580719,0.3863576650619507,0.023020949214696884,0.9882965087890625,0.513070821762085,0.3839530646800995,-0.01851307787001133,0.99700927734375,0.39098823070526123,0.48359137773513794,0.028880992904305458,0.895000696182251,0.5240562558174133,0.4816310405731201,0.007651724852621555,0.9513936638832092,0.3906051218509674,0.5108584761619568,0.025264332070946693,0.797145426273346,0.5267726182937622,0.5084635615348816,0.006481587886810303,0.900377094745636,0.3956497311592102,0.5083050727844238,0.024957535788416862,0.7831629514694214,0.5219502449035645,0.508602499961853,0.006480108015239239,0.8934666514396667,0.3978092074394226,0.5004933476448059,0.028498228639364243,0.7095258831977844,0.5189943313598633,0.5008937120437622,0.008880529552698135,0.8400350213050842,0.43546396493911743,0.4896354675292969,0.019517522305250168,0.9997590184211731,0.47959399223327637,0.48390230536460876,-0.01980355754494667,0.9996417760848999,0.4448307454586029,0.6450697779655457,0.01630931720137596,0.9939464926719666,0.4970064163208008,0.6400699019432068,0.022793462499976158,0.9971094131469727,0.44976505637168884,0.8010565638542175,0.04136866703629494,0.9903078079223633,0.503115177154541,0.7811193466186523,0.06168263405561447,0.9946374297142029,0.4511648714542389,0.8222997784614563,0.0430050864815712,0.9925587773323059,0.5001536011695862,0.8053916096687317,0.06549127399921417,0.9940143823623657,0.45677295327186584,0.8215138912200928,0.0015000401763245463,0.8832783102989197,0.5136710405349731,0.809168815612793,0.029498761519789696,0.9231722354888916
145,walk,0.45783454179763794,0.21914352476596832,0.19120889902114868,0.9998706579208374,0.45431432127952576,0.20896832644939423,0.16617421805858612,0.9997987747192383,0.451723575592041,0.2083292454481125,0.16619446873664856,0.9998266696929932,0.4490484595298767,0.20774579048156738,0.16621391475200653,0.9997836947441101,0.46008580923080444,0.20923961699008942,0.16426052153110504,0.9997998476028442,0.46183866262435913,0.2088763564825058,0.16427727043628693,0.9998267292976379,0.46373480558395386,0.2085246592760086,0.1642179638147354,0.9997682571411133,0.4433688223361969,0.21094858646392822,0.07424011081457138,0.9998008608818054,0.46673160791397095,0.21110676229000092,0.06513611972332001,0.9997926354408264,0.4542511999607086,0.2277648150920868,0.16337816417217255,0.99983149766922,0.46055445075035095,0.22859321534633636,0.16025587916374207,0.9998345375061035,0.41034212708473206,0.28196418285369873,0.028947342187166214,0.999919593334198,0.4914267063140869,0.27637970447540283,-0.004486600402742624,0.9999387860298157,0.39452311396598816,0.38786885142326355,0.013465170748531818,0.9884284138679504,0.5131730437278748,0.38385841250419617,-0.018186679109930992,0.9968971014022827,0.3911536931991577,0.48400357365608215,0.022749129682779312,0.8925033211708069,0.523922860622406,0.4815904498100281,0.009381403215229511,0.950219988822937,0.3907400965690613,0.511049211025238,0.01861080527305603,0.7932447791099548,0.5264614224433899,0.5084716081619263,0.008826124481856823,0.8980218768119812,0.3957485556602478,0.5084874033927917,0.019322538748383522,0.7790049314498901,0.5218014717102051,0.5085787177085876,0.008611099794507027,0.8910290002822876,0.3978803753852844,0.5007756352424622,0.022859741002321243,0.7051024436950684,0.5188971757888794,0.500869631767273,0.010514425113797188,0.8368043303489685,0.43548792600631714,0.4913436770439148,0.01370126474648714,0.9997597932815552,0.4798758625984192,0.484941691160202,-0.013981839641928673,0.9996383190155029,0.4456254541873932,0.6465120911598206,0.015207486227154732,0.9942866563796997,0.49717336893081665,0.6434162855148315,0.031474627554416656,0.997155487537384,0.4497899115085602,0.8018300533294678,0.04156060144305229,0.990737795829773,0.5056322813034058,0.7873870134353638,0.07071056962013245,0.9946759939193726,0.45130881667137146,0.8245092034339905,0.04347391799092293,0.9927469491958618,0.5034822225570679,0.8126708269119263,0.07457925379276276,0.9939886927604675,0.4554756283760071,0.8200583457946777,0.004570935852825642,0.8848376274108887,0.5152930617332458,0.8082881569862366,0.04044801741838455,0.9225119352340698
146,walk,0.457592636346817,0.21928581595420837,0.19462251663208008,0.9998714327812195,0.4541815221309662,0.2092219889163971,0.16952456533908844,0.9997987151145935,0.4516097903251648,0.20859763026237488,0.1695450246334076,0.9998266100883484,0.4489494264125824,0.20803146064281464,0.16956374049186707,0.9997833371162415,0.4599372446537018,0.20952115952968597,0.16783171892166138,0.9998003244400024,0.4617632031440735,0.20919908583164215,0.16784730553627014,0.9998273253440857,0.46374115347862244,0.20887090265750885,0.16778968274593353,0.9997689723968506,0.4433472156524658,0.21143728494644165,0.07519002258777618,0.9998025298118591,0.4668098986148834,0.21146835386753082,0.06618078052997589,0.9997936487197876,0.45418089628219604,0.22791387140750885,0.16619455814361572,0.999833881855011,0.46043461561203003,0.22879916429519653,0.16305921971797943,0.9998379349708557,0.410505473613739,0.28232717514038086,0.025473296642303467,0.9999189972877502,0.49164605140686035,0.2768297791481018,0.006960316561162472,0.9999375939369202,0.3947049081325531,0.3883408308029175,0.010364600457251072,0.9887206554412842,0.5134345293045044,0.38391029834747314,-0.006647312548011541,0.996804416179657,0.3912716805934906,0.4840313792228699,0.023424731567502022,0.8903258442878723,0.5239161252975464,0.4815874695777893,0.00991230458021164,0.9491358399391174,0.39083796739578247,0.5111179351806641,0.019579030573368073,0.7894023656845093,0.5263137221336365,0.5085331201553345,0.00904289074242115,0.8956966400146484,0.3958353102207184,0.5086221098899841,0.020811159163713455,0.7749047875404358,0.5219358205795288,0.508560061454773,0.012074137106537819,0.8885480761528015,0.3979707360267639,0.5009343028068542,0.023910922929644585,0.7008693218231201,0.5191121697425842,0.5008496046066284,0.012416326440870762,0.8336295485496521,0.4356232285499573,0.4927688539028168,0.007374563254415989,0.9997574687004089,0.48007041215896606,0.48626989126205444,-0.007645169738680124,0.9996299743652344,0.44608551263809204,0.6478680968284607,0.008133807219564915,0.9946314692497253,0.49703460931777954,0.6463767290115356,0.035207778215408325,0.997169554233551,0.44966840744018555,0.8023068904876709,0.03416679427027702,0.9911524653434753,0.5071673393249512,0.793672502040863,0.06992141157388687,0.9946516156196594,0.4512154161930084,0.8252198696136475,0.0351477675139904,0.9929367899894714,0.5050514936447144,0.8171361088752747,0.07328761368989944,0.9938992261886597,0.45438140630722046,0.8198113441467285,-0.004392675589770079,0.8866203427314758,0.5152667760848999,0.8084772825241089,0.03856123611330986,0.9211884140968323
147,walk,0.4576827883720398,0.2194996029138565,0.1950409859418869,0.9998728036880493,0.4543085992336273,0.20953711867332458,0.1687956303358078,0.9997994303703308,0.45175209641456604,0.2089078724384308,0.16881661117076874,0.9998270273208618,0.4490896165370941,0.20832669734954834,0.16883409023284912,0.9997836351394653,0.46005257964134216,0.20987798273563385,0.1680498719215393,0.9998013973236084,0.4619007706642151,0.2095775455236435,0.1680692732334137,0.9998281598091125,0.4638894498348236,0.20925076305866241,0.1680145561695099,0.9997697472572327,0.44348129630088806,0.21172834932804108,0.07127752900123596,0.9998044371604919,0.4668749272823334,0.2118333876132965,0.06735002249479294,0.9997952580451965,0.4543166756629944,0.22806589305400848,0.1655714362859726,0.9998379349708557,0.46057263016700745,0.22904610633850098,0.1637374609708786,0.9998428225517273,0.41062837839126587,0.2826841175556183,0.01991632580757141,0.9999181628227234,0.4916899800300598,0.27702516317367554,0.007094006985425949,0.9999366998672485,0.3948700726032257,0.3903420865535736,0.005692058242857456,0.9889322519302368,0.5135797262191772,0.38386034965515137,-0.005273095332086086,0.9967237710952759,0.3914763033390045,0.4847678244113922,0.02003602311015129,0.8873268961906433,0.5240650177001953,0.4816601574420929,0.01203153096139431,0.9477239847183228,0.39107951521873474,0.5119105577468872,0.016161102801561356,0.7849695682525635,0.5264700651168823,0.5088366866111755,0.011677508242428303,0.8929763436317444,0.39624685049057007,0.5096685886383057,0.0170279648154974,0.7701255083084106,0.5221397876739502,0.5086623430252075,0.013549454510211945,0.8855814933776855,0.39840275049209595,0.5018858313560486,0.020463306456804276,0.6962594985961914,0.519333004951477,0.5008906126022339,0.014303715899586678,0.8298484683036804,0.43603482842445374,0.49455922842025757,0.00615354347974062,0.9997595548629761,0.48026952147483826,0.4878179728984833,-0.0064118774607777596,0.9996300935745239,0.44657620787620544,0.6478804349899292,0.010903375223279,0.9948689341545105,0.4964655935764313,0.6467196345329285,0.03921474516391754,0.9971514940261841,0.44966453313827515,0.802379846572876,0.03745625168085098,0.9915069341659546,0.5088661909103394,0.7972787022590637,0.07543912529945374,0.9946262240409851,0.4510916769504547,0.8251703977584839,0.03952367976307869,0.993094801902771,0.5067058801651001,0.819432258605957,0.07902001589536667,0.9938461184501648,0.4542406499385834,0.8196485042572021,0.0030794725753366947,0.8886007070541382,0.5155442953109741,0.8090625405311584,0.04649920016527176,0.9199156165122986
148,walk,0.45760735869407654,0.2198360711336136,0.1952548623085022,0.9998729825019836,0.45431846380233765,0.20999857783317566,0.17046985030174255,0.9997988343238831,0.4517958164215088,0.20936475694179535,0.1704908311367035,0.9998263716697693,0.4491488039493561,0.20877081155776978,0.17050810158252716,0.9997830390930176,0.46001362800598145,0.210379496216774,0.16830624639987946,0.9998009204864502,0.46189045906066895,0.210092231631279,0.16833683848381042,0.9998274445533752,0.4639057517051697,0.2097671926021576,0.1682863086462021,0.9997687935829163,0.44358348846435547,0.2121533304452896,0.07104812562465668,0.9998060464859009,0.4668806493282318,0.21230988204479218,0.0709272027015686,0.9997941255569458,0.45434728264808655,0.22825980186462402,0.16693025827407837,0.9998400211334229,0.4605333209037781,0.22940540313720703,0.1652115136384964,0.9998452067375183,0.4107723832130432,0.28293025493621826,0.01650545373558998,0.9999176263809204,0.4918179512023926,0.2774498164653778,0.015436725690960884,0.9999337792396545,0.39494115114212036,0.3906297981739044,0.003933139611035585,0.9892573952674866,0.5136593580245972,0.3839623034000397,0.005376856308430433,0.9966219067573547,0.3917999863624573,0.4851687252521515,0.022747447714209557,0.8852195143699646,0.5242550373077393,0.4819445312023163,0.022139225155115128,0.945301353931427,0.3915014863014221,0.5126821398735046,0.01972106471657753,0.7812862396240234,0.5266634821891785,0.5090607404708862,0.02282310463488102,0.8883847594261169,0.39685094356536865,0.510416567325592,0.020832624286413193,0.7661161422729492,0.5223363637924194,0.508716344833374,0.021836411207914352,0.8805727958679199,0.39897507429122925,0.5023320913314819,0.023472383618354797,0.6923438906669617,0.51950603723526,0.5009472966194153,0.022701550275087357,0.8238108158111572,0.4364263415336609,0.49511218070983887,0.002277754247188568,0.9997584819793701,0.4804752767086029,0.4885266125202179,-0.0025262702256441116,0.9996241927146912,0.4466204047203064,0.6480408906936646,0.005536924581974745,0.9950303435325623,0.4961075782775879,0.64792400598526,0.03872702643275261,0.9970452189445496,0.44962066411972046,0.8024589419364929,0.034325942397117615,0.9917008280754089,0.50914466381073,0.7996754050254822,0.06861738860607147,0.9944161176681519,0.45108285546302795,0.8251124024391174,0.03450949117541313,0.9930971264839172,0.5071060657501221,0.8209355473518372,0.07145680487155914,0.9936174750328064,0.4535132944583893,0.8199042677879333,-0.004024284891784191,0.8894298076629639,0.5152813792228699,0.8095265626907349,0.03806499019265175,0.9171210527420044
149,walk,0.45755353569984436,0.2201167643070221,0.19848860800266266,0.9998710751533508,0.45433706045150757,0.21036285161972046,0.17092087864875793,0.999795138835907,0.4518435001373291,0.2097262293100357,0.17093680799007416,0.9998232126235962,0.4492078721523285,0.2091224491596222,0.17094773054122925,0.9997789263725281,0.460010290145874,0.2108146846294403,0.17170649766921997,0.9997971653938293,0.46191611886024475,0.210566908121109,0.17173632979393005,0.9998239874839783,0.46395403146743774,0.21026866137981415,0.17168623208999634,0.9997641444206238,0.4436683654785156,0.21269291639328003,0.07239536941051483,0.9998047947883606,0.4669532775878906,0.21289092302322388,0.07449227571487427,0.9997907876968384,0.4543685019016266,0.22845472395420074,0.16746318340301514,0.999839723110199,0.460500568151474,0.22975099086761475,0.16868266463279724,0.999845564365387,0.4108240008354187,0.28320980072021484,0.01822580210864544,0.9999158978462219,0.4918650984764099,0.2779771089553833,0.017198260873556137,0.9999300837516785,0.3952568471431732,0.391022264957428,0.005051332525908947,0.989470362663269,0.5138143301010132,0.38395437598228455,0.006986559834331274,0.9965539574623108,0.3925362825393677,0.48558804392814636,0.023598570376634598,0.8812748193740845,0.524360179901123,0.4819517731666565,0.024047398939728737,0.9423806071281433,0.39233431220054626,0.5139217972755432,0.020709553733468056,0.7752364873886108,0.5268017053604126,0.5090711116790771,0.024374965578317642,0.8829166293144226,0.39791303873062134,0.5114986896514893,0.02184348925948143,0.7595999240875244,0.522480309009552,0.5086994767189026,0.023321624845266342,0.874681830406189,0.40002647042274475,0.502899706363678,0.02433113195002079,0.6856673955917358,0.5198444724082947,0.5009404420852661,0.024420063942670822,0.8167127370834351,0.4368644654750824,0.49597057700157166,0.0023835257161408663,0.9997581839561462,0.48096543550491333,0.4899040758609772,-0.0026274702977389097,0.9996197819709778,0.44664525985717773,0.6481818556785583,0.0056915380991995335,0.9951448440551758,0.4958740174770355,0.6493334174156189,0.036899007856845856,0.9969837665557861,0.44953274726867676,0.8027245998382568,0.03255079686641693,0.9918380379676819,0.5091992020606995,0.8008412718772888,0.0668126791715622,0.9942742586135864,0.45102134346961975,0.8251062035560608,0.03349589928984642,0.993106484413147,0.5071848630905151,0.8222991824150085,0.06976523250341415,0.993508517742157,0.4529360830783844,0.8203164935112,-0.004712926223874092,0.8892946839332581,0.514954686164856,0.8098415732383728,0.035844653844833374,0.914726197719574
150,walk,0.4576260447502136,0.22025498747825623,0.20217406749725342,0.9998688697814941,0.45438942313194275,0.2105526328086853,0.1741580367088318,0.9997912049293518,0.4518683850765228,0.20989885926246643,0.17417332530021667,0.9998196959495544,0.4492216110229492,0.2092674821615219,0.17418450117111206,0.9997743964195251,0.46008196473121643,0.21106527745723724,0.17562706768512726,0.9997937083244324,0.4619724750518799,0.21084393560886383,0.17565234005451202,0.9998207688331604,0.46399202942848206,0.21056170761585236,0.17559769749641418,0.9997600317001343,0.4437844753265381,0.21287325024604797,0.07329215109348297,0.9998026490211487,0.4670178294181824,0.21323144435882568,0.07780757546424866,0.9997871518135071,0.45442143082618713,0.2285481095314026,0.17048051953315735,0.9998378753662109,0.4605753421783447,0.2299395501613617,0.17203772068023682,0.9998445510864258,0.411207377910614,0.28322842717170715,0.02229071781039238,0.9999133348464966,0.49218448996543884,0.2781955301761627,0.01785104162991047,0.999926745891571,0.39624685049057007,0.3912041187286377,0.00908744242042303,0.9895703196525574,0.514114260673523,0.38393956422805786,0.007160694804042578,0.9964960813522339,0.39329564571380615,0.48581185936927795,0.02467651292681694,0.8781830668449402,0.5248625874519348,0.4819016456604004,0.024412307888269424,0.9407506585121155,0.3929884731769562,0.5145801305770874,0.021552735939621925,0.7705591917037964,0.5272217392921448,0.5090497136116028,0.024441208690404892,0.879853367805481,0.39864981174468994,0.5120255947113037,0.023352520540356636,0.7545161247253418,0.523281991481781,0.5085545182228088,0.023635877296328545,0.8713654279708862,0.4008631706237793,0.5031730532646179,0.025775820016860962,0.680450439453125,0.520849347114563,0.5008219480514526,0.02489263191819191,0.8125523924827576,0.4374235272407532,0.4963836967945099,0.003788486821576953,0.9997553825378418,0.4815954566001892,0.49055954813957214,-0.004041240084916353,0.9996148347854614,0.4467381536960602,0.6483131051063538,0.007536445744335651,0.9952124953269958,0.4955070912837982,0.6500997543334961,0.03461477905511856,0.9969231486320496,0.44939905405044556,0.802980899810791,0.034136008471250534,0.9918414950370789,0.5088239312171936,0.8025062680244446,0.059687841683626175,0.9941390752792358,0.4508918225765228,0.8250964879989624,0.035942189395427704,0.9930509924888611,0.5067589282989502,0.8235939741134644,0.062329620122909546,0.9934250116348267,0.45235952734947205,0.8211151957511902,-0.002550973556935787,0.8878985047340393,0.5148902535438538,0.8103472590446472,0.026848474517464638,0.9125682711601257
151,walk,0.4577985405921936,0.2202620804309845,0.20562979578971863,0.999866783618927,0.45457926392555237,0.21054573357105255,0.1788078099489212,0.9997889995574951,0.45214834809303284,0.20989423990249634,0.17882683873176575,0.9998171925544739,0.44950637221336365,0.2092621624469757,0.17884087562561035,0.9997720718383789,0.46041935682296753,0.21107308566570282,0.17948567867279053,0.9997916221618652,0.462367445230484,0.21084333956241608,0.17950576543807983,0.9998184442520142,0.46442699432373047,0.2105514109134674,0.17944572865962982,0.9997579455375671,0.4442882537841797,0.2128985971212387,0.07962353527545929,0.99980229139328,0.4672490954399109,0.21326877176761627,0.08165837824344635,0.9997848868370056,0.4546968340873718,0.22856345772743225,0.17469510436058044,0.999836802482605,0.46085500717163086,0.2299480438232422,0.17517073452472687,0.9998435974121094,0.4121437072753906,0.2831956744194031,0.03129984438419342,0.9999122023582458,0.49259671568870544,0.27818557620048523,0.017117179930210114,0.9999256134033203,0.39805251359939575,0.3908134400844574,0.020550204440951347,0.9893984794616699,0.5146318078041077,0.382998526096344,0.005969271995127201,0.9964974522590637,0.39390483498573303,0.48581233620643616,0.03856225311756134,0.8757383227348328,0.5257837176322937,0.4816485643386841,0.024049188941717148,0.9410149455070496,0.39348849654197693,0.5145318508148193,0.03609103709459305,0.766649067401886,0.5279723405838013,0.5089547038078308,0.024317551404237747,0.8800402283668518,0.399037629365921,0.5120073556900024,0.036760322749614716,0.7502654790878296,0.524211049079895,0.5084162950515747,0.023465819656848907,0.8715139031410217,0.40131086111068726,0.5031904578208923,0.03897728770971298,0.6756693124771118,0.5219531059265137,0.5007151961326599,0.024683650583028793,0.812688410282135,0.4379149079322815,0.4962112307548523,0.004735841415822506,0.9997504949569702,0.4822690486907959,0.49006956815719604,-0.005029603838920593,0.9996055960655212,0.4469870626926422,0.6482959985733032,0.0021413767244666815,0.9950606226921082,0.4952336847782135,0.6499068140983582,0.023166142404079437,0.9967623949050903,0.44939178228378296,0.8034890294075012,0.024725131690502167,0.9913923144340515,0.5085728764533997,0.803218424320221,0.04922176152467728,0.9938088655471802,0.4508533477783203,0.8251274824142456,0.026106473058462143,0.9926355481147766,0.5063934922218323,0.8241498470306396,0.0516158752143383,0.993188738822937,0.45200473070144653,0.8229929804801941,-0.01827363111078739,0.8839567303657532,0.5151175260543823,0.8111363053321838,0.009119399823248386,0.9098641872406006
152,walk,0.45815762877464294,0.22028999030590057,0.20903685688972473,0.9998648166656494,0.4549674391746521,0.21055807173252106,0.18254505097866058,0.9997872114181519,0.45270004868507385,0.2099117636680603,0.18256624042987823,0.9998153448104858,0.4501515030860901,0.2092851996421814,0.18258240818977356,0.9997702240943909,0.46098417043685913,0.21110549569129944,0.1827894151210785,0.9997898936271667,0.46297913789749146,0.2108669877052307,0.182807058095932,0.9998165965080261,0.4651174545288086,0.21056856215000153,0.18274375796318054,0.9997559189796448,0.44511714577674866,0.21300028264522552,0.08299987018108368,0.9998019337654114,0.46778687834739685,0.21334947645664215,0.08380002528429031,0.9997827410697937,0.45513439178466797,0.22861123085021973,0.17810891568660736,0.9998354911804199,0.4613419473171234,0.2300308793783188,0.17801490426063538,0.9998420476913452,0.4135599732398987,0.2831988036632538,0.03579253330826759,0.9999109506607056,0.4933605194091797,0.27815842628479004,0.016528530046343803,0.9999235272407532,0.3996388614177704,0.3903997540473938,0.025581711903214455,0.989372193813324,0.5157410502433777,0.38259047269821167,0.005543663166463375,0.9965195059776306,0.3942820429801941,0.4858740568161011,0.04317479208111763,0.8749100565910339,0.5268055200576782,0.48165181279182434,0.023817526176571846,0.9410788416862488,0.3937762379646301,0.5145431756973267,0.041040241718292236,0.7651252150535583,0.5286000967025757,0.5089568495750427,0.02423470839858055,0.879851222038269,0.3992454409599304,0.5120668411254883,0.04123028367757797,0.7485410571098328,0.5249930620193481,0.5084119439125061,0.02334344945847988,0.871277391910553,0.40154725313186646,0.5032654404640198,0.04337328299880028,0.6734599471092224,0.5229028463363647,0.5007196068763733,0.024543974548578262,0.8123137354850769,0.4388992190361023,0.4961364269256592,0.006513225380331278,0.9997460246086121,0.48345232009887695,0.48985111713409424,-0.006779288407415152,0.9995966553688049,0.44760170578956604,0.6482734084129333,0.0017390588764101267,0.9949363470077515,0.495267778635025,0.6497859954833984,0.018151726573705673,0.9966789484024048,0.44938939809799194,0.8036568760871887,0.021634168922901154,0.9909728765487671,0.5083762407302856,0.8037180304527283,0.042440857738256454,0.9936079978942871,0.4508499503135681,0.8250955939292908,0.022720331326127052,0.9922957420349121,0.5061224699020386,0.8243598341941833,0.04467535763978958,0.993083119392395,0.45183882117271423,0.8244590759277344,-0.022322554141283035,0.8796687722206116,0.5157040357589722,0.8121309280395508,0.0017799201887100935,0.9078396558761597
153,walk,0.4588039517402649,0.2202918380498886,0.20853309333324432,0.9998624324798584,0.45562052726745605,0.21058012545108795,0.1820048838853836,0.9997844696044922,0.4534842073917389,0.20993457734584808,0.1820259988307953,0.9998124241828918,0.45103082060813904,0.20931121706962585,0.18204239010810852,0.9997671842575073,0.46185773611068726,0.21114765107631683,0.18231439590454102,0.9997873306274414,0.46388882398605347,0.21089819073677063,0.1823316365480423,0.9998140335083008,0.46613940596580505,0.2105901539325714,0.18226906657218933,0.9997532963752747,0.44597840309143066,0.21307343244552612,0.08226537704467773,0.9998010396957397,0.46866506338119507,0.213370218873024,0.08346714079380035,0.9997797608375549,0.45571547746658325,0.2286078929901123,0.17760023474693298,0.9998347759246826,0.46209320425987244,0.23002789914608002,0.17753176391124725,0.9998410940170288,0.4151318073272705,0.28309473395347595,0.03362220153212547,0.9999099969863892,0.4947991371154785,0.2780357003211975,0.017538713291287422,0.9999217391014099,0.4009844660758972,0.388925164937973,0.023564817383885384,0.9893624186515808,0.517417311668396,0.38257917761802673,0.006590145640075207,0.9965124726295471,0.394786536693573,0.4858805239200592,0.04172990098595619,0.8747761845588684,0.5278681516647339,0.4819827079772949,0.02369065396487713,0.9412297606468201,0.39418965578079224,0.5145161151885986,0.040104594081640244,0.7647696137428284,0.5292205214500427,0.509161114692688,0.023828525096178055,0.8799956440925598,0.39954185485839844,0.5120450854301453,0.04025430232286453,0.7480694651603699,0.5258147716522217,0.5085256099700928,0.0225310567766428,0.8713168501853943,0.4019044041633606,0.5032588243484497,0.041929326951503754,0.6726839542388916,0.5239096283912659,0.500848650932312,0.024421265348792076,0.8124473094940186,0.44036921858787537,0.4956463575363159,0.007281889673322439,0.9997401833534241,0.4852365553379059,0.48940590023994446,-0.007546089589595795,0.9995850324630737,0.448016494512558,0.6479921340942383,0.00037109924596734345,0.9948179721832275,0.4953422546386719,0.6496649980545044,0.019055921584367752,0.9965358972549438,0.4493873715400696,0.803730845451355,0.02070980705320835,0.9906184077262878,0.5083426833152771,0.8038474321365356,0.043519310653209686,0.9933274984359741,0.4508611261844635,0.825075089931488,0.021808449178934097,0.9919703602790833,0.5060969591140747,0.8243398070335388,0.04570794478058815,0.992887556552887,0.4515569806098938,0.8253143429756165,-0.022733043879270554,0.8769519925117493,0.5157891511917114,0.813054084777832,0.0036303712986409664,0.9053511023521423
154,walk,0.4600517749786377,0.22028662264347076,0.20999324321746826,0.9998592734336853,0.4567980170249939,0.2105691283941269,0.1831841766834259,0.9997806549072266,0.4547165334224701,0.2099248319864273,0.1832074224948883,0.9998088479042053,0.45241600275039673,0.20930451154708862,0.18322396278381348,0.999763011932373,0.46319493651390076,0.21113647520542145,0.18420162796974182,0.9997839331626892,0.4652901291847229,0.21088530123233795,0.18421722948551178,0.999811053276062,0.46768808364868164,0.21057671308517456,0.18415415287017822,0.9997501373291016,0.4473661780357361,0.21310295164585114,0.08214094489812851,0.9997991323471069,0.46998733282089233,0.21337397396564484,0.08563141524791718,0.9997764229774475,0.45680826902389526,0.22860457003116608,0.17820528149604797,0.9998327493667603,0.4633294939994812,0.23002198338508606,0.17897582054138184,0.9998389482498169,0.4167267382144928,0.2830643355846405,0.03262128680944443,0.9999071955680847,0.4964500367641449,0.2780141830444336,0.020708562806248665,0.9999183416366577,0.40293440222740173,0.3880012631416321,0.02197100594639778,0.9892383813858032,0.5189879536628723,0.3826112151145935,0.010758901946246624,0.9964757561683655,0.39528411626815796,0.4859800934791565,0.04131191223859787,0.8744891881942749,0.5290244221687317,0.4821477234363556,0.025482062250375748,0.9410110712051392,0.39437639713287354,0.5147265791893005,0.038569118827581406,0.7644224166870117,0.5301625728607178,0.5092804431915283,0.024792123585939407,0.8797925114631653,0.3997541069984436,0.5122591257095337,0.0390845462679863,0.747593343257904,0.526918351650238,0.5086122155189514,0.023476269096136093,0.8709705471992493,0.4022790491580963,0.503451406955719,0.0416911356151104,0.6717908978462219,0.5250803232192993,0.5009999871253967,0.025905881077051163,0.8121203780174255,0.4417942464351654,0.4954736530780792,0.007323345635086298,0.999735951423645,0.4868966042995453,0.48925021290779114,-0.007582535035908222,0.9995768070220947,0.44819197058677673,0.6479001641273499,-0.0008274015272036195,0.9947165846824646,0.4953874945640564,0.6495579481124878,0.019499048590660095,0.996412992477417,0.4493561387062073,0.8042215704917908,0.019579213112592697,0.9902992248535156,0.5082585215568542,0.8038255572319031,0.04439093545079231,0.9930827617645264,0.4508592188358307,0.8252483606338501,0.020681146532297134,0.9917080402374268,0.5059288740158081,0.8242334723472595,0.04657318443059921,0.9927344918251038,0.4493771195411682,0.8267868757247925,-0.02399846352636814,0.8740907907485962,0.5157962441444397,0.8140758275985718,0.004745941609144211,0.9028462767601013
155,walk,0.4614655077457428,0.22028109431266785,0.21096277236938477,0.9998546242713928,0.4581131935119629,0.21056804060935974,0.18365590274333954,0.9997740387916565,0.45600810647010803,0.20992591977119446,0.18367786705493927,0.9998029470443726,0.4538211226463318,0.20931504666805267,0.18369458615779877,0.9997556209564209,0.4645306468009949,0.21113376319408417,0.1854577511548996,0.9997773766517639,0.4667229652404785,0.2108820378780365,0.18547403812408447,0.9998055696487427,0.469250351190567,0.21057263016700745,0.18541215360164642,0.9997437000274658,0.44891858100891113,0.2132367640733719,0.08141548931598663,0.99979567527771,0.4715766906738281,0.21344567835330963,0.08773109316825867,0.9997699856758118,0.4582405686378479,0.22860360145568848,0.17848914861679077,0.9998292326927185,0.46481770277023315,0.23001787066459656,0.18028821051120758,0.9998352527618408,0.4182978570461273,0.28280508518218994,0.028461238369345665,0.9999058246612549,0.49891671538352966,0.2779988944530487,0.02542700245976448,0.9999155402183533,0.4044795632362366,0.38793283700942993,0.01679246500134468,0.9891780018806458,0.5205377340316772,0.38310208916664124,0.014906334690749645,0.9964081645011902,0.3960550129413605,0.4861721396446228,0.038255490362644196,0.873924195766449,0.5298628807067871,0.4828868806362152,0.027520382776856422,0.9407888054847717,0.3948504626750946,0.5150025486946106,0.03484038636088371,0.7638898491859436,0.5306385159492493,0.5101072192192078,0.0265402439981699,0.8797021508216858,0.4001675546169281,0.5126771926879883,0.035903748124837875,0.7469161748886108,0.5275501608848572,0.5091823935508728,0.02518845722079277,0.870630145072937,0.40277543663978577,0.5038880109786987,0.03901958838105202,0.670863926410675,0.5258277654647827,0.5015177726745605,0.027676919475197792,0.8119136095046997,0.4434896409511566,0.4954444468021393,0.00457721296697855,0.9997323155403137,0.4887944757938385,0.48920562863349915,-0.004817052744328976,0.9995673894882202,0.4483771324157715,0.6478360295295715,-0.0029888616409152746,0.994661808013916,0.4959389269351959,0.6496959924697876,0.02545127272605896,0.9962543845176697,0.44935402274131775,0.8045849204063416,0.01854470558464527,0.9901219606399536,0.5082815885543823,0.8047545552253723,0.05079154297709465,0.9928186535835266,0.45100364089012146,0.8258461952209473,0.01977110654115677,0.9915156960487366,0.5058838129043579,0.8250210285186768,0.052950721234083176,0.9925363063812256,0.44807153940200806,0.8274285793304443,-0.024125998839735985,0.8731454014778137,0.5157469511032104,0.8157212138175964,0.011261248961091042,0.9003764986991882
156,walk,0.4625129699707031,0.2202846109867096,0.20976074039936066,0.9998506903648376,0.4591054916381836,0.21059511601924896,0.18193748593330383,0.9997690320014954,0.4569948613643646,0.20997074246406555,0.18195834755897522,0.9997982382774353,0.45483946800231934,0.20939549803733826,0.18197372555732727,0.9997501373291016,0.4655745029449463,0.2111358791589737,0.18527992069721222,0.9997718334197998,0.4678301215171814,0.21088051795959473,0.18529446423053741,0.9998008608818054,0.47044992446899414,0.21056817471981049,0.18523173034191132,0.9997386932373047,0.4500292241573334,0.2134620100259781,0.07757723331451416,0.9997934699058533,0.4729558527469635,0.21348951756954193,0.08671869337558746,0.9997650384902954,0.45933666825294495,0.22864677011966705,0.17643249034881592,0.9998272657394409,0.4660075306892395,0.23003137111663818,0.18010935187339783,0.9998328685760498,0.41982394456863403,0.2825010418891907,0.023563887923955917,0.9999051690101624,0.5002061724662781,0.27798640727996826,0.025905245915055275,0.9999132752418518,0.4056847095489502,0.38718143105506897,0.010001365095376968,0.9891091585159302,0.5219420194625854,0.38329559564590454,0.01486259512603283,0.9963207244873047,0.3969467878341675,0.4869362413883209,0.0279268566519022,0.8736330270767212,0.5309415459632874,0.482975035905838,0.027023574337363243,0.940272331237793,0.3957974314689636,0.5155301690101624,0.02325333096086979,0.7636329531669617,0.5315582156181335,0.5102234482765198,0.0261931624263525,0.8790923953056335,0.4010588228702545,0.5133212804794312,0.024561479687690735,0.7465841770172119,0.5285980105400085,0.5092462301254272,0.024852655827999115,0.8696901798248291,0.40359973907470703,0.5046695470809937,0.02865571342408657,0.6702888607978821,0.5269129276275635,0.5015996098518372,0.027472063899040222,0.8109577298164368,0.4453025758266449,0.4947732388973236,0.0023065824061632156,0.9997237920761108,0.49030447006225586,0.48885154724121094,-0.002527381293475628,0.9995487928390503,0.44874900579452515,0.6477053761482239,-0.006763818673789501,0.9945176243782043,0.49682503938674927,0.649660050868988,0.02938312664628029,0.9959877729415894,0.4494324326515198,0.8052021265029907,0.013894347473978996,0.9897397756576538,0.5086318254470825,0.8055419325828552,0.052426062524318695,0.9922931790351868,0.45130714774131775,0.8265029191970825,0.014947852119803429,0.9911671280860901,0.506226658821106,0.8258174657821655,0.05427287891507149,0.9921081066131592,0.4477347433567047,0.8277493715286255,-0.029162302613258362,0.8713253736495972,0.5156865119934082,0.8170950412750244,0.01245776005089283,0.8961843848228455
157,walk,0.4635283946990967,0.2202751785516739,0.20713236927986145,0.9998487234115601,0.46006935834884644,0.21059226989746094,0.17879119515419006,0.9997668266296387,0.4579452574253082,0.20997551083564758,0.1788119226694107,0.9997966289520264,0.4557865560054779,0.20942282676696777,0.1788264662027359,0.9997476935386658,0.4665703773498535,0.21113178133964539,0.18302959203720093,0.999769389629364,0.46886545419692993,0.21087612211704254,0.18304389715194702,0.999799370765686,0.4715413451194763,0.21056346595287323,0.18298760056495667,0.999737024307251,0.4510897696018219,0.21360079944133759,0.07322053611278534,0.9997943639755249,0.47418707609176636,0.2135133147239685,0.08604468405246735,0.9997636675834656,0.4604743421077728,0.22865651547908783,0.1734989434480667,0.9998273253440857,0.46716031432151794,0.2300286442041397,0.17834649980068207,0.9998326301574707,0.421363890171051,0.2820976972579956,0.018666762858629227,0.9999047517776489,0.501928448677063,0.27801546454429626,0.026319369673728943,0.9999111294746399,0.40722528100013733,0.3867645263671875,0.00506582111120224,0.9891312718391418,0.5235055685043335,0.3839576244354248,0.015451082959771156,0.9962010383605957,0.3979957103729248,0.4869646728038788,0.023185858502984047,0.87314373254776,0.5317467451095581,0.483178973197937,0.026892131194472313,0.9392125010490417,0.39682716131210327,0.5156110525131226,0.018071508035063744,0.7630855441093445,0.5322352647781372,0.5104871988296509,0.025895949453115463,0.8775157332420349,0.40208035707473755,0.5133828520774841,0.01940554566681385,0.7459300756454468,0.5292900800704956,0.5093434453010559,0.02363031543791294,0.8677265644073486,0.4046275019645691,0.5046987533569336,0.023953493684530258,0.669434130191803,0.5276198387145996,0.5016816258430481,0.026987740769982338,0.8087862133979797,0.44640398025512695,0.49433016777038574,0.00035686715273186564,0.999718189239502,0.4913488030433655,0.4887213110923767,-0.0005640198942273855,0.9995366930961609,0.4492073953151703,0.6475344300270081,-0.008951973170042038,0.9945879578590393,0.49835044145584106,0.6496473550796509,0.031581178307533264,0.9958705902099609,0.4495287835597992,0.8054532408714294,0.010793101042509079,0.989657461643219,0.5090433359146118,0.80657958984375,0.05319264531135559,0.9920375347137451,0.4514954686164856,0.8269528150558472,0.011798419989645481,0.9910913705825806,0.5067812204360962,0.8271207809448242,0.054861389100551605,0.9919386506080627,0.44758638739585876,0.8263272047042847,-0.0314064621925354,0.8697953820228577,0.5155653953552246,0.817388653755188,0.013175249099731445,0.8926748037338257
158,walk,0.4646891951560974,0.22006195783615112,0.20647569000720978,0.9998461604118347,0.46118488907814026,0.21033674478530884,0.17810505628585815,0.9997640252113342,0.45906123518943787,0.20976383984088898,0.1781267374753952,0.999794602394104,0.45692428946495056,0.20927314460277557,0.17814263701438904,0.9997444748878479,0.4676494598388672,0.21079270541667938,0.18234089016914368,0.9997661113739014,0.469937801361084,0.2105318307876587,0.18235330283641815,0.999797523021698,0.4726142883300781,0.21021440625190735,0.18229655921459198,0.9997344017028809,0.45232725143432617,0.2135661244392395,0.07239309698343277,0.9997941851615906,0.4753057360649109,0.21339014172554016,0.08579660952091217,0.9997614622116089,0.46163973212242126,0.22853124141693115,0.17272374033927917,0.9998268485069275,0.4682992398738861,0.22983205318450928,0.17753982543945312,0.9998317956924438,0.4227123260498047,0.2818810045719147,0.018439993262290955,0.9999037981033325,0.5035468339920044,0.2780939042568207,0.025102678686380386,0.9999081492424011,0.4089243412017822,0.3860665559768677,0.0035428337287157774,0.989015519618988,0.5246952772140503,0.3839987814426422,0.014156743884086609,0.9960663318634033,0.3990570902824402,0.4869556725025177,0.0182262621819973,0.8732645511627197,0.5327173471450806,0.4831899106502533,0.02459234558045864,0.9376921057701111,0.3975996673107147,0.5156022906303406,0.012431162409484386,0.7636258602142334,0.5330519080162048,0.510466992855072,0.023096757009625435,0.875194251537323,0.4028509557247162,0.5133754014968872,0.013767111115157604,0.7464110255241394,0.5300978422164917,0.509224534034729,0.020210016518831253,0.8650626540184021,0.40547412633895874,0.5046908259391785,0.018856089562177658,0.6694303750991821,0.5284848809242249,0.5016199946403503,0.024152018129825592,0.8057201504707336,0.447237491607666,0.49400830268859863,0.0009761067922227085,0.9997134208679199,0.4922448694705963,0.48868227005004883,-0.0011939354008063674,0.9995254874229431,0.44960731267929077,0.6475205421447754,-0.00803239643573761,0.9946936964988708,0.499530553817749,0.6496304869651794,0.03293147310614586,0.9958295226097107,0.44952812790870667,0.8057144284248352,0.011497639119625092,0.9896286725997925,0.5094817876815796,0.8065562844276428,0.05511981248855591,0.9918821454048157,0.4514697194099426,0.827135443687439,0.01246597059071064,0.9910922646522522,0.5073186159133911,0.8272337913513184,0.05682236701250076,0.9918770790100098,0.44779929518699646,0.8260737061500549,-0.0310130026191473,0.8676288723945618,0.515579342842102,0.8176058530807495,0.015076762065291405,0.889435350894928
159,walk,0.46592170000076294,0.2198498398065567,0.2086215764284134,0.9998452663421631,0.4624106287956238,0.21011076867580414,0.18044820427894592,0.999764084815979,0.4602839946746826,0.20958010852336884,0.1804729700088501,0.9997950792312622,0.458177387714386,0.20914319157600403,0.18049082159996033,0.9997445940971375,0.4687749445438385,0.21048159897327423,0.18390193581581116,0.9997658133506775,0.47103816270828247,0.21022078394889832,0.1839127540588379,0.9997981190681458,0.4736885130405426,0.20990003645420074,0.18385520577430725,0.9997349977493286,0.4535897374153137,0.21353596448898315,0.07345757633447647,0.9997958540916443,0.476400226354599,0.21326185762882233,0.08680780977010727,0.999762237071991,0.46296191215515137,0.22840946912765503,0.17479106783866882,0.9998278617858887,0.46950405836105347,0.2296174317598343,0.17877629399299622,0.9998325109481812,0.42394036054611206,0.28183478116989136,0.019726745784282684,0.99990314245224,0.5047960877418518,0.27817848324775696,0.025681201368570328,0.9999052286148071,0.4104709029197693,0.38572412729263306,0.005777081474661827,0.9890631437301636,0.5258706212043762,0.3839954733848572,0.015386494807898998,0.9959936141967773,0.4003470838069916,0.4869535267353058,0.02080405317246914,0.8740933537483215,0.5335013270378113,0.48318830132484436,0.02526974119246006,0.9358863234519958,0.3986617922782898,0.515593945980072,0.015607811510562897,0.7650277018547058,0.5339769124984741,0.510383665561676,0.023832734674215317,0.872270941734314,0.40370941162109375,0.5133324265480042,0.01687021553516388,0.7477869391441345,0.5309418439865112,0.5089995265007019,0.020778100937604904,0.8618119359016418,0.4063927233219147,0.5046048760414124,0.021405356004834175,0.6702927947044373,0.5292783975601196,0.5014018416404724,0.024794654920697212,0.8018945455551147,0.44841867685317993,0.49363768100738525,0.0017145921010524035,0.9997115731239319,0.4931933283805847,0.4885837137699127,-0.001940756686963141,0.9995183944702148,0.45025449991226196,0.6475039720535278,-0.007299279328435659,0.9948097467422485,0.5001729726791382,0.6496000289916992,0.03219662606716156,0.9958652257919312,0.4494290351867676,0.8059232831001282,0.011107487604022026,0.9896228313446045,0.5096924901008606,0.8063258528709412,0.05442342162132263,0.9918229579925537,0.45114007592201233,0.8275306820869446,0.011957085691392422,0.9911408424377441,0.5074864029884338,0.8275003433227539,0.05623855069279671,0.991916835308075,0.44789376854896545,0.8256138563156128,-0.03199896588921547,0.8652881383895874,0.515447199344635,0.8175765872001648,0.014659764245152473,0.8868588805198669
160,walk,0.4669630527496338,0.21956966817378998,0.2090594470500946,0.999843418598175,0.46341514587402344,0.2098229080438614,0.18092679977416992,0.999762237071991,0.46128931641578674,0.20934024453163147,0.1809529811143875,0.9997934699058533,0.4591697156429291,0.2089596688747406,0.18097135424613953,0.9997422099113464,0.46981707215309143,0.21011488139629364,0.18415184319019318,0.9997643232345581,0.47208794951438904,0.20985378324985504,0.184161975979805,0.9997974038124084,0.47475123405456543,0.20952820777893066,0.18410326540470123,0.9997345805168152,0.4545307755470276,0.2134828120470047,0.07372412085533142,0.9997954964637756,0.47761720418930054,0.21307063102722168,0.08736003190279007,0.9997613430023193,0.46401476860046387,0.22827790677547455,0.17534829676151276,0.9998276233673096,0.47064661979675293,0.2294374406337738,0.1791011393070221,0.9998325705528259,0.4249649941921234,0.2818226218223572,0.020686307922005653,0.9999016523361206,0.5055491328239441,0.2778654396533966,0.027239900082349777,0.9999035000801086,0.41187748312950134,0.38588884472846985,0.005976559594273567,0.9889771938323975,0.5267357230186462,0.3831740617752075,0.016757208853960037,0.9958792924880981,0.4018506407737732,0.48700571060180664,0.02129845693707466,0.8739238381385803,0.5346561670303345,0.48293358087539673,0.02619853988289833,0.9339678883552551,0.4002963602542877,0.5157641768455505,0.01601986028254032,0.7651885151863098,0.5352653861045837,0.509952187538147,0.024914825335144997,0.8692634105682373,0.40516799688339233,0.5133574604988098,0.017595473676919937,0.7478896379470825,0.5322343111038208,0.508470892906189,0.0219207014888525,0.8584080338478088,0.4077717363834381,0.5045976638793945,0.02202187106013298,0.6697198152542114,0.5304966568946838,0.500898003578186,0.02572023868560791,0.7977935671806335,0.449841171503067,0.49255019426345825,0.0018432624638080597,0.9997053742408752,0.4942629933357239,0.4879409372806549,-0.0020688252989202738,0.9995076656341553,0.45093053579330444,0.6473860144615173,-0.006786263082176447,0.9949346780776978,0.5011020302772522,0.6494128108024597,0.032219674438238144,0.9958713054656982,0.4494236409664154,0.8059108257293701,0.011735957115888596,0.9896568059921265,0.5101648569107056,0.8062050938606262,0.05426996201276779,0.9917410016059875,0.45112165808677673,0.8274667263031006,0.012649300508201122,0.9911848902702332,0.5078845620155334,0.8275048136711121,0.0560540147125721,0.9919006824493408,0.44801855087280273,0.8245068788528442,-0.03102116845548153,0.863860011100769,0.5154241919517517,0.8173456192016602,0.014479215256869793,0.8838606476783752
161,walk,0.46792012453079224,0.21932464838027954,0.2041258066892624,0.9998413920402527,0.46438342332839966,0.20955035090446472,0.1764257699251175,0.9997607469558716,0.46226197481155396,0.20913013815879822,0.17645204067230225,0.9997915625572205,0.46012625098228455,0.20881196856498718,0.17647038400173187,0.9997403621673584,0.4708162844181061,0.20970647037029266,0.1791684925556183,0.9997625350952148,0.47309866547584534,0.20942066609859467,0.17917531728744507,0.9997958540916443,0.4757653772830963,0.20905262231826782,0.17911259829998016,0.9997338056564331,0.45547643303871155,0.21343626081943512,0.07168634235858917,0.9997948408126831,0.47872573137283325,0.21274420619010925,0.08358582854270935,0.9997608661651611,0.46494993567466736,0.22815027832984924,0.17121611535549164,0.9998279809951782,0.47167396545410156,0.22925129532814026,0.17438599467277527,0.9998328685760498,0.42627644538879395,0.2817496061325073,0.02101682685315609,0.9999015927314758,0.506534993648529,0.2777799367904663,0.0237339586019516,0.9999035596847534,0.41306257247924805,0.38595953583717346,0.006421399302780628,0.9886899590492249,0.5277835130691528,0.3827002942562103,0.01261553168296814,0.9957982897758484,0.4035744071006775,0.487355500459671,0.021161623299121857,0.8743801116943359,0.5357776880264282,0.4828893840312958,0.020920995622873306,0.9335715770721436,0.40212926268577576,0.5161299705505371,0.015781596302986145,0.7661967873573303,0.5364366769790649,0.5098664164543152,0.019108260050415993,0.8686990737915039,0.40723052620887756,0.5134968757629395,0.017065245658159256,0.7489389181137085,0.5334075093269348,0.5083415508270264,0.01609504595398903,0.8577248454093933,0.4097241461277008,0.5046321749687195,0.02172280289232731,0.6702979207038879,0.5316566228866577,0.5007439255714417,0.020310960710048676,0.7971493601799011,0.4510405659675598,0.49124225974082947,0.002856069477275014,0.9997029304504395,0.4953063130378723,0.48708033561706543,-0.003073690691962838,0.9995022416114807,0.45127883553504944,0.6473290920257568,-0.00623233150690794,0.9949027895927429,0.5018826127052307,0.6492078304290771,0.029123961925506592,0.9958027005195618,0.4494999051094055,0.8058242201805115,0.012107829563319683,0.989509642124176,0.5106241703033447,0.805855393409729,0.052206359803676605,0.9915785789489746,0.45112210512161255,0.8270361423492432,0.013074731454253197,0.9909599423408508,0.5082650780677795,0.827304482460022,0.05390967056155205,0.9917139410972595,0.4493648111820221,0.8243139386177063,-0.030930062755942345,0.8633583188056946,0.5154237747192383,0.8173369765281677,0.009875413030385971,0.8829747438430786
162,walk,0.4686524271965027,0.21885204315185547,0.1994967758655548,0.9998393654823303,0.46512824296951294,0.20901347696781158,0.17188400030136108,0.9997595548629761,0.4630378186702728,0.20868633687496185,0.1719103455543518,0.9997896552085876,0.46087828278541565,0.2084641307592392,0.17192809283733368,0.9997391104698181,0.47160083055496216,0.20903949439525604,0.17457512021064758,0.9997609853744507,0.4738723337650299,0.20876102149486542,0.17458182573318481,0.9997941255569458,0.47656235098838806,0.2083853781223297,0.1745169460773468,0.9997332692146301,0.45624861121177673,0.21331344544887543,0.0681825503706932,0.9997940063476562,0.47977113723754883,0.2123570591211319,0.08007216453552246,0.9997597932815552,0.4657498002052307,0.22796128690242767,0.16700080037117004,0.9998274445533752,0.472531259059906,0.22898265719413757,0.17013733088970184,0.999832034111023,0.4276707172393799,0.28136971592903137,0.019815431907773018,0.9999018311500549,0.5075547695159912,0.277496874332428,0.020248698070645332,0.9999037981033325,0.41456732153892517,0.3862563967704773,0.005229337140917778,0.988508939743042,0.5290178656578064,0.3826834261417389,0.009724992327392101,0.9957544803619385,0.4048840403556824,0.48738789558410645,0.019868774339556694,0.8752291798591614,0.5367471575737,0.48290443420410156,0.018806951120495796,0.9331238865852356,0.403548002243042,0.5160767436027527,0.014791789464652538,0.7674557566642761,0.5372689962387085,0.5098129510879517,0.017197715118527412,0.8677583336830139,0.4085971415042877,0.5133330821990967,0.01597345806658268,0.7503013014793396,0.5341272354125977,0.5082284808158875,0.014433193020522594,0.8566187024116516,0.4111042022705078,0.5044187903404236,0.020401112735271454,0.6712361574172974,0.5324352979660034,0.5006594061851501,0.0182808730751276,0.7960424423217773,0.4519413113594055,0.4895786643028259,0.004665269982069731,0.9996978640556335,0.4963536858558655,0.48591452836990356,-0.00488177128136158,0.999494194984436,0.45140737295150757,0.646764874458313,-0.0057987030595541,0.9947160482406616,0.5025681853294373,0.6484287977218628,0.024406589567661285,0.9956849217414856,0.44964176416397095,0.8054178953170776,0.012330079451203346,0.9890720844268799,0.510604977607727,0.8052945733070374,0.04575555771589279,0.9913451671600342,0.45115819573402405,0.8251112103462219,0.013393936678767204,0.9904921650886536,0.5081385374069214,0.8259426355361938,0.04722737893462181,0.9914759397506714,0.44936543703079224,0.8241296410560608,-0.0310042854398489,0.8616381287574768,0.5154179930686951,0.8176723718643188,0.0021122938487678766,0.8820156455039978
163,walk,0.46924933791160583,0.21828947961330414,0.19662782549858093,0.9998395442962646,0.4657248556613922,0.20821446180343628,0.168852299451828,0.9997615218162537,0.4636673927307129,0.20795086026191711,0.16888056695461273,0.9997908473014832,0.46147140860557556,0.20779387652873993,0.16889891028404236,0.9997413158416748,0.47225627303123474,0.20816326141357422,0.17162416875362396,0.9997626543045044,0.4745147228240967,0.20789679884910583,0.17163310945034027,0.9997953176498413,0.4772106111049652,0.20752237737178802,0.17157062888145447,0.9997358322143555,0.4570234417915344,0.21290461719036102,0.06506182253360748,0.9997960925102234,0.48058056831359863,0.21181365847587585,0.07738335430622101,0.9997615218162537,0.46634817123413086,0.22760425508022308,0.164168581366539,0.9998288750648499,0.47320395708084106,0.22858816385269165,0.1674077808856964,0.9998331069946289,0.4288609027862549,0.2810104489326477,0.01714242994785309,0.9999021887779236,0.5087485313415527,0.2774256765842438,0.017753101885318756,0.9999042749404907,0.4161100387573242,0.3864029049873352,0.002782560186460614,0.988415539264679,0.5301300883293152,0.3827087879180908,0.00785105861723423,0.9957299828529358,0.4065019488334656,0.48734718561172485,0.01695309206843376,0.875652015209198,0.5375090837478638,0.4829038083553314,0.017047405242919922,0.9327189922332764,0.40546804666519165,0.5156500935554504,0.01188989169895649,0.7680690288543701,0.5379406809806824,0.5097386837005615,0.015755686908960342,0.866937518119812,0.41037312150001526,0.5126787424087524,0.012922908179461956,0.7509884238243103,0.5346929430961609,0.5081003308296204,0.012876400724053383,0.8556239008903503,0.41282445192337036,0.503825306892395,0.017460785806179047,0.6717349886894226,0.5330052971839905,0.5005860924720764,0.016532128676772118,0.7950921654701233,0.4526694715023041,0.48826396465301514,0.0054472205229103565,0.9996923208236694,0.4972077012062073,0.4850996136665344,-0.005663452669978142,0.9994857311248779,0.45158085227012634,0.6459780931472778,-0.005684207659214735,0.9945951700210571,0.5032457113265991,0.6478396058082581,0.024287736043334007,0.9955997467041016,0.4496470093727112,0.8050953149795532,0.012513481080532074,0.9886558651924133,0.5099212527275085,0.8052454590797424,0.04428650811314583,0.9911482334136963,0.4510723054409027,0.8243131637573242,0.013619246892631054,0.990152895450592,0.5075480341911316,0.8257033228874207,0.045660365372896194,0.9913495779037476,0.4494556784629822,0.8232995867729187,-0.030638569965958595,0.8588212728500366,0.5153533220291138,0.8176620602607727,0.0014802084770053625,0.8802218437194824
164,walk,0.4701348841190338,0.2181045562028885,0.1993265300989151,0.9998374581336975,0.4666594862937927,0.20793238282203674,0.1717517077922821,0.9997605681419373,0.4646551012992859,0.2076830118894577,0.17178303003311157,0.9997893571853638,0.46247273683547974,0.20754554867744446,0.17180180549621582,0.999740719795227,0.47307834029197693,0.20789311826229095,0.17463597655296326,0.9997617602348328,0.47525912523269653,0.20764058828353882,0.1746452897787094,0.9997941255569458,0.4778636395931244,0.20728513598442078,0.17457792162895203,0.999735951423645,0.45803457498550415,0.21272532641887665,0.06818510591983795,0.9997954964637756,0.48133039474487305,0.21165190637111664,0.08078561723232269,0.9997603893280029,0.4673193097114563,0.22752250730991364,0.16697272658348083,0.9998270273208618,0.4740019738674164,0.22850288450717926,0.17037758231163025,0.9998311400413513,0.4298749566078186,0.28073298931121826,0.020184990018606186,0.9999012351036072,0.5098322033882141,0.2773650586605072,0.019512342289090157,0.9999041557312012,0.41699305176734924,0.38635778427124023,0.0054394849576056,0.9882947206497192,0.5310612916946411,0.3827255368232727,0.009827644564211369,0.995747447013855,0.40815839171409607,0.48707452416419983,0.01869223453104496,0.8741255402565002,0.5382528901100159,0.4828839898109436,0.018992919474840164,0.9323645234107971,0.4075261652469635,0.5151650905609131,0.013941839337348938,0.7655587196350098,0.5385742783546448,0.5095846652984619,0.018288586288690567,0.8661132454872131,0.41223111748695374,0.5120378732681274,0.015234743244946003,0.7483171820640564,0.5352498292922974,0.5079002380371094,0.015374384820461273,0.8546182513237,0.41463032364845276,0.5031683444976807,0.019234109669923782,0.6688585877418518,0.5336190462112427,0.5004648566246033,0.018553955480456352,0.793978214263916,0.4534071981906891,0.48734623193740845,0.006278002168983221,0.9996810555458069,0.4980142116546631,0.48428866267204285,-0.006492641754448414,0.9994690418243408,0.4516942501068115,0.6450287699699402,-0.005655559711158276,0.9944580793380737,0.5041263103485107,0.6469740271568298,0.020217284560203552,0.9954960942268372,0.4497673511505127,0.8049408793449402,0.011045522056519985,0.9880138039588928,0.5093961954116821,0.8051645755767822,0.03609539568424225,0.9908462762832642,0.4511784613132477,0.8239734172821045,0.011720049194991589,0.9897010922431946,0.5068351030349731,0.8256235122680664,0.03719997778534889,0.9911766052246094,0.44940313696861267,0.822780430316925,-0.03269496187567711,0.8538987636566162,0.5153325796127319,0.8177464604377747,-0.007019300013780594,0.8774046897888184
165,walk,0.47088822722435,0.21797603368759155,0.2005005180835724,0.9998363852500916,0.4675167202949524,0.20770816504955292,0.17289574444293976,0.9997608065605164,0.4655733108520508,0.20746955275535583,0.17292949557304382,0.9997889995574951,0.4634179174900055,0.2073449194431305,0.17294785380363464,0.9997413754463196,0.4738306403160095,0.2077043056488037,0.17613579332828522,0.9997622966766357,0.4759576916694641,0.20747146010398865,0.17614522576332092,0.9997941851615906,0.478475958108902,0.20714519917964935,0.17607735097408295,0.999737560749054,0.4590291976928711,0.21259889006614685,0.06891342252492905,0.9997959733009338,0.48207545280456543,0.21160633862018585,0.08271823078393936,0.9997602701187134,0.4681078791618347,0.2274736613035202,0.1679699420928955,0.9998261332511902,0.4746864438056946,0.22848103940486908,0.17179375886917114,0.9998301267623901,0.43063560128211975,0.2806565463542938,0.02036864683032036,0.9998992681503296,0.5108428597450256,0.27743199467658997,0.022742992267012596,0.9999027252197266,0.4173201024532318,0.38648444414138794,0.0057287076488137245,0.9881771802902222,0.5318192839622498,0.3828873634338379,0.013593356125056744,0.9956936836242676,0.4095676839351654,0.4869345426559448,0.019413424655795097,0.8726426362991333,0.5392880439758301,0.4828589856624603,0.022738715633749962,0.9313856959342957,0.4092346131801605,0.5148919820785522,0.014725731685757637,0.7631579637527466,0.5395806431770325,0.5094486474990845,0.022496266290545464,0.8644971251487732,0.4137066900730133,0.5116426944732666,0.015963086858391762,0.7457430958747864,0.5362488627433777,0.5077365636825562,0.019607441499829292,0.8527291417121887,0.4160045087337494,0.5027769804000854,0.01996191032230854,0.6662350296974182,0.5346344709396362,0.5003594160079956,0.02233821153640747,0.791756808757782,0.4541473388671875,0.4870980978012085,0.006248790305107832,0.9996660947799683,0.4986957013607025,0.48422420024871826,-0.006461102515459061,0.9994491338729858,0.45171698927879333,0.6443967819213867,-0.0055086249485611916,0.9943699240684509,0.5045457482337952,0.6469696760177612,0.019945643842220306,0.9953750371932983,0.44979310035705566,0.8049013614654541,0.011163356713950634,0.9874650835990906,0.5086831450462341,0.8053229451179504,0.0353018119931221,0.9905577301979065,0.45120611786842346,0.8239872455596924,0.011798972263932228,0.9893063902854919,0.5060411095619202,0.8256526589393616,0.03632107749581337,0.9909961819648743,0.44919896125793457,0.8224256634712219,-0.032286759465932846,0.8494226336479187,0.514918863773346,0.8179827332496643,-0.007837535813450813,0.874146580696106
166,walk,0.4716312289237976,0.21794463694095612,0.2007957398891449,0.9998366236686707,0.4683326184749603,0.20766094326972961,0.17308595776557922,0.999762773513794,0.46642327308654785,0.20742832124233246,0.17311803996562958,0.9997900724411011,0.46425700187683105,0.207310289144516,0.17313702404499054,0.9997439980506897,0.47448816895484924,0.2076597362756729,0.17619016766548157,0.9997644424438477,0.47652769088745117,0.2074304223060608,0.17619827389717102,0.9997953772544861,0.4789487421512604,0.20712189376354218,0.17613130807876587,0.9997405409812927,0.4598070979118347,0.21256107091903687,0.06950243562459946,0.999798059463501,0.48268237709999084,0.21160036325454712,0.08307301253080368,0.9997616410255432,0.4689355492591858,0.22746960818767548,0.1681828796863556,0.9998267292976379,0.4753621220588684,0.22847731411457062,0.17181621491909027,0.9998303651809692,0.4314696192741394,0.2805209755897522,0.021254727616906166,0.9998983144760132,0.5112558603286743,0.27736684679985046,0.02284986339509487,0.999902606010437,0.4181099534034729,0.3863283395767212,0.006740379147231579,0.988023042678833,0.5325477123260498,0.38289543986320496,0.013352600857615471,0.9957087635993958,0.41108736395835876,0.4862072467803955,0.01978333108127117,0.8709037899971008,0.5400431156158447,0.4828888773918152,0.0226740725338459,0.9316120147705078,0.410666286945343,0.5140749216079712,0.015127520076930523,0.7604884505271912,0.5402383208274841,0.5094432234764099,0.022450905293226242,0.8648502230644226,0.41516679525375366,0.5106740593910217,0.01639280840754509,0.7429448962211609,0.536811888217926,0.5077189803123474,0.019585993140935898,0.8529370427131653,0.4174002707004547,0.5017852187156677,0.020360160619020462,0.6636558175086975,0.5352113842964172,0.5003550052642822,0.022286230698227882,0.7921774387359619,0.4546486735343933,0.48652932047843933,0.0065689692273736,0.9996524453163147,0.49910539388656616,0.48393237590789795,-0.006777772214263678,0.9994298219680786,0.45174655318260193,0.6431702971458435,-0.0054608662612736225,0.9941830039024353,0.5048730969429016,0.6469678282737732,0.0200668852776289,0.9951918125152588,0.44978126883506775,0.8048719763755798,0.011399916373193264,0.9866666793823242,0.5081738233566284,0.8055880069732666,0.03392999246716499,0.99013751745224,0.45111313462257385,0.8239529728889465,0.012011616490781307,0.9887634515762329,0.5053495168685913,0.8257333636283875,0.034788068383932114,0.9907699227333069,0.4492049217224121,0.8213916420936584,-0.03208235651254654,0.8438326120376587,0.5146575570106506,0.8181807398796082,-0.009084119461476803,0.8700595498085022
167,walk,0.472287654876709,0.21785297989845276,0.20092502236366272,0.9998359084129333,0.4689981937408447,0.20752087235450745,0.17325612902641296,0.9997636675834656,0.4670957624912262,0.2073080837726593,0.1732873171567917,0.999790370464325,0.4648832380771637,0.20720691978931427,0.17330792546272278,0.9997454881668091,0.47510385513305664,0.2075023204088211,0.1763371080160141,0.9997653365135193,0.47710996866226196,0.2072782963514328,0.17634715139865875,0.9997957348823547,0.47946566343307495,0.2069961577653885,0.17628070712089539,0.9997421503067017,0.46040815114974976,0.21247462928295135,0.06971478462219238,0.9997994899749756,0.4832533299922943,0.21153371036052704,0.08359766751527786,0.9997620582580566,0.46963873505592346,0.22744600474834442,0.16833320260047913,0.9998264312744141,0.4760437607765198,0.22846095263957977,0.17204493284225464,0.9998296499252319,0.43216562271118164,0.28032034635543823,0.02128414809703827,0.9998969435691833,0.5122295618057251,0.27740246057510376,0.023711049929261208,0.9999015927314758,0.41866326332092285,0.38625237345695496,0.007240439299494028,0.9879227876663208,0.5335016846656799,0.3830406963825226,0.014229485765099525,0.995694100856781,0.41218870878219604,0.4857875108718872,0.02088359370827675,0.868747889995575,0.5409305095672607,0.48304808139801025,0.02306312881410122,0.9311472177505493,0.41181445121765137,0.5135021209716797,0.01628395915031433,0.7571906447410583,0.5408706665039062,0.5094769597053528,0.022949637845158577,0.8639948964118958,0.4161964952945709,0.5100186467170715,0.017601031810045242,0.7394657731056213,0.5374742746353149,0.507721483707428,0.020024482160806656,0.8518009185791016,0.4183148741722107,0.5011682510375977,0.021501991897821426,0.6603444218635559,0.5359305143356323,0.5003744959831238,0.022659603506326675,0.7909215092658997,0.4550430178642273,0.48613107204437256,0.006389155983924866,0.9996387362480164,0.49952468276023865,0.4837082326412201,-0.006591395940631628,0.9994067549705505,0.45198068022727966,0.64305180311203,-0.005443692207336426,0.9940503239631653,0.5053425431251526,0.6469646692276001,0.020172331482172012,0.9949876070022583,0.44985103607177734,0.8049035668373108,0.011110931634902954,0.985948920249939,0.5080424547195435,0.8059565424919128,0.03563598543405533,0.9896403551101685,0.4511355757713318,0.824421763420105,0.011687854304909706,0.9882683753967285,0.5050403475761414,0.8260847926139832,0.036570578813552856,0.9904778599739075,0.44921690225601196,0.8207327723503113,-0.031835056841373444,0.8380658030509949,0.5145529508590698,0.8183087110519409,-0.006790869869291782,0.8649032115936279
168,walk,0.4727715849876404,0.2175813913345337,0.19895526766777039,0.9998354911804199,0.46951714158058167,0.20720751583576202,0.17133326828479767,0.9997643828392029,0.4675886034965515,0.20702868700027466,0.17136290669441223,0.9997904300689697,0.46529898047447205,0.2069493979215622,0.17137932777404785,0.9997466206550598,0.4756086468696594,0.20716401934623718,0.17456023395061493,0.9997661113739014,0.4776363968849182,0.20694994926452637,0.1745729148387909,0.9997960329055786,0.4799589216709137,0.20670247077941895,0.17451058328151703,0.9997437596321106,0.4608157277107239,0.21219372749328613,0.067887082695961,0.9998006224632263,0.483924001455307,0.21122993528842926,0.08230771869421005,0.999762237071991,0.470201313495636,0.22721871733665466,0.16646668314933777,0.9998263120651245,0.4765947461128235,0.22825346887111664,0.1702936440706253,0.9998294711112976,0.4327189326286316,0.28003621101379395,0.017834004014730453,0.9998952746391296,0.5132321119308472,0.27756959199905396,0.02371527999639511,0.9999001026153564,0.41930025815963745,0.38625243306159973,0.0042776865884661674,0.9878239631652832,0.5342581868171692,0.3834490180015564,0.014229947701096535,0.9956016540527344,0.4129332900047302,0.485598087310791,0.019074896350502968,0.8679342269897461,0.541556179523468,0.48321983218193054,0.02275168150663376,0.9304328560829163,0.412646621465683,0.5132635235786438,0.014258208684623241,0.7560440897941589,0.5414642095565796,0.5095449686050415,0.02264266088604927,0.8628674745559692,0.4170088768005371,0.5097022652626038,0.015560902655124664,0.7382240295410156,0.5380356907844543,0.507735550403595,0.01945848949253559,0.8503506779670715,0.41909652948379517,0.5008805394172668,0.019752347841858864,0.6593297719955444,0.536481499671936,0.5003991723060608,0.022239450365304947,0.789307713508606,0.45548486709594727,0.48592737317085266,0.004728543106466532,0.9996238350868225,0.500042736530304,0.48361867666244507,-0.004914027638733387,0.9993840456008911,0.4524756968021393,0.6427638530731201,-0.005702103488147259,0.9939417839050293,0.5060051679611206,0.646984338760376,0.021604720503091812,0.994744598865509,0.45010319352149963,0.8048499226570129,0.011227807961404324,0.9853638410568237,0.5080484747886658,0.806545078754425,0.03614882752299309,0.9891303181648254,0.45141690969467163,0.8245317935943604,0.011825847439467907,0.9878133535385132,0.505029559135437,0.8266832828521729,0.037423692643642426,0.9901183247566223,0.4493175148963928,0.8202322125434875,-0.03167194873094559,0.8337072134017944,0.5144913196563721,0.8184599280357361,-0.0055901771411299706,0.8599444627761841
169,walk,0.4732300341129303,0.21747925877571106,0.20190994441509247,0.9998378753662109,0.47005510330200195,0.20705273747444153,0.1743929535150528,0.9997687935829163,0.46806782484054565,0.2068750113248825,0.17442187666893005,0.9997937083244324,0.46569886803627014,0.20678579807281494,0.17443393170833588,0.9997516870498657,0.47613486647605896,0.20703692734241486,0.1779339611530304,0.9997708201408386,0.4781990051269531,0.20683057606220245,0.1779487431049347,0.9997995495796204,0.4804844260215759,0.20660771429538727,0.17789003252983093,0.9997494220733643,0.46119242906570435,0.21201133728027344,0.07091961801052094,0.9998045563697815,0.4844716489315033,0.21109788119792938,0.0862560123205185,0.99976646900177,0.47064822912216187,0.22712041437625885,0.16933391988277435,0.9998292922973633,0.4770185947418213,0.22819818556308746,0.173516184091568,0.9998325109481812,0.4330170154571533,0.2799719572067261,0.01799388974905014,0.9998948574066162,0.513644278049469,0.27780479192733765,0.03003937564790249,0.9998992681503296,0.41978877782821655,0.38633981347084045,0.005778556223958731,0.9879418611526489,0.5347723364830017,0.3839476704597473,0.0215948186814785,0.9955992698669434,0.4133378863334656,0.4854360818862915,0.023419711738824844,0.8672482371330261,0.5423393249511719,0.4835088551044464,0.030523162335157394,0.9294438362121582,0.41318798065185547,0.5130903720855713,0.018914025276899338,0.7547461986541748,0.5421788096427917,0.5096098184585571,0.03104948066174984,0.8609686493873596,0.4175039231777191,0.5094878077507019,0.020636864006519318,0.7368172407150269,0.5387183427810669,0.5077512860298157,0.027778014540672302,0.848114013671875,0.41958850622177124,0.5006895065307617,0.02435971423983574,0.6581642031669617,0.537157416343689,0.5004453659057617,0.029981758445501328,0.7868220210075378,0.45588093996047974,0.4858722686767578,0.0028711778577417135,0.9996131658554077,0.5001817941665649,0.4835425019264221,-0.0030474397353827953,0.9993661046028137,0.4529283940792084,0.6428292989730835,-0.006203888449817896,0.9939009547233582,0.506162166595459,0.6471776962280273,0.02474937215447426,0.9945597648620605,0.45029664039611816,0.8048766255378723,0.01039956696331501,0.9850245118141174,0.508061408996582,0.8070042133331299,0.03790585696697235,0.9886578321456909,0.45163360238075256,0.8248586654663086,0.01101405918598175,0.9875319600105286,0.5050361752510071,0.8269798159599304,0.0387272909283638,0.9897881746292114,0.4496608376502991,0.8200452923774719,-0.0315803699195385,0.8314488530158997,0.5144252777099609,0.8187251687049866,-0.0035004541277885437,0.8555306792259216
170,walk,0.47359251976013184,0.21751412749290466,0.20652946829795837,0.9998381733894348,0.47049587965011597,0.2070673257112503,0.1787550151348114,0.9997704029083252,0.4684657156467438,0.20688451826572418,0.17878195643424988,0.999794602394104,0.4660366177558899,0.20678745210170746,0.17879101634025574,0.9997538328170776,0.47648102045059204,0.20706956088542938,0.18255598843097687,0.9997724890708923,0.47855859994888306,0.20686420798301697,0.1825719028711319,0.9998003840446472,0.4807864725589752,0.20664933323860168,0.18251436948776245,0.9997517466545105,0.46154484152793884,0.21200139820575714,0.07432914525270462,0.9998064637184143,0.4848044812679291,0.2110976129770279,0.09081262350082397,0.9997671246528625,0.4710167944431305,0.22714337706565857,0.17371013760566711,0.9998297691345215,0.47727638483047485,0.22824710607528687,0.17820855975151062,0.9998328685760498,0.43346986174583435,0.27991220355033875,0.018948744982481003,0.9998946785926819,0.5140283107757568,0.27794429659843445,0.034856922924518585,0.9998971223831177,0.4203972816467285,0.38619375228881836,0.006995028350502253,0.988191545009613,0.5352804064750671,0.38452857732772827,0.027154669165611267,0.9956064224243164,0.41386595368385315,0.4850877523422241,0.027100438252091408,0.8670070767402649,0.5429993867874146,0.48353737592697144,0.03729776293039322,0.9274100661277771,0.41390347480773926,0.5126335620880127,0.023149223998188972,0.7538349032402039,0.5427747964859009,0.5095937848091125,0.038375306874513626,0.8571017980575562,0.4181128144264221,0.5089130997657776,0.025318870320916176,0.7357710003852844,0.5393369793891907,0.5076782703399658,0.035382457077503204,0.8437872529029846,0.42013710737228394,0.5001752376556396,0.028312023729085922,0.6571829319000244,0.5378165245056152,0.5004141330718994,0.036852624267339706,0.7819045186042786,0.4561644196510315,0.4858849346637726,0.002028646180406213,0.9995998740196228,0.5003101229667664,0.4835222065448761,-0.002204852644354105,0.9993436932563782,0.4531920552253723,0.642828106880188,-0.006507528014481068,0.99383145570755,0.5063722729682922,0.6472916007041931,0.02529565431177616,0.9944090247154236,0.45042046904563904,0.8048714399337769,0.009667651727795601,0.984567403793335,0.5080874562263489,0.8073171973228455,0.038381196558475494,0.9882111549377441,0.4517964720726013,0.8250059485435486,0.01032114215195179,0.9872018694877625,0.5050474405288696,0.8272186517715454,0.03924592584371567,0.9895405769348145,0.44959789514541626,0.8197090029716492,-0.03150305524468422,0.8277239203453064,0.5144099593162537,0.8188883662223816,-0.0031278268434107304,0.85063636302948
171,walk,0.47376370429992676,0.2174944132566452,0.20839259028434753,0.999839186668396,0.4707399308681488,0.20703847706317902,0.18117621541023254,0.9997734427452087,0.4686298966407776,0.2068556398153305,0.18120154738426208,0.9997965693473816,0.46615058183670044,0.20674993097782135,0.1812087744474411,0.9997575879096985,0.4766177535057068,0.20705002546310425,0.18447637557983398,0.9997755885124207,0.4787282347679138,0.20684979856014252,0.18449173867702484,0.99980229139328,0.48094120621681213,0.20664401352405548,0.18443314731121063,0.9997557997703552,0.46170753240585327,0.21193449199199677,0.07841451466083527,0.9998094439506531,0.48504918813705444,0.21109449863433838,0.09263940155506134,0.9997696280479431,0.47118252515792847,0.22712837159633636,0.17609930038452148,0.999830424785614,0.47735315561294556,0.22824083268642426,0.17997948825359344,0.9998334050178528,0.43384671211242676,0.2798978090286255,0.025280674919486046,0.9998945593833923,0.5141072869300842,0.2780510485172272,0.03469064459204674,0.9998967051506042,0.42067593336105347,0.385816365480423,0.015572416596114635,0.988193929195404,0.5355974435806274,0.38487643003463745,0.026491502299904823,0.9956640601158142,0.4143220782279968,0.4840439260005951,0.03723601624369621,0.8645604848861694,0.543414294719696,0.483737975358963,0.03641476482152939,0.9271626472473145,0.4143546223640442,0.5117384791374207,0.03414035215973854,0.7498263716697693,0.5431696176528931,0.5096757411956787,0.037083230912685394,0.8562660813331604,0.4185449481010437,0.5079511404037476,0.035830628126859665,0.731516420841217,0.5396857857704163,0.5076941847801208,0.03433141112327576,0.8428071141242981,0.4205709397792816,0.4991186857223511,0.03824913874268532,0.6531157493591309,0.5381706953048706,0.5004386901855469,0.036077048629522324,0.7809983491897583,0.45617198944091797,0.4858971834182739,0.0021302339155226946,0.9995890855789185,0.5002270936965942,0.4835006594657898,-0.00231551518663764,0.9993273019790649,0.45324358344078064,0.6427710056304932,-0.0072425431571900845,0.9935853481292725,0.5064392685890198,0.6473146677017212,0.02141406014561653,0.9941378235816956,0.4504159986972809,0.804876446723938,0.00766165042296052,0.9836435914039612,0.5080647468566895,0.8074262142181396,0.03250180184841156,0.9875904321670532,0.4517432153224945,0.8251877427101135,0.008116772398352623,0.9865844249725342,0.5050386190414429,0.8272547125816345,0.03315085172653198,0.9892022609710693,0.44959720969200134,0.8196383118629456,-0.03375875577330589,0.8222142457962036,0.5142478942871094,0.8191058039665222,-0.009573353454470634,0.8463261127471924
172,walk,0.4738754332065582,0.2174353450536728,0.2081819772720337,0.9998416900634766,0.4708869457244873,0.20695823431015015,0.18106664717197418,0.9997782707214355,0.4687139391899109,0.20677590370178223,0.18109163641929626,0.9998002648353577,0.4662240147590637,0.20665821433067322,0.18109875917434692,0.999762773513794,0.47667425870895386,0.2069721668958664,0.18424774706363678,0.999780535697937,0.47881603240966797,0.20677340030670166,0.18426313996315002,0.9998061656951904,0.48104801774024963,0.20657579600811005,0.18420489132404327,0.999761700630188,0.4618642330169678,0.21184688806533813,0.07874760031700134,0.9998137950897217,0.48521336913108826,0.2110496163368225,0.09252317249774933,0.999774694442749,0.4713093638420105,0.22705970704555511,0.17601069808006287,0.999832272529602,0.4774076044559479,0.2281838357448578,0.17974331974983215,0.9998354911804199,0.43416786193847656,0.27988964319229126,0.026526665315032005,0.9998943209648132,0.5143060088157654,0.27813783288002014,0.034026071429252625,0.9998965263366699,0.4208325445652008,0.38575583696365356,0.017716797068715096,0.9881656169891357,0.5358004570007324,0.38519027829170227,0.02519736811518669,0.9957320690155029,0.4146711826324463,0.4834398627281189,0.039795901626348495,0.8617250323295593,0.5436351299285889,0.4839767813682556,0.03472621366381645,0.9271591305732727,0.4146893620491028,0.5111902356147766,0.0370355024933815,0.7454357743263245,0.5435487031936646,0.5098947882652283,0.03519270196557045,0.8558131456375122,0.4188992381095886,0.50739985704422,0.0383838452398777,0.7269300222396851,0.5399706959724426,0.5078171491622925,0.03248926252126694,0.8422414660453796,0.42094334959983826,0.4985741078853607,0.04069255664944649,0.6487913727760315,0.5383834838867188,0.5005415678024292,0.034403201192617416,0.7807093858718872,0.45618948340415955,0.48593202233314514,0.002293108031153679,0.9995833039283752,0.5001835227012634,0.48351752758026123,-0.0024788309819996357,0.9993168115615845,0.4533841609954834,0.6427807211875916,-0.00745032075792551,0.9934200048446655,0.5064159035682678,0.6473792791366577,0.02154133841395378,0.9939305782318115,0.4504149556159973,0.8048872947692871,0.007358583156019449,0.9830289483070374,0.5080200433731079,0.807488739490509,0.033632464706897736,0.987124502658844,0.451712429523468,0.8252937197685242,0.0077695599757134914,0.98619544506073,0.505033552646637,0.8272660970687866,0.03438251093029976,0.9889485836029053,0.44959598779678345,0.8194588422775269,-0.033936358988285065,0.8187136650085449,0.5137370824813843,0.8191064596176147,-0.008065907284617424,0.8433023691177368
173,walk,0.4740328788757324,0.21726368367671967,0.2069348394870758,0.9998442530632019,0.4710234999656677,0.2067461907863617,0.17982065677642822,0.9997827410697937,0.4687868654727936,0.20656254887580872,0.17984415590763092,0.9998036026954651,0.4662889540195465,0.20642462372779846,0.17984884977340698,0.9997677206993103,0.4767630696296692,0.20677611231803894,0.1833285540342331,0.9997848272323608,0.47893086075782776,0.206594318151474,0.18334580957889557,0.9998094439506531,0.4811796247959137,0.20641541481018066,0.18329095840454102,0.9997668862342834,0.46198996901512146,0.2116551250219345,0.07788194715976715,0.9998178482055664,0.48540592193603516,0.21094295382499695,0.09178735315799713,0.9997789263725281,0.4714677929878235,0.22692476212978363,0.17484287917613983,0.9998347759246826,0.4775163233280182,0.22806388139724731,0.1790037453174591,0.99983811378479,0.4345886707305908,0.2798811197280884,0.025606488808989525,0.9998939037322998,0.5146804451942444,0.2783299386501312,0.03317781537771225,0.9998959302902222,0.42110592126846313,0.38526052236557007,0.01742549054324627,0.9882305860519409,0.536014974117279,0.38569915294647217,0.0241403765976429,0.995765209197998,0.41477617621421814,0.48325005173683167,0.036877453327178955,0.8605186939239502,0.5439646244049072,0.48427826166152954,0.03392240032553673,0.9268304705619812,0.4147341251373291,0.511017382144928,0.03353980928659439,0.7433369755744934,0.5439472198486328,0.5101153254508972,0.03417756408452988,0.854846179485321,0.4189954698085785,0.5072187185287476,0.03490898385643959,0.7246906757354736,0.540326714515686,0.5079101324081421,0.03168272227048874,0.8410642743110657,0.42106229066848755,0.49840617179870605,0.03770924359560013,0.646832287311554,0.5387026071548462,0.500638484954834,0.03371695429086685,0.7796486616134644,0.45625290274620056,0.48601916432380676,0.0021131369285285473,0.9995760917663574,0.500217616558075,0.4835928976535797,-0.002289135940372944,0.9993050694465637,0.45357245206832886,0.6427889466285706,-0.007544667460024357,0.9932090640068054,0.5064651966094971,0.6474040746688843,0.02172415889799595,0.9937031865119934,0.4504024386405945,0.8048776388168335,0.007535902317613363,0.982381284236908,0.507905900478363,0.8075615167617798,0.03446146100759506,0.9866599440574646,0.45167383551597595,0.825299859046936,0.007965326309204102,0.9857574701309204,0.5049330592155457,0.8272883892059326,0.03526071459054947,0.9886878728866577,0.4494956135749817,0.8191443681716919,-0.03372519835829735,0.8152790069580078,0.5136424899101257,0.8190802931785583,-0.007175162434577942,0.8400692343711853
174,walk,0.4741516709327698,0.21721434593200684,0.20680832862854004,0.9998473525047302,0.47107410430908203,0.2066628336906433,0.17967146635055542,0.9997878074645996,0.46878212690353394,0.2064727544784546,0.1796952784061432,0.9998075366020203,0.46628060936927795,0.20631694793701172,0.17970097064971924,0.9997732043266296,0.4768105149269104,0.2067021280527115,0.18308836221694946,0.9997897744178772,0.47897735238075256,0.2065279632806778,0.18310517072677612,0.9998133778572083,0.481245219707489,0.20635338127613068,0.18304970860481262,0.9997727274894714,0.4619874060153961,0.21153157949447632,0.07757795602083206,0.9998219013214111,0.4855211675167084,0.21090401709079742,0.09154444187879562,0.9997833967208862,0.4715513288974762,0.2268989086151123,0.17469492554664612,0.9998375773429871,0.477566659450531,0.22803270816802979,0.17873094975948334,0.999841034412384,0.43479982018470764,0.27988219261169434,0.025500904768705368,0.9998937845230103,0.5148600935935974,0.2783423364162445,0.03382964804768562,0.9998956322669983,0.42120346426963806,0.38488540053367615,0.016727346926927567,0.9883720874786377,0.5360487699508667,0.3857000470161438,0.02432476356625557,0.9957951307296753,0.4145277142524719,0.4832484722137451,0.03574134409427643,0.8607945442199707,0.5442222356796265,0.4844990670681,0.03341081738471985,0.9265865683555603,0.41450968384742737,0.5110172033309937,0.032135896384716034,0.7433613538742065,0.54436194896698,0.5102512240409851,0.033706728368997574,0.8540839552879333,0.4188552498817444,0.5072393417358398,0.03335397318005562,0.724679172039032,0.5406902432441711,0.5080229640007019,0.031098896637558937,0.8400405049324036,0.4209386706352234,0.4984275698661804,0.03645944967865944,0.6470265984535217,0.5390099883079529,0.5007652044296265,0.033131811767816544,0.7784914970397949,0.45637521147727966,0.4860306978225708,0.0015718203503638506,0.9995691180229187,0.50034099817276,0.48359498381614685,-0.0017417700728401542,0.9992952942848206,0.4537021219730377,0.6427587270736694,-0.007490321062505245,0.9930738806724548,0.5065069198608398,0.6474286317825317,0.021620355546474457,0.993541419506073,0.4504022002220154,0.804697573184967,0.007715211249887943,0.9818622469902039,0.5076977014541626,0.8075555562973022,0.033863313496112823,0.9862802028656006,0.4516729712486267,0.8251932859420776,0.008159722201526165,0.9853893518447876,0.5047705769538879,0.8272835612297058,0.03448755294084549,0.9884532690048218,0.44977694749832153,0.8189364671707153,-0.033634163439273834,0.8124578595161438,0.5134355425834656,0.8190176486968994,-0.00812283344566822,0.8369673490524292
175,walk,0.47413429617881775,0.21716956794261932,0.2045305222272873,0.9998507499694824,0.47100844979286194,0.20660841464996338,0.17713890969753265,0.9997924566268921,0.4687107503414154,0.2064180225133896,0.17716260254383087,0.9998114705085754,0.4662167429924011,0.20626038312911987,0.17716993391513824,0.999778151512146,0.4767782688140869,0.20663905143737793,0.18076148629188538,0.9997942447662354,0.47893714904785156,0.2064702957868576,0.18077871203422546,0.9998171925544739,0.48122453689575195,0.20629620552062988,0.1807243973016739,0.9997776746749878,0.46192750334739685,0.2114836573600769,0.07474057376384735,0.9998257160186768,0.4856370985507965,0.2108701765537262,0.09012483805418015,0.9997875094413757,0.47149786353111267,0.22686123847961426,0.1723659783601761,0.9998407363891602,0.4775400161743164,0.22797951102256775,0.1766311377286911,0.9998443126678467,0.43494319915771484,0.27995291352272034,0.02193976752460003,0.9998941421508789,0.5148679614067078,0.2783617079257965,0.03341975063085556,0.9998957514762878,0.42117056250572205,0.3849439024925232,0.00990733690559864,0.9885677099227905,0.5359925031661987,0.38569802045822144,0.024235837161540985,0.995794951915741,0.4144287705421448,0.4835262596607208,0.028391748666763306,0.8636639714241028,0.5443878769874573,0.48451998829841614,0.03233363479375839,0.9267749786376953,0.41432103514671326,0.5114517211914062,0.024280186742544174,0.7476609349250793,0.5446196794509888,0.5103042721748352,0.032587386667728424,0.8541714549064636,0.4186616837978363,0.507727861404419,0.025750642642378807,0.7291510701179504,0.540925145149231,0.5080541968345642,0.02975945733487606,0.8399518132209778,0.42074865102767944,0.49894073605537415,0.029279420152306557,0.65189528465271,0.5392101407051086,0.5008001327514648,0.03193929046392441,0.7783797979354858,0.45642536878585815,0.4862394630908966,0.000799073837697506,0.9995641708374023,0.5004062652587891,0.48374122381210327,-0.0009751328034326434,0.9992897510528564,0.4538954198360443,0.6428282260894775,-0.00681292125955224,0.9930666089057922,0.5065373778343201,0.6475216746330261,0.02270251326262951,0.993471086025238,0.45041221380233765,0.8046776056289673,0.010009041987359524,0.981738805770874,0.5076324343681335,0.80755215883255,0.03535296395421028,0.986113965511322,0.45167478919029236,0.8251975178718567,0.010661503300070763,0.9853171706199646,0.50473952293396,0.8273124694824219,0.03588370606303215,0.988357424736023,0.44981831312179565,0.818665087223053,-0.030272940173745155,0.8112768530845642,0.5134359002113342,0.8188629746437073,-0.006729092448949814,0.8347525000572205
176,walk,0.47412100434303284,0.21712076663970947,0.20446427166461945,0.9998531341552734,0.4709530770778656,0.2065703570842743,0.17707127332687378,0.9997958540916443,0.4686557352542877,0.20638427138328552,0.17709527909755707,0.9998145699501038,0.46616777777671814,0.20623193681240082,0.17710310220718384,0.9997816681861877,0.47675323486328125,0.20657514035701752,0.18067066371440887,0.9997974634170532,0.4789036214351654,0.20640568435192108,0.18068774044513702,0.9998201727867126,0.48120492696762085,0.20622555911540985,0.18063320219516754,0.99978107213974,0.4618850350379944,0.21146507561206818,0.07464414089918137,0.9998287558555603,0.48571452498435974,0.21081267297267914,0.09004099667072296,0.999790608882904,0.4714532494544983,0.2268233597278595,0.1722865104675293,0.9998427033424377,0.4775331914424896,0.2279237061738968,0.17652589082717896,0.9998463988304138,0.4351699948310852,0.27997374534606934,0.021657371893525124,0.9998937845230103,0.5148359537124634,0.2784261405467987,0.03304976969957352,0.9998946785926819,0.4211668074131012,0.3849351704120636,0.00825320091098547,0.9887365698814392,0.5359222888946533,0.3856188952922821,0.02403109334409237,0.9957497715950012,0.41439729928970337,0.48386502265930176,0.025509145110845566,0.8664108514785767,0.544453501701355,0.4844907224178314,0.03122192621231079,0.9264167547225952,0.4141974449157715,0.5120800733566284,0.020989933982491493,0.7519972324371338,0.5447088479995728,0.5103121995925903,0.03128049895167351,0.8534361124038696,0.4186098575592041,0.5084190368652344,0.022515978664159775,0.7336581349372864,0.5409839749336243,0.508055567741394,0.02843332290649414,0.8389683365821838,0.4206804633140564,0.4996398091316223,0.02638256922364235,0.6566707491874695,0.5392476916313171,0.5007991790771484,0.03081267513334751,0.7771835327148438,0.45644912123680115,0.48649460077285767,0.0005862785037606955,0.9995602369308472,0.5004605650901794,0.4839586615562439,-0.0007706254837103188,0.9992814660072327,0.4540066719055176,0.642839789390564,-0.00595109025016427,0.9931537508964539,0.5065248012542725,0.6476409435272217,0.02718292735517025,0.9934630990028381,0.4504120945930481,0.804669976234436,0.011791023425757885,0.9818131327629089,0.507626473903656,0.8075462579727173,0.04379390552639961,0.9860544204711914,0.4516837000846863,0.8252607583999634,0.012553408741950989,0.9854254722595215,0.5047406554222107,0.8273455500602722,0.0447610579431057,0.9883574843406677,0.4494137763977051,0.8185139298439026,-0.02780904434621334,0.8099299073219299,0.5134801864624023,0.8186408877372742,0.003115444676950574,0.8321974873542786
177,walk,0.47459807991981506,0.21699228882789612,0.2036915123462677,0.9998561143875122,0.471358060836792,0.2064339965581894,0.17661938071250916,0.9997995495796204,0.4689742922782898,0.20625251531600952,0.17664596438407898,0.9998180866241455,0.466458797454834,0.20609961450099945,0.17665740847587585,0.9997854232788086,0.4771866798400879,0.20643240213394165,0.179376482963562,0.9998015761375427,0.47935160994529724,0.206267848610878,0.1793925166130066,0.9998242259025574,0.48168134689331055,0.20610368251800537,0.17933320999145508,0.9997856020927429,0.4620184898376465,0.2113541215658188,0.07454495131969452,0.9998316764831543,0.48607197403907776,0.2107267528772354,0.085259810090065,0.9997951984405518,0.4718957543373108,0.2267165333032608,0.1716507524251938,0.9998452663421631,0.47804132103919983,0.22779734432697296,0.1745944619178772,0.9998494982719421,0.43510228395462036,0.27998754382133484,0.02168501541018486,0.9998928308486938,0.5147609114646912,0.27842867374420166,0.025972912088036537,0.9998961687088013,0.42120614647865295,0.3857775330543518,0.00813357811421156,0.9883578419685364,0.5358619689941406,0.3849942088127136,0.014042945578694344,0.995688259601593,0.41431599855422974,0.48410382866859436,0.022668972611427307,0.8652373552322388,0.5444086790084839,0.4844825267791748,0.02207103557884693,0.9275654554367065,0.4137156009674072,0.5124436616897583,0.017490960657596588,0.7510911822319031,0.5447317361831665,0.5103597640991211,0.02180533856153488,0.8559120893478394,0.41809535026550293,0.5089757442474365,0.018839869648218155,0.7326690554618835,0.5409864187240601,0.5081557631492615,0.019072268158197403,0.8415865302085876,0.42047247290611267,0.5001389980316162,0.02329150214791298,0.6557424068450928,0.5391956567764282,0.5009430646896362,0.021858301013708115,0.7801295518875122,0.45641931891441345,0.48653843998908997,0.000693684327416122,0.999563455581665,0.5006224513053894,0.48401910066604614,-0.0008886197465471923,0.9992865920066833,0.45400142669677734,0.6429555416107178,-0.005152059253305197,0.9934078454971313,0.506634533405304,0.6475621461868286,0.02850973978638649,0.9934926629066467,0.45032939314842224,0.8048113584518433,0.013000543229281902,0.9823499917984009,0.5075610280036926,0.807360827922821,0.047959666699171066,0.9862227439880371,0.45163971185684204,0.8265431523323059,0.013772569596767426,0.98582923412323,0.5046678185462952,0.8275046348571777,0.0492984801530838,0.9883958101272583,0.44879913330078125,0.8184394240379333,-0.026663387194275856,0.8116728663444519,0.5139942169189453,0.8184502720832825,0.007284514605998993,0.8323649764060974
178,walk,0.4747857451438904,0.21676546335220337,0.20370332896709442,0.999860405921936,0.4714964032173157,0.20621132850646973,0.17667709290981293,0.9998052716255188,0.4690719544887543,0.206035777926445,0.17670457065105438,0.9998234510421753,0.46655336022377014,0.20588338375091553,0.17671678960323334,0.9997913837432861,0.4773710370063782,0.20618659257888794,0.1793949007987976,0.999807596206665,0.4795362055301666,0.20602011680603027,0.1794108897447586,0.9998299479484558,0.48188477754592896,0.20586049556732178,0.17935162782669067,0.9997920393943787,0.46205267310142517,0.21117304265499115,0.07463093101978302,0.9998364448547363,0.486295610666275,0.210548996925354,0.08515731245279312,0.9998018145561218,0.4720463752746582,0.22649627923965454,0.17166098952293396,0.9998496174812317,0.47825026512145996,0.22754472494125366,0.17455333471298218,0.9998542070388794,0.43503695726394653,0.27998679876327515,0.021592993289232254,0.9998930096626282,0.5147079229354858,0.278436541557312,0.026249900460243225,0.9998970031738281,0.4211794435977936,0.3864186108112335,0.0075366199016571045,0.9881678223609924,0.5358172655105591,0.3847231864929199,0.014255689457058907,0.9955927133560181,0.41414111852645874,0.4845345914363861,0.020305417478084564,0.8658638000488281,0.5443494319915771,0.48446688055992126,0.021389659494161606,0.928077757358551,0.4130101799964905,0.5129061341285706,0.014598001725971699,0.7528306245803833,0.5447092652320862,0.5103967785835266,0.020943205803632736,0.8573342561721802,0.4173780381679535,0.5096517205238342,0.015842577442526817,0.7344536781311035,0.540972113609314,0.5082206726074219,0.017956623807549477,0.8430295586585999,0.41995769739151,0.5007351636886597,0.020861966535449028,0.6578349471092224,0.5391489267349243,0.5010401606559753,0.0210331492125988,0.781696617603302,0.456398069858551,0.48691871762275696,0.0005342293297871947,0.9995688796043396,0.5007073879241943,0.48432251811027527,-0.000730767147615552,0.9992925524711609,0.4539978504180908,0.6434241533279419,-0.004358693491667509,0.9936712384223938,0.506628155708313,0.6475651264190674,0.03207625076174736,0.9935314059257507,0.45013898611068726,0.8051940202713013,0.01467906404286623,0.9829432368278503,0.5074588060379028,0.8073658347129822,0.053371887654066086,0.9863798022270203,0.45136627554893494,0.8281426429748535,0.015534740872681141,0.9862690567970276,0.504618763923645,0.8280449509620667,0.05480097606778145,0.9884204268455505,0.4487172067165375,0.8179849982261658,-0.02458498813211918,0.8142748475074768,0.5142072439193726,0.8181712031364441,0.01309107430279255,0.8322185277938843
179,walk,0.47491854429244995,0.2167595773935318,0.20631074905395508,0.9998660683631897,0.4716029167175293,0.20620714128017426,0.17973244190216064,0.99981290102005,0.4691653251647949,0.20603065192699432,0.17976321280002594,0.9998305439949036,0.46665120124816895,0.20587745308876038,0.17977769672870636,0.9997994899749756,0.4774715304374695,0.2061840444803238,0.1821238398551941,0.9998154640197754,0.4796171188354492,0.20601652562618256,0.18213921785354614,0.9998371601104736,0.48196372389793396,0.20585468411445618,0.1820802092552185,0.999800443649292,0.46209317445755005,0.21116679906845093,0.07814208418130875,0.9998428821563721,0.4863721430301666,0.21054469048976898,0.08760015666484833,0.9998102188110352,0.4721660017967224,0.2264886051416397,0.17424120008945465,0.9998555183410645,0.47835031151771545,0.2275402843952179,0.17673110961914062,0.9998602271080017,0.4349856972694397,0.28004488348960876,0.023342393338680267,0.9998946785926819,0.5146684646606445,0.2784443199634552,0.02923603728413582,0.9998986124992371,0.4211598336696625,0.3870282471179962,0.00816328264772892,0.9881919026374817,0.5357488989830017,0.38435426354408264,0.015593985095620155,0.995521068572998,0.4135158061981201,0.48489299416542053,0.020620834082365036,0.8690791130065918,0.5443171262741089,0.48447421193122864,0.022104088217020035,0.9291477203369141,0.41209474205970764,0.513102650642395,0.014843599870800972,0.7585173845291138,0.5446605682373047,0.5104347467422485,0.021908121183514595,0.8597131967544556,0.4164075255393982,0.5101004242897034,0.016081469133496284,0.740394651889801,0.5409319400787354,0.5082797408103943,0.018994808197021484,0.8455008864402771,0.4189632534980774,0.501183807849884,0.021199556067585945,0.6644355654716492,0.5391131639480591,0.5011411905288696,0.021749280393123627,0.7845177054405212,0.4563797414302826,0.4872056841850281,0.0003097779699601233,0.999576210975647,0.5007418394088745,0.48454105854034424,-0.000511634279973805,0.9993019104003906,0.4539945721626282,0.6442251205444336,-0.003115528728812933,0.9939658641815186,0.5066174268722534,0.6478561162948608,0.03297748789191246,0.9936354756355286,0.44991692900657654,0.8055794835090637,0.01640760712325573,0.9835889339447021,0.5074120163917542,0.8075391054153442,0.05455069988965988,0.9866034984588623,0.45110440254211426,0.8289339542388916,0.01734902895987034,0.9867479801177979,0.5045974254608154,0.8285207748413086,0.05601789802312851,0.9885182976722717,0.44868406653404236,0.8174723982810974,-0.022622182965278625,0.8172971606254578,0.5142207741737366,0.817952573299408,0.013978758826851845,0.8323984146118164
180,walk,0.47499531507492065,0.21675501763820648,0.20623938739299774,0.9998714327812195,0.47167259454727173,0.20620346069335938,0.17960909008979797,0.9998199939727783,0.46922582387924194,0.20602627098560333,0.17963962256908417,0.9998371005058289,0.4667181074619293,0.2058727741241455,0.17965413630008698,0.9998070001602173,0.4775465428829193,0.20618107914924622,0.18203382194042206,0.9998227953910828,0.47967225313186646,0.20601342618465424,0.1820492446422577,0.9998438358306885,0.48201411962509155,0.20585186779499054,0.1819903403520584,0.9998081922531128,0.4621221423149109,0.21115750074386597,0.07791480422019958,0.9998487830162048,0.48642581701278687,0.2105378955602646,0.08759186416864395,0.9998177289962769,0.4722229838371277,0.22648270428180695,0.1741548478603363,0.9998610615730286,0.4784022867679596,0.22753354907035828,0.17669615149497986,0.9998658895492554,0.4349604547023773,0.2802012264728546,0.02328883670270443,0.9998960494995117,0.5146482586860657,0.2784545421600342,0.02931099757552147,0.9999000430107117,0.4210335612297058,0.38746413588523865,0.008034220896661282,0.9882967472076416,0.5356550216674805,0.38430264592170715,0.015883933752775192,0.9954808950424194,0.41293978691101074,0.4848933219909668,0.01987643726170063,0.8720598220825195,0.5441911220550537,0.48444294929504395,0.022711191326379776,0.9301394820213318,0.41129428148269653,0.5129995346069336,0.014051382429897785,0.7635836601257324,0.5446475744247437,0.5104364156723022,0.0224513728171587,0.8617812991142273,0.4155309200286865,0.5100704431533813,0.015200029127299786,0.7457165718078613,0.5409151911735535,0.5082830786705017,0.01954653114080429,0.8476790189743042,0.41800457239151,0.5011501908302307,0.020460456609725952,0.6703988313674927,0.5390543341636658,0.5011452436447144,0.022359970957040787,0.786996603012085,0.45636898279190063,0.4875331521034241,0.00025805976474657655,0.9995822906494141,0.500731885433197,0.4847194254398346,-0.0004609743191394955,0.9993117451667786,0.45397084951400757,0.6445744633674622,-0.0025639228988438845,0.9942273497581482,0.5066103339195251,0.6479367017745972,0.03337477520108223,0.99376380443573,0.44973379373550415,0.8056603074073792,0.01679963432252407,0.9841952323913574,0.5074058771133423,0.8075758814811707,0.05409933254122734,0.9869036674499512,0.45080646872520447,0.8292154669761658,0.017750833183526993,0.987191379070282,0.5045982599258423,0.8287185430526733,0.05547496676445007,0.9886853098869324,0.4486862123012543,0.8169642090797424,-0.021965524181723595,0.8205029964447021,0.5142400860786438,0.8177003860473633,0.013703934848308563,0.8335907459259033
181,walk,0.47503799200057983,0.21681764721870422,0.20553629100322723,0.9998762607574463,0.47171077132225037,0.20629507303237915,0.17903056740760803,0.999826192855835,0.4692612290382385,0.2061081975698471,0.17906202375888824,0.9998428225517273,0.46675482392311096,0.20594492554664612,0.17907801270484924,0.9998135566711426,0.47757548093795776,0.20627404749393463,0.1813235878944397,0.9998293519020081,0.4796833097934723,0.20610472559928894,0.18133962154388428,0.999849796295166,0.4820178151130676,0.20593582093715668,0.1812814474105835,0.9998151063919067,0.4621262550354004,0.21119309961795807,0.07781877368688583,0.9998538494110107,0.486427366733551,0.2105979025363922,0.08724494278430939,0.9998244643211365,0.4722527861595154,0.22656072676181793,0.17369505763053894,0.9998660683631897,0.4784167408943176,0.22760120034217834,0.17608729004859924,0.999871015548706,0.4348791539669037,0.28046348690986633,0.02317642793059349,0.9998968243598938,0.5145524144172668,0.27846983075141907,0.029263457283377647,0.9999015927314758,0.4208272397518158,0.3876703977584839,0.007721095345914364,0.9884482622146606,0.5354119539260864,0.3841950595378876,0.01605832576751709,0.9954723119735718,0.4122515618801117,0.48475342988967896,0.018703017383813858,0.8750656843185425,0.5439911484718323,0.4842318594455719,0.022879671305418015,0.9312494397163391,0.4105084538459778,0.5125774145126343,0.012883278541266918,0.7686250805854797,0.544607400894165,0.5103479027748108,0.02255375310778618,0.8639607429504395,0.41467443108558655,0.5097916722297668,0.014024415984749794,0.7510167360305786,0.5408762693405151,0.5081787705421448,0.019734438508749008,0.8500136137008667,0.4171036183834076,0.5009291172027588,0.019309502094984055,0.6762669682502747,0.5389392375946045,0.5010769963264465,0.022585539147257805,0.7896933555603027,0.4563514292240143,0.4878682494163513,0.0003013517998624593,0.9995840191841125,0.5006963610649109,0.4848319888114929,-0.0005032107001170516,0.9993177056312561,0.4538589119911194,0.6448186039924622,-0.0011815092293545604,0.9944800138473511,0.5066102743148804,0.6480207443237305,0.033115044236183167,0.9939270615577698,0.44959983229637146,0.8056703209877014,0.018363162875175476,0.9847785830497742,0.5073874592781067,0.8075862526893616,0.05348636582493782,0.9872437715530396,0.45052623748779297,0.8291921019554138,0.019384097307920456,0.987613320350647,0.504599392414093,0.8287639021873474,0.05485854670405388,0.9888939261436462,0.44869524240493774,0.8164228796958923,-0.01985788904130459,0.8235716223716736,0.514239490032196,0.8173673152923584,0.013173150829970837,0.8352156281471252
182,walk,0.47507229447364807,0.2169366180896759,0.20558181405067444,0.9998798966407776,0.47175726294517517,0.20646511018276215,0.17920999228954315,0.9998309016227722,0.4693148136138916,0.20626722276210785,0.17924122512340546,0.9998473525047302,0.4668187201023102,0.20609834790229797,0.17925788462162018,0.9998186826705933,0.47759637236595154,0.2064753919839859,0.18137213587760925,0.9998342990875244,0.4796904921531677,0.20632383227348328,0.18138816952705383,0.999854326248169,0.4820202887058258,0.20616525411605835,0.18132968246936798,0.9998201727867126,0.46214526891708374,0.21134307980537415,0.07878135144710541,0.9998576641082764,0.48643335700035095,0.21080848574638367,0.08732353895902634,0.9998292326927185,0.47228312492370605,0.22669966518878937,0.1738726943731308,0.9998695850372314,0.4784250259399414,0.22773869335651398,0.1761142909526825,0.999874472618103,0.43477463722229004,0.2805478274822235,0.025104934349656105,0.9998975992202759,0.5144994854927063,0.27862587571144104,0.029273057356476784,0.9999021887779236,0.420630544424057,0.3877268433570862,0.008824845775961876,0.9884030222892761,0.5350362062454224,0.3841871917247772,0.016176866367459297,0.9953501224517822,0.41143202781677246,0.4847477674484253,0.018876977264881134,0.8786168098449707,0.5436948537826538,0.48412731289863586,0.022984037175774574,0.932060718536377,0.4099355638027191,0.5125194191932678,0.01304344367235899,0.7748393416404724,0.5445013642311096,0.5103282332420349,0.022384168580174446,0.8659400343894958,0.4140236973762512,0.5097892880439758,0.014008852653205395,0.7575489282608032,0.5407981872558594,0.5081671476364136,0.019718732684850693,0.852153480052948,0.41628021001815796,0.5009526014328003,0.019427111372351646,0.6833652853965759,0.5387819409370422,0.5010771155357361,0.02274364046752453,0.7920584678649902,0.4562400281429291,0.4879438281059265,0.0013205441646277905,0.9995849132537842,0.5005801916122437,0.4848461151123047,-0.0015409585321322083,0.9993220567703247,0.4536188244819641,0.64497309923172,0.0008019570959731936,0.9947196841239929,0.5065974593162537,0.6480365991592407,0.03300834819674492,0.9940835237503052,0.44943132996559143,0.8056600689888,0.020530596375465393,0.9852879643440247,0.5073696970939636,0.8075703978538513,0.052455585449934006,0.9875709414482117,0.45023345947265625,0.8291274309158325,0.021580535918474197,0.987991988658905,0.5046104788780212,0.8286745548248291,0.05376020818948746,0.9890965223312378,0.44868287444114685,0.8161447048187256,-0.018177762627601624,0.8254948258399963,0.5139727592468262,0.8170971274375916,0.01224539428949356,0.8363273739814758
183,walk,0.4750991463661194,0.21708598732948303,0.20552876591682434,0.9998831152915955,0.4717806279659271,0.20664390921592712,0.17916768789291382,0.9998350143432617,0.46934014558792114,0.20644192397594452,0.1791987121105194,0.9998512268066406,0.466850608587265,0.206276074051857,0.17921501398086548,0.9998230934143066,0.47760653495788574,0.2066577672958374,0.18135304749011993,0.9998387098312378,0.4796890616416931,0.20651093125343323,0.1813693344593048,0.9998583793640137,0.4820137917995453,0.2063535451889038,0.18131062388420105,0.9998248815536499,0.46215948462486267,0.21151672303676605,0.07873920351266861,0.999860942363739,0.48642221093177795,0.2109905630350113,0.08733777701854706,0.9998334646224976,0.4723113477230072,0.22686219215393066,0.17384129762649536,0.999872624874115,0.47843217849731445,0.22790095210075378,0.1760745495557785,0.9998775720596313,0.43470674753189087,0.2805989682674408,0.025016963481903076,0.9998981356620789,0.5144626498222351,0.278779000043869,0.029771890491247177,0.9999029040336609,0.4204096794128418,0.3880612254142761,0.008821091614663601,0.9883633255958557,0.534686267375946,0.3841864764690399,0.016277866438031197,0.9952169060707092,0.410820335149765,0.48474451899528503,0.01802421733736992,0.8821200728416443,0.5432604551315308,0.4839715361595154,0.02304266206920147,0.9329510927200317,0.4094907343387604,0.5124832391738892,0.01189850177615881,0.7809223532676697,0.544185996055603,0.5102830529212952,0.022220036014914513,0.8679325580596924,0.41346701979637146,0.509793221950531,0.012838630005717278,0.7639272809028625,0.5405215620994568,0.5081228613853455,0.019582150503993034,0.8542684316635132,0.4156600832939148,0.5010004043579102,0.01857670769095421,0.6903390288352966,0.5384050607681274,0.5010489821434021,0.022821316495537758,0.7944780588150024,0.4559718668460846,0.4878736734390259,0.001110561192035675,0.9995838403701782,0.5003834366798401,0.48471227288246155,-0.0013360910816118121,0.999324381351471,0.45316997170448303,0.6449652910232544,0.0005056476220488548,0.9949343800544739,0.5065927505493164,0.6480414271354675,0.03272905573248863,0.9941539764404297,0.44938796758651733,0.8055704832077026,0.01999952457845211,0.9857147336006165,0.507371187210083,0.8075681924819946,0.052526332437992096,0.9877127408981323,0.45018285512924194,0.8291158676147461,0.0210206750780344,0.9882965087890625,0.5046299695968628,0.8286727666854858,0.053837984800338745,0.9891278743743896,0.4486204981803894,0.8154555559158325,-0.018812695518136024,0.8271370530128479,0.5137530565261841,0.8164351582527161,0.01162148080766201,0.8358071446418762
184,walk,0.4751517176628113,0.2171579748392105,0.2021562159061432,0.9998852014541626,0.47181716561317444,0.20672452449798584,0.17591719329357147,0.9998376965522766,0.4693726897239685,0.20651651918888092,0.17594650387763977,0.999853789806366,0.4668857157230377,0.2063455581665039,0.17596380412578583,0.9998259544372559,0.4776323735713959,0.20674535632133484,0.17809060215950012,0.9998416304588318,0.4796992242336273,0.20659837126731873,0.17810800671577454,0.9998611211776733,0.48201408982276917,0.20643742382526398,0.17804965376853943,0.999828040599823,0.4621862471103668,0.21157529950141907,0.07641656696796417,0.9998632073402405,0.48641490936279297,0.2110549360513687,0.08526687324047089,0.9998363852500916,0.47235721349716187,0.22690829634666443,0.17086434364318848,0.9998746514320374,0.4784575402736664,0.2279597669839859,0.17313958704471588,0.9998796582221985,0.43469780683517456,0.2805851697921753,0.023467089980840683,0.9998987317085266,0.5144532918930054,0.2789320945739746,0.029436755925416946,0.9999039173126221,0.42022791504859924,0.3880982995033264,0.007978685200214386,0.988236665725708,0.5344539284706116,0.38428476452827454,0.016064679250121117,0.9950933456420898,0.41051173210144043,0.4846383035182953,0.01700880378484726,0.8842689990997314,0.542777955532074,0.4839581251144409,0.021338917315006256,0.9339185953140259,0.4092041552066803,0.512412965297699,0.010649041272699833,0.7846944332122803,0.5437239408493042,0.5102824568748474,0.019982099533081055,0.8699605464935303,0.4132212698459625,0.5097872614860535,0.011546083725988865,0.7678971886634827,0.5399171710014343,0.5081371068954468,0.017127670347690582,0.8564325571060181,0.4154594838619232,0.5010017156600952,0.017542950809001923,0.6947097778320312,0.5377277135848999,0.5010684132575989,0.0210618507117033,0.7970964908599854,0.45555633306503296,0.48768794536590576,9.489023068454117e-05,0.9995827078819275,0.5000144839286804,0.4844469428062439,-0.00031711586052551866,0.9993255138397217,0.45277801156044006,0.6450299024581909,-0.0003458200371824205,0.9951080083847046,0.5065885186195374,0.6480318903923035,0.0332661047577858,0.9941228628158569,0.44936639070510864,0.8055604100227356,0.019338451325893402,0.9860470294952393,0.5074063539505005,0.8075506687164307,0.05345268175005913,0.9876771569252014,0.45015931129455566,0.8291126489639282,0.020360451191663742,0.9885179996490479,0.5046967267990112,0.8286714553833008,0.05470102280378342,0.9889929890632629,0.44860583543777466,0.8151096105575562,-0.019580040127038956,0.8287771344184875,0.5135389566421509,0.8159463405609131,0.011868437752127647,0.8348900079727173
185,walk,0.47518104314804077,0.21717406809329987,0.19945891201496124,0.9998857975006104,0.4718373715877533,0.20674088597297668,0.17340609431266785,0.99983811378479,0.4693911671638489,0.20652927458286285,0.17343536019325256,0.9998542666435242,0.46690550446510315,0.20635493099689484,0.17345383763313293,0.9998262524604797,0.47764819860458374,0.2067699283361435,0.1753048598766327,0.999842643737793,0.4797036647796631,0.20662494003772736,0.17532262206077576,0.9998622536659241,0.4820118844509125,0.2064644992351532,0.17526200413703918,0.9998292922973633,0.46219611167907715,0.21158263087272644,0.07456441223621368,0.99986332654953,0.48640841245651245,0.21107302606105804,0.08233439177274704,0.9998372197151184,0.47237879037857056,0.22691281139850616,0.16839779913425446,0.9998746514320374,0.47846999764442444,0.22796481847763062,0.17033185064792633,0.9998800754547119,0.4345107674598694,0.28058627247810364,0.021884208545088768,0.9998968839645386,0.514358639717102,0.27892541885375977,0.027478259056806564,0.9999043345451355,0.4198227822780609,0.38821592926979065,0.006648380309343338,0.9878255724906921,0.5341851115226746,0.3842288851737976,0.013614741154015064,0.9949243068695068,0.41025567054748535,0.48463714122772217,0.015577716752886772,0.8844130039215088,0.5422788262367249,0.48395299911499023,0.01735585927963257,0.9349923729896545,0.4089638590812683,0.5124110579490662,0.00913221761584282,0.7854913473129272,0.5433282256126404,0.5102920532226562,0.015646494925022125,0.8722751140594482,0.4129927158355713,0.5097903609275818,0.010038191452622414,0.7687156796455383,0.5394243001937866,0.5082659125328064,0.012870165519416332,0.8589210510253906,0.41526442766189575,0.5010253190994263,0.016078321263194084,0.6956067681312561,0.5371032953262329,0.5011942386627197,0.017138976603746414,0.8000486493110657,0.45517387986183167,0.48736831545829773,-0.001007191138342023,0.99957674741745,0.4998701512813568,0.4841335415840149,0.0007886507664807141,0.9993212819099426,0.45230236649513245,0.6449779868125916,-0.001082983217202127,0.9952547550201416,0.5065685510635376,0.6477402448654175,0.03422647342085838,0.9940142631530762,0.4493594765663147,0.8053873777389526,0.01924561895430088,0.9862995743751526,0.507446825504303,0.8075368404388428,0.05553825944662094,0.9875333905220032,0.4501602053642273,0.829093873500824,0.020327206701040268,0.9886705875396729,0.5047731399536133,0.8286873698234558,0.056836046278476715,0.9887492060661316,0.4487270414829254,0.8146376013755798,-0.019803054630756378,0.8297086358070374,0.5133635401725769,0.8150110840797424,0.01360645703971386,0.8331441283226013
186,walk,0.47517284750938416,0.21717597544193268,0.19851833581924438,0.9998868107795715,0.47180604934692383,0.20674332976341248,0.1725858747959137,0.9998393058776855,0.4693538248538971,0.20653003454208374,0.17261502146720886,0.9998553991317749,0.46686872839927673,0.20635509490966797,0.17263320088386536,0.9998274445533752,0.4776309132575989,0.20677806437015533,0.17442816495895386,0.9998442530632019,0.4796697497367859,0.20663602650165558,0.1744467318058014,0.999863862991333,0.4819576144218445,0.20647841691970825,0.17438553273677826,0.9998311996459961,0.46216288208961487,0.21158187091350555,0.07409484684467316,0.9998641610145569,0.48636865615844727,0.21108004450798035,0.08168337494134903,0.9998387098312378,0.47234034538269043,0.22690902650356293,0.16757965087890625,0.9998751878738403,0.4784439504146576,0.22796033322811127,0.16944517195224762,0.999880850315094,0.4342055320739746,0.2805950939655304,0.021607952192425728,0.9998959302902222,0.5142112970352173,0.2789139151573181,0.027145203202962875,0.9999051690101624,0.4193938672542572,0.38821941614151,0.006435667164623737,0.9874985814094543,0.5338863730430603,0.3841853141784668,0.01291661523282528,0.9947533011436462,0.40986141562461853,0.48466017842292786,0.015345083549618721,0.8854429125785828,0.5417900085449219,0.4839848279953003,0.0159826148301363,0.936231791973114,0.4085809588432312,0.5124500393867493,0.008819403126835823,0.7875803112983704,0.5429120063781738,0.5103508234024048,0.014201855286955833,0.8748152256011963,0.4125499725341797,0.5098416209220886,0.009836047887802124,0.7708870768547058,0.5389074087142944,0.5085102319717407,0.011373491957783699,0.8616241216659546,0.41486573219299316,0.5011443495750427,0.015871623530983925,0.6979943513870239,0.5364563465118408,0.5014091730117798,0.01575535163283348,0.803338885307312,0.45474973320961,0.4871779978275299,-0.00182950752787292,0.999570906162262,0.4997028708457947,0.48384755849838257,0.0016101595247164369,0.9993159174919128,0.4518120288848877,0.6449833512306213,-0.001716584898531437,0.9953985214233398,0.5065345764160156,0.6476910710334778,0.034794844686985016,0.9938703775405884,0.4492700695991516,0.8053667545318604,0.018968211486935616,0.9864930510520935,0.5074955224990845,0.8076139092445374,0.05636433884501457,0.9873006343841553,0.45013028383255005,0.8291419744491577,0.020067190751433372,0.9887731671333313,0.5048801302909851,0.8288742899894714,0.05762914940714836,0.988448977470398,0.448732852935791,0.8143921494483948,-0.019848553463816643,0.8299906849861145,0.5130356550216675,0.8144031167030334,0.014012719504535198,0.8304311037063599
