frame,activity,l0_x,l0_y,l0_z,l0_v,l1_x,l1_y,l1_z,l1_v,l2_x,l2_y,l2_z,l2_v,l3_x,l3_y,l3_z,l3_v,l4_x,l4_y,l4_z,l4_v,l5_x,l5_y,l5_z,l5_v,l6_x,l6_y,l6_z,l6_v,l7_x,l7_y,l7_z,l7_v,l8_x,l8_y,l8_z,l8_v,l9_x,l9_y,l9_z,l9_v,l10_x,l10_y,l10_z,l10_v,l11_x,l11_y,l11_z,l11_v,l12_x,l12_y,l12_z,l12_v,l13_x,l13_y,l13_z,l13_v,l14_x,l14_y,l14_z,l14_v,l15_x,l15_y,l15_z,l15_v,l16_x,l16_y,l16_z,l16_v,l17_x,l17_y,l17_z,l17_v,l18_x,l18_y,l18_z,l18_v,l19_x,l19_y,l19_z,l19_v,l20_x,l20_y,l20_z,l20_v,l21_x,l21_y,l21_z,l21_v,l22_x,l22_y,l22_z,l22_v,l23_x,l23_y,l23_z,l23_v,l24_x,l24_y,l24_z,l24_v,l25_x,l25_y,l25_z,l25_v,l26_x,l26_y,l26_z,l26_v,l27_x,l27_y,l27_z,l27_v,l28_x,l28_y,l28_z,l28_v,l29_x,l29_y,l29_z,l29_v,l30_x,l30_y,l30_z,l30_v,l31_x,l31_y,l31_z,l31_v,l32_x,l32_y,l32_z,l32_v
0,walk,0.4058191776275635,0.25514063239097595,-0.25449076294898987,0.9996492266654968,0.4068918824195862,0.24598583579063416,-0.248733252286911,0.9988271594047546,0.4083051085472107,0.24553312361240387,-0.2487296611070633,0.9989575743675232,0.4098595976829529,0.24506863951683044,-0.24878136813640594,0.9987193942070007,0.4026166498661041,0.2472042739391327,-0.24642297625541687,0.9990347623825073,0.4009745121002197,0.24759036302566528,-0.24641814827919006,0.9990133047103882,0.3992632329463959,0.2480897754430771,-0.24644069373607635,0.9988317489624023,0.41294747591018677,0.2498285323381424,-0.1711694896221161,0.9981263279914856,0.39643675088882446,0.2546272873878479,-0.1599516123533249,0.9978873133659363,0.4093947410583496,0.26474103331565857,-0.2246653288602829,0.9988055229187012,0.4034445285797119,0.2657719850540161,-0.2216108739376068,0.9987163543701172,0.43513378500938416,0.30611371994018555,-0.11842898279428482,0.9998807311058044,0.38022756576538086,0.30774348974227905,-0.07216976583003998,0.9998705983161926,0.45019078254699707,0.36522194743156433,-0.09009326249361038,0.9861207008361816,0.37350916862487793,0.3668798804283142,-0.002453387249261141,0.9761940240859985,0.4409363269805908,0.43949106335639954,-0.14138424396514893,0.975829541683197,0.36804550886154175,0.45070189237594604,-0.026835372671484947,0.9609408378601074,0.4396488666534424,0.4609438478946686,-0.15721222758293152,0.9520397186279297,0.3685459792613983,0.47714516520500183,-0.02695791982114315,0.9285414814949036,0.43530839681625366,0.4570003151893616,-0.1638454794883728,0.9530653357505798,0.37250569462776184,0.4773959815502167,-0.04925430566072464,0.9311286211013794,0.4339532256126404,0.4507893919944763,-0.1452934741973877,0.9436874389648438,0.3749369978904724,0.4694232642650604,-0.03610137477517128,0.9211315512657166,0.4240880012512207,0.4529775083065033,-0.016617421060800552,0.9996556043624878,0.3952483534812927,0.4555835425853729,0.016594747081398964,0.9997198581695557,0.4183014929294586,0.5660600662231445,0.009228508919477463,0.9749435186386108,0.3970758020877838,0.5428502559661865,0.05399192497134209,0.9666102528572083,0.41899460554122925,0.6571741104125977,0.11766131222248077,0.9716734290122986,0.40258726477622986,0.6614633798599243,0.16853705048561096,0.9619235396385193,0.41830453276634216,0.6730734705924988,0.12595273554325104,0.8698066473007202,0.40544676780700684,0.6791026592254639,0.17800500988960266,0.851254940032959,0.42259564995765686,0.6933373212814331,0.0490143857896328,0.9730687737464905,0.3974469304084778,0.7072750926017761,0.10976886749267578,0.962220311164856
1,walk,0.40895533561706543,0.2628076672554016,-0.3502017855644226,0.9995547533035278,0.4103139340877533,0.2539798617362976,-0.3453077971935272,0.9983615279197693,0.4119267463684082,0.253731369972229,-0.3452800214290619,0.9985918998718262,0.41388750076293945,0.2533963918685913,-0.34534114599227905,0.9982448220252991,0.4052652418613434,0.2549207806587219,-0.34264543652534485,0.9985494613647461,0.4029383063316345,0.255523145198822,-0.34267887473106384,0.9985715746879578,0.4009932577610016,0.25610074400901794,-0.34268590807914734,0.9983063340187073,0.41654810309410095,0.25744977593421936,-0.26772481203079224,0.997256875038147,0.3991669714450836,0.26295197010040283,-0.25367939472198486,0.9966779351234436,0.41243910789489746,0.2727352976799011,-0.3167983293533325,0.9983658194541931,0.40625253319740295,0.27365562319755554,-0.3130294680595398,0.998218834400177,0.43536633253097534,0.3136068284511566,-0.19259469211101532,0.9998500943183899,0.3814792335033417,0.31194689869880676,-0.15071304142475128,0.9998337626457214,0.450151264667511,0.38615188002586365,-0.17070569097995758,0.9860208034515381,0.371368944644928,0.38280266523361206,-0.10438370704650879,0.976333498954773,0.4422951340675354,0.43969568610191345,-0.23473119735717773,0.9753983616828918,0.3707822561264038,0.4509066343307495,-0.1623038500547409,0.9623545408248901,0.4420529007911682,0.46542274951934814,-0.2591136693954468,0.9503254294395447,0.3705590069293976,0.4765177071094513,-0.1742866486310959,0.930295467376709,0.43871456384658813,0.46144595742225647,-0.2687273621559143,0.951610803604126,0.37417885661125183,0.4757315218448639,-0.19682525098323822,0.9329670667648315,0.4367953836917877,0.4543674886226654,-0.24097204208374023,0.9421713352203369,0.37584009766578674,0.46869465708732605,-0.1729148030281067,0.9237115979194641,0.4272163510322571,0.43923404812812805,-0.02069692499935627,0.9996084570884705,0.39690130949020386,0.4402752220630646,0.020671332255005836,0.999670147895813,0.423194020986557,0.5272860527038574,-0.011359249241650105,0.9649004936218262,0.3978300392627716,0.5264124274253845,0.034834928810596466,0.9392288327217102,0.41995739936828613,0.6460146903991699,0.08929150551557541,0.9634734988212585,0.40338391065597534,0.6493135690689087,0.15735691785812378,0.9453038573265076,0.419407457113266,0.6606982946395874,0.096027672290802,0.8549712896347046,0.4050806164741516,0.6650952100753784,0.1671375334262848,0.8360610604286194,0.4222791790962219,0.6797650456428528,0.01077670231461525,0.9678974747657776,0.39621180295944214,0.6901801824569702,0.08069323003292084,0.9517596364021301
2,walk,0.40947479009628296,0.26329901814460754,-0.34669485688209534,0.9995284080505371,0.4120194911956787,0.254437655210495,-0.3391234874725342,0.9981978535652161,0.41387996077537537,0.25432661175727844,-0.3390992283821106,0.9984606504440308,0.4156527519226074,0.25419723987579346,-0.3391488492488861,0.9980935454368591,0.40612515807151794,0.25502657890319824,-0.33908990025520325,0.998349130153656,0.4039975106716156,0.2550818622112274,-0.33912962675094604,0.9983859062194824,0.4015576243400574,0.2551247775554657,-0.339128315448761,0.9980762600898743,0.4184107780456543,0.2587050497531891,-0.2538225054740906,0.9968457221984863,0.3987087607383728,0.2603374719619751,-0.2530275881290436,0.9961179494857788,0.4135218560695648,0.2730601727962494,-0.3110697865486145,0.9981992244720459,0.40657877922058105,0.27349212765693665,-0.3109697699546814,0.9980185627937317,0.43567603826522827,0.3129294514656067,-0.17230018973350525,0.9998342394828796,0.38270026445388794,0.31112444400787354,-0.1598937064409256,0.9998001456260681,0.44985395669937134,0.3862747251987457,-0.14223609864711761,0.9863389730453491,0.37257206439971924,0.38723334670066833,-0.12540516257286072,0.9775374531745911,0.44304293394088745,0.4404471516609192,-0.2167016565799713,0.9763814806938171,0.3722390830516815,0.45151790976524353,-0.1945246160030365,0.9644263386726379,0.4433697760105133,0.4648868441581726,-0.24343419075012207,0.9513015747070312,0.3712977468967438,0.47607654333114624,-0.21550679206848145,0.9330922365188599,0.44000697135925293,0.46173757314682007,-0.2599254548549652,0.9527792930603027,0.375360369682312,0.4752123951911926,-0.23727354407310486,0.9357263445854187,0.4379726052284241,0.45509064197540283,-0.22547245025634766,0.9435806274414062,0.3769644498825073,0.4684063494205475,-0.20490798354148865,0.9269790649414062,0.429485023021698,0.4391367733478546,-0.016796601936221123,0.9994937181472778,0.39520972967147827,0.4427894055843353,0.01692366972565651,0.9995783567428589,0.42571187019348145,0.5314276218414307,-0.01344270072877407,0.9572054147720337,0.3973230719566345,0.5295702815055847,-0.0024374539498239756,0.9283838272094727,0.422812283039093,0.6477991938591003,0.09351789951324463,0.9537674188613892,0.402747243642807,0.6517654061317444,0.11831039190292358,0.9361071586608887,0.42152220010757446,0.6584190130233765,0.10018892586231232,0.8402597904205322,0.4041825830936432,0.6633375883102417,0.12643292546272278,0.8222951292991638,0.42572492361068726,0.6798340082168579,0.012652901001274586,0.9604567885398865,0.39771148562431335,0.6888797879219055,0.03958876058459282,0.9436244964599609
3,walk,0.4088292121887207,0.2619321048259735,-0.3379237949848175,0.99956214427948,0.41102880239486694,0.25301840901374817,-0.3311450481414795,0.9983252882957458,0.41314440965652466,0.2528798282146454,-0.3311198055744171,0.9985703229904175,0.4153826832771301,0.25262391567230225,-0.3311658799648285,0.9982333183288574,0.4054664969444275,0.25325092673301697,-0.33031123876571655,0.9984529614448547,0.40322867035865784,0.2534123361110687,-0.33035656809806824,0.9984856843948364,0.4011560082435608,0.25362491607666016,-0.33034583926200867,0.9981854557991028,0.4185866415500641,0.2564011812210083,-0.2519133388996124,0.9970564246177673,0.39800921082496643,0.25787651538848877,-0.24861447513103485,0.996315598487854,0.412759393453598,0.2727774977684021,-0.3048713803291321,0.9983285069465637,0.4058617949485779,0.27304893732070923,-0.30407482385635376,0.9981446266174316,0.43564534187316895,0.3119764029979706,-0.1752234697341919,0.9998418688774109,0.38429367542266846,0.31008145213127136,-0.16393323242664337,0.9997893571853638,0.449601411819458,0.38371017575263977,-0.13955837488174438,0.987327516078949,0.3736725151538849,0.38630735874176025,-0.1312279999256134,0.9788516759872437,0.44310370087623596,0.44091182947158813,-0.21135854721069336,0.9782655239105225,0.37499862909317017,0.4513528048992157,-0.18891295790672302,0.9662767648696899,0.44353729486465454,0.46517229080200195,-0.2268090695142746,0.954603910446167,0.37412163615226746,0.47477471828460693,-0.20878681540489197,0.9355201125144958,0.4398795962333679,0.4620917737483978,-0.24377575516700745,0.9560799598693848,0.378298819065094,0.47355660796165466,-0.22980861365795135,0.9380938410758972,0.4378867745399475,0.45567241311073303,-0.2161388397216797,0.9474453926086426,0.37973645329475403,0.46693921089172363,-0.1986321359872818,0.9296585917472839,0.4295881688594818,0.4414246082305908,-0.010753192007541656,0.9994693398475647,0.3962438702583313,0.44306132197380066,0.010842084884643555,0.999537467956543,0.4261980950832367,0.5377764105796814,-0.001116240513511002,0.9531276822090149,0.3980672061443329,0.536773681640625,0.020577384158968925,0.9239741563796997,0.42223042249679565,0.6457894444465637,0.10197808593511581,0.9472019076347351,0.402421772480011,0.6500647068023682,0.1300790160894394,0.9321500658988953,0.4207170009613037,0.6589544415473938,0.10847761482000351,0.8355793356895447,0.4041164517402649,0.6625486016273499,0.13712157309055328,0.8124587535858154,0.4269073009490967,0.6811787486076355,0.028045400977134705,0.9547070860862732,0.39640602469444275,0.6884155869483948,0.05298195034265518,0.9380001425743103
4,walk,0.40825334191322327,0.2608700096607208,-0.24038703739643097,0.9996024966239929,0.4103270471096039,0.25203120708465576,-0.23278352618217468,0.9984785914421082,0.41207176446914673,0.2522546648979187,-0.23276028037071228,0.9986997246742249,0.41422194242477417,0.252611368894577,-0.23276260495185852,0.9983946681022644,0.40451163053512573,0.25281786918640137,-0.23189392685890198,0.9985932111740112,0.40238356590270996,0.253618448972702,-0.23191595077514648,0.9986220598220825,0.4001482129096985,0.25457584857940674,-0.23189914226531982,0.9983482360839844,0.41760343313217163,0.25927773118019104,-0.16527053713798523,0.9973098039627075,0.3972439169883728,0.2615731358528137,-0.16328269243240356,0.9966410994529724,0.412182480096817,0.27258530259132385,-0.2134346216917038,0.9984834790229797,0.404977023601532,0.2727036476135254,-0.21278627216815948,0.9983158707618713,0.43561166524887085,0.31298232078552246,-0.10778900235891342,0.999849259853363,0.38458162546157837,0.31394267082214355,-0.10093122720718384,0.9997978210449219,0.4478779435157776,0.3865027129650116,-0.06675579398870468,0.9879422187805176,0.3747563064098358,0.3881545066833496,-0.06534876674413681,0.9800931811332703,0.44292956590652466,0.4410237669944763,-0.11762735992670059,0.9796587228775024,0.3756899833679199,0.45108741521835327,-0.11048680543899536,0.967869758605957,0.44318515062332153,0.4661635458469391,-0.13703174889087677,0.956814169883728,0.3740593492984772,0.4727076292037964,-0.12586817145347595,0.9374762177467346,0.43926915526390076,0.46293747425079346,-0.15553268790245056,0.9583150744438171,0.37875911593437195,0.4707994759082794,-0.1428806632757187,0.9399222731590271,0.43743008375167847,0.45643678307533264,-0.12572170794010162,0.9499866366386414,0.3806370496749878,0.4650631844997406,-0.11807725578546524,0.931777834892273,0.42874860763549805,0.4467903673648834,-0.005885651335120201,0.9994504451751709,0.39737004041671753,0.44711625576019287,0.005905951373279095,0.9995324015617371,0.42585283517837524,0.5473592877388,0.0105810035020113,0.9513329267501831,0.399639368057251,0.5460036993026733,0.01963859237730503,0.925948441028595,0.42123574018478394,0.6480672955513,0.0974600538611412,0.945160984992981,0.40250033140182495,0.6486604809761047,0.1112513318657875,0.9332920908927917,0.4193674623966217,0.6630459427833557,0.10229836404323578,0.8371397852897644,0.4036012291908264,0.6638333797454834,0.11652439832687378,0.8069243431091309,0.4283844828605652,0.6825752854347229,0.032758258283138275,0.9518107771873474,0.39613744616508484,0.685265064239502,0.04494026303291321,0.9367794394493103
5,walk,0.4067136347293854,0.2586240768432617,-0.1825527846813202,0.999639093875885,0.4093848168849945,0.2501966655254364,-0.17392927408218384,0.9986193180084229,0.41113653779029846,0.25020697712898254,-0.17392103374004364,0.9988184571266174,0.4131399691104889,0.2502519488334656,-0.17391839623451233,0.9985436201095581,0.40343809127807617,0.25133636593818665,-0.17216594517230988,0.9987219572067261,0.4011465013027191,0.25220295786857605,-0.17217664420604706,0.9987468719482422,0.39894944429397583,0.25300779938697815,-0.1721634864807129,0.9984985589981079,0.41685110330581665,0.2566305696964264,-0.11180005222558975,0.9975495934486389,0.3968554139137268,0.25912612676620483,-0.10517163574695587,0.9969362020492554,0.4110826551914215,0.2696807086467743,-0.1588098704814911,0.9986276626586914,0.4033793807029724,0.27104997634887695,-0.15688931941986084,0.9984739422798157,0.43555355072021484,0.31406059861183167,-0.0711391493678093,0.9998558759689331,0.38529688119888306,0.31576865911483765,-0.05124363303184509,0.9998058080673218,0.44610437750816345,0.3877103626728058,-0.039136745035648346,0.9881967306137085,0.3771418333053589,0.3872567415237427,-0.019508514553308487,0.9793307781219482,0.4428292214870453,0.44165048003196716,-0.08545809984207153,0.9799317717552185,0.3779430091381073,0.45090487599372864,-0.06788065284490585,0.9655365347862244,0.44294947385787964,0.46692708134651184,-0.10376610606908798,0.9566413760185242,0.3768828511238098,0.4718824625015259,-0.0831291601061821,0.9327301383018494,0.43892431259155273,0.4635470509529114,-0.12092626094818115,0.9582812786102295,0.3812125325202942,0.4695854187011719,-0.10043342411518097,0.9351948499679565,0.4372982978820801,0.45663130283355713,-0.0930396169424057,0.9495976567268372,0.38296160101890564,0.46400800347328186,-0.07599199563264847,0.9266157150268555,0.42798423767089844,0.4473018944263458,-0.006296188570559025,0.9994269609451294,0.3967461585998535,0.44759401679039,0.006306995637714863,0.9995198845863342,0.4252966344356537,0.5483815670013428,0.0018855761736631393,0.9524229764938354,0.3996538519859314,0.548308253288269,0.012217272073030472,0.9302998185157776,0.4208809733390808,0.6489145755767822,0.07133714854717255,0.946878969669342,0.40294498205184937,0.6481803059577942,0.09137532114982605,0.936737596988678,0.4194515645503998,0.6612532734870911,0.07471112906932831,0.8401395678520203,0.4044375419616699,0.6603415012359619,0.0951608270406723,0.805796205997467,0.427724689245224,0.6796387434005737,0.007543772459030151,0.9523375034332275,0.3953038156032562,0.6843153834342957,0.02608032152056694,0.9385104775428772
6,walk,0.40631189942359924,0.2586109936237335,-0.17435666918754578,0.99967360496521,0.40927624702453613,0.2502754330635071,-0.16527456045150757,0.9987514019012451,0.41095954179763794,0.2503654360771179,-0.1652732491493225,0.9989304542541504,0.41283220052719116,0.2505478262901306,-0.16526547074317932,0.9986827373504639,0.40337520837783813,0.2513922154903412,-0.1646999567747116,0.998843789100647,0.4009671211242676,0.2522944211959839,-0.16471074521541595,0.9988656044006348,0.3989078402519226,0.2534064054489136,-0.16470174491405487,0.9986414909362793,0.4165164828300476,0.25616350769996643,-0.10205618292093277,0.9977777600288391,0.39690184593200684,0.25904014706611633,-0.10091423988342285,0.9972255825996399,0.41085606813430786,0.2693421244621277,-0.1502716839313507,0.9987612366676331,0.40319710969924927,0.27046382427215576,-0.14992210268974304,0.9986224174499512,0.43535932898521423,0.31339696049690247,-0.05932994931936264,0.9998643398284912,0.3847593069076538,0.3164284825325012,-0.052136726677417755,0.9998177886009216,0.44483622908592224,0.3853350281715393,-0.030246976763010025,0.9884154796600342,0.3774908185005188,0.389100044965744,-0.025200311094522476,0.9797039031982422,0.4428035616874695,0.44220080971717834,-0.08186359703540802,0.9804792404174805,0.37934398651123047,0.45106202363967896,-0.07684943825006485,0.9651299118995667,0.44292300939559937,0.46738094091415405,-0.10068640857934952,0.9573637843132019,0.3791389763355255,0.47233179211616516,-0.09392363578081131,0.931736946105957,0.43868786096572876,0.46398887038230896,-0.1184869259595871,0.9590526223182678,0.38324564695358276,0.4699612557888031,-0.11093020439147949,0.9341668486595154,0.4371102750301361,0.4567822217941284,-0.08978395909070969,0.9501970410346985,0.38479161262512207,0.4641813635826111,-0.08471447229385376,0.9252299666404724,0.4275818467140198,0.44840994477272034,-0.0030440606642514467,0.9994259476661682,0.396878719329834,0.44831880927085876,0.0030524171888828278,0.9995257258415222,0.42457228899002075,0.549314558506012,0.0007616762304678559,0.955112099647522,0.399025559425354,0.5507150292396545,0.0032775576692074537,0.9358104467391968,0.42042961716651917,0.6494622230529785,0.07669417560100555,0.9499176144599915,0.4020134508609772,0.6500388383865356,0.0835452675819397,0.9413256645202637,0.4189138412475586,0.6621817946434021,0.08029589802026749,0.8467373847961426,0.40353378653526306,0.6632357835769653,0.08707116544246674,0.8081249594688416,0.42735856771469116,0.681764543056488,0.012195078656077385,0.9544596076011658,0.39472201466560364,0.6847346425056458,0.016505157575011253,0.9419105052947998
7,walk,0.4058759808540344,0.2592628002166748,-0.1664872020483017,0.9997052550315857,0.40878400206565857,0.2509056627750397,-0.1578039824962616,0.9988723993301392,0.41056233644485474,0.25088515877723694,-0.15780334174633026,0.9990333318710327,0.41237974166870117,0.25109773874282837,-0.15779052674770355,0.9988101720809937,0.40287190675735474,0.25195738673210144,-0.15696780383586884,0.9989556074142456,0.4006124436855316,0.2527283728122711,-0.15697774291038513,0.9989749193191528,0.3987785875797272,0.2537134885787964,-0.15697650611400604,0.9987730979919434,0.4162227213382721,0.2567722797393799,-0.09757785499095917,0.9979885220527649,0.3967127799987793,0.2599325478076935,-0.09478716552257538,0.9974930882453918,0.4105798602104187,0.2692091763019562,-0.1435583233833313,0.9988827109336853,0.40266814827919006,0.27035677433013916,-0.1427355855703354,0.9987577795982361,0.43533849716186523,0.3136754035949707,-0.05662539601325989,0.9998728036880493,0.38429906964302063,0.31563279032707214,-0.05077596381306648,0.9998313188552856,0.44442686438560486,0.38400954008102417,-0.03481876850128174,0.9882358908653259,0.3776652216911316,0.39071351289749146,-0.027469387277960777,0.9800474643707275,0.4427111744880676,0.4423830211162567,-0.09157265722751617,0.9803202748298645,0.38038256764411926,0.4511733055114746,-0.08067508041858673,0.9650298357009888,0.4427558481693268,0.46710464358329773,-0.11039571464061737,0.9569664001464844,0.38057732582092285,0.47258538007736206,-0.09841695427894592,0.9315471053123474,0.43860378861427307,0.46413543820381165,-0.12849918007850647,0.9587157964706421,0.38442593812942505,0.4703560173511505,-0.11511401832103729,0.9339419007301331,0.437255859375,0.45719224214553833,-0.09975076466798782,0.9494500160217285,0.38584962487220764,0.46448948979377747,-0.08838451653718948,0.9246036410331726,0.4273999333381653,0.44924795627593994,-0.001357862027361989,0.9994442462921143,0.397215336561203,0.44855305552482605,0.0013499828055500984,0.9995455145835876,0.4240868091583252,0.5506567358970642,0.00015463096497114748,0.9583657383918762,0.39858168363571167,0.552073061466217,0.00033736281329765916,0.9414206147193909,0.42011770606040955,0.650608241558075,0.07528199255466461,0.953633725643158,0.4013783037662506,0.6503604650497437,0.08033488690853119,0.9461591243743896,0.4185570776462555,0.6637392044067383,0.07854117453098297,0.8537588715553284,0.40318113565444946,0.6640483736991882,0.0836571529507637,0.81319260597229,0.42701658606529236,0.683185338973999,0.009705914184451103,0.9573777318000793,0.3942185044288635,0.6853541731834412,0.013401140458881855,0.9460664391517639
8,walk,0.40595680475234985,0.25971654057502747,-0.14817437529563904,0.9997340440750122,0.40866193175315857,0.25164738297462463,-0.13962788879871368,0.9989825487136841,0.4104733467102051,0.25166258215904236,-0.13963070511817932,0.999127209186554,0.41220641136169434,0.25163406133651733,-0.13961908221244812,0.9989261627197266,0.4027116894721985,0.2529894709587097,-0.13872869312763214,0.9990575313568115,0.4005630612373352,0.2537469267845154,-0.13873043656349182,0.9990745782852173,0.39887022972106934,0.25438857078552246,-0.138729065656662,0.9988929033279419,0.41602015495300293,0.2571973204612732,-0.08168023079633713,0.9981827735900879,0.3966994881629944,0.26100680232048035,-0.07861913740634918,0.9977375864982605,0.4106965661048889,0.26992231607437134,-0.12610261142253876,0.9989928603172302,0.40269607305526733,0.27125880122184753,-0.12520036101341248,0.9988805055618286,0.4353345036506653,0.31336429715156555,-0.043710991740226746,0.9998812079429626,0.384605348110199,0.3153654634952545,-0.037219636142253876,0.9998441934585571,0.44423288106918335,0.38306066393852234,-0.026029493659734726,0.9880777597427368,0.3776324391365051,0.38978496193885803,-0.017585832625627518,0.980267345905304,0.4426422119140625,0.44253548979759216,-0.08306068181991577,0.9803810715675354,0.3809359669685364,0.45104527473449707,-0.07179252803325653,0.9652895331382751,0.4426426887512207,0.4668630361557007,-0.10140679031610489,0.9572001099586487,0.3813188374042511,0.47226354479789734,-0.08937852084636688,0.9321749210357666,0.4385432302951813,0.46418651938438416,-0.11900024116039276,0.9589605331420898,0.3855201303958893,0.4701656699180603,-0.10536368191242218,0.9345056414604187,0.4372793138027191,0.4574684202671051,-0.09101167321205139,0.9494414925575256,0.3869427740573883,0.46435579657554626,-0.07915885746479034,0.9248519539833069,0.4272095561027527,0.4493504762649536,-0.0013787016505375504,0.9994671940803528,0.3972631096839905,0.4488000273704529,0.0013810757081955671,0.9995680451393127,0.4240087866783142,0.5513687133789062,-0.005671828053891659,0.961388111114502,0.39836585521698,0.5522705316543579,-0.004825951531529427,0.9466052651405334,0.4199085235595703,0.6522433757781982,0.060704998672008514,0.9571914672851562,0.4013078212738037,0.6528143286705017,0.06486066430807114,0.9507974982261658,0.4183284640312195,0.6649393439292908,0.06296245753765106,0.8613327741622925,0.4036380648612976,0.665600061416626,0.06702978909015656,0.8212780952453613,0.42695364356040955,0.683779776096344,-0.004066314548254013,0.9602465033531189,0.39407214522361755,0.6869335174560547,-0.001125783659517765,0.9501727819442749
9,walk,0.40599289536476135,0.26046445965766907,-0.14580996334552765,0.9997599124908447,0.4086320996284485,0.2525938153266907,-0.13732920587062836,0.9990816712379456,0.4105212092399597,0.2526557445526123,-0.13733358681201935,0.9992116093635559,0.4121781289577484,0.25283128023147583,-0.13732120394706726,0.9990304708480835,0.4026276469230652,0.2538236975669861,-0.13654619455337524,0.9991493225097656,0.40054282546043396,0.2546604871749878,-0.13655175268650055,0.9991642832756042,0.3989175260066986,0.25529682636260986,-0.13655565679073334,0.9990008473396301,0.4159758687019348,0.258460134267807,-0.07966950535774231,0.9983572959899902,0.39670687913894653,0.2620173990726471,-0.0771120935678482,0.9979580640792847,0.41075077652931213,0.2705119848251343,-0.12383051216602325,0.9990919232368469,0.4027252793312073,0.27170032262802124,-0.12307564914226532,0.9989909529685974,0.4353272318840027,0.31340596079826355,-0.04170128330588341,0.9998881816864014,0.38470345735549927,0.3156795799732208,-0.03670007362961769,0.9998559951782227,0.44411468505859375,0.38258621096611023,-0.025730350986123085,0.9876938462257385,0.3775412440299988,0.39014893770217896,-0.01786952093243599,0.9806877970695496,0.44251275062561035,0.44263461232185364,-0.08419169485569,0.9801814556121826,0.38137301802635193,0.4510192573070526,-0.0710373967885971,0.9656887650489807,0.44240617752075195,0.4667589068412781,-0.10259763896465302,0.9570392370223999,0.3820246458053589,0.4720439016819,-0.08842514455318451,0.9329519271850586,0.43847107887268066,0.4641827940940857,-0.12011408805847168,0.9588114619255066,0.38629090785980225,0.47001785039901733,-0.10413967072963715,0.9352036118507385,0.4372189939022064,0.4576508700847626,-0.09213647246360779,0.948940634727478,0.3876075744628906,0.4642864763736725,-0.0781940370798111,0.9252623319625854,0.42707720398902893,0.4495372474193573,-0.0010191850597038865,0.9994847178459167,0.3974859118461609,0.4488455355167389,0.0010276404209434986,0.9995883703231812,0.42390137910842896,0.5513674020767212,-0.006433849222958088,0.9638437628746033,0.3982385993003845,0.5522081851959229,-0.006803546100854874,0.9511538147926331,0.41976553201675415,0.6519696712493896,0.05754168704152107,0.9601272940635681,0.40111637115478516,0.6530796885490417,0.05884604901075363,0.9548433423042297,0.4181751608848572,0.6646537184715271,0.05948830768465996,0.8671078681945801,0.403730571269989,0.6660378575325012,0.06062017008662224,0.8271414637565613,0.42690497636795044,0.6832866072654724,-0.007332582026720047,0.9625837206840515,0.3938957154750824,0.6882086396217346,-0.007678121328353882,0.9536665081977844
10,walk,0.40598955750465393,0.26062628626823425,-0.14631977677345276,0.9997833371162415,0.4086078703403473,0.2528247535228729,-0.13790926337242126,0.9991714358329773,0.4105667173862457,0.2528030276298523,-0.1379111111164093,0.9992881417274475,0.41216927766799927,0.2530902624130249,-0.13789673149585724,0.9991250038146973,0.4025648534297943,0.2539976239204407,-0.1371062994003296,0.9992324113845825,0.4005524516105652,0.2549269497394562,-0.13711115717887878,0.9992455840110779,0.39892563223838806,0.25581759214401245,-0.13711433112621307,0.9990985989570618,0.415944904088974,0.2587928771972656,-0.08012871444225311,0.9985156655311584,0.3967282176017761,0.26214224100112915,-0.07747230678796768,0.9981576204299927,0.4107694625854492,0.27058684825897217,-0.12425076961517334,0.9991814494132996,0.4027271866798401,0.2716790437698364,-0.12346939742565155,0.9990907907485962,0.4353194832801819,0.3135644197463989,-0.04191768914461136,0.999895453453064,0.3847794234752655,0.31565412878990173,-0.037198133766651154,0.99986732006073,0.4440121650695801,0.38245150446891785,-0.028372278437018394,0.9874899983406067,0.37771299481391907,0.38989919424057007,-0.019373483955860138,0.9812033772468567,0.44224849343299866,0.44266951084136963,-0.08936411142349243,0.9803071022033691,0.3818342685699463,0.45045217871665955,-0.07341696321964264,0.9665080904960632,0.44185811281204224,0.4667864441871643,-0.1085234060883522,0.9574799537658691,0.38255006074905396,0.47121158242225647,-0.09120223671197891,0.9345165491104126,0.437999963760376,0.46425506472587585,-0.1257496178150177,0.9592301845550537,0.38674819469451904,0.46905627846717834,-0.10702421516180038,0.936670184135437,0.4369482398033142,0.4577758312225342,-0.09724314510822296,0.9491320848464966,0.388044536113739,0.4635944068431854,-0.08056096732616425,0.9265438318252563,0.4269922375679016,0.44954460859298706,-0.000946829270105809,0.9995070695877075,0.39759472012519836,0.44897788763046265,0.0009559107129462063,0.9996100664138794,0.4238581657409668,0.5508363842964172,-0.006147586740553379,0.9661892056465149,0.39814963936805725,0.5511990189552307,-0.005914895795285702,0.9552938938140869,0.41967111825942993,0.6515026688575745,0.05935113877058029,0.9629172682762146,0.40100687742233276,0.6521493792533875,0.061666835099458694,0.958559513092041,0.4180396497249603,0.6640031933784485,0.06134408712387085,0.8727800250053406,0.40374112129211426,0.6653355956077576,0.06362927705049515,0.8332889676094055,0.42684054374694824,0.6825083494186401,-0.00595278013497591,0.9648622870445251,0.39401131868362427,0.6863349676132202,-0.004752477165311575,0.9569545984268188
11,walk,0.4059751629829407,0.2610834538936615,-0.14421482384204865,0.9998043775558472,0.40860629081726074,0.25326961278915405,-0.13598230481147766,0.9992520213127136,0.41061797738075256,0.25320667028427124,-0.1359877735376358,0.9993568062782288,0.4121817946434021,0.25346624851226807,-0.13597695529460907,0.9992098212242126,0.4025004506111145,0.254439115524292,-0.13519185781478882,0.9993070363998413,0.4005386233329773,0.255440890789032,-0.13519462943077087,0.9993184804916382,0.3988487124443054,0.25645700097084045,-0.13519908487796783,0.9991862773895264,0.41594862937927246,0.25913482904434204,-0.07848016917705536,0.998657763004303,0.3967480957508087,0.2625309228897095,-0.07574303448200226,0.9983370900154114,0.4108045697212219,0.2710186541080475,-0.12215741723775864,0.9992619752883911,0.4026848375797272,0.27211618423461914,-0.12134473025798798,0.9991805553436279,0.4353122115135193,0.3138110935688019,-0.03994493931531906,0.9999020099639893,0.3849216401576996,0.315615177154541,-0.03641999885439873,0.9998776912689209,0.44389113783836365,0.3822254240512848,-0.028376752510666847,0.9870927333831787,0.37791916728019714,0.38970947265625,-0.01907077617943287,0.9815653562545776,0.4418552815914154,0.4426993131637573,-0.0917079895734787,0.9801160097122192,0.38227546215057373,0.45004531741142273,-0.07234260439872742,0.967010498046875,0.4413048326969147,0.4663267433643341,-0.11125773191452026,0.9574034810066223,0.383077472448349,0.4709167778491974,-0.09008258581161499,0.9355313181877136,0.4375494420528412,0.46396002173423767,-0.1282106190919876,0.9591534733772278,0.3873659372329712,0.4686149060726166,-0.10600654780864716,0.9375991225242615,0.43660497665405273,0.4577012062072754,-0.09957669675350189,0.9487457871437073,0.3886503577232361,0.4631730914115906,-0.07950292527675629,0.9272608757019043,0.4269576072692871,0.4495566785335541,-0.0006001931033097208,0.9995281100273132,0.3975907266139984,0.44900354743003845,0.0006127480301074684,0.9996300339698792,0.4236430525779724,0.5508391261100769,-0.006078294478356838,0.9681559801101685,0.3983463644981384,0.5511465072631836,-0.00562648568302393,0.9589356184005737,0.41964659094810486,0.652053952217102,0.05986589193344116,0.9653121829032898,0.401167094707489,0.6523942351341248,0.06278359144926071,0.9618021845817566,0.41796284914016724,0.6647264957427979,0.06181200593709946,0.8778771162033081,0.40392637252807617,0.6657059788703918,0.06484454870223999,0.8383620977401733,0.4272535741329193,0.6833672523498535,-0.005212979391217232,0.9667456150054932,0.39415794610977173,0.6851586699485779,-0.003356923582032323,0.9597541689872742
12,walk,0.4059927463531494,0.261035293340683,-0.14935871958732605,0.9998233914375305,0.40862780809402466,0.2532263994216919,-0.14111576974391937,0.9993249177932739,0.4106900691986084,0.25316256284713745,-0.14111997187137604,0.9994189739227295,0.4122157692909241,0.2533663213253021,-0.1411089301109314,0.9992865324020386,0.40246352553367615,0.2543507218360901,-0.1404050886631012,0.999374508857727,0.4005388617515564,0.2553468644618988,-0.14040997624397278,0.9993844628334045,0.39877012372016907,0.2564856708049774,-0.1404147744178772,0.9992655515670776,0.41596412658691406,0.25920748710632324,-0.08319223672151566,0.9987865090370178,0.3967248797416687,0.2624881863594055,-0.08089502155780792,0.9984990954399109,0.4108913838863373,0.2711145281791687,-0.12714679539203644,0.9993346333503723,0.40269023180007935,0.2721754014492035,-0.12646734714508057,0.9992614984512329,0.4353078007698059,0.3141692876815796,-0.04395077005028725,0.9999078512191772,0.3848673701286316,0.3157501518726349,-0.04059138149023056,0.9998870491981506,0.44382286071777344,0.3824288547039032,-0.031720224767923355,0.9868110418319702,0.3778834939002991,0.3901296854019165,-0.022505808621644974,0.9818834066390991,0.44108113646507263,0.4427352547645569,-0.0949208214879036,0.9800769686698914,0.382750928401947,0.4500811696052551,-0.07560394704341888,0.9673821330070496,0.4402766227722168,0.4663788974285126,-0.11449524015188217,0.9575310349464417,0.38373273611068726,0.47104984521865845,-0.09328512102365494,0.9363124966621399,0.43645066022872925,0.46399495005607605,-0.13162077963352203,0.9592844247817993,0.3880285322666168,0.4687086343765259,-0.10926511138677597,0.9383066892623901,0.4355471134185791,0.4577763080596924,-0.1028166264295578,0.9486313462257385,0.38927072286605835,0.4632011950016022,-0.08275012671947479,0.9277122616767883,0.4268937110900879,0.4495489001274109,-0.00024282843514811248,0.9995478391647339,0.3976747989654541,0.44911813735961914,0.0002534950035624206,0.9996489882469177,0.4234681725502014,0.5507604479789734,-0.005824482999742031,0.9699892997741699,0.39842480421066284,0.5511457920074463,-0.005539353005588055,0.9622877836227417,0.419705867767334,0.6520715951919556,0.06012027710676193,0.967585027217865,0.4013189375400543,0.6526954174041748,0.06231997162103653,0.9648287892341614,0.41791290044784546,0.6649777293205261,0.0620325431227684,0.8832291960716248,0.40408268570899963,0.6660664677619934,0.06427782773971558,0.8435547351837158,0.4275352954864502,0.6830983757972717,-0.004953748546540737,0.9686233997344971,0.39424318075180054,0.6845446825027466,-0.004124416038393974,0.9624323844909668
13,walk,0.40600553154945374,0.2608817517757416,-0.14739951491355896,0.9998403787612915,0.40862780809402466,0.2530946433544159,-0.13904568552970886,0.9993900060653687,0.4107205271720886,0.25302445888519287,-0.13905179500579834,0.9994743466377258,0.41223639249801636,0.2531931698322296,-0.13904182612895966,0.9993550181388855,0.40245065093040466,0.2542318105697632,-0.13832442462444305,0.999434769153595,0.4005579352378845,0.25522416830062866,-0.13833068311214447,0.9994433522224426,0.3987390100955963,0.2564161419868469,-0.13833707571029663,0.9993364214897156,0.41597962379455566,0.2592533230781555,-0.0813295915722847,0.9989011883735657,0.3967544436454773,0.2624872326850891,-0.07888825237751007,0.9986439347267151,0.4109567105770111,0.2710626721382141,-0.12532734870910645,0.999399721622467,0.4027117192745209,0.272127240896225,-0.12460315227508545,0.9993340373039246,0.4353102147579193,0.31428173184394836,-0.043130990117788315,0.9999123811721802,0.38492053747177124,0.3159373700618744,-0.039109967648983,0.999894917011261,0.4437739849090576,0.3823908567428589,-0.03214084357023239,0.9864196181297302,0.3779093623161316,0.3902258574962616,-0.021907437592744827,0.9820088148117065,0.4404386579990387,0.4427714943885803,-0.09581847488880157,0.9797735810279846,0.3828062415122986,0.45001453161239624,-0.07518895715475082,0.9673483371734619,0.43943947553634644,0.4662470519542694,-0.1154198870062828,0.9572114944458008,0.3838188648223877,0.471073180437088,-0.09286883473396301,0.9363741874694824,0.43553343415260315,0.4638470411300659,-0.13248828053474426,0.9589751958847046,0.3881223499774933,0.4686985909938812,-0.10870387405157089,0.9383174777030945,0.4346402585506439,0.4577823579311371,-0.10370059311389923,0.9479839205741882,0.38932082056999207,0.46312955021858215,-0.08228985220193863,0.9274110198020935,0.4268815517425537,0.4495523273944855,-0.0003601588832680136,0.9995617270469666,0.3976406157016754,0.44915664196014404,0.0003712745674420148,0.9996639490127563,0.42334166169166565,0.5506293177604675,-0.005758619401603937,0.9716064929962158,0.3985251188278198,0.551118791103363,-0.005700081121176481,0.96526700258255,0.41970792412757874,0.6522303819656372,0.05829092115163803,0.9695749282836914,0.401350736618042,0.6527971625328064,0.061008911579847336,0.9675244688987732,0.4178830087184906,0.6650981903076172,0.0600665919482708,0.8874614834785461,0.40411376953125,0.6661794185638428,0.0628066137433052,0.8481919765472412,0.4276338517665863,0.6830052733421326,-0.006975776050239801,0.9702298641204834,0.39419999718666077,0.6848365068435669,-0.0056113554164767265,0.9647969603538513
14,walk,0.4059990346431732,0.26084843277931213,-0.14304815232753754,0.9998555183410645,0.4086065888404846,0.25303325057029724,-0.13479945063591003,0.9994480609893799,0.4107174277305603,0.2529570162296295,-0.13480600714683533,0.9995236396789551,0.4122410714626312,0.2531093657016754,-0.13479624688625336,0.9994160532951355,0.40243688225746155,0.25421059131622314,-0.13393057882785797,0.9994884729385376,0.40056267380714417,0.2552119791507721,-0.13393588364124298,0.9994957447052002,0.39871156215667725,0.25643306970596313,-0.13394416868686676,0.9993996024131775,0.41597098112106323,0.25939878821372986,-0.07793111354112625,0.9990031719207764,0.39678633213043213,0.26253801584243774,-0.07472338527441025,0.9987730383872986,0.41099634766578674,0.2710805833339691,-0.12130016088485718,0.9994580745697021,0.4027135372161865,0.27220356464385986,-0.12035791575908661,0.9993991255760193,0.4353344440460205,0.3141225278377533,-0.04141930863261223,0.9999167323112488,0.38493651151657104,0.3158947825431824,-0.03584206476807594,0.9999018907546997,0.443678081035614,0.38228335976600647,-0.03102264367043972,0.9861295819282532,0.37793248891830444,0.39037561416625977,-0.019416801631450653,0.9821527600288391,0.4400339126586914,0.4428148567676544,-0.09369795769453049,0.9796903729438782,0.3829062581062317,0.4499475657939911,-0.07196337729692459,0.9674830436706543,0.4390145242214203,0.46620649099349976,-0.11323575675487518,0.9573022723197937,0.38392022252082825,0.4710626006126404,-0.08955366909503937,0.936731219291687,0.43498367071151733,0.46380653977394104,-0.13009190559387207,0.9590574502944946,0.3882068693637848,0.4686397910118103,-0.10536488145589828,0.9386166334152222,0.43404659628868103,0.45782166719436646,-0.10146977007389069,0.9478545784950256,0.3893979787826538,0.463042289018631,-0.07908184826374054,0.9275084733963013,0.4268460273742676,0.4495946764945984,-0.0005776705802418292,0.9995744824409485,0.39765647053718567,0.4492398202419281,0.0005887834122404456,0.9996776580810547,0.4232324957847595,0.5508207678794861,-0.005661058239638805,0.9731458425521851,0.3986096978187561,0.5509083271026611,-0.0050286101177334785,0.9679707884788513,0.41972121596336365,0.6519128680229187,0.059524618089199066,0.9714035987854004,0.40141767263412476,0.6526233553886414,0.06305240839719772,0.96996009349823,0.41786035895347595,0.6646340489387512,0.06149601191282272,0.8914165496826172,0.4041479527950287,0.6659067869186401,0.0650528073310852,0.8525514602661133,0.42769932746887207,0.6829909682273865,-0.005549843423068523,0.9717047214508057,0.3941701054573059,0.684994101524353,-0.0030684678349643946,0.9669368267059326
15,walk,0.40600356459617615,0.2610141634941101,-0.14126548171043396,0.999869167804718,0.4085965156555176,0.25313979387283325,-0.132988840341568,0.9995002746582031,0.41072171926498413,0.2530643343925476,-0.13299499452114105,0.999567985534668,0.412252277135849,0.2532253563404083,-0.1329846978187561,0.9994710087776184,0.4024496078491211,0.25429534912109375,-0.1320483684539795,0.9995368123054504,0.4005967676639557,0.25529560446739197,-0.13205328583717346,0.9995428919792175,0.3987244963645935,0.25650519132614136,-0.1320619136095047,0.9994564652442932,0.4159591794013977,0.2595367133617401,-0.07641758024692535,0.9990947842597961,0.39685532450675964,0.2625700831413269,-0.0729733258485794,0.9988889098167419,0.4110265374183655,0.2712315618991852,-0.11967585980892181,0.9995105862617493,0.4027276933193207,0.2723270356655121,-0.11866621673107147,0.9994576573371887,0.4353370666503906,0.314066082239151,-0.0405825600028038,0.9999209642410278,0.3849118649959564,0.3159371614456177,-0.03408248350024223,0.9999080896377563,0.4436315596103668,0.3822510242462158,-0.028099272400140762,0.9860539436340332,0.3779880702495575,0.3904629647731781,-0.017267918214201927,0.9822689890861511,0.43965595960617065,0.44304096698760986,-0.08739584684371948,0.979878306388855,0.3829059898853302,0.4499553143978119,-0.06953832507133484,0.9677038192749023,0.4385436177253723,0.46621835231781006,-0.10649578273296356,0.9577752351760864,0.3837992548942566,0.4711374044418335,-0.08698330074548721,0.9372665286064148,0.43430906534194946,0.4638192355632782,-0.12332600355148315,0.9595034718513489,0.388102263212204,0.46873441338539124,-0.10293631255626678,0.9390958547592163,0.4333363175392151,0.4579622447490692,-0.09502584487199783,0.9482136964797974,0.38933783769607544,0.46310535073280334,-0.07672635465860367,0.9278623461723328,0.4268006384372711,0.44968748092651367,-0.0007153606275096536,0.9995869398117065,0.39782315492630005,0.4495750963687897,0.0007265718886628747,0.9996902346611023,0.4231652319431305,0.5509660243988037,-0.005634636618196964,0.974483847618103,0.3986782431602478,0.551077663898468,-0.004869020078331232,0.970335841178894,0.41971296072006226,0.6519114375114441,0.05950949341058731,0.972975492477417,0.4015332758426666,0.6527162194252014,0.06344731897115707,0.972078263759613,0.41783595085144043,0.6646762490272522,0.061518240720033646,0.8948689699172974,0.40423017740249634,0.6658931970596313,0.06550417840480804,0.8557943105697632,0.42772960662841797,0.6829965114593506,-0.005164265166968107,0.9729592204093933,0.3941602110862732,0.6849339008331299,-0.002230726182460785,0.9687602519989014
16,walk,0.40602168440818787,0.2613944411277771,-0.143146812915802,0.9998815059661865,0.40859565138816833,0.2534196078777313,-0.13486625254154205,0.9995473623275757,0.4107382297515869,0.2533368468284607,-0.1348731815814972,0.999608039855957,0.412273108959198,0.2534911036491394,-0.13486318290233612,0.9995205998420715,0.4024619460105896,0.25455522537231445,-0.13394774496555328,0.9995803833007812,0.4006180763244629,0.25556090474128723,-0.13395148515701294,0.9995854496955872,0.3987264633178711,0.25674787163734436,-0.13395915925502777,0.9995077252388,0.4159523546695709,0.25970223546028137,-0.07814718782901764,0.9991775751113892,0.396886944770813,0.2627377212047577,-0.07477639615535736,0.9989933371543884,0.4110599458217621,0.27154868841171265,-0.1214904934167862,0.9995578527450562,0.40275686979293823,0.27264055609703064,-0.12050411850214005,0.9995104074478149,0.4353356957435608,0.3140627443790436,-0.04244379326701164,0.9999246001243591,0.38490232825279236,0.31605857610702515,-0.035354603081941605,0.9999135732650757,0.44354909658432007,0.38233858346939087,-0.03052547201514244,0.9858481884002686,0.37803298234939575,0.39085710048675537,-0.018720487132668495,0.9823788404464722,0.43927374482154846,0.4435428977012634,-0.09075112640857697,0.9798969030380249,0.3829324543476105,0.45005273818969727,-0.07160402089357376,0.9679558277130127,0.4381375312805176,0.4663468599319458,-0.11011894047260284,0.9579845666885376,0.3837753236293793,0.47115495800971985,-0.0891907662153244,0.9378681182861328,0.4337925314903259,0.46393677592277527,-0.126972496509552,0.9596962332725525,0.3880612254142761,0.46879494190216064,-0.1050734668970108,0.9396460652351379,0.4328104555606842,0.4582463204860687,-0.09843294322490692,0.9482934474945068,0.3893049657344818,0.4632020592689514,-0.0787755474448204,0.9282922744750977,0.4267703890800476,0.4497714638710022,-0.0008035300998017192,0.9995987415313721,0.3979492783546448,0.44983670115470886,0.0008136081742122769,0.9997014999389648,0.4231223464012146,0.5508489608764648,-0.005679289810359478,0.9757403135299683,0.3986516296863556,0.5508920550346375,-0.004443380516022444,0.9725126028060913,0.41969943046569824,0.6514962315559387,0.06053055077791214,0.9744718670845032,0.4015654921531677,0.6523749232292175,0.06507910788059235,0.9740586876869202,0.4178224503993988,0.6643678545951843,0.06271271407604218,0.8983699083328247,0.4042331576347351,0.6655349731445312,0.06729036569595337,0.8595239520072937,0.4277428984642029,0.6825010776519775,-0.0040863314643502235,0.9741997122764587,0.39417344331741333,0.6847125291824341,-0.0004619599785655737,0.9705085158348083
17,walk,0.40602079033851624,0.2616958022117615,-0.143238365650177,0.99989253282547,0.4085908830165863,0.2536274492740631,-0.13497701287269592,0.9995896220207214,0.4107484817504883,0.25352761149406433,-0.13498452305793762,0.9996439218521118,0.4122886657714844,0.253670334815979,-0.13497450947761536,0.9995649456977844,0.402456670999527,0.25476422905921936,-0.13414020836353302,0.9996194839477539,0.4006120264530182,0.25576382875442505,-0.1341446191072464,0.9996235966682434,0.3987062871456146,0.2569435238838196,-0.13415329158306122,0.9995536804199219,0.4159466624259949,0.2597866654396057,-0.0782061368227005,0.9992513656616211,0.3968965411186218,0.26286861300468445,-0.07524003088474274,0.9990871548652649,0.41107431054115295,0.2718092203140259,-0.12153385579586029,0.9996002912521362,0.40275830030441284,0.27290743589401245,-0.12066389620304108,0.9995577931404114,0.4353359639644623,0.314018189907074,-0.04241674393415451,0.999927818775177,0.3849240839481354,0.3160857856273651,-0.03626707196235657,0.9999186396598816,0.44349831342697144,0.3823259472846985,-0.03141710162162781,0.9856113195419312,0.37805572152137756,0.3909797668457031,-0.01993718557059765,0.9825718998908997,0.43908753991127014,0.4437505006790161,-0.09242639690637589,0.980004072189331,0.38291773200035095,0.45013299584388733,-0.07276716828346252,0.9683852791786194,0.4379979074001312,0.4664166271686554,-0.11193698644638062,0.9583621621131897,0.38378483057022095,0.47120416164398193,-0.09035437554121017,0.938746452331543,0.43362268805503845,0.46402060985565186,-0.12870736420154572,0.9600529074668884,0.3880053162574768,0.46885979175567627,-0.1061374694108963,0.940460205078125,0.43261152505874634,0.45840662717819214,-0.10009980201721191,0.9485920071601868,0.3892136812210083,0.4632982611656189,-0.07986963540315628,0.9290291666984558,0.4267728924751282,0.4498993754386902,-0.0008218438597396016,0.9996107816696167,0.3981155753135681,0.45017188787460327,0.0008328004041686654,0.9997126460075378,0.4231610894203186,0.5506781935691833,-0.005279595032334328,0.9768121838569641,0.39867910742759705,0.5507617592811584,-0.004186568781733513,0.974448025226593,0.41969308257102966,0.6513369083404541,0.06181562691926956,0.9757735133171082,0.40153956413269043,0.6519969701766968,0.06656932085752487,0.975836992263794,0.4178067147731781,0.664368748664856,0.06414574384689331,0.9018585681915283,0.4041978716850281,0.6654163599014282,0.06894625723361969,0.8629199266433716,0.42780956625938416,0.6822195053100586,-0.0022637543734163046,0.9752813577651978,0.3941848874092102,0.6841716170310974,0.0002633649273775518,0.9720768928527832
18,walk,0.40602725744247437,0.2618846595287323,-0.14430230855941772,0.9999025464057922,0.408600389957428,0.25378134846687317,-0.13602672517299652,0.9996277689933777,0.41076725721359253,0.25367093086242676,-0.13603293895721436,0.9996763467788696,0.41230711340904236,0.2538052201271057,-0.13602201640605927,0.9996050596237183,0.40246662497520447,0.25490567088127136,-0.13525447249412537,0.9996547102928162,0.4006221890449524,0.25587061047554016,-0.13525836169719696,0.9996579885482788,0.39870062470436096,0.2570400536060333,-0.13526670634746552,0.9995951056480408,0.41593948006629944,0.259835422039032,-0.07899933308362961,0.99931800365448,0.396914541721344,0.2629240155220032,-0.0763675719499588,0.9991717338562012,0.41108793020248413,0.2720080614089966,-0.1224876418709755,0.9996386170387268,0.402762234210968,0.27308234572410583,-0.12171772867441177,0.9996005296707153,0.4353179335594177,0.31407853960990906,-0.04251154139637947,0.9999309182167053,0.3849358856678009,0.3161439597606659,-0.03703790530562401,0.9999232292175293,0.4434167444705963,0.3824059069156647,-0.030211200937628746,0.9854280352592468,0.37810128927230835,0.3910306692123413,-0.020504549145698547,0.9826456904411316,0.4388578534126282,0.4440450370311737,-0.090253546833992,0.9800491333007812,0.3827032446861267,0.4501473009586334,-0.07348398864269257,0.968589723110199,0.4378489851951599,0.46644705533981323,-0.10948292165994644,0.9585593938827515,0.3835967481136322,0.471259742975235,-0.09111432731151581,0.9392465949058533,0.4335114061832428,0.4640854001045227,-0.12622974812984467,0.9602475762367249,0.3878273069858551,0.4688950777053833,-0.10700716078281403,0.9409247040748596,0.4324517250061035,0.4585205912590027,-0.09788104891777039,0.9486945867538452,0.38902953267097473,0.46332642436027527,-0.08063271641731262,0.9293971061706543,0.42675524950027466,0.449945867061615,-0.000756633875425905,0.9996227025985718,0.3980955481529236,0.4502708911895752,0.0007668649777770042,0.9997228980064392,0.4231325685977936,0.5506026148796082,-0.004237320274114609,0.9779336452484131,0.3987673819065094,0.5504723787307739,-0.004010586533695459,0.9762515425682068,0.41970282793045044,0.6513445973396301,0.0618583969771862,0.9771392345428467,0.4015223979949951,0.651520311832428,0.06750975549221039,0.9775171875953674,0.4177919030189514,0.664290726184845,0.06438238173723221,0.9052923321723938,0.4041707515716553,0.6648988723754883,0.06996025145053864,0.8663321137428284,0.42782506346702576,0.6826575994491577,-0.0006659572245553136,0.976449191570282,0.3942473232746124,0.6838937401771545,0.0003451230877544731,0.9736300706863403
19,walk,0.40602201223373413,0.26215699315071106,-0.14507193863391876,0.9999115467071533,0.4086001515388489,0.2539811134338379,-0.13695324957370758,0.9996622204780579,0.4107735753059387,0.2538527250289917,-0.13695946335792542,0.9997056722640991,0.41231751441955566,0.25398170948028564,-0.13694767653942108,0.9996412396430969,0.4024708867073059,0.2551356554031372,-0.1361512988805771,0.9996865391731262,0.4006308615207672,0.25610172748565674,-0.13615505397319794,0.9996890425682068,0.3987022042274475,0.257252961397171,-0.13616354763507843,0.9996324777603149,0.41593360900878906,0.2599436342716217,-0.08016492426395416,0.9993780851364136,0.39694786071777344,0.2630704343318939,-0.07744188606739044,0.9992480874061584,0.41109198331832886,0.2722276449203491,-0.12331651151180267,0.9996731281280518,0.40276581048965454,0.27331945300102234,-0.1225171908736229,0.9996390342712402,0.435316801071167,0.3141295611858368,-0.04318278655409813,0.9999337196350098,0.38495856523513794,0.31614869832992554,-0.037966858595609665,0.9999275803565979,0.44335871934890747,0.3824836313724518,-0.030790504068136215,0.9852527379989624,0.37813475728034973,0.3912115693092346,-0.020953984931111336,0.9828283190727234,0.43881335854530334,0.4444206655025482,-0.0913490504026413,0.9800981879234314,0.3825410306453705,0.45073598623275757,-0.07359273731708527,0.9689939618110657,0.43781885504722595,0.4665105938911438,-0.11059027910232544,0.9587655067443848,0.38340264558792114,0.47154295444488525,-0.09107311815023422,0.9400675892829895,0.4335199296474457,0.464176207780838,-0.12732131779193878,0.9604531526565552,0.38764846324920654,0.4691733419895172,-0.10691603273153305,0.9417054653167725,0.432452917098999,0.45866864919662476,-0.09898604452610016,0.9488475322723389,0.3888813257217407,0.46352124214172363,-0.08069191128015518,0.9301403760910034,0.42664337158203125,0.44998160004615784,-0.0005660158349201083,0.9996334910392761,0.3980407118797302,0.4503083825111389,0.0005731671117246151,0.9997320175170898,0.4230966567993164,0.5504988431930542,-0.0033052414655685425,0.9788643717765808,0.3988381028175354,0.550308883190155,-0.003970886114984751,0.9778748750686646,0.41969841718673706,0.6513136029243469,0.06229381635785103,0.9783215522766113,0.4015064835548401,0.6512123346328735,0.06779991835355759,0.978991687297821,0.4177805781364441,0.6641262769699097,0.06467638909816742,0.9083590507507324,0.40415048599243164,0.6644537448883057,0.07030186802148819,0.8688125014305115,0.4278762936592102,0.6828641891479492,0.000902569096069783,0.9774454832077026,0.3943328261375427,0.6838230490684509,0.0005706335068680346,0.9749715924263
20,walk,0.40602555871009827,0.26225709915161133,-0.14681385457515717,0.9999197721481323,0.40861862897872925,0.2540090084075928,-0.13812288641929626,0.999693751335144,0.410804808139801,0.25385046005249023,-0.13812869787216187,0.9997326135635376,0.4123446047306061,0.25395992398262024,-0.1381251960992813,0.9996744394302368,0.4024781584739685,0.2552163302898407,-0.1372380405664444,0.9997158050537109,0.4006379246711731,0.2561863362789154,-0.13724012672901154,0.9997177124023438,0.39869970083236694,0.2573543190956116,-0.13724173605442047,0.9996668696403503,0.41594138741493225,0.25987371802330017,-0.08262380957603455,0.9994335770606995,0.3969714045524597,0.26313093304634094,-0.08035548776388168,0.9993183016777039,0.4111085832118988,0.27233055233955383,-0.12375124543905258,0.9997044205665588,0.4027782082557678,0.27344363927841187,-0.12271274626255035,0.9996739625930786,0.43531790375709534,0.31418073177337646,-0.04573719948530197,0.9999359250068665,0.38496825098991394,0.3162614107131958,-0.04114089533686638,0.999931812286377,0.44334760308265686,0.38263583183288574,-0.034186866134405136,0.9851045608520508,0.378093421459198,0.39188364148139954,-0.02383040450513363,0.9831136465072632,0.43882042169570923,0.4447070360183716,-0.09594599902629852,0.9800781011581421,0.38244765996932983,0.4513782560825348,-0.07657517492771149,0.969730019569397,0.43781405687332153,0.46663668751716614,-0.11497243493795395,0.9588297009468079,0.38334229588508606,0.4718795716762543,-0.09373994171619415,0.9414606690406799,0.43356776237487793,0.46429532766342163,-0.13142535090446472,0.960521936416626,0.38760945200920105,0.4696265459060669,-0.10931544005870819,0.9430536031723022,0.4325064718723297,0.4588163495063782,-0.10342619568109512,0.9488551020622253,0.38873541355133057,0.4638444185256958,-0.08342192322015762,0.9315299391746521,0.42663446068763733,0.4499867260456085,-0.0005888681043870747,0.9996405839920044,0.3979955315589905,0.45032352209091187,0.0005948619800619781,0.9997390508651733,0.42306017875671387,0.5502795577049255,-0.0026351609267294407,0.9795650243759155,0.39884042739868164,0.5500649213790894,-0.003958028741180897,0.9792770147323608,0.4196960926055908,0.6512906551361084,0.06268475949764252,0.9793192744255066,0.40149441361427307,0.6511085629463196,0.06713085621595383,0.9802606701850891,0.4177759289741516,0.6641848683357239,0.06493403017520905,0.9109433889389038,0.40413594245910645,0.6644484996795654,0.06950132548809052,0.8708562254905701,0.42786628007888794,0.682800829410553,0.0006743313279002905,0.9782878160476685,0.39432644844055176,0.6839845180511475,0.0011305005755275488,0.9760944843292236
21,walk,0.40602555871009827,0.2622189521789551,-0.14875248074531555,0.9999273419380188,0.40862733125686646,0.25396931171417236,-0.1401509940624237,0.9997226595878601,0.410822331905365,0.2537969648838043,-0.14015665650367737,0.9997574090957642,0.41236162185668945,0.2538871467113495,-0.14015214145183563,0.999704897403717,0.4024791121482849,0.25520914793014526,-0.13925446569919586,0.9997426271438599,0.40063580870628357,0.2561722993850708,-0.1392582654953003,0.9997440576553345,0.39869174361228943,0.25735902786254883,-0.13926176726818085,0.9996983408927917,0.4159521162509918,0.2598074972629547,-0.0830499678850174,0.9994850158691406,0.39697614312171936,0.26311707496643066,-0.08067646622657776,0.9993825554847717,0.4111190438270569,0.2723725736141205,-0.1256924271583557,0.9997328519821167,0.40278077125549316,0.27349352836608887,-0.12460385262966156,0.9997056126594543,0.43530815839767456,0.31420233845710754,-0.04599079489707947,0.9999381899833679,0.3849824368953705,0.3162361681461334,-0.04178771376609802,0.9999357461929321,0.44333744049072266,0.3827780485153198,-0.03465346246957779,0.985082745552063,0.3780454397201538,0.3918095529079437,-0.024599093943834305,0.983430802822113,0.43883854150772095,0.4449956715106964,-0.09616650640964508,0.9802439212799072,0.3819975256919861,0.45152872800827026,-0.07714779675006866,0.9703771471977234,0.4378431439399719,0.4667784869670868,-0.11506438255310059,0.9591575860977173,0.3828651010990143,0.4719769060611725,-0.09409242123365402,0.9426109194755554,0.43358153104782104,0.4644685387611389,-0.13145455718040466,0.960848331451416,0.3870695233345032,0.46983611583709717,-0.10951204597949982,0.944174587726593,0.43252643942832947,0.4589988589286804,-0.10362912714481354,0.9491816759109497,0.3881831765174866,0.4639827013015747,-0.0839129164814949,0.932708203792572,0.42660078406333923,0.44993770122528076,-0.0005574595998041332,0.9996473789215088,0.3979606628417969,0.4503805339336395,0.00056203652638942,0.9997461438179016,0.42304834723472595,0.549765408039093,-0.00260969833470881,0.980193018913269,0.39885008335113525,0.5497044920921326,-0.004131658934056759,0.980553388595581,0.41969195008277893,0.6512371301651001,0.06125760078430176,0.9802100658416748,0.4014877378940582,0.6511122584342957,0.0638846829533577,0.9814229607582092,0.4177655279636383,0.6642515063285828,0.06315813958644867,0.9133685231208801,0.40412038564682007,0.6645451784133911,0.06591875851154327,0.8726956844329834,0.4278910756111145,0.6828489899635315,-0.00141032540705055,0.9790366888046265,0.3943173587322235,0.6841039657592773,-0.0013338068965822458,0.9771032333374023
22,walk,0.4060226082801819,0.2621103823184967,-0.15502133965492249,0.9999341368675232,0.40862584114074707,0.25387153029441833,-0.14688637852668762,0.9997485876083374,0.4108242392539978,0.2536974251270294,-0.14688894152641296,0.9997796416282654,0.4123675227165222,0.25377336144447327,-0.14687654376029968,0.9997321963310242,0.40247607231140137,0.2551344931125641,-0.14617672562599182,0.9997667074203491,0.4006307125091553,0.25608837604522705,-0.14618512988090515,0.9997677803039551,0.398685485124588,0.2572923004627228,-0.14619335532188416,0.9997267127037048,0.41595005989074707,0.2596968412399292,-0.0897957906126976,0.9995309114456177,0.39697736501693726,0.26305660605430603,-0.08792772144079208,0.9994404315948486,0.41112232208251953,0.27234622836112976,-0.1326848864555359,0.9997583627700806,0.40278100967407227,0.27346131205558777,-0.13200649619102478,0.999734103679657,0.435307115316391,0.314260870218277,-0.05066879466176033,0.9999396800994873,0.38498324155807495,0.3162616193294525,-0.046717703342437744,0.9999394416809082,0.44329962134361267,0.38285955786705017,-0.03774408623576164,0.984953761100769,0.3780272305011749,0.39182350039482117,-0.028334522619843483,0.9837644100189209,0.4389437139034271,0.4447527229785919,-0.09924975782632828,0.9801311492919922,0.38148507475852966,0.4516698122024536,-0.08026666939258575,0.9709579348564148,0.43801894783973694,0.46674591302871704,-0.11781636625528336,0.9589560627937317,0.38222867250442505,0.4720163941383362,-0.09694312512874603,0.9435713291168213,0.43407100439071655,0.46444690227508545,-0.13461005687713623,0.9606866836547852,0.3864259123802185,0.4699925184249878,-0.11253628879785538,0.9451209902763367,0.4330403208732605,0.45892947912216187,-0.10686544328927994,0.9489161372184753,0.38754576444625854,0.46408194303512573,-0.08707685023546219,0.9336841702461243,0.42659634351730347,0.4498000144958496,-0.0005069358740001917,0.999650776386261,0.39796310663223267,0.4504215121269226,0.0005082691786810756,0.9997518062591553,0.4230383336544037,0.549619734287262,-0.002112774644047022,0.9807812571525574,0.3989325761795044,0.5494669079780579,-0.004062290769070387,0.98171067237854,0.41968852281570435,0.6512604355812073,0.061141520738601685,0.9810906052589417,0.40146389603614807,0.6511102914810181,0.063621386885643,0.9825069904327393,0.41775450110435486,0.6643526554107666,0.06293325871229172,0.9157895445823669,0.40410780906677246,0.6646156907081604,0.06558609753847122,0.8747215270996094,0.4278852939605713,0.6827207207679749,-0.0022973637096583843,0.9798246622085571,0.3943100571632385,0.6839748620986938,-0.0018139270832762122,0.978102445602417
23,walk,0.40601807832717896,0.26208603382110596,-0.15486393868923187,0.9999402761459351,0.40862417221069336,0.2538735270500183,-0.14682331681251526,0.9997718930244446,0.410822331905365,0.2537067234516144,-0.14682546257972717,0.9997996687889099,0.4123685956001282,0.2537787854671478,-0.14681287109851837,0.9997568130493164,0.4024747908115387,0.2551351487636566,-0.14609630405902863,0.9997883439064026,0.4006289839744568,0.25608062744140625,-0.1461046040058136,0.9997891187667847,0.3986804187297821,0.25728705525398254,-0.14611244201660156,0.9997522234916687,0.4159480631351471,0.2597358226776123,-0.08961646258831024,0.9995726346969604,0.396986722946167,0.2630451023578644,-0.08764079958200455,0.9994924664497375,0.4111204147338867,0.2723802328109741,-0.13261394202709198,0.9997813701629639,0.40277785062789917,0.2734549641609192,-0.13191714882850647,0.9997597336769104,0.4352854788303375,0.31426361203193665,-0.05059567093849182,0.9999417662620544,0.384996235370636,0.3162630498409271,-0.0466165617108345,0.9999428987503052,0.44325685501098633,0.38269755244255066,-0.037628818303346634,0.9848700761795044,0.3780157268047333,0.3918078541755676,-0.027852872386574745,0.9839896559715271,0.43947553634643555,0.44457191228866577,-0.09904111176729202,0.9799837470054626,0.3808637261390686,0.45195698738098145,-0.07876161485910416,0.9712998867034912,0.43877825140953064,0.4666767120361328,-0.11766612529754639,0.9586703181266785,0.3814762234687805,0.4722415506839752,-0.09515739977359772,0.944054365158081,0.43509069085121155,0.46442145109176636,-0.13452571630477905,0.9604591131210327,0.3856460452079773,0.4704233705997467,-0.11092902719974518,0.9456222653388977,0.4340847134590149,0.4588480293750763,-0.10665349662303925,0.9486042857170105,0.38680300116539,0.464357852935791,-0.08565317094326019,0.9342079162597656,0.4265872538089752,0.44965413212776184,-0.0005297701572999358,0.9996569752693176,0.3979436755180359,0.4504458010196686,0.000529862882103771,0.9997578263282776,0.4230237603187561,0.5496453046798706,-0.002891171257942915,0.9814286231994629,0.3990020155906677,0.5494998693466187,-0.00413461122661829,0.9827671647071838,0.4196951985359192,0.6513274908065796,0.06017022579908371,0.9819543361663818,0.40145522356033325,0.6512159705162048,0.06359747052192688,0.9835013747215271,0.4177459180355072,0.6644236445426941,0.06200278922915459,0.9178503751754761,0.4041110575199127,0.664715051651001,0.06560397148132324,0.8766511082649231,0.4278791546821594,0.6827055811882019,-0.004168099723756313,0.9805869460105896,0.39430439472198486,0.6840924024581909,-0.0021361932158470154,0.9790329337120056
24,walk,0.40602022409439087,0.2620677649974823,-0.15650486946105957,0.999945878982544,0.40863150358200073,0.2538753151893616,-0.14856529235839844,0.999793291091919,0.4108336865901947,0.25371411442756653,-0.14856626093387604,0.9998181462287903,0.412381112575531,0.253787100315094,-0.14855404198169708,0.999779462814331,0.4024876058101654,0.25513893365859985,-0.14780282974243164,0.9998081922531128,0.40064287185668945,0.25607940554618835,-0.14781074225902557,0.9998087286949158,0.39868664741516113,0.2572903633117676,-0.14781612157821655,0.9997755289077759,0.4159563481807709,0.25974562764167786,-0.09111794829368591,0.999611496925354,0.397007018327713,0.2630206048488617,-0.08884847909212112,0.9995402097702026,0.4111233353614807,0.27238729596138,-0.134278804063797,0.9998024106025696,0.4027808606624603,0.27344030141830444,-0.13355939090251923,0.9997830390930176,0.43528223037719727,0.3142804503440857,-0.05143522098660469,0.9999443292617798,0.3850255012512207,0.316238671541214,-0.04669519141316414,0.9999462366104126,0.4432474970817566,0.3826919496059418,-0.0378088653087616,0.9850842356681824,0.37792423367500305,0.3917824923992157,-0.027763772755861282,0.9843189716339111,0.440188467502594,0.4445750415325165,-0.09924452006816864,0.9802392721176147,0.3803315758705139,0.4522511065006256,-0.07876865565776825,0.9717453122138977,0.4397529661655426,0.466685950756073,-0.11780880391597748,0.959058940410614,0.3807760775089264,0.47250667214393616,-0.09516217559576035,0.9446468353271484,0.43621158599853516,0.4644334614276886,-0.13489530980587006,0.960885763168335,0.38490647077560425,0.4708072245121002,-0.11095190048217773,0.9462374448776245,0.435244083404541,0.4588521420955658,-0.10700535774230957,0.9491480588912964,0.3860757350921631,0.4646499752998352,-0.08570440858602524,0.9348857402801514,0.42657285928726196,0.4495503604412079,-0.0005436218343675137,0.9996647238731384,0.3979187607765198,0.45046505331993103,0.0005436228821054101,0.9997642040252686,0.4228611886501312,0.5496616959571838,-0.0036453083157539368,0.982089102268219,0.3990227282047272,0.5495771765708923,-0.004350427538156509,0.9837636947631836,0.41969943046569824,0.6513566970825195,0.06026912480592728,0.9827750325202942,0.40145260095596313,0.6512809991836548,0.06348210573196411,0.9844144582748413,0.4177420735359192,0.6644717454910278,0.06220304220914841,0.919772207736969,0.4041043817996979,0.6647736430168152,0.06551115214824677,0.8781859874725342,0.42784157395362854,0.6827801465988159,-0.004417071584612131,0.9813286662101746,0.3943057954311371,0.6841987371444702,-0.0026767714880406857,0.9799064993858337
25,walk,0.40607595443725586,0.26205387711524963,-0.15781345963478088,0.9999509453773499,0.4086883068084717,0.25387656688690186,-0.14985033869743347,0.9998127222061157,0.41088563203811646,0.2537173628807068,-0.14985062181949615,0.9998349547386169,0.4124189019203186,0.253793329000473,-0.1498386561870575,0.9998000264167786,0.4025452136993408,0.2551369369029999,-0.14922693371772766,0.999826192855835,0.40069809556007385,0.25607830286026,-0.1492336094379425,0.9998265504837036,0.3987305760383606,0.257296085357666,-0.14923708140850067,0.9997966885566711,0.41597801446914673,0.25974762439727783,-0.09201604872941971,0.9996468424797058,0.39703065156936646,0.2630161643028259,-0.0903589129447937,0.9995835423469543,0.411158949136734,0.2723977565765381,-0.13548454642295837,0.9998213648796082,0.40282779932022095,0.27343326807022095,-0.1349641978740692,0.9998040795326233,0.43527865409851074,0.31435924768447876,-0.051492370665073395,0.9999467134475708,0.3850376605987549,0.31623125076293945,-0.047628577798604965,0.9999493956565857,0.4432210326194763,0.3826916515827179,-0.03758680075407028,0.9852505326271057,0.37783604860305786,0.3917408883571625,-0.028289828449487686,0.9846903681755066,0.4409995675086975,0.4445763826370239,-0.09876368939876556,0.9804460406303406,0.37993404269218445,0.4523768424987793,-0.07888508588075638,0.972323477268219,0.44094324111938477,0.4666975736618042,-0.11688311398029327,0.9593372344970703,0.38025912642478943,0.4726898968219757,-0.09519903361797333,0.9454696178436279,0.43749523162841797,0.4644738435745239,-0.1343068778514862,0.9612131714820862,0.3843846917152405,0.47109493613243103,-0.11105085909366608,0.9470800757408142,0.4364704191684723,0.45888516306877136,-0.10670602321624756,0.9496108889579773,0.3855660557746887,0.4648575186729431,-0.08586284518241882,0.9358402490615845,0.4265212416648865,0.44923463463783264,-0.0004426809900905937,0.9996721744537354,0.39782875776290894,0.4502919912338257,0.00044051543227396905,0.9997702836990356,0.42280563712120056,0.5496727824211121,-0.004090090282261372,0.9826123118400574,0.39905285835266113,0.5496017932891846,-0.005115153267979622,0.9846272468566895,0.41969695687294006,0.6513952016830444,0.05860330909490585,0.9834592342376709,0.40144699811935425,0.6513254046440125,0.060996610671281815,0.9851848483085632,0.41770559549331665,0.6645084619522095,0.060367949306964874,0.92128586769104,0.4040986895561218,0.664821207523346,0.06282221525907516,0.8790161609649658,0.42780399322509766,0.6828338503837585,-0.006749673746526241,0.9819265604019165,0.394302636384964,0.6842448115348816,-0.005784030072391033,0.9806170463562012
26,walk,0.4060952663421631,0.262021005153656,-0.1609000265598297,0.9999555349349976,0.40871548652648926,0.2538555860519409,-0.15296496450901031,0.9998302459716797,0.41091084480285645,0.25369560718536377,-0.1529640555381775,0.9998501539230347,0.4124384820461273,0.2537708282470703,-0.1529519110918045,0.9998186230659485,0.4025820791721344,0.2551167905330658,-0.15230804681777954,0.9998424649238586,0.40073680877685547,0.2560548782348633,-0.15231505036354065,0.999842643737793,0.39876317977905273,0.2572759985923767,-0.15231916308403015,0.9998157620429993,0.41599592566490173,0.2597317695617676,-0.09505860507488251,0.9996788501739502,0.39706212282180786,0.2630004584789276,-0.09324745833873749,0.9996225833892822,0.41116800904273987,0.2723783850669861,-0.13857755064964294,0.9998384714126587,0.4028480052947998,0.2734106779098511,-0.13803189992904663,0.9998230338096619,0.43527817726135254,0.31449106335639954,-0.05325331538915634,0.9999487400054932,0.3850702941417694,0.31622767448425293,-0.050222694873809814,0.9999521970748901,0.44322362542152405,0.3828931450843811,-0.03705092519521713,0.985443115234375,0.3777800500392914,0.3916873037815094,-0.030009333044290543,0.9850091934204102,0.4415368437767029,0.44492530822753906,-0.09455551207065582,0.9805517792701721,0.37967056035995483,0.45263412594795227,-0.0795193612575531,0.9727116227149963,0.44179248809814453,0.4668343961238861,-0.11172713339328766,0.9593623280525208,0.37987133860588074,0.4729410409927368,-0.09553225338459015,0.9459332823753357,0.43830472230911255,0.4647074341773987,-0.1296202540397644,0.961308479309082,0.3839660882949829,0.4713701605796814,-0.11158356815576553,0.9475778341293335,0.4372028410434723,0.4591326415538788,-0.10262088477611542,0.9498029947280884,0.3851777911186218,0.4650832414627075,-0.08658746629953384,0.9364206790924072,0.42648863792419434,0.4491176903247833,-0.0003401256399229169,0.999678909778595,0.3977215886116028,0.4502618908882141,0.0003341158735565841,0.9997757077217102,0.42276984453201294,0.5496695041656494,-0.004588705487549305,0.9831719994544983,0.39912477135658264,0.5496197938919067,-0.0054736053571105,0.9854633808135986,0.4196935296058655,0.6514257788658142,0.05776883289217949,0.9841954112052917,0.40144696831703186,0.651352047920227,0.06035727262496948,0.9859380125999451,0.4176870882511139,0.664543867111206,0.059491850435733795,0.92307448387146,0.4040931165218353,0.6647951006889343,0.06217040866613388,0.8801325559616089,0.4277736246585846,0.6828727722167969,-0.008081899955868721,0.9826014637947083,0.39434778690338135,0.6842789053916931,-0.006603841669857502,0.9813594818115234
27,walk,0.4061196446418762,0.2619960904121399,-0.16101250052452087,0.9999597072601318,0.4087563157081604,0.25383681058883667,-0.15308138728141785,0.9998461008071899,0.4109504222869873,0.25367823243141174,-0.153080552816391,0.9998639225959778,0.4124712347984314,0.2537543475627899,-0.15306851267814636,0.9998354315757751,0.4026153087615967,0.25509732961654663,-0.1523900330066681,0.9998571872711182,0.40076565742492676,0.2560320198535919,-0.15239682793617249,0.9998571872711182,0.39878419041633606,0.25725406408309937,-0.1524006873369217,0.9998329877853394,0.4160228669643402,0.2597140073776245,-0.0952545553445816,0.999707818031311,0.39708542823791504,0.2629799544811249,-0.09328167885541916,0.999657928943634,0.41118302941322327,0.27236491441726685,-0.1387263983488083,0.9998539090156555,0.402863085269928,0.2733946144580841,-0.13813453912734985,0.9998401403427124,0.43527737259864807,0.314576119184494,-0.053326565772295,0.9999508261680603,0.38508498668670654,0.3162180483341217,-0.050150562077760696,0.999954879283905,0.44324642419815063,0.38312041759490967,-0.03602921962738037,0.9857167601585388,0.37775588035583496,0.3916684091091156,-0.02989869937300682,0.9853402376174927,0.4418710172176361,0.445133239030838,-0.09296874701976776,0.9808353781700134,0.3795500695705414,0.45280247926712036,-0.07969669997692108,0.9732800722122192,0.44226616621017456,0.4670385718345642,-0.11025595664978027,0.9597596526145935,0.37969475984573364,0.4731042981147766,-0.09567759931087494,0.9467777013778687,0.43877172470092773,0.46506187319755554,-0.12812098860740662,0.9617394208908081,0.38379016518592834,0.47152116894721985,-0.11180563271045685,0.948430061340332,0.437624454498291,0.45946571230888367,-0.10102220624685287,0.9504051804542542,0.3850197494029999,0.46522432565689087,-0.08678780496120453,0.9374054074287415,0.4264599680900574,0.4491126537322998,-0.00030991010135039687,0.9996855854988098,0.397641658782959,0.45025917887687683,0.00030239432817324996,0.9997806549072266,0.42262881994247437,0.5497666597366333,-0.004750323481857777,0.9836830496788025,0.3991401791572571,0.5496942400932312,-0.005587446969002485,0.9862109422683716,0.41969218850135803,0.6514453291893005,0.05814386531710625,0.9848263263702393,0.40144839882850647,0.6513811945915222,0.06070231273770332,0.9865925312042236,0.41768398880958557,0.6645588874816895,0.05993004888296127,0.9244579076766968,0.40408939123153687,0.6648202538490295,0.06258727610111237,0.8810411095619202,0.4277603030204773,0.6829199194908142,-0.007543346378952265,0.9831522703170776,0.3943459689617157,0.6843208074569702,-0.0060972245410084724,0.981991171836853
28,walk,0.40613070130348206,0.2620069980621338,-0.16472366452217102,0.9999634623527527,0.4087788164615631,0.2538329064846039,-0.15682072937488556,0.9998605251312256,0.410975843667984,0.253675639629364,-0.1568179726600647,0.9998764395713806,0.4124945104122162,0.253753125667572,-0.1568051129579544,0.9998506903648376,0.402635395526886,0.25508907437324524,-0.15617504715919495,0.9998705387115479,0.4007851183414459,0.25602012872695923,-0.15618346631526947,0.9998704791069031,0.39879927039146423,0.2572413682937622,-0.1561870276927948,0.9998486638069153,0.4160388112068176,0.2597096264362335,-0.09862350672483444,0.9997342824935913,0.3971058428287506,0.2629632353782654,-0.09689792990684509,0.9996901154518127,0.4111867845058441,0.27237212657928467,-0.1422572284936905,0.9998679161071777,0.40287142992019653,0.27339255809783936,-0.1417379379272461,0.999855637550354,0.43527597188949585,0.31462129950523376,-0.0555565282702446,0.9999527931213379,0.3850902020931244,0.31621062755584717,-0.05246535688638687,0.9999575018882751,0.4433019757270813,0.38310864567756653,-0.036522217094898224,0.986060619354248,0.37772247195243835,0.3916361927986145,-0.03133413940668106,0.9856848120689392,0.4421378970146179,0.44515591859817505,-0.09306751191616058,0.9812030792236328,0.37944144010543823,0.452860563993454,-0.08133535087108612,0.9740005135536194,0.4426564574241638,0.46711239218711853,-0.11091358959674835,0.960314929485321,0.3795272707939148,0.4731612801551819,-0.09728376567363739,0.947929322719574,0.4391053318977356,0.465239554643631,-0.12836605310440063,0.962311327457428,0.3836511969566345,0.47159066796302795,-0.11361151933670044,0.9495751261711121,0.4378865361213684,0.45961400866508484,-0.10125269740819931,0.9511694312095642,0.3849179148674011,0.4652923047542572,-0.08844451606273651,0.9387083649635315,0.4264319837093353,0.44900164008140564,-0.00031366670737043023,0.9996910095214844,0.3975663185119629,0.45019301772117615,0.0003066052158828825,0.999785304069519,0.4224824905395508,0.5497691035270691,-0.004592818208038807,0.984178364276886,0.39914578199386597,0.5497040152549744,-0.005459112580865622,0.9868985414505005,0.41969436407089233,0.6514698266983032,0.05825205519795418,0.9854380488395691,0.40144577622413635,0.651405930519104,0.06097408011555672,0.9872190952301025,0.4176770746707916,0.6645885705947876,0.05997581407427788,0.925915002822876,0.4040857255458832,0.6648403406143188,0.0628291442990303,0.8824952840805054,0.4277322292327881,0.682931125164032,-0.007540691643953323,0.9837071299552917,0.3943473696708679,0.6843258142471313,-0.005827585235238075,0.9826182126998901
29,walk,0.4061306416988373,0.2620173394680023,-0.16337145864963531,0.9999668002128601,0.4087951183319092,0.2538248598575592,-0.1554301381111145,0.9998733401298523,0.41099604964256287,0.25366729497909546,-0.15542864799499512,0.9998875260353088,0.41251835227012634,0.2537456154823303,-0.15541574358940125,0.9998642802238464,0.4026421010494232,0.25507888197898865,-0.15473881363868713,0.9998824000358582,0.40079084038734436,0.2560064196586609,-0.15474674105644226,0.9998822212219238,0.3988047242164612,0.2572264075279236,-0.15475104749202728,0.9998626112937927,0.4160621166229248,0.25970086455345154,-0.09737937897443771,0.9997576475143433,0.397125780582428,0.262951523065567,-0.0954120084643364,0.9997186064720154,0.4111863672733307,0.2723758816719055,-0.14098718762397766,0.9998803734779358,0.4028717577457428,0.2733902335166931,-0.14040057361125946,0.9998694658279419,0.43527501821517944,0.3146684467792511,-0.055113065987825394,0.9999542236328125,0.3850913643836975,0.3161771297454834,-0.05154482647776604,0.9999595880508423,0.4433715343475342,0.38313183188438416,-0.0368744395673275,0.9863177537918091,0.37768685817718506,0.39156991243362427,-0.030840540304780006,0.985892653465271,0.44227442145347595,0.44529083371162415,-0.09427838772535324,0.9814846515655518,0.37939050793647766,0.4528489112854004,-0.08114892989397049,0.9745135307312012,0.4427909851074219,0.4672818183898926,-0.11184839904308319,0.9607570767402649,0.37948504090309143,0.47317004203796387,-0.09720887988805771,0.9487713575363159,0.43922194838523865,0.46549123525619507,-0.1295241266489029,0.962766170501709,0.383609414100647,0.4715936779975891,-0.11353813111782074,0.9504231810569763,0.4379870295524597,0.4598156809806824,-0.10244888067245483,0.9517689943313599,0.38488641381263733,0.46529948711395264,-0.08827098459005356,0.9396687150001526,0.42637768387794495,0.44894057512283325,-0.00034412735840305686,0.9996945858001709,0.39745718240737915,0.4501098692417145,0.0003361439157743007,0.999788761138916,0.4223431646823883,0.5497297644615173,-0.004582372959703207,0.9844911694526672,0.39914172887802124,0.5496886372566223,-0.005416367668658495,0.9874624013900757,0.41968315839767456,0.6514403820037842,0.057499807327985764,0.9858897924423218,0.401444673538208,0.651421844959259,0.06039177626371384,0.9877331256866455,0.4176706373691559,0.6645908951759338,0.05909096077084541,0.9268723130226135,0.40409404039382935,0.6648569107055664,0.06212583929300308,0.8835501670837402,0.4277128279209137,0.6829414963722229,-0.008311168290674686,0.9841117262840271,0.3943479359149933,0.6843389868736267,-0.006391698960214853,0.9831058382987976
30,walk,0.4061264097690582,0.26203539967536926,-0.16726228594779968,0.9999698400497437,0.40880051255226135,0.25383180379867554,-0.15952439606189728,0.9998849034309387,0.4110051989555359,0.25367510318756104,-0.159522145986557,0.9998975396156311,0.4125341773033142,0.2537573575973511,-0.15951016545295715,0.9998764991760254,0.4026426672935486,0.25508958101272583,-0.15880326926708221,0.9998931288719177,0.4007909893989563,0.25601726770401,-0.15881407260894775,0.9998928904533386,0.39880499243736267,0.25723356008529663,-0.15882083773612976,0.9998752474784851,0.41606664657592773,0.2597058117389679,-0.1013839840888977,0.9997787475585938,0.39714035391807556,0.2629474103450775,-0.0993107333779335,0.9997444152832031,0.4111848473548889,0.27237844467163086,-0.14473597705364227,0.9998915791511536,0.40286850929260254,0.273393839597702,-0.14412496984004974,0.9998819231987,0.4352741837501526,0.3147338628768921,-0.05752051994204521,0.9999552369117737,0.38509035110473633,0.3161732852458954,-0.05427088215947151,0.9999614953994751,0.4434114396572113,0.383129745721817,-0.03733309730887413,0.9864906668663025,0.37766820192337036,0.3915584981441498,-0.032546691596508026,0.9861348271369934,0.4424048066139221,0.44536009430885315,-0.0944775640964508,0.981555700302124,0.3793696463108063,0.4528873860836029,-0.08227618038654327,0.9749454259872437,0.4429677426815033,0.46736618876457214,-0.1120598316192627,0.960755467414856,0.37949150800704956,0.4732198119163513,-0.09813599288463593,0.9494068622589111,0.43939709663391113,0.46567294001579285,-0.12980803847312927,0.9628137946128845,0.3836081326007843,0.4716278910636902,-0.11453884840011597,0.9510732889175415,0.4381435513496399,0.45998415350914,-0.10260279476642609,0.9518816471099854,0.3848859369754791,0.4653356671333313,-0.0893816202878952,0.940388023853302,0.4263734817504883,0.4487434923648834,-0.0003507591027300805,0.9996949434280396,0.39739733934402466,0.4499293863773346,0.0003418074338696897,0.9997902512550354,0.4223356246948242,0.549791693687439,-0.004777171183377504,0.9847354292869568,0.39914366602897644,0.5496979355812073,-0.005420922767370939,0.9879394173622131,0.4196816086769104,0.6514468193054199,0.055583275854587555,0.9862814545631409,0.4014546871185303,0.6514368653297424,0.05832022428512573,0.9881433248519897,0.41766542196273804,0.6646027565002441,0.05698530003428459,0.9274802803993225,0.4041058123111725,0.6648667454719543,0.05984058976173401,0.8836217522621155,0.42770862579345703,0.6829649806022644,-0.010974409058690071,0.9844427704811096,0.39434900879859924,0.6843552589416504,-0.009146888740360737,0.9834559559822083
31,walk,0.40612736344337463,0.26203787326812744,-0.16640253365039825,0.9999725818634033,0.40882420539855957,0.25383496284484863,-0.15854743123054504,0.9998953342437744,0.41103166341781616,0.25368091464042664,-0.15854564309120178,0.9999066591262817,0.4125625193119049,0.2537703514099121,-0.15853312611579895,0.9998875856399536,0.4026528000831604,0.2550871670246124,-0.1578744798898697,0.9999029040336609,0.40079957246780396,0.2560124397277832,-0.1578841209411621,0.9999025464057922,0.3988126218318939,0.25722625851631165,-0.15789034962654114,0.999886691570282,0.4160822331905365,0.2597193419933319,-0.10037384182214737,0.9997978806495667,0.3971554934978485,0.2629378139972687,-0.09849660843610764,0.9997678399085999,0.41118502616882324,0.27237799763679504,-0.14391356706619263,0.9999017715454102,0.4028684198856354,0.2733898162841797,-0.14335870742797852,0.9998931288719177,0.4352712631225586,0.314816951751709,-0.056971292942762375,0.9999560713768005,0.3850785195827484,0.31624796986579895,-0.053936608135700226,0.9999632835388184,0.44347891211509705,0.3831368684768677,-0.03730868548154831,0.9866070747375488,0.3776460289955139,0.3917776346206665,-0.032262712717056274,0.9863808155059814,0.4424716830253601,0.445447713136673,-0.09460943937301636,0.9815382957458496,0.3793709874153137,0.4530070424079895,-0.0821286141872406,0.9754205942153931,0.4430321753025055,0.4674495756626129,-0.11222158372402191,0.9606310129165649,0.3795011639595032,0.4732924699783325,-0.09806238114833832,0.9501779079437256,0.43949094414711,0.4658035337924957,-0.1299835741519928,0.9627334475517273,0.38361966609954834,0.4716712534427643,-0.1144387498497963,0.9518418312072754,0.43822717666625977,0.46010318398475647,-0.10270784050226212,0.9518408179283142,0.3848901689052582,0.46537622809410095,-0.08922303467988968,0.9412250518798828,0.42636919021606445,0.44874149560928345,-0.00035442179068922997,0.9996960163116455,0.3973710536956787,0.44992583990097046,0.0003452605160418898,0.9997920989990234,0.4223208427429199,0.5498430728912354,-0.005100637674331665,0.9850010871887207,0.39913997054100037,0.549759566783905,-0.0056698862463235855,0.9884127974510193,0.41968196630477905,0.6514533758163452,0.05480506271123886,0.9866437911987305,0.40144142508506775,0.6514341235160828,0.05725862830877304,0.9885411858558655,0.4176601767539978,0.6646138429641724,0.05618796497583389,0.9281142354011536,0.40409255027770996,0.6648778915405273,0.05874155834317207,0.8839278221130371,0.42770594358444214,0.6830026507377625,-0.011768467724323273,0.9847431778907776,0.39433759450912476,0.6843522787094116,-0.010291701182723045,0.9838000535964966
32,walk,0.4061807692050934,0.2620638608932495,-0.16592101752758026,0.9999750256538391,0.40889105200767517,0.25387248396873474,-0.15798704326152802,0.9999047517776489,0.41108837723731995,0.25373220443725586,-0.15798567235469818,0.9999148845672607,0.412606418132782,0.25384432077407837,-0.15797285735607147,0.9998975992202759,0.40271204710006714,0.25510266423225403,-0.15738621354103088,0.9999116659164429,0.400857150554657,0.2560299038887024,-0.1573953628540039,0.9999112486839294,0.3988715708255768,0.2572363317012787,-0.15740114450454712,0.9998970031738281,0.4161006510257721,0.2597861886024475,-0.09959185868501663,0.9998151659965515,0.39718228578567505,0.2629409730434418,-0.09801020473241806,0.9997889399528503,0.4112114906311035,0.2723992168903351,-0.1433546394109726,0.9999108910560608,0.4029049277305603,0.2733980715274811,-0.14289352297782898,0.9999032616615295,0.43526095151901245,0.3148895800113678,-0.05653655529022217,0.9999567270278931,0.3850610852241516,0.31640392541885376,-0.053476471453905106,0.999964714050293,0.44351011514663696,0.38308706879615784,-0.03771989047527313,0.9866271615028381,0.37763091921806335,0.3920229971408844,-0.03199251741170883,0.9865165948867798,0.44246792793273926,0.4454534351825714,-0.09766048192977905,0.9814472794532776,0.37941956520080566,0.4529685080051422,-0.08229959011077881,0.9756838083267212,0.4429742693901062,0.46747881174087524,-0.11555355787277222,0.9604095220565796,0.37956616282463074,0.4732494354248047,-0.09834064543247223,0.9506238102912903,0.4394259452819824,0.46582987904548645,-0.13341796398162842,0.9625570774078369,0.3837134838104248,0.47158750891685486,-0.11476568877696991,0.9523007273674011,0.4381754398345947,0.4601084887981415,-0.1057974100112915,0.95162034034729,0.38502639532089233,0.465320885181427,-0.08940444886684418,0.9416740536689758,0.4263991713523865,0.4487377107143402,-0.0003582456265576184,0.9996961951255798,0.3973832428455353,0.44992727041244507,0.0003490611561574042,0.9997932314872742,0.42231735587120056,0.5498473644256592,-0.005971687845885754,0.9851946830749512,0.39914724230766296,0.5497661232948303,-0.006178417708724737,0.9888234734535217,0.4196810722351074,0.6514581441879272,0.05200856924057007,0.9869696497917175,0.4014395773410797,0.6514391303062439,0.055105507373809814,0.9889240860939026,0.417655885219574,0.6646618247032166,0.05316580459475517,0.9290064573287964,0.4040911793708801,0.6649292707443237,0.05637911707162857,0.8846753239631653,0.4276728630065918,0.6830112934112549,-0.014988166280090809,0.9850332140922546,0.3943329155445099,0.6843558549880981,-0.012842075899243355,0.9841375350952148
33,walk,0.4061829149723053,0.2620486319065094,-0.16151276230812073,0.9999772310256958,0.4089065194129944,0.25386929512023926,-0.15335308015346527,0.9999130964279175,0.4111022353172302,0.25372937321662903,-0.15335328876972198,0.9999220967292786,0.41262131929397583,0.2538420259952545,-0.15333887934684753,0.9999064207077026,0.4027235507965088,0.25509652495384216,-0.15270951390266418,0.9999194145202637,0.40086761116981506,0.25602009892463684,-0.15271741151809692,0.9999189376831055,0.398882657289505,0.25722867250442505,-0.1527225524187088,0.9999061226844788,0.41610464453697205,0.2597830593585968,-0.09495407342910767,0.9998303055763245,0.3972034752368927,0.26293671131134033,-0.0931319147348404,0.9998075366020203,0.41121330857276917,0.2723941504955292,-0.13907009363174438,0.999919056892395,0.40290555357933044,0.27338945865631104,-0.1385354846715927,0.9999122619628906,0.4352543354034424,0.31493088603019714,-0.053396813571453094,0.9999571442604065,0.385059654712677,0.31660959124565125,-0.04946869984269142,0.9999659061431885,0.443540096282959,0.38294732570648193,-0.037416018545627594,0.9866429567337036,0.3776167035102844,0.39220330119132996,-0.028248051181435585,0.9865838885307312,0.44246044754981995,0.4454634487628937,-0.09865702688694,0.9813773036003113,0.37954872846603394,0.45290514826774597,-0.0799046978354454,0.9759505987167358,0.44292277097702026,0.4675445258617401,-0.1170123815536499,0.9602833986282349,0.37985959649086,0.4732164144515991,-0.09634514898061752,0.9511439800262451,0.43936148285865784,0.46585673093795776,-0.13470736145973206,0.9624502658843994,0.38405805826187134,0.4714951813220978,-0.1127043142914772,0.9528217911720276,0.43811923265457153,0.4601248502731323,-0.10676266998052597,0.9514629244804382,0.3853648900985718,0.4652666449546814,-0.08702462911605835,0.9421850442886353,0.4264507293701172,0.4487593472003937,-0.00045413506450131536,0.9996969699859619,0.3974323570728302,0.449942409992218,0.00044616140075959265,0.9997952580451965,0.42231297492980957,0.5499591827392578,-0.006390808615833521,0.9853672981262207,0.39914730191230774,0.5498425364494324,-0.006222746800631285,0.9892057776451111,0.4196785092353821,0.6514917016029358,0.05238328501582146,0.9872404932975769,0.4014371335506439,0.6515814661979675,0.0556388683617115,0.9892979860305786,0.4176529049873352,0.6647869348526001,0.05367929860949516,0.9297134876251221,0.4040943682193756,0.6651538610458374,0.05699937790632248,0.8857390284538269,0.42763805389404297,0.6830313205718994,-0.014248697087168694,0.9852920174598694,0.3942176103591919,0.6844213008880615,-0.012086487375199795,0.9844862222671509
34,walk,0.40617913007736206,0.2620423138141632,-0.1558903306722641,0.9999791383743286,0.4089086651802063,0.2538657784461975,-0.14764824509620667,0.9999204874038696,0.4111059606075287,0.2537260949611664,-0.1476503610610962,0.9999284148216248,0.4126276969909668,0.2538389563560486,-0.14763705432415009,0.9999141693115234,0.4027262330055237,0.2550933361053467,-0.1469469517469406,0.9999262690544128,0.4008707106113434,0.2560168504714966,-0.1469516158103943,0.9999256730079651,0.39888623356819153,0.2572244107723236,-0.1469556987285614,0.9999141693115234,0.4161098003387451,0.2597803473472595,-0.08952422440052032,0.9998434782028198,0.3972201645374298,0.2629319429397583,-0.08747351914644241,0.9998239278793335,0.4112091064453125,0.27238723635673523,-0.13361994922161102,0.9999263286590576,0.4029042720794678,0.2733776867389679,-0.13301047682762146,0.9999203085899353,0.43524041771888733,0.31494587659835815,-0.04900193586945534,0.9999575018882751,0.3850584924221039,0.31664592027664185,-0.04529411345720291,0.9999668598175049,0.44354742765426636,0.3828330636024475,-0.03365509957075119,0.9865654110908508,0.37762707471847534,0.3921847343444824,-0.02527700737118721,0.9865463972091675,0.44244250655174255,0.44535648822784424,-0.0951758474111557,0.981190025806427,0.3796726167201996,0.45271605253219604,-0.07746054232120514,0.9759302139282227,0.4427488446235657,0.4675326943397522,-0.11362526565790176,0.9599195122718811,0.3801448941230774,0.47314783930778503,-0.09417293965816498,0.9511513710021973,0.43919211626052856,0.4657495319843292,-0.13103076815605164,0.9621104001998901,0.3844088912010193,0.47135084867477417,-0.11031663417816162,0.9528352618217468,0.43803539872169495,0.4599837064743042,-0.10316254943609238,0.9510037302970886,0.38569724559783936,0.4651360511779785,-0.08456213772296906,0.9421347975730896,0.4264475703239441,0.44880878925323486,-0.0004582111141644418,0.9996982216835022,0.39745405316352844,0.45007050037384033,0.0004507921985350549,0.9997969269752502,0.4222635328769684,0.549971878528595,-0.006440127734094858,0.9853717684745789,0.39914849400520325,0.5500962734222412,-0.006363466382026672,0.9894446134567261,0.41967806220054626,0.6515104174613953,0.05294759199023247,0.9873480796813965,0.40143775939941406,0.6516234278678894,0.05622406676411629,0.9895303845405579,0.4176504611968994,0.6648475527763367,0.054342497140169144,0.9298974871635437,0.4041050374507904,0.6652300953865051,0.05768781155347824,0.8858896493911743,0.4276339113712311,0.6830316781997681,-0.013378597795963287,0.9853692650794983,0.39419567584991455,0.6844285726547241,-0.011260866187512875,0.984641969203949
35,walk,0.406181663274765,0.2620321810245514,-0.15022346377372742,0.9999807476997375,0.40892156958580017,0.2538629174232483,-0.14203760027885437,0.9999265670776367,0.4111205041408539,0.2537231743335724,-0.14204151928424835,0.9999334812164307,0.41264262795448303,0.2538363039493561,-0.1420287787914276,0.9999205470085144,0.40273332595825195,0.255089670419693,-0.14124362170696259,0.9999319314956665,0.4008773863315582,0.25601035356521606,-0.14124621450901031,0.9999311566352844,0.398892343044281,0.2572178840637207,-0.14125248789787292,0.9999208450317383,0.4161275327205658,0.25977790355682373,-0.08496909588575363,0.9998536705970764,0.3972361385822296,0.26292890310287476,-0.0824630856513977,0.9998375177383423,0.41121140122413635,0.2723829746246338,-0.12838733196258545,0.9999325275421143,0.40290579199790955,0.27337023615837097,-0.12764541804790497,0.999927282333374,0.4352401793003082,0.3149462938308716,-0.04623942822217941,0.9999575614929199,0.3850626051425934,0.3166678547859192,-0.041907332837581635,0.9999673366546631,0.44355082511901855,0.3828272819519043,-0.02968025580048561,0.9863993525505066,0.3776732087135315,0.3920797109603882,-0.02311612293124199,0.9864871501922607,0.4422692656517029,0.4453639090061188,-0.08723312616348267,0.9810711145401001,0.3799439072608948,0.4526503384113312,-0.0750502273440361,0.9758710861206055,0.4419214725494385,0.46758902072906494,-0.10521725565195084,0.9597586989402771,0.38052695989608765,0.4731431007385254,-0.09184707701206207,0.9511570334434509,0.4383929669857025,0.46572643518447876,-0.1223876029253006,0.9619300365447998,0.3848598897457123,0.47131267189979553,-0.10776837170124054,0.95281583070755,0.4375093877315521,0.45992007851600647,-0.09496389329433441,0.9507220983505249,0.38613128662109375,0.46511176228523254,-0.08211615681648254,0.9420842528343201,0.4264732897281647,0.44929641485214233,-0.000462174357380718,0.9996982216835022,0.39753082394599915,0.45051226019859314,0.0004555041086860001,0.9997976422309875,0.4222836494445801,0.5501317977905273,-0.006150383967906237,0.9854914546012878,0.3991486430168152,0.5505061745643616,-0.006248523481190205,0.9897071123123169,0.4196758270263672,0.6515841484069824,0.05464943125844002,0.9874540567398071,0.40143805742263794,0.6516549587249756,0.058096300810575485,0.9897564649581909,0.4176483154296875,0.6649070978164673,0.056289780884981155,0.9301661252975464,0.4041064381599426,0.6652398705482483,0.0598599836230278,0.8862106204032898,0.4276415705680847,0.6830382347106934,-0.00989079661667347,0.9854222536087036,0.394194096326828,0.6844120025634766,-0.007628875318914652,0.9847958087921143
36,walk,0.40618959069252014,0.2620278000831604,-0.14744560420513153,0.9999821782112122,0.4089553952217102,0.253860205411911,-0.13926325738430023,0.9999319314956665,0.4111546576023102,0.2537204921245575,-0.13926778733730316,0.9999379515647888,0.4126712679862976,0.253834068775177,-0.13925428688526154,0.9999261498451233,0.4027470648288727,0.2550862431526184,-0.13843479752540588,0.9999368786811829,0.40088996291160583,0.25600290298461914,-0.1384376734495163,0.9999359250068665,0.39890289306640625,0.25720953941345215,-0.1384444534778595,0.9999266862869263,0.41616398096084595,0.25977620482444763,-0.08260569721460342,0.9998624920845032,0.3972492218017578,0.2629240155220032,-0.07992090284824371,0.9998493790626526,0.4112163186073303,0.2723800539970398,-0.12578393518924713,0.9999381303787231,0.40290889143943787,0.2733667492866516,-0.12499307096004486,0.9999336004257202,0.4352571368217468,0.31495144963264465,-0.044648271054029465,0.9999580383300781,0.38507649302482605,0.316687673330307,-0.040094368159770966,0.9999676942825317,0.443570077419281,0.3828730285167694,-0.027524426579475403,0.9864287972450256,0.3777344822883606,0.39197567105293274,-0.021771717816591263,0.9864817261695862,0.4419268071651459,0.44540268182754517,-0.0839657187461853,0.9812988638877869,0.38021641969680786,0.4526505768299103,-0.07387690991163254,0.9759255647659302,0.4409802556037903,0.4677709937095642,-0.10191458463668823,0.9602522253990173,0.38087233901023865,0.47316935658454895,-0.09084012359380722,0.9513787627220154,0.4373229146003723,0.46572554111480713,-0.1189485415816307,0.9623674750328064,0.38526707887649536,0.4713198244571686,-0.10660998523235321,0.9529961347579956,0.43659645318984985,0.45989787578582764,-0.09155233204364777,0.9512090682983398,0.38650161027908325,0.46513062715530396,-0.08089242875576019,0.9422562122344971,0.4264729619026184,0.45010173320770264,-0.0004251918871887028,0.999701201915741,0.39756205677986145,0.45111435651779175,0.0004188682360108942,0.9997988343238831,0.42228394746780396,0.5506139397621155,-0.0052277566865086555,0.9857552647590637,0.3991174101829529,0.5512110590934753,-0.006032636854797602,0.9900258779525757,0.4196445047855377,0.6515930891036987,0.06183267757296562,0.9876508116722107,0.40133920311927795,0.6516355276107788,0.06341256946325302,0.9900265336036682,0.417599618434906,0.664912223815918,0.0641917958855629,0.9307576417922974,0.404008686542511,0.6651235222816467,0.06582556664943695,0.8867319226264954,0.42763862013816833,0.6830438375473022,-0.0010016049491241574,0.9855641722679138,0.39419299364089966,0.684327244758606,-0.000918308855034411,0.9850502014160156
37,walk,0.40621405839920044,0.2620488703250885,-0.1378505527973175,0.9999833106994629,0.4090201258659363,0.25387826561927795,-0.12955217063426971,0.9999362826347351,0.41121357679367065,0.2537408173084259,-0.12956082820892334,0.9999414682388306,0.41272178292274475,0.2538648843765259,-0.12954922020435333,0.9999306797981262,0.4027750492095947,0.25509771704673767,-0.12864695489406586,0.9999408721923828,0.40091758966445923,0.2560115158557892,-0.1286492645740509,0.9999396204948425,0.398931086063385,0.25721457600593567,-0.12865842878818512,0.9999313950538635,0.4162196218967438,0.2597976624965668,-0.07332511991262436,0.999869167804718,0.39727312326431274,0.2629243731498718,-0.07022348046302795,0.9998588562011719,0.4112345278263092,0.27240753173828125,-0.11639871448278427,0.9999428391456604,0.40292176604270935,0.2733911871910095,-0.11548615992069244,0.99993896484375,0.4352739453315735,0.3149556815624237,-0.037845343351364136,0.9999581575393677,0.38511982560157776,0.31670305132865906,-0.03214001655578613,0.9999675154685974,0.44357818365097046,0.3829769492149353,-0.025951415300369263,0.9863529801368713,0.3779107928276062,0.3919658958911896,-0.015353044494986534,0.9863507747650146,0.44106563925743103,0.44562411308288574,-0.08571271598339081,0.9815611839294434,0.3804418444633484,0.4526732861995697,-0.06822045147418976,0.9760169982910156,0.4396577775478363,0.4679925739765167,-0.10429640859365463,0.9609091281890869,0.38109034299850464,0.4732120633125305,-0.08560307323932648,0.9517581462860107,0.4357173442840576,0.46574902534484863,-0.12112583965063095,0.9629487991333008,0.3854377567768097,0.4713263511657715,-0.10131903737783432,0.9533353447914124,0.43500787019729614,0.4599173963069916,-0.09328797459602356,0.9518530368804932,0.3866730332374573,0.4651504158973694,-0.07524822652339935,0.9426084756851196,0.42642420530319214,0.4506654441356659,-0.00042921421118080616,0.999703586101532,0.39754998683929443,0.45147082209587097,0.0004241525602992624,0.9998001456260681,0.422281414270401,0.5510989427566528,-0.005228261463344097,0.9857791066169739,0.39897361397743225,0.5517479181289673,-0.0060902126133441925,0.9902116060256958,0.41963991522789,0.6516227126121521,0.06197143346071243,0.987581729888916,0.4011954367160797,0.6516417264938354,0.06338606774806976,0.9901629090309143,0.41759052872657776,0.6649647355079651,0.06433659046888351,0.9306792616844177,0.4039532244205475,0.6651570796966553,0.06576775759458542,0.8865641951560974,0.4276364743709564,0.6830266118049622,-0.0004523186944425106,0.9854040741920471,0.3940461277961731,0.6843286156654358,-0.0009588756365701556,0.9850717186927795
38,walk,0.4062380790710449,0.2620428204536438,-0.13780523836612701,0.9999842047691345,0.4090690612792969,0.25386446714401245,-0.12956520915031433,0.9999398589134216,0.4112624526023865,0.25372305512428284,-0.1295752227306366,0.999944269657135,0.4127717614173889,0.2538420557975769,-0.12956373393535614,0.9999343156814575,0.4027942717075348,0.25509098172187805,-0.12857204675674438,0.9999440312385559,0.40094465017318726,0.25599637627601624,-0.12857583165168762,0.9999425411224365,0.39896494150161743,0.25720271468162537,-0.12858586013317108,0.9999352097511292,0.4163702428340912,0.25979650020599365,-0.07333183288574219,0.9998743534088135,0.39731425046920776,0.2629208266735077,-0.06975983828306198,0.9998666048049927,0.4112681448459625,0.2724057137966156,-0.11633606255054474,0.9999469518661499,0.40293437242507935,0.2733921706676483,-0.11528541147708893,0.9999436736106873,0.4353710114955902,0.31494805216789246,-0.03765608370304108,0.999957799911499,0.38533833622932434,0.31671538949012756,-0.03137562423944473,0.9999669790267944,0.4435880780220032,0.3831787109375,-0.025801563635468483,0.9861058592796326,0.3780210614204407,0.39196106791496277,-0.014476175419986248,0.986190676689148,0.4401853680610657,0.4461042582988739,-0.08596423268318176,0.9815104007720947,0.38067829608917236,0.4526768624782562,-0.06755898892879486,0.9758552312850952,0.43868011236190796,0.4681728780269623,-0.10483779013156891,0.9609896540641785,0.38131284713745117,0.4732156991958618,-0.08495544642210007,0.9516233801841736,0.43460971117019653,0.46578168869018555,-0.12151215970516205,0.962979793548584,0.38562601804733276,0.4713268578052521,-0.10062123835086823,0.9531798362731934,0.43385496735572815,0.4599766135215759,-0.09352254122495651,0.9518314599990845,0.3868449628353119,0.4651554226875305,-0.07458271086215973,0.9424155950546265,0.4263996481895447,0.4510097801685333,-0.00043090543476864696,0.9997039437294006,0.39754801988601685,0.45151206851005554,0.0004255748353898525,0.9997995495796204,0.4223098158836365,0.5517352819442749,-0.005365412682294846,0.9857756495475769,0.3989061415195465,0.5519492626190186,-0.006137871649116278,0.9903725981712341,0.419619083404541,0.6516656875610352,0.0631096288561821,0.9875194430351257,0.4009832441806793,0.6516715288162231,0.06416372954845428,0.9902695417404175,0.4175557494163513,0.6649838089942932,0.0656646341085434,0.9304673671722412,0.40383148193359375,0.6652124524116516,0.06667377799749374,0.886195957660675,0.4275535047054291,0.6829736232757568,0.0007089202990755439,0.9852464199066162,0.39399343729019165,0.6843242049217224,-0.00021920562721788883,0.9850776791572571
39,walk,0.4062386155128479,0.26195675134658813,-0.13859400153160095,0.9999851584434509,0.40908950567245483,0.2537945508956909,-0.13032440841197968,0.9999435544013977,0.41129356622695923,0.2536427676677704,-0.1303328573703766,0.9999473094940186,0.4128137230873108,0.25374338030815125,-0.13031940162181854,0.9999381899833679,0.40279674530029297,0.2550498843193054,-0.1292448341846466,0.9999473690986633,0.4009508192539215,0.2559284269809723,-0.12925077974796295,0.9999457001686096,0.398973286151886,0.2571343183517456,-0.12925957143306732,0.9999392032623291,0.4164942800998688,0.25973713397979736,-0.07378217577934265,0.9998801946640015,0.39735841751098633,0.2628844380378723,-0.06979434192180634,0.999874472618103,0.4112788736820221,0.2723795473575592,-0.1170324832201004,0.9999508857727051,0.4029349684715271,0.2733779549598694,-0.11586587131023407,0.9999481439590454,0.43553465604782104,0.3149479627609253,-0.037841010838747025,0.9999579191207886,0.3855004906654358,0.31675246357917786,-0.031161382794380188,0.9999670386314392,0.44362229108810425,0.38346338272094727,-0.026782233268022537,0.9859340190887451,0.37825480103492737,0.3921056389808655,-0.013679109513759613,0.9860978126525879,0.4397043287754059,0.44632571935653687,-0.08654619753360748,0.9814524054527283,0.3809834122657776,0.4528374969959259,-0.0670577734708786,0.9757918119430542,0.4382055699825287,0.468349426984787,-0.10669265687465668,0.9610264301300049,0.3815092444419861,0.4732746481895447,-0.08460558950901031,0.9516376852989197,0.43406596779823303,0.4657876789569855,-0.12263069301843643,0.962977945804596,0.3858225345611572,0.4713829755783081,-0.10026339441537857,0.9531758427619934,0.4332883358001709,0.45998722314834595,-0.09383239597082138,0.9517443180084229,0.3870629668235779,0.46525314450263977,-0.07408280670642853,0.9423516988754272,0.4263916015625,0.45119917392730713,-0.00043257224024273455,0.9997081160545349,0.39754724502563477,0.45157644152641296,0.00042741335346363485,0.9998014569282532,0.42231789231300354,0.5521119236946106,-0.005504474975168705,0.9857640862464905,0.3988648056983948,0.5521783232688904,-0.006225761491805315,0.9905346632003784,0.4196132719516754,0.6517088413238525,0.06375716626644135,0.9875490069389343,0.4007863402366638,0.6517565250396729,0.06511007249355316,0.9904094338417053,0.41753849387168884,0.6649904251098633,0.06640736758708954,0.9305523633956909,0.40368446707725525,0.6652930378913879,0.06774278730154037,0.8860068917274475,0.4275422692298889,0.682927668094635,0.0008241269970312715,0.9852449893951416,0.39399415254592896,0.6843180656433105,0.0003428904456086457,0.9851844906806946
40,walk,0.4062982201576233,0.26195433735847473,-0.13935276865959167,0.999985933303833,0.4091522693634033,0.25379058718681335,-0.13118043541908264,0.9999465346336365,0.4113646149635315,0.25363418459892273,-0.13118913769721985,0.9999496936798096,0.4128979742527008,0.2537287771701813,-0.1311747431755066,0.9999412298202515,0.4028536379337311,0.2550467848777771,-0.1300853192806244,0.9999499320983887,0.4010165333747864,0.25592464208602905,-0.13009031116962433,0.9999480247497559,0.39904454350471497,0.2571321129798889,-0.1301000565290451,0.9999421834945679,0.4166579246520996,0.2597229480743408,-0.07490599155426025,0.9998845458030701,0.3974533677101135,0.26288124918937683,-0.070803202688694,0.999880313873291,0.4113614559173584,0.2723773419857025,-0.11787732690572739,0.9999542832374573,0.40301504731178284,0.2733815312385559,-0.11667193472385406,0.999951958656311,0.43577107787132263,0.31488510966300964,-0.03924896568059921,0.999958336353302,0.3857700228691101,0.31675636768341064,-0.03217538073658943,0.9999668002128601,0.4436493515968323,0.383510559797287,-0.029644634574651718,0.985838770866394,0.37863606214523315,0.3921307325363159,-0.014965596608817577,0.9859442114830017,0.4395027756690979,0.44668206572532654,-0.09486687183380127,0.9816445708274841,0.3813139796257019,0.4531230926513672,-0.06804576516151428,0.9756351709365845,0.4378991723060608,0.4686213731765747,-0.11536993831396103,0.9615631699562073,0.3817402422428131,0.4735959768295288,-0.08558224886655807,0.9515036344528198,0.4337710738182068,0.4658568799495697,-0.13152867555618286,0.9634619355201721,0.38603031635284424,0.47171440720558167,-0.10130570828914642,0.9530239105224609,0.43301162123680115,0.4600764811038971,-0.10234391689300537,0.9522659778594971,0.3872956931591034,0.4655593931674957,-0.07508941739797592,0.9421369433403015,0.42638978362083435,0.4512515664100647,-0.0004345974884927273,0.9997113943099976,0.3975774347782135,0.4515727460384369,0.00042970539652742445,0.9998029470443726,0.42233747243881226,0.5522242188453674,-0.004753928165882826,0.9858516454696655,0.39884352684020996,0.5521672964096069,-0.005867014639079571,0.9907439351081848,0.4196302890777588,0.651715099811554,0.06577041000127792,0.9876383543014526,0.4007774889469147,0.6517660021781921,0.06662257015705109,0.9905797839164734,0.4175598621368408,0.664935827255249,0.06846889108419418,0.9306356906890869,0.40368419885635376,0.6653009057044983,0.06930685043334961,0.8860517740249634,0.427541583776474,0.6828135848045349,0.00256056385114789,0.98530513048172,0.39398959279060364,0.6843185424804688,0.0017886459827423096,0.9853424429893494
41,walk,0.4065081477165222,0.26200777292251587,-0.14138099551200867,0.9999866485595703,0.4093817174434662,0.25380629301071167,-0.1330307424068451,0.9999492168426514,0.41157621145248413,0.25364989042282104,-0.13303671777248383,0.9999517798423767,0.4130929410457611,0.2537456154823303,-0.13302351534366608,0.9999439716339111,0.403076171875,0.25506874918937683,-0.13211312890052795,0.9999523162841797,0.4012675881385803,0.2559543550014496,-0.13211777806282043,0.9999502301216125,0.3993602693080902,0.2571597695350647,-0.1321241408586502,0.9999451041221619,0.4169323444366455,0.2597222328186035,-0.07525090873241425,0.9998882412910461,0.3977142870426178,0.2628890573978424,-0.07262883335351944,0.9998860955238342,0.4115222096443176,0.27239418029785156,-0.11959569156169891,0.999957263469696,0.40326976776123047,0.27340608835220337,-0.11864914000034332,0.999955415725708,0.4361245036125183,0.31475961208343506,-0.041005901992321014,0.9999582171440125,0.3860408365726471,0.31678783893585205,-0.032910291105508804,0.9999669194221497,0.4437713027000427,0.38351187109947205,-0.033922724425792694,0.9856642484664917,0.3791296184062958,0.39242973923683167,-0.015408460982143879,0.9859609603881836,0.4395604729652405,0.4468560516834259,-0.09930504858493805,0.9817123413085938,0.3814588189125061,0.45372942090034485,-0.06872519105672836,0.9758472442626953,0.438016802072525,0.46871867775917053,-0.11925139278173447,0.9618706107139587,0.38178226351737976,0.47403353452682495,-0.08649247139692307,0.9520061612129211,0.4339553415775299,0.4659028649330139,-0.135696142911911,0.9637299180030823,0.3860362470149994,0.47220590710639954,-0.10213128477334976,0.9534962177276611,0.4331948757171631,0.4601335823535919,-0.1068681851029396,0.9525363445281982,0.38731372356414795,0.46602869033813477,-0.07570517808198929,0.9426395297050476,0.4264671206474304,0.45135557651519775,-0.0004375525168143213,0.9997113347053528,0.3977176547050476,0.4515818655490875,0.0004327287897467613,0.9998033046722412,0.42243847250938416,0.5522955656051636,-0.004045204259455204,0.9859662652015686,0.39884284138679504,0.5521100759506226,-0.0055973222479224205,0.9909713268280029,0.41964370012283325,0.6517156958580017,0.06525392830371857,0.9877487421035767,0.40078669786453247,0.6518306136131287,0.06607212871313095,0.9907673001289368,0.417578786611557,0.66494220495224,0.06777689605951309,0.9310100078582764,0.40369367599487305,0.6653686165809631,0.06861831992864609,0.8864321708679199,0.42755573987960815,0.6828036904335022,0.0021265377290546894,0.9853895306587219,0.39398348331451416,0.6843274235725403,0.001229852787218988,0.9855139851570129
42,walk,0.40675967931747437,0.262069433927536,-0.14034569263458252,0.9999873042106628,0.4096863865852356,0.2538277804851532,-0.13239343464374542,0.9999517202377319,0.4118487238883972,0.2536699175834656,-0.1324007660150528,0.9999538064002991,0.4133625030517578,0.2537689208984375,-0.1323872208595276,0.9999465346336365,0.40333494544029236,0.25511181354522705,-0.13128800690174103,0.9999545812606812,0.40153393149375916,0.25601184368133545,-0.13129164278507233,0.9999523162841797,0.3996783196926117,0.2572132647037506,-0.13130035996437073,0.999947726726532,0.4172493815422058,0.25972798466682434,-0.07624467462301254,0.9998916983604431,0.39800068736076355,0.2629293203353882,-0.07249660789966583,0.9998913407325745,0.41175422072410583,0.27241066098213196,-0.11901291459798813,0.9999600052833557,0.4035724699497223,0.27344241738319397,-0.11779725551605225,0.9999585151672363,0.43645405769348145,0.31470242142677307,-0.04136600345373154,0.9999587535858154,0.38633859157562256,0.31689178943634033,-0.03353226184844971,0.9999674558639526,0.443838506937027,0.3835085928440094,-0.03579125925898552,0.9855128526687622,0.3794775605201721,0.3925592601299286,-0.0162354726344347,0.9860111474990845,0.4397753179073334,0.44657737016677856,-0.10348836332559586,0.9819807410240173,0.381490021944046,0.4537574350833893,-0.06919243931770325,0.9762372374534607,0.4381309151649475,0.4685739278793335,-0.12391890585422516,0.9625495076179504,0.38177675008773804,0.4740859568119049,-0.08677181601524353,0.952846109867096,0.4342799782752991,0.46574100852012634,-0.1401386260986328,0.964368999004364,0.3860136866569519,0.47233298420906067,-0.10252527892589569,0.9543045163154602,0.4336327612400055,0.4599354565143585,-0.11108621209859848,0.9532938599586487,0.3873095214366913,0.466135710477829,-0.0762171819806099,0.9435601234436035,0.4266830384731293,0.4514446556568146,-0.00042809080332517624,0.9997153282165527,0.3979247212409973,0.4515964388847351,0.0004238639958202839,0.99980628490448,0.4226349890232086,0.5528920292854309,-0.003702875692397356,0.9858673214912415,0.39892134070396423,0.5519619584083557,-0.005564105696976185,0.991087019443512,0.4196431636810303,0.6517359614372253,0.06460544466972351,0.9877195358276367,0.40086573362350464,0.6518417000770569,0.06575874984264374,0.9908276200294495,0.41757526993751526,0.6650198101997375,0.06703142821788788,0.9313225746154785,0.40371888875961304,0.6653862595558167,0.06826086342334747,0.8858182430267334,0.427656352519989,0.6827577948570251,0.0014605543110519648,0.9853475093841553,0.39404553174972534,0.6843242049217224,0.0012420519487932324,0.985524594783783
43,walk,0.40698084235191345,0.26207754015922546,-0.15194176137447357,0.9999880790710449,0.40993866324424744,0.25383460521698,-0.1444457322359085,0.9999547600746155,0.412098228931427,0.25367581844329834,-0.14444996416568756,0.9999564290046692,0.413625568151474,0.25377407670021057,-0.1444360762834549,0.9999497532844543,0.40358370542526245,0.2551242709159851,-0.14311718940734863,0.9999573826789856,0.4017850458621979,0.25603121519088745,-0.14312635362148285,0.9999551177024841,0.39995521306991577,0.25723087787628174,-0.14313481748104095,0.9999510049819946,0.41760221123695374,0.25972694158554077,-0.08847080916166306,0.9998974204063416,0.3982992470264435,0.2629370093345642,-0.08342118561267853,0.9998978972434998,0.41196712851524353,0.27240967750549316,-0.13035954535007477,0.9999629259109497,0.4038316607475281,0.2734454870223999,-0.12884195148944855,0.9999616742134094,0.4368322789669037,0.31446027755737305,-0.05045366287231445,0.9999597072601318,0.38679152727127075,0.3172006905078888,-0.04056132212281227,0.9999681711196899,0.44427698850631714,0.3834790587425232,-0.04085168242454529,0.9857162237167358,0.3797319531440735,0.3927195370197296,-0.020275432616472244,0.986054539680481,0.44035735726356506,0.44650647044181824,-0.10613199323415756,0.9823057055473328,0.38148900866508484,0.4538918733596802,-0.0733255073428154,0.9765045046806335,0.43879151344299316,0.46851837635040283,-0.12576445937156677,0.9631691575050354,0.38164037466049194,0.4742322564125061,-0.09049785882234573,0.9533535838127136,0.4350880980491638,0.46570003032684326,-0.14267760515213013,0.9649577140808105,0.38576188683509827,0.47259068489074707,-0.10671588033437729,0.954804003238678,0.43447405099868774,0.4598848223686218,-0.11384209245443344,0.9540059566497803,0.3871813714504242,0.4663180410861969,-0.08051977306604385,0.9441273808479309,0.42711561918258667,0.45142754912376404,-0.0005803242675028741,0.9997172355651855,0.39827778935432434,0.4515480101108551,0.0005741134518757463,0.9998080730438232,0.4227706491947174,0.5533460378646851,-0.003737429855391383,0.985942542552948,0.3989998698234558,0.5519552230834961,-0.004899344407021999,0.9912600517272949,0.4196406304836273,0.6517418622970581,0.06421423703432083,0.9878203868865967,0.40102019906044006,0.6518908739089966,0.06581743061542511,0.9909873008728027,0.4175681471824646,0.665025532245636,0.0665920302271843,0.9317690134048462,0.4038533568382263,0.6654370427131653,0.0682486817240715,0.8865199089050293,0.42766231298446655,0.6826687455177307,0.0009525107452645898,0.9854558110237122,0.3940392732620239,0.6843340396881104,0.0011219182051718235,0.9857110381126404
44,walk,0.4072314202785492,0.2620903551578522,-0.16277028620243073,0.9999889731407166,0.41024455428123474,0.2538456320762634,-0.1551991105079651,0.9999581575393677,0.4123939573764801,0.2536899447441101,-0.1552000194787979,0.9999595284461975,0.4139266908168793,0.2537911832332611,-0.15518680214881897,0.9999534487724304,0.40391701459884644,0.25513380765914917,-0.15396998822689056,0.9999605417251587,0.40213513374328613,0.2560424506664276,-0.1539822220802307,0.999958336353302,0.4003632664680481,0.2572348117828369,-0.15399113297462463,0.9999547004699707,0.4179825186729431,0.2597281038761139,-0.09824157506227493,0.999904453754425,0.3987236022949219,0.262935608625412,-0.09372348338365555,0.9999053478240967,0.41216859221458435,0.27240893244743347,-0.1407560408115387,0.9999659657478333,0.40413299202919006,0.2734449803829193,-0.1394277960062027,0.9999648332595825,0.4371829628944397,0.31439200043678284,-0.056758761405944824,0.9999606013298035,0.3872956335544586,0.31758537888526917,-0.0491086021065712,0.9999688863754272,0.44537824392318726,0.3841705322265625,-0.041183002293109894,0.9860905408859253,0.38015052676200867,0.3928248882293701,-0.0259101502597332,0.9860857129096985,0.4411751627922058,0.44727805256843567,-0.10342971235513687,0.9825955033302307,0.3814834952354431,0.45400768518447876,-0.07825269550085068,0.9766323566436768,0.4393831789493561,0.46898630261421204,-0.1227286085486412,0.9635583162307739,0.38143643736839294,0.4744076132774353,-0.09496362507343292,0.9535868167877197,0.43578606843948364,0.46612489223480225,-0.1396470069885254,0.9653399586677551,0.3854297399520874,0.4729207456111908,-0.11154570430517197,0.9550500512123108,0.4353196620941162,0.46033886075019836,-0.11110842227935791,0.9544488191604614,0.3869653344154358,0.466525137424469,-0.085515595972538,0.9443638920783997,0.4273443818092346,0.4514150321483612,-0.000561475520953536,0.999718964099884,0.3984377086162567,0.45142582058906555,0.000552856014110148,0.9998092651367188,0.42278560996055603,0.5535042881965637,-0.003940283320844173,0.9860079884529114,0.3991042673587799,0.5519514083862305,-0.004960539750754833,0.9914025664329529,0.4196349084377289,0.6517831683158875,0.06334058940410614,0.9879992604255676,0.4010927081108093,0.6520352959632874,0.06482799351215363,0.9911261796951294,0.4175669550895691,0.6651141047477722,0.06557382643222809,0.932576060295105,0.40389880537986755,0.6657443046569824,0.0671156793832779,0.8865750432014465,0.42766743898391724,0.6826685667037964,-0.0007840489270165563,0.9856377243995667,0.3940417170524597,0.6843712329864502,-0.0007620797259733081,0.9858731031417847
45,walk,0.4079129099845886,0.26209965348243713,-0.16199250519275665,0.9999896883964539,0.41090258955955505,0.25385814905166626,-0.15444879233837128,0.9999608397483826,0.4129045605659485,0.2537040114402771,-0.15445154905319214,0.9999619722366333,0.4144503176212311,0.253800630569458,-0.1544385403394699,0.9999564290046692,0.4045378267765045,0.2551688253879547,-0.15320298075675964,0.9999630451202393,0.40269774198532104,0.2561008036136627,-0.15321245789527893,0.9999608397483826,0.401010662317276,0.25728800892829895,-0.15321925282478333,0.9999575614929199,0.41842955350875854,0.25968796014785767,-0.09776677936315536,0.9999099969863892,0.3992305099964142,0.2629680037498474,-0.09301897138357162,0.9999110698699951,0.4126953184604645,0.2724049985408783,-0.14007946848869324,0.9999684691429138,0.404785692691803,0.27344635128974915,-0.13868921995162964,0.9999674558639526,0.43777695298194885,0.3142698109149933,-0.057470690459012985,0.9999613761901855,0.38783425092697144,0.318045437335968,-0.048724524676799774,0.9999693632125854,0.4460645318031311,0.3841666281223297,-0.044675711542367935,0.9863211512565613,0.3808993697166443,0.39324116706848145,-0.02578304335474968,0.9859822988510132,0.44194626808166504,0.44735655188560486,-0.10824747383594513,0.9826160669326782,0.3814786374568939,0.45436590909957886,-0.07774125039577484,0.976596474647522,0.440487802028656,0.46917787194252014,-0.12732841074466705,0.963508129119873,0.38122469186782837,0.47482019662857056,-0.09449806809425354,0.9535759091377258,0.4368927478790283,0.4663783609867096,-0.14448478817939758,0.9653133749961853,0.38505715131759644,0.47337672114372253,-0.11117154359817505,0.9550765156745911,0.43630868196487427,0.4605228304862976,-0.1160157322883606,0.9544576406478882,0.38669097423553467,0.46681836247444153,-0.08508572727441788,0.9443549513816833,0.4276534914970398,0.4514153301715851,-0.0006673948373645544,0.9997214674949646,0.39855459332466125,0.45142436027526855,0.0006577115855179727,0.9998104572296143,0.422782838344574,0.5534948706626892,-0.00367644801735878,0.9861701726913452,0.39918383955955505,0.5514441728591919,-0.004099489189684391,0.9916250109672546,0.4196625351905823,0.6518121957778931,0.0623619481921196,0.9882793426513672,0.40118950605392456,0.6520392298698425,0.06486405432224274,0.9913431406021118,0.41761261224746704,0.665248453617096,0.06431090086698532,0.9337079524993896,0.4039851129055023,0.6657615303993225,0.06710265576839447,0.8877777457237244,0.42767533659935,0.6827073693275452,-0.00290107075124979,0.9859369993209839,0.3940449357032776,0.6845117211341858,-0.0007882268400862813,0.9861540794372559
46,walk,0.4087120592594147,0.26210343837738037,-0.1689533144235611,0.9999904036521912,0.41160687804222107,0.2538842260837555,-0.16133694350719452,0.999963641166687,0.4134890139102936,0.25374355912208557,-0.16133753955364227,0.9999645948410034,0.41508063673973083,0.25383260846138,-0.16132397949695587,0.9999595284461975,0.4052184522151947,0.25520116090774536,-0.16026651859283447,0.9999657273292542,0.40333762764930725,0.256133496761322,-0.16027840971946716,0.9999635815620422,0.40172284841537476,0.25731751322746277,-0.1602867841720581,0.9999606609344482,0.418928861618042,0.25968271493911743,-0.10435712337493896,0.9999158978462219,0.3998534083366394,0.26298317313194275,-0.10039280354976654,0.9999173879623413,0.41337448358535767,0.27238181233406067,-0.14695169031620026,0.9999709129333496,0.40554794669151306,0.2734350562095642,-0.14579454064369202,0.999970018863678,0.43850794434547424,0.31428033113479614,-0.06245012953877449,0.9999616742134094,0.3882783055305481,0.31861573457717896,-0.05523093417286873,0.9999699592590332,0.44681087136268616,0.38491693139076233,-0.045786961913108826,0.9865504503250122,0.3813187777996063,0.3941459357738495,-0.030738363042473793,0.9860370755195618,0.44291752576828003,0.4477863013744354,-0.1064893826842308,0.9824833869934082,0.3814648985862732,0.4550964832305908,-0.0809803307056427,0.9766719937324524,0.4417194724082947,0.4697709381580353,-0.12503594160079956,0.9630870223045349,0.3810001015663147,0.47540283203125,-0.09718869626522064,0.9536717534065247,0.4379633963108063,0.4670049548149109,-0.14227303862571716,0.9649489521980286,0.38475295901298523,0.4740954637527466,-0.11400651931762695,0.9552096724510193,0.4373423457145691,0.46098360419273376,-0.11423573642969131,0.9540688395500183,0.38645386695861816,0.4674985706806183,-0.0883437916636467,0.944471001625061,0.4283648431301117,0.4514618217945099,-0.000678549986332655,0.999718964099884,0.3988431394100189,0.4515319764614105,0.0006676724296994507,0.9998098611831665,0.42278575897216797,0.5534897446632385,-0.0031195837073028088,0.9863085150718689,0.39942020177841187,0.5513521432876587,-0.0037443197797983885,0.9918183088302612,0.41966715455055237,0.6518412828445435,0.06037871912121773,0.9885320067405701,0.4013349115848541,0.6520453691482544,0.06284667551517487,0.9914968013763428,0.417620986700058,0.6653742790222168,0.06193404272198677,0.9345084428787231,0.4040912687778473,0.6657673120498657,0.06466952711343765,0.8879275918006897,0.42767515778541565,0.6827626824378967,-0.005413464270532131,0.9862077832221985,0.39404743909835815,0.6846737861633301,-0.0031902939081192017,0.9863477349281311
47,walk,0.40880173444747925,0.26210716366767883,-0.1654769480228424,0.9999910593032837,0.4118100702762604,0.253905713558197,-0.1579766422510147,0.9999660849571228,0.41373682022094727,0.25376206636428833,-0.1579764485359192,0.9999668598175049,0.415349543094635,0.2538497745990753,-0.15796157717704773,0.9999622106552124,0.4054976999759674,0.25523221492767334,-0.15670821070671082,0.9999680519104004,0.4036942422389984,0.2561589181423187,-0.15671928226947784,0.999966025352478,0.40217137336730957,0.25732553005218506,-0.1567286252975464,0.9999634027481079,0.4193047881126404,0.2596801817417145,-0.10224586725234985,0.9999209642410278,0.4005625247955322,0.26298075914382935,-0.09728843718767166,0.9999228119850159,0.4135556221008301,0.2723284065723419,-0.14397883415222168,0.9999731183052063,0.4057791233062744,0.2734093964099884,-0.14255088567733765,0.9999723434448242,0.4391157031059265,0.31446772813796997,-0.06178218126296997,0.9999619126319885,0.3887048065662384,0.31903645396232605,-0.05346611142158508,0.9999706149101257,0.4473727345466614,0.3855554759502411,-0.04563046246767044,0.9867966175079346,0.3821011483669281,0.3945835530757904,-0.029273640364408493,0.9860329031944275,0.4435184597969055,0.44830891489982605,-0.10536452382802963,0.9825101494789124,0.3815068006515503,0.45612627267837524,-0.08024148643016815,0.9768421053886414,0.44248849153518677,0.4703773558139801,-0.12378893792629242,0.9630475640296936,0.3809296190738678,0.47657614946365356,-0.09619749337434769,0.9539989233016968,0.43866270780563354,0.4676652252674103,-0.14095427095890045,0.9649306535720825,0.3846873641014099,0.47515296936035156,-0.11364418268203735,0.9555438160896301,0.43795567750930786,0.4615449607372284,-0.11305829137563705,0.9541288614273071,0.38642364740371704,0.46840429306030273,-0.08746945858001709,0.9448552131652832,0.4289669096469879,0.45147591829299927,-0.0007606529397889972,0.9997187256813049,0.3992350995540619,0.45153892040252686,0.0007456000312231481,0.999810516834259,0.42278534173965454,0.5534844994544983,-0.0032240222208201885,0.9865096211433411,0.39948806166648865,0.5512884259223938,-0.003612621920183301,0.9920584559440613,0.41962963342666626,0.6518464684486389,0.0582515224814415,0.9887922406196594,0.4013908803462982,0.6520069241523743,0.06160898134112358,0.9916799664497375,0.4175780415534973,0.6653786897659302,0.05974876880645752,0.9354485869407654,0.40411263704299927,0.6656675934791565,0.06334196031093597,0.8885540962219238,0.4276542067527771,0.6827895045280457,-0.006771387066692114,0.9864805936813354,0.39404475688934326,0.6847167015075684,-0.0037275864742696285,0.9865986108779907
48,walk,0.4090243875980377,0.2621144950389862,-0.17473192512989044,0.9999915957450867,0.4121345579624176,0.2539457678794861,-0.1674562245607376,0.9999679923057556,0.4140850007534027,0.2538154125213623,-0.16745325922966003,0.9999685883522034,0.41572755575180054,0.25391894578933716,-0.16744032502174377,0.9999642968177795,0.4059065878391266,0.255258709192276,-0.16607728600502014,0.9999698996543884,0.40413030982017517,0.2561740577220917,-0.16609129309654236,0.9999679923057556,0.40267103910446167,0.2573279142379761,-0.16610567271709442,0.9999656081199646,0.41977277398109436,0.2597072720527649,-0.1124173179268837,0.9999247193336487,0.40121573209762573,0.26297527551651,-0.10687357187271118,0.9999270439147949,0.4137900769710541,0.2723217010498047,-0.15346531569957733,0.9999749064445496,0.40605396032333374,0.27340638637542725,-0.15188096463680267,0.9999741911888123,0.4396347105503082,0.3147342801094055,-0.07049183547496796,0.9999613165855408,0.3891953229904175,0.31962481141090393,-0.06163590028882027,0.9999707937240601,0.4480408728122711,0.3862440288066864,-0.04767920449376106,0.9870430827140808,0.382779061794281,0.3951566815376282,-0.03491221368312836,0.9857596158981323,0.44407349824905396,0.4500013589859009,-0.10135235637426376,0.9821947813034058,0.3815944492816925,0.45773187279701233,-0.08181694895029068,0.9764779210090637,0.4430566430091858,0.4718049466609955,-0.11692317575216293,0.9622126221656799,0.38088664412498474,0.4778701663017273,-0.09688162058591843,0.953371524810791,0.4392378330230713,0.46917861700057983,-0.13440051674842834,0.9641583561897278,0.3843483626842499,0.4766480028629303,-0.11433031409978867,0.9549577832221985,0.4384787678718567,0.4629818797111511,-0.10873101651668549,0.9533145427703857,0.3860861361026764,0.469929039478302,-0.08927701413631439,0.944214940071106,0.4294808506965637,0.451503723859787,-0.0009921147720888257,0.9997135996818542,0.39965659379959106,0.4515329599380493,0.0009660444920882583,0.9998080134391785,0.4228766858577728,0.5535569787025452,-0.003153311787173152,0.9867566227912903,0.3995734751224518,0.5512783527374268,-0.0016556733753532171,0.99223393201828,0.4196310043334961,0.6519622802734375,0.057164452970027924,0.9890914559364319,0.40147241950035095,0.6519671678543091,0.06175748258829117,0.9918043613433838,0.4175774157047272,0.6654486060142517,0.05846413969993591,0.9359601736068726,0.4041528105735779,0.6655714511871338,0.06340092420578003,0.8888305425643921,0.4275664687156677,0.6828336715698242,-0.00840835366398096,0.9867468476295471,0.3940366208553314,0.6847155094146729,-0.003207683563232422,0.9867931604385376
49,walk,0.40922099351882935,0.262210875749588,-0.16987988352775574,0.9999919533729553,0.4123770296573639,0.2540542483329773,-0.1626414656639099,0.9999691843986511,0.41437292098999023,0.2539185881614685,-0.16264083981513977,0.9999696016311646,0.416037380695343,0.2540324032306671,-0.16262762248516083,0.9999656081199646,0.40622949600219727,0.2553556561470032,-0.1612319052219391,0.9999710321426392,0.4044770300388336,0.2562510073184967,-0.16124247014522552,0.9999691843986511,0.4030205309391022,0.25736624002456665,-0.1612563282251358,0.9999670386314392,0.42020925879478455,0.25972968339920044,-0.10817126929759979,0.9999268651008606,0.4017115533351898,0.2629750669002533,-0.10240189731121063,0.999929666519165,0.41400790214538574,0.27231988310813904,-0.1487814337015152,0.9999763369560242,0.40636977553367615,0.27340540289878845,-0.14714336395263672,0.9999756217002869,0.4400397837162018,0.3151167929172516,-0.06698068231344223,0.9999609589576721,0.389809250831604,0.31988289952278137,-0.05819494649767876,0.9999709129333496,0.4484187662601471,0.386399507522583,-0.04620325192809105,0.9872382879257202,0.3838129937648773,0.39517149329185486,-0.03235883265733719,0.985485851764679,0.444688081741333,0.4504197835922241,-0.09582079946994781,0.9820340871810913,0.38165169954299927,0.4583415687084198,-0.07981586456298828,0.9764982461929321,0.44361844658851624,0.4723893404006958,-0.11110897362232208,0.9617809057235718,0.3807385563850403,0.47847333550453186,-0.09354893863201141,0.9535092115402222,0.4398520588874817,0.4698861539363861,-0.12852516770362854,0.9637759923934937,0.3838474154472351,0.4773814380168915,-0.11174733936786652,0.9551156163215637,0.4390517771244049,0.4636257588863373,-0.10321090370416641,0.9530178308486938,0.38557136058807373,0.47074228525161743,-0.08772590011358261,0.9444920420646667,0.4297487735748291,0.4515400230884552,-0.0011107419850304723,0.9997077584266663,0.4000226855278015,0.4514927268028259,0.0010825818171724677,0.9998037815093994,0.42323723435401917,0.5536526441574097,-0.0032443120144307613,0.9867787957191467,0.39974212646484375,0.5512209534645081,-0.001890331506729126,0.9922993183135986,0.4196668267250061,0.652069628238678,0.054336436092853546,0.9891747236251831,0.4015633165836334,0.6516655087471008,0.06108516454696655,0.9917401075363159,0.4176079332828522,0.6655351519584656,0.05538100004196167,0.9357069134712219,0.4042333662509918,0.6647542119026184,0.06273127347230911,0.8879287838935852,0.427611768245697,0.6828762888908386,-0.01130383275449276,0.986710786819458,0.3940262198448181,0.6847146153450012,-0.003524988191202283,0.9866905808448792
50,walk,0.40973129868507385,0.2624977231025696,-0.16912749409675598,0.9999922513961792,0.4128609597682953,0.25436490774154663,-0.16215738654136658,0.9999700784683228,0.41487663984298706,0.2542688548564911,-0.16215869784355164,0.9999703764915466,0.41659340262413025,0.25445765256881714,-0.16214707493782043,0.9999666213989258,0.4067440927028656,0.25561490654945374,-0.16084343194961548,0.999971866607666,0.4049921929836273,0.2564696669578552,-0.16085372865200043,0.9999700784683228,0.4035525321960449,0.25750985741615295,-0.16086964309215546,0.9999681115150452,0.42066892981529236,0.25991132855415344,-0.10808123648166656,0.9999285936355591,0.4022733271121979,0.2630191445350647,-0.10287883132696152,0.9999318718910217,0.4145265221595764,0.27242517471313477,-0.14804379642009735,0.9999775290489197,0.4069240093231201,0.27348792552948,-0.1465415060520172,0.9999768733978271,0.4404427409172058,0.31524038314819336,-0.0659010261297226,0.9999610781669617,0.3903033435344696,0.32002773880958557,-0.0581669807434082,0.9999712109565735,0.4485270380973816,0.38637158274650574,-0.04468175768852234,0.9874445199966431,0.384370893239975,0.395401269197464,-0.031155740842223167,0.9854127764701843,0.44537463784217834,0.450734406709671,-0.09299200773239136,0.9821287393569946,0.3817426562309265,0.45887407660484314,-0.07827948033809662,0.9768639802932739,0.4445878565311432,0.47279661893844604,-0.10833577066659927,0.9619078636169434,0.38067179918289185,0.47875314950942993,-0.09153641760349274,0.9542798399925232,0.4407849907875061,0.4704829752445221,-0.1259722262620926,0.9639201164245605,0.3835386633872986,0.47786128520965576,-0.11001590639352798,0.9558913111686707,0.43986615538597107,0.4641987681388855,-0.10049675405025482,0.9533721804618835,0.3852597177028656,0.4713096618652344,-0.08636700361967087,0.94549959897995,0.4298465847969055,0.4515376687049866,-0.001122091431170702,0.9996989965438843,0.40018710494041443,0.4511912167072296,0.0010936378967016935,0.9997972846031189,0.4237756133079529,0.5537171959877014,-0.004078180529177189,0.9864526987075806,0.3997741639614105,0.5512011647224426,-0.0028661189135164022,0.9921370148658752,0.4196891784667969,0.6520745754241943,0.05107726529240608,0.988853394985199,0.40188899636268616,0.651549756526947,0.057135336101055145,0.9913056492805481,0.41764864325523376,0.665527880191803,0.051990341395139694,0.9339028596878052,0.40455612540245056,0.6644097566604614,0.058659572154283524,0.8843087553977966,0.4276699423789978,0.6828784942626953,-0.01396722812205553,0.9861735701560974,0.39403462409973145,0.6851904392242432,-0.007285035215318203,0.986050546169281
51,walk,0.410358726978302,0.2625701129436493,-0.17066441476345062,0.9999925494194031,0.41344770789146423,0.2544572055339813,-0.1637101024389267,0.9999712109565735,0.41543442010879517,0.2543834149837494,-0.16371117532253265,0.9999713897705078,0.4171563982963562,0.25459179282188416,-0.16369900107383728,0.9999679327011108,0.40735259652137756,0.25567740201950073,-0.1624595820903778,0.9999728798866272,0.4055860936641693,0.256517231464386,-0.16247017681598663,0.9999710917472839,0.40413013100624084,0.2575387954711914,-0.16248604655265808,0.9999693036079407,0.4211651682853699,0.2599547803401947,-0.1088184118270874,0.9999312162399292,0.4027712345123291,0.2630192041397095,-0.10383389890193939,0.9999342560768127,0.41508349776268005,0.27245718240737915,-0.14923349022865295,0.99997878074646,0.4075095057487488,0.2734973728656769,-0.14779554307460785,0.9999781250953674,0.4407894015312195,0.31531164050102234,-0.06591028720140457,0.9999616146087646,0.3907437324523926,0.3200325667858124,-0.05795072391629219,0.9999715089797974,0.44863981008529663,0.3865354359149933,-0.044400833547115326,0.9876766204833984,0.3847028315067291,0.39538100361824036,-0.03051118180155754,0.9853276610374451,0.44571900367736816,0.4515305459499359,-0.095390185713768,0.9823185205459595,0.38175052404403687,0.4588252305984497,-0.07729281485080719,0.977186918258667,0.4452057480812073,0.47344496846199036,-0.10990607738494873,0.9622354507446289,0.3804723620414734,0.4787028729915619,-0.09078072011470795,0.9549551606178284,0.4413631558418274,0.4712692201137543,-0.12873728573322296,0.9642584323883057,0.3831312656402588,0.4778144955635071,-0.10951808840036392,0.9565972089767456,0.4403066039085388,0.4649181365966797,-0.10323973745107651,0.9539188146591187,0.3848479688167572,0.4712786078453064,-0.08559996634721756,0.9464025497436523,0.4300273060798645,0.4513017535209656,-0.001145891728810966,0.9996930956840515,0.40032482147216797,0.45049232244491577,0.0011178359854966402,0.999793529510498,0.4241943359375,0.5534194707870483,-0.004903485532850027,0.9862579107284546,0.3998537063598633,0.5508195161819458,-0.003977044485509396,0.9920704364776611,0.41988229751586914,0.6520686149597168,0.05070222541689873,0.9886720776557922,0.40217334032058716,0.651551365852356,0.05549592524766922,0.9910551309585571,0.41788816452026367,0.6655315160751343,0.05167798325419426,0.9322746992111206,0.404855340719223,0.6643618941307068,0.05693979188799858,0.881848931312561,0.427668035030365,0.6828593015670776,-0.015492083504796028,0.9858718514442444,0.3941501975059509,0.6856290698051453,-0.010341344401240349,0.9856869578361511
52,walk,0.41091448068618774,0.26265743374824524,-0.17561867833137512,0.9999927878379822,0.4140230715274811,0.2544972002506256,-0.16888335347175598,0.9999719858169556,0.41597214341163635,0.2544335722923279,-0.16888634860515594,0.9999721050262451,0.41766244173049927,0.25464749336242676,-0.1688769906759262,0.9999688863754272,0.4078978896141052,0.255699098110199,-0.16757825016975403,0.9999735355377197,0.4061156213283539,0.2565279006958008,-0.16759160161018372,0.9999717473983765,0.40462613105773926,0.25754112005233765,-0.16761039197444916,0.9999700784683228,0.4215947091579437,0.2599547207355499,-0.11349467188119888,0.9999331831932068,0.40314140915870667,0.26296186447143555,-0.10823007673025131,0.9999354481697083,0.41553935408592224,0.2724902033805847,-0.15385600924491882,0.9999797940254211,0.4079763889312744,0.27351683378219604,-0.15234693884849548,0.9999790787696838,0.44103187322616577,0.31535980105400085,-0.06880112737417221,0.9999616742134094,0.39107340574264526,0.32004234194755554,-0.06026705354452133,0.999971330165863,0.44880956411361694,0.3867160379886627,-0.04463144764304161,0.987873375415802,0.38530808687210083,0.3954041004180908,-0.030374104157090187,0.9848182797431946,0.4460623264312744,0.4523054361343384,-0.09572620689868927,0.9823198914527893,0.38177603483200073,0.4588221609592438,-0.0772298201918602,0.9768861532211304,0.4456612169742584,0.47408998012542725,-0.11141534894704819,0.9621076583862305,0.38033348321914673,0.478731632232666,-0.09085273742675781,0.9546030163764954,0.44186776876449585,0.47203144431114197,-0.12946847081184387,0.9641903042793274,0.38280510902404785,0.477873831987381,-0.10958053171634674,0.9563565850257874,0.4407232403755188,0.46562889218330383,-0.10342635959386826,0.953945517539978,0.38451603055000305,0.47129368782043457,-0.0854085311293602,0.9461873769760132,0.4301212430000305,0.45105746388435364,-0.0011448689037933946,0.999682605266571,0.4004004895687103,0.4495314359664917,0.0011165050091221929,0.999787449836731,0.42425471544265747,0.5532522201538086,-0.004991267807781696,0.9859374165534973,0.3999176621437073,0.5505442023277283,-0.0045355698093771935,0.9919231534004211,0.41994428634643555,0.6520878076553345,0.051408134400844574,0.9885300993919373,0.40234699845314026,0.651948094367981,0.054950933903455734,0.9908355474472046,0.4179808497428894,0.6656323075294495,0.052482374012470245,0.9308759570121765,0.4050242304801941,0.6647912859916687,0.05635232478380203,0.8792418837547302,0.42757195234298706,0.6828604936599731,-0.015149364247918129,0.9856683015823364,0.3943749666213989,0.6862969994544983,-0.011849860660731792,0.9854041934013367
53,walk,0.4114094376564026,0.26263320446014404,-0.17833086848258972,0.9999930262565613,0.4144953787326813,0.25447726249694824,-0.17159433662891388,0.9999729990959167,0.4164373278617859,0.254422664642334,-0.171597421169281,0.9999731183052063,0.41811060905456543,0.2546289563179016,-0.17158803343772888,0.9999701380729675,0.4083072245121002,0.2556353211402893,-0.17026552557945251,0.9999743700027466,0.40653157234191895,0.2564507722854614,-0.1702796369791031,0.9999725818634033,0.4050734043121338,0.2574513554573059,-0.17029763758182526,0.9999710321426392,0.4219495356082916,0.2598112225532532,-0.11573034524917603,0.9999358654022217,0.40352511405944824,0.26274633407592773,-0.11022976785898209,0.9999370574951172,0.4159923195838928,0.27247291803359985,-0.15637759864330292,0.9999809265136719,0.40840086340904236,0.2734936475753784,-0.1547989398241043,0.9999800324440002,0.4414512515068054,0.315250426530838,-0.07090768218040466,0.9999620318412781,0.3913117051124573,0.32003524899482727,-0.061308372765779495,0.9999712109565735,0.44891247153282166,0.3867059051990509,-0.04875490814447403,0.9881126880645752,0.3855052590370178,0.39543500542640686,-0.03022291697561741,0.9844555258750916,0.44625934958457947,0.4526878297328949,-0.10542827844619751,0.98246830701828,0.38180112838745117,0.45877605676651,-0.07716240733861923,0.9766852259635925,0.4459850788116455,0.47453224658966064,-0.12177940458059311,0.962315022945404,0.3802115023136139,0.47870904207229614,-0.09082261472940445,0.9543903470039368,0.44217926263809204,0.47251400351524353,-0.14058461785316467,0.9644333720207214,0.382540762424469,0.47780367732048035,-0.10959422588348389,0.9562563300132751,0.4409714341163635,0.4660903811454773,-0.11348401010036469,0.9543204307556152,0.384277880191803,0.471232533454895,-0.08528979122638702,0.9461072683334351,0.4302796721458435,0.4508509337902069,-0.0011506525333970785,0.9996746182441711,0.40049633383750916,0.44903144240379333,0.001121788751333952,0.9997840523719788,0.4242790639400482,0.553074300289154,-0.005044832359999418,0.9857773184776306,0.3999080955982208,0.5503356456756592,-0.004777205642312765,0.9919092655181885,0.4199449419975281,0.6522371768951416,0.052072923630476,0.988511323928833,0.40233296155929565,0.653440535068512,0.05460850149393082,0.9907956123352051,0.41796380281448364,0.6660041213035583,0.053234703838825226,0.9300097227096558,0.40499192476272583,0.6669541001319885,0.055904097855091095,0.8778567910194397,0.42743629217147827,0.6828740239143372,-0.014785250648856163,0.9856594800949097,0.3943294882774353,0.6881812810897827,-0.01319989375770092,0.985363781452179
54,walk,0.4113905429840088,0.2626776099205017,-0.17527569830417633,0.9999931454658508,0.4145228862762451,0.2544868588447571,-0.1685417741537094,0.999973475933075,0.4165460169315338,0.2544306814670563,-0.16854509711265564,0.9999735951423645,0.41818562150001526,0.2546371817588806,-0.16853497922420502,0.9999708533287048,0.4083922505378723,0.25563591718673706,-0.1670597642660141,0.9999747276306152,0.4066604971885681,0.25645047426223755,-0.16707299649715424,0.9999728798866272,0.4051811099052429,0.25743985176086426,-0.1670905500650406,0.9999713897705078,0.42208465933799744,0.2598055303096771,-0.11330969631671906,0.9999372363090515,0.40380364656448364,0.26263225078582764,-0.10717771202325821,0.9999371767044067,0.4160250127315521,0.27247270941734314,-0.15356981754302979,0.9999817609786987,0.40844327211380005,0.27348771691322327,-0.15185077488422394,0.9999807476997375,0.44173893332481384,0.31521332263946533,-0.06918327510356903,0.9999622106552124,0.39165034890174866,0.32003170251846313,-0.06000184267759323,0.9999711513519287,0.4490535855293274,0.3868372142314911,-0.04759267717599869,0.9883499145507812,0.3859157860279083,0.3954237997531891,-0.026294127106666565,0.9841250777244568,0.4463060796260834,0.4532032310962677,-0.10435374826192856,0.9826990962028503,0.3817961513996124,0.4587417542934418,-0.07203280180692673,0.9766074419021606,0.446003258228302,0.47497695684432983,-0.12130780518054962,0.9626743793487549,0.38004738092422485,0.4786885678768158,-0.08581625670194626,0.9544082283973694,0.4422238767147064,0.4728769063949585,-0.1393507868051529,0.9648109078407288,0.38227108120918274,0.477750688791275,-0.10492910444736481,0.9563589692115784,0.4410354495048523,0.46641668677330017,-0.11225034296512604,0.9548288583755493,0.3839753270149231,0.47118520736694336,-0.08029860258102417,0.9462694525718689,0.4303566515445709,0.45085856318473816,-0.0010573670733720064,0.9996679425239563,0.4005219042301178,0.4489387571811676,0.0010262241121381521,0.9997813701629639,0.42446058988571167,0.5539723634719849,-0.006115558557212353,0.9855405688285828,0.39984098076820374,0.5502221584320068,-0.0068967826664447784,0.9919053912162781,0.41990214586257935,0.6529916524887085,0.05221588537096977,0.988418698310852,0.40206828713417053,0.6564615368843079,0.05317755788564682,0.9907294511795044,0.41771751642227173,0.6670993566513062,0.053493112325668335,0.9291834235191345,0.40469351410865784,0.6699264049530029,0.05453985184431076,0.8757907748222351,0.4273158013820648,0.6830635666847229,-0.014568058773875237,0.9855737090110779,0.39418500661849976,0.6911138296127319,-0.014939938671886921,0.9852860569953918
55,walk,0.4114113748073578,0.2626246213912964,-0.17454710602760315,0.9999929666519165,0.4145947992801666,0.2544107139110565,-0.1673227846622467,0.999972939491272,0.41669589281082153,0.2543400824069977,-0.16732046008110046,0.9999728798866272,0.41831716895103455,0.2545289099216461,-0.16730573773384094,0.9999704957008362,0.4084679186344147,0.25549155473709106,-0.16611386835575104,0.9999741315841675,0.4067663550376892,0.25626957416534424,-0.16612322628498077,0.999971866607666,0.4052121043205261,0.2572060823440552,-0.16613157093524933,0.999970555305481,0.42227235436439514,0.25965145230293274,-0.11193444579839706,0.9999362230300903,0.4039304852485657,0.26228711009025574,-0.10648973286151886,0.9999343156814575,0.4161112308502197,0.27239668369293213,-0.1531018763780594,0.9999818205833435,0.40848308801651,0.2733810544013977,-0.15152274072170258,0.9999805688858032,0.4418201446533203,0.31494566798210144,-0.06789728999137878,0.999960720539093,0.3920047879219055,0.3199930489063263,-0.058608751744031906,0.9999706745147705,0.4491868019104004,0.38678672909736633,-0.0469934344291687,0.9883215427398682,0.38627511262893677,0.3953053057193756,-0.024709148332476616,0.9833308458328247,0.4462664723396301,0.45337894558906555,-0.10483576357364655,0.9825960397720337,0.38179299235343933,0.45847803354263306,-0.0707835704088211,0.9757483601570129,0.44590601325035095,0.47517257928848267,-0.12159131467342377,0.9623979330062866,0.3799563944339752,0.47850850224494934,-0.08498832583427429,0.9532120227813721,0.4421265721321106,0.4730812609195709,-0.13980287313461304,0.9645763635635376,0.38214415311813354,0.47770702838897705,-0.10397782176733017,0.9553279280662537,0.4409767985343933,0.46663063764572144,-0.11276686191558838,0.954541802406311,0.3838292062282562,0.4711366891860962,-0.07904265820980072,0.9451223611831665,0.43046465516090393,0.45083117485046387,-0.0005270989495329559,0.9996524453163147,0.4005795419216156,0.44856369495391846,0.0004969594301655889,0.9997787475585938,0.42458438873291016,0.5541430711746216,-0.010745981708168983,0.9835636019706726,0.3997988998889923,0.5490694046020508,-0.01738644763827324,0.9912953972816467,0.41990596055984497,0.6537339687347412,0.041750140488147736,0.98695307970047,0.4017149806022644,0.6604630947113037,0.03578673675656319,0.9900692701339722,0.41762757301330566,0.6690922379493713,0.042515091598033905,0.9247437715530396,0.4042157232761383,0.6753849387168884,0.036356233060359955,0.8698756098747253,0.42741236090660095,0.6831598281860352,-0.02626746892929077,0.9841978549957275,0.39365285634994507,0.6943709850311279,-0.03572765365242958,0.9843510389328003
56,walk,0.4115838408470154,0.26228246092796326,-0.17259430885314941,0.999992311000824,0.4147917330265045,0.25410085916519165,-0.1653776913881302,0.9999707937240601,0.416954904794693,0.2539977431297302,-0.16538788378238678,0.9999704360961914,0.4185613989830017,0.254134863615036,-0.16537980735301971,0.999968409538269,0.40860041975975037,0.2550794184207916,-0.16441407799720764,0.9999721646308899,0.40688300132751465,0.2557637393474579,-0.16443386673927307,0.9999693036079407,0.4052329659461975,0.2566639482975006,-0.16445966064929962,0.9999682307243347,0.4224913716316223,0.25925153493881226,-0.10873506218194962,0.9999302625656128,0.40394988656044006,0.2618045508861542,-0.10438445955514908,0.9999281764030457,0.4163699150085449,0.27216851711273193,-0.15039671957492828,0.9999808669090271,0.40859341621398926,0.2731034755706787,-0.149149551987648,0.9999794960021973,0.44192665815353394,0.3146028220653534,-0.06311298161745071,0.9999573230743408,0.3922366499900818,0.3199557065963745,-0.05824337154626846,0.9999698996543884,0.4493488669395447,0.3867276608943939,-0.04663833975791931,0.9880743622779846,0.386464923620224,0.39527180790901184,-0.0248049758374691,0.9826334118843079,0.44620054960250854,0.45340675115585327,-0.10581173747777939,0.9822598099708557,0.3818085789680481,0.458443284034729,-0.0714375451207161,0.9745777249336243,0.4458211362361908,0.4751998782157898,-0.12260501086711884,0.9616581201553345,0.37992215156555176,0.4785043001174927,-0.0858764797449112,0.9514527916908264,0.4420192241668701,0.47307726740837097,-0.14048373699188232,0.9638819694519043,0.3821733593940735,0.4777636229991913,-0.10455300658941269,0.9537258744239807,0.4408923089504242,0.4666636884212494,-0.11366279423236847,0.9536880850791931,0.3838592767715454,0.4711175262928009,-0.07957343757152557,0.9432641267776489,0.4304681718349457,0.45086386799812317,0.001364446827210486,0.9996258616447449,0.40058380365371704,0.4484749734401703,-0.0013933384325355291,0.9997722506523132,0.4245823919773102,0.5541337132453918,-0.010923837311565876,0.9803279638290405,0.39967915415763855,0.5488500595092773,-0.027365636080503464,0.9902540445327759,0.4198959469795227,0.6539006233215332,0.04065655916929245,0.984248697757721,0.4004333019256592,0.6625373363494873,0.02629893645644188,0.988916277885437,0.41713637113571167,0.6701722741127014,0.04142767935991287,0.9187909364700317,0.4028016924858093,0.678690493106842,0.026936644688248634,0.860244870185852,0.42769598960876465,0.6831718683242798,-0.0267939455807209,0.9818063974380493,0.39331960678100586,0.6955244541168213,-0.04725604131817818,0.9828445911407471
57,walk,0.4117642939090729,0.2619706094264984,-0.16714569926261902,0.9999915361404419,0.4149736762046814,0.2537749707698822,-0.15992188453674316,0.9999679327011108,0.4171922206878662,0.25365281105041504,-0.159937784075737,0.9999670386314392,0.41879788041114807,0.2537377178668976,-0.15993371605873108,0.999965488910675,0.4087112843990326,0.2546772062778473,-0.15883249044418335,0.9999698400497437,0.40696388483047485,0.2553091049194336,-0.15885302424430847,0.9999661445617676,0.4052365720272064,0.256203293800354,-0.15888798236846924,0.9999656081199646,0.42268577218055725,0.25888460874557495,-0.10298562049865723,0.999921977519989,0.40395593643188477,0.26142966747283936,-0.09838501363992691,0.9999206066131592,0.4166219234466553,0.27195772528648376,-0.14473511278629303,0.9999793767929077,0.40871715545654297,0.2728654742240906,-0.14342018961906433,0.9999781250953674,0.4420415759086609,0.3143705129623413,-0.05779597908258438,0.9999523162841797,0.3923487663269043,0.31971222162246704,-0.05454709380865097,0.9999690055847168,0.4496150016784668,0.386732816696167,-0.041119229048490524,0.987738847732544,0.38644152879714966,0.39499711990356445,-0.024029802531003952,0.9817003607749939,0.44618186354637146,0.4539773166179657,-0.09762733429670334,0.9818329811096191,0.38181909918785095,0.4583972990512848,-0.07121157646179199,0.9733744263648987,0.4457929730415344,0.4754926562309265,-0.11379537731409073,0.9608108997344971,0.3799203038215637,0.47849032282829285,-0.08607429265975952,0.9497547149658203,0.44200119376182556,0.4732324779033661,-0.13175064325332642,0.9630621075630188,0.38220328092575073,0.4777345061302185,-0.10448452085256577,0.952176570892334,0.44085949659347534,0.4668654501438141,-0.10538025200366974,0.9526214599609375,0.38393276929855347,0.47109243273735046,-0.07921913266181946,0.9414337277412415,0.4304603934288025,0.4518326222896576,0.0018914865795522928,0.9995830655097961,0.4005785882472992,0.44888317584991455,-0.0019122930243611336,0.9997645616531372,0.4245745539665222,0.554693877696991,-0.010203971527516842,0.977377712726593,0.3993159830570221,0.5498978495597839,-0.03321067988872528,0.9892653226852417,0.4195689260959625,0.6539744138717651,0.043672893196344376,0.9815189838409424,0.39836937189102173,0.666728138923645,0.018457798287272453,0.9879980087280273,0.4158559739589691,0.6713728308677673,0.044667668640613556,0.9126300811767578,0.40106138586997986,0.6830170750617981,0.018849091604351997,0.8529728651046753,0.42773643136024475,0.6830392479896545,-0.02332727238535881,0.9793212413787842,0.39168664813041687,0.6970561146736145,-0.05659375339746475,0.9816036820411682
58,walk,0.411787748336792,0.2617015540599823,-0.1730874627828598,0.9999911189079285,0.4149501919746399,0.25346046686172485,-0.16569331288337708,0.9999666810035706,0.4172012209892273,0.2533215582370758,-0.1657102406024933,0.9999655485153198,0.4188578128814697,0.2533244490623474,-0.16570869088172913,0.9999643564224243,0.4086896479129791,0.25435423851013184,-0.1644527018070221,0.9999688267707825,0.40692630410194397,0.2549769878387451,-0.16447660326957703,0.9999645948410034,0.40519142150878906,0.255883127450943,-0.16451075673103333,0.9999643564224243,0.4226807653903961,0.25845983624458313,-0.10803890228271484,0.9999186396598816,0.4039202630519867,0.26127922534942627,-0.10294000059366226,0.9999166131019592,0.416745126247406,0.2717863917350769,-0.15049807727336884,0.9999789595603943,0.4087317883968353,0.27271023392677307,-0.14902149140834808,0.999977707862854,0.44213247299194336,0.31433194875717163,-0.06211581826210022,0.9999498724937439,0.39236727356910706,0.319715291261673,-0.057339392602443695,0.9999682903289795,0.44981932640075684,0.3868670165538788,-0.04670438915491104,0.9878029227256775,0.38638025522232056,0.3952602446079254,-0.02644571289420128,0.98082435131073,0.4461131989955902,0.45427343249320984,-0.10271698236465454,0.9819900393486023,0.3818259835243225,0.45941224694252014,-0.0734238475561142,0.9720924496650696,0.4455775320529938,0.4758484363555908,-0.1188829317688942,0.9609902501106262,0.37992051243782043,0.48002955317497253,-0.08845477551221848,0.9477763175964355,0.4416586458683014,0.4734303653240204,-0.1366792768239975,0.9632085561752319,0.3823327422142029,0.47959938645362854,-0.10654573142528534,0.9503363966941833,0.44060760736465454,0.4670659005641937,-0.11022945493459702,0.9526929259300232,0.3841693103313446,0.47237342596054077,-0.08124904334545135,0.9392464756965637,0.43044567108154297,0.4521578848361969,0.0023326117079705,0.9995474219322205,0.40052396059036255,0.44896209239959717,-0.0023553501814603806,0.9997590184211731,0.4245679974555969,0.5547853708267212,-0.007088364101946354,0.9746925234794617,0.3989836871623993,0.5499165654182434,-0.03964873403310776,0.9885735511779785,0.41946887969970703,0.6539683938026428,0.04830823093652725,0.9792631268501282,0.39626699686050415,0.6684716939926147,0.009295213036239147,0.9873656034469604,0.4150441288948059,0.6716250777244568,0.049552347511053085,0.907723605632782,0.3992993235588074,0.6845767498016357,0.009411264210939407,0.8475463390350342,0.4277990758419037,0.6827673316001892,-0.018202589824795723,0.9771931767463684,0.3910423815250397,0.6968079209327698,-0.06770530343055725,0.9807519912719727
59,walk,0.41175636649131775,0.26169222593307495,-0.17243283987045288,0.9999909400939941,0.41493043303489685,0.253380686044693,-0.165169358253479,0.9999663829803467,0.4171582758426666,0.2532443404197693,-0.16518309712409973,0.9999650716781616,0.41883954405784607,0.2532132863998413,-0.16518013179302216,0.9999640583992004,0.4086723327636719,0.2542782723903656,-0.16388100385665894,0.9999687075614929,0.4068618714809418,0.25492531061172485,-0.16390156745910645,0.9999642372131348,0.405140221118927,0.25582006573677063,-0.16393156349658966,0.9999641180038452,0.42264324426651,0.2582477331161499,-0.10758930444717407,0.9999170303344727,0.4038825035095215,0.2612770199775696,-0.10288705676794052,0.9999156594276428,0.4167288839817047,0.2717660069465637,-0.15011867880821228,0.9999790787696838,0.4087120592594147,0.2726953327655792,-0.1485767364501953,0.9999779462814331,0.44214946031570435,0.3142905831336975,-0.06102308630943298,0.9999489784240723,0.39236509799957275,0.3197017312049866,-0.057240165770053864,0.9999685883522034,0.45008522272109985,0.38737279176712036,-0.046666309237480164,0.987983226776123,0.3863421082496643,0.3953143358230591,-0.02719729207456112,0.980411946773529,0.44597387313842773,0.4545608162879944,-0.1062765121459961,0.9825186729431152,0.3818211555480957,0.459854394197464,-0.07531936466693878,0.9718422293663025,0.4450832009315491,0.47608163952827454,-0.1233094111084938,0.9620232582092285,0.37991687655448914,0.4806240499019623,-0.09093604236841202,0.9475327730178833,0.4410901963710785,0.47358423471450806,-0.1409880667924881,0.9641582369804382,0.382426917552948,0.48040902614593506,-0.10883571952581406,0.9501084089279175,0.44022178649902344,0.4672181010246277,-0.11380044370889664,0.9537680745124817,0.38431617617607117,0.4730704128742218,-0.08298636227846146,0.9388386607170105,0.43043798208236694,0.45250675082206726,0.0035965065471827984,0.9995200037956238,0.40050435066223145,0.4490646719932556,-0.0036240331828594208,0.9997573494911194,0.42457038164138794,0.5547780990600586,-0.0008832847815938294,0.972281277179718,0.39853763580322266,0.5499742031097412,-0.04331016540527344,0.9881943464279175,0.41952165961265564,0.6538437008857727,0.056731171905994415,0.9772387742996216,0.3942895531654358,0.6690164804458618,0.0034663057886064053,0.9870246052742004,0.4149675965309143,0.6714445352554321,0.058190517127513885,0.9040666818618774,0.3976736068725586,0.6852567791938782,0.00341370003297925,0.8443015813827515,0.42786139249801636,0.6827443242073059,-0.007785753346979618,0.9754049777984619,0.39101946353912354,0.6969741582870483,-0.07358065992593765,0.9803007245063782
60,walk,0.41172313690185547,0.2616906762123108,-0.1743127852678299,0.9999906420707703,0.4148250222206116,0.25328609347343445,-0.16671723127365112,0.9999656081199646,0.4170975089073181,0.2531513571739197,-0.16673585772514343,0.99996417760849,0.41880694031715393,0.2530677914619446,-0.166733980178833,0.9999634027481079,0.408576637506485,0.2542274594306946,-0.16542354226112366,0.9999682307243347,0.4066859185695648,0.25489577651023865,-0.16544663906097412,0.9999634027481079,0.4050598740577698,0.2557743787765503,-0.1654769629240036,0.9999634027481079,0.4226054251194,0.2579808533191681,-0.10863003879785538,0.9999151229858398,0.4038543105125427,0.2612747251987457,-0.10353615134954453,0.9999135732650757,0.4167001247406006,0.27173903584480286,-0.15173007547855377,0.9999790191650391,0.4086594581604004,0.272686630487442,-0.15016835927963257,0.9999780654907227,0.4421347975730896,0.3142361044883728,-0.06335658580064774,0.9999484419822693,0.39233413338661194,0.3198551833629608,-0.05798518657684326,0.9999690055847168,0.450141578912735,0.3873692452907562,-0.055001150816679,0.9881680011749268,0.38631585240364075,0.396054208278656,-0.02825760468840599,0.9795085787773132,0.44567838311195374,0.4545418918132782,-0.1182575598359108,0.9828490018844604,0.3818237781524658,0.46090400218963623,-0.0767170637845993,0.9706243276596069,0.4446909427642822,0.47622883319854736,-0.13618981838226318,0.9626721739768982,0.37997251749038696,0.48200759291648865,-0.09258206188678741,0.9456824064254761,0.4406788945198059,0.4737010896205902,-0.15334159135818481,0.9647377729415894,0.3826236128807068,0.4818951487541199,-0.1104053407907486,0.948360800743103,0.4398379325866699,0.46730875968933105,-0.12563136219978333,0.9543197154998779,0.38446807861328125,0.4744916558265686,-0.08436551690101624,0.9366546273231506,0.43040862679481506,0.4529378116130829,0.003996221348643303,0.9994910359382629,0.40049004554748535,0.44933247566223145,-0.00401653628796339,0.9997594356536865,0.4246916174888611,0.5541943311691284,0.004716936964541674,0.9692818522453308,0.3981795310974121,0.5499640107154846,-0.05596325546503067,0.9877908229827881,0.41973742842674255,0.6531699895858765,0.06658889353275299,0.9746925234794617,0.39328619837760925,0.6694084405899048,-0.014871095307171345,0.9867402911186218,0.415017306804657,0.6713522672653198,0.06842020153999329,0.8991055488586426,0.3966512978076935,0.686267614364624,-0.015622340142726898,0.8422238826751709,0.4279164671897888,0.6824166774749756,0.0025991699658334255,0.9730982184410095,0.3900628089904785,0.6967216730117798,-0.09560064226388931,0.979967474937439
61,walk,0.41145339608192444,0.2616881728172302,-0.17600926756858826,0.9999903440475464,0.41446295380592346,0.25318342447280884,-0.16848216950893402,0.9999645948410034,0.41677555441856384,0.25305572152137756,-0.16850152611732483,0.999963104724884,0.41871586441993713,0.2529364228248596,-0.1684994399547577,0.9999625086784363,0.40820780396461487,0.2541452944278717,-0.16705262660980225,0.9999675750732422,0.4063091278076172,0.2548048794269562,-0.1670723557472229,0.9999622702598572,0.40487703680992126,0.2556186318397522,-0.1671033799648285,0.999962329864502,0.4223948121070862,0.257583886384964,-0.11050155013799667,0.999912440776825,0.40384650230407715,0.261062353849411,-0.10458652675151825,0.9999099373817444,0.41656047105789185,0.27169930934906006,-0.15338951349258423,0.9999789595603943,0.408404678106308,0.2726244330406189,-0.1516440361738205,0.9999781250953674,0.4421209394931793,0.314219206571579,-0.06665759533643723,0.9999483227729797,0.3922971785068512,0.31985506415367126,-0.05851973965764046,0.9999695420265198,0.45011791586875916,0.3876034915447235,-0.05968790501356125,0.9883556365966797,0.3862648606300354,0.3962801694869995,-0.028857404366135597,0.9782408475875854,0.44479799270629883,0.4553268551826477,-0.12346194684505463,0.9831406474113464,0.38182222843170166,0.4610607624053955,-0.07807285338640213,0.9691935777664185,0.4436991810798645,0.47704917192459106,-0.14201292395591736,0.9632107019424438,0.37999480962753296,0.4822596311569214,-0.09415636956691742,0.9435789585113525,0.439718633890152,0.4744758605957031,-0.15909336507320404,0.9652722477912903,0.38276323676109314,0.4821392893791199,-0.11219187825918198,0.9464301466941833,0.4389064908027649,0.46795251965522766,-0.13080841302871704,0.9547922611236572,0.38458698987960815,0.4747813045978546,-0.08579140901565552,0.9341357946395874,0.4303235113620758,0.4535255432128906,0.003768758149817586,0.9994567036628723,0.4004534184932709,0.4497307240962982,-0.003787271212786436,0.9997633695602417,0.4248100221157074,0.5541729927062988,0.012224381789565086,0.966459333896637,0.3978824019432068,0.5500816702842712,-0.05824161693453789,0.9873474836349487,0.4199589192867279,0.6530266404151917,0.08119534701108932,0.9720162153244019,0.39271172881126404,0.6701198816299438,-0.01731356605887413,0.9864319562911987,0.4150828719139099,0.671249508857727,0.08373180776834488,0.8938862085342407,0.395898699760437,0.6874598264694214,-0.01812170073390007,0.8400838375091553,0.42812952399253845,0.6820252537727356,0.018107684329152107,0.9706363677978516,0.38900238275527954,0.6946204900741577,-0.0990988239645958,0.9795961976051331
62,walk,0.41112303733825684,0.26155221462249756,-0.18465062975883484,0.9999902248382568,0.4141080379486084,0.25300073623657227,-0.1772581934928894,0.9999639987945557,0.4164091944694519,0.25288936495780945,-0.17727726697921753,0.9999625086784363,0.41853195428848267,0.25275036692619324,-0.17727729678153992,0.9999620318412781,0.40769973397254944,0.253953218460083,-0.17556068301200867,0.9999671578407288,0.40581291913986206,0.25457924604415894,-0.17557689547538757,0.9999614357948303,0.40457916259765625,0.25530892610549927,-0.17560575902462006,0.9999614357948303,0.4220131039619446,0.2572212219238281,-0.11908290535211563,0.9999115467071533,0.4035699963569641,0.26068830490112305,-0.1118631586432457,0.9999068379402161,0.41629284620285034,0.2715729773044586,-0.16191281378269196,0.9999791979789734,0.40796709060668945,0.2724182903766632,-0.15981896221637726,0.9999784231185913,0.4420929551124573,0.3141191005706787,-0.0755009651184082,0.9999490976333618,0.3920176029205322,0.31985291838645935,-0.06306536495685577,0.9999701380729675,0.45010074973106384,0.38809967041015625,-0.06702019274234772,0.9886936545372009,0.38614025712013245,0.39658042788505554,-0.03226323798298836,0.9767616987228394,0.44431114196777344,0.4566400647163391,-0.129457026720047,0.9835345149040222,0.3816912770271301,0.46123039722442627,-0.08266843855381012,0.9673884510993958,0.4431910514831543,0.47836050391197205,-0.14823095500469208,0.9638615846633911,0.37991780042648315,0.4827900826931,-0.098976731300354,0.9408190250396729,0.43913841247558594,0.4755321145057678,-0.16572685539722443,0.9659504294395447,0.3827500641345978,0.4827328026294708,-0.11748608201742172,0.9439417123794556,0.4383498728275299,0.46888405084609985,-0.1368926614522934,0.9554507732391357,0.38455504179000854,0.4753284752368927,-0.0906589925289154,0.9310201406478882,0.4302220344543457,0.4538261890411377,0.0037085358053445816,0.9994235038757324,0.40027809143066406,0.4499731659889221,-0.003735816106200218,0.9997677803039551,0.42480310797691345,0.5542860627174377,0.015451163053512573,0.9641006588935852,0.3975670635700226,0.5501524806022644,-0.05822110176086426,0.9869977831840515,0.4200710654258728,0.6529971361160278,0.08815641701221466,0.9698611497879028,0.39199206233024597,0.6704331636428833,-0.016687916591763496,0.9862951040267944,0.4151316285133362,0.671147882938385,0.09100238978862762,0.8897171020507812,0.3953196704387665,0.6879858374595642,-0.017585309222340584,0.8392044901847839,0.4282088875770569,0.681538999080658,0.024799447506666183,0.9687111377716064,0.3866814970970154,0.693092405796051,-0.09968503564596176,0.9794277548789978
63,walk,0.41032129526138306,0.26128438115119934,-0.18484607338905334,0.9999898076057434,0.41342926025390625,0.2528155744075775,-0.17735479772090912,0.9999625086784363,0.41570615768432617,0.25273895263671875,-0.17737595736980438,0.9999609589576721,0.4179438650608063,0.25262102484703064,-0.17737942934036255,0.9999606609344482,0.4069518446922302,0.253680020570755,-0.1757081001996994,0.999966025352478,0.405242383480072,0.2542073428630829,-0.1757226288318634,0.9999596476554871,0.40410199761390686,0.25477370619773865,-0.17575223743915558,0.9999596476554871,0.4213840067386627,0.25696897506713867,-0.11901339143514633,0.9999087452888489,0.40297427773475647,0.26010560989379883,-0.11195715516805649,0.9999018311500549,0.41540417075157166,0.2714565396308899,-0.16201069951057434,0.9999790787696838,0.4071010649204254,0.27211064100265503,-0.15997828543186188,0.9999783039093018,0.44162797927856445,0.3138362467288971,-0.07447610795497894,0.9999492764472961,0.3913903832435608,0.31985121965408325,-0.06344345211982727,0.9999704957008362,0.4499514698982239,0.38792717456817627,-0.06331905722618103,0.9888967871665955,0.38595932722091675,0.39659932255744934,-0.03257106989622116,0.9743162989616394,0.4439096450805664,0.4568464457988739,-0.12288844585418701,0.983591616153717,0.3816244304180145,0.4613285958766937,-0.08290241658687592,0.9643460512161255,0.4426334798336029,0.4786791205406189,-0.14091773331165314,0.9637926816940308,0.37988853454589844,0.4832492470741272,-0.09925000369548798,0.9363155364990234,0.4383696913719177,0.4758111834526062,-0.15845522284507751,0.965959906578064,0.38271814584732056,0.483173668384552,-0.11789025366306305,0.9397993683815002,0.4375588297843933,0.46911168098449707,-0.13033249974250793,0.9552431106567383,0.38450223207473755,0.4756867289543152,-0.0909847766160965,0.9259717464447021,0.4298688471317291,0.4538031816482544,0.003575838403776288,0.9993879199028015,0.39993053674697876,0.4499855935573578,-0.0035973223857581615,0.9997711777687073,0.4247466027736664,0.5542835593223572,0.01586754247546196,0.9611980319023132,0.3971814811229706,0.5502244234085083,-0.06727538257837296,0.9865781664848328,0.42009177803993225,0.6529006361961365,0.08806539326906204,0.9669358134269714,0.39138063788414,0.6707322597503662,-0.030425887554883957,0.9860923290252686,0.4149959087371826,0.6710713505744934,0.09077106416225433,0.8838241100311279,0.3948829174041748,0.6882852911949158,-0.031815189868211746,0.8381640911102295,0.4282931685447693,0.681186318397522,0.02415645308792591,0.9660645127296448,0.3862154185771942,0.6923635601997375,-0.11561360210180283,0.979221522808075
64,walk,0.4091750979423523,0.2608511745929718,-0.1842399537563324,0.99998939037323,0.41239824891090393,0.25254201889038086,-0.1768500655889511,0.9999608993530273,0.41465410590171814,0.25245803594589233,-0.17687365412712097,0.9999593496322632,0.4169120192527771,0.2523691654205322,-0.17688001692295074,0.9999593496322632,0.40605902671813965,0.2533811032772064,-0.1749715358018875,0.9999645948410034,0.4045966565608978,0.253807932138443,-0.1749836653470993,0.9999573826789856,0.4032959043979645,0.2542487680912018,-0.17501096427440643,0.999957263469696,0.42063817381858826,0.2566481828689575,-0.11913710832595825,0.9999070167541504,0.40220752358436584,0.2597121000289917,-0.11107669025659561,0.9998946785926819,0.4143144488334656,0.2712631821632385,-0.16167543828487396,0.9999789595603943,0.406146764755249,0.2717764377593994,-0.159331813454628,0.9999779462814331,0.4409695565700531,0.31351351737976074,-0.07616637647151947,0.9999499917030334,0.39071622490882874,0.31984615325927734,-0.06255599111318588,0.9999700784683228,0.44948703050613403,0.3876563310623169,-0.0654810220003128,0.9892717599868774,0.38502705097198486,0.3973883390426636,-0.03225584700703621,0.9713910222053528,0.44364628195762634,0.456921249628067,-0.12357642501592636,0.983954906463623,0.3813777565956116,0.4619399607181549,-0.08202631026506424,0.9604610800743103,0.4424085021018982,0.47880423069000244,-0.14178359508514404,0.9643313884735107,0.379768043756485,0.48456645011901855,-0.09824463725090027,0.9306302070617676,0.4379870295524597,0.47591710090637207,-0.15935766696929932,0.9665217399597168,0.38263460993766785,0.4841809868812561,-0.11684457212686539,0.9345012307167053,0.43710675835609436,0.4692232012748718,-0.13093242049217224,0.9557686448097229,0.38436469435691833,0.47643792629241943,-0.09012038260698318,0.9197797775268555,0.42928752303123474,0.45392993092536926,0.0029457672499120235,0.9993574023246765,0.39926573634147644,0.4503486752510071,-0.0029452049639075994,0.9997717142105103,0.42474380135536194,0.5543196201324463,0.012609372846782207,0.9589416980743408,0.39681288599967957,0.5508555769920349,-0.06192166730761528,0.986160397529602,0.420095294713974,0.65285724401474,0.08262106031179428,0.9643613696098328,0.3914165794849396,0.6713791489601135,-0.022446060553193092,0.9858704805374146,0.41497573256492615,0.6710211634635925,0.08513884991407394,0.8785102367401123,0.3950885832309723,0.6885973215103149,-0.02357974275946617,0.8371981382369995,0.42838209867477417,0.6808907985687256,0.018161790445446968,0.9636454582214355,0.3852076530456543,0.6918313503265381,-0.10628281533718109,0.9788971543312073
65,walk,0.40830668807029724,0.260599285364151,-0.18298593163490295,0.9999887347221375,0.4113802909851074,0.2522426247596741,-0.17598757147789001,0.999958336353302,0.4136475622653961,0.2520623803138733,-0.176009401679039,0.9999566078186035,0.41585999727249146,0.2519322633743286,-0.1760161966085434,0.9999570846557617,0.40525707602500916,0.2531673014163971,-0.17392240464687347,0.9999622702598572,0.40388375520706177,0.25355541706085205,-0.17393288016319275,0.9999538064002991,0.40224915742874146,0.25400614738464355,-0.17396007478237152,0.99995356798172,0.41979947686195374,0.2562273144721985,-0.1194850355386734,0.9999037384986877,0.4010642170906067,0.2596645653247833,-0.11037075519561768,0.9998829364776611,0.41350969672203064,0.271125465631485,-0.16069278120994568,0.9999781847000122,0.40543094277381897,0.27161240577697754,-0.158141627907753,0.9999766945838928,0.44010215997695923,0.31305545568466187,-0.07742270082235336,0.9999499320983887,0.38986462354660034,0.3196427822113037,-0.06087539717555046,0.9999688267707825,0.4489465355873108,0.3873535692691803,-0.06558175384998322,0.9895991683006287,0.38427025079727173,0.39778128266334534,-0.027009565383195877,0.9681564569473267,0.4433012008666992,0.4568500220775604,-0.12210728973150253,0.984387993812561,0.38106769323349,0.46225103735923767,-0.07700344920158386,0.9572246670722961,0.4421791136264801,0.4787878692150116,-0.139974907040596,0.9650460481643677,0.3794413208961487,0.4850631654262543,-0.09261146932840347,0.9260526299476624,0.43767619132995605,0.4759220480918884,-0.15786954760551453,0.9672516584396362,0.38238465785980225,0.48457005620002747,-0.1118946447968483,0.9303035736083984,0.4366699755191803,0.46924763917922974,-0.12953637540340424,0.956559956073761,0.38408809900283813,0.4768352210521698,-0.08544465154409409,0.9149855971336365,0.42899376153945923,0.4539251923561096,0.0003764503344427794,0.9993171095848083,0.3988599181175232,0.45054957270622253,-0.000352357019437477,0.9997698068618774,0.42469653487205505,0.5552511215209961,0.010304427705705166,0.9574279189109802,0.3964381515979767,0.5524007081985474,-0.055564649403095245,0.985754132270813,0.42010122537612915,0.6526932120323181,0.07836030423641205,0.9618285298347473,0.39135026931762695,0.6723858714103699,-0.013471330516040325,0.985640823841095,0.41499680280685425,0.6709628701210022,0.08054196089506149,0.8728914856910706,0.395153671503067,0.6899070739746094,-0.014371192082762718,0.8361808657646179,0.42848849296569824,0.680901050567627,0.013785350136458874,0.9611269235610962,0.3841078281402588,0.6923349499702454,-0.09504429996013641,0.9784477949142456
66,walk,0.40695124864578247,0.26048538088798523,-0.18000027537345886,0.9999881386756897,0.4097803235054016,0.2520144283771515,-0.1732402741909027,0.9999560713768005,0.4120669960975647,0.251753032207489,-0.1732659786939621,0.9999541640281677,0.4142122268676758,0.25154903531074524,-0.17327579855918884,0.999954879283905,0.4043586850166321,0.25302472710609436,-0.17051459848880768,0.9999606013298035,0.4028865694999695,0.25342220067977905,-0.1705244481563568,0.9999513626098633,0.4010390341281891,0.253938227891922,-0.17055711150169373,0.9999512434005737,0.41850757598876953,0.2558097541332245,-0.11782795190811157,0.9998995065689087,0.40008196234703064,0.2596330940723419,-0.10587410628795624,0.9998744130134583,0.41202783584594727,0.2709956169128418,-0.15804435312747955,0.9999774098396301,0.4044339656829834,0.27154335379600525,-0.15466657280921936,0.9999757409095764,0.43925151228904724,0.31289514899253845,-0.07700061798095703,0.9999485015869141,0.38876765966415405,0.319523423910141,-0.055541545152664185,0.9999683499336243,0.44827398657798767,0.3873080313205719,-0.06428694725036621,0.9897637367248535,0.3832755386829376,0.3980644941329956,-0.022211242467164993,0.965126097202301,0.4427746832370758,0.4570605456829071,-0.11743851751089096,0.9845637679100037,0.3804699778556824,0.46231210231781006,-0.07294468581676483,0.9545234441757202,0.44161659479141235,0.47901293635368347,-0.1343120038509369,0.9652546048164368,0.37860602140426636,0.48519155383110046,-0.08855365216732025,0.922343373298645,0.4369891583919525,0.47618430852890015,-0.15263228118419647,0.9674710035324097,0.38157445192337036,0.4847591519355774,-0.10749314725399017,0.9268811345100403,0.43599557876586914,0.46947941184043884,-0.12479295581579208,0.9566572904586792,0.3833540976047516,0.47705310583114624,-0.08126560598611832,0.910865306854248,0.42853063344955444,0.45391541719436646,-0.00010251822095597163,0.9992759227752686,0.3984077572822571,0.45069360733032227,0.0001247113978024572,0.9997722506523132,0.4245460033416748,0.5552565455436707,0.01212265994399786,0.9566596746444702,0.3960975706577301,0.5534805059432983,-0.05772370845079422,0.9858130812644958,0.4201015532016754,0.6525232791900635,0.0846915990114212,0.9603559970855713,0.39158543944358826,0.6741763353347778,-0.020946137607097626,0.9858341217041016,0.41499748826026917,0.6706697940826416,0.08749531954526901,0.8691980838775635,0.39534908533096313,0.6907833814620972,-0.02239212393760681,0.8374441266059875,0.4285086989402771,0.6809826493263245,0.021354839205741882,0.959754467010498,0.3842976689338684,0.6966166496276855,-0.10414235293865204,0.9786672592163086
67,walk,0.4050760865211487,0.26027214527130127,-0.1771824061870575,0.9999881982803345,0.4077335000038147,0.25163429975509644,-0.17028668522834778,0.9999560117721558,0.4098735749721527,0.25131070613861084,-0.17030993103981018,0.9999540448188782,0.41218310594558716,0.2509855628013611,-0.17031222581863403,0.9999547004699707,0.4027870297431946,0.252753883600235,-0.16762934625148773,0.9999610185623169,0.4010285437107086,0.253217488527298,-0.16764351725578308,0.9999517798423767,0.3994062542915344,0.25377702713012695,-0.1676812618970871,0.9999517798423767,0.41687577962875366,0.25529128313064575,-0.11433900892734528,0.999897837638855,0.3986673355102539,0.25953561067581177,-0.10296279191970825,0.9998737573623657,0.4097959101200104,0.27069583535194397,-0.15512552857398987,0.9999774694442749,0.4029978811740875,0.2713051736354828,-0.1518601030111313,0.9999760389328003,0.43813830614089966,0.3126414716243744,-0.0711323618888855,0.9999483227729797,0.3873503804206848,0.31945452094078064,-0.054960787296295166,0.9999694228172302,0.44773784279823303,0.387299507856369,-0.05988171696662903,0.989797830581665,0.38210922479629517,0.3984074592590332,-0.023427892476320267,0.9636881351470947,0.44256487488746643,0.45719024538993835,-0.11540551483631134,0.9846910238265991,0.3798505663871765,0.46374619007110596,-0.07361414283514023,0.9535636901855469,0.4413953721523285,0.47924351692199707,-0.13214780390262604,0.9654072523117065,0.3781106173992157,0.4873972535133362,-0.0891660749912262,0.9210194945335388,0.436804860830307,0.47631824016571045,-0.1506933867931366,0.9676346778869629,0.38120314478874207,0.48645082116127014,-0.10809244215488434,0.9256924390792847,0.4358009696006775,0.4695855975151062,-0.122856006026268,0.9566943049430847,0.3829610049724579,0.4784994423389435,-0.08190934360027313,0.909020185470581,0.4278227686882019,0.4541519582271576,0.00014377172919921577,0.9992544054985046,0.3976534903049469,0.45202818512916565,-0.00012953145778737962,0.9997825026512146,0.424408495426178,0.5560068488121033,0.024808084592223167,0.9557076692581177,0.3958508372306824,0.556380569934845,-0.06864943355321884,0.9860943555831909,0.4201630651950836,0.6524792313575745,0.10438968241214752,0.9587869048118591,0.3917553126811981,0.6776647567749023,-0.04400425776839256,0.9860960841178894,0.4151183068752289,0.6699799299240112,0.10804983228445053,0.8665124177932739,0.3954452872276306,0.6940459609031677,-0.04651376232504845,0.838845431804657,0.42871126532554626,0.6813880205154419,0.04419342055916786,0.9586007595062256,0.38475409150123596,0.7018888592720032,-0.1294299215078354,0.9790712594985962
68,walk,0.40426701307296753,0.25989681482315063,-0.18769869208335876,0.9999884963035583,0.4069121778011322,0.2512276768684387,-0.18029990792274475,0.9999572038650513,0.4090573191642761,0.25087156891822815,-0.1803211122751236,0.9999553561210632,0.41135373711586,0.250492662191391,-0.18032202124595642,0.9999558329582214,0.40173548460006714,0.25245076417922974,-0.17817838490009308,0.9999622702598572,0.3997440040111542,0.2529929578304291,-0.17819878458976746,0.9999535083770752,0.39817845821380615,0.2536173164844513,-0.1782364398241043,0.9999534487724304,0.41589292883872986,0.2549041509628296,-0.12143514305353165,0.9998999238014221,0.3969781994819641,0.2595221698284149,-0.1123294085264206,0.9998769164085388,0.4090145230293274,0.27041101455688477,-0.1646425426006317,0.9999781847000122,0.40202969312667847,0.2710413932800293,-0.16206200420856476,0.9999769330024719,0.43713659048080444,0.3124980032444,-0.07395800203084946,0.9999485611915588,0.38579002022743225,0.3195740282535553,-0.06360743194818497,0.9999703764915466,0.4472137987613678,0.3872707784175873,-0.060674555599689484,0.9898564219474792,0.3812704086303711,0.3999994099140167,-0.03398422524333,0.9624184370040894,0.4424458146095276,0.45733770728111267,-0.1166808009147644,0.9846237301826477,0.37914758920669556,0.46679574251174927,-0.0858038142323494,0.9517087936401367,0.4413025975227356,0.4795683026313782,-0.13345488905906677,0.9650463461875916,0.377472847700119,0.4907667338848114,-0.10222812741994858,0.9182695746421814,0.43671029806137085,0.4765423536300659,-0.15204842388629913,0.9673434495925903,0.3804413378238678,0.4896842837333679,-0.1210966557264328,0.923214852809906,0.43571847677230835,0.4697553515434265,-0.12416569888591766,0.9561344981193542,0.38222628831863403,0.48171699047088623,-0.09398362785577774,0.9057484269142151,0.42713308334350586,0.4542219042778015,0.0011199029395356774,0.9992347955703735,0.39685338735580444,0.4526631534099579,-0.001121288863942027,0.9997920989990234,0.42390212416648865,0.5561562180519104,0.03558812662959099,0.9553512334823608,0.39572662115097046,0.5569882988929749,-0.07272640615701675,0.9865030646324158,0.4201783537864685,0.6523767709732056,0.12252505868673325,0.9579564929008484,0.3918871283531189,0.680193305015564,-0.05210517719388008,0.9864804148674011,0.41531023383140564,0.668947696685791,0.12693169713020325,0.865044355392456,0.3954349160194397,0.6962887048721313,-0.05511283129453659,0.8397623896598816,0.4287510812282562,0.68146812915802,0.06309187412261963,0.9581654071807861,0.3871104121208191,0.7053350806236267,-0.14077705144882202,0.9796207547187805
69,walk,0.4022600054740906,0.25901681184768677,-0.1882411539554596,0.9999889135360718,0.40480026602745056,0.2502466142177582,-0.1811719834804535,0.9999586343765259,0.40692877769470215,0.2497786581516266,-0.18119052052497864,0.9999568462371826,0.40924540162086487,0.24932576715946198,-0.18118958175182343,0.9999572038650513,0.399541437625885,0.251703679561615,-0.17878568172454834,0.999963641166687,0.3978230357170105,0.25226253271102905,-0.17880624532699585,0.9999553561210632,0.3961002230644226,0.2528642416000366,-0.17884191870689392,0.9999552965164185,0.4143067002296448,0.2539975345134735,-0.12271095812320709,0.9999028444290161,0.39477118849754333,0.2591346204280853,-0.11257221549749374,0.9998809695243835,0.4067211151123047,0.26958444714546204,-0.1652493178844452,0.9999791383743286,0.40001195669174194,0.27039390802383423,-0.16235527396202087,0.9999781250953674,0.4356699585914612,0.31182020902633667,-0.0740119144320488,0.9999498128890991,0.3839244544506073,0.3195471167564392,-0.06287859380245209,0.9999716281890869,0.44646376371383667,0.38597485423088074,-0.0591004379093647,0.9900406002998352,0.38015255331993103,0.40068814158439636,-0.03282796964049339,0.9622856974601746,0.44225063920021057,0.4573143422603607,-0.11436162143945694,0.9848206043243408,0.3781145513057709,0.4670844078063965,-0.08420013636350632,0.9518646597862244,0.4411613941192627,0.4796060025691986,-0.13101764023303986,0.9653418064117432,0.3762950301170349,0.49116864800453186,-0.10041515529155731,0.9187543392181396,0.436601459980011,0.4765545427799225,-0.14993764460086823,0.9676063656806946,0.3792138397693634,0.49014219641685486,-0.11949952691793442,0.9237537980079651,0.4355956017971039,0.4697602093219757,-0.12191599607467651,0.9564192295074463,0.38102027773857117,0.48227056860923767,-0.09240096807479858,0.9060668349266052,0.4264849126338959,0.4542255401611328,0.0012654324527829885,0.9992349743843079,0.39603593945503235,0.45350974798202515,-0.0012721288949251175,0.99980229139328,0.4235225319862366,0.5565243363380432,0.03351862356066704,0.9565641283988953,0.3955819308757782,0.559548020362854,-0.07429692149162292,0.9872152209281921,0.4201536178588867,0.6524865031242371,0.13061240315437317,0.9587982296943665,0.39195674657821655,0.682214617729187,-0.05061839893460274,0.9870513677597046,0.41533198952674866,0.6687986850738525,0.136034294962883,0.8653537034988403,0.39549311995506287,0.6974537372589111,-0.05329207703471184,0.8426012396812439,0.42877086997032166,0.6818644404411316,0.07117937505245209,0.9589781761169434,0.3904242217540741,0.7112019062042236,-0.13972024619579315,0.9804121255874634
70,walk,0.40063396096229553,0.25795507431030273,-0.19124628603458405,0.99998939037323,0.40305519104003906,0.2489897459745407,-0.18428128957748413,0.9999602437019348,0.405198335647583,0.24836404621601105,-0.18429802358150482,0.9999584555625916,0.407496839761734,0.24777016043663025,-0.18429717421531677,0.9999586939811707,0.39758867025375366,0.2508184015750885,-0.18203605711460114,0.9999651312828064,0.39590463042259216,0.2514123022556305,-0.1820574551820755,0.9999573230743408,0.3939136862754822,0.25199946761131287,-0.1820932775735855,0.9999572038650513,0.4125540852546692,0.2523322105407715,-0.12504276633262634,0.9999063014984131,0.39251378178596497,0.2584552466869354,-0.11549289524555206,0.999885618686676,0.4051399230957031,0.26846468448638916,-0.1678026020526886,0.9999802112579346,0.39836612343788147,0.26959964632987976,-0.16508682072162628,0.9999792575836182,0.43424567580223083,0.31062644720077515,-0.07381638884544373,0.9999514818191528,0.382050096988678,0.31946033239364624,-0.0652615875005722,0.999972939491272,0.44556814432144165,0.385209858417511,-0.053841836750507355,0.9902422428131104,0.3788507878780365,0.40129679441452026,-0.03390553221106529,0.9624429941177368,0.442030668258667,0.4574485421180725,-0.11039049923419952,0.9851353168487549,0.3766551911830902,0.4685085415840149,-0.08672938495874405,0.9524878263473511,0.441030353307724,0.4799075722694397,-0.12687954306602478,0.9659397006034851,0.37499916553497314,0.4927724599838257,-0.10311063379049301,0.9199742078781128,0.4365273416042328,0.47681689262390137,-0.14666256308555603,0.9681777954101562,0.37785404920578003,0.49194857478141785,-0.12247145175933838,0.9249845147132874,0.435499370098114,0.4700007140636444,-0.11826632916927338,0.9571977853775024,0.3795502483844757,0.48386242985725403,-0.0949362963438034,0.9072206020355225,0.4257749915122986,0.4543355405330658,0.0024852072820067406,0.9992446899414062,0.3951735198497772,0.45433828234672546,-0.0025085152592509985,0.9998116493225098,0.42293888330459595,0.5581233501434326,0.03628634661436081,0.9578475952148438,0.39527279138565063,0.5625421404838562,-0.06975729018449783,0.9879224300384521,0.4201323986053467,0.652772068977356,0.14092223346233368,0.9599658250808716,0.39200156927108765,0.6840241551399231,-0.039398349821567535,0.9876391291618347,0.41534289717674255,0.6688023805618286,0.1471620351076126,0.8673388957977295,0.3955475986003876,0.6983309388160706,-0.041280556470155716,0.846377968788147,0.42884182929992676,0.683007001876831,0.08309775590896606,0.9600908756256104,0.3910512328147888,0.715440034866333,-0.12277060747146606,0.9811326265335083
71,walk,0.3988721966743469,0.25652965903282166,-0.19905880093574524,0.9999901056289673,0.40126195549964905,0.24745434522628784,-0.1917613446712494,0.9999628663063049,0.4033680856227875,0.2467285394668579,-0.19177201390266418,0.9999611973762512,0.40558138489723206,0.24606512486934662,-0.19177192449569702,0.9999613165855408,0.39576059579849243,0.2497134953737259,-0.18956714868545532,0.9999675154685974,0.39406439661979675,0.25033602118492126,-0.18958866596221924,0.9999603033065796,0.39192742109298706,0.2509751617908478,-0.1896221935749054,0.9999601244926453,0.41068005561828613,0.2506636381149292,-0.13038738071918488,0.9999125003814697,0.3905418813228607,0.2575885057449341,-0.12124510109424591,0.9998931884765625,0.40330666303634644,0.26674318313598633,-0.17481273412704468,0.9999816417694092,0.39657795429229736,0.26829415559768677,-0.17222005128860474,0.9999808073043823,0.4325786530971527,0.309305876493454,-0.07518383860588074,0.9999533295631409,0.3803013563156128,0.31908348202705383,-0.0694885104894638,0.999974250793457,0.4448348879814148,0.3852320909500122,-0.05072859674692154,0.9905150532722473,0.377521812915802,0.401203989982605,-0.037381868809461594,0.9624790549278259,0.44188517332077026,0.45801180601119995,-0.10397205501794815,0.9854162335395813,0.3749731183052063,0.46876516938209534,-0.09205105900764465,0.9528201222419739,0.44099539518356323,0.48017463088035583,-0.11960206925868988,0.9664000868797302,0.37337273359298706,0.49300044775009155,-0.10860250145196915,0.9206143021583557,0.4365135133266449,0.47710174322128296,-0.1397094875574112,0.968650221824646,0.376293420791626,0.4923221170902252,-0.1279347836971283,0.9256633520126343,0.43546971678733826,0.4703415632247925,-0.11186651140451431,0.957775354385376,0.3779407739639282,0.4842302203178406,-0.10024668276309967,0.9076477885246277,0.42469826340675354,0.4539656341075897,0.003381065558642149,0.9992554187774658,0.3940006494522095,0.45425423979759216,-0.00341984024271369,0.999820351600647,0.42214304208755493,0.558337390422821,0.032350994646549225,0.9587223529815674,0.39444270730018616,0.5630611777305603,-0.06806706637144089,0.9884803295135498,0.42010459303855896,0.6529017686843872,0.1440899819135666,0.9598032832145691,0.3920799195766449,0.6853131055831909,-0.037801049649715424,0.9881461262702942,0.41536745429039,0.6689077019691467,0.15121617913246155,0.866272509098053,0.3955593407154083,0.6991480588912964,-0.03985648974776268,0.8480704426765442,0.42884334921836853,0.6834384202957153,0.08847226202487946,0.9601133465766907,0.3909362256526947,0.7176485657691956,-0.12552520632743835,0.9816783666610718
72,walk,0.3968600630760193,0.25426945090293884,-0.20166261494159698,0.999990701675415,0.3992176055908203,0.24482475221157074,-0.1939944624900818,0.9999650716781616,0.4012942910194397,0.24404436349868774,-0.19400183856487274,0.9999634623527527,0.4034913182258606,0.24340547621250153,-0.1940004825592041,0.9999635219573975,0.39377203583717346,0.247456356883049,-0.19165049493312836,0.9999695420265198,0.39209574460983276,0.24820759892463684,-0.19167324900627136,0.9999628663063049,0.3899153172969818,0.24892845749855042,-0.19170807301998138,0.9999626874923706,0.4087325930595398,0.24833068251609802,-0.13201311230659485,0.99991774559021,0.38866421580314636,0.25574618577957153,-0.12219711393117905,0.9998994469642639,0.401285320520401,0.2642371952533722,-0.17738477885723114,0.9999828934669495,0.3947436809539795,0.2662559151649475,-0.17459292709827423,0.9999821186065674,0.4314087927341461,0.3077425956726074,-0.07733802497386932,0.9999540448188782,0.37879037857055664,0.31832045316696167,-0.07022561877965927,0.9999752044677734,0.44392889738082886,0.38499343395233154,-0.051403533667325974,0.9907541275024414,0.37596791982650757,0.40111735463142395,-0.0376768596470356,0.9622336030006409,0.4417170584201813,0.4580000042915344,-0.10431162267923355,0.9854802489280701,0.37351393699645996,0.4689159393310547,-0.09229931980371475,0.952735185623169,0.4409850537776947,0.4801543653011322,-0.11988715827465057,0.9663568139076233,0.3720211386680603,0.49328944087028503,-0.10893493890762329,0.9204999804496765,0.4365221858024597,0.47709012031555176,-0.13992853462696075,0.9686566591262817,0.3747161030769348,0.49274665117263794,-0.12815509736537933,0.9256404042243958,0.4354555606842041,0.47033658623695374,-0.11218945682048798,0.9577250480651855,0.376356303691864,0.48462575674057007,-0.10053081810474396,0.9072310328483582,0.4238954186439514,0.45336201786994934,0.003394829109311104,0.9992528557777405,0.3928268253803253,0.4542344808578491,-0.0034364082384854555,0.9998274445533752,0.4218602776527405,0.5585315227508545,0.029828444123268127,0.959414005279541,0.39325830340385437,0.5641219615936279,-0.06902750581502914,0.9889464974403381,0.42014938592910767,0.6523463129997253,0.14854955673217773,0.9588327407836914,0.392103910446167,0.6862131953239441,-0.03720385581254959,0.9885426163673401,0.4158223569393158,0.6679608225822449,0.15644463896751404,0.8622279763221741,0.39559823274612427,0.7003840804100037,-0.03916672617197037,0.8487518429756165,0.4287034571170807,0.6834325790405273,0.0929579883813858,0.9594191312789917,0.3913493752479553,0.7175184488296509,-0.12637439370155334,0.9820550084114075
73,walk,0.39475420117378235,0.25164133310317993,-0.2027890980243683,0.9999911785125732,0.3971385955810547,0.24163199961185455,-0.1949835866689682,0.9999668598175049,0.3991679847240448,0.24097809195518494,-0.19499191641807556,0.9999653100967407,0.4013625979423523,0.24046309292316437,-0.19499431550502777,0.9999653100967407,0.3917904496192932,0.24424077570438385,-0.19221723079681396,0.9999710917472839,0.39012858271598816,0.24521033465862274,-0.19223876297473907,0.9999648928642273,0.3879224359989166,0.24615418910980225,-0.19227156043052673,0.999964714050293,0.4067622721195221,0.24574299156665802,-0.1329645961523056,0.9999225735664368,0.38681066036224365,0.25361329317092896,-0.12121168524026871,0.9999041557312012,0.39921706914901733,0.26159846782684326,-0.1786278933286667,0.9999839663505554,0.39285093545913696,0.26365920901298523,-0.17522242665290833,0.9999832510948181,0.4302164614200592,0.30619749426841736,-0.08022993057966232,0.9999544620513916,0.3770853877067566,0.3175773620605469,-0.06879261881113052,0.9999752640724182,0.4428876042366028,0.3844383955001831,-0.05172649025917053,0.990966796875,0.37442249059677124,0.40094706416130066,-0.0365915521979332,0.9611965417861938,0.4411667287349701,0.4578331410884857,-0.10475567728281021,0.9852630496025085,0.3719298243522644,0.46938687562942505,-0.0903899073600769,0.9508933424949646,0.4406658113002777,0.4798663258552551,-0.12041857093572617,0.965737521648407,0.37080416083335876,0.49353018403053284,-0.10701189190149307,0.9176200032234192,0.4362555146217346,0.47693389654159546,-0.14013506472110748,0.9681000113487244,0.3734269142150879,0.49299001693725586,-0.1261800229549408,0.922984778881073,0.4351104199886322,0.47027286887168884,-0.11252443492412567,0.9569530487060547,0.3749294877052307,0.4848383069038391,-0.09869115799665451,0.9039553999900818,0.4225640296936035,0.4527459442615509,0.0025394109543412924,0.9992483258247375,0.391136109828949,0.4538085162639618,-0.002588126342743635,0.9998304843902588,0.4207320809364319,0.5579253435134888,0.021946197375655174,0.9602387547492981,0.39218297600746155,0.5646116733551025,-0.0673006922006607,0.9892407655715942,0.42014771699905396,0.6510881185531616,0.14781883358955383,0.9580054879188538,0.3921876847743988,0.6867971420288086,-0.026181986555457115,0.9887616038322449,0.41619443893432617,0.6661211848258972,0.15664054453372955,0.8547374606132507,0.39580121636390686,0.7010224461555481,-0.026811182498931885,0.8481290936470032,0.4279058575630188,0.6834179162979126,0.09074397385120392,0.9585997462272644,0.3914995789527893,0.718502402305603,-0.11802291870117188,0.9821694493293762
74,walk,0.3925253748893738,0.24927836656570435,-0.21027052402496338,0.9999916553497314,0.39524298906326294,0.23867331445217133,-0.20244991779327393,0.9999685883522034,0.397320955991745,0.23807701468467712,-0.20245571434497833,0.9999670386314392,0.3996129035949707,0.23762255907058716,-0.20245787501335144,0.9999670386314392,0.38966453075408936,0.24112963676452637,-0.19946454465389252,0.9999725818634033,0.3878301978111267,0.2421523630619049,-0.19948934018611908,0.9999668002128601,0.38556230068206787,0.24323351681232452,-0.19951984286308289,0.9999666810035706,0.40497809648513794,0.2427104115486145,-0.13993455469608307,0.9999269843101501,0.3846866488456726,0.25125613808631897,-0.12681186199188232,0.9999086856842041,0.39700716733932495,0.2593841254711151,-0.18594691157341003,0.9999850392341614,0.3906891644001007,0.261602520942688,-0.18220286071300507,0.9999842643737793,0.4287530481815338,0.3043331205844879,-0.08661805093288422,0.9999548196792603,0.37510064244270325,0.3168981969356537,-0.07302557677030563,0.9999751448631287,0.44200438261032104,0.38315442204475403,-0.05805448815226555,0.9912338256835938,0.37217241525650024,0.4011249840259552,-0.03987094759941101,0.9608852863311768,0.4406750202178955,0.45713984966278076,-0.1085873395204544,0.9852353930473328,0.3702903091907501,0.47035807371139526,-0.09552367776632309,0.9501761198043823,0.44041624665260315,0.47898584604263306,-0.1241876631975174,0.9654239416122437,0.36911463737487793,0.4941606819629669,-0.11288730800151825,0.9161277413368225,0.4360811710357666,0.4762568175792694,-0.14445754885673523,0.9678226113319397,0.3721183240413666,0.4935164451599121,-0.13186664879322052,0.9216163754463196,0.43488940596580505,0.4697538912296295,-0.11648137867450714,0.9566258192062378,0.3735887408256531,0.4852989614009857,-0.10386228561401367,0.9022940993309021,0.42118197679519653,0.4523908793926239,0.0017889635637402534,0.9992528557777405,0.3896513879299164,0.453692764043808,-0.0018437409307807684,0.9998322129249573,0.4197586178779602,0.557819128036499,0.016487136483192444,0.9611687064170837,0.3916645646095276,0.5647643804550171,-0.060250621289014816,0.9894245862960815,0.4200945496559143,0.6507095694541931,0.14780190587043762,0.958258867263794,0.39227306842803955,0.6873621344566345,-0.000537895190063864,0.988990068435669,0.416363388299942,0.6652268171310425,0.15693731606006622,0.851101815700531,0.3959227502346039,0.7014821171760559,0.0003272875619586557,0.8500863313674927,0.4273664057254791,0.6837376356124878,0.08934000134468079,0.9587620496749878,0.3913583755493164,0.7210168838500977,-0.08792199939489365,0.982403576374054
75,walk,0.390714168548584,0.2465885579586029,-0.20813576877117157,0.9999920725822449,0.3934817314147949,0.23585230112075806,-0.20036335289478302,0.9999701380729675,0.3956907391548157,0.2354402393102646,-0.20037011802196503,0.9999686479568481,0.3980664610862732,0.23512299358844757,-0.20036938786506653,0.9999685883522034,0.3877953588962555,0.23776285350322723,-0.19732964038848877,0.9999738931655884,0.3859066367149353,0.2386751025915146,-0.19735044240951538,0.9999684691429138,0.38360607624053955,0.23977123200893402,-0.19738006591796875,0.9999683499336243,0.40359410643577576,0.2399604618549347,-0.1379096508026123,0.9999310374259949,0.382689505815506,0.24820592999458313,-0.12482863664627075,0.9999125599861145,0.3954462707042694,0.257358193397522,-0.18377307057380676,0.9999859929084778,0.38888466358184814,0.25932976603507996,-0.1800142079591751,0.9999852180480957,0.4273974299430847,0.30206921696662903,-0.08562514185905457,0.9999562501907349,0.37335342168807983,0.31519395112991333,-0.07123373448848724,0.9999755620956421,0.44104108214378357,0.38121041655540466,-0.0580577477812767,0.9914997816085815,0.369980126619339,0.39878392219543457,-0.0391092449426651,0.9607311487197876,0.4400102198123932,0.4559829831123352,-0.10853590071201324,0.9854205846786499,0.3683941960334778,0.47010770440101624,-0.09308453649282455,0.9499848484992981,0.4399203360080719,0.4777871072292328,-0.12435600906610489,0.9657111763954163,0.3671315014362335,0.4938579499721527,-0.11012854427099228,0.915630578994751,0.4355742335319519,0.47514402866363525,-0.14442327618598938,0.9680958986282349,0.37043994665145874,0.4932235777378082,-0.12920281291007996,0.9211553931236267,0.4342813491821289,0.46881794929504395,-0.11637816578149796,0.9569441080093384,0.3719739317893982,0.4851129353046417,-0.10140864551067352,0.9016581773757935,0.4203409254550934,0.4517708122730255,0.0012397936079651117,0.9992719292640686,0.3884018659591675,0.45335325598716736,-0.0012906135525554419,0.9998375177383423,0.4191601872444153,0.5567448735237122,0.016467582434415817,0.9622201323509216,0.39085817337036133,0.5645523071289062,-0.06021462753415108,0.9897245168685913,0.42013269662857056,0.6496335864067078,0.15512880682945251,0.9584048390388489,0.3922874331474304,0.6872419118881226,-0.002218946348875761,0.9893171191215515,0.41697683930397034,0.6628993153572083,0.1650008261203766,0.8477890491485596,0.396001935005188,0.7014288306236267,-0.0015313918702304363,0.8520635366439819,0.4273039400577545,0.6841129660606384,0.09817460924386978,0.9590827822685242,0.3912637531757355,0.7219274640083313,-0.08980816602706909,0.9828073382377625
76,walk,0.38930612802505493,0.2439882904291153,-0.21528267860412598,0.9999924302101135,0.39194419980049133,0.2333591729402542,-0.20767948031425476,0.999971330165863,0.394186794757843,0.23296572268009186,-0.20768359303474426,0.9999698996543884,0.3965279757976532,0.23265859484672546,-0.20768451690673828,0.9999697804450989,0.38615328073501587,0.234892800450325,-0.2049819678068161,0.9999749064445496,0.3842622935771942,0.23558887839317322,-0.20500290393829346,0.9999698400497437,0.381888747215271,0.2365756630897522,-0.20502936840057373,0.9999697208404541,0.4016018509864807,0.23698082566261292,-0.1438351571559906,0.9999345541000366,0.3806946277618408,0.2448255717754364,-0.13199281692504883,0.9999158382415771,0.3938194811344147,0.25520744919776917,-0.19015689194202423,0.9999867677688599,0.38721200823783875,0.25704166293144226,-0.18681198358535767,0.9999860525131226,0.42550158500671387,0.2994137704372406,-0.08899430185556412,0.9999572038650513,0.37124571204185486,0.31344088912010193,-0.07459710538387299,0.9999757409095764,0.4396998882293701,0.37706950306892395,-0.05859619379043579,0.9916725754737854,0.36706262826919556,0.3970046639442444,-0.039245981723070145,0.9613110423088074,0.43960827589035034,0.4534021019935608,-0.10865013301372528,0.9853195548057556,0.3658953011035919,0.46999722719192505,-0.09350075572729111,0.950108528137207,0.439688503742218,0.47525754570961,-0.12459824979305267,0.9653432369232178,0.3645385205745697,0.4933505654335022,-0.11037085205316544,0.9152957201004028,0.4354516565799713,0.47308748960494995,-0.1445653885602951,0.9677743911743164,0.3680390417575836,0.4930129051208496,-0.1298161894083023,0.9209203124046326,0.43412360548973083,0.4670090973377228,-0.11641775071620941,0.9565678834915161,0.3697148561477661,0.4849715828895569,-0.10197661817073822,0.9013796448707581,0.41907376050949097,0.44994056224823,0.0005330040003173053,0.9992768168449402,0.38676121830940247,0.4525691568851471,-0.0005834062467329204,0.999839186668396,0.41858166456222534,0.5554863214492798,0.017159394919872284,0.963600754737854,0.3899998664855957,0.5642299652099609,-0.052393727004528046,0.9898655414581299,0.42024803161621094,0.6481049656867981,0.1570635586977005,0.9587950110435486,0.3922429084777832,0.688094437122345,0.00468535628169775,0.9894837141036987,0.4179622232913971,0.659894585609436,0.16687506437301636,0.841615617275238,0.3959750533103943,0.7028557658195496,0.0051508452743291855,0.8517875671386719,0.4270060062408447,0.6841261386871338,0.09849879890680313,0.9593804478645325,0.3912341594696045,0.7222987413406372,-0.08428730070590973,0.9829531908035278
77,walk,0.3878468871116638,0.24147677421569824,-0.2165781706571579,0.9999927282333374,0.39040666818618774,0.23102588951587677,-0.2090296745300293,0.9999724626541138,0.3926873803138733,0.23068086802959442,-0.2090321034193039,0.9999711513519287,0.3949654698371887,0.23044797778129578,-0.20903339982032776,0.9999709129333496,0.3845227360725403,0.23240400850772858,-0.2063344419002533,0.9999757409095764,0.38268837332725525,0.23300565779209137,-0.2063540667295456,0.9999709129333496,0.38041025400161743,0.23386062681674957,-0.20637483894824982,0.9999707341194153,0.3999616801738739,0.23479114472866058,-0.14500288665294647,0.9999381899833679,0.3791343569755554,0.24198856949806213,-0.13324101269245148,0.9999184012413025,0.3923090994358063,0.25286412239074707,-0.1914197951555252,0.9999874830245972,0.3855706453323364,0.2545951306819916,-0.18809033930301666,0.9999867081642151,0.424079954624176,0.29760298132896423,-0.0897243469953537,0.9999585151672363,0.36952975392341614,0.31102851033210754,-0.07514147460460663,0.9999755620956421,0.4385685324668884,0.37470588088035583,-0.05840442702174187,0.9919227361679077,0.3652782142162323,0.39384934306144714,-0.038681209087371826,0.9619936347007751,0.4392337203025818,0.4513777792453766,-0.10875611007213593,0.9854684472084045,0.36293309926986694,0.46691566705703735,-0.09322451055049896,0.9503235816955566,0.4395907521247864,0.4733732044696808,-0.12471882998943329,0.9655057191848755,0.3612785041332245,0.48935168981552124,-0.10999689996242523,0.915214478969574,0.43542441725730896,0.4715142548084259,-0.14492596685886383,0.9679173231124878,0.3648553192615509,0.48946520686149597,-0.12998303771018982,0.9209100604057312,0.43410009145736694,0.46548160910606384,-0.11647146940231323,0.9569180607795715,0.36669713258743286,0.48160621523857117,-0.10197945684194565,0.901541531085968,0.41771435737609863,0.4485829770565033,8.398195495828986e-05,0.9992890954017639,0.38499972224235535,0.4512960612773895,-0.00012984230124857277,0.9998390674591064,0.41834792494773865,0.5536988973617554,0.017140207812190056,0.9653058648109436,0.3887239992618561,0.564077615737915,-0.036034002900123596,0.9900740385055542,0.420248419046402,0.6448715329170227,0.16072431206703186,0.9597004652023315,0.3921716809272766,0.6879096627235413,0.027996569871902466,0.9895696043968201,0.41811496019363403,0.6550009846687317,0.17097881436347961,0.8362668752670288,0.39592376351356506,0.703299343585968,0.029178794473409653,0.8506627678871155,0.42677050828933716,0.6839262247085571,0.10155163705348969,0.959755539894104,0.3911898732185364,0.7217808961868286,-0.0596088245511055,0.9828575253486633
78,walk,0.38656651973724365,0.23905889689922333,-0.21644456684589386,0.9999930262565613,0.38912105560302734,0.22879737615585327,-0.20883002877235413,0.999973475933075,0.3914486765861511,0.22845563292503357,-0.2088315486907959,0.9999722838401794,0.39372462034225464,0.22824135422706604,-0.2088335007429123,0.999971866607666,0.38313767313957214,0.23011067509651184,-0.2064407616853714,0.9999765157699585,0.3812304139137268,0.23067568242549896,-0.20646092295646667,0.9999720454216003,0.37900835275650024,0.23146356642246246,-0.20648019015789032,0.9999717473983765,0.3985576331615448,0.23253053426742554,-0.1445160210132599,0.9999414086341858,0.3772982358932495,0.23976531624794006,-0.13436482846736908,0.999921441078186,0.39112529158592224,0.25089842081069946,-0.19116191565990448,0.9999880790710449,0.384133517742157,0.2524847388267517,-0.18830978870391846,0.9999873042106628,0.4226597249507904,0.29613345861434937,-0.08856239169836044,0.9999589323997498,0.36772531270980835,0.309537410736084,-0.07565145194530487,0.9999755024909973,0.4372336268424988,0.37277382612228394,-0.053388603031635284,0.9919904470443726,0.3632386028766632,0.3914717733860016,-0.038440506905317307,0.9627118110656738,0.4388360381126404,0.44925612211227417,-0.1013079509139061,0.9850639700889587,0.36059534549713135,0.4642595648765564,-0.09255610406398773,0.9498810768127441,0.439534991979599,0.4715181887149811,-0.11596482992172241,0.9644251465797424,0.359119176864624,0.4865075349807739,-0.10949953645467758,0.9140037894248962,0.43542584776878357,0.47006717324256897,-0.1376265436410904,0.9669005870819092,0.36211830377578735,0.48664164543151855,-0.12906081974506378,0.9198098182678223,0.43409228324890137,0.46405112743377686,-0.10992097854614258,0.9560173749923706,0.3639495372772217,0.4791122376918793,-0.10122708976268768,0.9005540609359741,0.4172150194644928,0.44670918583869934,-0.0002189597289543599,0.9992985129356384,0.38396111130714417,0.449508935213089,0.00018092770187649876,0.9998399615287781,0.4184863567352295,0.5533667206764221,0.016988424584269524,0.9670435786247253,0.3876616060733795,0.5639399290084839,-0.03094981051981449,0.9903807044029236,0.4202359616756439,0.6395359635353088,0.16495734453201294,0.9600896239280701,0.39185112714767456,0.687606155872345,0.02915992960333824,0.9896578192710876,0.4180986285209656,0.6486659646034241,0.17579443752765656,0.8296268582344055,0.395584374666214,0.7036911249160767,0.029949700459837914,0.8486534953117371,0.42668071389198303,0.6828655004501343,0.10868461430072784,0.9596724510192871,0.3911300301551819,0.7221692204475403,-0.058510392904281616,0.9826704263687134
79,walk,0.3852584660053253,0.23610426485538483,-0.2140236645936966,0.999993085861206,0.3879791796207428,0.22613364458084106,-0.2059992253780365,0.999973714351654,0.39032140374183655,0.22584381699562073,-0.20600302517414093,0.9999725222587585,0.3926360309123993,0.22566363215446472,-0.20600494742393494,0.9999718070030212,0.38195645809173584,0.22744274139404297,-0.20379003882408142,0.999976634979248,0.3797697424888611,0.2281302809715271,-0.20381252467632294,0.9999723434448242,0.37774619460105896,0.22881774604320526,-0.2038375586271286,0.9999719858169556,0.3973502218723297,0.23028980195522308,-0.14184847474098206,0.9999434947967529,0.37565577030181885,0.23767957091331482,-0.13151580095291138,0.9999228119850159,0.3899935185909271,0.2484569400548935,-0.18847961723804474,0.9999884366989136,0.38266700506210327,0.25012490153312683,-0.18579311668872833,0.9999876618385315,0.42145490646362305,0.29445263743400574,-0.08806391060352325,0.9999582767486572,0.36588355898857117,0.30791139602661133,-0.07456724345684052,0.9999749660491943,0.435859352350235,0.3709205985069275,-0.05025022104382515,0.9919067025184631,0.3605577349662781,0.3898905813694,-0.03839101642370224,0.9636291265487671,0.43861255049705505,0.44580015540122986,-0.10253952443599701,0.9843466281890869,0.35824257135391235,0.46244850754737854,-0.09232136607170105,0.9496772885322571,0.43955326080322266,0.46891847252845764,-0.11796444654464722,0.9629034399986267,0.35677090287208557,0.484687477350235,-0.10936594009399414,0.9130541086196899,0.4354333281517029,0.4679323434829712,-0.13928113877773285,0.9654625058174133,0.35980018973350525,0.4847852885723114,-0.129654660820961,0.9189403653144836,0.43411463499069214,0.4619356691837311,-0.11130018532276154,0.9546192288398743,0.36160165071487427,0.4776274859905243,-0.10129436105489731,0.900095522403717,0.4174761176109314,0.4469578266143799,-0.0006176971946842968,0.9993041157722473,0.38345471024513245,0.4495788514614105,0.0005955991800874472,0.9998396039009094,0.4186011850833893,0.5533498525619507,0.009509068913757801,0.969050407409668,0.386362761259079,0.5651841759681702,-0.024778414517641068,0.9907709956169128,0.42009979486465454,0.6334083676338196,0.1755785197019577,0.9602768421173096,0.39141952991485596,0.6887387037277222,0.05390040948987007,0.9899680018424988,0.41809001564979553,0.6413392424583435,0.1885010153055191,0.8235364556312561,0.39526692032814026,0.7053895592689514,0.0565495565533638,0.8506991863250732,0.4262857437133789,0.6821955442428589,0.12276826798915863,0.9596176743507385,0.3909338712692261,0.7228715419769287,-0.03270747512578964,0.982867956161499
80,walk,0.38403594493865967,0.23461736738681793,-0.21597878634929657,0.9999929070472717,0.38674142956733704,0.22452619671821594,-0.20773926377296448,0.9999731183052063,0.3891153037548065,0.2242344170808792,-0.20774519443511963,0.999971866607666,0.39154791831970215,0.2240336686372757,-0.2077525556087494,0.9999708533287048,0.3806520104408264,0.22596892714500427,-0.20537169277668,0.999975860118866,0.3782920241355896,0.22683094441890717,-0.20539510250091553,0.9999715089797974,0.3764314353466034,0.22763511538505554,-0.20542392134666443,0.9999711513519287,0.39620429277420044,0.2289673089981079,-0.1417391151189804,0.9999449253082275,0.3743118345737457,0.23676517605781555,-0.13106434047222137,0.9999212026596069,0.3892805278301239,0.2468252331018448,-0.18998867273330688,0.9999886751174927,0.38153573870658875,0.2487824261188507,-0.18699228763580322,0.999987781047821,0.4205349087715149,0.2929965555667877,-0.0885825902223587,0.9999566674232483,0.36433467268943787,0.3064592480659485,-0.07387341558933258,0.9999732375144958,0.43504390120506287,0.37042236328125,-0.05171433836221695,0.991796612739563,0.35845351219177246,0.38811194896698,-0.038148485124111176,0.9644240736961365,0.4386024475097656,0.4448646008968353,-0.106268510222435,0.9834614396095276,0.35583993792533875,0.4621197581291199,-0.09236159175634384,0.9494792222976685,0.43956834077835083,0.46760326623916626,-0.1229398101568222,0.9611249566078186,0.35463181138038635,0.4843670427799225,-0.10936756432056427,0.9121946096420288,0.4356388449668884,0.46702906489372253,-0.14485034346580505,0.9637633562088013,0.35773810744285583,0.4845200479030609,-0.13046158850193024,0.9181212186813354,0.43429285287857056,0.46138378977775574,-0.11555658280849457,0.9528777003288269,0.3595266342163086,0.47754108905792236,-0.1017715334892273,0.8998572826385498,0.4170292317867279,0.4471711814403534,-0.0016672099009156227,0.9993126392364502,0.38260626792907715,0.4496740698814392,0.0016580733936280012,0.999832808971405,0.4186495244503021,0.5531963109970093,-0.019505871459841728,0.9708048105239868,0.38523513078689575,0.5649458169937134,-0.018772028386592865,0.9908367395401001,0.4194764494895935,0.6302511096000671,0.16308671236038208,0.9599179029464722,0.39130866527557373,0.6892708539962769,0.0802457183599472,0.9900980591773987,0.4173453748226166,0.6375481486320496,0.17552518844604492,0.8189429044723511,0.39524582028388977,0.7054620981216431,0.08503952622413635,0.852726399898529,0.42599305510520935,0.6819471120834351,0.11073571443557739,0.9593536853790283,0.3908533453941345,0.7235585451126099,-0.0025126829277724028,0.9828313589096069
81,walk,0.3826962113380432,0.23427565395832062,-0.21680554747581482,0.9999922513961792,0.3855305016040802,0.22352737188339233,-0.20883052051067352,0.9999704957008362,0.3879583775997162,0.22321724891662598,-0.20883969962596893,0.9999688863754272,0.39039909839630127,0.2230292707681656,-0.20885010063648224,0.9999672174453735,0.37954118847846985,0.22500649094581604,-0.20650096237659454,0.9999735951423645,0.3771723508834839,0.22588765621185303,-0.20652687549591064,0.9999688863754272,0.3753429055213928,0.2268170267343521,-0.20656228065490723,0.9999685287475586,0.3951965570449829,0.22818109393119812,-0.1421547830104828,0.9999426007270813,0.3738139867782593,0.23538151383399963,-0.1318751573562622,0.9999166131019592,0.3880935311317444,0.24610374867916107,-0.19052660465240479,0.9999881982803345,0.38038673996925354,0.2480771839618683,-0.18760450184345245,0.9999873042106628,0.41958266496658325,0.2915968596935272,-0.08833228796720505,0.9999536275863647,0.36299312114715576,0.3047545254230499,-0.07377872616052628,0.999972403049469,0.43404579162597656,0.3691296875476837,-0.052909005433321,0.9913983941078186,0.35663241147994995,0.38675418496131897,-0.03788141533732414,0.9653341174125671,0.4385755956172943,0.442167192697525,-0.11115753650665283,0.9820696711540222,0.35407495498657227,0.46234047412872314,-0.09256869554519653,0.9495434165000916,0.439591646194458,0.46579882502555847,-0.1283571422100067,0.9584866166114807,0.3530898690223694,0.4846667945384979,-0.1094532459974289,0.9117614030838013,0.4359872341156006,0.4657345116138458,-0.15057618916034698,0.9612568616867065,0.3562439978122711,0.4847583472728729,-0.1308978646993637,0.9177122712135315,0.43453025817871094,0.4603710174560547,-0.12070772796869278,0.9502955675125122,0.3579748272895813,0.47764065861701965,-0.10219726711511612,0.9001431465148926,0.41692012548446655,0.44732412695884705,-0.0016612898325547576,0.99930739402771,0.38234052062034607,0.45001891255378723,0.001658586086705327,0.9998272061347961,0.41871318221092224,0.5540384650230408,-0.013643808662891388,0.9720016717910767,0.38458505272865295,0.5665279626846313,-0.01875360868871212,0.9909101724624634,0.41842660307884216,0.6309370398521423,0.16326336562633514,0.958759069442749,0.39128047227859497,0.6892068982124329,0.07995083928108215,0.9901989102363586,0.4150542616844177,0.6397708654403687,0.1768621802330017,0.8167513012886047,0.3952634930610657,0.7056605219841003,0.08467013388872147,0.8551846742630005,0.4260595738887787,0.681743323802948,0.11402962356805801,0.958505392074585,0.39083340764045715,0.7239452004432678,-0.0022058882750570774,0.9827385544776917
82,walk,0.3823462128639221,0.23280099034309387,-0.21877332031726837,0.9999922513961792,0.3851504623889923,0.22216124832630157,-0.21036991477012634,0.9999706149101257,0.38759928941726685,0.22190946340560913,-0.2103760689496994,0.9999688863754272,0.3900347650051117,0.22171752154827118,-0.21038536727428436,0.9999669790267944,0.37899428606033325,0.22358347475528717,-0.20878474414348602,0.999973714351654,0.376899778842926,0.2243875116109848,-0.2088135927915573,0.9999690651893616,0.3747287392616272,0.2254199981689453,-0.20884433388710022,0.9999685883522034,0.39455655217170715,0.227327361702919,-0.14171269536018372,0.9999437928199768,0.37321144342422485,0.23422718048095703,-0.1346132755279541,0.9999188780784607,0.38802221417427063,0.24484947323799133,-0.1916515827178955,0.9999883770942688,0.37986689805984497,0.24665093421936035,-0.18974801898002625,0.9999874234199524,0.4187649190425873,0.29049909114837646,-0.0862603634595871,0.999951958656311,0.36170023679733276,0.3032347857952118,-0.07748603820800781,0.9999724626541138,0.43307796120643616,0.36772429943084717,-0.04532486945390701,0.9907560348510742,0.3546662926673889,0.38534554839134216,-0.04126157611608505,0.9664310812950134,0.43861573934555054,0.43957749009132385,-0.10034122318029404,0.9804194569587708,0.35187602043151855,0.4613225758075714,-0.09479346126317978,0.9493188858032227,0.43971171975135803,0.46385371685028076,-0.11564169079065323,0.9554182291030884,0.3508661687374115,0.48450547456741333,-0.1117081493139267,0.9107643365859985,0.4365159571170807,0.4640328586101532,-0.1396297961473465,0.9584050178527832,0.3542710542678833,0.4845057725906372,-0.13346697390079498,0.9167898893356323,0.43498340249061584,0.45874905586242676,-0.11051838099956512,0.9474748373031616,0.356037437915802,0.4774685800075531,-0.10471542924642563,0.8998551964759827,0.4165484309196472,0.4473614990711212,0.0005768454284407198,0.9993175864219666,0.38162773847579956,0.4502933919429779,-0.0005729332333430648,0.9998263120651245,0.41868510842323303,0.5573864579200745,-0.00664095301181078,0.973540723323822,0.3839239478111267,0.5681203007698059,-0.019333340227603912,0.9913327693939209,0.4171081483364105,0.6324546933174133,0.16421574354171753,0.9598284959793091,0.39110901951789856,0.689069390296936,0.08402462303638458,0.9906425476074219,0.41314205527305603,0.6424077153205872,0.17724284529685974,0.8230071067810059,0.3952774703502655,0.7053959369659424,0.08913405984640121,0.8601611852645874,0.4269115924835205,0.6825422644615173,0.11302117258310318,0.9595049619674683,0.3899734318256378,0.7247025966644287,0.0020695519633591175,0.9833013415336609
83,walk,0.38288792967796326,0.23120512068271637,-0.22368314862251282,0.999992311000824,0.3856167197227478,0.22096027433872223,-0.21471083164215088,0.9999710321426392,0.38806530833244324,0.2207288295030594,-0.214714914560318,0.9999691843986511,0.39031732082366943,0.2205399125814438,-0.21472561359405518,0.9999671578407288,0.37896034121513367,0.22216510772705078,-0.21401271224021912,0.9999740719795227,0.377092182636261,0.2228516936302185,-0.21404314041137695,0.999969482421875,0.37509673833847046,0.22369450330734253,-0.21406865119934082,0.9999690055847168,0.39424747228622437,0.22628360986709595,-0.14306072890758514,0.9999454617500305,0.37289637327194214,0.23241069912910461,-0.14028608798980713,0.9999216198921204,0.3884678781032562,0.24357673525810242,-0.19549301266670227,0.9999886751174927,0.3798132836818695,0.24519020318984985,-0.19476909935474396,0.9999876618385315,0.4178394675254822,0.28934863209724426,-0.08595671504735947,0.9999511241912842,0.3603498339653015,0.3020017743110657,-0.08235682547092438,0.9999721646308899,0.4321581721305847,0.36623328924179077,-0.04301983863115311,0.9902960062026978,0.352752149105072,0.38521283864974976,-0.04557877406477928,0.9676522016525269,0.4386228919029236,0.43793946504592896,-0.09748388081789017,0.979262113571167,0.3494046628475189,0.4610743224620819,-0.09922389686107635,0.9496886134147644,0.43974703550338745,0.46237480640411377,-0.11266326904296875,0.9532699584960938,0.3488662540912628,0.48454657196998596,-0.11640843003988266,0.9107744097709656,0.43671172857284546,0.4623118042945862,-0.13677139580249786,0.9564195871353149,0.3520929515361786,0.4844435751438141,-0.1386936604976654,0.9168601036071777,0.4351281523704529,0.4571259915828705,-0.10770006477832794,0.9456291794776917,0.3534797430038452,0.4774685800075531,-0.10943643748760223,0.9006226062774658,0.4157353341579437,0.44715240597724915,0.002116104355081916,0.9993260502815247,0.38062652945518494,0.45035603642463684,-0.0021215612068772316,0.9998199939727783,0.4186440408229828,0.5605326890945435,-0.010507901199162006,0.9751284718513489,0.38316044211387634,0.5704058408737183,-0.018040988594293594,0.9916117787361145,0.4156363010406494,0.638026237487793,0.1623697429895401,0.9613631963729858,0.3910980820655823,0.6889427304267883,0.09603752195835114,0.9909874796867371,0.4113125205039978,0.647405207157135,0.1736067235469818,0.8294587135314941,0.3952917754650116,0.7053185701370239,0.10213781893253326,0.8642513751983643,0.4271155297756195,0.6870922446250916,0.11288486421108246,0.960911214351654,0.38950616121292114,0.7254989743232727,0.014476527459919453,0.9837763905525208
84,walk,0.38286092877388,0.2306954711675644,-0.22642607986927032,0.9999922513961792,0.3856402039527893,0.2201596349477768,-0.2176203429698944,0.9999708533287048,0.3880479633808136,0.21991871297359467,-0.21762318909168243,0.999968945980072,0.39024773240089417,0.21975603699684143,-0.2176312953233719,0.9999669194221497,0.37859782576560974,0.22130748629570007,-0.21698801219463348,0.9999736547470093,0.37665778398513794,0.22194123268127441,-0.2170168161392212,0.9999690651893616,0.37489956617355347,0.2226700484752655,-0.21704065799713135,0.9999685883522034,0.3938378691673279,0.22554688155651093,-0.14566367864608765,0.9999462962150574,0.3723453879356384,0.2309630960226059,-0.1434699147939682,0.9999223351478577,0.388380229473114,0.24316994845867157,-0.19817736744880676,0.9999886751174927,0.379393994808197,0.24460525810718536,-0.197530597448349,0.9999875426292419,0.4171512722969055,0.28892406821250916,-0.08641311526298523,0.9999504089355469,0.3595650792121887,0.30068036913871765,-0.08396445959806442,0.9999707937240601,0.431395947933197,0.3656836748123169,-0.0452595129609108,0.9899316430091858,0.35137656331062317,0.3843516409397125,-0.04611276835203171,0.9686309695243835,0.43856269121170044,0.43812790513038635,-0.09957697987556458,0.9784078598022461,0.3473493754863739,0.45975765585899353,-0.1011538878083229,0.9500175714492798,0.4397567808628082,0.4624030292034149,-0.11504019796848297,0.9517133235931396,0.3468911051750183,0.4837243854999542,-0.11860881745815277,0.9108240008354187,0.4367247521877289,0.46230244636535645,-0.1382068544626236,0.9549952149391174,0.349717378616333,0.48338741064071655,-0.14157062768936157,0.9170043468475342,0.4351356625556946,0.4570674002170563,-0.1093442291021347,0.9442775249481201,0.3510667681694031,0.47657251358032227,-0.11168651282787323,0.901467502117157,0.41447025537490845,0.4460139870643616,0.0023064101114869118,0.9993183612823486,0.37947434186935425,0.45026254653930664,-0.0023148595355451107,0.9997994303703308,0.41813021898269653,0.5601188540458679,-0.009811745956540108,0.9764490723609924,0.38326483964920044,0.5699374675750732,-0.017042886465787888,0.9916992783546448,0.4146474301815033,0.6485863924026489,0.1370008885860443,0.9633867740631104,0.3911283612251282,0.6871932148933411,0.09550066292285919,0.9911676645278931,0.4101426601409912,0.6591780185699463,0.1464712917804718,0.834652841091156,0.3953290581703186,0.7030922174453735,0.10117312520742416,0.866308867931366,0.4268742501735687,0.6959272027015686,0.07055053114891052,0.9627895355224609,0.38952118158340454,0.7253745794296265,0.011735358275473118,0.9840824007987976
85,walk,0.3826979994773865,0.22938688099384308,-0.231270432472229,0.9999925494194031,0.3855721354484558,0.21876053512096405,-0.222687765955925,0.9999721050262451,0.38793444633483887,0.21855327486991882,-0.22268839180469513,0.9999703168869019,0.3902154564857483,0.21844758093357086,-0.2226928025484085,0.999968409538269,0.378336638212204,0.21982534229755402,-0.22233986854553223,0.9999746084213257,0.3761903941631317,0.22040574252605438,-0.22236891090869904,0.9999702572822571,0.37459760904312134,0.22105719149112701,-0.222383052110672,0.9999697804450989,0.3935837149620056,0.22448280453681946,-0.15052379667758942,0.9999489188194275,0.37195515632629395,0.2292472869157791,-0.14973054826259613,0.9999263286590576,0.38821128010749817,0.2421063929796219,-0.2028704583644867,0.9999890327453613,0.37895071506500244,0.24352213740348816,-0.20262789726257324,0.9999879002571106,0.41657209396362305,0.288483202457428,-0.08968490362167358,0.9999511241912842,0.35885876417160034,0.2992662787437439,-0.08852332085371017,0.9999704360961914,0.4303016662597656,0.36436402797698975,-0.047297559678554535,0.9896777868270874,0.3502527177333832,0.38306093215942383,-0.050555676221847534,0.9700379371643066,0.43842005729675293,0.4379303753376007,-0.1029873937368393,0.9778973460197449,0.3455960750579834,0.4580570161342621,-0.10577867180109024,0.9509433507919312,0.43973487615585327,0.462293416261673,-0.11841169744729996,0.9506403207778931,0.3449450433254242,0.48226219415664673,-0.12292651832103729,0.9117199182510376,0.43672266602516174,0.46214020252227783,-0.1433996856212616,0.9540583491325378,0.34746187925338745,0.4816462993621826,-0.14648553729057312,0.9179553389549255,0.43513187766075134,0.4568139910697937,-0.11373768746852875,0.9433804154396057,0.3489592671394348,0.4749489724636078,-0.11649099737405777,0.9030930995941162,0.41288477182388306,0.44377946853637695,0.00233023171313107,0.9993209838867188,0.37839582562446594,0.4489955008029938,-0.0023437829222530127,0.9997810125350952,0.4167172908782959,0.5599237084388733,-0.007539237383753061,0.9776844382286072,0.3833257555961609,0.5695619583129883,-0.013579117134213448,0.9918440580368042,0.41423606872558594,0.6631146669387817,0.10585663467645645,0.9657699465751648,0.3914330303668976,0.6865759491920471,0.08436180651187897,0.9913221597671509,0.40957361459732056,0.6762664914131165,0.1116240844130516,0.8412471413612366,0.3955760896205902,0.7018402814865112,0.08836763352155685,0.8672518134117126,0.42723050713539124,0.7069984674453735,0.030431553721427917,0.9649723172187805,0.3895428776741028,0.7260141372680664,-0.0006815652595832944,0.9843985438346863
86,walk,0.3828698992729187,0.2274530827999115,-0.2271827757358551,0.9999926686286926,0.38564079999923706,0.21701036393642426,-0.21907034516334534,0.9999725818634033,0.38789835572242737,0.21681524813175201,-0.21907448768615723,0.9999708533287048,0.39022335410118103,0.21676750481128693,-0.21908517181873322,0.9999690651893616,0.3785209357738495,0.21826903522014618,-0.21745774149894714,0.9999749064445496,0.3761584162712097,0.21904976665973663,-0.21748533844947815,0.9999707341194153,0.37450167536735535,0.21996504068374634,-0.2175075113773346,0.9999701380729675,0.3932037949562073,0.2230082005262375,-0.14897634088993073,0.9999492764472961,0.37182682752609253,0.22848564386367798,-0.14532656967639923,0.9999284148216248,0.38844484090805054,0.24069364368915558,-0.20015962421894073,0.9999889731407166,0.3790668547153473,0.2422674149274826,-0.19825324416160583,0.999987781047821,0.4163380265235901,0.2878097891807556,-0.0872439593076706,0.9999518394470215,0.3583509922027588,0.2980549931526184,-0.08719447255134583,0.9999702572822571,0.42965927720069885,0.3636251986026764,-0.04459432512521744,0.9893448948860168,0.34872621297836304,0.3831891417503357,-0.05143408104777336,0.97146075963974,0.43809181451797485,0.4380291700363159,-0.09654637426137924,0.9774824976921082,0.34424999356269836,0.457632452249527,-0.1035120040178299,0.9520212411880493,0.439624160528183,0.46244490146636963,-0.11117583513259888,0.9497372508049011,0.34326061606407166,0.4819526970386505,-0.1201896071434021,0.9129045009613037,0.4366544783115387,0.46225494146347046,-0.13514778017997742,0.9533218145370483,0.3459247946739197,0.4811556935310364,-0.14311254024505615,0.9190981388092041,0.4350507855415344,0.4568794369697571,-0.1068122386932373,0.9426957964897156,0.347495973110199,0.47447267174720764,-0.11391200125217438,0.9047529101371765,0.411811500787735,0.44315651059150696,0.0030827713198959827,0.9993425607681274,0.37750640511512756,0.4485018849372864,-0.0031100509222596884,0.9997718930244446,0.4155171811580658,0.5596943497657776,-0.0060417549684643745,0.9786615967750549,0.38307303190231323,0.5694300532341003,-0.012098622508347034,0.9919223189353943,0.4134845733642578,0.6733915209770203,0.08174045383930206,0.9681865572929382,0.39154741168022156,0.6863975524902344,0.075046107172966,0.9914072751998901,0.4091416299343109,0.6875101923942566,0.08469221740961075,0.8501133322715759,0.39557939767837524,0.7016887068748474,0.0782390683889389,0.8675084710121155,0.4287552237510681,0.7150188684463501,0.003675720188766718,0.9672607183456421,0.3894575536251068,0.7261298298835754,-0.008702664636075497,0.9847016334533691
87,walk,0.38251936435699463,0.2277141958475113,-0.2254466563463211,0.9999927878379822,0.3853849172592163,0.21732045710086823,-0.21726003289222717,0.9999729990959167,0.38766244053840637,0.21715323626995087,-0.2172643393278122,0.9999713897705078,0.390077143907547,0.21707183122634888,-0.2172691375017166,0.9999697208404541,0.3781900107860565,0.21863244473934174,-0.21635639667510986,0.9999751448631287,0.37574467062950134,0.21941417455673218,-0.2163812220096588,0.9999711513519287,0.3740856647491455,0.22026580572128296,-0.21639661490917206,0.9999704957008362,0.3930187523365021,0.22289688885211945,-0.1480497419834137,0.9999496340751648,0.37150371074676514,0.22819964587688446,-0.14645251631736755,0.999930202960968,0.38812220096588135,0.2406608760356903,-0.19844156503677368,0.9999889135360718,0.3785519301891327,0.24227668344974518,-0.19750207662582397,0.9999876618385315,0.416318416595459,0.28770482540130615,-0.08959692716598511,0.9999527335166931,0.3577783703804016,0.29690292477607727,-0.08730553835630417,0.9999701976776123,0.4292562007904053,0.3640749752521515,-0.04604511708021164,0.9889888763427734,0.34774258732795715,0.3819531202316284,-0.05060645192861557,0.972533643245697,0.4376993775367737,0.43842175602912903,-0.09747864305973053,0.9766613841056824,0.3430216312408447,0.45652517676353455,-0.10218207538127899,0.9530330896377563,0.4394795000553131,0.46274518966674805,-0.11183146387338638,0.9482017755508423,0.34197527170181274,0.48123711347579956,-0.11993162333965302,0.9142554998397827,0.4365047812461853,0.46234002709388733,-0.1353449523448944,0.9519754648208618,0.3444673418998718,0.4804636240005493,-0.14142493903636932,0.920413613319397,0.4348546862602234,0.45700106024742126,-0.10741905122995377,0.9413309693336487,0.3460041582584381,0.47381359338760376,-0.11233751475811005,0.906596302986145,0.41137757897377014,0.44271451234817505,0.0022710529156029224,0.9993656873703003,0.3767920434474945,0.4478241503238678,-0.0023162350989878178,0.9997624158859253,0.4139775335788727,0.5595253705978394,-0.005058390088379383,0.9794537425041199,0.3827442228794098,0.5674421191215515,-0.006853222846984863,0.9917991161346436,0.41348209977149963,0.6824169158935547,0.06534944474697113,0.9704617857933044,0.39167457818984985,0.6863927245140076,0.07151036709547043,0.9913499355316162,0.409633070230484,0.6985979080200195,0.06657712906599045,0.8573859333992004,0.3956400156021118,0.7017228007316589,0.07425612211227417,0.8678290247917175,0.428903728723526,0.7226410508155823,-0.01572086103260517,0.9693906903266907,0.38939812779426575,0.7259353399276733,-0.010655179619789124,0.984891951084137
88,walk,0.3821140229701996,0.22750699520111084,-0.22425079345703125,0.999992847442627,0.3850768506526947,0.21740883588790894,-0.21599753201007843,0.9999729990959167,0.3874240815639496,0.2172463983297348,-0.2160017490386963,0.9999715089797974,0.3899092972278595,0.2171160876750946,-0.21600696444511414,0.9999698996543884,0.3777342140674591,0.2187047302722931,-0.21498902142047882,0.99997478723526,0.37523144483566284,0.219493106007576,-0.21501395106315613,0.9999709725379944,0.3736110329627991,0.2202712595462799,-0.21503150463104248,0.9999701380729675,0.3928745687007904,0.2225027233362198,-0.1471365988254547,0.9999485015869141,0.3712221086025238,0.22767071425914764,-0.14461322128772736,0.9999304413795471,0.38784298300743103,0.24024447798728943,-0.19736364483833313,0.9999886751174927,0.37803491950035095,0.241903617978096,-0.1962120682001114,0.9999873638153076,0.4161851406097412,0.28740665316581726,-0.08925248682498932,0.9999544024467468,0.35738861560821533,0.2961716651916504,-0.08586368709802628,0.9999703168869019,0.42888936400413513,0.3642284870147705,-0.04637153446674347,0.9885653853416443,0.3469594717025757,0.38096439838409424,-0.05019768327474594,0.9733514189720154,0.4366724491119385,0.4384952485561371,-0.09818273782730103,0.9758355617523193,0.34225982427597046,0.45598599314689636,-0.09895624965429306,0.9535762667655945,0.43883204460144043,0.4628887176513672,-0.11272714287042618,0.9466184377670288,0.3412758409976959,0.48081880807876587,-0.11427812278270721,0.9149081110954285,0.43579062819480896,0.4629528820514679,-0.1359613984823227,0.9505913257598877,0.34372249245643616,0.4800701141357422,-0.13804778456687927,0.9210463762283325,0.4340115487575531,0.457328200340271,-0.1079801470041275,0.9398401379585266,0.34522545337677,0.47347620129585266,-0.10966672748327255,0.9076260328292847,0.411092609167099,0.4429183900356293,0.002044576220214367,0.9993967413902283,0.37631866335868835,0.44788703322410583,-0.002098353113979101,0.9997567534446716,0.41288629174232483,0.5601992011070251,-0.004486473277211189,0.9801027178764343,0.38239091634750366,0.5674178004264832,-0.00621088407933712,0.9916531443595886,0.41361698508262634,0.6917173862457275,0.06285012513399124,0.9725461006164551,0.39167043566703796,0.6865248084068298,0.07293561846017838,0.9911993741989136,0.40982168912887573,0.7097590565681458,0.0638219490647316,0.8642478585243225,0.39557164907455444,0.701921820640564,0.07528119534254074,0.866884708404541,0.42895326018333435,0.7300112247467041,-0.020681295543909073,0.9713554978370667,0.3896210491657257,0.725793719291687,-0.008369265124201775,0.9850085377693176
89,walk,0.38187411427497864,0.22692489624023438,-0.22080476582050323,0.9999929666519165,0.38488835096359253,0.21689215302467346,-0.21279685199260712,0.9999733567237854,0.3872883915901184,0.2166518121957779,-0.21280249953269958,0.9999720454216003,0.38977548480033875,0.2163965255022049,-0.21280153095722198,0.9999704957008362,0.37748125195503235,0.2184140682220459,-0.21224911510944366,0.9999746084213257,0.3749430775642395,0.21926657855510712,-0.2122560739517212,0.9999709725379944,0.3732539713382721,0.22005055844783783,-0.21226632595062256,0.9999698996543884,0.3927334249019623,0.22138464450836182,-0.14382611215114594,0.9999487400054932,0.3710808753967285,0.2268933206796646,-0.1433486044406891,0.9999312162399292,0.3877265453338623,0.2393253743648529,-0.19357268512248993,0.9999887347221375,0.37781357765197754,0.24108272790908813,-0.1931629478931427,0.9999872446060181,0.4161955416202545,0.2870435118675232,-0.08692987263202667,0.9999571442604065,0.3573905825614929,0.2949800193309784,-0.08312109857797623,0.9999707341194153,0.428627073764801,0.36450865864753723,-0.043910376727581024,0.9881998300552368,0.34658515453338623,0.3795091509819031,-0.045568615198135376,0.9738110303878784,0.43583425879478455,0.4402408301830292,-0.09671631455421448,0.9753126502037048,0.3417659103870392,0.4556281566619873,-0.09495658427476883,0.9539644718170166,0.4381130635738373,0.46432653069496155,-0.11167977005243301,0.9458235502243042,0.3406578302383423,0.4806147813796997,-0.10949317365884781,0.9154933094978333,0.434985876083374,0.4646243751049042,-0.13444432616233826,0.9499548077583313,0.3431713283061981,0.4799741208553314,-0.13432496786117554,0.9215810298919678,0.4331575930118561,0.4586489796638489,-0.10634348541498184,0.9391250014305115,0.34470805525779724,0.4733419716358185,-0.1059010848402977,0.9084576368331909,0.4105781018733978,0.44307154417037964,0.0013283531880006194,0.9994335174560547,0.37557893991470337,0.4478766918182373,-0.0013966502156108618,0.9997525811195374,0.4112805426120758,0.5617887377738953,-0.008559993468225002,0.9801996946334839,0.38228410482406616,0.5673840045928955,-0.005613941233605146,0.9907780885696411,0.4135565757751465,0.7010803818702698,0.0499739870429039,0.9742593765258789,0.3917495310306549,0.686788022518158,0.07273243367671967,0.9902564287185669,0.4099709391593933,0.7211170792579651,0.05012298747897148,0.8681349754333496,0.3955637812614441,0.7021017670631409,0.07502961903810501,0.8608981370925903,0.4282447397708893,0.7379636764526367,-0.0372052900493145,0.9728685021400452,0.38966989517211914,0.7262406945228577,-0.007963892072439194,0.9843612313270569
90,walk,0.3817877769470215,0.22584950923919678,-0.21691131591796875,0.9999931454658508,0.3848392069339752,0.21575962007045746,-0.2086508721113205,0.9999741315841675,0.38728421926498413,0.215495303273201,-0.2086573839187622,0.9999729990959167,0.3897565007209778,0.21523700654506683,-0.20865342020988464,0.9999715089797974,0.3774053752422333,0.21732354164123535,-0.20801310241222382,0.9999749660491943,0.37482815980911255,0.21823035180568695,-0.20801612734794617,0.9999715685844421,0.37302860617637634,0.21910038590431213,-0.2080215960741043,0.9999703764915466,0.39274701476097107,0.22044895589351654,-0.1399088352918625,0.9999503493309021,0.37097394466400146,0.22580307722091675,-0.13843148946762085,0.9999330639839172,0.38770443201065063,0.2381347268819809,-0.18978911638259888,0.9999890923500061,0.37766140699386597,0.23987171053886414,-0.18929141759872437,0.9999874234199524,0.41627445816993713,0.2869996130466461,-0.08578768372535706,0.9999600052833557,0.35707011818885803,0.293960839509964,-0.07678771018981934,0.9999711513519287,0.42854756116867065,0.36573752760887146,-0.0430368036031723,0.9881289005279541,0.34642770886421204,0.3785509467124939,-0.0380508154630661,0.9741030335426331,0.4351174831390381,0.44467222690582275,-0.09610794484615326,0.9751502275466919,0.3413246273994446,0.45538219809532166,-0.09046129882335663,0.9547618627548218,0.43699225783348083,0.46791917085647583,-0.11137308180332184,0.9458484053611755,0.3402610123157501,0.48024076223373413,-0.10523905605077744,0.9168897271156311,0.43392214179039,0.46788710355758667,-0.13396300375461578,0.9499966502189636,0.3427808880805969,0.47972527146339417,-0.13039572536945343,0.9228520393371582,0.4321954846382141,0.46138080954551697,-0.1055988296866417,0.9391421675682068,0.3443911373615265,0.47317615151405334,-0.1015239804983139,0.910082995891571,0.4099549353122711,0.44316112995147705,-0.0021152119152247906,0.9994706511497498,0.374948650598526,0.4479190409183502,0.002036800142377615,0.9997499585151672,0.4099223017692566,0.5658312439918518,-0.01785646192729473,0.9801005125045776,0.3822821378707886,0.5683802366256714,0.0011749428231269121,0.989165186882019,0.4135402739048004,0.7061065435409546,0.035017043352127075,0.9755943417549133,0.392543762922287,0.6886041760444641,0.07960548251867294,0.9886668920516968,0.41130751371383667,0.7262566685676575,0.034412287175655365,0.8676318526268005,0.3960753381252289,0.703835129737854,0.08193738758563995,0.8539767265319824,0.4243149757385254,0.7402650713920593,-0.05523701384663582,0.9739530682563782,0.38964900374412537,0.7269871830940247,0.0009078106959350407,0.9831915497779846
91,walk,0.3816203773021698,0.22440005838871002,-0.21286363899707794,0.9999933838844299,0.3847958445549011,0.2141702026128769,-0.20396527647972107,0.9999750256538391,0.38730841875076294,0.21388877928256989,-0.20397230982780457,0.9999741315841675,0.3897860646247864,0.21363340318202972,-0.20396816730499268,0.9999727010726929,0.37726420164108276,0.2157774567604065,-0.20315131545066833,0.9999754428863525,0.37465086579322815,0.21675053238868713,-0.20315274596214294,0.9999722838401794,0.3728067874908447,0.21763727068901062,-0.20315587520599365,0.9999709725379944,0.3928433358669281,0.21925178170204163,-0.13474148511886597,0.9999523162841797,0.37085825204849243,0.22432340681552887,-0.13203032314777374,0.9999352693557739,0.3875984847545624,0.23673970997333527,-0.18576565384864807,0.9999895691871643,0.3774547576904297,0.23836112022399902,-0.18504048883914948,0.999987781047821,0.4163559079170227,0.28699180483818054,-0.08329735696315765,0.9999628663063049,0.3569453954696655,0.2933272421360016,-0.06989150494337082,0.9999713897705078,0.42859339714050293,0.36728495359420776,-0.04128296300768852,0.9881684184074402,0.3463972210884094,0.3773835003376007,-0.031005898490548134,0.9740490317344666,0.4340422749519348,0.44773346185684204,-0.0952393114566803,0.9752187728881836,0.341205894947052,0.45500245690345764,-0.08641714602708817,0.9551477432250977,0.43576011061668396,0.4704970121383667,-0.11111211776733398,0.9463608264923096,0.3400002717971802,0.4799155294895172,-0.10195466130971909,0.9176005125045776,0.4326697289943695,0.47062382102012634,-0.1334664225578308,0.9504690170288086,0.34280556440353394,0.47941961884498596,-0.12698405981063843,0.9234453439712524,0.43095239996910095,0.4638391137123108,-0.10460855066776276,0.9395958185195923,0.3445799946784973,0.4728827178478241,-0.09748624265193939,0.9109663963317871,0.4094483256340027,0.4435614347457886,-0.004643313121050596,0.9995079040527344,0.37472695112228394,0.4479580223560333,0.004564925096929073,0.9997487664222717,0.40859532356262207,0.5679728388786316,-0.019285447895526886,0.9800195097923279,0.3823864161968231,0.5693838000297546,0.009222693741321564,0.9869863390922546,0.412832647562027,0.7072281837463379,0.03830551728606224,0.9767166376113892,0.39305177330970764,0.6897175908088684,0.09725290536880493,0.9864948987960815,0.41133102774620056,0.7268868088722229,0.037979282438755035,0.8638577461242676,0.39630842208862305,0.7040796279907227,0.10060910135507584,0.8446338176727295,0.41808804869651794,0.7411280274391174,-0.05448155477643013,0.9747167229652405,0.3896421790122986,0.7290595769882202,0.019055459648370743,0.9815622568130493
92,walk,0.3816186785697937,0.22288964688777924,-0.22306779026985168,0.9999935626983643,0.3848346471786499,0.21255820989608765,-0.21391507983207703,0.9999758005142212,0.38737189769744873,0.21224428713321686,-0.21392032504081726,0.9999750852584839,0.3898382782936096,0.21201106905937195,-0.21392019093036652,0.999973714351654,0.3773036301136017,0.21420447528362274,-0.21311433613300323,0.999975860118866,0.3746822774410248,0.21521827578544617,-0.213121697306633,0.999972939491272,0.37274783849716187,0.21619118750095367,-0.21312634646892548,0.9999715089797974,0.39293161034584045,0.21797968447208405,-0.1436031311750412,0.9999539256095886,0.3708919584751129,0.22282150387763977,-0.14090530574321747,0.9999373555183411,0.387625515460968,0.23517464101314545,-0.19565489888191223,0.999989926815033,0.377460777759552,0.2367115467786789,-0.19495567679405212,0.9999879598617554,0.4164675772190094,0.2867945432662964,-0.09122107177972794,0.9999651908874512,0.35673707723617554,0.2927332818508148,-0.07596329599618912,0.9999714493751526,0.4286320209503174,0.36954787373542786,-0.04642840474843979,0.9880937337875366,0.3464873135089874,0.37745141983032227,-0.032983873039484024,0.9741726517677307,0.4328991770744324,0.45094266533851624,-0.09733434021472931,0.9749240279197693,0.3410407304763794,0.45523369312286377,-0.08863498270511627,0.95551997423172,0.4345577359199524,0.4730096161365509,-0.11306104809045792,0.9461186528205872,0.3399724066257477,0.4802263081073761,-0.1033179759979248,0.9181581735610962,0.4315706193447113,0.4733605980873108,-0.13527774810791016,0.9502454400062561,0.34280431270599365,0.47956588864326477,-0.13011571764945984,0.923896074295044,0.4298937916755676,0.4664863049983978,-0.10648579895496368,0.939275324344635,0.3445644676685333,0.47307077050209045,-0.10028926283121109,0.9116746187210083,0.4087245464324951,0.44373181462287903,-0.005305684637278318,0.9995397329330444,0.3743388056755066,0.44779539108276367,0.005219065584242344,0.9997467994689941,0.40730875730514526,0.568925678730011,-0.017499985173344612,0.9795406460762024,0.38246405124664307,0.5695755481719971,0.008717227727174759,0.9846736192703247,0.41171592473983765,0.7065389156341553,0.04125494882464409,0.9775441288948059,0.39350295066833496,0.6904446482658386,0.09764165431261063,0.9840047955513,0.4112044870853424,0.7258263230323792,0.04093770310282707,0.8603368997573853,0.3965672552585602,0.7045382857322693,0.101165272295475,0.8343610167503357,0.4168704152107239,0.7392653822898865,-0.05054889991879463,0.9751328825950623,0.3896467089653015,0.7290115356445312,0.02050095982849598,0.979632556438446
93,walk,0.3815409541130066,0.22137732803821564,-0.23208077251911163,0.9999939203262329,0.38483113050460815,0.21094372868537903,-0.2228018343448639,0.999977171421051,0.3874010145664215,0.21069279313087463,-0.22280403971672058,0.9999765753746033,0.38987505435943604,0.2105555385351181,-0.22280704975128174,0.9999752640724182,0.37732526659965515,0.21256525814533234,-0.22168056666851044,0.999977171421051,0.37470442056655884,0.2136240154504776,-0.22169356048107147,0.9999744296073914,0.3726942837238312,0.21463438868522644,-0.221698597073555,0.9999729990959167,0.39301881194114685,0.21692055463790894,-0.1525915563106537,0.9999566078186035,0.3709621727466583,0.22131569683551788,-0.1482929140329361,0.9999411702156067,0.3875637650489807,0.23380474746227264,-0.20479433238506317,0.9999905228614807,0.3773939907550812,0.23525585234165192,-0.20362591743469238,0.9999885559082031,0.41655129194259644,0.2868957221508026,-0.1007848009467125,0.9999673366546631,0.35666322708129883,0.29236671328544617,-0.0818268209695816,0.9999719262123108,0.4286734461784363,0.3730405271053314,-0.05807054042816162,0.9882509112358093,0.3465654253959656,0.37781140208244324,-0.03880169987678528,0.9740315675735474,0.4318951964378357,0.45466992259025574,-0.10885212570428848,0.9746521711349487,0.3412805497646332,0.4563460946083069,-0.09529225528240204,0.9559884071350098,0.433379590511322,0.47684481739997864,-0.12549719214439392,0.9458872079849243,0.3400222659111023,0.4807907044887543,-0.11027681827545166,0.918790876865387,0.43033915758132935,0.47727859020233154,-0.14715051651000977,0.9499874711036682,0.3430871367454529,0.4803576171398163,-0.13672520220279694,0.924361526966095,0.42874813079833984,0.46981337666511536,-0.11773331463336945,0.9389035105705261,0.34493380784988403,0.4738011658191681,-0.10671757161617279,0.912421464920044,0.40824517607688904,0.44440242648124695,-0.008042481727898121,0.9995707869529724,0.37428149580955505,0.4478682577610016,0.007946902886033058,0.9997475147247314,0.4063398838043213,0.5707042813301086,-0.021395061165094376,0.9793474674224854,0.3825221359729767,0.5708690285682678,0.022206880152225494,0.9814466834068298,0.4106743335723877,0.7082237005233765,0.033346302807331085,0.9783563017845154,0.3936508893966675,0.690614640712738,0.12221560627222061,0.9810416102409363,0.4111800789833069,0.7287153601646423,0.03247906640172005,0.8573510646820068,0.3967818319797516,0.7047305703163147,0.12686565518379211,0.8266260623931885,0.41325220465660095,0.7394653558731079,-0.0595654733479023,0.975483238697052,0.38888251781463623,0.7288974523544312,0.049421776086091995,0.9773796796798706
94,walk,0.3815516233444214,0.21973438560962677,-0.23536734282970428,0.999994158744812,0.3848744332790375,0.2093440145254135,-0.2258591651916504,0.9999783039093018,0.3874468207359314,0.20912200212478638,-0.22586235404014587,0.9999777674674988,0.38989683985710144,0.20911075174808502,-0.22586758434772491,0.9999765753746033,0.3773900866508484,0.21075278520584106,-0.22459912300109863,0.9999783039093018,0.3747907280921936,0.21164676547050476,-0.22461643815040588,0.9999757409095764,0.3727232813835144,0.2126581370830536,-0.22462475299835205,0.9999743103981018,0.39312589168548584,0.21582047641277313,-0.1552981734275818,0.9999588131904602,0.3710368573665619,0.21958673000335693,-0.15022599697113037,0.9999445676803589,0.3875742256641388,0.2325906902551651,-0.20801468193531036,0.9999910593032837,0.37735554575920105,0.23386505246162415,-0.20662502944469452,0.9999890923500061,0.41668424010276794,0.2869166433811188,-0.10415210574865341,0.9999690651893616,0.3566126525402069,0.29203155636787415,-0.08474411815404892,0.999972403049469,0.42873239517211914,0.3758503496646881,-0.06432877480983734,0.9883089661598206,0.3466854989528656,0.37795689702033997,-0.04335108771920204,0.9738067388534546,0.4310513436794281,0.45714280009269714,-0.11688075214624405,0.9737316966056824,0.34142231941223145,0.45826059579849243,-0.10018885135650635,0.9558715224266052,0.43234172463417053,0.4800521433353424,-0.13405820727348328,0.9446149468421936,0.3400057554244995,0.482339084148407,-0.11571411788463593,0.9183661937713623,0.42922061681747437,0.4806322753429413,-0.15538290143013,0.9487298130989075,0.34340524673461914,0.4821924865245819,-0.14142432808876038,0.923791766166687,0.42772477865219116,0.47260257601737976,-0.1256851851940155,0.937339723110199,0.34529632329940796,0.47523438930511475,-0.1113278865814209,0.9119784832000732,0.4080820679664612,0.4453474283218384,-0.009335560724139214,0.9996001124382019,0.3739447593688965,0.4481242597103119,0.009239651262760162,0.999748945236206,0.4054725170135498,0.5716727375984192,-0.028678473085165024,0.979493260383606,0.3824084401130676,0.5738306045532227,0.027789175510406494,0.9786439538002014,0.40911832451820374,0.7102455496788025,0.0281498022377491,0.9791160225868225,0.3936443328857422,0.6905408501625061,0.14397285878658295,0.977419376373291,0.4104696214199066,0.7308899164199829,0.02754168212413788,0.853843629360199,0.3967861831188202,0.7047065496444702,0.15041108429431915,0.8177971839904785,0.4103218615055084,0.7416294813156128,-0.0652783066034317,0.9757718443870544,0.3882761597633362,0.7288675904273987,0.07488925009965897,0.9746800661087036
95,walk,0.381625235080719,0.2186002880334854,-0.24514555931091309,0.9999943375587463,0.38526421785354614,0.20828473567962646,-0.2350231111049652,0.9999791979789734,0.3879653811454773,0.20815737545490265,-0.2350267469882965,0.99997878074646,0.39010506868362427,0.20833837985992432,-0.2350352555513382,0.9999776482582092,0.377512127161026,0.20953500270843506,-0.23434631526470184,0.9999792575836182,0.37492090463638306,0.21037542819976807,-0.23437416553497314,0.9999768733978271,0.37278828024864197,0.21145279705524445,-0.23439157009124756,0.9999755024909973,0.3936057686805725,0.21527376770973206,-0.16191785037517548,0.9999606609344482,0.3710976243019104,0.21836988627910614,-0.15924300253391266,0.9999477863311768,0.3877048194408417,0.23170457780361176,-0.21681208908557892,0.9999915361404419,0.37743574380874634,0.23286116123199463,-0.2161673605442047,0.9999896287918091,0.4169219136238098,0.2869938910007477,-0.10941603034734726,0.9999706149101257,0.35648447275161743,0.2917994558811188,-0.09255482256412506,0.9999725818634033,0.4287935197353363,0.3773534893989563,-0.06965720653533936,0.9884108901023865,0.34676164388656616,0.37932345271110535,-0.054576389491558075,0.9737964868545532,0.43033599853515625,0.4593487083911896,-0.1261957734823227,0.9726664423942566,0.341702938079834,0.4616932272911072,-0.11474840342998505,0.9557010531425476,0.43174657225608826,0.4827294945716858,-0.14454704523086548,0.9431290030479431,0.3402184545993805,0.48524734377861023,-0.13175994157791138,0.9177604913711548,0.4285794794559479,0.4832369387149811,-0.16604174673557281,0.9472643733024597,0.3437339961528778,0.4850212633609772,-0.15762248635292053,0.9230606555938721,0.4270050525665283,0.47514212131500244,-0.13518652319908142,0.9355772137641907,0.34559813141822815,0.477523535490036,-0.12593500316143036,0.911345899105072,0.4080256521701813,0.4473215639591217,-0.010873043909668922,0.9996219277381897,0.37385064363479614,0.45001721382141113,0.010777926072478294,0.9997410774230957,0.40432992577552795,0.5766581296920776,-0.031205948442220688,0.9797305464744568,0.38236600160598755,0.5771069526672363,0.033197831362485886,0.9746004343032837,0.4079994559288025,0.713991105556488,0.03327774628996849,0.9794929027557373,0.3936970829963684,0.6912687420845032,0.16186335682868958,0.9713447093963623,0.4099404215812683,0.7334789633750916,0.033274851739406586,0.8450191020965576,0.3968004584312439,0.7050033807754517,0.1696053296327591,0.8038490414619446,0.4083422124385834,0.7487696409225464,-0.06165502592921257,0.9753082394599915,0.38756269216537476,0.7296662330627441,0.09249146282672882,0.9699300527572632
96,walk,0.3818228542804718,0.2182268500328064,-0.2560536861419678,0.9999945163726807,0.38588711619377136,0.20774568617343903,-0.24609585106372833,0.9999800324440002,0.3886140286922455,0.20767833292484283,-0.24609896540641785,0.9999796748161316,0.39050179719924927,0.2080521285533905,-0.24611060321331024,0.9999786019325256,0.37787944078445435,0.20898637175559998,-0.24515092372894287,0.9999801516532898,0.37533336877822876,0.20992113649845123,-0.24518541991710663,0.9999779462814331,0.3729793131351471,0.21109212934970856,-0.24520845711231232,0.999976634979248,0.3944205641746521,0.2150217890739441,-0.17097830772399902,0.999962329864502,0.3711528480052948,0.2176835536956787,-0.16692107915878296,0.9999507665634155,0.3879989981651306,0.23130202293395996,-0.22682134807109833,0.9999920129776001,0.3774634003639221,0.23235267400741577,-0.225751131772995,0.9999901056289673,0.4172348082065582,0.28686559200286865,-0.1166413426399231,0.9999723434448242,0.3565390408039093,0.29070961475372314,-0.09814916551113129,0.9999732375144958,0.42882245779037476,0.37790611386299133,-0.08030126243829727,0.9887161254882812,0.3469142019748688,0.3796665668487549,-0.061630748212337494,0.9743348360061646,0.4302118718624115,0.4595748782157898,-0.14322243630886078,0.9722234010696411,0.3419371247291565,0.4632062613964081,-0.12622764706611633,0.9562568664550781,0.43157047033309937,0.4835103750228882,-0.16342976689338684,0.9425725936889648,0.3403533399105072,0.48699185252189636,-0.14438065886497498,0.918168306350708,0.42836499214172363,0.4839991331100464,-0.1851521134376526,0.9466797709465027,0.3439510464668274,0.48667362332344055,-0.1711222380399704,0.9233359098434448,0.4267939031124115,0.4758192300796509,-0.15248700976371765,0.9346590638160706,0.34576067328453064,0.47877630591392517,-0.13780714571475983,0.9117798805236816,0.4080401360988617,0.448311448097229,-0.013501693494617939,0.9996455311775208,0.37386569380760193,0.4507884681224823,0.013413426466286182,0.9997369050979614,0.4036179184913635,0.5788792967796326,-0.042357493191957474,0.9799600839614868,0.3822179436683655,0.5785982012748718,0.039148230105638504,0.9685303568840027,0.4067400097846985,0.7195053696632385,0.013986359350383282,0.9795860052108765,0.3937171995639801,0.6914253234863281,0.18271002173423767,0.9584326148033142,0.40890616178512573,0.740224301815033,0.013126279227435589,0.8351238369941711,0.3968648910522461,0.7050439119338989,0.19224026799201965,0.7827869057655334,0.4070470929145813,0.7579148411750793,-0.08518287539482117,0.9744663238525391,0.3872464895248413,0.7298449277877808,0.11738885939121246,0.9605822563171387
97,walk,0.382315456867218,0.2161252796649933,-0.26173171401023865,0.9999945759773254,0.3867136836051941,0.2059166580438614,-0.2515433132648468,0.9999803304672241,0.38927537202835083,0.20604656636714935,-0.2515440285205841,0.9999800324440002,0.39102548360824585,0.20659327507019043,-0.251555860042572,0.9999789595603943,0.3785058557987213,0.2070385217666626,-0.25067681074142456,0.999980628490448,0.37593790888786316,0.2078661173582077,-0.2507157623767853,0.9999786019325256,0.37344300746917725,0.20894023776054382,-0.25074446201324463,0.9999773502349854,0.39537113904953003,0.21413816511631012,-0.17580533027648926,0.9999628663063049,0.3712817132472992,0.2161010056734085,-0.1717994064092636,0.9999529123306274,0.38847944140434265,0.22990338504314423,-0.23233568668365479,0.9999923706054688,0.37766072154045105,0.23080694675445557,-0.23128998279571533,0.9999904632568359,0.4179021418094635,0.28680387139320374,-0.12027965486049652,0.9999735951423645,0.3565722405910492,0.29023483395576477,-0.10342098772525787,0.9999735355377197,0.4288598597049713,0.3780299723148346,-0.08252638578414917,0.9887651801109314,0.3470344543457031,0.3815482556819916,-0.06715675443410873,0.974761426448822,0.42996352910995483,0.46061062812805176,-0.14362473785877228,0.9707643985748291,0.34217900037765503,0.46671435236930847,-0.13056032359600067,0.9563158750534058,0.4312095046043396,0.4851783215999603,-0.16346372663974762,0.9404842853546143,0.34052562713623047,0.49085965752601624,-0.14915838837623596,0.9176281094551086,0.4280107915401459,0.4856380522251129,-0.18532554805278778,0.9446021318435669,0.3441842794418335,0.4901037812232971,-0.17593564093112946,0.9226858615875244,0.4264364242553711,0.4772680401802063,-0.15292435884475708,0.932059109210968,0.34619954228401184,0.4819338917732239,-0.14215752482414246,0.911308765411377,0.40809503197669983,0.45026153326034546,-0.01437442284077406,0.9996668696403503,0.3738834857940674,0.4524132311344147,0.014284579083323479,0.9997336268424988,0.40291136503219604,0.5834702849388123,-0.042017146944999695,0.9803568720817566,0.38182616233825684,0.5804010033607483,0.04532190412282944,0.9633145332336426,0.40537333488464355,0.7233888506889343,0.019239075481891632,0.9796311259269714,0.3936404585838318,0.6914718747138977,0.20277562737464905,0.9455367922782898,0.407339483499527,0.7427331805229187,0.01881467178463936,0.8215627670288086,0.39672139286994934,0.7049859166145325,0.21385018527507782,0.7617380619049072,0.40448182821273804,0.7667394280433655,-0.0808483436703682,0.9733489155769348,0.3857300877571106,0.7300423383712769,0.1394355744123459,0.9515184164047241
98,walk,0.38295456767082214,0.21543166041374207,-0.26092880964279175,0.9999945759773254,0.38758745789527893,0.20489376783370972,-0.25078698992729187,0.9999805688858032,0.38997092843055725,0.2050817310810089,-0.25078898668289185,0.9999803304672241,0.3917973041534424,0.2057018280029297,-0.2507997155189514,0.9999793171882629,0.3791911005973816,0.20614191889762878,-0.2500942051410675,0.9999809265136719,0.37659525871276855,0.20704135298728943,-0.2501327693462372,0.9999790191650391,0.37410253286361694,0.2082124501466751,-0.25016361474990845,0.9999778270721436,0.3963474631309509,0.2130763828754425,-0.1739928424358368,0.9999634623527527,0.37158945202827454,0.21507859230041504,-0.17085596919059753,0.9999545812606812,0.38912665843963623,0.22897790372371674,-0.2309604436159134,0.9999927282333374,0.3782017230987549,0.22983451187610626,-0.23017580807209015,0.9999907612800598,0.41859540343284607,0.2860334813594818,-0.11644081026315689,0.9999750256538391,0.3565862774848938,0.28962066769599915,-0.10349626839160919,0.9999740123748779,0.42892488837242126,0.37765565514564514,-0.07901760190725327,0.9889082908630371,0.3470911979675293,0.3829859495162964,-0.06642317771911621,0.9755626916885376,0.4299394190311432,0.46109482645988464,-0.14620815217494965,0.9707769155502319,0.34250491857528687,0.4675910472869873,-0.13156232237815857,0.9572731256484985,0.43102794885635376,0.48619040846824646,-0.16713783144950867,0.940852701663971,0.3405832052230835,0.49216794967651367,-0.1507970541715622,0.9189116358757019,0.42776137590408325,0.4864668846130371,-0.1896553933620453,0.9448978900909424,0.3445039391517639,0.491327702999115,-0.1780836582183838,0.9238424897193909,0.4262082576751709,0.47807058691978455,-0.15588974952697754,0.9322818517684937,0.3465828001499176,0.48302730917930603,-0.1433519572019577,0.9127086400985718,0.40811604261398315,0.4517194628715515,-0.012964598834514618,0.9996842741966248,0.37365129590034485,0.45351076126098633,0.012879687361419201,0.9997288584709167,0.4022665023803711,0.5873907804489136,-0.04277954623103142,0.9803470373153687,0.38173460960388184,0.5828660130500793,0.03331422060728073,0.959450900554657,0.40409159660339355,0.7278926372528076,0.026499390602111816,0.9785792231559753,0.39360395073890686,0.6938926577568054,0.1870640218257904,0.9279965758323669,0.40562915802001953,0.7461879253387451,0.027094189077615738,0.8039095997810364,0.396342009305954,0.7061498761177063,0.19862481951713562,0.7325113415718079,0.40325579047203064,0.7727077007293701,-0.07194296270608902,0.9708596467971802,0.3859102725982666,0.7349110841751099,0.12287154048681259,0.9378661513328552
99,walk,0.38336530327796936,0.2135794460773468,-0.26699379086494446,0.9999945163726807,0.38824033737182617,0.20296864211559296,-0.25705286860466003,0.9999805688858032,0.3905862867832184,0.2031860500574112,-0.25705835223197937,0.9999803304672241,0.39268046617507935,0.20370177924633026,-0.2570738196372986,0.9999793767929077,0.3796202540397644,0.20424306392669678,-0.25566086173057556,0.9999808669090271,0.3770221173763275,0.20509599149227142,-0.25570085644721985,0.9999790191650391,0.3745911419391632,0.20620223879814148,-0.25573259592056274,0.9999779462814331,0.3976297080516815,0.2113669216632843,-0.17988726496696472,0.9999635219573975,0.37199509143829346,0.21324262022972107,-0.17356741428375244,0.9999552369117737,0.38959553837776184,0.22736209630966187,-0.23681631684303284,0.9999929666519165,0.3785983622074127,0.22811561822891235,-0.23509833216667175,0.9999909400939941,0.4195016920566559,0.28512436151504517,-0.1219298243522644,0.9999762773513794,0.35662904381752014,0.2879795730113983,-0.10609549283981323,0.9999741911888123,0.42939314246177673,0.3773886263370514,-0.09039266407489777,0.9889941811561584,0.3471624255180359,0.3830580413341522,-0.07180456817150116,0.976262629032135,0.43004584312438965,0.4623483121395111,-0.16174763441085815,0.9704071283340454,0.34255895018577576,0.4683939218521118,-0.14124059677124023,0.9579455256462097,0.43103131651878357,0.48772409558296204,-0.18428301811218262,0.9404380917549133,0.3406381905078888,0.4934502840042114,-0.1614227294921875,0.9197415709495544,0.42775145173072815,0.48783522844314575,-0.20556218922138214,0.9444566965103149,0.34466761350631714,0.49259960651397705,-0.18855176866054535,0.9245736598968506,0.42620620131492615,0.47933435440063477,-0.1710975021123886,0.9315973520278931,0.34675246477127075,0.4840736389160156,-0.15306004881858826,0.9135997295379639,0.40805667638778687,0.4530027210712433,-0.012782635167241096,0.9997029900550842,0.37315112352371216,0.4544985890388489,0.012690487317740917,0.9997266530990601,0.4013238549232483,0.5875328779220581,-0.04921121150255203,0.9797958135604858,0.38174986839294434,0.5833120346069336,0.028747055679559708,0.9546616077423096,0.402681827545166,0.7296375036239624,0.027569100260734558,0.9774759411811829,0.393701434135437,0.6946232318878174,0.1880047768354416,0.9103832244873047,0.4040513038635254,0.7483835816383362,0.029011154547333717,0.7880819439888,0.3963901400566101,0.7061615586280823,0.20033776760101318,0.7060657739639282,0.4023456573486328,0.7766623497009277,-0.07096531987190247,0.9684653282165527,0.3865332305431366,0.7350026369094849,0.1248820424079895,0.9242828488349915
100,walk,0.38353702425956726,0.21154344081878662,-0.2816818058490753,0.9999945759773254,0.388593465089798,0.2007794976234436,-0.27201327681541443,0.9999809265136719,0.3909856975078583,0.20094777643680573,-0.27201706171035767,0.9999806880950928,0.3931545317173004,0.20135779678821564,-0.2720330059528351,0.9999797940254211,0.37985819578170776,0.20209670066833496,-0.270316481590271,0.999981164932251,0.3772960305213928,0.2028404176235199,-0.2703605890274048,0.9999794363975525,0.3749100863933563,0.20381313562393188,-0.2703900933265686,0.9999784231185913,0.3984138071537018,0.20895805954933167,-0.19408629834651947,0.9999640583992004,0.3723893463611603,0.21098533272743225,-0.18621712923049927,0.999956488609314,0.3898828625679016,0.22525817155838013,-0.2511090636253357,0.9999932646751404,0.37880802154541016,0.22602036595344543,-0.2489582747220993,0.999991238117218,0.42061367630958557,0.2832068204879761,-0.13374537229537964,0.9999775886535645,0.3566696047782898,0.28584808111190796,-0.11666566133499146,0.9999746084213257,0.43059951066970825,0.37682148814201355,-0.10204161703586578,0.9892662167549133,0.34718289971351624,0.3825582265853882,-0.08134721219539642,0.9772382378578186,0.43008628487586975,0.4626736640930176,-0.1729390174150467,0.9705749154090881,0.34260597825050354,0.46846961975097656,-0.1510736346244812,0.9591590166091919,0.4312000870704651,0.4885852336883545,-0.19599643349647522,0.9408024549484253,0.34071463346481323,0.49356338381767273,-0.17164742946624756,0.9213958978652954,0.4279191493988037,0.48837077617645264,-0.21742506325244904,0.9447559714317322,0.344727098941803,0.49292266368865967,-0.19939997792243958,0.9260808229446411,0.42637044191360474,0.47983357310295105,-0.18235523998737335,0.9318274259567261,0.3467923104763031,0.48444294929504395,-0.16312071681022644,0.915383517742157,0.40796026587486267,0.45331355929374695,-0.013273967429995537,0.9997221231460571,0.3727421164512634,0.4545615613460541,0.013175725936889648,0.999726414680481,0.4008027911186218,0.5885227918624878,-0.04891185462474823,0.9795832633972168,0.38152188062667847,0.5830862522125244,0.03453323245048523,0.9501854777336121,0.4020196795463562,0.7304635047912598,0.02941843494772911,0.9765437245368958,0.39325010776519775,0.6927101016044617,0.21610280871391296,0.8902380466461182,0.4037083089351654,0.7494310140609741,0.0310151819139719,0.7736520767211914,0.39594852924346924,0.7007762789726257,0.23044879734516144,0.6798475980758667,0.4013589024543762,0.7795946598052979,-0.06963008642196655,0.9661648869514465,0.38615745306015015,0.7332360148429871,0.1571793258190155,0.9097233414649963
101,walk,0.3843333423137665,0.20942282676696777,-0.28625553846359253,0.999994695186615,0.38926997780799866,0.1985282301902771,-0.27683183550834656,0.9999814033508301,0.39158856868743896,0.19865483045578003,-0.2768334746360779,0.9999812245368958,0.39388415217399597,0.19890864193439484,-0.2768495976924896,0.9999803304672241,0.380540132522583,0.19978059828281403,-0.2754738926887512,0.9999815225601196,0.3779255747795105,0.20056487619876862,-0.2755172848701477,0.9999799132347107,0.37567242980003357,0.2015293389558792,-0.27554115653038025,0.9999789595603943,0.399217426776886,0.2061748504638672,-0.19823560118675232,0.9999648928642273,0.3730456233024597,0.20865540206432343,-0.19182035326957703,0.9999578595161438,0.39062854647636414,0.22299019992351532,-0.25518250465393066,0.9999935626983643,0.37967345118522644,0.22388383746147156,-0.2534629702568054,0.9999915361404419,0.42167145013809204,0.2805134356021881,-0.1355520635843277,0.9999789595603943,0.35685208439826965,0.28281769156455994,-0.12239261716604233,0.9999750256538391,0.4313243329524994,0.3741198182106018,-0.10176235437393188,0.9894638657569885,0.34730643033981323,0.3808307647705078,-0.0881398618221283,0.9781071543693542,0.43094390630722046,0.4620676636695862,-0.1713346242904663,0.9708541035652161,0.3427063524723053,0.468080997467041,-0.156704381108284,0.9603168368339539,0.4316236972808838,0.4879419207572937,-0.19370341300964355,0.9413540363311768,0.3408091068267822,0.49313050508499146,-0.17798301577568054,0.9231067895889282,0.4281435012817383,0.4875949025154114,-0.2160838544368744,0.9452370405197144,0.3447485566139221,0.49257877469062805,-0.20570051670074463,0.9276453256607056,0.42668581008911133,0.47913894057273865,-0.18119360506534576,0.9324519038200378,0.34681248664855957,0.48416751623153687,-0.16884690523147583,0.9172304272651672,0.407897412776947,0.45285823941230774,-0.013025173917412758,0.9997422695159912,0.3721453845500946,0.45391154289245605,0.012924745678901672,0.9997320175170898,0.40071114897727966,0.5886183977127075,-0.04397311434149742,0.9795603156089783,0.38085776567459106,0.5824919939041138,0.038063451647758484,0.9476246237754822,0.4020310938358307,0.731683075428009,0.030138885602355003,0.976436197757721,0.39288973808288574,0.6875792741775513,0.2164963185787201,0.8788203001022339,0.4034048616886139,0.7498574256896973,0.03136808052659035,0.766088604927063,0.39584189653396606,0.6928988695144653,0.23046596348285675,0.6619411706924438,0.4018002450466156,0.7822751402854919,-0.06531116366386414,0.9656275510787964,0.3862200081348419,0.7297022342681885,0.15795256197452545,0.9020128846168518
102,walk,0.3848085105419159,0.20594562590122223,-0.28362512588500977,0.999994695186615,0.3898237347602844,0.1952960193157196,-0.2742462456226349,0.9999814629554749,0.3921605944633484,0.19545409083366394,-0.27424687147140503,0.9999813437461853,0.3944944441318512,0.19569823145866394,-0.2742609977722168,0.9999804496765137,0.3811070919036865,0.1963263601064682,-0.2726096510887146,0.9999815225601196,0.3784761428833008,0.1970130056142807,-0.2726507782936096,0.9999799728393555,0.37628504633903503,0.1977538913488388,-0.27267399430274963,0.9999790787696838,0.4000297486782074,0.20314207673072815,-0.1964537650346756,0.9999648332595825,0.3736397624015808,0.20505599677562714,-0.18876445293426514,0.9999581575393677,0.39107465744018555,0.21986132860183716,-0.25294044613838196,0.9999937415122986,0.38019025325775146,0.22063034772872925,-0.2508278489112854,0.9999915957450867,0.42268258333206177,0.2782338559627533,-0.13449180126190186,0.9999802112579346,0.356959730386734,0.27958542108535767,-0.11945317685604095,0.9999752044677734,0.4321843981742859,0.37254223227500916,-0.10088483989238739,0.9896984696388245,0.34733474254608154,0.3789556622505188,-0.08471830189228058,0.9787204265594482,0.431934654712677,0.461672842502594,-0.17044886946678162,0.9710341691970825,0.34275195002555847,0.4678390920162201,-0.15170423686504364,0.961180567741394,0.43247708678245544,0.48742642998695374,-0.1926630735397339,0.9416806101799011,0.34088966250419617,0.49290257692337036,-0.17265453934669495,0.9242726564407349,0.42875656485557556,0.4870607256889343,-0.2151884138584137,0.9455155730247498,0.34482520818710327,0.4922887682914734,-0.20003561675548553,0.9286637306213379,0.42721492052078247,0.4786814749240875,-0.18036703765392303,0.9328299760818481,0.346870481967926,0.48404234647750854,-0.1636929214000702,0.9184260368347168,0.4078056216239929,0.4509282410144806,-0.013623403385281563,0.9997607469558716,0.37150710821151733,0.4514346122741699,0.013519803993403912,0.9997363090515137,0.4010029733181,0.5873449444770813,-0.049083855003118515,0.9794558882713318,0.379390150308609,0.582356870174408,0.04415832459926605,0.9438902735710144,0.40231603384017944,0.7328096032142639,0.01750980131328106,0.9763872623443604,0.39160728454589844,0.6849448680877686,0.21843314170837402,0.8683462142944336,0.4036739766597748,0.750999391078949,0.017842547968029976,0.7577089071273804,0.3948586583137512,0.6911577582359314,0.23172041773796082,0.6458045840263367,0.4014618396759033,0.7829011678695679,-0.08656428754329681,0.9652098417282104,0.385890394449234,0.7288479208946228,0.158137708902359,0.8955215215682983
103,walk,0.3850894272327423,0.2024383395910263,-0.28302517533302307,0.999994695186615,0.3903435468673706,0.19155898690223694,-0.2738727927207947,0.9999814629554749,0.39277225732803345,0.19162143766880035,-0.2738732099533081,0.9999814033508301,0.3951723277568817,0.19183067977428436,-0.27388519048690796,0.9999805092811584,0.3815612494945526,0.19272738695144653,-0.2716808021068573,0.9999814033508301,0.3789610266685486,0.19329971075057983,-0.2717178463935852,0.9999798536300659,0.3768254816532135,0.1939307302236557,-0.2717379331588745,0.9999789595603943,0.40091198682785034,0.19926626980304718,-0.19662556052207947,0.9999645352363586,0.37439796328544617,0.201266348361969,-0.18639110028743744,0.9999576210975647,0.39140406250953674,0.21646635234355927,-0.2525370717048645,0.9999938607215881,0.380601704120636,0.21722933650016785,-0.2496688812971115,0.9999915957450867,0.42393144965171814,0.276167631149292,-0.13591107726097107,0.9999814033508301,0.3574591875076294,0.2760200500488281,-0.11706743389368057,0.9999754428863525,0.43349188566207886,0.3719206154346466,-0.10297771543264389,0.9898913502693176,0.3473776876926422,0.3749263286590576,-0.08182618021965027,0.9790154695510864,0.43380600214004517,0.4616478681564331,-0.17030441761016846,0.9707311987876892,0.3427991271018982,0.46553799510002136,-0.14816120266914368,0.9613099098205566,0.43379926681518555,0.4872998893260956,-0.19200442731380463,0.9411447644233704,0.3408495783805847,0.4913225471973419,-0.16849014163017273,0.9241015911102295,0.43006086349487305,0.48690932989120483,-0.21415141224861145,0.9450100064277649,0.34485939145088196,0.49107733368873596,-0.19605840742588043,0.9284065961837769,0.4285740852355957,0.4784957766532898,-0.17998920381069183,0.932209312915802,0.34682852029800415,0.4825969338417053,-0.16025739908218384,0.9181099534034729,0.4076913893222809,0.4485425651073456,-0.0149411391466856,0.9997790455818176,0.37099689245224,0.4485439658164978,0.014834461733698845,0.9997417330741882,0.40125808119773865,0.5867719650268555,-0.06201300770044327,0.9796221852302551,0.378115713596344,0.5804634690284729,0.05466984957456589,0.9410359263420105,0.4023926258087158,0.732590913772583,0.0008616523118689656,0.9769293665885925,0.3902762532234192,0.683308482170105,0.24072381854057312,0.861314594745636,0.40357112884521484,0.7506277561187744,0.0007352923275902867,0.7526038289070129,0.39379414916038513,0.6901440024375916,0.25529271364212036,0.6356661319732666,0.40157151222229004,0.783048689365387,-0.10748021304607391,0.9656786322593689,0.38536834716796875,0.7285089492797852,0.1821610927581787,0.892431914806366
104,walk,0.385689914226532,0.1975153535604477,-0.2775875926017761,0.9999948143959045,0.3910540044307709,0.18660952150821686,-0.2677672505378723,0.9999818801879883,0.3935753107070923,0.186642587184906,-0.2677687406539917,0.9999817609786987,0.3959186375141144,0.18686135113239288,-0.26777660846710205,0.9999809265136719,0.382254421710968,0.18769650161266327,-0.265968382358551,0.9999816417694092,0.37964966893196106,0.18822263181209564,-0.2660016715526581,0.9999800324440002,0.3775714039802551,0.18873418867588043,-0.2660202980041504,0.9999791383743286,0.4017367362976074,0.1946728229522705,-0.19091825187206268,0.9999644160270691,0.3751816749572754,0.196578711271286,-0.1831245869398117,0.9999576210975647,0.3920476734638214,0.2122311294078827,-0.24685406684875488,0.999994158744812,0.38116639852523804,0.2129983901977539,-0.24452292919158936,0.9999918341636658,0.424884557723999,0.27368175983428955,-0.13313506543636322,0.9999827146530151,0.3578147292137146,0.2733609080314636,-0.11416488885879517,0.999975860118866,0.4347046911716461,0.37044668197631836,-0.09746503084897995,0.9900035262107849,0.3473917543888092,0.3725200295448303,-0.07889622449874878,0.9797186255455017,0.435502290725708,0.46147945523262024,-0.16531194746494293,0.970910906791687,0.3427511155605316,0.4637966454029083,-0.14409175515174866,0.9617128372192383,0.4350453317165375,0.487029105424881,-0.1867736130952835,0.9415773153305054,0.34081733226776123,0.49028679728507996,-0.1641923487186432,0.9244014024734497,0.43144455552101135,0.48671087622642517,-0.2092168629169464,0.9454830288887024,0.3448043763637543,0.49030643701553345,-0.19133196771144867,0.9286054372787476,0.42989158630371094,0.4783139228820801,-0.1751100718975067,0.9327638745307922,0.3466525077819824,0.48164767026901245,-0.15597057342529297,0.9182195663452148,0.40779027342796326,0.4473041892051697,-0.014268359169363976,0.9997983574867249,0.3708015978336334,0.44792917370796204,0.014156068675220013,0.9997546076774597,0.4013950824737549,0.5860985517501831,-0.07117138803005219,0.9806075692176819,0.37690138816833496,0.580515444278717,0.046618346124887466,0.9424856305122375,0.40227603912353516,0.7324336767196655,0.010913132689893246,0.9779849052429199,0.3884323835372925,0.6769137382507324,0.2772400677204132,0.8533503413200378,0.40310144424438477,0.7490202188491821,0.01262229960411787,0.7545306086540222,0.3917770981788635,0.680888295173645,0.2973923683166504,0.6209656000137329,0.40165868401527405,0.7834398150444031,-0.09325893968343735,0.9671008586883545,0.3850378096103668,0.7271667718887329,0.2302853763103485,0.8887861371040344
105,walk,0.38599511981010437,0.19356746971607208,-0.26255229115486145,0.9999947547912598,0.3913094997406006,0.18300506472587585,-0.25155848264694214,0.9999815821647644,0.3940351605415344,0.18314853310585022,-0.2515656352043152,0.9999814629554749,0.39630377292633057,0.18346498906612396,-0.251564085483551,0.9999806880950928,0.3826414942741394,0.18360525369644165,-0.24938753247261047,0.9999810457229614,0.3801190257072449,0.18399247527122498,-0.24940736591815948,0.9999791383743286,0.3780748248100281,0.1843852549791336,-0.24942150712013245,0.9999781250953674,0.4023315906524658,0.19157229363918304,-0.17123806476593018,0.9999625086784363,0.375770628452301,0.19264237582683563,-0.16129052639007568,0.9999542832374573,0.3923001289367676,0.2088385671377182,-0.23138074576854706,0.9999942779541016,0.3814336061477661,0.2093958556652069,-0.2284802943468094,0.9999917149543762,0.4256513714790344,0.2712937593460083,-0.11463508754968643,0.9999837875366211,0.3583890497684479,0.2707784175872803,-0.09716275334358215,0.9999754428863525,0.4359205365180969,0.36774584650993347,-0.08513243496417999,0.9900493025779724,0.3475208878517151,0.36841294169425964,-0.059334348887205124,0.9799627661705017,0.4369874894618988,0.4606400728225708,-0.1635964810848236,0.9711192846298218,0.3426158130168915,0.4595314562320709,-0.12750594317913055,0.9610806703567505,0.43655332922935486,0.48638051748275757,-0.18446707725524902,0.9421848058700562,0.3405269682407379,0.48697441816329956,-0.14745879173278809,0.9231646060943604,0.43279045820236206,0.48553377389907837,-0.20639152824878693,0.9461219906806946,0.34441298246383667,0.48687008023262024,-0.17401301860809326,0.9273430705070496,0.4311373829841614,0.47746551036834717,-0.17315861582756042,0.9334118962287903,0.3460940718650818,0.47844061255455017,-0.13918708264827728,0.9166322946548462,0.4081627428531647,0.4469268321990967,-0.012323095463216305,0.9998160600662231,0.3707737326622009,0.447600781917572,0.012225483544170856,0.9997661709785461,0.40168318152427673,0.5855536460876465,-0.07885570824146271,0.9816975593566895,0.3752809166908264,0.5805284976959229,0.04302892088890076,0.9446167349815369,0.40239277482032776,0.7315183281898499,0.009674085304141045,0.9792022109031677,0.3867925703525543,0.6725037693977356,0.28810620307922363,0.8474887609481812,0.40294140577316284,0.7482386827468872,0.012645306997001171,0.7607463002204895,0.3902255594730377,0.6757029891014099,0.3097526729106903,0.6076608896255493,0.4020170569419861,0.7839680314064026,-0.0937747210264206,0.9688369035720825,0.3846290409564972,0.7256208658218384,0.2447376698255539,0.8863968253135681
106,walk,0.3864113986492157,0.19074243307113647,-0.25536078214645386,0.9999948740005493,0.39165884256362915,0.1799858659505844,-0.24425573647022247,0.9999819397926331,0.3945525288581848,0.18019430339336395,-0.2442670315504074,0.9999818801879883,0.3967771530151367,0.18054428696632385,-0.24426870048046112,0.9999812245368958,0.3830553889274597,0.18048977851867676,-0.2419968843460083,0.9999810457229614,0.3805863559246063,0.18093958497047424,-0.24201230704784393,0.9999790191650391,0.3785172700881958,0.18136948347091675,-0.24202275276184082,0.9999778866767883,0.40297919511795044,0.18870428204536438,-0.16436408460140228,0.999963104724884,0.3763008415699005,0.18946458399295807,-0.15391770005226135,0.9999534487724304,0.3927172124385834,0.20641589164733887,-0.22461740672588348,0.9999945163726807,0.38180550932884216,0.20675654709339142,-0.22159969806671143,0.9999918937683105,0.42629843950271606,0.2692977786064148,-0.10974641144275665,0.9999849200248718,0.3589576482772827,0.2688548266887665,-0.0893545001745224,0.9999743700027466,0.43723851442337036,0.36754748225212097,-0.08194752037525177,0.9903512001037598,0.3477124273777008,0.36619359254837036,-0.049232736229896545,0.9794797897338867,0.437629371881485,0.46066686511039734,-0.16086098551750183,0.972339928150177,0.34209388494491577,0.4562213122844696,-0.12066984176635742,0.9601718783378601,0.4373020529747009,0.48647385835647583,-0.18230243027210236,0.9445858001708984,0.3395748734474182,0.4841391146183014,-0.14159683883190155,0.9220812320709229,0.4332353174686432,0.4854275584220886,-0.2048303186893463,0.9483914375305176,0.34343424439430237,0.4836588203907013,-0.16889876127243042,0.926277220249176,0.4315391182899475,0.4773677885532379,-0.17054137587547302,0.9361090660095215,0.34512144327163696,0.4754224121570587,-0.13287854194641113,0.9155086874961853,0.4084165096282959,0.44709885120391846,-0.010798810981214046,0.9998315572738647,0.3704652488231659,0.44760826230049133,0.010695570148527622,0.9997764229774475,0.40191999077796936,0.5885916352272034,-0.0768129974603653,0.9827902913093567,0.3710557818412781,0.5818367600440979,0.02263537421822548,0.9476869702339172,0.4024626314640045,0.7310720682144165,0.05299331992864609,0.9803053140640259,0.38538989424705505,0.6673077344894409,0.27119049429893494,0.8434356451034546,0.4028826653957367,0.7479931116104126,0.05896514654159546,0.7671629786491394,0.3895408511161804,0.670430600643158,0.2931583523750305,0.5942621231079102,0.4017977714538574,0.7834135890007019,-0.04209062084555626,0.9703367352485657,0.38449087738990784,0.7242931127548218,0.23270444571971893,0.8837982416152954
107,walk,0.3869078755378723,0.18766172230243683,-0.251828134059906,0.9999950528144836,0.39204633235931396,0.17642581462860107,-0.24062541127204895,0.9999825954437256,0.39505988359451294,0.17670796811580658,-0.24063780903816223,0.9999825358390808,0.3971640467643738,0.1771811842918396,-0.2406373918056488,0.9999819397926331,0.3835437595844269,0.17698435485363007,-0.2383536845445633,0.9999815225601196,0.3811218738555908,0.17760217189788818,-0.23836848139762878,0.9999794363975525,0.378937304019928,0.17813345789909363,-0.23837685585021973,0.9999783039093018,0.4032401442527771,0.18565012514591217,-0.16078338027000427,0.9999642968177795,0.3767133355140686,0.18666820228099823,-0.14987275004386902,0.999954104423523,0.39313697814941406,0.20338174700737,-0.22116334736347198,0.9999948143959045,0.38222384452819824,0.20378629863262177,-0.21804997324943542,0.9999921917915344,0.42692360281944275,0.26693883538246155,-0.10717759281396866,0.9999859929084778,0.3595537841320038,0.2665802836418152,-0.08523406088352203,0.9999738335609436,0.43855467438697815,0.3646717965602875,-0.08054398745298386,0.9907186031341553,0.3478858768939972,0.36416181921958923,-0.04831530153751373,0.9792749881744385,0.4385717809200287,0.46053069829940796,-0.16068215668201447,0.9735274314880371,0.3411502242088318,0.45377811789512634,-0.12234294414520264,0.9600075483322144,0.4384031891822815,0.48645463585853577,-0.1831483542919159,0.9468905329704285,0.3382055163383484,0.4816218614578247,-0.14357402920722961,0.9220638275146484,0.43359193205833435,0.48489630222320557,-0.20553123950958252,0.9505549669265747,0.34215661883354187,0.48064059019088745,-0.17080268263816833,0.9261890649795532,0.4319261908531189,0.4768688678741455,-0.17039388418197632,0.9386531710624695,0.34396544098854065,0.47271308302879333,-0.13457122445106506,0.9153831601142883,0.408520370721817,0.44711723923683167,-0.011179112829267979,0.9998459219932556,0.3701556622982025,0.4475281238555908,0.011075763031840324,0.9997868537902832,0.4021398425102234,0.5885560512542725,-0.06751177459955215,0.9839063286781311,0.36753755807876587,0.582035481929779,0.02559773623943329,0.9505627155303955,0.40251603722572327,0.731876790523529,0.04447943717241287,0.9815318584442139,0.38444656133651733,0.6652390360832214,0.2827349901199341,0.8436768651008606,0.40293994545936584,0.7489020228385925,0.04920448735356331,0.7739788889884949,0.38954073190689087,0.6684799790382385,0.30506834387779236,0.5899040699005127,0.4015950560569763,0.7841051816940308,-0.053519945591688156,0.9720531702041626,0.3837225139141083,0.7235103845596313,0.2445361316204071,0.8844406604766846
108,walk,0.38709118962287903,0.18603339791297913,-0.2536040246486664,0.9999952912330627,0.3921510875225067,0.17489434778690338,-0.2428017109632492,0.9999831914901733,0.3952982425689697,0.1751992255449295,-0.24281015992164612,0.9999831914901733,0.39744991064071655,0.1756780445575714,-0.2428092211484909,0.9999826550483704,0.38369208574295044,0.17519450187683105,-0.2404409945011139,0.9999820590019226,0.3813631236553192,0.17569033801555634,-0.2404596507549286,0.9999799728393555,0.37904122471809387,0.17614561319351196,-0.24047112464904785,0.9999788403511047,0.4034433364868164,0.18412911891937256,-0.16384774446487427,0.9999658465385437,0.37706851959228516,0.18453702330589294,-0.15209029614925385,0.9999552965164185,0.3933243453502655,0.20192889869213104,-0.22308871150016785,0.9999951124191284,0.38244229555130005,0.20209401845932007,-0.21979942917823792,0.9999924898147583,0.42739343643188477,0.2645215094089508,-0.10953734815120697,0.999987006187439,0.3600592613220215,0.2642357349395752,-0.08502335846424103,0.9999735355377197,0.4394959807395935,0.3627907335758209,-0.08075118809938431,0.9911779165267944,0.3481808006763458,0.3617837131023407,-0.047227248549461365,0.9787599444389343,0.4395761489868164,0.45892998576164246,-0.1632544845342636,0.9748628735542297,0.34028923511505127,0.4492591321468353,-0.12255997955799103,0.9602981805801392,0.4396854341030121,0.48488277196884155,-0.18646344542503357,0.9494748115539551,0.3362382650375366,0.47717204689979553,-0.14410825073719025,0.9228458404541016,0.4341769218444824,0.48265305161476135,-0.2090887725353241,0.9529637694358826,0.34010088443756104,0.47631263732910156,-0.17186222970485687,0.9268829226493835,0.4325057864189148,0.475067138671875,-0.17309893667697906,0.941514253616333,0.3423811197280884,0.46890944242477417,-0.13518235087394714,0.9162281155586243,0.40855154395103455,0.4469108283519745,-0.01431956421583891,0.9998580813407898,0.3700066804885864,0.4463890492916107,0.014219565317034721,0.9997956156730652,0.40253347158432007,0.5887710452079773,-0.06862276792526245,0.9849473237991333,0.3637871742248535,0.5826230049133301,0.026280682533979416,0.9533566832542419,0.40256404876708984,0.7320632338523865,0.039967767894268036,0.982658326625824,0.38370710611343384,0.6656026244163513,0.27906015515327454,0.8475531935691833,0.40296727418899536,0.7488261461257935,0.04366246238350868,0.7787006497383118,0.3897724747657776,0.6698861718177795,0.30035048723220825,0.5964372158050537,0.4010984003543854,0.7845216393470764,-0.056735001504421234,0.9735856652259827,0.3791307508945465,0.7236397862434387,0.23866455256938934,0.8873489499092102
109,walk,0.38707512617111206,0.18305332958698273,-0.2549174427986145,0.9999955296516418,0.39215004444122314,0.17111369967460632,-0.24430589377880096,0.9999840259552002,0.39533931016921997,0.17143772542476654,-0.2443132847547531,0.999984085559845,0.3975960314273834,0.17212258279323578,-0.2443135529756546,0.9999836087226868,0.3837013840675354,0.17120461165905,-0.24172034859657288,0.9999828338623047,0.38135772943496704,0.17154370248317719,-0.24173864722251892,0.9999808073043823,0.3789903223514557,0.17205336689949036,-0.24174997210502625,0.9999796748161316,0.40347424149513245,0.18118958175182343,-0.16544611752033234,0.9999679327011108,0.3771608769893646,0.18146666884422302,-0.15129156410694122,0.9999571442604065,0.39334118366241455,0.19937515258789062,-0.22435621917247772,0.9999954700469971,0.38244080543518066,0.199380025267601,-0.2206192910671234,0.9999929070472717,0.42763251066207886,0.261536180973053,-0.11028091609477997,0.9999880194664001,0.36037927865982056,0.2624545097351074,-0.0792260691523552,0.9999732375144958,0.43995141983032227,0.35868582129478455,-0.08427927643060684,0.9916287064552307,0.34849780797958374,0.3611769378185272,-0.037372466176748276,0.9775329828262329,0.4400133490562439,0.45555615425109863,-0.1704903244972229,0.9761921763420105,0.339805006980896,0.44610536098480225,-0.11741862446069717,0.9600777626037598,0.44021081924438477,0.48233768343925476,-0.19528354704380035,0.9520589113235474,0.3349146842956543,0.4741548001766205,-0.13995806872844696,0.923099160194397,0.4343937337398529,0.47975510358810425,-0.21815244853496552,0.9553598761558533,0.33851513266563416,0.4731871783733368,-0.1691729873418808,0.9270612001419067,0.4327005445957184,0.4723380208015442,-0.18043673038482666,0.9442992806434631,0.34113118052482605,0.4661334156990051,-0.1308484524488449,0.9164515733718872,0.4090319573879242,0.44657930731773376,-0.01758931390941143,0.9998698830604553,0.3699127733707428,0.4458774924278259,0.017492428421974182,0.9998064637184143,0.403632789850235,0.5902019739151001,-0.07269483059644699,0.9860489964485168,0.36076587438583374,0.582560122013092,0.026922661811113358,0.9566677808761597,0.40343809127807617,0.7339680790901184,0.045087430626153946,0.9839106798171997,0.3818822205066681,0.6669051051139832,0.28619176149368286,0.855498194694519,0.4033701419830322,0.752658486366272,0.05071987956762314,0.7863200306892395,0.3888935446739197,0.6723249554634094,0.3085470497608185,0.6099829077720642,0.4011508822441101,0.7869682908058167,-0.05602859705686569,0.9754128456115723,0.3735066056251526,0.7266708612442017,0.2464599311351776,0.8929612040519714
110,walk,0.3869977593421936,0.18173901736736298,-0.2405317723751068,0.9999957084655762,0.3921249210834503,0.1689365953207016,-0.23046322166919708,0.9999846816062927,0.3952553868293762,0.16900579631328583,-0.2304726541042328,0.9999847412109375,0.3975752294063568,0.16947315633296967,-0.23047372698783875,0.9999843239784241,0.3836829364299774,0.1697382777929306,-0.22639575600624084,0.9999833703041077,0.3813295364379883,0.17017224431037903,-0.22640183568000793,0.9999813437461853,0.37897127866744995,0.17068710923194885,-0.22641196846961975,0.9999801516532898,0.4033626914024353,0.17791779339313507,-0.1534893959760666,0.9999698996543884,0.3771917223930359,0.17951664328575134,-0.13349243998527527,0.9999585747718811,0.3933095633983612,0.1976708024740219,-0.21050527691841125,0.999995768070221,0.38241589069366455,0.19814126193523407,-0.20480546355247498,0.9999932646751404,0.42797398567199707,0.25840768218040466,-0.10393532365560532,0.9999889135360718,0.3606832027435303,0.2606280446052551,-0.05762623995542526,0.9999729990959167,0.44020557403564453,0.35547733306884766,-0.07897832244634628,0.9920434355735779,0.34892457723617554,0.35919874906539917,-0.011908636428415775,0.9750148057937622,0.4398329257965088,0.44934073090553284,-0.16736529767513275,0.9776301383972168,0.339528352022171,0.43997442722320557,-0.09516103565692902,0.9599674940109253,0.44021090865135193,0.47843703627586365,-0.19225384294986725,0.9549457430839539,0.3335913121700287,0.46902936697006226,-0.11849804222583771,0.9238489866256714,0.4343750476837158,0.4756709933280945,-0.21592791378498077,0.9580211639404297,0.33698394894599915,0.46774423122406006,-0.14889779686927795,0.9277321100234985,0.4326706528663635,0.4684574007987976,-0.1774463951587677,0.9474073052406311,0.340145081281662,0.46072590351104736,-0.10933402925729752,0.9172220826148987,0.4098830223083496,0.4452987313270569,-0.01948164589703083,0.9998799562454224,0.3699186444282532,0.4444917142391205,0.01940961368381977,0.9998164772987366,0.4047797620296478,0.5919037461280823,-0.07682541012763977,0.9870126247406006,0.3595733344554901,0.582496166229248,0.01952539011836052,0.9598125219345093,0.40348953008651733,0.7349273562431335,0.043114133179187775,0.9849915504455566,0.3805338740348816,0.674513578414917,0.27816691994667053,0.8659950494766235,0.40339961647987366,0.7534231543540955,0.04837014153599739,0.7935122847557068,0.3876713216304779,0.6829681992530823,0.30278944969177246,0.6312075257301331,0.401115745306015,0.7884665727615356,-0.05884403735399246,0.9770187139511108,0.36689886450767517,0.7393460869789124,0.23116719722747803,0.9002215266227722
111,walk,0.3868790864944458,0.18080449104309082,-0.22717233002185822,0.9999956488609314,0.39195969700813293,0.16855719685554504,-0.21757712960243225,0.9999842643737793,0.395234614610672,0.16842694580554962,-0.21759340167045593,0.9999843835830688,0.3975362479686737,0.16856098175048828,-0.21759966015815735,0.999984085559845,0.3834627866744995,0.1696637123823166,-0.21294005215168,0.9999827146530151,0.3810284733772278,0.17020241916179657,-0.21294042468070984,0.9999803900718689,0.378792941570282,0.17068754136562347,-0.21294951438903809,0.9999790191650391,0.4032651484012604,0.1759749799966812,-0.14297018945217133,0.999970555305481,0.37715333700180054,0.17865729331970215,-0.12032270431518555,0.9999569058418274,0.3932819664478302,0.1961994618177414,-0.19794031977653503,0.9999958276748657,0.38240551948547363,0.1967337727546692,-0.19141778349876404,0.9999931454658508,0.42837390303611755,0.25546517968177795,-0.09795336425304413,0.9999896287918091,0.3608919382095337,0.25895199179649353,-0.043046921491622925,0.9999716877937317,0.4406522810459137,0.3525422513484955,-0.07660122960805893,0.9923731088638306,0.34971797466278076,0.3581448495388031,0.003927219193428755,0.9708777070045471,0.43964847922325134,0.4433393180370331,-0.16605113446712494,0.9788262248039246,0.33939915895462036,0.4369349479675293,-0.07791685312986374,0.9595019221305847,0.4401131570339203,0.47466957569122314,-0.19001314043998718,0.9573808312416077,0.3330147862434387,0.46667689085006714,-0.10052268207073212,0.9241509437561035,0.43431514501571655,0.47184622287750244,-0.21338720619678497,0.9602501392364502,0.3363182544708252,0.46530571579933167,-0.13093294203281403,0.927993655204773,0.43260836601257324,0.4644787311553955,-0.17598839104175568,0.9499495029449463,0.3397039771080017,0.4579356014728546,-0.09211965650320053,0.9173718094825745,0.41011661291122437,0.4449267089366913,-0.02118239365518093,0.9998877644538879,0.36971476674079895,0.4440552890300751,0.02114507183432579,0.9998223185539246,0.4051941931247711,0.5915408134460449,-0.08569644391536713,0.9878753423690796,0.35915184020996094,0.582452654838562,0.021119434386491776,0.9625398516654968,0.40329355001449585,0.7361230850219727,0.022446420043706894,0.9860196709632874,0.37855425477027893,0.6868869662284851,0.25101438164711,0.876818060874939,0.40317320823669434,0.7548789978027344,0.026225561276078224,0.8017916679382324,0.3856045603752136,0.6990053057670593,0.26761382818222046,0.6550202369689941,0.4010726511478424,0.7894598245620728,-0.08689601719379425,0.9785370826721191,0.3610846698284149,0.7504933476448059,0.19109474122524261,0.9078096151351929
112,walk,0.386466920375824,0.18006791174411774,-0.21091845631599426,0.9999950528144836,0.3915121555328369,0.16742761433124542,-0.2013922929763794,0.9999817609786987,0.39493051171302795,0.16724295914173126,-0.20141032338142395,0.9999821782112122,0.39750322699546814,0.16706842184066772,-0.20140953361988068,0.9999819397926331,0.3828095495700836,0.16867220401763916,-0.19708839058876038,0.9999797344207764,0.38031071424484253,0.16933748126029968,-0.19707848131656647,0.9999769926071167,0.37842175364494324,0.1697639524936676,-0.1970876306295395,0.9999754428863525,0.40324297547340393,0.17373709380626678,-0.12836548686027527,0.999968945980072,0.37712544202804565,0.1772063821554184,-0.1072249561548233,0.9999503493309021,0.3931601345539093,0.19497598707675934,-0.18229833245277405,0.9999952912330627,0.38215357065200806,0.19545243680477142,-0.17622889578342438,0.9999919533729553,0.42853766679763794,0.2528979182243347,-0.08434972912073135,0.9999896883964539,0.36086636781692505,0.2585618197917938,-0.031260497868061066,0.9999687075614929,0.4408496916294098,0.3497070074081421,-0.06045980006456375,0.9924780130386353,0.35035306215286255,0.358347624540329,0.017962882295250893,0.9656181931495667,0.4396130442619324,0.4392520487308502,-0.14082834124565125,0.9795398712158203,0.3391418159008026,0.4371207356452942,-0.06030479073524475,0.9588353037834167,0.4399494230747223,0.47125065326690674,-0.1651039570569992,0.9589459896087646,0.33269256353378296,0.4666086733341217,-0.08232386410236359,0.9243519902229309,0.43381232023239136,0.4680987596511841,-0.18902435898780823,0.9616419076919556,0.33566832542419434,0.46499285101890564,-0.11238060891628265,0.9282349944114685,0.43204742670059204,0.4601883888244629,-0.15109683573246002,0.9514948725700378,0.3390401005744934,0.4578007459640503,-0.07443036139011383,0.9176706075668335,0.4102862775325775,0.4449276030063629,-0.021067418158054352,0.9998810291290283,0.36958616971969604,0.444049209356308,0.02103210613131523,0.9998129606246948,0.4054090082645416,0.5912035703659058,-0.06266625225543976,0.9883667230606079,0.35833996534347534,0.5823720097541809,0.007103871554136276,0.9651690721511841,0.40268048644065857,0.7384636998176575,0.038746558129787445,0.9867476224899292,0.37429431080818176,0.7082740068435669,0.14820203185081482,0.8879006505012512,0.402302086353302,0.7569639682769775,0.04096606746315956,0.8043067455291748,0.38204455375671387,0.7249181866645813,0.15574270486831665,0.6802085638046265,0.4010946750640869,0.7896987795829773,-0.0747392475605011,0.9794090390205383,0.3559429347515106,0.765680193901062,0.06739890575408936,0.9154952764511108
113,walk,0.38584306836128235,0.1770356446504593,-0.18188494443893433,0.9999940991401672,0.3909611999988556,0.16496026515960693,-0.17217311263084412,0.9999780058860779,0.3945009410381317,0.16477368772029877,-0.17220667004585266,0.9999787211418152,0.3974277079105377,0.16458311676979065,-0.17220483720302582,0.9999785423278809,0.38214731216430664,0.16619166731834412,-0.1673293262720108,0.9999756813049316,0.3796303868293762,0.1668025553226471,-0.16730889678001404,0.9999721050262451,0.37796568870544434,0.16702598333358765,-0.16731204092502594,0.9999704957008362,0.4031701982021332,0.1713479459285736,-0.10258603096008301,0.9999663829803467,0.3769218623638153,0.1746523380279541,-0.07886084914207458,0.9999403953552246,0.39282846450805664,0.19237054884433746,-0.15489572286605835,0.9999942183494568,0.3815820813179016,0.19280864298343658,-0.1480780988931656,0.999989926815033,0.42864975333213806,0.2502090334892273,-0.06851842254400253,0.9999889731407166,0.36071306467056274,0.25826919078826904,-0.003331495448946953,0.9999637007713318,0.44120049476623535,0.34686797857284546,-0.053079407662153244,0.9926454424858093,0.350568026304245,0.35886138677597046,0.048137910664081573,0.9583637714385986,0.43937617540359497,0.4336855113506317,-0.1336175501346588,0.9802815914154053,0.3388248383998871,0.4374867379665375,-0.02987022139132023,0.9577186703681946,0.439109742641449,0.46578851342201233,-0.15914389491081238,0.9605321288108826,0.33259543776512146,0.4671212136745453,-0.05118783563375473,0.9239425659179688,0.43267226219177246,0.4614548087120056,-0.18230606615543365,0.9630345702171326,0.3354129195213318,0.4653436541557312,-0.08153241127729416,0.927936315536499,0.4310527741909027,0.452338844537735,-0.14376163482666016,0.9530996084213257,0.3386428952217102,0.45799773931503296,-0.04427303746342659,0.9176391363143921,0.41087380051612854,0.44500231742858887,-0.02296534553170204,0.9998412132263184,0.36959415674209595,0.4440729022026062,0.022976024076342583,0.9997842311859131,0.4058811068534851,0.5921723246574402,-0.03409582003951073,0.9886149168014526,0.35779616236686707,0.5827164053916931,-0.0008843984687700868,0.9674723744392395,0.40242576599121094,0.7385644912719727,0.060082919895648956,0.9870342016220093,0.37152498960494995,0.7265489101409912,0.10096544027328491,0.8978825807571411,0.401128351688385,0.7566128969192505,0.06167646497488022,0.8015149235725403,0.3798580467700958,0.7438300848007202,0.10412713140249252,0.7034742832183838,0.40140295028686523,0.7889331579208374,-0.045068882405757904,0.9793983101844788,0.34916117787361145,0.78429114818573,0.012854263186454773,0.9220529794692993
114,walk,0.38499021530151367,0.17538942396640778,-0.17322447896003723,0.9999925494194031,0.39016515016555786,0.16336534917354584,-0.16335172951221466,0.999971866607666,0.39364713430404663,0.16314002871513367,-0.16338615119457245,0.9999729990959167,0.3969312310218811,0.16288308799266815,-0.16338405013084412,0.999972939491272,0.38131633400917053,0.16471830010414124,-0.1584426611661911,0.9999694228172302,0.3789362609386444,0.16529099643230438,-0.15842866897583008,0.9999644756317139,0.37738749384880066,0.16549058258533478,-0.15843798220157623,0.9999626874923706,0.40268048644065857,0.16928839683532715,-0.09345751255750656,0.9999608993530273,0.3766539692878723,0.17294856905937195,-0.06940531730651855,0.9999220371246338,0.39235201478004456,0.19078609347343445,-0.14609885215759277,0.9999920129776001,0.3810311555862427,0.19126559793949127,-0.1392064094543457,0.9999862313270569,0.4286501407623291,0.24804571270942688,-0.059844572097063065,0.9999868273735046,0.3602449595928192,0.25765547156333923,0.004064434207975864,0.9999554753303528,0.441389799118042,0.3455313444137573,-0.05119859054684639,0.992778480052948,0.3506060242652893,0.3592946231365204,0.05611250549554825,0.9523600339889526,0.4384414553642273,0.43012335896492004,-0.1338518112897873,0.9811668395996094,0.3384755551815033,0.43876785039901733,-0.020886432379484177,0.9570280909538269,0.43731632828712463,0.46217164397239685,-0.15979357063770294,0.962367057800293,0.33255112171173096,0.4681302011013031,-0.04216431826353073,0.924160897731781,0.4308740198612213,0.45702192187309265,-0.18338598310947418,0.9646711945533752,0.3353157639503479,0.46649202704429626,-0.07259556651115417,0.9282379150390625,0.42950740456581116,0.44741392135620117,-0.1441805064678192,0.9549865126609802,0.33832037448883057,0.4591042697429657,-0.03520054370164871,0.9181408882141113,0.4114934504032135,0.44503143429756165,-0.02242756448686123,0.9997750520706177,0.3696103096008301,0.4441502094268799,0.022453758865594864,0.9997488260269165,0.40627509355545044,0.5924368500709534,-0.033723171800374985,0.9889417886734009,0.3577479422092438,0.5837799310684204,-0.010336903855204582,0.9699111580848694,0.4023635983467102,0.7389014363288879,0.055940575897693634,0.9872584939002991,0.36649084091186523,0.7434514164924622,0.07727605104446411,0.9072481989860535,0.3998573124408722,0.7568749189376831,0.05735424906015396,0.8013016581535339,0.3750796318054199,0.7639132738113403,0.0786350816488266,0.7255339026451111,0.4017704129219055,0.7884693741798401,-0.04790118709206581,0.9794219732284546,0.34220391511917114,0.7986901998519897,-0.01818201318383217,0.9282581806182861
115,walk,0.38445502519607544,0.1741243302822113,-0.1583797037601471,0.9999908208847046,0.3895328640937805,0.16234907507896423,-0.1482997089624405,0.9999659061431885,0.39289382100105286,0.16233831644058228,-0.14833669364452362,0.9999672770500183,0.3963727653026581,0.16213452816009521,-0.14834319055080414,0.9999672174453735,0.3806740641593933,0.16318057477474213,-0.14384889602661133,0.99996417760849,0.3783959746360779,0.1636502742767334,-0.14383932948112488,0.9999577403068542,0.3768354654312134,0.1637485772371292,-0.14384964108467102,0.9999563097953796,0.4020708501338959,0.16819629073143005,-0.07825139909982681,0.9999555349349976,0.37599414587020874,0.17107899487018585,-0.056467145681381226,0.9999049305915833,0.39176395535469055,0.18983373045921326,-0.13099370896816254,0.9999887943267822,0.3804610073566437,0.19005735218524933,-0.12478093802928925,0.9999816417694092,0.42857956886291504,0.24698175489902496,-0.04548413306474686,0.9999822378158569,0.3592575192451477,0.2563721239566803,0.012187637388706207,0.999948263168335,0.4413522779941559,0.3443400263786316,-0.04590120166540146,0.9926648139953613,0.35050421953201294,0.3594323992729187,0.061561524868011475,0.9476661086082458,0.436533123254776,0.42583155632019043,-0.13068799674510956,0.9815528392791748,0.3383699059486389,0.43932464718818665,-0.011894511058926582,0.9563355445861816,0.4341573119163513,0.45752573013305664,-0.1572563350200653,0.9633769989013672,0.33257436752319336,0.4687400758266449,-0.03330128639936447,0.9242750406265259,0.4280303120613098,0.45176127552986145,-0.1801624447107315,0.9655116200447083,0.3354394733905792,0.46714210510253906,-0.06204535812139511,0.9284799695014954,0.42707744240760803,0.4420548379421234,-0.14091424643993378,0.9559073448181152,0.33838626742362976,0.4596690833568573,-0.025348350405693054,0.918490469455719,0.411797434091568,0.4450027048587799,-0.021836820989847183,0.9996963143348694,0.3696245551109314,0.44419512152671814,0.0218376312404871,0.9997221231460571,0.4063202738761902,0.5923631191253662,-0.03829154744744301,0.9888559579849243,0.3574783205986023,0.5910504460334778,-0.020057188346982002,0.9718480110168457,0.40233731269836426,0.7388491034507751,0.05506982281804085,0.9866469502449036,0.35989657044410706,0.7603968977928162,0.04289249703288078,0.9155806303024292,0.39900073409080505,0.7582070827484131,0.05379430204629898,0.7966517806053162,0.36865538358688354,0.7814638018608093,0.04158150032162666,0.7444250583648682,0.40208736062049866,0.7877879738807678,-0.05243482068181038,0.9785115718841553,0.3342229723930359,0.8122460246086121,-0.058490656316280365,0.9334867000579834
116,walk,0.383266419172287,0.17294976115226746,-0.17258146405220032,0.9999889731407166,0.3882565200328827,0.16127796471118927,-0.16281217336654663,0.9999592304229736,0.39141348004341125,0.1612118035554886,-0.16284599900245667,0.9999605417251587,0.3948715329170227,0.16118542850017548,-0.16285201907157898,0.9999605417251587,0.3795478940010071,0.16203713417053223,-0.15830621123313904,0.9999583959579468,0.3775385618209839,0.162411630153656,-0.15830790996551514,0.9999504685401917,0.37560948729515076,0.16259729862213135,-0.15832766890525818,0.9999497532844543,0.40100687742233276,0.16709665954113007,-0.0911484807729721,0.9999477863311768,0.3747331500053406,0.1700877845287323,-0.06912964582443237,0.9998852014541626,0.390620619058609,0.18890932202339172,-0.1443716585636139,0.9999855160713196,0.37952879071235657,0.18889246881008148,-0.1381044089794159,0.9999774098396301,0.42851966619491577,0.2456083744764328,-0.05200235918164253,0.9999778270721436,0.3580668866634369,0.2554478347301483,0.0007694452069699764,0.9999440312385559,0.44134679436683655,0.343896746635437,-0.05106540769338608,0.9925426840782166,0.3501245975494385,0.35965627431869507,0.05197010189294815,0.9452182650566101,0.43421536684036255,0.42375999689102173,-0.13527841866016388,0.9819462895393372,0.3380332291126251,0.4397662281990051,-0.021883418783545494,0.9561923742294312,0.4305940568447113,0.45458078384399414,-0.15774881839752197,0.9643367528915405,0.3324580788612366,0.46960386633872986,-0.04381243884563446,0.9249045848846436,0.42471542954444885,0.44852709770202637,-0.18204866349697113,0.9663122296333313,0.3355405330657959,0.4680261015892029,-0.07232557982206345,0.9291621446609497,0.42406758666038513,0.43923771381378174,-0.14510288834571838,0.9567241072654724,0.33838969469070435,0.4602380394935608,-0.03503074496984482,0.9191159605979919,0.4117715358734131,0.44475501775741577,-0.019817903637886047,0.9996315240859985,0.36944061517715454,0.44422394037246704,0.019900722429156303,0.9997110366821289,0.4063601493835449,0.5923014879226685,-0.032051075249910355,0.9886934757232666,0.35726505517959595,0.5961605906486511,-0.03236761689186096,0.9737110137939453,0.4023470878601074,0.7389496564865112,0.06583631783723831,0.9857836365699768,0.3550519645214081,0.7685697078704834,0.030109545215964317,0.9231557846069336,0.39887192845344543,0.758500337600708,0.06819267570972443,0.7904953360557556,0.3636239469051361,0.7916858196258545,0.02874196507036686,0.7605414986610413,0.40317997336387634,0.7876029014587402,-0.03191383555531502,0.9773280620574951,0.33034974336624146,0.8228590488433838,-0.0771009549498558,0.9383276104927063
117,walk,0.381578266620636,0.17132794857025146,-0.15352562069892883,0.9999876618385315,0.3866267204284668,0.15939490497112274,-0.14334803819656372,0.9999545216560364,0.38989782333374023,0.1592874974012375,-0.14338555932044983,0.9999557137489319,0.3931826949119568,0.1593981385231018,-0.14339271187782288,0.9999558329582214,0.3781925141811371,0.1600646823644638,-0.13841180503368378,0.9999547004699707,0.37620165944099426,0.16028720140457153,-0.13841380178928375,0.9999458193778992,0.37375521659851074,0.1605323702096939,-0.138434499502182,0.9999459385871887,0.39985740184783936,0.16556771099567413,-0.07326513528823853,0.999941885471344,0.3730153441429138,0.16861297190189362,-0.049458447843790054,0.9998686909675598,0.3888629078865051,0.18747229874134064,-0.12618747353553772,0.9999825954437256,0.37817344069480896,0.18733610212802887,-0.11941511929035187,0.9999739527702332,0.4280122220516205,0.244437575340271,-0.04047219827771187,0.9999740719795227,0.356305330991745,0.25456395745277405,0.016742374747991562,0.9999418258666992,0.44130244851112366,0.3432297110557556,-0.0494416244328022,0.9923139214515686,0.349421888589859,0.35968807339668274,0.06537951529026031,0.9414693713188171,0.4321107268333435,0.42357775568962097,-0.13829484581947327,0.9820182919502258,0.3377918601036072,0.44217348098754883,-0.007222209125757217,0.9543817043304443,0.4280180335044861,0.45426762104034424,-0.15873749554157257,0.9647955298423767,0.33241352438926697,0.4720458686351776,-0.028736945241689682,0.9233217835426331,0.4216652810573578,0.4477989673614502,-0.18458497524261475,0.9666450023651123,0.335581511259079,0.4710603356361389,-0.05647491663694382,0.9277577996253967,0.4209625720977783,0.4387211799621582,-0.1482907086610794,0.9568769335746765,0.3383180499076843,0.46283021569252014,-0.01997050829231739,0.9173688292503357,0.4118795394897461,0.4447462260723114,-0.01966032013297081,0.9995892643928528,0.36936694383621216,0.44425204396247864,0.019790703430771828,0.9997151494026184,0.4063839316368103,0.5921713709831238,-0.03325796127319336,0.9878669381141663,0.3570460379123688,0.6004731059074402,-0.05182650685310364,0.9748996496200562,0.4024072587490082,0.7396075129508972,0.07151376456022263,0.9832246899604797,0.3515409529209137,0.7737957239151001,-0.006533222738653421,0.929513692855835,0.39906394481658936,0.758557915687561,0.07554729282855988,0.7752109169960022,0.35949990153312683,0.8001862168312073,-0.009677362628281116,0.7722100615501404,0.40355223417282104,0.7874628901481628,-0.020899470895528793,0.9742786884307861,0.32452183961868286,0.8241201639175415,-0.11726398766040802,0.9418246150016785
118,walk,0.3805646300315857,0.16980226337909698,-0.17533156275749207,0.9999872446060181,0.3854195475578308,0.15762481093406677,-0.16497702896595,0.9999526143074036,0.3887159526348114,0.15743358433246613,-0.16500793397426605,0.9999536871910095,0.3918895125389099,0.15752346813678741,-0.16501057147979736,0.9999536275863647,0.37713971734046936,0.1584290862083435,-0.16073232889175415,0.9999537467956543,0.37499290704727173,0.1587211787700653,-0.16073767840862274,0.999944806098938,0.3721315264701843,0.15927338600158691,-0.160759836435318,0.9999452829360962,0.39855194091796875,0.1639287918806076,-0.09157668799161911,0.9999377131462097,0.37103036046028137,0.16796033084392548,-0.07119216024875641,0.9998599886894226,0.3877507448196411,0.18602165579795837,-0.14679552614688873,0.9999809861183167,0.377191960811615,0.1859121322631836,-0.14096277952194214,0.9999727606773376,0.4268079400062561,0.24338088929653168,-0.05264899134635925,0.9999708533287048,0.35487765073776245,0.2538411021232605,-0.0011248474474996328,0.9999408721923828,0.44112831354141235,0.3440123498439789,-0.05289101600646973,0.9924080967903137,0.348471462726593,0.3605363070964813,0.04716741293668747,0.9398417472839355,0.4306163191795349,0.4244563579559326,-0.1461888551712036,0.9825754165649414,0.33764535188674927,0.4473101794719696,-0.029405375942587852,0.953240692615509,0.4268004894256592,0.45503315329551697,-0.17395898699760437,0.9657987356185913,0.33242157101631165,0.4764117896556854,-0.05141415074467659,0.9222511649131775,0.4198112487792969,0.4483599364757538,-0.19839034974575043,0.9675654172897339,0.3356257677078247,0.47595834732055664,-0.08001592010259628,0.9269176721572876,0.41890186071395874,0.4394852817058563,-0.1565735638141632,0.9577109813690186,0.3383257985115051,0.4671960175037384,-0.04249155521392822,0.9161394238471985,0.4119647145271301,0.44364163279533386,-0.0194616187363863,0.9995375275611877,0.36937329173088074,0.44416365027427673,0.019609566777944565,0.9997263550758362,0.4063856601715088,0.5920911431312561,-0.010601659305393696,0.9865601062774658,0.3574426770210266,0.6013433337211609,-0.06501559913158417,0.9756583571434021,0.4024135172367096,0.739439845085144,0.11265236139297485,0.9773146510124207,0.34746140241622925,0.7747749090194702,-0.03673211857676506,0.935004711151123,0.3990931510925293,0.7583260536193848,0.11860153824090958,0.749281644821167,0.3535127639770508,0.8063833713531494,-0.04174826294183731,0.7795612215995789,0.4035506248474121,0.7867687940597534,0.02520083822309971,0.967467188835144,0.3204983174800873,0.8196207880973816,-0.15613190829753876,0.9445667862892151
119,walk,0.37856176495552063,0.16874250769615173,-0.16739556193351746,0.9999869465827942,0.38315701484680176,0.155880868434906,-0.15664930641651154,0.9999516606330872,0.3865864872932434,0.1556260585784912,-0.1566919982433319,0.9999526143074036,0.38981014490127563,0.15544818341732025,-0.15670450031757355,0.9999525547027588,0.3753843903541565,0.1570294350385666,-0.15199409425258636,0.9999534487724304,0.37285321950912476,0.15754514932632446,-0.15200501680374146,0.9999442100524902,0.3700103163719177,0.15836013853549957,-0.1520317941904068,0.9999448657035828,0.39679884910583496,0.1619950532913208,-0.08318333327770233,0.9999361634254456,0.3691450357437134,0.16717927157878876,-0.06100469082593918,0.9998546242713928,0.385733962059021,0.18453136086463928,-0.13879969716072083,0.9999797940254211,0.3755713105201721,0.1847640573978424,-0.13248251378536224,0.9999717473983765,0.425388902425766,0.24212266504764557,-0.04952039569616318,0.999968945980072,0.3531038463115692,0.2530631124973297,0.00857107900083065,0.999940037727356,0.4403083324432373,0.3446255028247833,-0.054240621626377106,0.9925878643989563,0.3464450538158417,0.3609159588813782,0.055467795580625534,0.93724524974823,0.4284042418003082,0.426131933927536,-0.14654135704040527,0.9832069873809814,0.3371281921863556,0.45296770334243774,-0.022027526050806046,0.9513593316078186,0.4253390431404114,0.4565109312534332,-0.176157146692276,0.9669715166091919,0.3321229815483093,0.48240429162979126,-0.044396642595529556,0.9201140999794006,0.4178504943847656,0.4502522349357605,-0.19931893050670624,0.9686563014984131,0.3355584144592285,0.48212355375289917,-0.07340875267982483,0.9250368475914001,0.41663089394569397,0.4414234459400177,-0.15679454803466797,0.9588642716407776,0.3382413983345032,0.47239577770233154,-0.0352102629840374,0.9140445590019226,0.41195541620254517,0.4442456066608429,-0.01981070078909397,0.999496340751648,0.369124174118042,0.4459654986858368,0.01996934413909912,0.9997338056564331,0.4064314365386963,0.5926721096038818,-0.01594236120581627,0.9846019744873047,0.3575899302959442,0.6040537357330322,-0.05905652046203613,0.9756872653961182,0.40241551399230957,0.7402275800704956,0.09787966310977936,0.9713042974472046,0.34553396701812744,0.7783737778663635,-0.02414330467581749,0.9395632147789001,0.39922642707824707,0.7594422101974487,0.10290443897247314,0.7329123616218567,0.3511291444301605,0.8113527894020081,-0.028360605239868164,0.7874685525894165,0.4036875367164612,0.7864015102386475,0.01132259052246809,0.9603946805000305,0.3167799115180969,0.8182961344718933,-0.13808731734752655,0.9461603164672852
120,walk,0.3756992816925049,0.16524632275104523,-0.17414483428001404,0.9999868273735046,0.3797509968280792,0.15227419137954712,-0.163510262966156,0.9999514222145081,0.3827608823776245,0.1518021821975708,-0.163551926612854,0.9999521970748901,0.38629642128944397,0.1513628214597702,-0.16356711089611053,0.9999521374702454,0.37243565917015076,0.1541665494441986,-0.1585768759250641,0.9999538064002991,0.36970284581184387,0.15500956773757935,-0.15858474373817444,0.9999443292617798,0.36734816431999207,0.15583696961402893,-0.1586136370897293,0.9999451637268066,0.39404475688934326,0.15847483277320862,-0.08990857005119324,0.9999356865882874,0.3666360080242157,0.16499796509742737,-0.06601874530315399,0.9998512268066406,0.382524311542511,0.18049205839633942,-0.14547401666641235,0.9999790787696838,0.37295061349868774,0.18177162110805511,-0.1387493908405304,0.9999712109565735,0.4239158630371094,0.24023501574993134,-0.05480081960558891,0.9999667406082153,0.35122039914131165,0.2517543435096741,0.004705372266471386,0.9999393224716187,0.4393591284751892,0.34467047452926636,-0.054296575486660004,0.9927913546562195,0.34453773498535156,0.36100655794143677,0.0518653579056263,0.9340166449546814,0.4267539978027344,0.42643851041793823,-0.146122545003891,0.9835914969444275,0.33636415004730225,0.45652246475219727,-0.0264305267482996,0.9488509893417358,0.4243782162666321,0.45735129714012146,-0.17588011920452118,0.9675383567810059,0.3315800428390503,0.4863000214099884,-0.04888205975294113,0.9167035818099976,0.41659727692604065,0.45040640234947205,-0.19903342425823212,0.9691805839538574,0.33533716201782227,0.4862779974937439,-0.07785668969154358,0.921946108341217,0.4150918126106262,0.44173574447631836,-0.15623429417610168,0.9592549204826355,0.33806073665618896,0.4760146737098694,-0.03964684158563614,0.9106883406639099,0.4117036759853363,0.4442633390426636,-0.021010708063840866,0.9994508028030396,0.36856168508529663,0.4461093842983246,0.021167103201150894,0.9997410774230957,0.4064269959926605,0.5931262373924255,-0.016359752044081688,0.9824929237365723,0.3576523959636688,0.6051245331764221,-0.05870357155799866,0.97519850730896,0.40242138504981995,0.7421224117279053,0.10018295049667358,0.9633883237838745,0.3455536961555481,0.7834584712982178,-0.026984238997101784,0.9433754086494446,0.39944809675216675,0.7611461281776428,0.1055145114660263,0.7130231261253357,0.351528137922287,0.8173773288726807,-0.031560685485601425,0.7930983901023865,0.40370067954063416,0.7863307595252991,0.014515943825244904,0.9511674046516418,0.3156425952911377,0.8178088068962097,-0.14329251646995544,0.947047233581543
121,walk,0.37484195828437805,0.16236834228038788,-0.18334585428237915,0.9999867677688599,0.37870725989341736,0.14876918494701385,-0.17158129811286926,0.9999511241912842,0.38187330961227417,0.14825257658958435,-0.17163939774036407,0.9999518394470215,0.3852677345275879,0.1480238139629364,-0.17165829241275787,0.9999517202377319,0.37115004658699036,0.151044100522995,-0.16620589792728424,0.9999540448188782,0.36811476945877075,0.15218056738376617,-0.16621087491512299,0.9999443888664246,0.3657241761684418,0.15330860018730164,-0.16626304388046265,0.9999452233314514,0.3925541639328003,0.1562354415655136,-0.09103678166866302,0.9999351501464844,0.36413687467575073,0.16357329487800598,-0.07104972749948502,0.999845564365387,0.38191550970077515,0.17824001610279083,-0.152189701795578,0.9999787211418152,0.37181922793388367,0.17996004223823547,-0.1447533220052719,0.9999712109565735,0.4224878251552582,0.23869259655475616,-0.059930432587862015,0.9999651312828064,0.3488028049468994,0.2513204514980316,-0.0007126870332285762,0.9999391436576843,0.43783241510391235,0.34516096115112305,-0.0647088959813118,0.9929907321929932,0.34236955642700195,0.36184820532798767,0.048293840140104294,0.9315657615661621,0.4246687889099121,0.43255186080932617,-0.15457764267921448,0.9839562773704529,0.33455565571784973,0.4602596163749695,-0.03095979057252407,0.9458996653556824,0.42295151948928833,0.46296682953834534,-0.18493303656578064,0.9680702090263367,0.3302071988582611,0.49027514457702637,-0.05310983210802078,0.9126238822937012,0.41530856490135193,0.456880658864975,-0.20849473774433136,0.9696959853172302,0.334256649017334,0.490517795085907,-0.08260761946439743,0.9183598756790161,0.41371554136276245,0.44925639033317566,-0.16471722722053528,0.9594877362251282,0.3370856046676636,0.48011690378189087,-0.0444389246404171,0.9065995812416077,0.41160669922828674,0.4460480213165283,-0.021445373073220253,0.9994150400161743,0.36782360076904297,0.44857877492904663,0.02158624678850174,0.9997539520263672,0.40641316771507263,0.5943230986595154,-0.0028968602418899536,0.9814100861549377,0.3573552370071411,0.6079339981079102,-0.06752495467662811,0.9756230115890503,0.4023857116699219,0.7421517968177795,0.1365273892879486,0.9559759497642517,0.3464771807193756,0.7897463440895081,-0.04890594631433487,0.9473971128463745,0.39955219626426697,0.7609545588493347,0.1442842334508896,0.6940436959266663,0.3525385856628418,0.8233380913734436,-0.05538416653871536,0.7974318861961365,0.40359777212142944,0.7862986326217651,0.05303415656089783,0.944622278213501,0.31696850061416626,0.8244990110397339,-0.1749771684408188,0.9490103721618652
122,walk,0.3730531632900238,0.15998537838459015,-0.18998916447162628,0.9999871253967285,0.3767393231391907,0.145843043923378,-0.17780426144599915,0.9999521374702454,0.3799405097961426,0.14536622166633606,-0.17786404490470886,0.9999526739120483,0.3834104835987091,0.145323246717453,-0.1778898388147354,0.9999526143074036,0.36891618371009827,0.14788083732128143,-0.17240668833255768,0.9999553561210632,0.3658868372440338,0.14902101457118988,-0.17240947484970093,0.9999457001686096,0.3634728491306305,0.15028707683086395,-0.17246213555335999,0.9999467134475708,0.3906193673610687,0.1541297435760498,-0.0915222316980362,0.9999361038208008,0.36135584115982056,0.1616775244474411,-0.07385394722223282,0.9998442530632019,0.3800794780254364,0.17643016576766968,-0.15796855092048645,0.9999789595603943,0.36978012323379517,0.17812307178974152,-0.15050199627876282,0.9999719262123108,0.4209419786930084,0.23771372437477112,-0.060362864285707474,0.9999649524688721,0.34592264890670776,0.25132644176483154,-0.0028357314877212048,0.9999406337738037,0.4364055097103119,0.3460904061794281,-0.0643187165260315,0.9931433796882629,0.34021487832069397,0.363217830657959,0.047661811113357544,0.9293071627616882,0.42459335923194885,0.4385616183280945,-0.15430909395217896,0.9842191934585571,0.33326712250709534,0.46339869499206543,-0.031162139028310776,0.9427247047424316,0.4228631854057312,0.47051548957824707,-0.1837889850139618,0.9683295488357544,0.3291192650794983,0.4942243695259094,-0.052728913724422455,0.9080445766448975,0.4151260256767273,0.465816468000412,-0.20627543330192566,0.9699684977531433,0.33352532982826233,0.4944694936275482,-0.0827583596110344,0.9142788648605347,0.4136478006839752,0.4578540027141571,-0.1645139753818512,0.9594065546989441,0.33641517162323,0.4837811291217804,-0.044655658304691315,0.9015197157859802,0.41113176941871643,0.4480784833431244,-0.02100304327905178,0.9994188547134399,0.3660666048526764,0.45148128271102905,0.021137673407793045,0.999770998954773,0.40640392899513245,0.5954611301422119,-0.006833294872194529,0.9804624915122986,0.3566446006298065,0.6118835210800171,-0.08056281507015228,0.9761835932731628,0.40235161781311035,0.7419677972793579,0.15452921390533447,0.9483405947685242,0.34773045778274536,0.8000951409339905,-0.05884165316820145,0.9512169361114502,0.3997349143028259,0.7607273459434509,0.16509371995925903,0.6771748661994934,0.3546227812767029,0.8319619297981262,-0.06510718166828156,0.8003615736961365,0.4038230776786804,0.7863327860832214,0.07535793632268906,0.9396844506263733,0.3165544271469116,0.8378422856330872,-0.18815487623214722,0.951378583908081
123,walk,0.37018829584121704,0.15653349459171295,-0.20854052901268005,0.9999874234199524,0.3737408220767975,0.14223001897335052,-0.19637097418308258,0.9999528527259827,0.3769858777523041,0.14199255406856537,-0.19641993939876556,0.9999531507492065,0.3803783655166626,0.14199219644069672,-0.1964322328567505,0.9999531507492065,0.36574089527130127,0.1437315046787262,-0.1915174424648285,0.9999564290046692,0.3630788028240204,0.14472661912441254,-0.19152596592903137,0.9999468326568604,0.3602808117866516,0.1458864063024521,-0.19157841801643372,0.9999480843544006,0.3879415690898895,0.15084344148635864,-0.11309295892715454,0.999935507774353,0.3582276701927185,0.15803582966327667,-0.09173253178596497,0.9998420476913452,0.37662768363952637,0.17354361712932587,-0.176886647939682,0.9999790191650391,0.3667532503604889,0.17518147826194763,-0.17035622894763947,0.999972403049469,0.41930994391441345,0.23707880079746246,-0.07067151367664337,0.9999630451202393,0.3427305817604065,0.25138044357299805,-0.01947079971432686,0.999942421913147,0.4353441298007965,0.34770241379737854,-0.06596873700618744,0.9930397868156433,0.3373577892780304,0.36624595522880554,0.03196161240339279,0.9283178448677063,0.4246143400669098,0.4448433220386505,-0.15341344475746155,0.9838255643844604,0.33066120743751526,0.4676200747489929,-0.046549610793590546,0.9404966831207275,0.42283883690834045,0.4782765209674835,-0.18208017945289612,0.9673270583152771,0.32740694284439087,0.49816542863845825,-0.06745719909667969,0.9049388766288757,0.4150111675262451,0.474375456571579,-0.2052244246006012,0.9690442681312561,0.33169615268707275,0.4980417788028717,-0.09833225607872009,0.9115252494812012,0.41350969672203064,0.46577051281929016,-0.16357797384262085,0.9578111171722412,0.33447372913360596,0.48744621872901917,-0.06003870815038681,0.8975943922996521,0.40990209579467773,0.451185017824173,-0.01789828948676586,0.9994181394577026,0.36389097571372986,0.4559504985809326,0.01797233335673809,0.9997857809066772,0.40629345178604126,0.5972583293914795,-0.012023895047605038,0.9793993234634399,0.35598617792129517,0.6146708726882935,-0.09287945926189423,0.9768275022506714,0.4023309350013733,0.7425989508628845,0.1459479033946991,0.9440314173698425,0.3490818440914154,0.8014584183692932,-0.0692739337682724,0.9545900225639343,0.40015530586242676,0.7613288760185242,0.15597622096538544,0.6695864796638489,0.35621151328086853,0.8325267434120178,-0.0753566175699234,0.8025550246238708,0.4038708209991455,0.7864524126052856,0.06109964847564697,0.9377641081809998,0.32068556547164917,0.8509078025817871,-0.20119290053844452,0.9537115097045898
124,walk,0.36640694737434387,0.15492025017738342,-0.21614249050617218,0.9999880790710449,0.3703483045101166,0.14059658348560333,-0.20418696105480194,0.999954879283905,0.3736271560192108,0.14042234420776367,-0.2042355239391327,0.9999549984931946,0.3771072328090668,0.1403495967388153,-0.20424942672252655,0.9999549388885498,0.36219727993011475,0.1419244408607483,-0.19904670119285583,0.9999585747718811,0.3596650958061218,0.14280648529529572,-0.19905048608779907,0.9999493956565857,0.35646647214889526,0.1439235359430313,-0.1991008073091507,0.9999507069587708,0.3852403461933136,0.1489654928445816,-0.12169153988361359,0.9999370574951172,0.3550836145877838,0.1558697670698166,-0.09801517426967621,0.9998466372489929,0.3729718327522278,0.17204371094703674,-0.18432551622390747,0.9999797940254211,0.3632321059703827,0.1735558658838272,-0.1775561273097992,0.9999738335609436,0.4174802899360657,0.23671306669712067,-0.07486588507890701,0.9999625086784363,0.3399658799171448,0.2512419819831848,-0.02536589279770851,0.9999457001686096,0.4343104362487793,0.3504452109336853,-0.06564707309007645,0.993017315864563,0.3346862196922302,0.3679905831813812,0.02563861943781376,0.9281049966812134,0.4244905412197113,0.4508468210697174,-0.14665839076042175,0.9835008382797241,0.3280681371688843,0.4710182249546051,-0.05461925268173218,0.9391764402389526,0.4227544367313385,0.48383966088294983,-0.17351128160953522,0.9662964344024658,0.325472354888916,0.5017114281654358,-0.07615292817354202,0.9028614163398743,0.41488558053970337,0.4801894426345825,-0.19758865237236023,0.9681270718574524,0.32963937520980835,0.5013812184333801,-0.10691392421722412,0.9097962975502014,0.4132591784000397,0.4708927571773529,-0.1565207540988922,0.9562185406684875,0.3323449492454529,0.4907781779766083,-0.06805367767810822,0.8946225047111511,0.40715542435646057,0.45612192153930664,-0.016362633556127548,0.9994357824325562,0.360859751701355,0.4597923755645752,0.01639622077345848,0.9998034238815308,0.40597838163375854,0.599605143070221,0.0064984820783138275,0.9776014089584351,0.35533037781715393,0.618526816368103,-0.11204569041728973,0.9774243235588074,0.40233057737350464,0.7425772547721863,0.19750623404979706,0.9350045323371887,0.35001224279403687,0.8083291053771973,-0.09343366324901581,0.9574716091156006,0.4006238877773285,0.7617137432098389,0.2111351191997528,0.6530963182449341,0.3570103049278259,0.8373721837997437,-0.09977833926677704,0.8012076616287231,0.40364450216293335,0.786432147026062,0.12048257887363434,0.9322670102119446,0.32233986258506775,0.8660579919815063,-0.22949421405792236,0.9556571245193481
125,walk,0.36372607946395874,0.1535160094499588,-0.22206464409828186,0.9999886155128479,0.3677026033401489,0.13905666768550873,-0.21019744873046875,0.9999568462371826,0.3710200786590576,0.13885895907878876,-0.2102508842945099,0.9999568462371826,0.37449324131011963,0.13875702023506165,-0.21026968955993652,0.9999567270278931,0.35933777689933777,0.14030854403972626,-0.20564933121204376,0.9999606609344482,0.3566036522388458,0.14109113812446594,-0.20564842224121094,0.9999518394470215,0.3531971275806427,0.1422005593776703,-0.20569458603858948,0.9999530911445618,0.3824858069419861,0.14654406905174255,-0.1267000436782837,0.9999386668205261,0.3517395853996277,0.15374086797237396,-0.10595519840717316,0.99985271692276,0.3701651394367218,0.17068949341773987,-0.1896878182888031,0.9999803900718689,0.36053401231765747,0.17237558960914612,-0.1838146597146988,0.9999750256538391,0.4155496656894684,0.2361806482076645,-0.07599090039730072,0.9999620914459229,0.3373372256755829,0.25098228454589844,-0.03508218750357628,0.9999492168426514,0.43257808685302734,0.35104691982269287,-0.065461166203022,0.9929177165031433,0.3315069079399109,0.3685407340526581,0.011586224660277367,0.9291293025016785,0.42474064230918884,0.45349419116973877,-0.14546117186546326,0.9832099676132202,0.3250105082988739,0.47216203808784485,-0.06868453323841095,0.938441812992096,0.42302441596984863,0.486810564994812,-0.17198999226093292,0.9651894569396973,0.32266679406166077,0.5029945969581604,-0.09051394462585449,0.9014277458190918,0.41526085138320923,0.4836875796318054,-0.19669191539287567,0.9671416282653809,0.3270760178565979,0.5028486251831055,-0.12109635770320892,0.9086295366287231,0.4135832190513611,0.4739084541797638,-0.15555764734745026,0.9546620845794678,0.329862505197525,0.4921257793903351,-0.08201558887958527,0.8922255635261536,0.4047544002532959,0.45688608288764954,-0.012345646508038044,0.9994475245475769,0.3577072024345398,0.4608341157436371,0.012360479682683945,0.9998189210891724,0.4054977297782898,0.6005166172981262,0.008226833306252956,0.974526584148407,0.35486680269241333,0.6214389204978943,-0.12289680540561676,0.9775971174240112,0.40229281783103943,0.7432385683059692,0.17114421725273132,0.9243406653404236,0.3505827784538269,0.8125665187835693,-0.12379498779773712,0.9592027068138123,0.40072640776634216,0.7653693556785583,0.18177759647369385,0.6438375115394592,0.3574797511100769,0.8421688675880432,-0.13218171894550323,0.7953924536705017,0.4037652015686035,0.7849120497703552,0.08951561152935028,0.9254187345504761,0.3299214243888855,0.8684599995613098,-0.26358523964881897,0.9561744332313538
126,walk,0.36047297716140747,0.15265463292598724,-0.23944106698036194,0.9999892711639404,0.3649146854877472,0.13749198615550995,-0.22771771252155304,0.9999591708183289,0.36838921904563904,0.13723784685134888,-0.22775936126708984,0.9999591112136841,0.3720199465751648,0.1371091902256012,-0.22777386009693146,0.9999587535858154,0.3562069833278656,0.13882531225681305,-0.2235671728849411,0.9999630451202393,0.35308536887168884,0.13965219259262085,-0.22356948256492615,0.9999548196792603,0.3498454689979553,0.1406751573085785,-0.22362291812896729,0.9999560117721558,0.38001543283462524,0.14428278803825378,-0.14104221761226654,0.9999404549598694,0.3483632206916809,0.15154829621315002,-0.12257899343967438,0.9998610019683838,0.36724087595939636,0.1697315275669098,-0.2054218053817749,0.9999812245368958,0.3574228882789612,0.17154525220394135,-0.2002442628145218,0.9999765753746033,0.4137926995754242,0.23534488677978516,-0.0811523050069809,0.9999621510505676,0.3346826434135437,0.25042492151260376,-0.047973595559597015,0.9999529123306274,0.430997759103775,0.35120055079460144,-0.059151917695999146,0.9926559925079346,0.32872849702835083,0.36877602338790894,0.0007822356419637799,0.9303470849990845,0.42504745721817017,0.4558264911174774,-0.12928755581378937,0.982750654220581,0.32211920619010925,0.47453951835632324,-0.07826662808656693,0.9386186003684998,0.4232823848724365,0.4904003441333771,-0.15222901105880737,0.9639241099357605,0.32019755244255066,0.5056213736534119,-0.099766805768013,0.9012643098831177,0.4156200885772705,0.48720091581344604,-0.17841489613056183,0.9660669565200806,0.32457512617111206,0.5053905248641968,-0.13037839531898499,0.9086781144142151,0.4140205383300781,0.47689858078956604,-0.1396457850933075,0.9529708623886108,0.3272949159145355,0.4946686625480652,-0.09138794243335724,0.8913017511367798,0.40365728735923767,0.4563600420951843,-0.010436574928462505,0.9994628429412842,0.35611170530319214,0.4610317349433899,0.010421836748719215,0.9998341202735901,0.4042605459690094,0.6005322337150574,0.04409853741526604,0.9723031520843506,0.35406070947647095,0.6228675842285156,-0.1264057755470276,0.9781317710876465,0.40228667855262756,0.742101788520813,0.24907128512859344,0.9136027097702026,0.35092809796333313,0.8139234185218811,-0.11623676866292953,0.9614352583885193,0.4008757472038269,0.7650359869003296,0.2642374634742737,0.6269424557685852,0.35794684290885925,0.840455174446106,-0.12312857061624527,0.7882689237594604,0.4038833975791931,0.7847772240638733,0.17753444612026215,0.9182457327842712,0.3334271013736725,0.875374436378479,-0.2570374011993408,0.9576319456100464
127,walk,0.3574645221233368,0.1494198441505432,-0.2537733018398285,0.999989926815033,0.36190178990364075,0.13457031548023224,-0.24144010245800018,0.9999616146087646,0.3654324412345886,0.13420405983924866,-0.24146997928619385,0.9999615550041199,0.3691549301147461,0.13400384783744812,-0.24147137999534607,0.9999608397483826,0.35300156474113464,0.13607598841190338,-0.23741385340690613,0.999965488910675,0.3496982455253601,0.13695982098579407,-0.23741081357002258,0.9999579191207886,0.34654760360717773,0.1380024254322052,-0.23747102916240692,0.9999589920043945,0.3770812451839447,0.14042975008487701,-0.15148761868476868,0.9999427199363708,0.3449695110321045,0.14890635013580322,-0.13372372090816498,0.9998701810836792,0.3645040690898895,0.16698743402957916,-0.21870727837085724,0.9999822974205017,0.35454481840133667,0.16913044452667236,-0.2137470245361328,0.999978244304657,0.4117105007171631,0.2334723323583603,-0.08391032367944717,0.9999623894691467,0.33185428380966187,0.24877814948558807,-0.059094734489917755,0.9999565482139587,0.42882007360458374,0.34919485449790955,-0.05110244080424309,0.9923548102378845,0.325713187456131,0.368694007396698,-0.012820695526897907,0.9333437085151672,0.4252386689186096,0.4560379087924957,-0.11714539676904678,0.9821134209632874,0.3190596401691437,0.4761544167995453,-0.09152471274137497,0.9400523900985718,0.42380642890930176,0.4902694821357727,-0.13783720135688782,0.9626925587654114,0.31714627146720886,0.5077667832374573,-0.1135687455534935,0.9027260541915894,0.41665181517601013,0.4876796007156372,-0.16611263155937195,0.9649895429611206,0.32168319821357727,0.507262647151947,-0.14412258565425873,0.9103065133094788,0.41478124260902405,0.47755181789398193,-0.12820008397102356,0.9511561989784241,0.3244747519493103,0.49649298191070557,-0.10466577857732773,0.8925013542175293,0.4014595150947571,0.45595479011535645,-0.006982875522226095,0.9994847774505615,0.35318490862846375,0.46089205145835876,0.006911528762429953,0.9998486042022705,0.4030703604221344,0.6024524569511414,0.06863706558942795,0.9732508063316345,0.3523600697517395,0.6271609663963318,-0.11987324059009552,0.979753851890564,0.4022836685180664,0.7418443560600281,0.301187664270401,0.9130496382713318,0.35102754831314087,0.8169750571250916,-0.11729462444782257,0.9645351767539978,0.401129812002182,0.7646327614784241,0.31905215978622437,0.6252516508102417,0.35814401507377625,0.8393518924713135,-0.12508457899093628,0.789400041103363,0.4041617512702942,0.7848788499832153,0.23300707340240479,0.9182692766189575,0.3360596001148224,0.8816252946853638,-0.262582004070282,0.960389256477356
128,walk,0.35458558797836304,0.1439339965581894,-0.26463252305984497,0.9999905824661255,0.3589712083339691,0.12987591326236725,-0.25253862142562866,0.9999638199806213,0.36249107122421265,0.12931109964847565,-0.25256267189979553,0.9999637603759766,0.36625534296035767,0.128977432847023,-0.2525690197944641,0.9999628067016602,0.35000118613243103,0.13194359838962555,-0.24853713810443878,0.9999675750732422,0.34664687514305115,0.13298121094703674,-0.24853792786598206,0.9999606013298035,0.34351086616516113,0.13402314484119415,-0.24858765304088593,0.9999616146087646,0.3739190399646759,0.13520704209804535,-0.16206000745296478,0.9999450445175171,0.34181028604507446,0.14478252828121185,-0.14422018826007843,0.9998781681060791,0.3617197871208191,0.1619693785905838,-0.22916528582572937,0.9999833106994629,0.3517308831214905,0.16445153951644897,-0.22419896721839905,0.9999797940254211,0.4091510772705078,0.2301773726940155,-0.09178514778614044,0.9999634623527527,0.3285142779350281,0.24651190638542175,-0.06756585836410522,0.9999596476554871,0.42721042037010193,0.346871018409729,-0.05284277722239494,0.992152988910675,0.32202011346817017,0.36865225434303284,-0.01972971484065056,0.936095654964447,0.42526882886886597,0.45542457699775696,-0.12247224152088165,0.9816493391990662,0.31517380475997925,0.4761814475059509,-0.09874196350574493,0.9411913752555847,0.424527645111084,0.48956650495529175,-0.14407412707805634,0.9615870118141174,0.3132309019565582,0.507754921913147,-0.12136752903461456,0.9039161801338196,0.41802582144737244,0.4871782660484314,-0.17207928001880646,0.9639979600906372,0.31832996010780334,0.5074253678321838,-0.15191933512687683,0.9115782976150513,0.4160609245300293,0.4773307740688324,-0.13353371620178223,0.9498088359832764,0.32113245129585266,0.4967735707759857,-0.11189039796590805,0.893276572227478,0.39857563376426697,0.4558749198913574,-0.006819619797170162,0.9995102882385254,0.34952208399772644,0.46041417121887207,0.006745838560163975,0.9998612999916077,0.40149474143981934,0.6020901799201965,0.04954943433403969,0.9737266302108765,0.34951621294021606,0.6281355619430542,-0.11923686414957047,0.981072187423706,0.4022677540779114,0.7405367493629456,0.2903347313404083,0.9124923944473267,0.351124107837677,0.8180903196334839,-0.09400428831577301,0.9671211838722229,0.40113648772239685,0.7626704573631287,0.30919983983039856,0.6180623769760132,0.358350932598114,0.8381825685501099,-0.09916289895772934,0.7898770570755005,0.40485334396362305,0.7860228419303894,0.22008562088012695,0.9180605411529541,0.3371903598308563,0.8853093385696411,-0.23418259620666504,0.9626518487930298
129,walk,0.3517422080039978,0.13814835250377655,-0.30443134903907776,0.999991238117218,0.35602372884750366,0.1244828850030899,-0.2929651737213135,0.9999662041664124,0.35951054096221924,0.12383967638015747,-0.2929719388484955,0.9999661445617676,0.3632950186729431,0.12348993122577667,-0.2929660975933075,0.9999650120735168,0.34694376587867737,0.12688960134983063,-0.28890714049339294,0.9999697208404541,0.3436000943183899,0.12799182534217834,-0.28891903162002563,0.9999633431434631,0.34037691354751587,0.12911687791347504,-0.288953959941864,0.9999642372131348,0.37074655294418335,0.12978193163871765,-0.1988191455602646,0.9999480247497559,0.3386874198913574,0.1394805759191513,-0.18051490187644958,0.9998865723609924,0.35893702507019043,0.15656548738479614,-0.2672506272792816,0.9999845027923584,0.3487780690193176,0.15930935740470886,-0.26212045550346375,0.9999813437461853,0.40708547830581665,0.2265550047159195,-0.1166079193353653,0.9999650716781616,0.3252415060997009,0.24335935711860657,-0.0982694998383522,0.9999626278877258,0.42595744132995605,0.3444764018058777,-0.06948645412921906,0.9920662045478821,0.31842464208602905,0.36789271235466003,-0.05018690973520279,0.9391562938690186,0.42542243003845215,0.4546782672405243,-0.14679819345474243,0.981362521648407,0.3111761808395386,0.47595617175102234,-0.13341353833675385,0.9427095055580139,0.42544832825660706,0.4888167977333069,-0.16855262219905853,0.9604544043540955,0.30960458517074585,0.5075109601020813,-0.15883681178092957,0.905525803565979,0.41937965154647827,0.4862304627895355,-0.2006525993347168,0.9629819989204407,0.31454241275787354,0.5071216225624084,-0.18960759043693542,0.9131578207015991,0.4174138903617859,0.47648748755455017,-0.15966933965682983,0.9487762451171875,0.31722313165664673,0.4963833689689636,-0.14686326682567596,0.8945148587226868,0.39560821652412415,0.4527459740638733,-0.005377400666475296,0.9995349049568176,0.34637391567230225,0.4585617780685425,0.0052668629214167595,0.9998725056648254,0.39879390597343445,0.6018548011779785,0.06692267954349518,0.9746716618537903,0.34753644466400146,0.6298839449882507,-0.10028394311666489,0.982499897480011,0.4023772180080414,0.7394089698791504,0.3225618004798889,0.9161673188209534,0.35108447074890137,0.8187167644500732,-0.04651975259184837,0.9697310924530029,0.40145689249038696,0.7593557834625244,0.3424367308616638,0.6180219054222107,0.35842838883399963,0.838469386100769,-0.04902956262230873,0.7952521443367004,0.4050924777984619,0.7872732281684875,0.246536523103714,0.9208965301513672,0.33866414427757263,0.8874547481536865,-0.1925055980682373,0.9651238918304443
130,walk,0.3489990532398224,0.13268692791461945,-0.308078795671463,0.9999917149543762,0.3532218039035797,0.1190139427781105,-0.29654771089553833,0.9999676942825317,0.35679054260253906,0.11833890527486801,-0.29655200242996216,0.9999675750732422,0.3606070876121521,0.11801036447286606,-0.296543151140213,0.9999661445617676,0.34418460726737976,0.12152892351150513,-0.29292768239974976,0.9999711513519287,0.3409312665462494,0.12260683625936508,-0.29294055700302124,0.999965250492096,0.33758729696273804,0.12381711602210999,-0.2929764986038208,0.999966025352478,0.36823371052742004,0.12478093057870865,-0.20248980820178986,0.9999493360519409,0.3358196020126343,0.13474370539188385,-0.18629097938537598,0.9998921751976013,0.35620617866516113,0.15162062644958496,-0.27095577120780945,0.9999852776527405,0.3459613025188446,0.1542029231786728,-0.26641982793807983,0.999982476234436,0.4048343300819397,0.22284336388111115,-0.12019471079111099,0.9999653697013855,0.32214221358299255,0.240134596824646,-0.10341355949640274,0.9999648928642273,0.4253450036048889,0.34132111072540283,-0.0715041235089302,0.9920209050178528,0.31481945514678955,0.36583274602890015,-0.05439628288149834,0.9416873455047607,0.42553314566612244,0.4540446698665619,-0.14879129827022552,0.9810734391212463,0.30747178196907043,0.4752703309059143,-0.1353309601545334,0.9436808824539185,0.42577260732650757,0.48799341917037964,-0.1702568680047989,0.9592138528823853,0.30556708574295044,0.5069451332092285,-0.15988996624946594,0.9063029289245605,0.4199597239494324,0.4852900505065918,-0.2024499922990799,0.961887538433075,0.31023404002189636,0.506820023059845,-0.19118191301822662,0.9140170216560364,0.41814476251602173,0.4755905270576477,-0.16178616881370544,0.9477763772010803,0.31303396821022034,0.49605152010917664,-0.14900025725364685,0.8951323628425598,0.39361101388931274,0.4505433738231659,-0.005262303631752729,0.9995489716529846,0.34392815828323364,0.45730099081993103,0.005150395445525646,0.9998819828033447,0.3951854407787323,0.6023316979408264,0.07695789635181427,0.9757120609283447,0.34714752435684204,0.6305214166641235,-0.07268830388784409,0.9837281107902527,0.40274477005004883,0.7374306321144104,0.3272821009159088,0.9198384881019592,0.3511679172515869,0.8222333192825317,-0.025758763775229454,0.9720317721366882,0.40193241834640503,0.7525167465209961,0.34651508927345276,0.6196658611297607,0.3584563136100769,0.8415464758872986,-0.02919759228825569,0.7999830842018127,0.4049437642097473,0.7888401746749878,0.25032079219818115,0.9237850904464722,0.34013277292251587,0.8860207200050354,-0.16895592212677002,0.967243492603302
131,walk,0.3457444906234741,0.1270710825920105,-0.3237726390361786,0.9999922513961792,0.3500637710094452,0.11353597790002823,-0.31211379170417786,0.9999694228172302,0.3536616563796997,0.11300420016050339,-0.3121095597743988,0.9999692440032959,0.35749974846839905,0.11282376199960709,-0.3120995759963989,0.9999676942825317,0.3410321772098541,0.11594701558351517,-0.3081870377063751,0.9999727010726929,0.3379024267196655,0.1169811338186264,-0.30820995569229126,0.9999672770500183,0.33445173501968384,0.11821892857551575,-0.30824363231658936,0.9999679327011108,0.3652525544166565,0.11987327039241791,-0.21669408679008484,0.9999516010284424,0.3328617811203003,0.12941785156726837,-0.1991986632347107,0.9998983144760132,0.3527582287788391,0.1462772637605667,-0.2862902879714966,0.9999862313270569,0.3425355553627014,0.1485559195280075,-0.2813374400138855,0.9999836683273315,0.4025687575340271,0.21973732113838196,-0.1316361129283905,0.9999658465385437,0.3187820017337799,0.23676489293575287,-0.11408251523971558,0.9999666810035706,0.4250214099884033,0.33896535634994507,-0.07802413403987885,0.9921746850013733,0.310691773891449,0.3637807071208954,-0.061854101717472076,0.9444928765296936,0.4256412386894226,0.45357775688171387,-0.15771621465682983,0.9813759922981262,0.3031889498233795,0.47469016909599304,-0.14430537819862366,0.9453252553939819,0.42606988549232483,0.4874863922595978,-0.1797637641429901,0.9592595100402832,0.30121880769729614,0.50621098279953,-0.16965720057487488,0.9081655144691467,0.42024970054626465,0.4845814108848572,-0.21288156509399414,0.9619501829147339,0.3063492178916931,0.506034255027771,-0.20064707100391388,0.915752112865448,0.41842904686927795,0.47493690252304077,-0.17109650373458862,0.9483096599578857,0.30918166041374207,0.4953586459159851,-0.1579497754573822,0.8970587253570557,0.3917600214481354,0.44877320528030396,-0.004849064629524946,0.9995607137680054,0.3411146104335785,0.4558131694793701,0.004734423477202654,0.9998884201049805,0.3931805491447449,0.604411244392395,0.055923592299222946,0.9768508076667786,0.34634798765182495,0.6312666535377502,-0.04600526764988899,0.9847829937934875,0.4027439057826996,0.7364339232444763,0.30576449632644653,0.9242382645606995,0.3512357175350189,0.8228305578231812,0.03650251775979996,0.9740917086601257,0.4018407464027405,0.7485877275466919,0.3253474533557892,0.628161609172821,0.3585517406463623,0.8430601954460144,0.03683304041624069,0.8064343333244324,0.40472379326820374,0.7917787432670593,0.2275577038526535,0.9274101853370667,0.33989620208740234,0.8892928957939148,-0.09822891652584076,0.9691265225410461
132,walk,0.3440362811088562,0.12326076626777649,-0.33582547307014465,0.9999927878379822,0.34806767106056213,0.10956358164548874,-0.3235284984111786,0.9999713897705078,0.3516997694969177,0.10909895598888397,-0.32352375984191895,0.9999711513519287,0.3553869128227234,0.10893341898918152,-0.3235150873661041,0.9999695420265198,0.33893999457359314,0.11163442581892014,-0.32048532366752625,0.9999744892120361,0.33604881167411804,0.11242951452732086,-0.3205118477344513,0.999969482421875,0.33247584104537964,0.11369732767343521,-0.3205448389053345,0.9999700784683228,0.3630450367927551,0.11587763577699661,-0.22323784232139587,0.999954342842102,0.33032360672950745,0.12546412646770477,-0.20996427536010742,0.9999052882194519,0.3508605659008026,0.142455592751503,-0.2964200973510742,0.9999871850013733,0.3401632308959961,0.14469771087169647,-0.29270508885383606,0.9999849200248718,0.4004310965538025,0.2167515605688095,-0.13473911583423615,0.9999667406082153,0.31533873081207275,0.23367832601070404,-0.1231200098991394,0.9999687671661377,0.4240368902683258,0.3356594741344452,-0.07987575978040695,0.9922805428504944,0.3065924644470215,0.361317902803421,-0.07326224446296692,0.9474787712097168,0.4255046844482422,0.45280396938323975,-0.16458597779273987,0.9814314842224121,0.2991151213645935,0.4743250906467438,-0.15851405262947083,0.9469570517539978,0.42607903480529785,0.4869694709777832,-0.18746189773082733,0.9586842060089111,0.296969473361969,0.5057381987571716,-0.18508554995059967,0.9098600745201111,0.42025861144065857,0.4844375252723694,-0.22144350409507751,0.9614572525024414,0.30161139369010925,0.5055278539657593,-0.21612954139709473,0.917341947555542,0.4184240400791168,0.4747004508972168,-0.17852112650871277,0.9481820464134216,0.30431535840034485,0.49489060044288635,-0.17224155366420746,0.8987805843353271,0.39003363251686096,0.44740593433380127,-0.0034701612312346697,0.9995781779289246,0.3385235667228699,0.4544180929660797,0.003351939143612981,0.9998957514762878,0.39195382595062256,0.6061648726463318,0.04874695837497711,0.9778161644935608,0.3444567918777466,0.6311032772064209,-0.04597357660531998,0.9857866168022156,0.40274304151535034,0.7322998046875,0.31879499554634094,0.9269925951957703,0.3511890769004822,0.8230079412460327,0.0431448332965374,0.9760385751724243,0.40169399976730347,0.7413367629051208,0.34078890085220337,0.6346328854560852,0.35861915349960327,0.8445178270339966,0.04428231343626976,0.8133407235145569,0.40471142530441284,0.7922770977020264,0.24820581078529358,0.9298392534255981,0.339400976896286,0.8916211724281311,-0.0905880406498909,0.9709526300430298
133,walk,0.3424392342567444,0.11950632929801941,-0.33056536316871643,0.9999933242797852,0.34641632437705994,0.10543276369571686,-0.31760042905807495,0.999973475933075,0.350111186504364,0.10511699318885803,-0.31759876012802124,0.9999731779098511,0.35376644134521484,0.10498984903097153,-0.31758731603622437,0.9999715089797974,0.3371526002883911,0.1073927953839302,-0.3152511417865753,0.999976396560669,0.33409732580184937,0.10820221155881882,-0.3152710497379303,0.9999717473983765,0.3308289349079132,0.10936285555362701,-0.3152983784675598,0.9999722838401794,0.36137232184410095,0.11260140687227249,-0.21522578597068787,0.9999574422836304,0.327850878238678,0.12245143949985504,-0.20526473224163055,0.9999125599861145,0.34956997632980347,0.13903917372226715,-0.29040905833244324,0.9999881982803345,0.33817407488822937,0.14142444729804993,-0.28767043352127075,0.9999861121177673,0.39830726385116577,0.21379145979881287,-0.129436656832695,0.9999682307243347,0.3122992217540741,0.23087958991527557,-0.11865774542093277,0.9999710321426392,0.42252594232559204,0.3324631452560425,-0.07753469794988632,0.9924890995025635,0.30247586965560913,0.3571477234363556,-0.06976078450679779,0.9503269195556641,0.42470091581344604,0.45045047998428345,-0.1652180254459381,0.9818651080131531,0.29553431272506714,0.47145599126815796,-0.1554689109325409,0.9485942125320435,0.4254743456840515,0.48530319333076477,-0.18868865072727203,0.959022581577301,0.2934962511062622,0.5042239427566528,-0.18206144869327545,0.9116906523704529,0.4196116328239441,0.4832865297794342,-0.2228698432445526,0.9617972373962402,0.2981444299221039,0.5038601756095886,-0.21369048953056335,0.9191119074821472,0.4177108705043793,0.47395527362823486,-0.17922770977020264,0.9489206671714783,0.3008592128753662,0.493557870388031,-0.16942939162254333,0.9007101655006409,0.38878634572029114,0.44694551825523376,-0.0030409987084567547,0.9996020197868347,0.33707696199417114,0.45431989431381226,0.0029309294186532497,0.9999042749404907,0.39046627283096313,0.6069877743721008,0.060544274747371674,0.9787320494651794,0.3417569100856781,0.6322811245918274,-0.04871071130037308,0.9867751002311707,0.4027002453804016,0.7274907231330872,0.3480159640312195,0.9285776615142822,0.35121607780456543,0.823931097984314,0.02662753127515316,0.9778910279273987,0.40153780579566956,0.7333805561065674,0.3715493679046631,0.6391280889511108,0.3587075173854828,0.846077024936676,0.0261087603867054,0.821314811706543,0.40460914373397827,0.7925969362258911,0.28571954369544983,0.9314770102500916,0.33893004059791565,0.8929129838943481,-0.10841973125934601,0.9727494716644287
134,walk,0.3405762016773224,0.11629259586334229,-0.33779188990592957,0.9999938011169434,0.34482595324516296,0.10162536054849625,-0.32498300075531006,0.9999752044677734,0.3485395014286041,0.1013866513967514,-0.32498177886009216,0.99997478723526,0.3523208796977997,0.10120414197444916,-0.32497638463974,0.9999731183052063,0.3354056477546692,0.10339147597551346,-0.322419673204422,0.9999779462814331,0.3318524658679962,0.10440079122781754,-0.3224445581436157,0.9999736547470093,0.32889536023139954,0.10537249594926834,-0.322476327419281,0.9999740719795227,0.35978227853775024,0.10936062783002853,-0.22048704326152802,0.99996018409729,0.3258739113807678,0.119036003947258,-0.20966100692749023,0.9999187588691711,0.3483765721321106,0.13571181893348694,-0.29668787121772766,0.9999890327453613,0.3363783061504364,0.13849596679210663,-0.2936619520187378,0.9999871850013733,0.39689478278160095,0.21127444505691528,-0.1341642290353775,0.9999693632125854,0.30970317125320435,0.22760887444019318,-0.11906995624303818,0.9999729990959167,0.4212518632411957,0.33116990327835083,-0.07995135337114334,0.9925990104675293,0.29837140440940857,0.352912575006485,-0.06710432469844818,0.9527537822723389,0.42344871163368225,0.44637924432754517,-0.16863758862018585,0.9818716049194336,0.2912776470184326,0.4699647128582001,-0.15504296123981476,0.9493215084075928,0.4244917333126068,0.48179545998573303,-0.1930057555437088,0.9585509896278381,0.2894175946712494,0.5037557482719421,-0.18159858882427216,0.9120221138000488,0.41869211196899414,0.47993120551109314,-0.22707752883434296,0.9613815546035767,0.29458093643188477,0.5032969117164612,-0.21434083580970764,0.9194429516792297,0.4166683554649353,0.47073042392730713,-0.1826835423707962,0.9486978054046631,0.2971573770046234,0.49296924471855164,-0.16960449516773224,0.901279866695404,0.38755056262016296,0.4467649757862091,-0.0034793266095221043,0.9996222257614136,0.33541738986968994,0.45421120524406433,0.0033848558086901903,0.9999110698699951,0.3895730972290039,0.6095181107521057,0.0367765836417675,0.9796060919761658,0.34002378582954407,0.63524329662323,-0.04155143350362778,0.9875476360321045,0.40145403146743774,0.722691535949707,0.3238646388053894,0.9298309683799744,0.3512095808982849,0.824387788772583,0.06181877851486206,0.9795171618461609,0.3997572362422943,0.7269608974456787,0.34783440828323364,0.6449252367019653,0.3587929904460907,0.8472101092338562,0.06419086456298828,0.8289112448692322,0.4046030640602112,0.7933240532875061,0.2628418803215027,0.9330887198448181,0.3386075496673584,0.8938408493995667,-0.06931798160076141,0.9743130803108215
135,walk,0.3382595181465149,0.11219968646764755,-0.33401960134506226,0.999994158744812,0.342707097530365,0.0975852981209755,-0.32082399725914,0.9999765157699585,0.3465338349342346,0.09736833721399307,-0.3208313584327698,0.9999760389328003,0.35047250986099243,0.09718430787324905,-0.32083502411842346,0.9999743103981018,0.33331459760665894,0.09932099282741547,-0.3177529573440552,0.9999790787696838,0.3295822739601135,0.10049781948328018,-0.3177727162837982,0.9999749660491943,0.32666081190109253,0.10146322101354599,-0.3178001046180725,0.999975323677063,0.358187735080719,0.10609462857246399,-0.215882807970047,0.9999624490737915,0.32411113381385803,0.11531273275613785,-0.20266704261302948,0.9999233484268188,0.34653347730636597,0.13190817832946777,-0.2929348349571228,0.9999897480010986,0.3341260254383087,0.13483931124210358,-0.28918883204460144,0.9999880194664001,0.3952616751194,0.20887504518032074,-0.13284166157245636,0.9999704360961914,0.30783799290657043,0.22419649362564087,-0.11126884073019028,0.9999744296073914,0.41941723227500916,0.3290491998195648,-0.08056645840406418,0.9927361011505127,0.29404324293136597,0.3496108949184418,-0.05740765482187271,0.9545285701751709,0.4215920567512512,0.44186073541641235,-0.16912201046943665,0.9820824265480042,0.28661951422691345,0.46423718333244324,-0.1458301693201065,0.9493473768234253,0.4228464961051941,0.47728389501571655,-0.1942174881696701,0.958636999130249,0.28493213653564453,0.5002406239509583,-0.1719973385334015,0.911376416683197,0.4171587824821472,0.47550374269485474,-0.22832882404327393,0.9614771604537964,0.289808988571167,0.49947765469551086,-0.20548398792743683,0.9188578724861145,0.415043443441391,0.4669933319091797,-0.18320232629776,0.9490383863449097,0.2924099564552307,0.4890768826007843,-0.16084201633930206,0.9010152220726013,0.386010080575943,0.44664159417152405,-0.003859225194901228,0.9996410608291626,0.3333715796470642,0.454173743724823,0.0037738741375505924,0.9999167323112488,0.3884325921535492,0.612991452217102,0.01600540801882744,0.9804500341415405,0.338957279920578,0.6393626928329468,-0.039021946489810944,0.9882174134254456,0.3992798328399658,0.722043514251709,0.31185394525527954,0.9316446781158447,0.35113751888275146,0.8263951539993286,0.0756588727235794,0.9810274243354797,0.3966999053955078,0.7279304265975952,0.3360075354576111,0.6536805629730225,0.35883960127830505,0.8499395847320557,0.07881136238574982,0.8366537690162659,0.40492457151412964,0.7953618168830872,0.24998898804187775,0.9350945353507996,0.3381158113479614,0.8963398337364197,-0.05576293542981148,0.975818932056427
136,walk,0.3381865620613098,0.110298752784729,-0.34037917852401733,0.9999942779541016,0.34282684326171875,0.09499926120042801,-0.32707828283309937,0.9999769330024719,0.34673675894737244,0.09477384388446808,-0.32708853483200073,0.9999763369560242,0.3505292534828186,0.09454504400491714,-0.32709163427352905,0.9999744296073914,0.3328908383846283,0.09676165878772736,-0.3248642385005951,0.9999794960021973,0.32948535680770874,0.09779281914234161,-0.32488298416137695,0.9999753832817078,0.3260338306427002,0.09915893524885178,-0.32491248846054077,0.9999756217002869,0.3576248288154602,0.10404222458600998,-0.22066572308540344,0.9999631643295288,0.3237197995185852,0.11291809380054474,-0.21125943958759308,0.9999251365661621,0.34705033898353577,0.1297299563884735,-0.2985557019710541,0.9999899864196777,0.33368733525276184,0.1324876844882965,-0.29592639207839966,0.9999883770942688,0.3934636414051056,0.20591168105602264,-0.1370881050825119,0.9999703168869019,0.30596938729286194,0.22158707678318024,-0.11632907390594482,0.9999753832817078,0.41711464524269104,0.3262609839439392,-0.0855981707572937,0.9927319884300232,0.2909248471260071,0.34881100058555603,-0.06175417825579643,0.9560026526451111,0.419694185256958,0.43737322092056274,-0.17625819146633148,0.9821635484695435,0.28190815448760986,0.4615192711353302,-0.15173634886741638,0.9493086934089661,0.42133623361587524,0.473328560590744,-0.2021535187959671,0.9584715962409973,0.2798343598842621,0.498421847820282,-0.17772293090820312,0.9106717705726624,0.41567087173461914,0.4713456928730011,-0.23632530868053436,0.9613511562347412,0.2845538854598999,0.49696969985961914,-0.21282407641410828,0.9183003902435303,0.41345104575157166,0.4632038176059723,-0.19049391150474548,0.9490231871604919,0.2872767448425293,0.48632773756980896,-0.16739177703857422,0.9007099270820618,0.3836078643798828,0.44495078921318054,-0.003995925188064575,0.9996482133865356,0.33104968070983887,0.4531327188014984,0.003917786758393049,0.9999212026596069,0.3863528370857239,0.6140890717506409,0.017638444900512695,0.9809563159942627,0.33788248896598816,0.6384406089782715,-0.03740362077951431,0.988582193851471,0.3969649374485016,0.7235317826271057,0.30973106622695923,0.9332965016365051,0.3509708642959595,0.8261801600456238,0.06177939102053642,0.9821786284446716,0.39450603723526,0.7282576560974121,0.3321452736854553,0.6610832810401917,0.3588736057281494,0.8504096865653992,0.0628458559513092,0.8422325849533081,0.405348002910614,0.8002612590789795,0.2422853708267212,0.9369343519210815,0.3374578058719635,0.8973543047904968,-0.07374133914709091,0.9768572449684143
137,walk,0.33884650468826294,0.10731066763401031,-0.32763177156448364,0.9999942779541016,0.34344393014907837,0.09167705476284027,-0.3139190077781677,0.9999768733978271,0.34730514883995056,0.09139835834503174,-0.3139340281486511,0.9999761581420898,0.35074999928474426,0.09121932834386826,-0.31393542885780334,0.9999740719795227,0.3328869044780731,0.09348051249980927,-0.312116414308548,0.9999794363975525,0.3299383819103241,0.09459740668535233,-0.3121368885040283,0.999975323677063,0.32671767473220825,0.09590848535299301,-0.3121669888496399,0.9999753832817078,0.35709333419799805,0.10174364596605301,-0.21139362454414368,0.9999629259109497,0.32338377833366394,0.11005190014839172,-0.20089802145957947,0.9999262094497681,0.3476894795894623,0.12735606729984283,-0.28650909662246704,0.999989926815033,0.3336181044578552,0.12972581386566162,-0.2843116819858551,0.9999884366989136,0.39243096113204956,0.20364956557750702,-0.13603746891021729,0.9999688863754272,0.30452919006347656,0.21966412663459778,-0.11048661172389984,0.9999748468399048,0.4155240058898926,0.32398584485054016,-0.07868164777755737,0.9923000335693359,0.287710577249527,0.347652405500412,-0.0583079569041729,0.9575807452201843,0.4181228578090668,0.43233147263526917,-0.17109110951423645,0.9816210269927979,0.2755134701728821,0.4589514136314392,-0.1472654789686203,0.9491583704948425,0.42014163732528687,0.46905454993247986,-0.19659778475761414,0.9573935866355896,0.27070751786231995,0.49745792150497437,-0.17325055599212646,0.9099358320236206,0.4145122170448303,0.46668732166290283,-0.23036983609199524,0.9603342413902283,0.2756195068359375,0.4950862526893616,-0.20825402438640594,0.9176682829856873,0.41211074590682983,0.4582504332065582,-0.18515291810035706,0.9481384754180908,0.279167115688324,0.4841141700744629,-0.1630580872297287,0.9008153080940247,0.38210204243659973,0.4448174834251404,-0.0034679945092648268,0.9996349811553955,0.3290371000766754,0.45287373661994934,0.003406000090762973,0.9999186992645264,0.3852527439594269,0.6172167062759399,0.014135289005935192,0.9814148545265198,0.3370097875595093,0.6376552581787109,-0.03917795047163963,0.9888103008270264,0.3951694667339325,0.7377980351448059,0.2585783898830414,0.9368562698364258,0.35075709223747253,0.8256922960281372,0.07152194529771805,0.9831423163414001,0.3911915719509125,0.7534576654434204,0.27604028582572937,0.6740522384643555,0.3587789237499237,0.8500492572784424,0.0736779123544693,0.8460882306098938,0.4058576226234436,0.8134631514549255,0.17101235687732697,0.9399899840354919,0.33740049600601196,0.8961746096611023,-0.06451372802257538,0.9776753187179565
138,walk,0.3380318284034729,0.10616698861122131,-0.31595832109451294,0.9999940991401672,0.34285110235214233,0.09046120196580887,-0.29955488443374634,0.9999762177467346,0.3467746078968048,0.09023497998714447,-0.299602210521698,0.9999754428863525,0.3502456545829773,0.09033191204071045,-0.2996205687522888,0.9999733567237854,0.33178842067718506,0.09215708822011948,-0.29835668206214905,0.9999784231185913,0.32908087968826294,0.09318582713603973,-0.2983735203742981,0.9999739527702332,0.3258976340293884,0.09443853050470352,-0.2983996272087097,0.9999738931655884,0.35663875937461853,0.10079704225063324,-0.18897363543510437,0.999962568283081,0.3223620057106018,0.10824735462665558,-0.18042245507240295,0.9999237060546875,0.3471437692642212,0.12674777209758759,-0.2719605565071106,0.9999898672103882,0.3324344754219055,0.12880690395832062,-0.2700912654399872,0.9999881386756897,0.39158761501312256,0.20213660597801208,-0.11323942244052887,0.9999684691429138,0.3033152222633362,0.21633026003837585,-0.08899490535259247,0.9999720454216003,0.41381779313087463,0.32107141613960266,-0.06761443614959717,0.992165744304657,0.2858668565750122,0.34338662028312683,-0.036856137216091156,0.9584083557128906,0.41672468185424805,0.42781487107276917,-0.168611541390419,0.9816144704818726,0.2707410752773285,0.4520331919193268,-0.1371990144252777,0.9490728378295898,0.41864076256752014,0.4647969901561737,-0.19458016753196716,0.9575837254524231,0.26425865292549133,0.49054649472236633,-0.16695424914360046,0.9095807671546936,0.4129500389099121,0.46167945861816406,-0.22858254611492157,0.9604761600494385,0.2683935761451721,0.4875330924987793,-0.20607474446296692,0.9173603653907776,0.4104483127593994,0.451700896024704,-0.18256472051143646,0.9485490918159485,0.2721509039402008,0.4762842059135437,-0.15628772974014282,0.9014402031898499,0.3798680901527405,0.44457462430000305,-0.0037635709159076214,0.9996106624603271,0.32659751176834106,0.45264989137649536,0.0037226479034870863,0.9999017715454102,0.38245609402656555,0.6207337975502014,-0.023892011493444443,0.9818897843360901,0.33624687790870667,0.6399940848350525,-0.03114611841738224,0.9884476661682129,0.39340144395828247,0.7589568495750427,0.20154981315135956,0.9402461051940918,0.3508084714412689,0.8263577818870544,0.10428247600793839,0.9836598634719849,0.3888747990131378,0.7758795022964478,0.21721668541431427,0.6851344704627991,0.3588365912437439,0.8499295711517334,0.10890688747167587,0.8486533164978027,0.4032559394836426,0.8297408819198608,0.10444062948226929,0.9428144693374634,0.3374156057834625,0.8952895402908325,-0.02908233366906643,0.9779642224311829
139,walk,0.33696073293685913,0.10458052158355713,-0.29614511132240295,0.9999936819076538,0.34225380420684814,0.08959123492240906,-0.28025782108306885,0.99997478723526,0.346192866563797,0.0894273966550827,-0.2803023159503937,0.9999740123748779,0.349699467420578,0.08973761647939682,-0.2803134024143219,0.9999721050262451,0.3309474289417267,0.09157546609640121,-0.2781597077846527,0.9999764561653137,0.32824110984802246,0.09257740527391434,-0.2781718373298645,0.9999715089797974,0.325206995010376,0.09381894022226334,-0.2781899571418762,0.999971330165863,0.35611072182655334,0.10013870894908905,-0.17231716215610504,0.9999608397483826,0.321585476398468,0.1068899929523468,-0.16127802431583405,0.9999189972877502,0.34630993008613586,0.12555938959121704,-0.2541979253292084,0.9999895691871643,0.33120909333229065,0.12729689478874207,-0.25123167037963867,0.9999874830245972,0.39046674966812134,0.20111459493637085,-0.10004570335149765,0.9999682903289795,0.3016703724861145,0.21399496495723724,-0.06896800547838211,0.9999682903289795,0.41258031129837036,0.31959640979766846,-0.0585620179772377,0.9920772910118103,0.28463488817214966,0.3402404487133026,-0.010958205908536911,0.9591089487075806,0.41469669342041016,0.42471516132354736,-0.1650378704071045,0.9816179871559143,0.2683856189250946,0.4450751841068268,-0.1113690733909607,0.949295163154602,0.4164196848869324,0.46270638704299927,-0.19387571513652802,0.9578325748443604,0.2614482045173645,0.4827689230442047,-0.1409248411655426,0.9099058508872986,0.4105730652809143,0.45903223752975464,-0.22648286819458008,0.9606767892837524,0.26509618759155273,0.48025375604629517,-0.17891430854797363,0.9176551699638367,0.4080612063407898,0.4479474723339081,-0.18063277006149292,0.9489316344261169,0.2687840461730957,0.4687240719795227,-0.12952695786952972,0.9026368856430054,0.37887734174728394,0.4443531930446625,-0.004528253339231014,0.9995783567428589,0.32556411623954773,0.45234692096710205,0.00450151739642024,0.9998698234558105,0.37901875376701355,0.6238443851470947,-0.019266480579972267,0.9826005697250366,0.3362545967102051,0.6399127244949341,-0.016473786905407906,0.9883968234062195,0.3901532292366028,0.7838003635406494,0.16408999264240265,0.9446786642074585,0.3515215516090393,0.8261626958847046,0.13337498903274536,0.9842596650123596,0.3864070475101471,0.806009829044342,0.17416809499263763,0.699779748916626,0.3591211438179016,0.848158597946167,0.1391768455505371,0.8515259027481079,0.3994656205177307,0.8451836705207825,0.046570274978876114,0.9465188384056091,0.3373969793319702,0.8943686485290527,0.002307633403688669,0.9785279035568237
140,walk,0.3365657329559326,0.10381671786308289,-0.2659226059913635,0.9999935626983643,0.3420586585998535,0.08907900005578995,-0.25017252564430237,0.9999746084213257,0.3459869921207428,0.08902524411678314,-0.2502218186855316,0.9999738931655884,0.3496071398258209,0.08930700272321701,-0.25022754073143005,0.9999721646308899,0.3305104374885559,0.09114789962768555,-0.24782201647758484,0.9999756813049316,0.32750144600868225,0.09208264946937561,-0.2478196620941162,0.9999704360961914,0.3247101902961731,0.0931631326675415,-0.2478192299604416,0.9999700784683228,0.3557470738887787,0.09901265054941177,-0.1438264548778534,0.999961256980896,0.32111912965774536,0.1054239347577095,-0.13252754509449005,0.9999181628227234,0.34587404131889343,0.1248282864689827,-0.22507290542125702,0.9999896883964539,0.3304564356803894,0.12661275267601013,-0.2218666523694992,0.9999873638153076,0.3898012042045593,0.19999036192893982,-0.07997803390026093,0.9999693036079407,0.3007703125476837,0.21266087889671326,-0.040444351732730865,0.9999649524688721,0.4115777909755707,0.3180561363697052,-0.04852231219410896,0.9919808506965637,0.28312182426452637,0.33691322803497314,0.015435842797160149,0.9590781331062317,0.41327276825904846,0.42348048090934753,-0.16058528423309326,0.9817553162574768,0.2648523449897766,0.43918710947036743,-0.08924506604671478,0.9493881464004517,0.4142533242702484,0.46165433526039124,-0.19353275001049042,0.9584774971008301,0.25773200392723083,0.4755092263221741,-0.1187833920121193,0.9103457927703857,0.407998651266098,0.45712539553642273,-0.2256532907485962,0.9612295031547546,0.2611178159713745,0.47329139709472656,-0.15653195977210999,0.9180848002433777,0.40583664178848267,0.44559991359710693,-0.1764001101255417,0.949665367603302,0.2645173668861389,0.4613198935985565,-0.10741660743951797,0.903962254524231,0.37854698300361633,0.4443668723106384,-0.0076506054028868675,0.9995704889297485,0.3252525329589844,0.4522899091243744,0.007651811931282282,0.9998432993888855,0.3766390383243561,0.6257727146148682,-0.024007689207792282,0.9834557771682739,0.3358561098575592,0.6401827335357666,-0.008180193603038788,0.9883558750152588,0.3866701126098633,0.8013953566551208,0.135764941573143,0.9491762518882751,0.3519463837146759,0.8260105848312378,0.135295569896698,0.9849188327789307,0.3839176297187805,0.8225182294845581,0.14316625893115997,0.716041624546051,0.35913699865341187,0.8480602502822876,0.14031943678855896,0.8555930852890015,0.3945919871330261,0.8619711399078369,0.013031420297920704,0.9504528045654297,0.33756884932518005,0.8943071365356445,0.006773786153644323,0.9792823791503906
141,walk,0.3364218473434448,0.10335297137498856,-0.25196486711502075,0.9999936819076538,0.34197768568992615,0.08869815617799759,-0.2363501787185669,0.9999754428863525,0.34593266248703003,0.08873524516820908,-0.23639586567878723,0.99997478723526,0.34969061613082886,0.08886872231960297,-0.23640552163124084,0.9999732971191406,0.33033883571624756,0.09065145999193192,-0.23402412235736847,0.9999759793281555,0.3270297050476074,0.09163833409547806,-0.23401299118995667,0.9999707937240601,0.3245103657245636,0.0924728512763977,-0.23400156199932098,0.9999703764915466,0.355599582195282,0.09799735993146896,-0.12922334671020508,0.9999629259109497,0.3210716247558594,0.10408391058444977,-0.11826209723949432,0.9999206066131592,0.34578737616539,0.12421110272407532,-0.21075625717639923,0.9999901652336121,0.33015114068984985,0.12597645819187164,-0.20764505863189697,0.999987781047821,0.3897010385990143,0.19951342046260834,-0.06482453644275665,0.9999711513519287,0.30018290877342224,0.21055205166339874,-0.025620248168706894,0.9999637603759766,0.41092294454574585,0.3180612027645111,-0.02858147583901882,0.9917930364608765,0.2830018997192383,0.3339243233203888,0.02866273745894432,0.958940327167511,0.4112825393676758,0.42256414890289307,-0.13712850213050842,0.9816426038742065,0.2625211179256439,0.4355502128601074,-0.07935066521167755,0.9494658708572388,0.4118072986602783,0.46162933111190796,-0.17071262001991272,0.95867919921875,0.25539064407348633,0.47087886929512024,-0.11033924669027328,0.9109723567962646,0.405622661113739,0.45712995529174805,-0.20386025309562683,0.9613833427429199,0.2585305869579315,0.4686731994152069,-0.14964279532432556,0.9186908602714539,0.40369415283203125,0.4452650845050812,-0.15234489738941193,0.9498448967933655,0.26177987456321716,0.45654234290122986,-0.09839141368865967,0.905349850654602,0.3777742087841034,0.44465363025665283,-0.009741473942995071,0.9995875954627991,0.32433903217315674,0.45235422253608704,0.009747475385665894,0.9998313188552856,0.3750797510147095,0.6368116736412048,-0.023925960063934326,0.9844399690628052,0.3351772129535675,0.6442897319793701,-0.0011101742275059223,0.9884250164031982,0.38438183069229126,0.8134976625442505,0.13074181973934174,0.9536004662513733,0.3524761199951172,0.8256510496139526,0.14751729369163513,0.985566258430481,0.38223204016685486,0.8335927128791809,0.13725891709327698,0.7329973578453064,0.35926446318626404,0.847701370716095,0.15323463082313538,0.8596277832984924,0.391472727060318,0.8780733942985535,0.0016822221223264933,0.9543437361717224,0.3375675082206726,0.8942453861236572,0.02102741412818432,0.9801135063171387
142,walk,0.336443156003952,0.10321315377950668,-0.24273619055747986,0.9999937415122986,0.3419826030731201,0.08845449239015579,-0.22671103477478027,0.9999760985374451,0.3459186553955078,0.088495634496212,-0.22676225006580353,0.9999755024909973,0.3497714400291443,0.0884786918759346,-0.22677147388458252,0.9999741911888123,0.3302498161792755,0.09041896462440491,-0.22433333098888397,0.9999760389328003,0.32671040296554565,0.09158166497945786,-0.22431740164756775,0.9999707937240601,0.32428544759750366,0.09241458773612976,-0.2242993861436844,0.9999702572822571,0.35545679926872253,0.09762568026781082,-0.11929144710302353,0.9999642968177795,0.32096752524375916,0.10381939262151718,-0.10842989385128021,0.999921977519989,0.3457927107810974,0.12369218468666077,-0.20168742537498474,0.9999905228614807,0.3299604058265686,0.12555821239948273,-0.1985781341791153,0.9999880194664001,0.38945379853248596,0.19912946224212646,-0.05943308398127556,0.9999727606773376,0.2995526194572449,0.21034932136535645,-0.015950236469507217,0.9999616146087646,0.4103105068206787,0.3185359835624695,-0.028325658291578293,0.9916349053382874,0.28178083896636963,0.3319048285484314,0.03547566384077072,0.9583035111427307,0.4089064598083496,0.4222603142261505,-0.1373191475868225,0.9817184805870056,0.26085248589515686,0.4283803403377533,-0.0757858008146286,0.9492300748825073,0.4088795781135559,0.4622916877269745,-0.1708395779132843,0.9591932892799377,0.2540368437767029,0.46489253640174866,-0.10728992521762848,0.9111994504928589,0.4026329517364502,0.457876592874527,-0.20379094779491425,0.9618264436721802,0.2569062411785126,0.4623095989227295,-0.14637115597724915,0.9189393520355225,0.4008871614933014,0.4458445608615875,-0.1522144377231598,0.9503486156463623,0.2599991261959076,0.449646919965744,-0.09490595757961273,0.9062593579292297,0.3768957257270813,0.44521841406822205,-0.011304709129035473,0.9996036887168884,0.3236948847770691,0.4529806673526764,0.011326540261507034,0.9998201131820679,0.3738533854484558,0.6369627714157104,-0.022895971313118935,0.985268235206604,0.33450376987457275,0.6441121101379395,0.0008959194528870285,0.9884588718414307,0.38231927156448364,0.8159824013710022,0.12382276356220245,0.9575827121734619,0.35267651081085205,0.8255746364593506,0.14445185661315918,0.9861883521080017,0.38043099641799927,0.8349882960319519,0.1295206993818283,0.7495535016059875,0.35928279161453247,0.8464052081108093,0.14957591891288757,0.8640457391738892,0.3898213505744934,0.8824842572212219,-0.0051222010515630245,0.957897961139679,0.33753809332847595,0.8944399356842041,0.019047055393457413,0.9809061884880066
143,walk,0.3367103934288025,0.10206826776266098,-0.24747073650360107,0.9999936819076538,0.3421584963798523,0.08733554184436798,-0.23138001561164856,0.9999762773513794,0.3460659086704254,0.08734095096588135,-0.23143109679222107,0.9999758005142212,0.3499482274055481,0.08725572377443314,-0.2314390242099762,0.9999746680259705,0.3304237723350525,0.0893021896481514,-0.22917480766773224,0.9999756217002869,0.3267371356487274,0.09056016057729721,-0.2291644811630249,0.9999702572822571,0.3242450952529907,0.0914408266544342,-0.22915387153625488,0.9999696612358093,0.3553672432899475,0.09645205736160278,-0.12289999425411224,0.9999650120735168,0.32102087140083313,0.1028190329670906,-0.11274127662181854,0.9999221563339233,0.34605950117111206,0.12246088683605194,-0.20600482821464539,0.999990701675415,0.33015626668930054,0.12446875125169754,-0.20309320092201233,0.9999880194664001,0.38944584131240845,0.19877582788467407,-0.06216065213084221,0.9999741315841675,0.29934972524642944,0.20991972088813782,-0.018866807222366333,0.9999595284461975,0.4092857241630554,0.3186667859554291,-0.03152690455317497,0.9914096593856812,0.2813841700553894,0.330601304769516,0.034245602786540985,0.958293616771698,0.4067712724208832,0.4221958518028259,-0.14153778553009033,0.9816344976425171,0.25931644439697266,0.42776793241500854,-0.07659804075956345,0.9493048191070557,0.40608081221580505,0.46277475357055664,-0.17307987809181213,0.9593744874000549,0.25177448987960815,0.463651567697525,-0.10827324539422989,0.9116915464401245,0.3999320864677429,0.4585030972957611,-0.20600804686546326,0.961959958076477,0.2545809745788574,0.46074458956718445,-0.14799907803535461,0.9194548726081848,0.39846527576446533,0.44651031494140625,-0.15633133053779602,0.950448751449585,0.25806424021720886,0.44822123646736145,-0.09597691148519516,0.9074475765228271,0.3761851191520691,0.4461793601512909,-0.01182510145008564,0.9996137619018555,0.32306569814682007,0.4535330832004547,0.011850389651954174,0.9998074173927307,0.3729071021080017,0.6397554874420166,-0.018500907346606255,0.985973060131073,0.3342253863811493,0.6454861164093018,0.0035054993350058794,0.9883931279182434,0.3807317614555359,0.8191136121749878,0.13043205440044403,0.9611020088195801,0.35267841815948486,0.8257216811180115,0.1496363878250122,0.9866008758544922,0.3789944350719452,0.839165985584259,0.13622966408729553,0.76348477602005,0.3591689467430115,0.8466192483901978,0.15498492121696472,0.8666491508483887,0.3879266381263733,0.8826157450675964,-0.0010976484045386314,0.9609788060188293,0.3375447690486908,0.8948991298675537,0.02202511951327324,0.9814291000366211
144,walk,0.33662286400794983,0.10110127180814743,-0.2589122951030731,0.9999935626983643,0.34207287430763245,0.08629000186920166,-0.24349923431873322,0.9999763369560242,0.3460114598274231,0.08626340329647064,-0.24354377388954163,0.9999759793281555,0.34995371103286743,0.08613017201423645,-0.24355176091194153,0.9999750256538391,0.3302566409111023,0.08833134174346924,-0.24106328189373016,0.9999749660491943,0.3264704644680023,0.08962831646203995,-0.24105897545814514,0.9999694228172302,0.32399728894233704,0.09046401083469391,-0.2410556972026825,0.9999686479568481,0.35526514053344727,0.09542756527662277,-0.13633979856967926,0.9999658465385437,0.3208889365196228,0.10188190639019012,-0.12480340898036957,0.9999216198921204,0.34606850147247314,0.1215018555521965,-0.21777978539466858,0.9999909400939941,0.32993972301483154,0.1235412061214447,-0.21455569565296173,0.9999880790710449,0.3894975781440735,0.1984661966562271,-0.07211940735578537,0.9999756813049316,0.29914024472236633,0.2092583328485489,-0.028432637453079224,0.9999581575393677,0.4086751937866211,0.31907349824905396,-0.03752937167882919,0.9914702773094177,0.2812749445438385,0.33028876781463623,0.030094414949417114,0.9579947590827942,0.4047514796257019,0.4229552745819092,-0.1437559425830841,0.9819386005401611,0.2593269944190979,0.42862647771835327,-0.07881265878677368,0.9488368034362793,0.4038962721824646,0.4642311632633209,-0.17476460337638855,0.9602128267288208,0.2517547011375427,0.46468281745910645,-0.10962877422571182,0.9112939834594727,0.3975012004375458,0.4594416618347168,-0.20803704857826233,0.9627158641815186,0.25457796454429626,0.4617346525192261,-0.15007182955741882,0.9191046953201294,0.39613842964172363,0.4470139741897583,-0.15837916731834412,0.9513017535209656,0.25811606645584106,0.4493727684020996,-0.09833045303821564,0.9076494574546814,0.3757762312889099,0.4464533030986786,-0.012113266624510288,0.9996253252029419,0.32221412658691406,0.4536641836166382,0.01213360857218504,0.9997965097427368,0.3724392354488373,0.6405075788497925,-0.017548566684126854,0.9866511225700378,0.33384838700294495,0.6477296948432922,0.0055624390952289104,0.9883198738098145,0.3798726201057434,0.8189257383346558,0.14314965903759003,0.9642693996429443,0.3526321053504944,0.8257253170013428,0.1614561378955841,0.9869468212127686,0.37802523374557495,0.8384510278701782,0.15026338398456573,0.7752923369407654,0.3588988780975342,0.8466272950172424,0.16779182851314545,0.8687637448310852,0.3868420720100403,0.8820814490318298,0.012602436356246471,0.9637506604194641,0.3375409245491028,0.895989716053009,0.03359309583902359,0.9819301962852478
145,walk,0.3364635109901428,0.10023395717144012,-0.2792123258113861,0.9999935626983643,0.34193938970565796,0.08542648702859879,-0.2641029953956604,0.999976634979248,0.3458777964115143,0.08544660359621048,-0.26415103673934937,0.999976396560669,0.34987515211105347,0.08534716814756393,-0.2641585171222687,0.9999756217002869,0.3301040828227997,0.08737003803253174,-0.26110678911209106,0.9999747276306152,0.3262520730495453,0.08864621818065643,-0.26110130548477173,0.9999691247940063,0.3237976133823395,0.08942887932062149,-0.26108962297439575,0.9999681115150452,0.3551040589809418,0.09466259181499481,-0.15573003888130188,0.9999669194221497,0.3207516074180603,0.10074854642152786,-0.14137543737888336,0.9999217391014099,0.34593665599823,0.12065854668617249,-0.23751965165138245,0.999991238117218,0.3296898305416107,0.12259400635957718,-0.23353922367095947,0.9999882578849792,0.3894927501678467,0.19846603274345398,-0.09285221248865128,0.9999771118164062,0.2987516522407532,0.20876850187778473,-0.031872622668743134,0.9999573826789856,0.4081656038761139,0.31912171840667725,-0.05355265736579895,0.9916543960571289,0.2809638977050781,0.3308488726615906,0.02043844200670719,0.9579948782920837,0.4034505784511566,0.42386487126350403,-0.16126927733421326,0.9824151396751404,0.259634405374527,0.4308764934539795,-0.08534058183431625,0.9488332271575928,0.4024962782859802,0.467737078666687,-0.19449380040168762,0.9613062143325806,0.25217515230178833,0.4666404724121094,-0.11524257808923721,0.9116434454917908,0.3958790600299835,0.4620615243911743,-0.22863444685935974,0.9637190103530884,0.25464576482772827,0.4637424945831299,-0.152071014046669,0.9194232821464539,0.3944987952709198,0.4497585594654083,-0.1759709119796753,0.9524857401847839,0.25814443826675415,0.45165154337882996,-0.10351433604955673,0.9083670377731323,0.3754943311214447,0.44685205817222595,-0.01228531263768673,0.9996353387832642,0.32176876068115234,0.45376816391944885,0.012295689433813095,0.9997856616973877,0.3728489875793457,0.6398734450340271,-0.0188958328217268,0.9872310757637024,0.3332837224006653,0.6476432085037231,0.005569896660745144,0.9883434176445007,0.38029855489730835,0.8193222880363464,0.13928437232971191,0.9670858383178711,0.35240882635116577,0.8256695866584778,0.16004809737205505,0.9872321486473083,0.3782731592655182,0.8383031487464905,0.14596588909626007,0.7860015034675598,0.35851261019706726,0.846566915512085,0.1662020981311798,0.8703899383544922,0.3873875141143799,0.8812505006790161,0.00677194818854332,0.9662289619445801,0.33764970302581787,0.8964787125587463,0.031851641833782196,0.9823423027992249
146,walk,0.33639389276504517,0.09982690960168839,-0.2880881726741791,0.9999933838844299,0.3419521152973175,0.08502078801393509,-0.2733972370624542,0.999976396560669,0.3459009528160095,0.085100919008255,-0.27344584465026855,0.9999762773513794,0.34992313385009766,0.08503548800945282,-0.2734549045562744,0.9999756813049316,0.3300355076789856,0.08678937703371048,-0.2701110243797302,0.9999738931655884,0.326132208108902,0.08803902566432953,-0.270108163356781,0.9999681115150452,0.3236755430698395,0.08882651478052139,-0.2701033353805542,0.9999669194221497,0.3551494777202606,0.09443652629852295,-0.16693294048309326,0.9999671578407288,0.32071271538734436,0.10017751157283783,-0.1512606292963028,0.9999204874038696,0.3458881080150604,0.12028538435697556,-0.2470218390226364,0.9999913573265076,0.32958346605300903,0.12207046151161194,-0.24265475571155548,0.9999881982803345,0.3896314203739166,0.19864267110824585,-0.10320885479450226,0.9999780058860779,0.29854124784469604,0.2085169106721878,-0.04180176928639412,0.9999561905860901,0.40791964530944824,0.31927669048309326,-0.0644025132060051,0.9917189478874207,0.2806323766708374,0.3314596712589264,0.01597142592072487,0.9577405452728271,0.40237244963645935,0.4248667359352112,-0.1711982786655426,0.9825143814086914,0.26066386699676514,0.4322628378868103,-0.0875111073255539,0.9482086300849915,0.4012105464935303,0.46978360414505005,-0.20426423847675323,0.9616671800613403,0.25358647108078003,0.4679577350616455,-0.11726759374141693,0.9109935760498047,0.39439722895622253,0.46397632360458374,-0.23814339935779572,0.964012861251831,0.2559890151023865,0.46519431471824646,-0.15326842665672302,0.9187741279602051,0.3929790258407593,0.4516836404800415,-0.18573468923568726,0.9527956247329712,0.2593710720539093,0.45319539308547974,-0.10452976077795029,0.9080564975738525,0.37505337595939636,0.4475822448730469,-0.012167178094387054,0.9996382594108582,0.3211398124694824,0.45397689938545227,0.012173401191830635,0.9997715950012207,0.3733106851577759,0.6393998265266418,-0.018254335969686508,0.9877905249595642,0.3331126272678375,0.6476678848266602,0.005431712605059147,0.9884896874427795,0.3807176947593689,0.8180714249610901,0.13921073079109192,0.9696350693702698,0.3520311713218689,0.8256372213363647,0.15775901079177856,0.9875289797782898,0.37842580676078796,0.8364681005477905,0.14577749371528625,0.7958433628082275,0.3580167293548584,0.8463084697723389,0.16367395222187042,0.8718504905700684,0.3882598876953125,0.880769670009613,0.007102195173501968,0.9684482216835022,0.33766764402389526,0.8966154456138611,0.029183104634284973,0.9827145338058472
147,walk,0.3364413380622864,0.09901975840330124,-0.30005866289138794,0.9999932050704956,0.3420402407646179,0.08430413901805878,-0.28559809923171997,0.9999760389328003,0.34599030017852783,0.08446869999170303,-0.28563937544822693,0.9999760389328003,0.3500024378299713,0.08444337546825409,-0.2856443524360657,0.9999755620956421,0.33008140325546265,0.08600190281867981,-0.282326877117157,0.9999731183052063,0.32611802220344543,0.08725001662969589,-0.2823297679424286,0.9999672174453735,0.32360097765922546,0.08800861239433289,-0.2823343276977539,0.9999659061431885,0.3552500903606415,0.09398582577705383,-0.1802581399679184,0.9999669790267944,0.32068341970443726,0.09937775135040283,-0.16489173471927643,0.9999194145202637,0.3459332287311554,0.11958973854780197,-0.2593500018119812,0.9999914169311523,0.3295491337776184,0.1213320717215538,-0.25505831837654114,0.9999881386756897,0.3897590935230255,0.19868870079517365,-0.11535434424877167,0.9999787211418152,0.2983623743057251,0.20781540870666504,-0.06000588461756706,0.9999557137489319,0.40755385160446167,0.3198964297771454,-0.07524707913398743,0.99174964427948,0.28085383772850037,0.3319126069545746,0.007479388266801834,0.9578995704650879,0.4014863073825836,0.4269391894340515,-0.18094128370285034,0.9824702143669128,0.26202628016471863,0.43279656767845154,-0.09631131589412689,0.9482216835021973,0.40039095282554626,0.4719133675098419,-0.21347419917583466,0.961780846118927,0.25519895553588867,0.4684932827949524,-0.12514783442020416,0.9112672805786133,0.39344921708106995,0.4662012457847595,-0.24710246920585632,0.9640712738037109,0.25786250829696655,0.4659179747104645,-0.16378900408744812,0.9189513921737671,0.3919585347175598,0.4539261758327484,-0.19526876509189606,0.9528218507766724,0.2612300515174866,0.4540419578552246,-0.11440970003604889,0.9084674119949341,0.37489694356918335,0.4479542076587677,-0.012099889107048512,0.9996412992477417,0.3206685185432434,0.45412203669548035,0.012099344283342361,0.9997597336769104,0.3733643889427185,0.6391212940216064,-0.018596772104501724,0.9883126020431519,0.33304280042648315,0.6475711464881897,0.006696827709674835,0.9886378049850464,0.38055744767189026,0.8171334862709045,0.142145574092865,0.9719458222389221,0.3518471419811249,0.8242492079734802,0.16237948834896088,0.9877994060516357,0.3782486021518707,0.8352018594741821,0.1491575688123703,0.8044153451919556,0.357896625995636,0.8439173102378845,0.1688353717327118,0.8730711936950684,0.3885152041912079,0.8800455927848816,0.011305086314678192,0.970473051071167,0.3376631736755371,0.8964847326278687,0.03587516397237778,0.9830931425094604
148,walk,0.3365302085876465,0.09831712394952774,-0.3057975471019745,0.999993085861206,0.3420970141887665,0.08380496501922607,-0.2908579111099243,0.9999758005142212,0.3460274338722229,0.08400493860244751,-0.2908933758735657,0.999975860118866,0.35004565119743347,0.08399929106235504,-0.29089710116386414,0.9999753832817078,0.33019164204597473,0.08543378114700317,-0.2885668873786926,0.9999727010726929,0.3262254595756531,0.08670834451913834,-0.2885776162147522,0.9999669194221497,0.3236381411552429,0.0874992087483406,-0.2885885238647461,0.9999656081199646,0.35534387826919556,0.09375925362110138,-0.18385908007621765,0.9999663233757019,0.3206835687160492,0.09897702187299728,-0.17305581271648407,0.999919593334198,0.34597381949424744,0.11909246444702148,-0.26445281505584717,0.9999913573265076,0.3296510577201843,0.12075012922286987,-0.26146477460861206,0.9999880790710449,0.38986217975616455,0.19862918555736542,-0.11504895985126495,0.9999789595603943,0.298209011554718,0.2075183242559433,-0.07527593523263931,0.9999554753303528,0.40714043378829956,0.32068145275115967,-0.07340342551469803,0.9915401339530945,0.28104108572006226,0.3329392075538635,-0.015584299340844154,0.9586998224258423,0.4010801911354065,0.4307599663734436,-0.17737635970115662,0.9820621609687805,0.26233142614364624,0.44096794724464417,-0.11710749566555023,0.9487152695655823,0.40021735429763794,0.47405773401260376,-0.20913569629192352,0.9612407684326172,0.25588348507881165,0.4801008999347687,-0.14659447968006134,0.9120673537254333,0.3931645452976227,0.4686441719532013,-0.24271643161773682,0.9635202884674072,0.25792619585990906,0.4788290560245514,-0.1842452585697174,0.9195776581764221,0.39159685373306274,0.4568629264831543,-0.19177435338497162,0.9521550536155701,0.26207849383354187,0.4681470990180969,-0.1345941126346588,0.9092628955841064,0.3748701810836792,0.44803839921951294,-0.011820094659924507,0.9996411204338074,0.32062405347824097,0.4541521668434143,0.011791937984526157,0.9997485280036926,0.37348413467407227,0.6400371789932251,-0.017322001978754997,0.9886441826820374,0.3331349492073059,0.6472836136817932,0.006772237829864025,0.9885333180427551,0.38076087832450867,0.8176654577255249,0.14092686772346497,0.9739053845405579,0.3515879511833191,0.8236739039421082,0.15937691926956177,0.9878396987915039,0.3783121407032013,0.8356419801712036,0.14752814173698425,0.8105883002281189,0.357729971408844,0.8431668877601624,0.16575661301612854,0.872109055519104,0.3888329863548279,0.8802273273468018,0.0106305330991745,0.9721100926399231,0.3376599848270416,0.8963862061500549,0.03342719003558159,0.9831680655479431
149,walk,0.3365938067436218,0.09759680181741714,-0.30681949853897095,0.9999929070472717,0.34213730692863464,0.08320068567991257,-0.2911938726902008,0.999975323677063,0.34605637192726135,0.08342280983924866,-0.2912263572216034,0.9999754428863525,0.35008519887924194,0.08341753482818604,-0.29123106598854065,0.9999749660491943,0.3302744925022125,0.08488976210355759,-0.2896803915500641,0.9999722242355347,0.32631704211235046,0.08619846403598785,-0.28969648480415344,0.9999666213989258,0.32367950677871704,0.08700510859489441,-0.2897118628025055,0.9999653697013855,0.3554040789604187,0.09329283237457275,-0.1830233484506607,0.9999650120735168,0.3207041025161743,0.09858761727809906,-0.1759597361087799,0.9999196529388428,0.3460266590118408,0.11853399127721786,-0.26525232195854187,0.9999911785125732,0.3297434449195862,0.12017480283975601,-0.26336103677749634,0.9999879002571106,0.38993221521377563,0.19865335524082184,-0.11311346292495728,0.9999783635139465,0.2980879247188568,0.20757806301116943,-0.0835641548037529,0.9999538660049438,0.4066060185432434,0.32186153531074524,-0.07058917731046677,0.9911397695541382,0.2809235453605652,0.3345711827278137,-0.0324123278260231,0.9590858817100525,0.4003552496433258,0.4343121349811554,-0.17379379272460938,0.9811429381370544,0.2643444240093231,0.44903281331062317,-0.1311035454273224,0.9476174712181091,0.3996657729148865,0.476052463054657,-0.20609788596630096,0.9597201943397522,0.2581879496574402,0.48830902576446533,-0.16084519028663635,0.910250723361969,0.39273005723953247,0.47098368406295776,-0.23999294638633728,0.962042510509491,0.26156771183013916,0.48726600408554077,-0.19673338532447815,0.9176962971687317,0.39112457633018494,0.459844708442688,-0.18831557035446167,0.9503824710845947,0.2656599283218384,0.47636792063713074,-0.14778323471546173,0.9073624610900879,0.3748575448989868,0.4480495750904083,-0.010427176021039486,0.9996325373649597,0.32064634561538696,0.4541672170162201,0.010361263528466225,0.9997312426567078,0.3736801743507385,0.6404100060462952,-0.016534436494112015,0.988889753818512,0.33320918679237366,0.6471551060676575,0.0049910475499928,0.9882986545562744,0.38087141513824463,0.8181425929069519,0.14080406725406647,0.9755781292915344,0.3513316512107849,0.8235559463500977,0.15450891852378845,0.9877157807350159,0.3784148395061493,0.8358397483825684,0.14718715846538544,0.8152075409889221,0.3574672341346741,0.8428583145141602,0.1606387197971344,0.8693641424179077,0.3889651894569397,0.8798186182975769,0.010993187315762043,0.9733994603157043,0.33765876293182373,0.8963221907615662,0.02789883315563202,0.9829556941986084
150,walk,0.3366459608078003,0.09675317257642746,-0.3188028633594513,0.9999930262565613,0.34220004081726074,0.08236253261566162,-0.30264919996261597,0.9999757409095764,0.3461742401123047,0.08257421106100082,-0.3026728630065918,0.9999758005142212,0.3501206040382385,0.08259494602680206,-0.30267465114593506,0.999975323677063,0.3303033709526062,0.08423197269439697,-0.30183202028274536,0.9999728202819824,0.3263879716396332,0.08561335504055023,-0.30185356736183167,0.9999675154685974,0.32373109459877014,0.08646807074546814,-0.3018735349178314,0.9999663829803467,0.3554551601409912,0.09270688891410828,-0.19226263463497162,0.9999645352363586,0.32073527574539185,0.09814483672380447,-0.18889418244361877,0.9999222755432129,0.3460657000541687,0.11773104965686798,-0.2765626013278961,0.999991238117218,0.32981401681900024,0.11959761381149292,-0.27573248744010925,0.9999881386756897,0.3899872303009033,0.19864457845687866,-0.11840702593326569,0.9999778270721436,0.29799869656562805,0.20762157440185547,-0.09899663180112839,0.9999536275863647,0.4062780439853668,0.322625070810318,-0.07242091000080109,0.9907974004745483,0.281194269657135,0.33605891466140747,-0.052406392991542816,0.9601751565933228,0.3999306857585907,0.43767866492271423,-0.17176158726215363,0.9805411100387573,0.26848000288009644,0.4565719664096832,-0.14863872528076172,0.9471955299377441,0.39919906854629517,0.4780562222003937,-0.20366939902305603,0.958652913570404,0.2641627788543701,0.4953571856021881,-0.17841577529907227,0.9091365933418274,0.3923761248588562,0.4731057584285736,-0.2374984323978424,0.9610099196434021,0.2701945900917053,0.494626522064209,-0.21252374351024628,0.9164154529571533,0.3907708525657654,0.46253064274787903,-0.18618465960025787,0.949090301990509,0.2731844186782837,0.4829722046852112,-0.1642218381166458,0.9059394001960754,0.3748059868812561,0.44804173707962036,-0.008004273287951946,0.999630331993103,0.3206917941570282,0.45416930317878723,0.007898841984570026,0.9997228980064392,0.37376171350479126,0.6405215859413147,-0.012025902979075909,0.9890649318695068,0.33316895365715027,0.6470380425453186,0.0037684880662709475,0.9881342649459839,0.38078248500823975,0.8180413246154785,0.14497052133083344,0.9770808815956116,0.3509502410888672,0.8231621384620667,0.15394699573516846,0.9876871705055237,0.3782067894935608,0.8357425928115845,0.15193797647953033,0.8204431533813477,0.356984406709671,0.8421767950057983,0.16039834916591644,0.8667311668395996,0.38902896642684937,0.8795756697654724,0.017642203718423843,0.9746277928352356,0.3376637101173401,0.8962706923484802,0.027853667736053467,0.9828802943229675
151,walk,0.3366900682449341,0.09539667516946793,-0.32538166642189026,0.999993085861206,0.3422122597694397,0.08123373240232468,-0.3089378774166107,0.9999760389328003,0.3462279438972473,0.08151581883430481,-0.3089601397514343,0.9999759793281555,0.3501378893852234,0.08169254660606384,-0.3089640736579895,0.9999755024909973,0.3303373456001282,0.0829402357339859,-0.30803847312927246,0.9999733567237854,0.32644790410995483,0.08427648991346359,-0.3080637454986572,0.999968409538269,0.3237577974796295,0.08514682203531265,-0.3080849349498749,0.9999674558639526,0.35549646615982056,0.09210315346717834,-0.1979350596666336,0.9999637603759766,0.3207458555698395,0.09716792404651642,-0.19407103955745697,0.9999250173568726,0.3461031913757324,0.11658550798892975,-0.2829848527908325,0.9999912977218628,0.3298652768135071,0.11840368062257767,-0.28202518820762634,0.9999884366989136,0.3900355100631714,0.198628768324852,-0.12169553339481354,0.9999768733978271,0.2978438138961792,0.20768724381923676,-0.10461988300085068,0.9999536871910095,0.40622973442077637,0.32340195775032043,-0.07296101748943329,0.9904041886329651,0.2813335359096527,0.3401399254798889,-0.057820629328489304,0.9612962603569031,0.3998652398586273,0.43967390060424805,-0.17073377966880798,0.9794464111328125,0.2748005986213684,0.46378567814826965,-0.15414133667945862,0.9472452402114868,0.39919227361679077,0.4794500172138214,-0.2033272236585617,0.9566846489906311,0.27186089754104614,0.5011774897575378,-0.18434777855873108,0.9087991118431091,0.39231938123703003,0.47452035546302795,-0.23687219619750977,0.9591007828712463,0.27816808223724365,0.5002901554107666,-0.21789853274822235,0.9158285856246948,0.3906341791152954,0.4641799032688141,-0.18528050184249878,0.9468101263046265,0.28088122606277466,0.4886992871761322,-0.16936206817626953,0.9051660895347595,0.3747751712799072,0.44806811213493347,-0.00757453590631485,0.9996300339698792,0.320805162191391,0.4543394446372986,0.00745739322155714,0.9997158050537109,0.37386149168014526,0.641170859336853,-0.012008784338831902,0.9891876578330994,0.3330082893371582,0.6468333601951599,0.004521074704825878,0.9879006147384644,0.380728542804718,0.8181747198104858,0.1469854861497879,0.9783657193183899,0.350795179605484,0.8228275775909424,0.15967042744159698,0.9875669479370117,0.3780878782272339,0.8360387086868286,0.1542804092168808,0.8243561387062073,0.3569364845752716,0.8416315913200378,0.16683697700500488,0.8643547296524048,0.3890501856803894,0.8795023560523987,0.020421156659722328,0.9756199717521667,0.3376437723636627,0.8962332606315613,0.03477635979652405,0.9827187657356262
152,walk,0.33671557903289795,0.09487786889076233,-0.32037419080734253,0.9999932050704956,0.34225937724113464,0.08078689128160477,-0.3037402331829071,0.9999763369560242,0.34626778960227966,0.08109182864427567,-0.3037622570991516,0.9999761581420898,0.3501747250556946,0.081358402967453,-0.3037610948085785,0.9999756813049316,0.3303898870944977,0.08247024565935135,-0.30272287130355835,0.9999739527702332,0.3264917731285095,0.0837663784623146,-0.3027436435222626,0.9999693036079407,0.32376477122306824,0.08461622893810272,-0.30276280641555786,0.9999685287475586,0.3555290997028351,0.0919828861951828,-0.1931486427783966,0.9999628067016602,0.32076749205589294,0.09666236490011215,-0.18868973851203918,0.999927818775177,0.3461261987686157,0.11612068116664886,-0.27824732661247253,0.9999914169311523,0.3298177719116211,0.11778252571821213,-0.2771329879760742,0.9999887347221375,0.3900702893733978,0.19865739345550537,-0.11771492660045624,0.9999759197235107,0.2977272570133209,0.20747877657413483,-0.10150853544473648,0.9999539852142334,0.4063526690006256,0.3243330717086792,-0.07043322175741196,0.9900230169296265,0.2815983295440674,0.3411601185798645,-0.05595066025853157,0.962422251701355,0.4002193808555603,0.44011494517326355,-0.16463854908943176,0.9784494042396545,0.28180333971977234,0.4635486900806427,-0.15344008803367615,0.9473450183868408,0.39954814314842224,0.47996842861175537,-0.19571425020694733,0.9549430012702942,0.2805851995944977,0.5016670823097229,-0.18444636464118958,0.9086088538169861,0.39270102977752686,0.4751383364200592,-0.2285110503435135,0.9573728442192078,0.28749045729637146,0.5004832148551941,-0.21660561859607697,0.9152949452400208,0.3910159170627594,0.464863657951355,-0.17885084450244904,0.9447847008705139,0.289747416973114,0.4887245297431946,-0.16800804436206818,0.9043589234352112,0.3747395873069763,0.44803863763809204,-0.006840110756456852,0.9996304512023926,0.320699006319046,0.45434221625328064,0.006722846068441868,0.9997118711471558,0.3739413619041443,0.6411058306694031,-0.01143484003841877,0.9892552495002747,0.33292773365974426,0.6467642784118652,0.003986479714512825,0.9878150820732117,0.3807099759578705,0.8178948163986206,0.1478883922100067,0.9794477224349976,0.3506293296813965,0.8225452899932861,0.1590268909931183,0.9875214695930481,0.3780152201652527,0.8359344601631165,0.15546222031116486,0.8275303244590759,0.35685521364212036,0.8412027955055237,0.1661466658115387,0.8626794219017029,0.38913172483444214,0.879298746585846,0.022257192060351372,0.9764398336410522,0.33753159642219543,0.8961715698242188,0.03409487009048462,0.9826483726501465
153,walk,0.33668801188468933,0.09414396435022354,-0.3129863142967224,0.9999930262565613,0.3422979712486267,0.08010074496269226,-0.29465171694755554,0.9999756813049316,0.34631168842315674,0.0804189071059227,-0.29467514157295227,0.9999752640724182,0.3502133786678314,0.08081512153148651,-0.29465579986572266,0.9999747276306152,0.3304292559623718,0.08176357299089432,-0.29430943727493286,0.9999736547470093,0.3264908790588379,0.0830085426568985,-0.29432833194732666,0.9999691247940063,0.32373014092445374,0.08388171344995499,-0.2943589389324188,0.9999686479568481,0.35555440187454224,0.09175220876932144,-0.18316692113876343,0.9999597072601318,0.32076311111450195,0.09613490849733353,-0.18169036507606506,0.9999286532402039,0.34611883759498596,0.115473173558712,-0.2710989713668823,0.9999911189079285,0.3297165632247925,0.1170571967959404,-0.2711470425128937,0.9999887347221375,0.390102356672287,0.19834692776203156,-0.10823331773281097,0.9999749660491943,0.29774385690689087,0.20716747641563416,-0.09370101988315582,0.9999538660049438,0.4064521789550781,0.32286912202835083,-0.0659925639629364,0.9894749522209167,0.28199052810668945,0.3415805697441101,-0.047816380858421326,0.9633503556251526,0.40054240822792053,0.4384760558605194,-0.16609273850917816,0.9774787425994873,0.28623825311660767,0.46519261598587036,-0.1471036821603775,0.9473702907562256,0.39973196387290955,0.47967731952667236,-0.1986629217863083,0.9534314274787903,0.28642821311950684,0.5033267736434937,-0.17857025563716888,0.9082747101783752,0.39287883043289185,0.47480884194374084,-0.23101754486560822,0.9558329582214355,0.29438725113868713,0.5013934969902039,-0.21013548970222473,0.9145956635475159,0.3913385272026062,0.4639514982700348,-0.1804186850786209,0.9430073499679565,0.29649344086647034,0.48950839042663574,-0.16148854792118073,0.90343177318573,0.3747639060020447,0.4480019807815552,-0.006813325919210911,0.9996305704116821,0.32078760862350464,0.45435553789138794,0.006707610096782446,0.9997082948684692,0.3739742636680603,0.6413450837135315,-0.011097192764282227,0.989212691783905,0.33291158080101013,0.6466505527496338,0.0050397636368870735,0.9876659512519836,0.38073500990867615,0.8180168271064758,0.1483990103006363,0.9802497029304504,0.35059982538223267,0.8224371075630188,0.1617085039615631,0.9873728156089783,0.3779534697532654,0.8359907269477844,0.15612748265266418,0.8295252323150635,0.3568290174007416,0.8410075902938843,0.1690632700920105,0.8613452315330505,0.38922616839408875,0.8792704343795776,0.022897223010659218,0.976975679397583,0.3374529480934143,0.8961350321769714,0.03884914889931679,0.9824497103691101
154,walk,0.3367003798484802,0.09370524436235428,-0.3077661395072937,0.9999929070472717,0.34233325719833374,0.07931381464004517,-0.2891727089881897,0.9999751448631287,0.34638890624046326,0.07966627180576324,-0.28919717669487,0.9999745488166809,0.3502296805381775,0.08020497113466263,-0.28916919231414795,0.9999739527702332,0.3304424285888672,0.08081319183111191,-0.2893560528755188,0.9999734163284302,0.3265128433704376,0.0820365846157074,-0.2893739342689514,0.9999690055847168,0.32373812794685364,0.08302804082632065,-0.28940674662590027,0.9999687075614929,0.35556894540786743,0.09142755717039108,-0.1776391565799713,0.9999569654464722,0.3207727074623108,0.09558559954166412,-0.17921224236488342,0.9999293684959412,0.346135675907135,0.11518467962741852,-0.26582270860671997,0.9999908804893494,0.3297332227230072,0.11680898815393448,-0.2669495940208435,0.9999887347221375,0.39012739062309265,0.19809184968471527,-0.10414880514144897,0.9999743700027466,0.29774779081344604,0.20656433701515198,-0.09027817845344543,0.9999532699584961,0.406524121761322,0.3211623728275299,-0.06323429942131042,0.9892310500144958,0.2831485867500305,0.34203198552131653,-0.04755202680826187,0.9643058776855469,0.40078505873680115,0.4376400113105774,-0.1662246286869049,0.9773316383361816,0.2893984615802765,0.46538713574409485,-0.147415429353714,0.9476327300071716,0.3998810350894928,0.47942864894866943,-0.19919581711292267,0.953331708908081,0.2906893789768219,0.503079891204834,-0.1791180968284607,0.9084599018096924,0.3929799199104309,0.4745945334434509,-0.2314363420009613,0.9556636810302734,0.29806676506996155,0.5010024309158325,-0.21017137169837952,0.9144333004951477,0.39141762256622314,0.4637157917022705,-0.18053597211837769,0.9428724646568298,0.30002182722091675,0.4892769157886505,-0.16143785417079926,0.9031125903129578,0.3752487301826477,0.4479219615459442,-0.006856812629848719,0.9996274709701538,0.3213036060333252,0.45435845851898193,0.006758543197065592,0.9997011423110962,0.37422457337379456,0.6413190960884094,-0.010119091719388962,0.9891008734703064,0.33291369676589966,0.6462862491607666,0.005590998101979494,0.9874173998832703,0.3807181119918823,0.8178688883781433,0.14827820658683777,0.9808392524719238,0.35056769847869873,0.8222365379333496,0.1591884195804596,0.9870882034301758,0.3778799772262573,0.8357734680175781,0.15556344389915466,0.8310038447380066,0.35678157210350037,0.8407121300697327,0.16613706946372986,0.8594931960105896,0.3892890214920044,0.8789963722229004,0.02333378791809082,0.977312445640564,0.33740684390068054,0.8961045145988464,0.0363195538520813,0.9820617437362671
155,walk,0.33671629428863525,0.09366434812545776,-0.3030475080013275,0.9999929666519165,0.3423714339733124,0.07914061099290848,-0.2849445939064026,0.9999751448631287,0.3464781939983368,0.07950298488140106,-0.2849677801132202,0.9999744296073914,0.35024064779281616,0.08005701750516891,-0.2849373519420624,0.9999737739562988,0.33045485615730286,0.08066412806510925,-0.2846761643886566,0.9999735951423645,0.3265247046947479,0.08191483467817307,-0.28469380736351013,0.9999693632125854,0.3237435519695282,0.0829121544957161,-0.2847221791744232,0.9999691843986511,0.35562068223953247,0.09131704270839691,-0.17396990954875946,0.9999557137489319,0.32078486680984497,0.09533973038196564,-0.17351198196411133,0.9999306797981262,0.34615349769592285,0.11514037102460861,-0.26120471954345703,0.9999908804893494,0.3297366797924042,0.11680956929922104,-0.2616203725337982,0.9999889135360718,0.3902091383934021,0.19793550670146942,-0.10184875875711441,0.9999744296073914,0.2977650761604309,0.20602157711982727,-0.08971957862377167,0.9999533295631409,0.40653809905052185,0.32072699069976807,-0.06300811469554901,0.98919677734375,0.28464531898498535,0.3424268364906311,-0.04445856064558029,0.9651685357093811,0.4010939598083496,0.4376106262207031,-0.17009560763835907,0.9776167869567871,0.29154956340789795,0.46511542797088623,-0.14618715643882751,0.9484508633613586,0.39996814727783203,0.4793432950973511,-0.20465750992298126,0.9539694786071777,0.2922029197216034,0.5022042393684387,-0.17842069268226624,0.9096444845199585,0.39310187101364136,0.4745338559150696,-0.2366255819797516,0.9562115669250488,0.2996668219566345,0.5002877116203308,-0.209636852145195,0.9152966141700745,0.39152419567108154,0.4635908305644989,-0.1843663901090622,0.943567156791687,0.3019649088382721,0.48866894841194153,-0.16032291948795319,0.9039063453674316,0.3757181763648987,0.4475060701370239,-0.007023883052170277,0.9996291399002075,0.32187435030937195,0.4541958272457123,0.006935923360288143,0.9996985793113708,0.3742569386959076,0.6412185430526733,-0.010174404829740524,0.9889900088310242,0.3329271674156189,0.6448846459388733,0.005581456236541271,0.9871754050254822,0.3806113600730896,0.8176939487457275,0.14732924103736877,0.9813947677612305,0.35053759813308716,0.8219432234764099,0.1580624282360077,0.9868981242179871,0.37779781222343445,0.8354795575141907,0.15439479053020477,0.8327154517173767,0.3567356467247009,0.8402360081672668,0.16488470137119293,0.8585620522499084,0.3892654776573181,0.8790552020072937,0.022851627320051193,0.9776946306228638,0.3373715281486511,0.8960973024368286,0.03570610284805298,0.9818323850631714
156,walk,0.33677101135253906,0.09366805106401443,-0.30170437693595886,0.999993085861206,0.3424399197101593,0.0791187584400177,-0.28393131494522095,0.9999754428863525,0.34662166237831116,0.07947413623332977,-0.28395500779151917,0.9999746084213257,0.3502732813358307,0.08000338822603226,-0.2839272618293762,0.9999739527702332,0.33049476146698,0.08068019896745682,-0.2833406329154968,0.9999740123748779,0.32657548785209656,0.08197628706693649,-0.2833573520183563,0.9999698996543884,0.32375282049179077,0.08298919349908829,-0.2833811640739441,0.9999697804450989,0.3557242751121521,0.09116646647453308,-0.17334839701652527,0.9999554753303528,0.3208047151565552,0.09527810662984848,-0.17121069133281708,0.9999324083328247,0.34620341658592224,0.11508192121982574,-0.2599220275878906,0.9999909996986389,0.32974302768707275,0.11683230847120285,-0.25980305671691895,0.9999891519546509,0.39051389694213867,0.19778548181056976,-0.10149681568145752,0.9999748468399048,0.2977888882160187,0.20562933385372162,-0.08866893500089645,0.9999537467956543,0.4069209098815918,0.3208184242248535,-0.0630149394273758,0.9892712235450745,0.28601163625717163,0.34281396865844727,-0.04374407231807709,0.9659720659255981,0.4013630747795105,0.437539666891098,-0.17244668304920197,0.9780334234237671,0.29197782278060913,0.46485769748687744,-0.1476735770702362,0.9493048787117004,0.4002201557159424,0.47951507568359375,-0.2076038420200348,0.9548179507255554,0.29245802760124207,0.5016769170761108,-0.1804746687412262,0.9109463095664978,0.39330175518989563,0.4746890962123871,-0.23949937522411346,0.9569699764251709,0.2998895049095154,0.4999123811721802,-0.21187086403369904,0.9162952899932861,0.39165645837783813,0.4637511372566223,-0.1866627037525177,0.9445277452468872,0.3022677004337311,0.48827069997787476,-0.16188983619213104,0.904838502407074,0.37596815824508667,0.44739681482315063,-0.00710522523149848,0.9996358156204224,0.32212358713150024,0.454096257686615,0.007024636957794428,0.9996997714042664,0.3743645250797272,0.6411525011062622,-0.01228301040828228,0.9888721704483032,0.3329550623893738,0.6444987654685974,0.005286945961415768,0.9869883060455322,0.3805513083934784,0.8177369832992554,0.14502371847629547,0.9819067120552063,0.3505128026008606,0.821793258190155,0.15765267610549927,0.9867606163024902,0.37770208716392517,0.8354748487472534,0.1520080864429474,0.8349649310112,0.3567063808441162,0.8400546312332153,0.16449835896492004,0.8582602143287659,0.38929757475852966,0.879295289516449,0.021018758416175842,0.9780576825141907,0.3373578190803528,0.8960750102996826,0.03606593608856201,0.9816774129867554
157,walk,0.336779922246933,0.09360722452402115,-0.30179184675216675,0.9999932646751404,0.34245431423187256,0.07910845428705215,-0.2840259373188019,0.9999762177467346,0.3466692864894867,0.07945911586284637,-0.2840481102466583,0.999975323677063,0.3502815067768097,0.07996663451194763,-0.28401806950569153,0.9999746680259705,0.33050742745399475,0.08068536221981049,-0.2833566963672638,0.9999748468399048,0.3265865445137024,0.0820096805691719,-0.2833735942840576,0.9999709129333496,0.323758989572525,0.08302736282348633,-0.2833966910839081,0.9999708533287048,0.35576367378234863,0.09109265357255936,-0.17341116070747375,0.9999562501907349,0.3208101987838745,0.09522061049938202,-0.1709303855895996,0.9999348521232605,0.34621673822402954,0.11501146107912064,-0.2600734829902649,0.999991238117218,0.32975611090660095,0.11677137762308121,-0.25972655415534973,0.9999895095825195,0.39087098836898804,0.19776390492916107,-0.10177812725305557,0.9999752640724182,0.2978077232837677,0.2056555598974228,-0.08748991042375565,0.9999544024467468,0.40757378935813904,0.3214570879936218,-0.0654207170009613,0.9894044995307922,0.2869294285774231,0.34351953864097595,-0.04372262582182884,0.9667826294898987,0.4016769528388977,0.43807241320610046,-0.17609241604804993,0.9784353971481323,0.29151299595832825,0.46505916118621826,-0.1477629393339157,0.9502796530723572,0.40054377913475037,0.48015323281288147,-0.21127524971961975,0.955567479133606,0.2915259897708893,0.5014549493789673,-0.1804017424583435,0.9124531149864197,0.3934813439846039,0.4751362204551697,-0.24294495582580566,0.9576331973075867,0.29869359731674194,0.4997923672199249,-0.21195006370544434,0.9175218939781189,0.3917883634567261,0.464273065328598,-0.19013556838035583,0.9453669786453247,0.30114343762397766,0.48820388317108154,-0.16203953325748444,0.9059921503067017,0.3760533928871155,0.44738948345184326,-0.007228974252939224,0.9996443390846252,0.322233647108078,0.4540165662765503,0.007152724079787731,0.9997034668922424,0.3744000196456909,0.6411123275756836,-0.01686728186905384,0.988739550113678,0.332968533039093,0.6436055302619934,0.005209877155721188,0.9868733882904053,0.38056308031082153,0.8177531957626343,0.1399676501750946,0.9823914170265198,0.35047420859336853,0.8217760920524597,0.15709856152534485,0.986685037612915,0.37768691778182983,0.8354759812355042,0.14693979918956757,0.8378947377204895,0.3566283583641052,0.8400565385818481,0.16385018825531006,0.8582934737205505,0.38942697644233704,0.8797981142997742,0.016517655923962593,0.9784411191940308,0.33735325932502747,0.8961232304573059,0.03533615916967392,0.9815782308578491
158,walk,0.33680593967437744,0.09367155283689499,-0.301801472902298,0.9999935030937195,0.342499703168869,0.07917661964893341,-0.2841470241546631,0.9999769926071167,0.34676265716552734,0.07952041178941727,-0.28416693210601807,0.9999760389328003,0.35031062364578247,0.08000839501619339,-0.28413698077201843,0.9999753832817078,0.3305269181728363,0.08076208829879761,-0.28342586755752563,0.9999756813049316,0.32662612199783325,0.08208555728197098,-0.28344106674194336,0.999971866607666,0.32376497983932495,0.08309891074895859,-0.2834618091583252,0.999971866607666,0.3558509647846222,0.09109340608119965,-0.17383243143558502,0.9999570250511169,0.3208271861076355,0.09526007622480392,-0.17093577980995178,0.9999373555183411,0.34624263644218445,0.11505965888500214,-0.26010340452194214,0.9999914765357971,0.32976773381233215,0.11681817471981049,-0.25967273116111755,0.9999898672103882,0.3911607563495636,0.19775444269180298,-0.1020841971039772,0.9999759197235107,0.2978426218032837,0.20568767189979553,-0.0872708112001419,0.9999557137489319,0.4079206585884094,0.32165756821632385,-0.06529785692691803,0.9894750118255615,0.287193238735199,0.3435423672199249,-0.044338811188936234,0.9677522778511047,0.40216970443725586,0.4382144808769226,-0.17506632208824158,0.9788386225700378,0.29032188653945923,0.46534767746925354,-0.14653994143009186,0.9515101909637451,0.4009961485862732,0.48043814301490784,-0.20945517718791962,0.9563100337982178,0.2900329530239105,0.5020574927330017,-0.17885704338550568,0.9143502116203308,0.3939684331417084,0.47539597749710083,-0.24136094748973846,0.9583033919334412,0.2972036302089691,0.5002245306968689,-0.21068818867206573,0.9191439747810364,0.39228904247283936,0.46447375416755676,-0.18913714587688446,0.9461960196495056,0.2995636463165283,0.48848482966423035,-0.16096046566963196,0.9076103568077087,0.37606626749038696,0.4473626911640167,-0.006792348809540272,0.9996537566184998,0.3222205638885498,0.45397138595581055,0.006720202509313822,0.9997089505195618,0.37454068660736084,0.641083300113678,-0.016314974054694176,0.9887643456459045,0.33339327573776245,0.6433060169219971,0.0040364935994148254,0.9869944453239441,0.38057801127433777,0.8179156184196472,0.139217346906662,0.9829508662223816,0.35047248005867004,0.82179856300354,0.15569980442523956,0.9867357015609741,0.37767598032951355,0.8356642127037048,0.1459742933511734,0.8413552045822144,0.3565672039985657,0.8401214480400085,0.16250267624855042,0.8582006096839905,0.3901119828224182,0.8807001113891602,0.015350358560681343,0.9788800477981567,0.33734896779060364,0.8962274193763733,0.03522780165076256,0.9815863370895386
159,walk,0.33685097098350525,0.0936991274356842,-0.3068932890892029,0.9999936819076538,0.3425387144088745,0.07922982424497604,-0.29039642214775085,0.9999776482582092,0.34682732820510864,0.07956729829311371,-0.29040977358818054,0.999976634979248,0.35033294558525085,0.0800376608967781,-0.2903921604156494,0.9999760389328003,0.3305725157260895,0.08082237839698792,-0.28921470046043396,0.999976396560669,0.3267168700695038,0.08214692026376724,-0.28922805190086365,0.9999727606773376,0.32378143072128296,0.0831572562456131,-0.28924185037612915,0.9999728202819824,0.3559485673904419,0.09109288454055786,-0.18115824460983276,0.9999577403068542,0.32090237736701965,0.09526533633470535,-0.17617827653884888,0.9999396800994873,0.3462916314601898,0.11504519730806351,-0.2652604579925537,0.9999916553497314,0.3298245072364807,0.11680098623037338,-0.26405712962150574,0.9999901652336121,0.39152899384498596,0.19772855937480927,-0.1057540625333786,0.9999762177467346,0.2980009913444519,0.2057105004787445,-0.09190111607313156,0.9999569058418274,0.40814194083213806,0.3216983675956726,-0.06574974954128265,0.9895032644271851,0.2873692810535431,0.34362509846687317,-0.04875703528523445,0.9688265323638916,0.4026157259941101,0.4382886290550232,-0.17486301064491272,0.9791463613510132,0.2895224690437317,0.46542540192604065,-0.14810916781425476,0.9529180526733398,0.40137964487075806,0.48069533705711365,-0.20903143286705017,0.9568654298782349,0.2889173924922943,0.5021254420280457,-0.18008095026016235,0.9164843559265137,0.3944280743598938,0.4757057726383209,-0.2412993162870407,0.9587981700897217,0.2959827184677124,0.500209391117096,-0.2119266539812088,0.921019434928894,0.39282140135765076,0.46473270654678345,-0.18890230357646942,0.9467961192131042,0.2983497977256775,0.4884328544139862,-0.16248944401741028,0.9095141887664795,0.3760764002799988,0.44703319668769836,-0.006478446535766125,0.9996598362922668,0.32221484184265137,0.45363399386405945,0.006402176804840565,0.9997128844261169,0.3746665418148041,0.6409229040145874,-0.0160633847117424,0.9888234734535217,0.3336595892906189,0.6427529454231262,0.0030851387418806553,0.9871382117271423,0.38059160113334656,0.8179696202278137,0.13835269212722778,0.98346346616745,0.35046571493148804,0.8218315839767456,0.15316680073738098,0.9867944121360779,0.3776298761367798,0.8357622623443604,0.14504876732826233,0.844171404838562,0.35650986433029175,0.8402038812637329,0.1598307192325592,0.8578510284423828,0.39059317111968994,0.8810870051383972,0.014030763879418373,0.9792773127555847,0.33733248710632324,0.8963777422904968,0.032304368913173676,0.9816043972969055
160,walk,0.33686795830726624,0.09370136260986328,-0.3066607117652893,0.9999938011169434,0.3425619900226593,0.07927171140909195,-0.29037946462631226,0.9999780058860779,0.3468438684940338,0.07960296422243118,-0.2903933823108673,0.9999769330024719,0.3503490090370178,0.0800555944442749,-0.29037946462631226,0.999976396560669,0.3305945098400116,0.08086855709552765,-0.2890508472919464,0.9999768137931824,0.32672637701034546,0.0821925476193428,-0.2890632748603821,0.9999732375144958,0.32378631830215454,0.08320386707782745,-0.2890753746032715,0.9999733567237854,0.35602229833602905,0.09110220521688461,-0.1813751608133316,0.9999580383300781,0.3209448456764221,0.09529552608728409,-0.17569498717784882,0.9999410510063171,0.346305787563324,0.11501582711935043,-0.26505047082901,0.999991774559021,0.3298364281654358,0.11675116419792175,-0.2636314332485199,0.9999903440475464,0.3918312191963196,0.19771330058574677,-0.1059320941567421,0.9999765157699585,0.29831141233444214,0.20576080679893494,-0.09082658588886261,0.999957799911499,0.40826839208602905,0.321735143661499,-0.06569165736436844,0.9894585609436035,0.2874814569950104,0.3436166048049927,-0.047173965722322464,0.9695541858673096,0.4029925763607025,0.4382687509059906,-0.17400982975959778,0.9793102741241455,0.2889552116394043,0.4652285575866699,-0.14740313589572906,0.9538539052009583,0.40167301893234253,0.4808386564254761,-0.20761385560035706,0.9571838974952698,0.28816619515419006,0.5018798112869263,-0.17916738986968994,0.9179094433784485,0.3948586881160736,0.4759671092033386,-0.2404252588748932,0.9590784311294556,0.29511234164237976,0.500016987323761,-0.21136200428009033,0.9222527146339417,0.3933742046356201,0.46490365266799927,-0.18825891613960266,0.9471250772476196,0.29751402139663696,0.48829036951065063,-0.16195344924926758,0.910751223564148,0.37608444690704346,0.44663989543914795,-0.006341789849102497,0.9996649622917175,0.3221670389175415,0.45320552587509155,0.006264142692089081,0.9997159838676453,0.37481623888015747,0.6408100724220276,-0.015223497524857521,0.9888255000114441,0.3341396450996399,0.6426597833633423,0.0026985532604157925,0.9872220158576965,0.3806218206882477,0.8182623386383057,0.1387956440448761,0.9838948249816895,0.3504646420478821,0.8220100402832031,0.1523381769657135,0.9867828488349915,0.37763845920562744,0.8362071514129639,0.1454084813594818,0.8456856608390808,0.3565078377723694,0.8405187726020813,0.158945694565773,0.8566816449165344,0.39123091101646423,0.8814527988433838,0.013278482481837273,0.9795896410942078,0.3373282551765442,0.8964735269546509,0.030507471412420273,0.9815577268600464
161,walk,0.33690181374549866,0.09365708380937576,-0.31989505887031555,0.9999939799308777,0.3425729274749756,0.07929953932762146,-0.3039304316043854,0.9999785423278809,0.3468542993068695,0.07962189614772797,-0.3039422631263733,0.9999774694442749,0.35035794973373413,0.08005106449127197,-0.3039340376853943,0.9999769330024719,0.3306146562099457,0.08090957254171371,-0.30246683955192566,0.9999774694442749,0.3267750144004822,0.08223604410886765,-0.3024854362010956,0.9999740123748779,0.32379984855651855,0.08324524760246277,-0.3024994134902954,0.9999741911888123,0.3561059832572937,0.09110882133245468,-0.19438421726226807,0.9999586939811707,0.320992648601532,0.09531368315219879,-0.18800316751003265,0.9999430179595947,0.34638458490371704,0.11495471745729446,-0.27797549962997437,0.9999919533729553,0.3299134373664856,0.11668471246957779,-0.27625712752342224,0.9999905824661255,0.39226865768432617,0.1976984590291977,-0.11612781137228012,0.999976634979248,0.2985215485095978,0.20632919669151306,-0.10097791254520416,0.9999585747718811,0.40853986144065857,0.32181182503700256,-0.07206564396619797,0.9894818663597107,0.2875362038612366,0.3447500765323639,-0.055304188281297684,0.9705259203910828,0.40326857566833496,0.43847185373306274,-0.17646749317646027,0.979465126991272,0.28877273201942444,0.4659283459186554,-0.1526876538991928,0.9550230503082275,0.40185776352882385,0.48133888840675354,-0.20917347073554993,0.9574108719825745,0.287729412317276,0.5025092959403992,-0.1842169314622879,0.9196022748947144,0.3950376510620117,0.476511687040329,-0.2422197312116623,0.9592735171318054,0.2946280837059021,0.5003461837768555,-0.21633505821228027,0.9237563610076904,0.39358681440353394,0.46537238359451294,-0.1907825767993927,0.94736647605896,0.2971492409706116,0.4886119067668915,-0.16713862121105194,0.9122801423072815,0.3761081397533417,0.44663137197494507,-0.0061526852659881115,0.9996681213378906,0.3221399188041687,0.45321205258369446,0.006068764254450798,0.9997180700302124,0.37492161989212036,0.6407870650291443,-0.015085277147591114,0.9888954162597656,0.33451494574546814,0.64264976978302,0.0025304455775767565,0.9873645901679993,0.38067883253097534,0.8183408379554749,0.13956943154335022,0.9843579530715942,0.3504631519317627,0.8221903443336487,0.15234267711639404,0.9868522882461548,0.37764763832092285,0.8364378213882446,0.14629563689231873,0.8480575084686279,0.35650691390037537,0.8409701585769653,0.15896233916282654,0.856184720993042,0.3918071985244751,0.8816630840301514,0.014148948714137077,0.9799660444259644,0.3373226225376129,0.8965103030204773,0.030345264822244644,0.981602668762207
162,walk,0.33691197633743286,0.09363149106502533,-0.31635183095932007,0.999994158744812,0.3425906300544739,0.07932505756616592,-0.3002936840057373,0.9999791979789734,0.3468683958053589,0.0796419233083725,-0.3003094792366028,0.9999781250953674,0.3503675162792206,0.08005636185407639,-0.3003009259700775,0.9999776482582092,0.33063486218452454,0.0809384137392044,-0.29885798692703247,0.9999781847000122,0.3268406093120575,0.0822644978761673,-0.2988744378089905,0.9999748468399048,0.32382887601852417,0.08326973021030426,-0.298888623714447,0.9999750852584839,0.3562197983264923,0.09111634641885757,-0.19096243381500244,0.9999598264694214,0.3211106061935425,0.09532853960990906,-0.18520452082157135,0.9999449849128723,0.34644097089767456,0.1148892268538475,-0.27456051111221313,0.9999921917915344,0.3299819827079773,0.11662418395280838,-0.27289465069770813,0.9999908804893494,0.3926108777523041,0.197682186961174,-0.11443151533603668,0.9999769330024719,0.29889124631881714,0.2066190540790558,-0.09996956586837769,0.9999594688415527,0.40871500968933105,0.321853905916214,-0.07134638726711273,0.9895397424697876,0.2875245213508606,0.344721257686615,-0.052505671977996826,0.971152126789093,0.4035341143608093,0.4384825527667999,-0.17613495886325836,0.9796237945556641,0.2879844307899475,0.4645000398159027,-0.15007609128952026,0.955974280834198,0.4019847512245178,0.4815630316734314,-0.20897774398326874,0.9576496481895447,0.2862241268157959,0.5013903975486755,-0.18207192420959473,0.921048641204834,0.39519673585891724,0.4768780469894409,-0.24206046760082245,0.9594837427139282,0.2932923436164856,0.4996379017829895,-0.2145833522081375,0.9250633716583252,0.3938119113445282,0.4657174050807953,-0.190523162484169,0.9476040005683899,0.2958464026451111,0.4882008135318756,-0.1648624837398529,0.9136266708374023,0.3761247992515564,0.44630229473114014,-0.006172633729875088,0.9996734857559204,0.32212066650390625,0.4525676667690277,0.006089708302170038,0.9997220039367676,0.3749411702156067,0.6407060623168945,-0.0158853642642498,0.9889880418777466,0.3346431851387024,0.6425566673278809,0.0017707556253299117,0.9875382781028748,0.3806888461112976,0.8184908628463745,0.13652220368385315,0.9848465919494629,0.350442498922348,0.822395384311676,0.1504654437303543,0.9869772791862488,0.37765541672706604,0.836952805519104,0.14296430349349976,0.8503061532974243,0.356487900018692,0.841643750667572,0.15685144066810608,0.8562455773353577,0.3919358253479004,0.8816937804222107,0.008437186479568481,0.9803817272186279,0.33727604150772095,0.8965091109275818,0.026253577321767807,0.9817133545875549
163,walk,0.3369276225566864,0.09363169968128204,-0.3152615427970886,0.9999943375587463,0.34260985255241394,0.07934576272964478,-0.29930609464645386,0.9999799132347107,0.3468860387802124,0.07965854555368423,-0.2993197739124298,0.9999788403511047,0.3503912091255188,0.08005813509225845,-0.29931193590164185,0.9999784231185913,0.33065885305404663,0.08095463365316391,-0.2974904179573059,0.9999788999557495,0.32693690061569214,0.08228915184736252,-0.2975073456764221,0.9999757409095764,0.3238828778266907,0.08332537114620209,-0.29751864075660706,0.9999760389328003,0.3562713861465454,0.09111753851175308,-0.19016456604003906,0.9999611377716064,0.3213130235671997,0.09537538141012192,-0.183073490858078,0.9999469518661499,0.34647098183631897,0.11484866589307785,-0.2735842764377594,0.9999924302101135,0.3300709128379822,0.11661810427904129,-0.2714286148548126,0.9999911785125732,0.392955482006073,0.19757461547851562,-0.11442818492650986,0.9999774098396301,0.29930227994918823,0.20679503679275513,-0.09877899289131165,0.9999604225158691,0.40902629494667053,0.32169175148010254,-0.07230483740568161,0.9896817207336426,0.2875607907772064,0.34461280703544617,-0.05067494511604309,0.9716853499412537,0.4038061201572418,0.4385249614715576,-0.17734739184379578,0.9799027442932129,0.286715567111969,0.4632621705532074,-0.14954128861427307,0.9568758010864258,0.4021744728088379,0.48178669810295105,-0.21037504076957703,0.9580798745155334,0.28464704751968384,0.5006375908851624,-0.18197879195213318,0.9224233627319336,0.3953861892223358,0.4772302806377411,-0.24352793395519257,0.9598859548568726,0.29175010323524475,0.4989622235298157,-0.21413764357566833,0.9263221621513367,0.39406245946884155,0.46609076857566833,-0.1917717158794403,0.9480692744255066,0.29423412680625916,0.4876689016819,-0.16464969515800476,0.9149113297462463,0.3762109875679016,0.44608715176582336,-0.006288555916398764,0.999680757522583,0.32212796807289124,0.4521822929382324,0.006200757808983326,0.9997268915176392,0.3749595284461975,0.6406842470169067,-0.01671353541314602,0.989115834236145,0.334724485874176,0.6424561142921448,0.001724702538922429,0.987726092338562,0.3807111084461212,0.8187976479530334,0.13645660877227783,0.9853872656822205,0.3504409193992615,0.8225943446159363,0.1505868285894394,0.9871730208396912,0.37767136096954346,0.8372690677642822,0.14301632344722748,0.8532915711402893,0.35648706555366516,0.8419392704963684,0.1569967269897461,0.8569779992103577,0.3919917941093445,0.8817433714866638,0.007839962840080261,0.9809142351150513,0.3372442424297333,0.8966078162193298,0.026381080970168114,0.9819589257240295
164,walk,0.33694183826446533,0.09358423203229904,-0.31569164991378784,0.9999945163726807,0.34262001514434814,0.0793609544634819,-0.29995840787887573,0.9999804496765137,0.34689053893089294,0.07966348528862,-0.2999691367149353,0.9999793767929077,0.3504120707511902,0.08004455268383026,-0.2999609410762787,0.9999790191650391,0.3306843340396881,0.08098315447568893,-0.29769012331962585,0.9999794960021973,0.3270288407802582,0.08232139050960541,-0.29771000146865845,0.9999764561653137,0.3239474892616272,0.08335913717746735,-0.2977214455604553,0.9999768137931824,0.3563130497932434,0.09109842777252197,-0.1918713003396988,0.9999620914459229,0.3215683102607727,0.09539130330085754,-0.18230605125427246,0.9999485015869141,0.3464805483818054,0.11469358950853348,-0.2744216322898865,0.9999926090240479,0.33015531301498413,0.11650964617729187,-0.2716237008571625,0.9999914169311523,0.39331477880477905,0.19746133685112,-0.11734043061733246,0.999977707862854,0.299712598323822,0.20691968500614166,-0.09658489376306534,0.9999611377716064,0.40939632058143616,0.32155752182006836,-0.07659674435853958,0.9898516535758972,0.28755709528923035,0.34426406025886536,-0.049727242439985275,0.9721325635910034,0.40399932861328125,0.43862372636795044,-0.1808660328388214,0.9802045226097107,0.285988450050354,0.4627264142036438,-0.14940518140792847,0.9576469659805298,0.4023192524909973,0.4819944500923157,-0.21380385756492615,0.9585689902305603,0.2838694453239441,0.5002045631408691,-0.18174944818019867,0.9235723614692688,0.3954707980155945,0.47758322954177856,-0.24677304923534393,0.9603342413902283,0.2906317114830017,0.49841439723968506,-0.214074969291687,0.9273536801338196,0.3941574692726135,0.46652108430862427,-0.19514602422714233,0.9485988020896912,0.2930585741996765,0.4872590899467468,-0.16439664363861084,0.9159792065620422,0.3764771521091461,0.44584834575653076,-0.006575732491910458,0.9996852278709412,0.3223436176776886,0.4515302777290344,0.006479834206402302,0.9997302889823914,0.3749733865261078,0.6404904127120972,-0.017614802345633507,0.989244282245636,0.33472612500190735,0.6421512961387634,0.0017664966871961951,0.9878963828086853,0.3807222843170166,0.8187991380691528,0.13661794364452362,0.9858425259590149,0.35043707489967346,0.8226234316825867,0.15078502893447876,0.9873388409614563,0.3776779770851135,0.8372479677200317,0.1432993859052658,0.8554562926292419,0.35648638010025024,0.8420203924179077,0.15721793472766876,0.8575053215026855,0.3919907510280609,0.8817161321640015,0.008499488234519958,0.9813454747200012,0.33714210987091064,0.8966596722602844,0.026539022102952003,0.9821622371673584
165,walk,0.3369680643081665,0.09346861392259598,-0.3149043321609497,0.9999945163726807,0.3426305651664734,0.07936859130859375,-0.29915720224380493,0.9999805092811584,0.3469029366970062,0.0796581357717514,-0.29916882514953613,0.9999794363975525,0.350422203540802,0.08002062886953354,-0.2991597354412079,0.9999791383743286,0.3307987153530121,0.08100761473178864,-0.29690590500831604,0.9999796152114868,0.32726722955703735,0.08234873414039612,-0.29692554473876953,0.9999766945838928,0.32411476969718933,0.08338510990142822,-0.2969377636909485,0.9999771118164062,0.35636019706726074,0.09106425195932388,-0.19130781292915344,0.9999620318412781,0.32190829515457153,0.09540430456399918,-0.18156111240386963,0.9999489188194275,0.3465750217437744,0.11450937390327454,-0.27371537685394287,0.9999926090240479,0.33037835359573364,0.11638370901346207,-0.27090173959732056,0.9999914765357971,0.39365193247795105,0.19728916883468628,-0.11758047342300415,0.9999775886535645,0.3001115322113037,0.20695149898529053,-0.09537152945995331,0.9999614357948303,0.4097350537776947,0.32134997844696045,-0.07845772057771683,0.9898808598518372,0.2875625789165497,0.3438350558280945,-0.048931099474430084,0.9725695252418518,0.40411415696144104,0.43864309787750244,-0.18319249153137207,0.9802668690681458,0.28554612398147583,0.46251043677330017,-0.14870181679725647,0.9582452774047852,0.4023967385292053,0.4821433126926422,-0.2160017192363739,0.9586395025253296,0.2833887040615082,0.5000118017196655,-0.18059463798999786,0.9244211316108704,0.39548662304878235,0.47780460119247437,-0.2488953322172165,0.9603772759437561,0.289907306432724,0.4982215166091919,-0.21274271607398987,0.9281048774719238,0.3941778242588043,0.46674349904060364,-0.19745048880577087,0.9486303925514221,0.29228129982948303,0.4871459901332855,-0.16362711787223816,0.916745126247406,0.3768196702003479,0.4457264840602875,-0.0066250162199139595,0.9996867179870605,0.32255563139915466,0.4511832892894745,0.006526573561131954,0.9997318983078003,0.37517136335372925,0.6398579478263855,-0.0177284125238657,0.9893158674240112,0.3347507417201996,0.6413422226905823,0.0016781759914010763,0.9880572557449341,0.38072842359542847,0.8187850713729858,0.13543976843357086,0.9862197637557983,0.3504461646080017,0.8226265907287598,0.14989352226257324,0.9874820113182068,0.3776828944683075,0.8372372984886169,0.1420256346464157,0.8572627305984497,0.3564877212047577,0.842041015625,0.15624850988388062,0.8577654957771301,0.3920227289199829,0.881693422794342,0.0072186850011348724,0.9817250967025757,0.3371341824531555,0.8966646194458008,0.0256324615329504,0.9823402762413025
166,walk,0.33701103925704956,0.09345822781324387,-0.3058469593524933,0.9999945759773254,0.342652291059494,0.07940332591533661,-0.2900179624557495,0.9999806880950928,0.3469175398349762,0.0796857699751854,-0.2900286912918091,0.999979555606842,0.35044923424720764,0.08003915846347809,-0.2900103032588959,0.9999792575836182,0.3309236168861389,0.08104777336120605,-0.28737112879753113,0.9999798536300659,0.3274778425693512,0.08238125592470169,-0.2873888611793518,0.9999769330024719,0.3242729902267456,0.08344823122024536,-0.2874014973640442,0.9999774694442749,0.3564271032810211,0.09107557684183121,-0.18369606137275696,0.9999620318412781,0.3221595883369446,0.09541401267051697,-0.1718355119228363,0.9999494552612305,0.3466671109199524,0.11445755511522293,-0.26551368832588196,0.9999926686286926,0.33056849241256714,0.11634518206119537,-0.2621377408504486,0.9999915957450867,0.39378446340560913,0.19715164601802826,-0.11486215889453888,0.9999776482582092,0.3004118800163269,0.20702910423278809,-0.08652248233556747,0.9999619126319885,0.41001683473587036,0.32095083594322205,-0.07962154597043991,0.989959180355072,0.28759902715682983,0.3437380790710449,-0.04174775257706642,0.9730258584022522,0.40423583984375,0.43861979246139526,-0.1914936900138855,0.9805338978767395,0.285491943359375,0.4623541831970215,-0.14120379090309143,0.9592492580413818,0.402486652135849,0.4821557402610779,-0.22607067227363586,0.9591548442840576,0.2833358645439148,0.4996989369392395,-0.17313890159130096,0.9260047674179077,0.3955104947090149,0.4778851866722107,-0.2580013573169708,0.960838794708252,0.28980299830436707,0.4977959096431732,-0.20524093508720398,0.9295622110366821,0.3942115902900696,0.4667894244194031,-0.20565995573997498,0.9491986632347107,0.29217958450317383,0.4869089722633362,-0.15600328147411346,0.9183115363121033,0.3771347403526306,0.4457174837589264,-0.0072476803325116634,0.9996908903121948,0.3228243291378021,0.4511561095714569,0.007152792066335678,0.9997355937957764,0.3753172755241394,0.6396653652191162,-0.017595143988728523,0.9893971681594849,0.3347339332103729,0.6407336592674255,0.002718352247029543,0.9882055521011353,0.38073739409446716,0.8187732100486755,0.13457563519477844,0.9865627288818359,0.3504638671875,0.8226243853569031,0.15001267194747925,0.9876279234886169,0.37768658995628357,0.8372178077697754,0.14100688695907593,0.8590970039367676,0.3565004765987396,0.8420438170433044,0.15630847215652466,0.8588542342185974,0.39204248785972595,0.8816778659820557,0.0067560612224042416,0.9820735454559326,0.3371233642101288,0.896661102771759,0.02636927366256714,0.9825224876403809
167,walk,0.33716386556625366,0.09338580071926117,-0.3054902255535126,0.9999946355819702,0.3427864909172058,0.07941429316997528,-0.2895316481590271,0.9999809861183167,0.34704142808914185,0.07969389110803604,-0.28954392671585083,0.9999798536300659,0.3505493402481079,0.08004266768693924,-0.2895272374153137,0.999979555606842,0.33116620779037476,0.0810668021440506,-0.28707650303840637,0.9999801516532898,0.32779476046562195,0.08240363001823425,-0.28709352016448975,0.9999772906303406,0.324491411447525,0.08346735686063766,-0.2871045470237732,0.9999778866767883,0.3565322160720825,0.0910705029964447,-0.18268312513828278,0.9999623894691467,0.3223850131034851,0.09542223811149597,-0.17168636620044708,0.9999502301216125,0.34684592485427856,0.1143394261598587,-0.26498252153396606,0.9999927282333374,0.3308309316635132,0.11623169481754303,-0.26185768842697144,0.9999916553497314,0.3939179480075836,0.19694164395332336,-0.11469552665948868,0.999977707862854,0.30070629715919495,0.20703868567943573,-0.08605115115642548,0.9999619126319885,0.4103146493434906,0.32093968987464905,-0.08033149689435959,0.9899895787239075,0.28767094016075134,0.34361952543258667,-0.0418223962187767,0.9733342528343201,0.4043388366699219,0.4386312663555145,-0.19172236323356628,0.9806890487670898,0.28552693128585815,0.46211305260658264,-0.1412692368030548,0.9597725868225098,0.40256625413894653,0.48220762610435486,-0.2264334261417389,0.9594258069992065,0.2836114466190338,0.4992198050022125,-0.17316316068172455,0.9267861247062683,0.39557528495788574,0.47800639271736145,-0.258249431848526,0.9610735177993774,0.2899250388145447,0.4971093535423279,-0.20532774925231934,0.9302542209625244,0.394285649061203,0.4668978750705719,-0.20583924651145935,0.9494654536247253,0.292247474193573,0.4864234924316406,-0.15607759356498718,0.919012725353241,0.37725046277046204,0.44561323523521423,-0.007502962835133076,0.9996945261955261,0.3229513168334961,0.45107418298721313,0.007411391474306583,0.9997376203536987,0.37547746300697327,0.6392773389816284,-0.017576780170202255,0.9894593954086304,0.33474546670913696,0.6401177048683167,0.0036828089505434036,0.9883080124855042,0.38074541091918945,0.8188163042068481,0.1317223459482193,0.9869176149368286,0.35052862763404846,0.8225816488265991,0.14992809295654297,0.9877426028251648,0.3776912987232208,0.8372272849082947,0.13768205046653748,0.8613535165786743,0.35657069087028503,0.842030942440033,0.1561337113380432,0.8596152663230896,0.3920436203479767,0.8816658854484558,0.0035010818392038345,0.982437789440155,0.337119996547699,0.8965467810630798,0.026435866951942444,0.9826502799987793
168,walk,0.33737316727638245,0.09334909915924072,-0.3008212447166443,0.9999945759773254,0.3429637849330902,0.07943253219127655,-0.2847810685634613,0.9999808073043823,0.3472136855125427,0.07970785349607468,-0.284796804189682,0.9999796748161316,0.3506888151168823,0.08005158603191376,-0.2847767174243927,0.9999793171882629,0.33145850896835327,0.08110035955905914,-0.2824069559574127,0.9999799728393555,0.32816407084465027,0.0824241116642952,-0.28242331743240356,0.9999771118164062,0.32477515935897827,0.08352282643318176,-0.28243523836135864,0.999977707862854,0.3567693829536438,0.09108833968639374,-0.17817266285419464,0.999961793422699,0.3226427137851715,0.0954279899597168,-0.16737692058086395,0.9999498724937439,0.3471079468727112,0.11428403109312057,-0.2604394257068634,0.9999926686286926,0.3311077058315277,0.11615880578756332,-0.2573836147785187,0.9999915957450867,0.3941134810447693,0.19677503407001495,-0.11119308322668076,0.999977707862854,0.3010621964931488,0.20694386959075928,-0.08346284180879593,0.9999619126319885,0.4106127619743347,0.32101526856422424,-0.0794185996055603,0.990031361579895,0.2882520854473114,0.3432987928390503,-0.0414142943918705,0.9736654758453369,0.4044269025325775,0.43873104453086853,-0.19071540236473083,0.9809281826019287,0.28574222326278687,0.4617384970188141,-0.14125803112983704,0.9603472352027893,0.4026551842689514,0.4822753369808197,-0.22550880908966064,0.9598826169967651,0.2843632102012634,0.49865585565567017,-0.17319771647453308,0.927635908126831,0.39568644762039185,0.4780663847923279,-0.2571811079978943,0.9614806771278381,0.290579617023468,0.4956517517566681,-0.20536911487579346,0.9309984445571899,0.3943919241428375,0.466950386762619,-0.20481176674365997,0.9499824643135071,0.29269975423812866,0.48519575595855713,-0.15605559945106506,0.919832706451416,0.37737786769866943,0.4456404745578766,-0.007793799042701721,0.9996980428695679,0.32309770584106445,0.45117074251174927,0.007708442397415638,0.9997403025627136,0.3754975497722626,0.6386575102806091,-0.015292109921574593,0.9894981384277344,0.3347322344779968,0.6399145126342773,0.006899632513523102,0.9883731603622437,0.3807438611984253,0.8187779188156128,0.13454753160476685,0.9871702194213867,0.35059311985969543,0.8224720358848572,0.15541724860668182,0.9878482818603516,0.37769192457199097,0.8371508121490479,0.14067858457565308,0.8630642294883728,0.3566436767578125,0.8419422507286072,0.16187791526317596,0.8609764575958252,0.39203572273254395,0.8815469741821289,0.008228780701756477,0.9827284216880798,0.3371157944202423,0.8964093327522278,0.03415297716856003,0.9828067421913147
169,walk,0.3377974331378937,0.09335189312696457,-0.29764461517333984,0.9999944567680359,0.3433433175086975,0.07950497418642044,-0.2816506028175354,0.9999805092811584,0.34760111570358276,0.07976165413856506,-0.28166764974594116,0.9999793171882629,0.3509613871574402,0.08009308576583862,-0.28164541721343994,0.9999788999557495,0.33191636204719543,0.08119616657495499,-0.27939093112945557,0.9999796748161316,0.32865971326828003,0.08248233050107956,-0.2794046998023987,0.9999767541885376,0.3251797556877136,0.0836295410990715,-0.2794186472892761,0.9999774098396301,0.35719892382621765,0.09112947434186935,-0.17516663670539856,0.9999608993530273,0.3229523301124573,0.09546245634555817,-0.1647600531578064,0.9999493956565857,0.3475548028945923,0.1142796128988266,-0.2572531998157501,0.9999925494194031,0.3315627872943878,0.11615569144487381,-0.2543123662471771,0.9999914765357971,0.39447253942489624,0.19666515290737152,-0.10820033401250839,0.9999777674674988,0.3013729751110077,0.20669788122177124,-0.08222638815641403,0.9999621510505676,0.41090303659439087,0.3213863968849182,-0.08036399632692337,0.9900330901145935,0.2884367108345032,0.34311455488204956,-0.04146171361207962,0.9742712378501892,0.4046240448951721,0.4387887418270111,-0.19803588092327118,0.9812584519386292,0.28672516345977783,0.46154341101646423,-0.14198552072048187,0.9613252878189087,0.4028240740299225,0.48229119181632996,-0.23443374037742615,0.9605856537818909,0.2859676480293274,0.4983865022659302,-0.17455936968326569,0.9291569590568542,0.39589840173721313,0.4780878722667694,-0.2656481862068176,0.9621201753616333,0.29258495569229126,0.49490416049957275,-0.20641472935676575,0.9323846101760864,0.39463961124420166,0.4669755697250366,-0.21219468116760254,0.9507776498794556,0.2945628762245178,0.484529972076416,-0.15665368735790253,0.9213629961013794,0.3776237964630127,0.4456891715526581,-0.007937402464449406,0.9997016191482544,0.32334136962890625,0.45129111409187317,0.00785925704985857,0.9997437596321106,0.3755783438682556,0.6384096145629883,-0.011336872354149818,0.9895049333572388,0.3347504436969757,0.6399216055870056,0.009753217920660973,0.988412082195282,0.3807377219200134,0.8186220526695251,0.14085820317268372,0.987291157245636,0.3506127893924713,0.8224495053291321,0.16050301492214203,0.9878560304641724,0.37768155336380005,0.8369168043136597,0.14742368459701538,0.8637520670890808,0.3566547930240631,0.8419249057769775,0.16727770864963531,0.861649215221405,0.392007440328598,0.881256639957428,0.016236329451203346,0.9828684329986572,0.33711326122283936,0.8962743878364563,0.04038805887103081,0.9828328490257263
170,walk,0.3381217420101166,0.09321528673171997,-0.2848728895187378,0.9999943971633911,0.34368592500686646,0.0794537216424942,-0.2688916027545929,0.9999803304672241,0.34796735644340515,0.07969320565462112,-0.26890829205513,0.9999791383743286,0.35124263167381287,0.08001215755939484,-0.2688866853713989,0.9999786615371704,0.33229121565818787,0.08118797093629837,-0.26622915267944336,0.9999794363975525,0.3290897309780121,0.08247368782758713,-0.26623472571372986,0.9999764561653137,0.325543612241745,0.08363385498523712,-0.26624390482902527,0.9999771118164062,0.3578092157840729,0.0910930335521698,-0.163100928068161,0.9999604821205139,0.323302686214447,0.095452681183815,-0.15077276527881622,0.9999489784240723,0.3478817939758301,0.11411862075328827,-0.24481496214866638,0.9999925494194031,0.33192598819732666,0.11598773300647736,-0.24130919575691223,0.9999914765357971,0.39481738209724426,0.1966031789779663,-0.0977085679769516,0.9999778866767883,0.3020534813404083,0.2061263769865036,-0.07012441754341125,0.9999624490737915,0.4110351502895355,0.3216531276702881,-0.07645715028047562,0.9899303317070007,0.288751482963562,0.3400021195411682,-0.03215775266289711,0.9745564460754395,0.4046381413936615,0.43893274664878845,-0.19494348764419556,0.9814354777336121,0.28848984837532043,0.45685967803001404,-0.13476522266864777,0.9618563652038574,0.4028366506099701,0.48239004611968994,-0.23106208443641663,0.9610567688941956,0.28823959827423096,0.4956216514110565,-0.1682376265525818,0.9299795627593994,0.39596647024154663,0.4781852662563324,-0.26249364018440247,0.9625306129455566,0.29504403471946716,0.4917534291744232,-0.20000095665454865,0.9330969452857971,0.39471346139907837,0.4671051502227783,-0.20916660130023956,0.9512633085250854,0.29723259806632996,0.4812111258506775,-0.14954409003257751,0.922204852104187,0.3778751492500305,0.44568392634391785,-0.008191276341676712,0.999707818031311,0.323757529258728,0.45125338435173035,0.008123497478663921,0.9997493028640747,0.3758138418197632,0.6383705735206604,-0.01065766904503107,0.9896443486213684,0.33488062024116516,0.6402024030685425,0.01018767710775137,0.9885974526405334,0.38072818517684937,0.8185771703720093,0.14684535562992096,0.9875200390815735,0.35063010454177856,0.8224871158599854,0.164430171251297,0.9880310297012329,0.3776584267616272,0.8368719220161438,0.15403762459754944,0.8646985292434692,0.3566727936267853,0.842025101184845,0.17152151465415955,0.8633075952529907,0.3919823467731476,0.8810269832611084,0.02198127657175064,0.9831112623214722,0.3370884954929352,0.8962532877922058,0.04362139850854874,0.9830636978149414
171,walk,0.3389440178871155,0.09306599199771881,-0.287495493888855,0.9999943971633911,0.34441912174224854,0.07939042896032333,-0.27135592699050903,0.9999803900718689,0.34872883558273315,0.07962454855442047,-0.2713717222213745,0.9999791383743286,0.35176482796669006,0.07993698120117188,-0.2713504135608673,0.9999786615371704,0.3329891264438629,0.08111822605133057,-0.26904743909835815,0.9999794960021973,0.329791396856308,0.08241011202335358,-0.2690529227256775,0.9999764561653137,0.32616811990737915,0.08359408378601074,-0.269062340259552,0.999977171421051,0.3586413860321045,0.09107466787099838,-0.16435864567756653,0.9999604821205139,0.3236698806285858,0.09539853036403656,-0.15373563766479492,0.9999494552612305,0.34863224625587463,0.11406391113996506,-0.24695658683776855,0.9999926090240479,0.33270177245140076,0.11585576832294464,-0.2439289540052414,0.9999915957450867,0.3952561020851135,0.19648511707782745,-0.09651245176792145,0.9999781250953674,0.3026389181613922,0.20570573210716248,-0.07238803058862686,0.9999630451202393,0.4112321436405182,0.32263699173927307,-0.07405228912830353,0.9898982644081116,0.28906700015068054,0.3389892280101776,-0.03384407237172127,0.9751608967781067,0.4046481251716614,0.43927815556526184,-0.1936570107936859,0.9818183183670044,0.2895887494087219,0.45435044169425964,-0.13517354428768158,0.9628166556358337,0.40285524725914,0.482699453830719,-0.23020441830158234,0.9618685245513916,0.2899234890937805,0.49376073479652405,-0.1699916273355484,0.931484580039978,0.3960491120815277,0.478394091129303,-0.2618720233440399,0.9632803201675415,0.29715895652770996,0.4895286560058594,-0.20161154866218567,0.934471607208252,0.394802063703537,0.4673406779766083,-0.20801842212677002,0.9521825909614563,0.29951706528663635,0.47917988896369934,-0.14987416565418243,0.9237507581710815,0.3783731162548065,0.4456837475299835,-0.008165394887328148,0.9997134804725647,0.32448410987854004,0.4512605369091034,0.00810152105987072,0.999755322933197,0.3762025237083435,0.6385149359703064,-0.007848646491765976,0.9897257685661316,0.3349795937538147,0.6405211687088013,0.010292651131749153,0.9887310266494751,0.3807341456413269,0.8185406923294067,0.1522236168384552,0.9876249432563782,0.3506912589073181,0.8226692080497742,0.1659131646156311,0.9881283044815063,0.37765946984291077,0.836851954460144,0.15957365930080414,0.8653365969657898,0.35674217343330383,0.8423038125038147,0.17308203876018524,0.8644403219223022,0.39198029041290283,0.8809137940406799,0.027484377846121788,0.9832181930541992,0.3370855748653412,0.8962541222572327,0.044400446116924286,0.9831812977790833
172,walk,0.33980947732925415,0.09253159910440445,-0.2875598967075348,0.9999944567680359,0.34522926807403564,0.07898890972137451,-0.27104097604751587,0.9999805092811584,0.34951817989349365,0.07920677214860916,-0.271057665348053,0.9999791979789734,0.35230597853660583,0.0795520544052124,-0.27103525400161743,0.9999786615371704,0.3337269127368927,0.08074481785297394,-0.2688085436820984,0.9999796152114868,0.3304951786994934,0.08209266513586044,-0.2688136696815491,0.9999765753746033,0.3268401622772217,0.08335631340742111,-0.2688237130641937,0.9999772906303406,0.3593398928642273,0.09083884209394455,-0.16299860179424286,0.9999605417251587,0.32404476404190063,0.09516893327236176,-0.1526455581188202,0.9999499917030334,0.34940123558044434,0.11377434432506561,-0.24673298001289368,0.9999926686286926,0.3333870470523834,0.11544767022132874,-0.24378469586372375,0.9999917149543762,0.3956758975982666,0.19632591307163239,-0.09461146593093872,0.9999783039093018,0.3030313551425934,0.2054928094148636,-0.0713605061173439,0.9999635219573975,0.41152897477149963,0.3235933780670166,-0.0691426694393158,0.9898918867111206,0.28962329030036926,0.3388919532299042,-0.03366700932383537,0.9757407307624817,0.40469592809677124,0.43993327021598816,-0.19069719314575195,0.9821456670761108,0.2919384837150574,0.4532386064529419,-0.13553497195243835,0.9637377858161926,0.40298518538475037,0.4830649197101593,-0.2294432371854782,0.9625470042228699,0.29239028692245483,0.49292266368865967,-0.17100957036018372,0.932927131652832,0.39622005820274353,0.4785715341567993,-0.2610621154308319,0.9638996720314026,0.29979008436203003,0.4885231554508209,-0.20246699452400208,0.9357876181602478,0.3949834704399109,0.4675365388393402,-0.2053123414516449,0.9529374241828918,0.30239254236221313,0.4781654477119446,-0.15031296014785767,0.9252219200134277,0.3789516091346741,0.4458795189857483,-0.008255798369646072,0.9997193217277527,0.3253604769706726,0.45145383477211,0.008199506439268589,0.9997615218162537,0.376451313495636,0.6386889815330505,-0.007955221459269524,0.9898444414138794,0.33501338958740234,0.64094078540802,0.0111015560105443,0.9888550043106079,0.38074982166290283,0.8184731602668762,0.1566660851240158,0.9877694845199585,0.3507287800312042,0.8227793574333191,0.1710490584373474,0.9882727265357971,0.3776635229587555,0.8368126749992371,0.16453072428703308,0.8663081526756287,0.3568163514137268,0.8424590826034546,0.1786186397075653,0.8662128448486328,0.39198121428489685,0.8807242512702942,0.03226831927895546,0.9834046363830566,0.3370465636253357,0.8962564468383789,0.049371086061000824,0.9833804368972778
173,walk,0.340603768825531,0.09229431301355362,-0.28731775283813477,0.9999945759773254,0.3460090458393097,0.078737773001194,-0.27046114206314087,0.9999808073043823,0.35023587942123413,0.078925222158432,-0.2704780697822571,0.9999794960021973,0.35282590985298157,0.07927556335926056,-0.2704576253890991,0.9999788999557495,0.33433279395103455,0.08057118207216263,-0.2686169147491455,0.9999799728393555,0.3310350477695465,0.08196068555116653,-0.2686212658882141,0.9999769330024719,0.3273787200450897,0.08327840268611908,-0.26862889528274536,0.999977707862854,0.3599672317504883,0.09063998609781265,-0.16102179884910583,0.9999610185623169,0.3243744969367981,0.09512533247470856,-0.1526813507080078,0.999951183795929,0.35016101598739624,0.11367378383874893,-0.24602115154266357,0.9999927878379822,0.3340325951576233,0.11528004705905914,-0.24361200630664825,0.9999918937683105,0.3959549069404602,0.1962493658065796,-0.09104187041521072,0.9999785423278809,0.3034592270851135,0.20517832040786743,-0.07195393741130829,0.9999640583992004,0.411771297454834,0.3242535889148712,-0.06196773797273636,0.9898537397384644,0.2904197871685028,0.33872097730636597,-0.03416578099131584,0.9763815402984619,0.40493282675743103,0.4403422772884369,-0.18064966797828674,0.982445240020752,0.29384541511535645,0.4525003731250763,-0.14077532291412354,0.9646583199501038,0.40337881445884705,0.48332205414772034,-0.2189210206270218,0.9631433486938477,0.29453593492507935,0.49204567074775696,-0.1769980937242508,0.9343643188476562,0.39667269587516785,0.47875988483428955,-0.25096258521080017,0.9644492268562317,0.3021932542324066,0.4875659644603729,-0.20822706818580627,0.9371007680892944,0.39545947313308716,0.4677191376686096,-0.19541338086128235,0.9535858035087585,0.3046584725379944,0.47734594345092773,-0.15532715618610382,0.9266403913497925,0.37938112020492554,0.44588372111320496,-0.008094850927591324,0.9997256994247437,0.32588863372802734,0.4514591097831726,0.008046583272516727,0.9997677206993103,0.3767121732234955,0.638413667678833,-0.007837241515517235,0.9899406433105469,0.33499571681022644,0.6409354209899902,0.010744922794401646,0.9889678359031677,0.38075095415115356,0.8183613419532776,0.1560630053281784,0.9879258871078491,0.3507634699344635,0.822784423828125,0.16910259425640106,0.9884437918663025,0.37765705585479736,0.8366633653640747,0.1637766808271408,0.8677754998207092,0.35682693123817444,0.8424584865570068,0.17647506296634674,0.8678796291351318,0.39198243618011475,0.880649745464325,0.03157541900873184,0.9836366772651672,0.33704373240470886,0.8962908983230591,0.047049831598997116,0.9836148619651794
174,walk,0.34118688106536865,0.09188906103372574,-0.28713637590408325,0.9999946355819702,0.34657344222068787,0.07846042513847351,-0.2700791656970978,0.9999809265136719,0.3507484793663025,0.07865475118160248,-0.2700969874858856,0.9999796152114868,0.3532361686229706,0.07903309166431427,-0.2700788974761963,0.9999789595603943,0.33482617139816284,0.08027160167694092,-0.2684047520160675,0.9999801516532898,0.3314785957336426,0.08167635649442673,-0.2684071660041809,0.9999770522117615,0.3278142511844635,0.08303794264793396,-0.268414169549942,0.9999778866767883,0.36040636897087097,0.09051021188497543,-0.16054295003414154,0.9999610781669617,0.32463592290878296,0.0950160026550293,-0.15292423963546753,0.9999517798423767,0.3507236838340759,0.11341356486082077,-0.24586525559425354,0.9999927878379822,0.33454716205596924,0.11487602442502975,-0.2436709702014923,0.9999919533729553,0.39620423316955566,0.1961868852376938,-0.09053006023168564,0.9999785423278809,0.3036856949329376,0.2051297128200531,-0.07301680743694305,0.9999641180038452,0.4119650423526764,0.3246515095233917,-0.060312867164611816,0.9897623658180237,0.29092419147491455,0.3390790522098541,-0.036575622856616974,0.9769241213798523,0.4051430821418762,0.4407758414745331,-0.17582644522190094,0.9826312065124512,0.2957572340965271,0.4526157081127167,-0.144180566072464,0.9652296304702759,0.4036511778831482,0.48357319831848145,-0.213141530752182,0.9635071158409119,0.29657796025276184,0.49203330278396606,-0.18006794154644012,0.9351775050163269,0.39697134494781494,0.4789491295814514,-0.24516263604164124,0.9647743105888367,0.30476102232933044,0.4874119162559509,-0.2106996327638626,0.9377940893173218,0.3957441449165344,0.46792739629745483,-0.19047711789608002,0.9539706707000732,0.30705055594444275,0.47725409269332886,-0.15836183726787567,0.9273443818092346,0.3795415163040161,0.44606631994247437,-0.007623433135449886,0.9997305274009705,0.32617059350013733,0.45159441232681274,0.007585600949823856,0.9997726082801819,0.37696129083633423,0.638196587562561,-0.008138617500662804,0.9899623990058899,0.3349352777004242,0.6408301591873169,0.009761749766767025,0.9890722632408142,0.38075757026672363,0.8181609511375427,0.15464824438095093,0.9879859685897827,0.350761741399765,0.822729766368866,0.16783250868320465,0.9885732531547546,0.37764972448349,0.836486279964447,0.16227933764457703,0.868930995464325,0.3568054139614105,0.8423594832420349,0.17500564455986023,0.8689907789230347,0.3919963538646698,0.880591094493866,0.030484944581985474,0.983748733997345,0.3370409607887268,0.896288275718689,0.04568956792354584,0.9837606549263
175,walk,0.34165820479393005,0.0915047749876976,-0.2879638969898224,0.9999946355819702,0.3470173478126526,0.07811243832111359,-0.270926833152771,0.9999809861183167,0.35115939378738403,0.07830291986465454,-0.2709450125694275,0.9999796152114868,0.35360002517700195,0.07869397848844528,-0.2709265351295471,0.9999788999557495,0.3351767659187317,0.079948291182518,-0.2692805826663971,0.9999802112579346,0.3317960798740387,0.08139284700155258,-0.26928314566612244,0.9999771118164062,0.3281206786632538,0.08280738443136215,-0.2692902684211731,0.9999779462814331,0.3607521653175354,0.09024310857057571,-0.16145548224449158,0.9999608397483826,0.3248191177845001,0.09494899958372116,-0.15395507216453552,0.9999521970748901,0.3512187600135803,0.11311977356672287,-0.24672368168830872,0.9999927282333374,0.33497291803359985,0.11456844210624695,-0.24456003308296204,0.9999920129776001,0.39647385478019714,0.19613000750541687,-0.09099476039409637,0.999978244304657,0.30394744873046875,0.2051062285900116,-0.07350008189678192,0.9999639391899109,0.412137508392334,0.32501402497291565,-0.05899729207158089,0.9896125793457031,0.29126277565956116,0.3396303057670593,-0.03855688124895096,0.9773914813995361,0.40534067153930664,0.44115427136421204,-0.1713138073682785,0.9826850891113281,0.2972843647003174,0.45273447036743164,-0.14545847475528717,0.9656580090522766,0.40393853187561035,0.4837658703327179,-0.2076016664505005,0.9636222720146179,0.29802054166793823,0.4920910596847534,-0.18078789114952087,0.9357534050941467,0.39731571078300476,0.4791202247142792,-0.2397182285785675,0.9648598432540894,0.3062179386615753,0.4875428080558777,-0.21130962669849396,0.9382679462432861,0.39606937766075134,0.4680993854999542,-0.18590079247951508,0.954089343547821,0.3084459900856018,0.4773578941822052,-0.15950414538383484,0.9278371334075928,0.3798384368419647,0.4462991952896118,-0.0071907369419932365,0.999733567237854,0.32666414976119995,0.4517669379711151,0.007161535322666168,0.999776303768158,0.37723347544670105,0.6380629539489746,-0.008239956572651863,0.9899455904960632,0.3348773121833801,0.6404694318771362,0.008858458139002323,0.9891640543937683,0.3807755410671234,0.8181453347206116,0.15407057106494904,0.9879975318908691,0.3507654070854187,0.822711169719696,0.16774453222751617,0.9886716604232788,0.377646803855896,0.8364761471748352,0.16164657473564148,0.8697295188903809,0.3568054139614105,0.8422781825065613,0.17478422820568085,0.8698832392692566,0.3920277953147888,0.8805757164955139,0.030273299664258957,0.9837911128997803,0.33705899119377136,0.896281361579895,0.045377958565950394,0.9838582873344421
176,walk,0.34202489256858826,0.0913500115275383,-0.2886159121990204,0.999994695186615,0.3473602533340454,0.07796702533960342,-0.2715706527233124,0.999981164932251,0.3514670431613922,0.07814853638410568,-0.27158838510513306,0.9999797344207764,0.3538901209831238,0.07853767275810242,-0.27156969904899597,0.9999790191650391,0.33550524711608887,0.07985814660787582,-0.26991409063339233,0.9999804496765137,0.33208802342414856,0.0813177153468132,-0.2699178457260132,0.9999773502349854,0.32844504714012146,0.08275540918111801,-0.26992493867874146,0.9999781847000122,0.36098355054855347,0.09011847525835037,-0.16197851300239563,0.9999609589576721,0.3250422775745392,0.09494387358427048,-0.15453621745109558,0.9999528527259827,0.35158777236938477,0.11301533132791519,-0.24737565219402313,0.9999927878379822,0.3353233337402344,0.11446694284677505,-0.2452026605606079,0.9999920725822449,0.39668211340904236,0.19610868394374847,-0.09144740551710129,0.9999779462814331,0.30417153239250183,0.2051095962524414,-0.0738135501742363,0.9999637603759766,0.4123440384864807,0.32546302676200867,-0.05891371890902519,0.989559531211853,0.2916314899921417,0.33999791741371155,-0.0398913249373436,0.9778031706809998,0.40548330545425415,0.44174814224243164,-0.17001530528068542,0.9827989935874939,0.29825907945632935,0.4528849720954895,-0.14647312462329865,0.9660354256629944,0.4041377007961273,0.4840634763240814,-0.2059130221605301,0.9638224840164185,0.29882240295410156,0.49220025539398193,-0.18148764967918396,0.936255693435669,0.39755818247795105,0.47940143942832947,-0.23801466822624207,0.9650344252586365,0.3070346415042877,0.4875834286212921,-0.21177151799201965,0.9386786818504333,0.3962786793708801,0.46841514110565186,-0.1845112442970276,0.9543039798736572,0.30927225947380066,0.47742700576782227,-0.16036811470985413,0.9282038807868958,0.3802362382411957,0.44633564352989197,-0.00691850995644927,0.9997354745864868,0.32719388604164124,0.45189031958580017,0.006891791708767414,0.9997788667678833,0.3773626685142517,0.6375146508216858,-0.010421020910143852,0.9899104833602905,0.3347589373588562,0.639927864074707,0.005525786429643631,0.989230751991272,0.38079988956451416,0.8180516362190247,0.15383821725845337,0.987997829914093,0.35077136754989624,0.8227083683013916,0.1628570407629013,0.9887837171554565,0.37764808535575867,0.836427628993988,0.16112026572227478,0.8707697987556458,0.35680583119392395,0.8422595262527466,0.16987356543540955,0.8708294034004211,0.3920658528804779,0.8805667161941528,0.029241124168038368,0.9838449358940125,0.33705654740333557,0.8962898850440979,0.04024093225598335,0.983966052532196
177,walk,0.3421824276447296,0.09135542809963226,-0.28728970885276794,0.9999946355819702,0.347589910030365,0.07797190546989441,-0.2702402174472809,0.9999809861183167,0.35169997811317444,0.07814894616603851,-0.27025753259658813,0.9999794960021973,0.35415229201316833,0.0785355344414711,-0.2702377438545227,0.9999787211418152,0.33570823073387146,0.07987628877162933,-0.26865771412849426,0.9999803304672241,0.3322766125202179,0.08133050799369812,-0.26866084337234497,0.999977171421051,0.3286641240119934,0.08276927471160889,-0.2686689794063568,0.9999780654907227,0.36131367087364197,0.09011504054069519,-0.16105353832244873,0.9999602437019348,0.32528024911880493,0.09494965523481369,-0.15395912528038025,0.9999527335166931,0.35177233815193176,0.11301121115684509,-0.24619154632091522,0.9999926686286926,0.33552467823028564,0.11446449160575867,-0.24415449798107147,0.9999920129776001,0.3969583213329315,0.19610263407230377,-0.09089504182338715,0.9999775290489197,0.30435386300086975,0.20510345697402954,-0.07421069592237473,0.9999635815620422,0.41257739067077637,0.3257735073566437,-0.05893423408269882,0.9894855618476868,0.29186221957206726,0.3403685390949249,-0.04124756157398224,0.9782060384750366,0.4056239128112793,0.44218558073043823,-0.16964450478553772,0.9829466342926025,0.2987508773803711,0.45313912630081177,-0.14723309874534607,0.966468095779419,0.4043576717376709,0.48437005281448364,-0.20541396737098694,0.9641128778457642,0.29921963810920715,0.4923695921897888,-0.1820608675479889,0.9368882775306702,0.397765189409256,0.4796629548072815,-0.23735705018043518,0.9652926921844482,0.30752214789390564,0.48765867948532104,-0.2121092826128006,0.9392134547233582,0.39643800258636475,0.4686796963214874,-0.18405777215957642,0.954631507396698,0.3098294138908386,0.47755759954452515,-0.1610078364610672,0.9287280440330505,0.38043680787086487,0.44642677903175354,-0.006531341467052698,0.9997366070747375,0.32755815982818604,0.4519762396812439,0.006509739905595779,0.9997812509536743,0.37751004099845886,0.6370724439620972,-0.010897111147642136,0.9898217916488647,0.33468034863471985,0.6396021246910095,0.0036447711754590273,0.9893010854721069,0.38080891966819763,0.8177637457847595,0.15304681658744812,0.9879053235054016,0.3507361114025116,0.82258540391922,0.15859387814998627,0.9888679385185242,0.37764492630958557,0.836236298084259,0.16051670908927917,0.8714572191238403,0.3567121624946594,0.8421233892440796,0.1654919981956482,0.8716636300086975,0.3920665383338928,0.8805520534515381,0.028622284531593323,0.9837887287139893,0.3370313346385956,0.8962891697883606,0.03695311397314072,0.9840176105499268
178,walk,0.3422343134880066,0.09139040857553482,-0.2925412952899933,0.999994695186615,0.3477001190185547,0.07799309492111206,-0.27554160356521606,0.999981164932251,0.35182079672813416,0.07816418260335922,-0.275555819272995,0.9999796152114868,0.3543374538421631,0.07854407280683517,-0.27553561329841614,0.99997878074646,0.3358284831047058,0.0799327865242958,-0.274173766374588,0.9999805688858032,0.3324001431465149,0.08137700706720352,-0.27418166399002075,0.9999774098396301,0.3288002908229828,0.08283126354217529,-0.2741900086402893,0.9999783635139465,0.36158978939056396,0.09011949598789215,-0.16575534641742706,0.9999603033065796,0.3254980146884918,0.09501278400421143,-0.1597592532634735,0.9999534487724304,0.35184139013290405,0.11300969868898392,-0.25113004446029663,0.9999926686286926,0.33563804626464844,0.11447130888700485,-0.24941317737102509,0.9999920725822449,0.3972116708755493,0.1960926651954651,-0.09352904558181763,0.9999770522117615,0.3045845627784729,0.20509514212608337,-0.08065984398126602,0.9999635815620422,0.41284504532814026,0.3268504738807678,-0.0594530925154686,0.9893969297409058,0.29215195775032043,0.3407425582408905,-0.04719386249780655,0.9785203337669373,0.40576329827308655,0.44263285398483276,-0.17074710130691528,0.9828740358352661,0.2989993691444397,0.4540480673313141,-0.15223370492458344,0.9666784405708313,0.4045584797859192,0.4846566915512085,-0.20617344975471497,0.9639681577682495,0.2996033728122711,0.49286970496177673,-0.18653680384159088,0.9371346831321716,0.39792895317077637,0.47990646958351135,-0.23813071846961975,0.9651322364807129,0.3077836036682129,0.48800304532051086,-0.21638211607933044,0.9393860101699829,0.39657819271087646,0.468967467546463,-0.18511249125003815,0.9544404745101929,0.3100280463695526,0.4779529571533203,-0.16586127877235413,0.9288103580474854,0.38070130348205566,0.4464244544506073,-0.0063192881643772125,0.9997372627258301,0.32793697714805603,0.4519934356212616,0.006293948739767075,0.9997826218605042,0.3775947093963623,0.6366209387779236,-0.014145590364933014,0.9897704124450684,0.33451542258262634,0.6392643451690674,0.002331332303583622,0.9893491864204407,0.3808130621910095,0.8176464438438416,0.14771130681037903,0.987900972366333,0.3506804406642914,0.8225456476211548,0.15481331944465637,0.9889637231826782,0.37763816118240356,0.8361621499061584,0.15517523884773254,0.8724778294563293,0.3566128611564636,0.8420654535293579,0.16149355471134186,0.8726290464401245,0.3920329511165619,0.8805528283119202,0.025158369913697243,0.9838376045227051,0.3369583487510681,0.8963295817375183,0.033245597034692764,0.98411625623703
179,walk,0.3423570990562439,0.09139485657215118,-0.30475372076034546,0.9999948143959045,0.34788814187049866,0.07799846678972244,-0.2878999412059784,0.9999816417694092,0.3519989848136902,0.07816754281520844,-0.28790971636772156,0.999980092048645,0.35454899072647095,0.0785454511642456,-0.287891685962677,0.9999793171882629,0.3360190987586975,0.07994255423545837,-0.2868204414844513,0.9999811053276062,0.33257970213890076,0.08138138800859451,-0.286833256483078,0.9999780654907227,0.32900771498680115,0.08283627033233643,-0.2868407964706421,0.9999790191650391,0.3618711531162262,0.09011667966842651,-0.17700791358947754,0.9999611973762512,0.32574155926704407,0.0950145497918129,-0.17245963215827942,0.999954879283905,0.3519401252269745,0.11300115287303925,-0.2627203166484833,0.9999927878379822,0.33579862117767334,0.11446920037269592,-0.2614527940750122,0.9999922513961792,0.39743804931640625,0.19605043530464172,-0.10097259283065796,0.9999769330024719,0.30477166175842285,0.20503133535385132,-0.09115226566791534,0.999963641166687,0.41316962242126465,0.3273910880088806,-0.06020219251513481,0.9894566535949707,0.29249581694602966,0.34093523025512695,-0.055219851434230804,0.9788075089454651,0.40603527426719666,0.44316428899765015,-0.16980011761188507,0.9829767942428589,0.2989347279071808,0.45532891154289246,-0.1584424376487732,0.9668079018592834,0.4048782289028168,0.4849775433540344,-0.20407536625862122,0.9640989899635315,0.2996176779270172,0.49363207817077637,-0.19210150837898254,0.9372326135635376,0.39816126227378845,0.4802590310573578,-0.23640072345733643,0.9652574062347412,0.307750403881073,0.48867323994636536,-0.22233796119689941,0.9394322037696838,0.3968002200126648,0.4694000780582428,-0.18410637974739075,0.9545914530754089,0.3099159896373749,0.47863084077835083,-0.1721397489309311,0.9287173748016357,0.3809228837490082,0.44590508937835693,-0.0060774581506848335,0.9997374415397644,0.3281860649585724,0.45171529054641724,0.00604533264413476,0.9997828602790833,0.37761950492858887,0.6358153223991394,-0.016008678823709488,0.9897118806838989,0.3345324397087097,0.6389139890670776,0.0007517917547374964,0.9893488883972168,0.3808160424232483,0.8176212906837463,0.14205998182296753,0.9878912568092346,0.35061144828796387,0.8225418925285339,0.14878980815410614,0.9889994859695435,0.3776327669620514,0.8361291885375977,0.1491471230983734,0.8730147480964661,0.35651516914367676,0.8420737385749817,0.1550292819738388,0.8726966381072998,0.3919433355331421,0.8805878758430481,0.019090639427304268,0.9838449358940125,0.336931049823761,0.8963530659675598,0.02613426372408867,0.9841318726539612
180,walk,0.3426820635795593,0.09137517213821411,-0.3044802248477936,0.9999949336051941,0.34829580783843994,0.07800088822841644,-0.28766176104545593,0.9999820590019226,0.35231977701187134,0.078171506524086,-0.287672221660614,0.9999805092811584,0.35491371154785156,0.0785490944981575,-0.287649929523468,0.9999797344207764,0.33638811111450195,0.07994581013917923,-0.28645771741867065,0.9999815821647644,0.3328593373298645,0.08138342946767807,-0.28647103905677795,0.9999786019325256,0.3293207287788391,0.08283863961696625,-0.2864797115325928,0.999979555606842,0.3622320294380188,0.09011511504650116,-0.17716357111930847,0.9999618530273438,0.3259850740432739,0.0950145274400711,-0.1720789223909378,0.9999560117721558,0.3522402346134186,0.11299741268157959,-0.26264718174934387,0.9999929070472717,0.33611953258514404,0.11444354802370071,-0.2612214684486389,0.9999924302101135,0.3976227343082428,0.19604085385799408,-0.10218392312526703,0.9999769330024719,0.30501267313957214,0.20502980053424835,-0.09067954868078232,0.9999638795852661,0.4134112000465393,0.32778289914131165,-0.061738889664411545,0.989511251449585,0.2928018569946289,0.3411538004875183,-0.0544506199657917,0.9790921211242676,0.4062371850013733,0.44354841113090515,-0.17002761363983154,0.9831401109695435,0.29869344830513,0.4562828838825226,-0.15821200609207153,0.9671094417572021,0.4051831364631653,0.48511162400245667,-0.20498552918434143,0.9643785357475281,0.2993394136428833,0.49421292543411255,-0.1917753964662552,0.9376522898674011,0.3984341621398926,0.4803353548049927,-0.23704926669597626,0.9655250310897827,0.3074769079685211,0.4893794059753418,-0.22214767336845398,0.9398092031478882,0.39705270528793335,0.4694870412349701,-0.18434061110019684,0.9549100399017334,0.30962637066841125,0.47931015491485596,-0.1719823181629181,0.9290385246276855,0.38121870160102844,0.4458213746547699,-0.005957154557108879,0.9997381567955017,0.32842355966567993,0.4517066180706024,0.005919811315834522,0.9997839331626892,0.3776269555091858,0.6351264715194702,-0.01657758094370365,0.9897772073745728,0.33459383249282837,0.6387349963188171,6.794802902732044e-05,0.9894456267356873,0.3808375597000122,0.8174800276756287,0.1411365568637848,0.9880537986755371,0.35057875514030457,0.8224842548370361,0.1480611115694046,0.9891670942306519,0.37763237953186035,0.8358332514762878,0.1482367217540741,0.8745948076248169,0.3564484119415283,0.8420496582984924,0.1543208807706833,0.8737691044807434,0.39187759160995483,0.8806527256965637,0.018211208283901215,0.984083354473114,0.3369270861148834,0.8963633179664612,0.025427162647247314,0.9843481779098511
181,walk,0.34271666407585144,0.09149853140115738,-0.30919981002807617,0.9999950528144836,0.3484273850917816,0.07812502980232239,-0.2926740050315857,0.9999825954437256,0.3524361252784729,0.07828527688980103,-0.2926813066005707,0.9999811053276062,0.35507068037986755,0.07864443212747574,-0.29265934228897095,0.9999803304672241,0.3365165591239929,0.0800766870379448,-0.2913059592247009,0.9999821782112122,0.33298683166503906,0.08146848529577255,-0.2913209795951843,0.9999793171882629,0.3294666111469269,0.08291128277778625,-0.2913280129432678,0.9999802112579346,0.3624184727668762,0.09013580530881882,-0.1821221560239792,0.9999629259109497,0.3262298107147217,0.09502279758453369,-0.1762898862361908,0.9999573826789856,0.352264940738678,0.11304282397031784,-0.2672005295753479,0.999993085861206,0.3361959159374237,0.11446242779493332,-0.26555901765823364,0.9999926090240479,0.39776259660720825,0.1960262507200241,-0.10632727295160294,0.9999771118164062,0.3051992356777191,0.20513217151165009,-0.09247460216283798,0.99996417760849,0.41364797949790955,0.3279597759246826,-0.06605339795351028,0.9896116256713867,0.293478786945343,0.34129396080970764,-0.054692935198545456,0.9792217016220093,0.40638938546180725,0.4437209665775299,-0.17314648628234863,0.9833105206489563,0.2984877824783325,0.45745590329170227,-0.15866422653198242,0.9673206210136414,0.40538305044174194,0.4852057993412018,-0.20748603343963623,0.9646429419517517,0.2991534471511841,0.49512481689453125,-0.1920461803674698,0.9379590153694153,0.3985747694969177,0.4804215431213379,-0.23991303145885468,0.9657829999923706,0.3071771264076233,0.49053534865379333,-0.22286400198936462,0.9400959014892578,0.3971826434135437,0.46958762407302856,-0.18743833899497986,0.9551911354064941,0.30931878089904785,0.48036256432533264,-0.17262797057628632,0.9292499423027039,0.3815224766731262,0.44527605175971985,-0.005985359661281109,0.9997395277023315,0.32869774103164673,0.4513393044471741,0.005945640616118908,0.9997849464416504,0.3776354193687439,0.6343742609024048,-0.019332975149154663,0.98983234167099,0.33473360538482666,0.6383775472640991,-7.601264223922044e-05,0.9894735813140869,0.380840539932251,0.8174057006835938,0.13508781790733337,0.9882104396820068,0.3505694270133972,0.822437047958374,0.14618921279907227,0.9892826080322266,0.37762290239334106,0.8357096314430237,0.14181379973888397,0.8761008977890015,0.356438010931015,0.8420450687408447,0.1522248089313507,0.8747166991233826,0.39174243807792664,0.8808334469795227,0.010917739942669868,0.9842795729637146,0.33689942955970764,0.8964259624481201,0.02335100620985031,0.9844933748245239
182,walk,0.34272509813308716,0.0915302187204361,-0.30919960141181946,0.9999951720237732,0.348532497882843,0.07819550484418869,-0.29271945357322693,0.9999830722808838,0.35254204273223877,0.0783502608537674,-0.2927261292934418,0.9999816417694092,0.35522785782814026,0.07870549708604813,-0.2927039861679077,0.9999808669090271,0.3366013169288635,0.0801442340016365,-0.29109475016593933,0.9999827146530151,0.3330748677253723,0.08150796592235565,-0.29111146926879883,0.9999799132347107,0.32957765460014343,0.08294165134429932,-0.29111889004707336,0.9999808073043823,0.36263543367385864,0.09016107022762299,-0.18241168558597565,0.9999638795852661,0.32650676369667053,0.09502687305212021,-0.17546598613262177,0.9999585151672363,0.3522886633872986,0.11305871605873108,-0.2673448324203491,0.9999932050704956,0.3362298309803009,0.1144619733095169,-0.26537343859672546,0.9999927282333374,0.3980463147163391,0.19602173566818237,-0.106967493891716,0.9999771118164062,0.305520623922348,0.20517736673355103,-0.09245820343494415,0.9999644160270691,0.41398540139198303,0.32871755957603455,-0.06930496543645859,0.9896643757820129,0.2939496338367462,0.34130728244781494,-0.05501601845026016,0.9792503118515015,0.40651950240135193,0.44423654675483704,-0.17788037657737732,0.9833295345306396,0.2983536124229431,0.4577563405036926,-0.1595146507024765,0.9672411680221558,0.40545853972435,0.4855753481388092,-0.21222984790802002,0.964597761631012,0.2989930510520935,0.4953440725803375,-0.1930113285779953,0.9377699494361877,0.3986183702945709,0.480664998292923,-0.24475117027759552,0.9657382965087891,0.30698081851005554,0.4908130168914795,-0.22381189465522766,0.9399040937423706,0.39722463488578796,0.4698507487773895,-0.19220052659511566,0.9550737142562866,0.30913078784942627,0.4806119203567505,-0.1735311895608902,0.9288957118988037,0.38164404034614563,0.44501546025276184,-0.005923125892877579,0.9997410774230957,0.32870742678642273,0.4509791433811188,0.005878767929971218,0.9997864961624146,0.37768107652664185,0.6338474154472351,-0.021678688004612923,0.9898021817207336,0.3349434733390808,0.6380662322044373,-0.0018510582158342004,0.989494800567627,0.3808271288871765,0.8173942565917969,0.12935572862625122,0.9883198738098145,0.3505536615848541,0.8223561644554138,0.14149269461631775,0.9893858432769775,0.37760722637176514,0.8356929421424866,0.13580439984798431,0.8774922490119934,0.3564308285713196,0.8420215845108032,0.14721405506134033,0.875299870967865,0.3915501832962036,0.8810337781906128,0.004284834489226341,0.9844638705253601,0.33689576387405396,0.8965070247650146,0.017890384420752525,0.9846327304840088
183,walk,0.342808336019516,0.09204265475273132,-0.30970674753189087,0.9999952912330627,0.3487057089805603,0.07851236313581467,-0.2934628427028656,0.9999834895133972,0.352699339389801,0.07862697541713715,-0.29346969723701477,0.9999821186065674,0.35541754961013794,0.07896478474140167,-0.29345065355300903,0.9999813437461853,0.3367757201194763,0.0805089920759201,-0.29168376326560974,0.9999831914901733,0.3332560956478119,0.0818185806274414,-0.2917008399963379,0.9999804496765137,0.3297828435897827,0.08329693228006363,-0.2917075753211975,0.9999813437461853,0.3628222346305847,0.09028548002243042,-0.18328312039375305,0.9999647736549377,0.3268031179904938,0.09513776749372482,-0.17563655972480774,0.9999595284461975,0.3523758053779602,0.11327359825372696,-0.2677932381629944,0.9999933242797852,0.3363739550113678,0.11468638479709625,-0.26561829447746277,0.999992847442627,0.398267924785614,0.19602935016155243,-0.1081380620598793,0.9999772310256958,0.3058393597602844,0.2051842361688614,-0.0915459543466568,0.9999646544456482,0.4141656756401062,0.32874444127082825,-0.07500021904706955,0.9896939396858215,0.29423314332962036,0.3413674831390381,-0.054083406925201416,0.9792970418930054,0.40669187903404236,0.4441184997558594,-0.1895066797733307,0.9833784103393555,0.29830294847488403,0.4577983021736145,-0.1587957888841629,0.9673150777816772,0.4055596888065338,0.4855780303478241,-0.22546085715293884,0.9646435976028442,0.298957884311676,0.4954412281513214,-0.19234885275363922,0.9378173351287842,0.3987089991569519,0.4806991517543793,-0.25790947675704956,0.9657798409461975,0.306919664144516,0.49106067419052124,-0.22325372695922852,0.9399468302726746,0.3973037600517273,0.4698868989944458,-0.20402488112449646,0.9550369381904602,0.30905476212501526,0.48077937960624695,-0.17287376523017883,0.9288389682769775,0.3817853331565857,0.4442935883998871,-0.006075805518776178,0.9997419714927673,0.3287661671638489,0.450018048286438,0.006029016803950071,0.9997877478599548,0.3776940703392029,0.6331098675727844,-0.0239434652030468,0.9897663593292236,0.33521366119384766,0.637825071811676,-0.001844167709350586,0.9894678592681885,0.3808128833770752,0.8173623085021973,0.12194321304559708,0.9884114861488342,0.3505415916442871,0.8223433494567871,0.13821135461330414,0.9894462823867798,0.37759703397750854,0.835649847984314,0.12784022092819214,0.8785738348960876,0.3564252555370331,0.8420191407203674,0.1435195505619049,0.8758394122123718,0.39133408665657043,0.8811071515083313,-0.004533725790679455,0.984600841999054,0.3368736803531647,0.8965426683425903,0.014095097780227661,0.984694242477417
184,walk,0.34298384189605713,0.0922827497124672,-0.30827659368515015,0.9999954104423523,0.34887248277664185,0.078672394156456,-0.29192909598350525,0.9999839663505554,0.3528578281402588,0.07875619828701019,-0.29193732142448425,0.9999826550483704,0.35559332370758057,0.07907489687204361,-0.2919180393218994,0.9999818801879883,0.33694446086883545,0.0807119831442833,-0.29018890857696533,0.9999836683273315,0.3334420323371887,0.08200395107269287,-0.29020440578460693,0.9999810457229614,0.3299807906150818,0.08354248106479645,-0.29021134972572327,0.9999818801879883,0.36302870512008667,0.0903339684009552,-0.18195827305316925,0.9999657869338989,0.3270714581012726,0.09525492042303085,-0.17437691986560822,0.9999606609344482,0.3525669276714325,0.11339010298252106,-0.26646700501441956,0.9999934434890747,0.33664482831954956,0.11484166979789734,-0.26434171199798584,0.9999929666519165,0.39858850836753845,0.1959909051656723,-0.10781604051589966,0.9999774694442749,0.30622169375419617,0.20524993538856506,-0.09141494333744049,0.9999649524688721,0.41434168815612793,0.32806530594825745,-0.0800371840596199,0.9897904992103577,0.29466694593429565,0.34157881140708923,-0.052665770053863525,0.9794949889183044,0.4070219397544861,0.4436357319355011,-0.1997528374195099,0.9835947751998901,0.2982475757598877,0.45824500918388367,-0.15661892294883728,0.9677041172981262,0.40586644411087036,0.48539412021636963,-0.23667733371257782,0.9650508165359497,0.29862579703330994,0.49591463804244995,-0.1899222880601883,0.9384168982505798,0.39898863434791565,0.480631560087204,-0.2687079906463623,0.9661698937416077,0.30642443895339966,0.4916141629219055,-0.2209259569644928,0.9405279755592346,0.39757534861564636,0.46981561183929443,-0.2142479419708252,0.955466091632843,0.30877166986465454,0.4811345934867859,-0.1707054227590561,0.9294063448905945,0.3820940852165222,0.44423240423202515,-0.006327553652226925,0.9997422099113464,0.3288929760456085,0.44972288608551025,0.006280896719545126,0.9997886419296265,0.3777066171169281,0.6328513622283936,-0.02353636547923088,0.9897729158401489,0.335388720035553,0.6376019716262817,-0.0015863660955801606,0.9895337224006653,0.3807823657989502,0.8173435926437378,0.12009122222661972,0.9885001182556152,0.35053619742393494,0.8222776055335999,0.13648954033851624,0.989526629447937,0.3775668442249298,0.8356371521949768,0.12573564052581787,0.8797134160995483,0.3564246594905853,0.8420165777206421,0.14155443012714386,0.8764898777008057,0.3910481035709381,0.8811048865318298,-0.006088969297707081,0.9847042560577393,0.3368704319000244,0.8965460062026978,0.012818308547139168,0.9847497940063477
185,walk,0.34337863326072693,0.09228353202342987,-0.30665159225463867,0.9999954104423523,0.34917375445365906,0.07868902385234833,-0.29060667753219604,0.999984085559845,0.3531070351600647,0.07876894623041153,-0.29061681032180786,0.9999827742576599,0.35584819316864014,0.07908288389444351,-0.2905988395214081,0.9999820590019226,0.3372279405593872,0.08073797076940536,-0.28866565227508545,0.9999837279319763,0.3336951434612274,0.08202577382326126,-0.28868189454078674,0.999981164932251,0.33025527000427246,0.08357901126146317,-0.2886873781681061,0.9999819993972778,0.3632514774799347,0.09033027291297913,-0.18125127255916595,0.9999660849571228,0.32727521657943726,0.09528597444295883,-0.17263995110988617,0.9999608397483826,0.3529517650604248,0.11339087784290314,-0.2649930417537689,0.9999934434890747,0.3370554447174072,0.11485122889280319,-0.262544184923172,0.9999929070472717,0.3990027606487274,0.1958625614643097,-0.10727991908788681,0.9999775886535645,0.30660325288772583,0.2052604705095291,-0.08792199939489365,0.9999647736549377,0.41438260674476624,0.32726675271987915,-0.08022138476371765,0.9898070096969604,0.2950851321220398,0.3418214023113251,-0.04914035275578499,0.9795680642127991,0.40723830461502075,0.4432615041732788,-0.19995816051959991,0.9837523102760315,0.2981240153312683,0.4583889842033386,-0.15360073745250702,0.968033492565155,0.4060195982456207,0.4852878451347351,-0.23698437213897705,0.9653822183609009,0.2982547879219055,0.4960588812828064,-0.18699783086776733,0.9389843344688416,0.39916902780532837,0.4805912971496582,-0.26893940567970276,0.9664880633354187,0.30588048696517944,0.49190229177474976,-0.21836969256401062,0.9410912990570068,0.3977607488632202,0.46976029872894287,-0.2144434154033661,0.9558250904083252,0.30843186378479004,0.4813457131385803,-0.1679021418094635,0.9299867749214172,0.38256481289863586,0.44419679045677185,-0.006621752865612507,0.999742329120636,0.329128235578537,0.4495439827442169,0.006577147636562586,0.9997885227203369,0.3778809607028961,0.6327409744262695,-0.024421386420726776,0.9898031949996948,0.3355056047439575,0.6372359395027161,-0.0014221806777641177,0.9895787239074707,0.3807939887046814,0.8173328042030334,0.12134423106908798,0.9885891675949097,0.3505393862724304,0.8222349286079407,0.13807611167430878,0.989587128162384,0.3775695860385895,0.8356198668479919,0.12728771567344666,0.8807395100593567,0.35644713044166565,0.8419992327690125,0.14340819418430328,0.8770865201950073,0.39088013768196106,0.8811226487159729,-0.004633903969079256,0.9848023056983948,0.3368940055370331,0.8965237140655518,0.014666968956589699,0.9847915172576904
186,walk,0.3437620997428894,0.0922495499253273,-0.2883411943912506,0.9999952912330627,0.3495248556137085,0.07869153469800949,-0.27205029129981995,0.9999838471412659,0.3534013628959656,0.07877197116613388,-0.27206671237945557,0.999982476234436,0.356160968542099,0.0790838897228241,-0.27204766869544983,0.9999817609786987,0.33758634328842163,0.0807386264204979,-0.2700413465499878,0.9999834299087524,0.33401477336883545,0.08202289789915085,-0.27004900574684143,0.9999807476997375,0.3306090235710144,0.08357357233762741,-0.2700527310371399,0.9999815821647644,0.3635774254798889,0.09032941609621048,-0.164364293217659,0.9999657273292542,0.3275107741355896,0.09528080374002457,-0.155264750123024,0.9999599456787109,0.3532859981060028,0.1133761927485466,-0.24754777550697327,0.9999933242797852,0.3374412953853607,0.11484012752771378,-0.24492761492729187,0.9999927282333374,0.3993144631385803,0.19569791853427887,-0.0977080911397934,0.999977707862854,0.3069780468940735,0.2052357792854309,-0.07460781931877136,0.9999642372131348,0.41449564695358276,0.32595813274383545,-0.078740693628788,0.9897910952568054,0.29559558629989624,0.34178486466407776,-0.0399455651640892,0.9794011116027832,0.4074997007846832,0.4426090717315674,-0.1990889608860016,0.9839394688606262,0.29777395725250244,0.45837971568107605,-0.14559981226921082,0.9680617451667786,0.40621018409729004,0.4850877523422241,-0.23664596676826477,0.965822696685791,0.29764893651008606,0.49607476592063904,-0.17967110872268677,0.9391127228736877,0.3993740677833557,0.4804057776927948,-0.2681230902671814,0.9669068455696106,0.3051367402076721,0.4919646680355072,-0.2110569030046463,0.9412257671356201,0.3979712128639221,0.4694654643535614,-0.21352791786193848,0.9563249945640564,0.3078611493110657,0.4813578724861145,-0.16013245284557343,0.9301333427429199,0.38275980949401855,0.4443373382091522,-0.006830851547420025,0.9997432827949524,0.329219788312912,0.4495431184768677,0.0067922151647508144,0.9997884631156921,0.3780260384082794,0.6327295303344727,-0.023849163204431534,0.9897758364677429,0.3355596363544464,0.6372108459472656,-0.0013025664957240224,0.9895851016044617,0.3807687759399414,0.8173243403434753,0.12356327474117279,0.9885709285736084,0.3505389094352722,0.8222097754478455,0.13938173651695251,0.9895984530448914,0.3775455355644226,0.8356087803840637,0.1297096312046051,0.8809643387794495,0.35644790530204773,0.8419956564903259,0.14489416778087616,0.8774096965789795,0.39049914479255676,0.8811137080192566,-0.0018673496088013053,0.9847740530967712,0.33690035343170166,0.896526575088501,0.016184687614440918,0.9847655892372131
187,walk,0.3440021276473999,0.09233827888965607,-0.285503089427948,0.9999952912330627,0.349783718585968,0.0787571519613266,-0.2693593502044678,0.9999839067459106,0.3536487817764282,0.07883252203464508,-0.26937437057495117,0.9999825954437256,0.3564228117465973,0.07914042472839355,-0.26935315132141113,0.9999818801879883,0.3378295600414276,0.08079362660646439,-0.26736122369766235,0.9999834299087524,0.3342624306678772,0.08206049352884293,-0.26736727356910706,0.9999807476997375,0.3308582007884979,0.08361183106899261,-0.26736876368522644,0.9999815821647644,0.36391255259513855,0.09035135805606842,-0.16222208738327026,0.999966025352478,0.32776856422424316,0.09529417008161545,-0.15324746072292328,0.9999598860740662,0.3534810245037079,0.11339519172906876,-0.24487487971782684,0.9999933242797852,0.33771464228630066,0.11486901342868805,-0.24228882789611816,0.9999927282333374,0.3997250497341156,0.19554448127746582,-0.09590132534503937,0.999978244304657,0.30753716826438904,0.20517900586128235,-0.0723503977060318,0.9999643564224243,0.41461172699928284,0.32522279024124146,-0.07857806235551834,0.9899610877037048,0.2962242066860199,0.34144073724746704,-0.03705985099077225,0.9794751405715942,0.4076694846153259,0.44194847345352173,-0.19664166867733002,0.984413743019104,0.2976115942001343,0.45837831497192383,-0.14161695539951324,0.9684948325157166,0.4063396453857422,0.4849877953529358,-0.2338581085205078,0.9667840600013733,0.29729703068733215,0.49611836671829224,-0.1754705160856247,0.939887523651123,0.3994751572608948,0.48033592104911804,-0.2654551863670349,0.9678338170051575,0.3047570586204529,0.49207746982574463,-0.20684996247291565,0.9419720768928528,0.39804384112358093,0.46934568881988525,-0.21105578541755676,0.9574806690216064,0.3075518012046814,0.4813932180404663,-0.15609396994113922,0.9309839010238647,0.3829885721206665,0.44438791275024414,-0.0069984556175768375,0.999745786190033,0.3293937146663666,0.44950297474861145,0.006961978040635586,0.9997895359992981,0.37804025411605835,0.6327342391014099,-0.023506173864006996,0.9897958040237427,0.3357202410697937,0.6372390389442444,-0.0011465998832136393,0.9896107912063599,0.38076430559158325,0.8173547387123108,0.12467537075281143,0.988594114780426,0.35053735971450806,0.8221322894096375,0.1400936394929886,0.9896003007888794,0.377530038356781,0.835608184337616,0.1308141052722931,0.8812521696090698,0.3564471900463104,0.8419303297996521,0.145667165517807,0.8775888681411743,0.3903058171272278,0.8811236023902893,-0.00044081819942221045,0.9847710728645325,0.33690816164016724,0.8964837789535522,0.017051849514245987,0.9847360253334045
188,walk,0.3444891571998596,0.09263776987791061,-0.28699764609336853,0.9999952912330627,0.350222647190094,0.07892576605081558,-0.2717432379722595,0.9999839663505554,0.35404056310653687,0.07899188250303268,-0.2717615067958832,0.9999826550483704,0.3568428158760071,0.0792848989367485,-0.27174514532089233,0.9999819993972778,0.33824023604393005,0.08097163587808609,-0.26971614360809326,0.9999834299087524,0.3346675932407379,0.08226196467876434,-0.2697172164916992,0.9999806880950928,0.3312625288963318,0.08388648927211761,-0.2697160542011261,0.9999815225601196,0.36432144045829773,0.0904068872332573,-0.16532889008522034,0.9999662637710571,0.328113853931427,0.09544859081506729,-0.156392902135849,0.9999596476554871,0.35390785336494446,0.11351210623979568,-0.24630916118621826,0.9999933242797852,0.33823227882385254,0.1150253415107727,-0.24365773797035217,0.9999927282333374,0.400153785943985,0.19537116587162018,-0.09858672320842743,0.9999788403511047,0.30805832147598267,0.20517908036708832,-0.07304952293634415,0.9999642372131348,0.4147828221321106,0.3247501850128174,-0.07870824635028839,0.9901849031448364,0.2964419424533844,0.3413793742656708,-0.03848842531442642,0.9795620441436768,0.408017635345459,0.4415368437767029,-0.19748535752296448,0.984979510307312,0.2973591983318329,0.4586960971355438,-0.14313443005084991,0.9689871668815613,0.4065750539302826,0.4848243296146393,-0.23475858569145203,0.9678890705108643,0.29687660932540894,0.49655741453170776,-0.17695403099060059,0.940767765045166,0.39970192313194275,0.48024770617485046,-0.26664960384368896,0.9689091444015503,0.3043689727783203,0.49267706274986267,-0.20813369750976562,0.9428330063819885,0.3982628285884857,0.46923819184303284,-0.21191342175006866,0.9588305950164795,0.3072209060192108,0.4817590117454529,-0.15750648081302643,0.9319560527801514,0.383145809173584,0.4444795250892639,-0.00704955542460084,0.9997465014457703,0.32950568199157715,0.4494633078575134,0.007012791000306606,0.9997888803482056,0.3780885636806488,0.633243203163147,-0.01992528699338436,0.9897886514663696,0.3358180522918701,0.6372522115707397,5.754341327701695e-05,0.9895778894424438,0.38078537583351135,0.8173949122428894,0.1276317983865738,0.9885877370834351,0.35053572058677673,0.8221239447593689,0.14240393042564392,0.9895400404930115,0.3775302469730377,0.8356025815010071,0.13377690315246582,0.8814166188240051,0.35642868280410767,0.8419185876846313,0.14817968010902405,0.8771401047706604,0.39029645919799805,0.8811246156692505,0.002926707500591874,0.9847291111946106,0.33694005012512207,0.8964787125587463,0.01992400549352169,0.9846246838569641
189,walk,0.345131516456604,0.0926583856344223,-0.2889328598976135,0.999995231628418,0.3507789373397827,0.07895004749298096,-0.27325257658958435,0.9999837875366211,0.35451269149780273,0.07901490479707718,-0.2732706069946289,0.999982476234436,0.3573649823665619,0.07930053770542145,-0.2732525169849396,0.9999818801879883,0.3387083411216736,0.08099681884050369,-0.27132219076156616,0.9999831914901733,0.33509063720703125,0.08229099214076996,-0.2713260054588318,0.9999803900718689,0.33170175552368164,0.08392876386642456,-0.2713276743888855,0.999981164932251,0.3648030459880829,0.09041062742471695,-0.16621385514736176,0.9999659657478333,0.3284645080566406,0.09550965577363968,-0.15760056674480438,0.999958872795105,0.3544900715351105,0.11352042108774185,-0.24809613823890686,0.9999932646751404,0.33876973390579224,0.11504600197076797,-0.24559131264686584,0.9999926090240479,0.40058550238609314,0.19520460069179535,-0.09883160889148712,0.9999793171882629,0.3085484206676483,0.20520871877670288,-0.07463248819112778,0.9999638795852661,0.4149971604347229,0.32422950863838196,-0.07864224165678024,0.9903454780578613,0.29672831296920776,0.3414117097854614,-0.0391620509326458,0.979724645614624,0.4082963466644287,0.4413359761238098,-0.19913096725940704,0.9854678511619568,0.2972075343132019,0.45930102467536926,-0.14352628588676453,0.9694904088973999,0.4068252146244049,0.48463407158851624,-0.23669783771038055,0.9688596129417419,0.29670271277427673,0.4972025454044342,-0.17735376954078674,0.9416455030441284,0.3999698758125305,0.48009979724884033,-0.2684172987937927,0.9698461890220642,0.30423200130462646,0.49358808994293213,-0.20857611298561096,0.9436812400817871,0.39854303002357483,0.46907517313957214,-0.21352525055408478,0.9600290656089783,0.30709683895111084,0.48252159357070923,-0.15787282586097717,0.9329363107681274,0.3834150731563568,0.4448367953300476,-0.007063578814268112,0.9997469782829285,0.3296535909175873,0.44946783781051636,0.007027136627584696,0.9997879862785339,0.37820690870285034,0.6343199610710144,-0.016565704718232155,0.989708662033081,0.33591407537460327,0.6373120546340942,0.001045298995450139,0.9895099997520447,0.3808864653110504,0.8174139857292175,0.1329619288444519,0.9884549379348755,0.35055699944496155,0.8221191167831421,0.1452643722295761,0.9893918037414551,0.3775891065597534,0.8355837464332581,0.13944335281848907,0.8807588219642639,0.35644015669822693,0.8418266177177429,0.1513884961605072,0.8759555816650391,0.3904241919517517,0.8811253309249878,0.009393914602696896,0.9845426678657532,0.33709168434143066,0.8964783549308777,0.023656461387872696,0.9843956828117371
190,walk,0.3456217646598816,0.0927618220448494,-0.3047918677330017,0.9999952912330627,0.3512735068798065,0.07901827245950699,-0.2891037166118622,0.999984085559845,0.3549855649471283,0.07909566164016724,-0.28911998867988586,0.9999827742576599,0.35790926218032837,0.0793837457895279,-0.2890995144844055,0.9999821782112122,0.33909857273101807,0.08104805648326874,-0.287318617105484,0.9999834299087524,0.3354676365852356,0.0823502391576767,-0.2873305678367615,0.9999806880950928,0.3320740759372711,0.0840102955698967,-0.28733697533607483,0.9999814033508301,0.3653380274772644,0.09046757221221924,-0.1802798956632614,0.999966561794281,0.32880133390426636,0.09556961059570312,-0.17224843800067902,0.999959409236908,0.35495567321777344,0.11357880383729935,-0.263114869594574,0.9999933838844299,0.33917897939682007,0.11509378254413605,-0.260806679725647,0.9999926686286926,0.4010218679904938,0.19511233270168304,-0.10805735737085342,0.9999797940254211,0.30883997678756714,0.20529726147651672,-0.08492494374513626,0.9999639391899109,0.41549190878868103,0.3242335915565491,-0.08072234690189362,0.9905586838722229,0.2970336079597473,0.3416079878807068,-0.04387180507183075,0.9799423217773438,0.40862613916397095,0.44128134846687317,-0.19967451691627502,0.9859042763710022,0.29717200994491577,0.4600854218006134,-0.1477741301059723,0.9699932336807251,0.4071647524833679,0.4845677614212036,-0.2367570698261261,0.9696851372718811,0.29667991399765015,0.49803510308265686,-0.18106889724731445,0.9424926042556763,0.40031003952026367,0.4800543189048767,-0.26901358366012573,0.970647394657135,0.3042147159576416,0.4945569634437561,-0.21304115653038025,0.944507896900177,0.3988701105117798,0.46904370188713074,-0.21414104104042053,0.9610459804534912,0.3070600628852844,0.48339372873306274,-0.1622425764799118,0.9338870644569397,0.38394883275032043,0.44500625133514404,-0.007117516361176968,0.99974524974823,0.33004528284072876,0.4494752585887909,0.007079606410115957,0.9997861385345459,0.3783491253852844,0.635559618473053,-0.01648535206913948,0.9896605014801025,0.33596545457839966,0.637461245059967,0.0017634376417845488,0.9894232153892517,0.38094058632850647,0.8174363970756531,0.1353202760219574,0.9883601665496826,0.350570410490036,0.8220967650413513,0.1474488079547882,0.9892594814300537,0.37763866782188416,0.8355785012245178,0.14202098548412323,0.8804194331169128,0.3564625382423401,0.8417460322380066,0.15370774269104004,0.875203549861908,0.39044809341430664,0.8810585141181946,0.011623188853263855,0.9844042062759399,0.33710211515426636,0.8964797258377075,0.02545207180082798,0.9842087030410767
191,walk,0.3462561070919037,0.09279122948646545,-0.3089697062969208,0.9999953508377075,0.3518494963645935,0.07903453707695007,-0.2931489050388336,0.9999843239784241,0.35550299286842346,0.07911978662014008,-0.2931639552116394,0.9999830722808838,0.3584977090358734,0.079400435090065,-0.293143630027771,0.999982476234436,0.3395732343196869,0.0810541883111,-0.29150739312171936,0.9999836087226868,0.3358975052833557,0.08235558867454529,-0.2915204167366028,0.9999809265136719,0.33252987265586853,0.08401533961296082,-0.29152774810791016,0.9999816417694092,0.3658837676048279,0.09047146141529083,-0.18395179510116577,0.9999670386314392,0.32920321822166443,0.09557758271694183,-0.17664305865764618,0.9999597668647766,0.3555675745010376,0.11360184103250504,-0.26719561219215393,0.9999934434890747,0.3397657573223114,0.11510803550481796,-0.26510539650917053,0.9999927282333374,0.40163788199424744,0.19498533010482788,-0.11048635095357895,0.9999802112579346,0.3091338574886322,0.2053348273038864,-0.0902104526758194,0.9999638199806213,0.41598328948020935,0.3242432177066803,-0.08108855783939362,0.9907306432723999,0.29799211025238037,0.34165745973587036,-0.048280663788318634,0.9800753593444824,0.40917855501174927,0.4412303864955902,-0.19916246831417084,0.9862728714942932,0.297174870967865,0.4606417715549469,-0.15148653090000153,0.9703067541122437,0.4076250195503235,0.48447176814079285,-0.23589041829109192,0.9703840613365173,0.2966794967651367,0.4984356760978699,-0.18469427525997162,0.943063497543335,0.40073004364967346,0.4800235331058502,-0.2682979106903076,0.9713263511657715,0.30424192547798157,0.4949125051498413,-0.2165805548429489,0.9450672268867493,0.3993227779865265,0.46901485323905945,-0.21364548802375793,0.9619024395942688,0.3070674240589142,0.4837377369403839,-0.16587510704994202,0.9344791173934937,0.38439950346946716,0.4450071156024933,-0.006940069142729044,0.9997448325157166,0.3304004967212677,0.4493280053138733,0.006897709332406521,0.9997848868370056,0.37856191396713257,0.6358982920646667,-0.016674090176820755,0.989574670791626,0.33613282442092896,0.637460470199585,0.0007650199113413692,0.9893820881843567,0.3809778094291687,0.8174430131912231,0.13488098978996277,0.9882609844207764,0.3505932092666626,0.8219491839408875,0.1452285200357437,0.9891640543937683,0.3776795268058777,0.8355724811553955,0.14156189560890198,0.8800159096717834,0.35649093985557556,0.841513991355896,0.15135613083839417,0.8740985989570618,0.3904675841331482,0.881033182144165,0.01115165464580059,0.9842884540557861,0.33724620938301086,0.8964526653289795,0.022946935147047043,0.9840726256370544
192,walk,0.34679269790649414,0.09261395037174225,-0.3111446499824524,0.9999954104423523,0.3523898422718048,0.07896466553211212,-0.2951328456401825,0.9999844431877136,0.35599228739738464,0.07906880974769592,-0.2951478660106659,0.9999831914901733,0.35903018712997437,0.07933865487575531,-0.2951245903968811,0.9999825954437256,0.34013721346855164,0.08090020716190338,-0.2935711145401001,0.9999837279319763,0.3363954424858093,0.08219130337238312,-0.293586790561676,0.9999811053276062,0.33312588930130005,0.08377368003129959,-0.29359784722328186,0.9999818205833435,0.366396963596344,0.09041965007781982,-0.18617144227027893,0.9999672174453735,0.3297168016433716,0.09544795006513596,-0.17921200394630432,0.9999600648880005,0.3560870587825775,0.1135154739022255,-0.269595205783844,0.9999934434890747,0.340271532535553,0.11498002707958221,-0.2676084041595459,0.9999927282333374,0.402066171169281,0.1948634684085846,-0.11233410984277725,0.9999802708625793,0.3095227777957916,0.20541614294052124,-0.09406410157680511,0.999963641166687,0.4165867865085602,0.32426851987838745,-0.08055929839611053,0.9908823370933533,0.2985297441482544,0.3418269753456116,-0.05183469504117966,0.9802815318107605,0.40960264205932617,0.44123029708862305,-0.1961134672164917,0.986541211605072,0.29725372791290283,0.46114683151245117,-0.1547217220067978,0.9706929922103882,0.40795770287513733,0.48441070318222046,-0.23137982189655304,0.9708619713783264,0.2967676520347595,0.49878180027008057,-0.18776018917560577,0.9437291026115417,0.40100425481796265,0.47997039556503296,-0.2641572952270508,0.9717856049537659,0.30447661876678467,0.4952881634235382,-0.21956510841846466,0.9457125067710876,0.399637907743454,0.4689596891403198,-0.21047484874725342,0.9625082015991211,0.3072360157966614,0.4840799570083618,-0.16905561089515686,0.9352217316627502,0.3848990201950073,0.4456029236316681,-0.006788672413676977,0.9997411966323853,0.33097943663597107,0.4496973752975464,0.006742795463651419,0.999782383441925,0.3787958323955536,0.6361011266708374,-0.01645524427294731,0.9895193576812744,0.3362007439136505,0.6376194357872009,0.000734019442461431,0.9893596172332764,0.3811572194099426,0.8174386620521545,0.1363362967967987,0.9881412386894226,0.35064011812210083,0.8219144344329834,0.14525440335273743,0.9890793561935425,0.37778306007385254,0.8355600237846375,0.14311400055885315,0.8794973492622375,0.3565518260002136,0.8414394855499268,0.15138976275920868,0.8733160495758057,0.39064526557922363,0.8808068037033081,0.013271969743072987,0.9841415882110596,0.33726176619529724,0.8964638710021973,0.023032374680042267,0.9839387536048889
