frame,activity,l0_x,l0_y,l0_z,l0_v,l1_x,l1_y,l1_z,l1_v,l2_x,l2_y,l2_z,l2_v,l3_x,l3_y,l3_z,l3_v,l4_x,l4_y,l4_z,l4_v,l5_x,l5_y,l5_z,l5_v,l6_x,l6_y,l6_z,l6_v,l7_x,l7_y,l7_z,l7_v,l8_x,l8_y,l8_z,l8_v,l9_x,l9_y,l9_z,l9_v,l10_x,l10_y,l10_z,l10_v,l11_x,l11_y,l11_z,l11_v,l12_x,l12_y,l12_z,l12_v,l13_x,l13_y,l13_z,l13_v,l14_x,l14_y,l14_z,l14_v,l15_x,l15_y,l15_z,l15_v,l16_x,l16_y,l16_z,l16_v,l17_x,l17_y,l17_z,l17_v,l18_x,l18_y,l18_z,l18_v,l19_x,l19_y,l19_z,l19_v,l20_x,l20_y,l20_z,l20_v,l21_x,l21_y,l21_z,l21_v,l22_x,l22_y,l22_z,l22_v,l23_x,l23_y,l23_z,l23_v,l24_x,l24_y,l24_z,l24_v,l25_x,l25_y,l25_z,l25_v,l26_x,l26_y,l26_z,l26_v,l27_x,l27_y,l27_z,l27_v,l28_x,l28_y,l28_z,l28_v,l29_x,l29_y,l29_z,l29_v,l30_x,l30_y,l30_z,l30_v,l31_x,l31_y,l31_z,l31_v,l32_x,l32_y,l32_z,l32_v
0,walk,0.34134945273399353,0.20220431685447693,0.050790250301361084,0.9990753531455994,0.33717188239097595,0.19160251319408417,0.02443859726190567,0.9991484880447388,0.3348231613636017,0.1920444667339325,0.02444971352815628,0.9987918138504028,0.33250242471694946,0.19254924356937408,0.02439100667834282,0.9987488985061646,0.34453967213630676,0.19059893488883972,0.028682470321655273,0.9994242191314697,0.34725818037986755,0.19045187532901764,0.02877473458647728,0.9992876648902893,0.349994421005249,0.19034351408481598,0.028734371066093445,0.999411404132843,0.3308865427970886,0.200602188706398,-0.05103953555226326,0.9996389150619507,0.35632115602493286,0.19771067798137665,-0.03227011114358902,0.9997453689575195,0.3395914137363434,0.21286322176456451,0.030087605118751526,0.9996513724327087,0.3470476567745209,0.2116665542125702,0.03571274131536484,0.9997861981391907,0.3183048367500305,0.2632821500301361,-0.09842897951602936,0.9998903870582581,0.3905014395713806,0.27044588327407837,-0.048723697662353516,0.9998797178268433,0.302249014377594,0.3331359326839447,-0.15289202332496643,0.9794595837593079,0.4105137884616852,0.3483979403972626,-0.07034213840961456,0.981234073638916,0.3021623492240906,0.3240957260131836,-0.17951630055904388,0.6575065851211548,0.4081341624259949,0.45218074321746826,-0.08908781409263611,0.7725617289543152,0.2978505790233612,0.32203391194343567,-0.2096085101366043,0.5110413432121277,0.4062865674495697,0.47291964292526245,-0.10713096708059311,0.6392711997032166,0.3013960123062134,0.3126734495162964,-0.19703125953674316,0.4904431998729706,0.4034809172153473,0.47393476963043213,-0.11118616908788681,0.617293655872345,0.3057209849357605,0.3163800835609436,-0.177454873919487,0.4413372576236725,0.40212541818618774,0.46717244386672974,-0.0929078683257103,0.5418437719345093,0.34194955229759216,0.4471040368080139,-0.02644273266196251,0.999557375907898,0.37921276688575745,0.4484565258026123,0.026500960811972618,0.9991924166679382,0.3352389335632324,0.5896150469779968,0.03606555238366127,0.9954833984375,0.3865770697593689,0.5968989133834839,0.1049327403306961,0.979634702205658,0.33575552701950073,0.7442841529846191,0.13087216019630432,0.9891253709793091,0.3861081600189209,0.7439467310905457,0.20422084629535675,0.9785863757133484,0.33747610449790955,0.7476533651351929,0.13772094249725342,0.9868249297142029,0.38145333528518677,0.7566401362419128,0.21108849346637726,0.9729079008102417,0.32673555612564087,0.7508550882339478,0.11025849729776382,0.8445717692375183,0.3694358766078949,0.7506523132324219,0.173648864030838,0.7925909757614136
1,walk,0.3399047255516052,0.10361392050981522,0.11032853275537491,0.9991644024848938,0.33614009618759155,0.09782620519399643,0.07823842018842697,0.9992305040359497,0.3333313465118408,0.09770214557647705,0.07838043570518494,0.9989086389541626,0.3302842974662781,0.09753993153572083,0.07821381092071533,0.9988709688186646,0.34380632638931274,0.09772484004497528,0.07562249153852463,0.9994781613349915,0.3464389741420746,0.09763680398464203,0.07603111118078232,0.9993533492088318,0.3488127887248993,0.09752009809017181,0.0759940817952156,0.9994656443595886,0.32552802562713623,0.09885574877262115,-0.015388828702270985,0.99967360496521,0.3496935963630676,0.09875665605068207,0.0046754395589232445,0.9997684359550476,0.33582910895347595,0.10948040336370468,0.08168308436870575,0.9996834397315979,0.3432031273841858,0.11085432022809982,0.07848776876926422,0.9998042583465576,0.2993198037147522,0.1867717057466507,-0.06832744181156158,0.9998995065689087,0.38452643156051636,0.1814107894897461,-0.029461795464158058,0.9998835325241089,0.27400141954421997,0.33121249079704285,0.02373393252491951,0.979975700378418,0.40551549196243286,0.33492499589920044,-0.051972173154354095,0.9804847240447998,0.30931520462036133,0.38724514842033386,0.13015764951705933,0.6451507806777954,0.40045109391212463,0.4519532024860382,0.0841854140162468,0.7837803959846497,0.30937179923057556,0.39657530188560486,0.12727858126163483,0.4866695702075958,0.4014994502067566,0.4751642942428589,0.08671607077121735,0.6508756279945374,0.3095669448375702,0.3800436556339264,0.12877441942691803,0.46571722626686096,0.3962342143058777,0.47823163866996765,0.08234163373708725,0.6289143562316895,0.3099859654903412,0.3775821626186371,0.13110223412513733,0.42595595121383667,0.39348679780960083,0.4700049161911011,0.0834042876958847,0.5583690404891968,0.32634028792381287,0.407169371843338,-0.01611831597983837,0.9995956420898438,0.36723920702934265,0.40926873683929443,0.016462739557027817,0.9992503523826599,0.327476441860199,0.59250807762146,0.051281414926052094,0.9947709441184998,0.3865463435649872,0.5878633260726929,0.09100788086652756,0.9646024107933044,0.3362266421318054,0.8040263056755066,0.1503893882036209,0.9885555505752563,0.3901197612285614,0.7908390760421753,0.20831778645515442,0.9758755564689636,0.33385640382766724,0.8132240176200867,0.15661253035068512,0.9844478964805603,0.3848955035209656,0.7884804010391235,0.2170947790145874,0.9607522487640381,0.3306882381439209,0.7981621623039246,0.11597178876399994,0.848983645439148,0.3819409906864166,0.784288763999939,0.17179611325263977,0.793782114982605
2,walk,0.33730465173721313,0.08182274550199509,0.23737528920173645,0.9992363452911377,0.33126869797706604,0.06504888087511063,0.206703782081604,0.9992991089820862,0.32782676815986633,0.06507506221532822,0.20673981308937073,0.9990085959434509,0.3246595859527588,0.06539540737867355,0.2066764533519745,0.998975932598114,0.3416021764278412,0.0663125216960907,0.20590320229530334,0.9995213150978088,0.3447430431842804,0.06680885702371597,0.20597903430461884,0.9994075894355774,0.3476366400718689,0.06693267077207565,0.20591548085212708,0.9995098114013672,0.32041871547698975,0.07502250373363495,0.09309349209070206,0.9997005462646484,0.3513447642326355,0.07547453790903091,0.09072832018136978,0.9997849464416504,0.3314440846443176,0.0946270078420639,0.20251047611236572,0.9997068047523499,0.342326283454895,0.09686258435249329,0.20149406790733337,0.9998158812522888,0.28659477829933167,0.1743655800819397,0.0418570376932621,0.9999033212661743,0.38582709431648254,0.1725737452507019,0.009247705340385437,0.9998881816864014,0.27060893177986145,0.3236549496650696,0.08256378769874573,0.9803309440612793,0.4078431725502014,0.3311314880847931,0.03034749999642372,0.9817297458648682,0.30182164907455444,0.4052773416042328,0.1738227903842926,0.607892632484436,0.4042259156703949,0.4493859112262726,0.10823895037174225,0.7819409966468811,0.3057001829147339,0.4203222095966339,0.1780456155538559,0.452119916677475,0.40308207273483276,0.4754309356212616,0.11108217388391495,0.6426176428794861,0.311507910490036,0.4126514494419098,0.17609383165836334,0.43224456906318665,0.3975313901901245,0.4783433675765991,0.10917843878269196,0.6202053427696228,0.3114781379699707,0.4082684814929962,0.17373159527778625,0.39728519320487976,0.3956297039985657,0.46987754106521606,0.10824103653430939,0.5521095395088196,0.3225870430469513,0.4205631613731384,0.005157392006367445,0.9996042847633362,0.3724948465824127,0.4161545932292938,-0.005068461410701275,0.9992573857307434,0.3296555280685425,0.6349416971206665,0.03726653382182121,0.9927558898925781,0.387599378824234,0.6311193108558655,0.07183431833982468,0.9652110934257507,0.3383859097957611,0.8405420184135437,0.08648141473531723,0.9870819449424744,0.3964548110961914,0.8338900804519653,0.11321377754211426,0.9755938053131104,0.34397512674331665,0.855802595615387,0.08916954696178436,0.9832127094268799,0.39271149039268494,0.8521620035171509,0.11627812683582306,0.9610376358032227,0.34261029958724976,0.8515543341636658,0.05803443118929863,0.8477560877799988,0.40159177780151367,0.8344806432723999,0.08415323495864868,0.7948751449584961
3,walk,0.33920660614967346,0.080930195748806,0.24242082238197327,0.9992849230766296,0.3344268202781677,0.0630195289850235,0.210790753364563,0.999343752861023,0.3309745192527771,0.0627778023481369,0.21079829335212708,0.9990832805633545,0.3275720477104187,0.06290371716022491,0.2107529193162918,0.9990522861480713,0.343849778175354,0.06385127454996109,0.21044667065143585,0.9995434880256653,0.3467603325843811,0.06386185437440872,0.21047770977020264,0.9994413256645203,0.3496891260147095,0.06387694180011749,0.2104065865278244,0.9995319247245789,0.32286709547042847,0.07207129150629044,0.0988914966583252,0.9997128248214722,0.35418522357940674,0.07090606540441513,0.09653997421264648,0.9997875094413757,0.334032267332077,0.09413623064756393,0.20920884609222412,0.9997139573097229,0.34413665533065796,0.09523642063140869,0.20845091342926025,0.999814510345459,0.28482237458229065,0.1649428904056549,0.03706197440624237,0.9999067187309265,0.38729754090309143,0.1728365123271942,0.03143351525068283,0.9998922348022461,0.2702323794364929,0.31859415769577026,0.047989893704652786,0.9794700145721436,0.40702328085899353,0.32583606243133545,0.05101940780878067,0.9823236465454102,0.30062559247016907,0.4050258696079254,0.10969574749469757,0.5749614834785461,0.4040701389312744,0.44463682174682617,0.11473717540502548,0.7694834470748901,0.30623939633369446,0.4291308522224426,0.1104201078414917,0.42420876026153564,0.40219879150390625,0.47525033354759216,0.11990884691476822,0.6249411702156067,0.31436097621917725,0.4239956736564636,0.11123687028884888,0.40521398186683655,0.3963870704174042,0.4774625897407532,0.11871469020843506,0.6027112603187561,0.31389492750167847,0.41055160760879517,0.11045105755329132,0.37351760268211365,0.3949122130870819,0.46679720282554626,0.1153484433889389,0.5374168753623962,0.32171928882598877,0.4252240061759949,0.004991906229406595,0.999603271484375,0.3724913001060486,0.4182106554508209,-0.004937954246997833,0.9992449283599854,0.32749953866004944,0.6389240026473999,0.034883178770542145,0.9928960800170898,0.3879917860031128,0.6307068467140198,0.06847591698169708,0.9666752815246582,0.3389364182949066,0.838986873626709,0.07815287262201309,0.9866577982902527,0.39554911851882935,0.8309621810913086,0.12693169713020325,0.9748354554176331,0.34346288442611694,0.8683910965919495,0.08162234723567963,0.9832723736763,0.39151015877723694,0.8631255030632019,0.13229767978191376,0.9617345333099365,0.33746594190597534,0.8402585387229919,0.05738973617553711,0.8422597050666809,0.4021131098270416,0.836061418056488,0.10523968935012817,0.787765383720398
4,walk,0.3411868214607239,0.0782373771071434,0.22710593044757843,0.9993447065353394,0.3370668590068817,0.06270497292280197,0.19561511278152466,0.9993956089019775,0.33391132950782776,0.06281199306249619,0.19563651084899902,0.9991618990898132,0.3307200074195862,0.06313832849264145,0.195616215467453,0.9991324543952942,0.3452968895435333,0.06244025379419327,0.19612017273902893,0.9995770454406738,0.3480025827884674,0.06213599815964699,0.19613920152187347,0.9994856715202332,0.3509572148323059,0.061647869646549225,0.1960759460926056,0.9995656609535217,0.32558032870292664,0.07152600586414337,0.08668456971645355,0.9997301697731018,0.35521888732910156,0.06909527629613876,0.08718638122081757,0.9997977614402771,0.3365326225757599,0.09177707135677338,0.19489581882953644,0.9997316598892212,0.3455210328102112,0.09263736009597778,0.19486664235591888,0.9998241066932678,0.2864472270011902,0.16329477727413177,0.023874502629041672,0.9999087452888489,0.38962820172309875,0.16847598552703857,0.034163374453783035,0.9998984336853027,0.27570968866348267,0.31455090641975403,0.027790844440460205,0.9765204191207886,0.4080278277397156,0.32204028964042664,0.0476720966398716,0.9830397367477417,0.304029256105423,0.40540120005607605,0.07534187287092209,0.5522567629814148,0.4063814580440521,0.4406012296676636,0.0917719155550003,0.7654064297676086,0.3085518479347229,0.4332602620124817,0.07461913675069809,0.4063468277454376,0.4049912989139557,0.47353655099868774,0.09697675704956055,0.6193875074386597,0.3176700174808502,0.4244007468223572,0.07467260211706161,0.3874998390674591,0.3990125060081482,0.47395482659339905,0.0937211737036705,0.5973523855209351,0.3172624707221985,0.4124295115470886,0.0758265033364296,0.357869416475296,0.3972961902618408,0.4615335166454315,0.09160037338733673,0.5327076315879822,0.3239856958389282,0.4280131757259369,-0.000850207987241447,0.9996079206466675,0.37337052822113037,0.421310156583786,0.0008447472937405109,0.9992607831954956,0.3285439610481262,0.6439762115478516,0.02367776818573475,0.9932335615158081,0.3887995481491089,0.6357405781745911,0.0656639114022255,0.9688841700553894,0.3399006426334381,0.8450574278831482,0.054316598922014236,0.9868528246879578,0.396377831697464,0.8390517234802246,0.10913737863302231,0.9751396775245667,0.3428402245044708,0.8780656456947327,0.05633736774325371,0.9840052723884583,0.39274877309799194,0.8730989098548889,0.11290238797664642,0.9633827805519104,0.3333289623260498,0.849601149559021,0.032334569841623306,0.8409991264343262,0.4040292203426361,0.8328889608383179,0.0840650349855423,0.7846177220344543
5,walk,0.3416067063808441,0.07582732290029526,0.21983933448791504,0.9994019865989685,0.3378034234046936,0.059594087302684784,0.18742939829826355,0.9994463324546814,0.33479511737823486,0.05951183661818504,0.18744942545890808,0.9992367029190063,0.33167287707328796,0.05960261449217796,0.18743465840816498,0.9992092847824097,0.3459504246711731,0.05959134176373482,0.18838931620121002,0.9996109008789062,0.3488759696483612,0.059218548238277435,0.18841224908828735,0.9995291233062744,0.35209327936172485,0.058720868080854416,0.18835985660552979,0.9995999336242676,0.3265034556388855,0.06814651191234589,0.07536409795284271,0.9997491240501404,0.35671332478523254,0.06689093261957169,0.0780629962682724,0.9998093247413635,0.33735617995262146,0.08988907188177109,0.1860765814781189,0.9997504353523254,0.3461565375328064,0.09143281728029251,0.18665507435798645,0.9998347759246826,0.2881259322166443,0.1647782176733017,0.019580688327550888,0.9999094605445862,0.39100658893585205,0.1669953465461731,0.030305538326501846,0.9999030232429504,0.278611958026886,0.32190608978271484,0.021154623478651047,0.975135862827301,0.40946000814437866,0.3221546709537506,0.045440711081027985,0.9835172891616821,0.3048440217971802,0.40977996587753296,0.06590436398983002,0.5327975153923035,0.40655845403671265,0.441006600856781,0.08440767228603363,0.7582536935806274,0.30995577573776245,0.4359636604785919,0.0660158321261406,0.39028552174568176,0.40550756454467773,0.4733788073062897,0.09077685326337814,0.6106438040733337,0.31867730617523193,0.4281824827194214,0.06576923280954361,0.3716600239276886,0.3990059494972229,0.47319144010543823,0.08663838356733322,0.5889654159545898,0.3182564079761505,0.4170791506767273,0.06654158234596252,0.3437379002571106,0.39714762568473816,0.4606156349182129,0.08416561037302017,0.5247716307640076,0.324957013130188,0.4299435615539551,-0.00756379310041666,0.9996177554130554,0.37494590878486633,0.42394062876701355,0.007492831442505121,0.9992861747741699,0.3276200294494629,0.6460852026939392,0.020246030762791634,0.9935999512672424,0.3894681930541992,0.6394474506378174,0.07150622457265854,0.9711980223655701,0.3396008312702179,0.8409600257873535,0.03744462877511978,0.9872056245803833,0.3989167809486389,0.8388147354125977,0.10424377769231796,0.9759002327919006,0.3419702649116516,0.8789072632789612,0.039721421897411346,0.984822154045105,0.3952917754650116,0.8782225847244263,0.10718590021133423,0.9653583765029907,0.3297256827354431,0.8508957624435425,0.013305515050888062,0.8412001729011536,0.4053131639957428,0.8287878036499023,0.0800049677491188,0.7843659520149231
6,walk,0.3443518280982971,0.08076028525829315,0.22355151176452637,0.9994529485702515,0.34047314524650574,0.06433255225419998,0.1908775269985199,0.9994911551475525,0.3374261260032654,0.06379614770412445,0.19090062379837036,0.9993034601211548,0.33425411581993103,0.06344811618328094,0.19088958203792572,0.9992778301239014,0.3484955132007599,0.0648980438709259,0.19162911176681519,0.9996404051780701,0.35137781500816345,0.06451116502285004,0.19165320694446564,0.9995673894882202,0.3544446527957916,0.06391441076993942,0.19159916043281555,0.9996296763420105,0.3285488784313202,0.07132525742053986,0.0767507329583168,0.9997655749320984,0.3586253523826599,0.07075024396181107,0.07887893915176392,0.9998188018798828,0.3400595784187317,0.09371744841337204,0.18947197496891022,0.9997669458389282,0.3485274910926819,0.09533903002738953,0.18977200984954834,0.9998438954353333,0.2896003723144531,0.165081188082695,0.014127524569630623,0.9999105334281921,0.3925180733203888,0.16746339201927185,0.02978358045220375,0.9999067187309265,0.2796568274497986,0.32324638962745667,0.017037147656083107,0.9738471508026123,0.41012144088745117,0.32250165939331055,0.045336104929447174,0.9839277267456055,0.3042379915714264,0.4123162031173706,0.06316135078668594,0.5165280103683472,0.40720081329345703,0.44125789403915405,0.08386848866939545,0.7497968673706055,0.30896052718162537,0.43626484274864197,0.0628567636013031,0.37687748670578003,0.4061156213283539,0.47333866357803345,0.09060646593570709,0.6011035442352295,0.31828755140304565,0.4303426146507263,0.06253155320882797,0.3583175241947174,0.3996046185493469,0.4729805886745453,0.08560319989919662,0.579839825630188,0.31811386346817017,0.41976267099380493,0.06375043839216232,0.3315984010696411,0.3976925313472748,0.46041029691696167,0.08345761150121689,0.5159323811531067,0.3254167139530182,0.43110939860343933,-0.007708689663559198,0.9996288418769836,0.3756396770477295,0.42546865344047546,0.007623662240803242,0.9993122220039368,0.32900288701057434,0.6458579301834106,0.012508213520050049,0.993909478187561,0.39023613929748535,0.6402424573898315,0.06895019114017487,0.9733273983001709,0.33956170082092285,0.8396593928337097,0.021315263584256172,0.9874849319458008,0.3995518088340759,0.8387870788574219,0.09799183160066605,0.976552426815033,0.3417195677757263,0.8784863948822021,0.02276930771768093,0.9855442643165588,0.3961363434791565,0.8793407082557678,0.10058804601430893,0.9671624302864075,0.331077516078949,0.8537877202033997,-0.00759574631229043,0.8404911756515503,0.4061950147151947,0.8299974799156189,0.0735567957162857,0.7835280299186707
7,walk,0.3468325436115265,0.08054608106613159,0.2243894636631012,0.9994978904724121,0.3428305983543396,0.06386631727218628,0.19204631447792053,0.9995304942131042,0.3397539258003235,0.06333325058221817,0.19207102060317993,0.9993628263473511,0.3366032540798187,0.0630073994398117,0.19206181168556213,0.9993384480476379,0.35107365250587463,0.06444402039051056,0.19265908002853394,0.9996660351753235,0.3539765775203705,0.0640697106719017,0.19268174469470978,0.9996011257171631,0.35707682371139526,0.06352381408214569,0.19262836873531342,0.9996553659439087,0.33104458451271057,0.07117579877376556,0.07823458313941956,0.9997798204421997,0.36069244146347046,0.07054087519645691,0.07982467114925385,0.9998268485069275,0.3423047363758087,0.09339974820613861,0.1904239058494568,0.9997813105583191,0.35096386075019836,0.09494393318891525,0.19054366648197174,0.9998517036437988,0.2922009229660034,0.16489103436470032,0.013622100464999676,0.999910831451416,0.3936431407928467,0.16456106305122375,0.029059797525405884,0.9999096989631653,0.281798779964447,0.32272136211395264,0.015732480213046074,0.9726911187171936,0.4112313687801361,0.31961551308631897,0.04229461029171944,0.9844629764556885,0.3037121295928955,0.41381481289863586,0.05919883772730827,0.5077878832817078,0.40950942039489746,0.43967878818511963,0.0768853947520256,0.7483950853347778,0.30745887756347656,0.4366694986820221,0.05820021778345108,0.370093435049057,0.40871500968933105,0.4730829894542694,0.08232086151838303,0.6000193357467651,0.316792368888855,0.4316990375518799,0.057749200612306595,0.3513694405555725,0.40239062905311584,0.472536563873291,0.07753484696149826,0.5791078805923462,0.3169613480567932,0.4213200807571411,0.059624068439006805,0.32508325576782227,0.4004333019256592,0.45958128571510315,0.0764496847987175,0.5148987770080566,0.3267805874347687,0.4317445158958435,-0.007611042819917202,0.9996381402015686,0.37714070081710815,0.42632707953453064,0.0075155096128582954,0.9993352293968201,0.33067625761032104,0.6459599733352661,0.011436973698437214,0.9942330121994019,0.3911531865596771,0.6417454481124878,0.06662659347057343,0.9753526449203491,0.3397219777107239,0.8392217755317688,0.020136643201112747,0.9877813458442688,0.4000651240348816,0.8390176296234131,0.09514577686786652,0.9772920608520508,0.3416031301021576,0.8788605332374573,0.02152072638273239,0.9862422347068787,0.3966541290283203,0.8801578879356384,0.09762518107891083,0.9689590334892273,0.3323815166950226,0.8530761003494263,-0.009824024513363838,0.8392691612243652,0.4070664346218109,0.829067587852478,0.07335714250802994,0.7826181054115295
8,walk,0.347980260848999,0.07773447781801224,0.21487419307231903,0.9995359182357788,0.3438667058944702,0.06078033521771431,0.18232665956020355,0.9995632171630859,0.34074896574020386,0.06041489169001579,0.1823498159646988,0.9994141459465027,0.33756113052368164,0.06027933582663536,0.1823442131280899,0.9993902444839478,0.3524128496646881,0.061270955950021744,0.18321673572063446,0.9996859431266785,0.35545629262924194,0.060952328145504,0.18324173986911774,0.9996287822723389,0.35872194170951843,0.06051865592598915,0.18318752944469452,0.9996744394302368,0.33185911178588867,0.06908131390810013,0.07547308504581451,0.9997907280921936,0.3623813986778259,0.06822560727596283,0.0777963325381279,0.9998316764831543,0.3433883786201477,0.09119824320077896,0.1806691437959671,0.9997926354408264,0.3524288237094879,0.09278739243745804,0.181168332695961,0.9998571276664734,0.293340802192688,0.16621829569339752,0.00806049257516861,0.9999105930328369,0.3951564431190491,0.1648593693971634,0.022279052063822746,0.9999115467071533,0.2839207649230957,0.3236744701862335,0.004592747427523136,0.9715760946273804,0.4126874804496765,0.32095637917518616,0.035050611943006516,0.9845974445343018,0.3031635880470276,0.42412373423576355,0.04290996864438057,0.5067343711853027,0.41114121675491333,0.4403102397918701,0.07288552820682526,0.7494602799415588,0.30586421489715576,0.45045799016952515,0.04019070416688919,0.36972278356552124,0.410342276096344,0.47365623712539673,0.07965803891420364,0.6027930378913879,0.3153652548789978,0.44374924898147583,0.03876191005110741,0.35070663690567017,0.40435248613357544,0.4735196828842163,0.07140755653381348,0.5820410847663879,0.3161974251270294,0.4330817461013794,0.04284517467021942,0.32412397861480713,0.40243634581565857,0.4603789746761322,0.07167518883943558,0.5175326466560364,0.32764002680778503,0.4318544566631317,-0.007165213115513325,0.9996496438980103,0.37834468483924866,0.42666172981262207,0.00705215847119689,0.9993577599525452,0.3312130570411682,0.6467952132225037,0.011437713168561459,0.9944552779197693,0.3920952379703522,0.6420682072639465,0.06909634172916412,0.9769827127456665,0.33992066979408264,0.8405548930168152,0.029104050248861313,0.987946093082428,0.4002344012260437,0.8389424085617065,0.10337356477975845,0.9778035283088684,0.34185653924942017,0.8797920942306519,0.031166698783636093,0.986692488193512,0.396749347448349,0.8799238204956055,0.10628131777048111,0.9703027009963989,0.3333035707473755,0.8563439846038818,-0.003958629909902811,0.8383595943450928,0.4073856770992279,0.8302872776985168,0.07549303025007248,0.7822091579437256
9,walk,0.34985822439193726,0.08107507973909378,0.21722058951854706,0.9995677471160889,0.3457408845424652,0.06398902833461761,0.1836937516927719,0.9995896220207214,0.3426777720451355,0.06351921707391739,0.18371662497520447,0.9994579553604126,0.33955127000808716,0.06325900554656982,0.18371424078941345,0.9994338154792786,0.35418885946273804,0.06415450572967529,0.1843729317188263,0.9997008442878723,0.35721203684806824,0.0635724663734436,0.18439562618732452,0.9996511340141296,0.36044424772262573,0.06281778216362,0.18433454632759094,0.9996879696846008,0.3340991735458374,0.07194444537162781,0.071566641330719,0.9997984766960144,0.3638259470462799,0.06996604800224304,0.07506453990936279,0.9998335242271423,0.3454425632953644,0.0940784215927124,0.18191590905189514,0.9998010396957397,0.3542306423187256,0.09535685926675797,0.18209750950336456,0.9998602867126465,0.29444214701652527,0.16751354932785034,0.005466290283948183,0.9999106526374817,0.3963778614997864,0.1654811054468155,0.018908891826868057,0.9999122619628906,0.28563734889030457,0.3249844014644623,-0.0006401145365089178,0.9712326526641846,0.41332316398620605,0.3236669898033142,0.032029889523983,0.9846195578575134,0.3032341003417969,0.4330101013183594,0.037873007357120514,0.5101220607757568,0.41190916299819946,0.4409704804420471,0.07054968178272247,0.7495061755180359,0.3049471974372864,0.4618645906448364,0.03461094945669174,0.3725944459438324,0.41097742319107056,0.47508400678634644,0.07604766637086868,0.6043421030044556,0.3143002390861511,0.45415714383125305,0.033750925213098526,0.35316649079322815,0.4054754376411438,0.47502601146698,0.06993138045072556,0.5837651491165161,0.3153405487537384,0.443869411945343,0.037977494299411774,0.32604512572288513,0.40361127257347107,0.46238958835601807,0.06974977254867554,0.5189907550811768,0.3282184898853302,0.433657705783844,-0.00680603226646781,0.9996601939201355,0.37945374846458435,0.42857277393341064,0.006678773555904627,0.9993770122528076,0.33131515979766846,0.6482920050621033,0.015550200827419758,0.9946601390838623,0.3924548923969269,0.6426511406898499,0.07456769794225693,0.9784315824508667,0.34018489718437195,0.8395489454269409,0.044487763196229935,0.9881201386451721,0.399823397397995,0.8388738632202148,0.11649356782436371,0.978285014629364,0.34177082777023315,0.880084216594696,0.04753237962722778,0.9871033430099487,0.3963378369808197,0.8806337714195251,0.12021349370479584,0.971562385559082,0.3334880471229553,0.8565500974655151,0.015039692632853985,0.8373847603797913,0.40779128670692444,0.8299881815910339,0.08858484029769897,0.7815715670585632
10,walk,0.3509669601917267,0.0837484821677208,0.21081331372261047,0.9995954036712646,0.3469060957431793,0.06734997034072876,0.17830827832221985,0.9996110200881958,0.34386369585990906,0.06677138805389404,0.178329735994339,0.9994957447052002,0.34077560901641846,0.06634613871574402,0.17832419276237488,0.9994710087776184,0.3553692698478699,0.06750498712062836,0.1791769117116928,0.9997117519378662,0.358391672372818,0.06684274226427078,0.17920097708702087,0.9996693730354309,0.36159569025039673,0.06591673940420151,0.1791422963142395,0.9996969103813171,0.33548763394355774,0.07411126792430878,0.05841151997447014,0.9998037815093994,0.364962100982666,0.07204130291938782,0.06566362082958221,0.9998319149017334,0.34654101729393005,0.09578859806060791,0.17666742205619812,0.9998065233230591,0.35529565811157227,0.09690545499324799,0.17707212269306183,0.9998606443405151,0.29598724842071533,0.16785280406475067,-0.008280536159873009,0.9999088644981384,0.39702653884887695,0.16659420728683472,0.012137198820710182,0.9999111890792847,0.28599458932876587,0.3239278495311737,-0.016234761103987694,0.971086859703064,0.41437482833862305,0.3239747881889343,0.01917313039302826,0.9844673275947571,0.30058521032333374,0.4401087462902069,0.020231224596500397,0.5217615365982056,0.4132818579673767,0.4411642849445343,0.04680003225803375,0.7542732357978821,0.3013204038143158,0.47171860933303833,0.01634943298995495,0.38347235321998596,0.41343221068382263,0.4751947224140167,0.04983500391244888,0.6121705770492554,0.3088222146034241,0.4668177366256714,0.01520006824284792,0.3636096119880676,0.4061928391456604,0.47528785467147827,0.04350665956735611,0.5916265845298767,0.3109082579612732,0.45492544770240784,0.020346391946077347,0.3347735106945038,0.40411391854286194,0.46299129724502563,0.045415304601192474,0.5259794592857361,0.32914286851882935,0.4356999695301056,-0.006804772652685642,0.9996663928031921,0.38061296939849854,0.42989593744277954,0.006673296447843313,0.999388575553894,0.33242347836494446,0.6478292942047119,0.014584560878574848,0.9948607087135315,0.39262574911117554,0.6435109376907349,0.07493603974580765,0.979780912399292,0.3399043381214142,0.8406731486320496,0.043372150510549545,0.9883440136909485,0.39992159605026245,0.84029221534729,0.11611442267894745,0.9788463711738586,0.34161481261253357,0.8809415102005005,0.046173106878995895,0.9874425530433655,0.39629679918289185,0.8816221356391907,0.11941967159509659,0.9726485013961792,0.33446621894836426,0.8583341240882874,0.012459867633879185,0.8377532362937927,0.4080735743045807,0.831328809261322,0.0844622477889061,0.7825652956962585
11,walk,0.3517446219921112,0.08295130729675293,0.215205118060112,0.9996238350868225,0.34777504205703735,0.06645834445953369,0.1808032989501953,0.9996339082717896,0.34475648403167725,0.06600555032491684,0.1808217167854309,0.9995327591896057,0.3417041003704071,0.06566107273101807,0.18082356452941895,0.9995077252388,0.3562007546424866,0.0661386102437973,0.1834733784198761,0.9997249841690063,0.35918763279914856,0.065336674451828,0.18349985778331757,0.9996886849403381,0.3623395264148712,0.06432823836803436,0.1834397166967392,0.9997087121009827,0.3366289734840393,0.07310765236616135,0.05828302353620529,0.9998115301132202,0.3657425045967102,0.0706406831741333,0.06837061792612076,0.9998338222503662,0.34735339879989624,0.09505204856395721,0.1782342940568924,0.9998147487640381,0.35611769556999207,0.09592139720916748,0.18085961043834686,0.9998640418052673,0.29762646555900574,0.16808226704597473,-0.012077963910996914,0.9999105930328369,0.39807429909706116,0.16676823794841766,0.019564267247915268,0.999911367893219,0.2860850691795349,0.32274624705314636,-0.01924668624997139,0.9719040989875793,0.41666269302368164,0.3224877417087555,0.01992979645729065,0.9843320250511169,0.2987169921398163,0.4437876045703888,0.02029411867260933,0.5415350198745728,0.4158431589603424,0.44216835498809814,0.0474976971745491,0.761310338973999,0.2993043065071106,0.4767456352710724,0.01609879545867443,0.403169721364975,0.4160984456539154,0.4765392243862152,0.05029084533452988,0.6228777766227722,0.3062393069267273,0.4732391834259033,0.015055807307362556,0.38301828503608704,0.4077962040901184,0.4773503243923187,0.0441729798913002,0.6023880839347839,0.30861687660217285,0.46084922552108765,0.02059590071439743,0.35222452878952026,0.4057774543762207,0.4648953676223755,0.0459427647292614,0.5363397598266602,0.33051761984825134,0.43680480122566223,-0.011522533372044563,0.9996784925460815,0.3810594379901886,0.43052443861961365,0.011368796229362488,0.9994062781333923,0.3338104784488678,0.6468089818954468,0.01398400403559208,0.9950641393661499,0.39305076003074646,0.6428929567337036,0.08063676953315735,0.9809756278991699,0.3401816785335541,0.8403639793395996,0.048219967633485794,0.9886630773544312,0.39986664056777954,0.8380231857299805,0.12816476821899414,0.9795058965682983,0.3419771194458008,0.880713164806366,0.051533885300159454,0.987866222858429,0.3959597945213318,0.8802054524421692,0.13217422366142273,0.9737909436225891,0.33406761288642883,0.8585067987442017,0.016075512394309044,0.8406248688697815,0.4061484932899475,0.8326287269592285,0.09622249007225037,0.7860501408576965
12,walk,0.3522476553916931,0.0850326418876648,0.21141140162944794,0.999648928642273,0.34833040833473206,0.06905664503574371,0.18027010560035706,0.9996533393859863,0.34536588191986084,0.06855472922325134,0.18029239773750305,0.999565064907074,0.34235426783561707,0.06811192631721497,0.180283784866333,0.9995399713516235,0.3564322590827942,0.06872870773077011,0.1805572360754013,0.9997358918190002,0.35926371812820435,0.06789857894182205,0.18058188259601593,0.9997050166130066,0.3624956011772156,0.06684959679841995,0.18052253127098083,0.9997178912162781,0.3372700810432434,0.07504548132419586,0.04980839043855667,0.9998179078102112,0.3660764992237091,0.07264573872089386,0.0671951025724411,0.999832808971405,0.347922146320343,0.0964534655213356,0.1769384890794754,0.99982088804245,0.35648947954177856,0.0972607210278511,0.17824995517730713,0.9998654723167419,0.29889506101608276,0.16796883940696716,-0.024501213803887367,0.9999117255210876,0.3998090922832489,0.1686355024576187,0.021844280883669853,0.9999102354049683,0.286717027425766,0.3211480975151062,-0.030744725838303566,0.972543478012085,0.4197290539741516,0.32373347878456116,0.021068338304758072,0.9839078187942505,0.29820865392684937,0.44663527607917786,0.011650013737380505,0.5593054294586182,0.41807976365089417,0.4473161995410919,0.038826048374176025,0.768524706363678,0.29857388138771057,0.4804701805114746,0.007814308628439903,0.4210420250892639,0.41858524084091187,0.4801774322986603,0.041186630725860596,0.6343052387237549,0.30544954538345337,0.4777528941631317,0.00647971173748374,0.40064316987991333,0.4095429480075836,0.4823070168495178,0.03523410111665726,0.6137916445732117,0.3080671727657318,0.4652782082557678,0.012134267948567867,0.36839455366134644,0.40744081139564514,0.4701301157474518,0.03701192885637283,0.5472304224967957,0.33158689737319946,0.4371797442436218,-0.017070047557353973,0.9996861219406128,0.38157379627227783,0.43059322237968445,0.016918310895562172,0.9994158744812012,0.334597110748291,0.6461912989616394,0.011152769438922405,0.9952005743980408,0.39343130588531494,0.6420983076095581,0.08340628445148468,0.9818837642669678,0.3404599726200104,0.8385450839996338,0.04632486030459404,0.9888707399368286,0.40008145570755005,0.837525486946106,0.1289069652557373,0.9799553155899048,0.34241771697998047,0.8795179724693298,0.04950271174311638,0.988128125667572,0.3960419297218323,0.8799493312835693,0.1326257735490799,0.9745730757713318,0.3333794176578522,0.8572055101394653,0.014282752759754658,0.8434150815010071,0.4050588011741638,0.8322701454162598,0.09577629715204239,0.7889403104782104
13,walk,0.3531685471534729,0.08381153643131256,0.19652876257896423,0.9996752142906189,0.3489542007446289,0.06781386584043503,0.16113469004631042,0.9996752738952637,0.3459082543849945,0.06722164899110794,0.1611509472131729,0.9995981454849243,0.3427897095680237,0.06673311442136765,0.16115805506706238,0.9995734095573425,0.35756707191467285,0.06768355518579483,0.16493098437786102,0.999750018119812,0.3606349229812622,0.06691066175699234,0.16496917605400085,0.9997238516807556,0.3638828694820404,0.06593125313520432,0.16493070125579834,0.999731183052063,0.3375100791454315,0.07366187125444412,0.0330679751932621,0.9998273253440857,0.36692357063293457,0.07201775163412094,0.0518890842795372,0.9998370409011841,0.3488718569278717,0.09549006074666977,0.15848864614963531,0.9998304843902588,0.35762935876846313,0.09602054953575134,0.16309747099876404,0.9998707175254822,0.2998087704181671,0.1677604466676712,-0.03451802581548691,0.9999140501022339,0.40147146582603455,0.17033487558364868,0.01340310089290142,0.9999111890792847,0.2870706021785736,0.3193652629852295,-0.036180492490530014,0.9737035632133484,0.42202383279800415,0.3245800733566284,0.011364025995135307,0.9836484789848328,0.29716089367866516,0.44706055521965027,0.008082868531346321,0.584182858467102,0.4207453727722168,0.44958844780921936,0.024517269805073738,0.7801214456558228,0.2971736788749695,0.48084497451782227,0.004148692823946476,0.4476795494556427,0.42197537422180176,0.48421329259872437,0.026185262948274612,0.6521075367927551,0.3036664128303528,0.4780060946941376,0.0021470787469297647,0.427301824092865,0.41276875138282776,0.4867692291736603,0.01940740831196308,0.6319139003753662,0.3064921498298645,0.46536824107170105,0.008552571758627892,0.3931862413883209,0.410252183675766,0.47458136081695557,0.022443562746047974,0.5656530857086182,0.33223146200180054,0.43811705708503723,-0.016609560698270798,0.9997010231018066,0.3817417621612549,0.4312404990196228,0.01644887775182724,0.9994398355484009,0.3353915810585022,0.6451648473739624,0.013407506048679352,0.9954123497009277,0.39395931363105774,0.6424124240875244,0.08772064745426178,0.9829763174057007,0.34061670303344727,0.8369655013084412,0.059055961668491364,0.9893288016319275,0.4002586901187897,0.8368470072746277,0.1378374993801117,0.9809126853942871,0.34218311309814453,0.878944993019104,0.06292255222797394,0.9885721206665039,0.3959496021270752,0.8801676630973816,0.14209015667438507,0.9758161306381226,0.3343653082847595,0.8533839583396912,0.027232935652136803,0.8489031195640564,0.4046695828437805,0.8330254554748535,0.10562523454427719,0.7966482043266296
14,walk,0.3540321886539459,0.08276619017124176,0.19480715692043304,0.9996991157531738,0.34985092282295227,0.06685172766447067,0.1593279391527176,0.9996952414512634,0.3467631936073303,0.06623230874538422,0.15934357047080994,0.9996280670166016,0.34357529878616333,0.06570398062467575,0.15935228765010834,0.9996036291122437,0.3588416576385498,0.06679816544055939,0.16319803893566132,0.9997630715370178,0.362049400806427,0.06610044836997986,0.16323809325695038,0.9997411966323853,0.3652908205986023,0.06526168435811996,0.1631973832845688,0.9997435212135315,0.3383249342441559,0.07210035622119904,0.033743809908628464,0.9998357892036438,0.36792200803756714,0.07165103405714035,0.05014137551188469,0.9998412728309631,0.34963324666023254,0.09454352408647537,0.15661616623401642,0.9998392462730408,0.358548641204834,0.09480898827314377,0.161074697971344,0.9998756051063538,0.3003699779510498,0.1681751310825348,-0.03159137815237045,0.999916136264801,0.40238872170448303,0.16968035697937012,0.009556837379932404,0.9999127388000488,0.28742730617523193,0.3185186982154846,-0.034554991871118546,0.9744495153427124,0.42284339666366577,0.3221282958984375,0.005006623920053244,0.9833605885505676,0.2974279224872589,0.44790777564048767,0.0054649715311825275,0.6070079803466797,0.4230324625968933,0.4498220682144165,0.0166081003844738,0.7917413115501404,0.2974960505962372,0.48114755749702454,0.00131602946203202,0.4725995361804962,0.4250933527946472,0.4852779507637024,0.017281843349337578,0.6699138283729553,0.30373871326446533,0.4780696928501129,-0.001309646526351571,0.45232680439949036,0.41638725996017456,0.4878596365451813,0.010979730635881424,0.6500270366668701,0.30651530623435974,0.4657181203365326,0.005590561777353287,0.41631147265434265,0.4134945869445801,0.47589489817619324,0.014680524356663227,0.5841130614280701,0.33268076181411743,0.43855738639831543,-0.015779927372932434,0.999715268611908,0.3822675347328186,0.4317779839038849,0.015626410022377968,0.9994633197784424,0.33581554889678955,0.6441893577575684,0.014419225044548512,0.9956110119819641,0.39459505677223206,0.642406165599823,0.08536628633737564,0.9839749336242676,0.3406389355659485,0.8359353542327881,0.05991671606898308,0.9897756576538086,0.40034085512161255,0.8361803889274597,0.13376900553703308,0.9818302392959595,0.3419199287891388,0.8783227801322937,0.06350494176149368,0.9889761209487915,0.3958588242530823,0.8800757527351379,0.13770973682403564,0.9769189357757568,0.33502185344696045,0.8524240255355835,0.026277661323547363,0.8545834422111511,0.4046390950679779,0.8329929113388062,0.09995462000370026,0.8042411804199219
15,walk,0.3547956347465515,0.08357735723257065,0.18150080740451813,0.9997190833091736,0.35060611367225647,0.06767916679382324,0.14518733322620392,0.9997116923332214,0.34755057096481323,0.06701786071062088,0.1452035903930664,0.9996536374092102,0.34436073899269104,0.0664730817079544,0.14520683884620667,0.999629557132721,0.3597680926322937,0.06776071339845657,0.14968083798885345,0.9997729063034058,0.3630738854408264,0.06710180640220642,0.14971938729286194,0.9997549057006836,0.366352379322052,0.06630092114210129,0.14967922866344452,0.999752402305603,0.33904337882995605,0.07283443212509155,0.018601832911372185,0.9998425245285034,0.36899271607398987,0.07256288081407547,0.03726530075073242,0.999842643737793,0.3504919409751892,0.09518074244260788,0.14301761984825134,0.9998456239700317,0.35938048362731934,0.09566723555326462,0.14817743003368378,0.9998781681060791,0.300697922706604,0.16827255487442017,-0.044842883944511414,0.9999176859855652,0.40377140045166016,0.17021650075912476,-0.0013133836910128593,0.9999130368232727,0.2875328063964844,0.31871867179870605,-0.04628874734044075,0.9752401113510132,0.42465129494667053,0.322767049074173,-0.004041721113026142,0.9832850694656372,0.2981855273246765,0.44833365082740784,-0.00345049612224102,0.6250541806221008,0.4246620237827301,0.45307543873786926,0.009068637154996395,0.8020465970039368,0.2987338900566101,0.4816303253173828,-0.007114827632904053,0.49109354615211487,0.4264456331729889,0.48804914951324463,0.010238184593617916,0.6853839159011841,0.30507320165634155,0.4781930148601532,-0.009831530973315239,0.4708416163921356,0.4183111786842346,0.4900951385498047,0.0038190174382179976,0.6657441258430481,0.30763429403305054,0.46583154797554016,-0.0032724502962082624,0.4334569275379181,0.41563668847084045,0.4785027503967285,0.007077062968164682,0.6001904606819153,0.3329685926437378,0.4393382966518402,-0.01576853357255459,0.9997252821922302,0.38293954730033875,0.43305015563964844,0.015609055757522583,0.9994775056838989,0.3360881209373474,0.6441711187362671,0.013398696668446064,0.9956978559494019,0.3951396346092224,0.6429535746574402,0.08650708943605423,0.9846166372299194,0.3406769335269928,0.8366301655769348,0.056920070201158524,0.9900206923484802,0.40041646361351013,0.835638165473938,0.13430312275886536,0.9823622703552246,0.3420238196849823,0.8787950277328491,0.06035175174474716,0.9891278743743896,0.3957837224006653,0.879888653755188,0.1380581259727478,0.9775569438934326,0.33515527844429016,0.8529223203659058,0.02328176237642765,0.8588082790374756,0.404412180185318,0.8341251015663147,0.09999390691518784,0.8095508217811584
16,walk,0.35587212443351746,0.0819200649857521,0.18544930219650269,0.9997357130050659,0.35154998302459717,0.06547047197818756,0.15019480884075165,0.9997248649597168,0.34850114583969116,0.0648052766919136,0.1502104550600052,0.9996752738952637,0.3453071117401123,0.064313143491745,0.1502118706703186,0.999651312828064,0.36085250973701477,0.06585127860307693,0.15402573347091675,0.9997802376747131,0.364200621843338,0.06532086431980133,0.1540629267692566,0.999765932559967,0.36749041080474854,0.06466249376535416,0.15401920676231384,0.9997588396072388,0.33991074562072754,0.07127843797206879,0.025675708428025246,0.9998470544815063,0.37002497911453247,0.0713951587677002,0.04176916927099228,0.9998421669006348,0.35153526067733765,0.09404417872428894,0.14780431985855103,0.9998501539230347,0.3605027198791504,0.09462152421474457,0.15214769542217255,0.9998793601989746,0.30094337463378906,0.16783446073532104,-0.03833698853850365,0.9999171495437622,0.4045771658420563,0.1706491857767105,-0.0005932574858888984,0.9999122619628906,0.28767499327659607,0.3184882402420044,-0.04116109013557434,0.9758118987083435,0.425588458776474,0.323363721370697,-0.003437270876020193,0.9835503697395325,0.29916131496429443,0.4481278359889984,-0.0015747701982036233,0.6364627480506897,0.4262237548828125,0.453355073928833,0.010435589589178562,0.8117771148681641,0.29991722106933594,0.48057830333709717,-0.004818304441869259,0.501636803150177,0.428048312664032,0.48837342858314514,0.011344819329679012,0.6995825171470642,0.30648040771484375,0.4769846200942993,-0.007637685630470514,0.48137304186820984,0.42035111784935,0.49025556445121765,0.00576808350160718,0.6801711320877075,0.3088594377040863,0.46487727761268616,-0.0016249933978542686,0.4429701268672943,0.41766899824142456,0.47859856486320496,0.008761170320212841,0.6148078441619873,0.33305224776268005,0.4403758645057678,-0.015444849617779255,0.9997286796569824,0.38312390446662903,0.4344024956226349,0.015287807211279869,0.9994809031486511,0.33629924058914185,0.6439205408096313,0.011270551942288876,0.9957526922225952,0.39532291889190674,0.6433713436126709,0.08463826775550842,0.9851951003074646,0.3407057225704193,0.8370836973190308,0.05451328679919243,0.9901860356330872,0.4004557132720947,0.836772084236145,0.1304527074098587,0.9828056693077087,0.3421592116355896,0.8793368935585022,0.05773802846670151,0.9892497658729553,0.395778626203537,0.8812247514724731,0.13399171829223633,0.9781246185302734,0.33543017506599426,0.8539402484893799,0.021490156650543213,0.8622344732284546,0.40455278754234314,0.8359962701797485,0.09798591583967209,0.8141134977340698
17,walk,0.3565155565738678,0.08219244331121445,0.1918364316225052,0.9997497200965881,0.3521597981452942,0.06551416218280792,0.15604636073112488,0.9997362494468689,0.34907102584838867,0.0648438110947609,0.15605245530605316,0.9996941089630127,0.3458509147167206,0.06435208767652512,0.15604451298713684,0.9996705055236816,0.3614295423030853,0.06596991419792175,0.15994824469089508,0.9997860789299011,0.36476168036460876,0.06546314060688019,0.16000355780124664,0.9997747540473938,0.3680141270160675,0.06482353806495667,0.15996451675891876,0.9997633695602417,0.34032756090164185,0.07138974964618683,0.026023412123322487,0.999850332736969,0.37044012546539307,0.07162806391716003,0.04497009888291359,0.9998400807380676,0.3521408438682556,0.09427239000797272,0.15320821106433868,0.9998535513877869,0.3611147105693817,0.09505701065063477,0.15768775343894958,0.9998794794082642,0.3011167049407959,0.1676468849182129,-0.037949323654174805,0.9999170899391174,0.40482836961746216,0.17116990685462952,0.0011791454162448645,0.9999117851257324,0.287777841091156,0.31868964433670044,-0.03838114067912102,0.9762629866600037,0.4259583353996277,0.3237128257751465,0.001253640279173851,0.9839909672737122,0.2998068332672119,0.4475986063480377,0.003785794135183096,0.6432939767837524,0.42756062746047974,0.45321646332740784,0.018097369000315666,0.8197046518325806,0.30063989758491516,0.47971081733703613,-0.00028679161914624274,0.5069562196731567,0.4292791783809662,0.4878377616405487,0.019658910110592842,0.7106506824493408,0.307170569896698,0.4758324921131134,-0.0021323563996702433,0.4866887927055359,0.42221182584762573,0.4895989000797272,0.013838830403983593,0.6914129257202148,0.309476375579834,0.4638601839542389,0.00387925049290061,0.44768697023391724,0.41948074102401733,0.4780671298503876,0.016509614884853363,0.6260295510292053,0.33294087648391724,0.44072142243385315,-0.014859850518405437,0.9997329711914062,0.3833310306072235,0.4353023171424866,0.014699215069413185,0.9994872808456421,0.3363521695137024,0.6437689065933228,0.011345276609063148,0.9957677125930786,0.3954027593135834,0.6437782645225525,0.08375789225101471,0.9857093691825867,0.34101802110671997,0.8362554907798767,0.053510118275880814,0.9902154803276062,0.4004756808280945,0.8377163410186768,0.1287035048007965,0.9831722378730774,0.3424880802631378,0.8773954510688782,0.05675523728132248,0.9892690777778625,0.3958536684513092,0.8813908696174622,0.13221433758735657,0.9786739349365234,0.33921873569488525,0.853647768497467,0.020684055984020233,0.864192545413971,0.40457773208618164,0.8371525406837463,0.09687545150518417,0.8176383972167969
18,walk,0.35666343569755554,0.08083342015743256,0.20519748330116272,0.9997639656066895,0.35236069560050964,0.06438802927732468,0.1709020584821701,0.9997490048408508,0.3492792248725891,0.06390246748924255,0.1709153950214386,0.9997131824493408,0.34604841470718384,0.06356518715620041,0.17091020941734314,0.9996902346611023,0.36159127950668335,0.06450918316841125,0.17267321050167084,0.999794065952301,0.3649294972419739,0.06395509093999863,0.17272233963012695,0.999785304069519,0.3682180345058441,0.06334955245256424,0.17267414927482605,0.9997710585594177,0.34036576747894287,0.07088080793619156,0.04763983190059662,0.999854564666748,0.3706951439380646,0.07040015608072281,0.0548766627907753,0.9998411536216736,0.3522997200489044,0.09333547204732895,0.1680092066526413,0.9998573064804077,0.3612859547138214,0.09397614002227783,0.16969238221645355,0.9998806715011597,0.3012414276599884,0.16760630905628204,-0.014355478808283806,0.9999164342880249,0.40480875968933105,0.17067965865135193,0.0028275293298065662,0.9999109506607056,0.2872941195964813,0.31856945157051086,-0.01653766632080078,0.9767656922340393,0.42613282799720764,0.3233441710472107,0.003477637190371752,0.984676718711853,0.3004668056964874,0.44468170404434204,0.01755077764391899,0.6461110711097717,0.42863741517066956,0.45129796862602234,0.02144911326467991,0.8258621096611023,0.3015347123146057,0.4770953357219696,0.015596623532474041,0.5074363350868225,0.43032392859458923,0.48613065481185913,0.023223932832479477,0.7183201313018799,0.30936649441719055,0.47133874893188477,0.01252930797636509,0.4871642291545868,0.4237004816532135,0.48752912878990173,0.017244843766093254,0.6992158889770508,0.311109721660614,0.4598204791545868,0.017068583518266678,0.44786232709884644,0.42058101296424866,0.47623342275619507,0.019811850041151047,0.6333867907524109,0.3329668641090393,0.44074708223342896,-0.010977591387927532,0.9997326731681824,0.38348013162612915,0.4353429675102234,0.010820109397172928,0.9994872212409973,0.3364350497722626,0.6433925628662109,0.008997962810099125,0.9958456754684448,0.3954675793647766,0.6436169147491455,0.07318993657827377,0.9863547086715698,0.3411833345890045,0.8352066278457642,0.04164200276136398,0.990320086479187,0.40041565895080566,0.8380277752876282,0.10864965617656708,0.983593225479126,0.34272411465644836,0.8763722777366638,0.043870486319065094,0.9894278049468994,0.3958494961261749,0.8816088438034058,0.11094435304403305,0.9792707562446594,0.34105029702186584,0.8532801866531372,0.005323112942278385,0.865917444229126,0.4046425223350525,0.8381379246711731,0.07190991193056107,0.8208034038543701
19,walk,0.3566807210445404,0.0800275132060051,0.21199461817741394,0.9997795224189758,0.35240429639816284,0.06356204301118851,0.1797340363264084,0.9997647404670715,0.3493238091468811,0.06322763115167618,0.17974911630153656,0.9997333288192749,0.34609854221343994,0.06305725127458572,0.17974413931369781,0.9997119903564453,0.3615662157535553,0.06362679600715637,0.17969395220279694,0.9998062252998352,0.364875465631485,0.06310880184173584,0.17974060773849487,0.9997988939285278,0.3681844472885132,0.06255538761615753,0.17968639731407166,0.999784529209137,0.3404950797557831,0.07097704708576202,0.06600852310657501,0.9998610019683838,0.3707060217857361,0.06983014941215515,0.06461019814014435,0.9998475313186646,0.3523293137550354,0.09279826283454895,0.17777597904205322,0.9998621344566345,0.3612850308418274,0.09354244917631149,0.17722222208976746,0.9998838305473328,0.3013344407081604,0.16788659989833832,0.011863620951771736,0.9999163746833801,0.40466150641441345,0.17029708623886108,0.003724572714418173,0.9999133944511414,0.2869667410850525,0.3175443112850189,0.023417063057422638,0.9768779277801514,0.4260052740573883,0.3214501142501831,0.004581641871482134,0.9855641722679138,0.3022754490375519,0.4230564534664154,0.06367232650518417,0.6381803154945374,0.42913389205932617,0.4462448060512543,0.02676997147500515,0.8340775370597839,0.30384182929992676,0.45319777727127075,0.06510967016220093,0.4972706735134125,0.4305168688297272,0.48236504197120667,0.03029179945588112,0.7283264994621277,0.31138473749160767,0.442629337310791,0.06144961714744568,0.4772703945636749,0.4245425760746002,0.483378142118454,0.02592642605304718,0.7096764445304871,0.31256401538848877,0.4309579133987427,0.06320835649967194,0.43919622898101807,0.42140278220176697,0.4720093309879303,0.02674480900168419,0.6443361639976501,0.3329022526741028,0.4403800964355469,-0.0042692492716014385,0.99973064661026,0.3833925127983093,0.4351966381072998,0.004111877642571926,0.9994872808456421,0.33699730038642883,0.6409884691238403,0.002739090472459793,0.9958603978157043,0.3955165445804596,0.6434151530265808,0.05478206276893616,0.9867072701454163,0.3413275480270386,0.8349205851554871,0.016715077683329582,0.9902705550193787,0.4004172384738922,0.8384387493133545,0.07505003362894058,0.9836072325706482,0.3428933024406433,0.8756563067436218,0.016992198303341866,0.9894649982452393,0.3958562910556793,0.8817899823188782,0.07604777812957764,0.979401707649231,0.3408697247505188,0.8540143966674805,-0.020877625793218613,0.8677912950515747,0.40552830696105957,0.8387202620506287,0.038247816264629364,0.8238264918327332
20,walk,0.3564797043800354,0.08063704520463943,0.20909850299358368,0.9997917413711548,0.3523200750350952,0.06419119238853455,0.17683681845664978,0.9997779726982117,0.34926170110702515,0.06384725868701935,0.17685137689113617,0.9997502565383911,0.3460690379142761,0.06366527825593948,0.17684689164161682,0.99973064661026,0.361291766166687,0.06429124623537064,0.17719514667987823,0.9998162984848022,0.3645457923412323,0.06378580629825592,0.1772378832101822,0.9998100399971008,0.3679024875164032,0.06322004646062851,0.17718642950057983,0.9997959733009338,0.3405395448207855,0.07161112129688263,0.06810452044010162,0.9998650550842285,0.37062880396842957,0.0703866183757782,0.06327081471681595,0.999852180480957,0.3521866798400879,0.09331758320331573,0.17517060041427612,0.9998634457588196,0.36104637384414673,0.09416971355676651,0.1747770607471466,0.999883770942688,0.3013140559196472,0.1680828481912613,0.025110255926847458,0.9999151229858398,0.4042699933052063,0.16975311934947968,-0.0028404861222952604,0.9999157190322876,0.28675833344459534,0.3175838589668274,0.04394447058439255,0.9754809141159058,0.425691694021225,0.3193548917770386,0.0005448879674077034,0.9863075613975525,0.3052057921886444,0.4149693250656128,0.08320823311805725,0.6232932209968567,0.4292437434196472,0.44308915734291077,0.031661245971918106,0.8422170877456665,0.3079707622528076,0.4433945417404175,0.08684699237346649,0.48220521211624146,0.43044400215148926,0.4793446362018585,0.03652668371796608,0.7385769486427307,0.31624844670295715,0.43211719393730164,0.08217846602201462,0.46275702118873596,0.42462292313575745,0.48062121868133545,0.03346369415521622,0.7204210162162781,0.31667035818099976,0.42185619473457336,0.08242616802453995,0.4264090657234192,0.42146024107933044,0.4694603383541107,0.03289707005023956,0.655998706817627,0.3326107859611511,0.44034749269485474,0.005268422421067953,0.9997271299362183,0.38273245096206665,0.4352501630783081,-0.005453059449791908,0.9994845390319824,0.33726802468299866,0.640066385269165,0.003604131517931819,0.9957126975059509,0.39535582065582275,0.6433676481246948,0.04181644320487976,0.9866198301315308,0.34141892194747925,0.8343413472175598,0.014953641220927238,0.9899501800537109,0.4003869593143463,0.8394801020622253,0.058008380234241486,0.983137845993042,0.3430112600326538,0.8754256963729858,0.014669224619865417,0.9892120361328125,0.3958622217178345,0.8822201490402222,0.058739591389894485,0.978843092918396,0.34087294340133667,0.8535350561141968,-0.022389225661754608,0.8689648509025574,0.4063727855682373,0.8384096026420593,0.0217311829328537,0.8258471488952637
21,walk,0.3560738265514374,0.08116792887449265,0.2097342312335968,0.9998032450675964,0.35201773047447205,0.0647629052400589,0.17884956300258636,0.9997897148132324,0.3489758372306824,0.06439252197742462,0.1788633018732071,0.9997653961181641,0.3458162844181061,0.06418075412511826,0.17885395884513855,0.999747097492218,0.3607049286365509,0.06487274914979935,0.178187757730484,0.9998255968093872,0.36385777592658997,0.06436007469892502,0.1782330572605133,0.9998205304145813,0.3672065734863281,0.06377457082271576,0.17817755043506622,0.9998067617416382,0.34032511711120605,0.07203588634729385,0.07181822508573532,0.9998691082000732,0.3702697157859802,0.07078384608030319,0.06610046327114105,0.9998571276664734,0.35178664326667786,0.09376290440559387,0.17729225754737854,0.9998655915260315,0.3605596721172333,0.09463687241077423,0.17582900822162628,0.999885082244873,0.3009689748287201,0.16818767786026,0.024478329345583916,0.99991375207901,0.4038117825984955,0.16939400136470795,-0.0015634143492206931,0.9999186396598816,0.28685563802719116,0.317393958568573,0.04216126352548599,0.97383713722229,0.42452120780944824,0.31833651661872864,0.0017814363818615675,0.9870854020118713,0.30744513869285583,0.4116970896720886,0.08352886140346527,0.607031524181366,0.42906421422958374,0.44181379675865173,0.034089989960193634,0.8503022789955139,0.31057074666023254,0.4403264820575714,0.08695471286773682,0.46653637290000916,0.43044567108154297,0.4784465730190277,0.038980599492788315,0.7492290735244751,0.319155752658844,0.4289323091506958,0.08292581140995026,0.4475676715373993,0.42479434609413147,0.47973763942718506,0.036503687500953674,0.7315781712532043,0.31943124532699585,0.4185737073421478,0.0830453410744667,0.4128427803516388,0.42154422402381897,0.46876034140586853,0.03549981117248535,0.6679673790931702,0.3323907256126404,0.4404088258743286,0.0024715315084904432,0.9997246265411377,0.38249194622039795,0.4353889524936676,-0.0026449658907949924,0.999483048915863,0.3372402787208557,0.6401705145835876,-3.910082341462839e-06,0.9957507252693176,0.39472585916519165,0.6441678404808044,0.0468832403421402,0.9867734909057617,0.34147751331329346,0.8337826132774353,0.008162891492247581,0.9898934364318848,0.40029922127723694,0.8389198184013367,0.06496530771255493,0.9828944206237793,0.34305116534233093,0.8753616213798523,0.007879802957177162,0.9892191886901855,0.3957100510597229,0.8819349408149719,0.06593237817287445,0.9785780310630798,0.33995547890663147,0.8541232347488403,-0.029783103615045547,0.8706316351890564,0.40636080503463745,0.8381694555282593,0.029070992022752762,0.8273469805717468
22,walk,0.35558784008026123,0.0810006633400917,0.21147890388965607,0.9998146295547485,0.35168877243995667,0.06426023691892624,0.18047752976417542,0.9998008608818054,0.34867510199546814,0.06381787359714508,0.18048939108848572,0.9997797608375549,0.34555163979530334,0.06355675309896469,0.18047961592674255,0.9997625946998596,0.36003541946411133,0.06468252092599869,0.1797688901424408,0.9998345971107483,0.3630662262439728,0.0642697736620903,0.179818794131279,0.9998307228088379,0.36631184816360474,0.06376810371875763,0.17976707220077515,0.9998171329498291,0.33989089727401733,0.07146747410297394,0.07171209156513214,0.999873697757721,0.36974066495895386,0.07082773745059967,0.06755213439464569,0.999862015247345,0.35124146938323975,0.09375930577516556,0.17903883755207062,0.9998688101768494,0.35985246300697327,0.09486187994480133,0.1775548905134201,0.9998874068260193,0.3004710376262665,0.1682710498571396,0.02038680948317051,0.9999130368232727,0.4031333029270172,0.1695862114429474,0.0021459709387272596,0.9999212622642517,0.28687769174575806,0.3164159059524536,0.03902800753712654,0.9732261896133423,0.4235354959964752,0.31864866614341736,0.0020081785041838884,0.9877549409866333,0.30753135681152344,0.4071224331855774,0.08374709635972977,0.597429096698761,0.42885303497314453,0.44181936979293823,0.03325129300355911,0.8583145141601562,0.31059354543685913,0.43592503666877747,0.08789582550525665,0.45653417706489563,0.43028879165649414,0.47833865880966187,0.03813907131552696,0.7602824568748474,0.31877025961875916,0.4255232512950897,0.08395203202962875,0.43802976608276367,0.42469102144241333,0.47943535447120667,0.03601493686437607,0.7431323528289795,0.31920912861824036,0.41422364115715027,0.08358027040958405,0.4045734107494354,0.42149409651756287,0.4685150980949402,0.035041093826293945,0.6802077889442444,0.33198997378349304,0.44065725803375244,0.0010261456482112408,0.9997225403785706,0.38180825114250183,0.4362708330154419,-0.001197339966893196,0.9994814395904541,0.3366440534591675,0.6401393413543701,-0.002614239463582635,0.9958809614181519,0.3938729166984558,0.645326554775238,0.04959819093346596,0.9871669411659241,0.34148913621902466,0.8334832787513733,0.005773073062300682,0.9901230931282043,0.4002242088317871,0.8388746380805969,0.06793181598186493,0.9831919074058533,0.34315526485443115,0.8751585483551025,0.00572268245741725,0.9895249009132385,0.3953429162502289,0.8819195032119751,0.06888744980096817,0.9788895845413208,0.33883196115493774,0.8545928001403809,-0.03103978931903839,0.8743869066238403,0.4064176082611084,0.8382967710494995,0.03193393722176552,0.8315985202789307
23,walk,0.3540055453777313,0.08069964498281479,0.2131248414516449,0.9998263120651245,0.35035401582717896,0.06401268392801285,0.18167680501937866,0.9998123049736023,0.3473690152168274,0.06358831375837326,0.18168577551841736,0.9997941255569458,0.3442445397377014,0.06332892179489136,0.18167297542095184,0.9997780323028564,0.35835668444633484,0.06448512524366379,0.18153296411037445,0.9998438358306885,0.3612365126609802,0.0641208365559578,0.18158552050590515,0.999841034412384,0.3643866181373596,0.06364690512418747,0.18153682351112366,0.9998276233673096,0.33864811062812805,0.07103866338729858,0.07087932527065277,0.9998793005943298,0.3682951033115387,0.070604108273983,0.06964658200740814,0.9998677372932434,0.34962812066078186,0.09353559464216232,0.18013446033000946,0.9998732805252075,0.358047753572464,0.09486836194992065,0.17937123775482178,0.9998908042907715,0.299629271030426,0.16834208369255066,0.016440724954009056,0.9999135136604309,0.401820570230484,0.16972899436950684,0.008255609311163425,0.9999240636825562,0.28654032945632935,0.3156909644603729,0.034933120012283325,0.9730733633041382,0.42203545570373535,0.3187195956707001,0.00543433241546154,0.9884095191955566,0.30771639943122864,0.4052998721599579,0.08251618593931198,0.5903594493865967,0.42870965600013733,0.44193509221076965,0.03321459889411926,0.8658047914505005,0.3107479512691498,0.43397483229637146,0.08682949095964432,0.4487340450286865,0.43018031120300293,0.47851473093032837,0.03788711875677109,0.7705842852592468,0.3187536597251892,0.4239790737628937,0.08306954056024551,0.43072572350502014,0.4245069921016693,0.479593962430954,0.0355474129319191,0.7538388967514038,0.31924933195114136,0.41254526376724243,0.08251766860485077,0.39847102761268616,0.42136675119400024,0.4688326418399811,0.03472016006708145,0.6916700005531311,0.33155500888824463,0.44138166308403015,-0.0017231237143278122,0.9997223019599915,0.38122040033340454,0.4371214210987091,0.001568688079714775,0.9994816184043884,0.3359740972518921,0.6417626738548279,-0.004420519806444645,0.9960340857505798,0.3934888243675232,0.6462756395339966,0.05272925645112991,0.9875907897949219,0.3415009677410126,0.8331672549247742,0.00558992475271225,0.9903756380081177,0.4002059996128082,0.8387407064437866,0.0738082081079483,0.9835322499275208,0.3434416949748993,0.8749793171882629,0.005813144147396088,0.9898468255996704,0.3953244090080261,0.8816882371902466,0.07496853172779083,0.9792947769165039,0.33726221323013306,0.8554280400276184,-0.03014162741601467,0.877772867679596,0.40626344084739685,0.8383209109306335,0.03857167810201645,0.8353215456008911
24,walk,0.35228174924850464,0.08063901960849762,0.21392080187797546,0.9998379349708557,0.3488486707210541,0.06394895911216736,0.18261317908763885,0.9998239278793335,0.34593766927719116,0.06356993317604065,0.18262320756912231,0.9998081922531128,0.3428604006767273,0.06334230303764343,0.18261393904685974,0.9997929930686951,0.35661691427230835,0.06433691084384918,0.18258537352085114,0.9998533725738525,0.35936620831489563,0.0639776736497879,0.1826332062482834,0.9998514652252197,0.36247649788856506,0.06351311504840851,0.18258434534072876,0.9998384714126587,0.33745527267456055,0.07086993008852005,0.07265174388885498,0.9998853802680969,0.36690452694892883,0.07045507431030273,0.07174559682607651,0.999874472618103,0.3480984568595886,0.09351492673158646,0.18115180730819702,0.9998785257339478,0.35630515217781067,0.09489011019468307,0.18050310015678406,0.9998953342437744,0.29843875765800476,0.16842134296894073,0.015228420495986938,0.9999140501022339,0.40002042055130005,0.16980765759944916,0.013337373733520508,0.9999271035194397,0.2855355739593506,0.31527090072631836,0.030922889709472656,0.9726217985153198,0.42091232538223267,0.31893542408943176,0.009481128305196762,0.9889894723892212,0.30765867233276367,0.4031176269054413,0.07567796856164932,0.5819331407546997,0.42803239822387695,0.44187086820602417,0.03433329612016678,0.8718425035476685,0.31060224771499634,0.4321383237838745,0.07852404564619064,0.44016575813293457,0.4297421872615814,0.47784847021102905,0.038730017840862274,0.7783945798873901,0.3185463547706604,0.4221952557563782,0.07515157759189606,0.4225568175315857,0.423848956823349,0.47898873686790466,0.03655744343996048,0.7620376944541931,0.31911352276802063,0.41027238965034485,0.07564906775951385,0.3913845717906952,0.4206518530845642,0.4684509336948395,0.03563593327999115,0.7004668712615967,0.3308575451374054,0.44163814187049866,-0.005367902107536793,0.9997187256813049,0.38066160678863525,0.43729016184806824,0.005221470724791288,0.9994807839393616,0.3353249430656433,0.6426814794540405,-0.006866774056106806,0.9962088465690613,0.3931671977043152,0.6463978886604309,0.05409831553697586,0.9880363941192627,0.3415276110172272,0.832958459854126,0.001479891361668706,0.9906482696533203,0.400203138589859,0.8386063575744629,0.07423233985900879,0.9838512539863586,0.34375399351119995,0.8748561143875122,0.0016275327652692795,0.990221381187439,0.39527541399002075,0.8814923763275146,0.07532966881990433,0.9797382354736328,0.33474841713905334,0.8553580641746521,-0.03380833566188812,0.8804484009742737,0.40615591406822205,0.8380644917488098,0.038969218730926514,0.8379132747650146
25,walk,0.35081204771995544,0.0807567685842514,0.21344666182994843,0.9998485445976257,0.34748655557632446,0.06410161405801773,0.18222692608833313,0.9998341202735901,0.34459295868873596,0.06372719258069992,0.18223848938941956,0.9998206496238708,0.34156718850135803,0.06350280344486237,0.1822318583726883,0.9998063445091248,0.3550589978694916,0.06447596848011017,0.18211127817630768,0.9998618364334106,0.3575919270515442,0.06411286443471909,0.18215568363666534,0.9998607039451599,0.3605387806892395,0.06364300847053528,0.18210484087467194,0.9998480677604675,0.33618253469467163,0.07101989537477493,0.07268508523702621,0.9998903274536133,0.3650152385234833,0.07057629525661469,0.07102987170219421,0.9998800754547119,0.3464720845222473,0.09363244473934174,0.18075606226921082,0.9998834133148193,0.3545648157596588,0.09499828517436981,0.1799326092004776,0.9998995661735535,0.2973882555961609,0.16858673095703125,0.013311577029526234,0.9999142289161682,0.39809027314186096,0.1699238419532776,0.014717230573296547,0.9999293088912964,0.28492242097854614,0.3150204122066498,0.02723648026585579,0.9719675183296204,0.41891175508499146,0.3190099000930786,0.009750034660100937,0.989485502243042,0.3075869083404541,0.4042224586009979,0.06671984493732452,0.5739099979400635,0.4261232316493988,0.4419355094432831,0.03087451681494713,0.8757158517837524,0.31048864126205444,0.43337923288345337,0.06710106879472733,0.43220826983451843,0.4286465644836426,0.4774450659751892,0.03412868082523346,0.7828546166419983,0.31840819120407104,0.42407435178756714,0.06371496617794037,0.41492995619773865,0.42237114906311035,0.478742390871048,0.032118238508701324,0.7667693495750427,0.31901314854621887,0.4120327830314636,0.06620781123638153,0.3847441077232361,0.41901296377182007,0.4682086110115051,0.031891293823719025,0.7047164440155029,0.33032697439193726,0.44171983003616333,-0.007310154382139444,0.9997117519378662,0.3804263770580292,0.437298446893692,0.007158654276281595,0.9994760155677795,0.3346155285835266,0.6441086530685425,-0.010161520913243294,0.9963804483413696,0.3925018906593323,0.6462972164154053,0.05457255244255066,0.9885580539703369,0.3415490686893463,0.8330310583114624,-0.004518273286521435,0.9909215569496155,0.4000879228115082,0.8381933569908142,0.07237798720598221,0.9842256903648376,0.34389573335647583,0.874792754650116,-0.004426919389516115,0.9906187057495117,0.3951619565486908,0.8813163042068481,0.07313143461942673,0.9802303314208984,0.33355146646499634,0.8556452989578247,-0.041445475071668625,0.882439136505127,0.4061546325683594,0.8379536271095276,0.035665012896060944,0.8397094011306763
26,walk,0.35001516342163086,0.08078691363334656,0.21295961737632751,0.9998582601547241,0.34655362367630005,0.0642118752002716,0.18187478184700012,0.999843955039978,0.34369105100631714,0.06384383141994476,0.18188801407814026,0.9998324513435364,0.34065839648246765,0.06362371891736984,0.18188287317752838,0.9998191595077515,0.354079931974411,0.06456726044416428,0.18152131140232086,0.9998698830604553,0.3564985692501068,0.06420152634382248,0.1815648376941681,0.9998692274093628,0.3593611419200897,0.06372994929552078,0.18151386082172394,0.9998570680618286,0.3349739611148834,0.07112502306699753,0.07321450114250183,0.9998952746391296,0.3639334440231323,0.07065670937299728,0.07017819583415985,0.9998852610588074,0.3456462025642395,0.09369531273841858,0.18042847514152527,0.9998883605003357,0.3538075089454651,0.09507863968610764,0.17929908633232117,0.9999036192893982,0.29577356576919556,0.16939254105091095,0.014835352078080177,0.9999145865440369,0.39619070291519165,0.16990211606025696,0.014653071761131287,0.9999312162399292,0.28404128551483154,0.3150533139705658,0.025166282430291176,0.9706408381462097,0.4178340435028076,0.31878045201301575,0.009284837171435356,0.9899259805679321,0.3076607882976532,0.4051734209060669,0.05835547298192978,0.5649235248565674,0.42419248819351196,0.44204041361808777,0.028205057606101036,0.8786666393280029,0.31065988540649414,0.434540718793869,0.05718786269426346,0.42382049560546875,0.4264303743839264,0.47718098759651184,0.030536871403455734,0.7858985066413879,0.3188994526863098,0.4255313575267792,0.05323933809995651,0.40683966875076294,0.41957491636276245,0.47857773303985596,0.027949746698141098,0.7700605392456055,0.3194565176963806,0.4133072793483734,0.05726257711648941,0.3777279853820801,0.41642338037490845,0.4681486487388611,0.028898516669869423,0.7073264718055725,0.32964763045310974,0.441664457321167,-0.006740686483681202,0.9997048377990723,0.37996894121170044,0.4369998574256897,0.006593549158424139,0.9994710683822632,0.33434656262397766,0.6442911624908447,-0.012080054730176926,0.9964898824691772,0.39208799600601196,0.6462506651878357,0.05001116916537285,0.9889513254165649,0.3415692448616028,0.8329098224639893,-0.0115612568333745,0.9910456538200378,0.399952232837677,0.8376709818840027,0.05995490401983261,0.9843621850013733,0.3439089059829712,0.8747628927230835,-0.012006925418972969,0.9908882975578308,0.3950738310813904,0.8810627460479736,0.05976472049951553,0.9804525971412659,0.33348244428634644,0.85540372133255,-0.050360970199108124,0.8831062316894531,0.4063757359981537,0.8376930952072144,0.02091285213828087,0.8396059274673462
27,walk,0.3495692014694214,0.08026321977376938,0.2125745564699173,0.9998664259910583,0.34581929445266724,0.06367775797843933,0.18131355941295624,0.9998520612716675,0.34285521507263184,0.06338082253932953,0.18132779002189636,0.9998422861099243,0.3397311270236969,0.06323911249637604,0.18132330477237701,0.9998296499252319,0.35351938009262085,0.06401848047971725,0.18115414679050446,0.9998765587806702,0.35594210028648376,0.06364946812391281,0.18120011687278748,0.9998764395713806,0.35879331827163696,0.06319119781255722,0.1811515986919403,0.9998646378517151,0.3337768316268921,0.0707605853676796,0.07359243929386139,0.9998989701271057,0.36326223611831665,0.0702541247010231,0.07003363221883774,0.9998900294303894,0.3449534475803375,0.0933421328663826,0.17984303832054138,0.9998922944068909,0.3533841073513031,0.09481067955493927,0.17902448773384094,0.9999072551727295,0.2944285571575165,0.16972525417804718,0.014932948164641857,0.9999145269393921,0.3944006562232971,0.16914978623390198,0.01380622573196888,0.9999334812164307,0.2833137810230255,0.31571343541145325,0.024002620950341225,0.9690753817558289,0.41618767380714417,0.3150486350059509,0.009149597026407719,0.9902734160423279,0.30763867497444153,0.4064807593822479,0.057736508548259735,0.5535624027252197,0.4226100444793701,0.4414227306842804,0.03190825134515762,0.8795050382614136,0.31059449911117554,0.4356541037559509,0.0565839521586895,0.41368797421455383,0.4243168234825134,0.47629186511039734,0.03558294102549553,0.7857306003570557,0.3189013600349426,0.42664164304733276,0.05300723388791084,0.39684075117111206,0.4174102246761322,0.4779943823814392,0.03276301920413971,0.7700732946395874,0.319543719291687,0.4142675995826721,0.05675220489501953,0.36870574951171875,0.41456812620162964,0.4676704406738281,0.03273419663310051,0.7069266438484192,0.32944104075431824,0.4414849579334259,-0.006664836313575506,0.9997013211250305,0.3799642026424408,0.4357793629169464,0.006513780448585749,0.9994724988937378,0.33415481448173523,0.6445418000221252,-0.010263079777359962,0.9966022372245789,0.3919609487056732,0.6458749771118164,0.05106184631586075,0.9892618060112,0.34157565236091614,0.8328983783721924,-0.004536937456578016,0.9911940693855286,0.39986512064933777,0.8365429639816284,0.06618627905845642,0.984387993812561,0.3444109261035919,0.8747091293334961,-0.004533683881163597,0.9911307692527771,0.39498579502105713,0.880407452583313,0.06675079464912415,0.9804881811141968,0.3336825370788574,0.8555141687393188,-0.04189014062285423,0.8839372992515564,0.4063062071800232,0.8371184468269348,0.028876155614852905,0.8392146229743958
28,walk,0.3483336865901947,0.07972899824380875,0.20078983902931213,0.9998745918273926,0.3444681465625763,0.06330683827400208,0.1696191132068634,0.9998604655265808,0.34142935276031494,0.06308583915233612,0.16963538527488708,0.999852180480957,0.33821049332618713,0.06302077323198318,0.16963183879852295,0.9998403191566467,0.3522723913192749,0.06359165161848068,0.1696358025074005,0.9998834133148193,0.35467591881752014,0.06323022395372391,0.16967859864234924,0.9998837113380432,0.35749125480651855,0.06280091404914856,0.16963177919387817,0.9998721480369568,0.33220627903938293,0.07062575966119766,0.06322555989027023,0.9999036192893982,0.36226388812065125,0.07008016109466553,0.061224937438964844,0.9998953938484192,0.3435589373111725,0.09295867383480072,0.16916465759277344,0.9998974800109863,0.3522675931453705,0.0944560244679451,0.16851051151752472,0.9999117255210876,0.293303906917572,0.17012494802474976,0.004816539119929075,0.9999163746833801,0.3937527537345886,0.16920600831508636,0.01125315297394991,0.999936044216156,0.2826688587665558,0.31709763407707214,0.01770109310746193,0.9689099192619324,0.4154910147190094,0.3154517412185669,0.010127294808626175,0.9903848767280579,0.3070937693119049,0.40834367275238037,0.05819781497120857,0.5479146838188171,0.42030152678489685,0.4432484209537506,0.03838815912604332,0.8778127431869507,0.3103359341621399,0.43715769052505493,0.05778670310974121,0.4079211950302124,0.42137235403060913,0.4770553708076477,0.04343442618846893,0.7820794582366943,0.31874576210975647,0.42845386266708374,0.0547967366874218,0.3910711109638214,0.4146513342857361,0.4788849353790283,0.039495352655649185,0.7663861513137817,0.3193034529685974,0.4172557294368744,0.05770181491971016,0.363800048828125,0.4123261868953705,0.46836474537849426,0.03873945027589798,0.7029680609703064,0.32934242486953735,0.4416719973087311,-0.006995109375566244,0.9997051358222961,0.379863977432251,0.4357665479183197,0.006838643457740545,0.9994809627532959,0.33317235112190247,0.6453472375869751,-0.0052382731810212135,0.9966598749160767,0.39183422923088074,0.6450087428092957,0.05720055103302002,0.9894516468048096,0.34161534905433655,0.833868145942688,0.002796383574604988,0.9912738800048828,0.3998127281665802,0.8355190753936768,0.078712098300457,0.9843243956565857,0.3447588086128235,0.875594437122345,0.003528003115206957,0.991280198097229,0.39488908648490906,0.8801330327987671,0.08035939931869507,0.9804790616035461,0.3337918817996979,0.8557676672935486,-0.026721004396677017,0.8846326470375061,0.40624451637268066,0.8358228206634521,0.04937049001455307,0.8388257026672363
29,walk,0.34729623794555664,0.07978504151105881,0.20680184662342072,0.9998788237571716,0.34335821866989136,0.06334937363862991,0.17588065564632416,0.9998639225959778,0.3403405547142029,0.06315331906080246,0.17590245604515076,0.9998572468757629,0.3371419608592987,0.06311630457639694,0.17589914798736572,0.9998458623886108,0.3509892523288727,0.06362301111221313,0.17547926306724548,0.9998862147331238,0.3533167839050293,0.06327227503061295,0.17551302909851074,0.9998869895935059,0.35601601004600525,0.06286295503377914,0.17545293271541595,0.9998753666877747,0.3312090337276459,0.0707549974322319,0.06839802861213684,0.9999040365219116,0.3607686161994934,0.07014719396829605,0.0648772269487381,0.9998963475227356,0.34256353974342346,0.09298264980316162,0.1747528314590454,0.9998987913131714,0.3510670065879822,0.09447875618934631,0.17351749539375305,0.9999130964279175,0.2925349771976471,0.17057856917381287,0.0051588742062449455,0.9999155402183533,0.39261215925216675,0.16919872164726257,0.01398758590221405,0.9999368190765381,0.28192874789237976,0.3172198534011841,0.016435937955975533,0.9682286977767944,0.4138900339603424,0.3143349587917328,0.013384908437728882,0.9905697703361511,0.3057868480682373,0.4089493751525879,0.05497930198907852,0.5373324751853943,0.41826897859573364,0.4419512450695038,0.038223106414079666,0.8746227622032166,0.30915847420692444,0.437874436378479,0.05319948121905327,0.3982195258140564,0.4192177355289459,0.47485750913619995,0.042609862983226776,0.776191771030426,0.3178457021713257,0.4289124310016632,0.051143597811460495,0.38141679763793945,0.4127153754234314,0.47608938813209534,0.03868487477302551,0.7604269981384277,0.3182881474494934,0.4177590310573578,0.05473474785685539,0.3552038073539734,0.41037672758102417,0.4656243324279785,0.03839098662137985,0.6960301995277405,0.32905909419059753,0.4411547780036926,-0.007194641046226025,0.9996964335441589,0.37975800037384033,0.4346114993095398,0.007039401680231094,0.9994718432426453,0.33291786909103394,0.6453591585159302,-0.006391844246536493,0.9967279434204102,0.3914625942707062,0.6424548029899597,0.05628998950123787,0.9896905422210693,0.34163111448287964,0.8341130614280701,0.00027324995608069,0.9913779497146606,0.3997131586074829,0.8335790634155273,0.07622544467449188,0.9842568039894104,0.34488579630851746,0.8762086033821106,0.000658805132843554,0.9914451241493225,0.39454418420791626,0.879146158695221,0.07750619202852249,0.9804173707962036,0.33382242918014526,0.8560343980789185,-0.033806025981903076,0.8849294781684875,0.4060584604740143,0.835307240486145,0.04394887387752533,0.8374025225639343
30,walk,0.3464047610759735,0.0798577070236206,0.2114456444978714,0.999882698059082,0.34246087074279785,0.06359191983938217,0.1800784170627594,0.9998672008514404,0.339424729347229,0.0634165108203888,0.18010154366493225,0.9998618364334106,0.3362137973308563,0.0633975937962532,0.18009883165359497,0.9998512268066406,0.3501347005367279,0.06387042254209518,0.17957362532615662,0.9998889565467834,0.35246115922927856,0.06355497241020203,0.1796017587184906,0.9998900890350342,0.3551483154296875,0.06318370252847672,0.17953793704509735,0.9998787045478821,0.3302682042121887,0.07110405713319778,0.0701681450009346,0.9999039173126221,0.35983216762542725,0.0705280601978302,0.06618602573871613,0.999896228313446,0.3416648507118225,0.09311573952436447,0.17854711413383484,0.9998993873596191,0.35017186403274536,0.09463270008563995,0.17706415057182312,0.9999135136604309,0.29136428236961365,0.1707555055618286,0.004754037596285343,0.9999123811721802,0.3917648494243622,0.1692693829536438,0.01697133481502533,0.9999357461929321,0.28101056814193726,0.3186591565608978,0.01193877961486578,0.9668341279029846,0.4128473699092865,0.31589367985725403,0.0199215617030859,0.9903571605682373,0.3045399785041809,0.40900883078575134,0.049653299152851105,0.5224311947822571,0.41447311639785767,0.4420659840106964,0.042255330830812454,0.8652764558792114,0.3084459900856018,0.4381718635559082,0.047734636813402176,0.3852289319038391,0.4149859547615051,0.474112868309021,0.04627575725317001,0.76291424036026,0.3174857497215271,0.42935019731521606,0.04642173647880554,0.3686659336090088,0.408524751663208,0.474684476852417,0.04236702620983124,0.7470085620880127,0.3177589178085327,0.4182148873806,0.04971881955862045,0.3436201214790344,0.4063631594181061,0.4641755521297455,0.04225516319274902,0.680734395980835,0.3286493122577667,0.4405156373977661,-0.00907026045024395,0.9996802806854248,0.3796786665916443,0.43358272314071655,0.008928249590098858,0.9994536638259888,0.33222949504852295,0.6453303694725037,-0.01181239914149046,0.9968060851097107,0.39096274971961975,0.6391609311103821,0.05696231871843338,0.9899691939353943,0.3419026732444763,0.8340567946434021,-0.008524326607584953,0.9914833307266235,0.39964979887008667,0.8322534561157227,0.07507423311471939,0.9842503666877747,0.34581050276756287,0.8762162923812866,-0.00817081518471241,0.9916537404060364,0.39454182982444763,0.8772745132446289,0.07592534273862839,0.9804053902626038,0.33387500047683716,0.8560107946395874,-0.04436622932553291,0.8845561146736145,0.4058353900909424,0.8352794051170349,0.04137912392616272,0.8346753120422363
31,walk,0.3460308313369751,0.07992085814476013,0.2319985330104828,0.9998862147331238,0.34198883175849915,0.06371648609638214,0.20145070552825928,0.9998705387115479,0.338939905166626,0.06354115903377533,0.2014840543270111,0.9998661279678345,0.33572348952293396,0.06353148818016052,0.2014859914779663,0.9998562932014465,0.3496670424938202,0.06397293508052826,0.19912642240524292,0.9998915195465088,0.35199281573295593,0.0636436715722084,0.19914093613624573,0.9998927712440491,0.3546944558620453,0.06325902044773102,0.19906678795814514,0.9998818635940552,0.32963916659355164,0.07119803875684738,0.09187935292720795,0.9999037981033325,0.3591045141220093,0.07058524340391159,0.07961481809616089,0.9998970031738281,0.34123656153678894,0.09316091239452362,0.19906312227249146,0.999900221824646,0.34973224997520447,0.09466228634119034,0.19519498944282532,0.9999144077301025,0.2900066375732422,0.17135712504386902,0.02053137682378292,0.9999094009399414,0.3905644118785858,0.16926217079162598,0.022246187552809715,0.9999347925186157,0.2794746160507202,0.31915342807769775,0.015391714870929718,0.9658603668212891,0.4104840159416199,0.3147846758365631,0.030870944261550903,0.9901177287101746,0.30360734462738037,0.409981906414032,0.04893067479133606,0.5042530298233032,0.41114336252212524,0.4337898790836334,0.06894488632678986,0.8469301462173462,0.30786293745040894,0.43884631991386414,0.04576721042394638,0.36918821930885315,0.4116054177284241,0.464976966381073,0.07516224682331085,0.7383081912994385,0.3168443441390991,0.4296146035194397,0.04577117785811424,0.3528607189655304,0.4048881530761719,0.46304741501808167,0.07113749533891678,0.7225825786590576,0.3170950412750244,0.4185296893119812,0.04900909587740898,0.3293341100215912,0.40252774953842163,0.4511967897415161,0.06926915794610977,0.6556320190429688,0.32817143201828003,0.4404391050338745,-0.006796394940465689,0.9996709823608398,0.37963375449180603,0.43270963430404663,0.006678738631308079,0.9994458556175232,0.3319212794303894,0.6452956795692444,-0.010797535069286823,0.9968652725219727,0.39003485441207886,0.6378220915794373,0.05477728322148323,0.9903351664543152,0.3419622778892517,0.8341004848480225,-0.009631744585931301,0.9915770888328552,0.3996136784553528,0.8320842981338501,0.0685519203543663,0.9843001961708069,0.34602874517440796,0.876912534236908,-0.009526870213449001,0.9918386936187744,0.39457425475120544,0.8771568536758423,0.06924896687269211,0.9804993867874146,0.3340151906013489,0.855973482131958,-0.045922815799713135,0.8835201263427734,0.4059792459011078,0.8347452878952026,0.0355670228600502,0.8317159414291382
32,walk,0.3455286920070648,0.08028063178062439,0.24671566486358643,0.9998921751976013,0.34151312708854675,0.06436187773942947,0.21726644039154053,0.9998772144317627,0.3384946882724762,0.06415849179029465,0.21730776131153107,0.9998733401298523,0.33531349897384644,0.064138263463974,0.21730700135231018,0.9998644590377808,0.3491128981113434,0.06461244821548462,0.2149442434310913,0.9998970031738281,0.35144656896591187,0.06428928673267365,0.2149546891450882,0.9998980164527893,0.3541763424873352,0.06389354169368744,0.21488749980926514,0.9998881220817566,0.32920265197753906,0.0715872123837471,0.11061131954193115,0.9999068975448608,0.35837647318840027,0.07095152884721756,0.0980575829744339,0.9999011754989624,0.3408883213996887,0.0933513343334198,0.21456126868724823,0.9999035000801086,0.3491974472999573,0.094870924949646,0.21066787838935852,0.9999174475669861,0.28911924362182617,0.17144037783145905,0.0375375896692276,0.9999082684516907,0.38980042934417725,0.16924674808979034,0.038648564368486404,0.9999345541000366,0.278702974319458,0.3191523253917694,0.03237055242061615,0.9647590517997742,0.40902990102767944,0.3139408826828003,0.05162972956895828,0.9899163842201233,0.3036489188671112,0.4092053174972534,0.06231183931231499,0.4828670620918274,0.40869489312171936,0.42156919836997986,0.09781545400619507,0.827662467956543,0.3078729510307312,0.43853315711021423,0.058513343334198,0.35129043459892273,0.40905269980430603,0.4540138244628906,0.10536305606365204,0.7134211659431458,0.31685104966163635,0.42756152153015137,0.05980789661407471,0.33534684777259827,0.4025082588195801,0.44901004433631897,0.1024211049079895,0.6978822350502014,0.3170977830886841,0.4155353903770447,0.062468815594911575,0.3137075901031494,0.40024837851524353,0.4355071187019348,0.09876911342144012,0.6308586001396179,0.32788124680519104,0.4394998848438263,-0.00569575559347868,0.9996629357337952,0.3795337677001953,0.43082284927368164,0.005608019884675741,0.9994405508041382,0.3318738639354706,0.6445392370223999,-0.01012254785746336,0.9969372749328613,0.38925451040267944,0.637439489364624,0.04896438494324684,0.990728497505188,0.3420270085334778,0.832539975643158,-0.009576269425451756,0.9916837811470032,0.3995681405067444,0.8320664167404175,0.058237701654434204,0.9844821095466614,0.34629082679748535,0.8766075372695923,-0.009704282507300377,0.9920164346694946,0.3948344886302948,0.8768519759178162,0.05879954248666763,0.9806785583496094,0.33407777547836304,0.8552705645561218,-0.04472336545586586,0.8831706047058105,0.4059907793998718,0.8347086310386658,0.025979850441217422,0.8302774429321289
33,walk,0.34497320652008057,0.08182696998119354,0.23855693638324738,0.9998959302902222,0.34108999371528625,0.0663565993309021,0.2085140198469162,0.9998814463615417,0.3380914330482483,0.0659574419260025,0.20855112373828888,0.9998782277107239,0.33494216203689575,0.06574627757072449,0.20854982733726501,0.9998700022697449,0.348572701215744,0.06673936545848846,0.20680642127990723,0.9999001026153564,0.35090842843055725,0.06640294194221497,0.20682267844676971,0.9999009966850281,0.3536076545715332,0.06592394411563873,0.20676013827323914,0.9998916387557983,0.3288258910179138,0.07259315252304077,0.10102567821741104,0.9999083876609802,0.3574991524219513,0.07239118963479996,0.09154503047466278,0.9999033808708191,0.34035906195640564,0.09416194260120392,0.20624129474163055,0.9999059438705444,0.3484671413898468,0.09581082314252853,0.203245609998703,0.999919593334198,0.2883491516113281,0.17149502038955688,0.03158264607191086,0.9999078512191772,0.38903993368148804,0.16933287680149078,0.033603910356760025,0.9999351501464844,0.2783987522125244,0.31916630268096924,0.02941950596868992,0.9642480611801147,0.4083774983882904,0.3139696419239044,0.04751553386449814,0.9895623326301575,0.30309367179870605,0.41278284788131714,0.060820020735263824,0.4674912393093109,0.4075138568878174,0.42147529125213623,0.09572184085845947,0.8091259598731995,0.3073980510234833,0.44091954827308655,0.05546816438436508,0.33801084756851196,0.40769046545028687,0.4534549415111542,0.10346566140651703,0.6900870203971863,0.3161720931529999,0.4289495646953583,0.05842377990484238,0.32220086455345154,0.4011947512626648,0.4484269917011261,0.09897974878549576,0.6748155951499939,0.3164479732513428,0.4164290428161621,0.06139567494392395,0.301858514547348,0.3991021513938904,0.4355226755142212,0.09606024622917175,0.6084768176078796,0.32740092277526855,0.43939802050590515,-0.003374376567080617,0.999660849571228,0.37908366322517395,0.43034857511520386,0.0033049837220460176,0.9994438290596008,0.33164259791374207,0.6445145010948181,0.0014557044487446547,0.9969841837882996,0.3886599540710449,0.6375333666801453,0.04985256493091583,0.991100013256073,0.34205159544944763,0.8312116265296936,0.004240876995027065,0.9917894601821899,0.3992729187011719,0.8320814371109009,0.061524610966444016,0.984769880771637,0.346351683139801,0.8752481341362,0.004762060008943081,0.9921601414680481,0.39482301473617554,0.8767117857933044,0.06181944161653519,0.9810807108879089,0.33469074964523315,0.8540517091751099,-0.02559928596019745,0.8828645348548889,0.40751928091049194,0.8327650427818298,0.030414408072829247,0.829865574836731
34,walk,0.3445565104484558,0.08354217559099197,0.23484301567077637,0.9998980164527893,0.3407260775566101,0.0682876855134964,0.2043442726135254,0.9998832941055298,0.3377387523651123,0.06776443868875504,0.2043793648481369,0.9998809695243835,0.33460789918899536,0.06739554554224014,0.2043791264295578,0.9998730421066284,0.3481616675853729,0.06867818534374237,0.20287711918354034,0.9999014139175415,0.3505237400531769,0.06829784065485,0.2028941810131073,0.9999024868011475,0.3532428443431854,0.06770813465118408,0.20283249020576477,0.9998933672904968,0.32847264409065247,0.07370105385780334,0.09578263014554977,0.9999079704284668,0.35685932636260986,0.07361750304698944,0.08766274899244308,0.999903678894043,0.339943528175354,0.09533073753118515,0.20226702094078064,0.9999068379402161,0.3479498624801636,0.09710291773080826,0.19961535930633545,0.9999206066131592,0.2873895466327667,0.17175011336803436,0.02814376726746559,0.9999048709869385,0.3881300091743469,0.1693933755159378,0.0306687094271183,0.9999346733093262,0.27710458636283875,0.31950458884239197,0.019152382388710976,0.9641686677932739,0.40789395570755005,0.31588247418403625,0.0444677360355854,0.9890909194946289,0.3017335534095764,0.41463804244995117,0.05026264116168022,0.45117801427841187,0.40619340538978577,0.4238241910934448,0.09081251174211502,0.7885472178459167,0.30578333139419556,0.44182097911834717,0.04533238336443901,0.3238831162452698,0.4055663049221039,0.4557800590991974,0.09843385964632034,0.665285050868988,0.3143194615840912,0.4293292164802551,0.04829996079206467,0.3083294928073883,0.3991824686527252,0.45179858803749084,0.0937114804983139,0.6502665281295776,0.31459659337997437,0.41734778881073,0.051055870950222015,0.2893080711364746,0.39728695154190063,0.43917813897132874,0.09098397195339203,0.5846652984619141,0.3266608417034149,0.4394378364086151,-0.003185999346897006,0.9996462464332581,0.3782646954059601,0.4304209351539612,0.003116073552519083,0.9994340538978577,0.33119720220565796,0.6445170640945435,0.003501442726701498,0.9970594048500061,0.3878914713859558,0.6377525925636292,0.050442736595869064,0.9915112257003784,0.342060923576355,0.830633819103241,0.008245548233389854,0.9919666647911072,0.3990435004234314,0.8328039646148682,0.06413878500461578,0.9851974844932556,0.3463723957538605,0.8743035793304443,0.009128190577030182,0.9923703074455261,0.39482635259628296,0.8768477439880371,0.06515368819236755,0.9816606640815735,0.33502620458602905,0.8539957404136658,-0.021280519664287567,0.8826786279678345,0.4083693027496338,0.8320519328117371,0.0357322171330452,0.8300117254257202
35,walk,0.3436991572380066,0.08354555070400238,0.23748204112052917,0.999900221824646,0.33989816904067993,0.06829813867807388,0.2057548314332962,0.9998852610588074,0.3368982672691345,0.06778541952371597,0.20578868687152863,0.9998838305473328,0.3337664008140564,0.0674278736114502,0.20578503608703613,0.9998759627342224,0.34744471311569214,0.06867941468954086,0.20571081340312958,0.9999027848243713,0.3498702645301819,0.06830170005559921,0.2057257443666458,0.9999040961265564,0.3526368737220764,0.06772127002477646,0.2056707888841629,0.9998950362205505,0.32787925004959106,0.0738791674375534,0.09339006245136261,0.9999085068702698,0.35629284381866455,0.07369955629110336,0.09057048708200455,0.9999040961265564,0.3390694260597229,0.09536023437976837,0.20324158668518066,0.9999082088470459,0.3472548723220825,0.0971299260854721,0.20241256058216095,0.9999218583106995,0.2868656814098358,0.17175954580307007,0.01893298700451851,0.9999035000801086,0.3879535496234894,0.16954044997692108,0.03803873807191849,0.9999326467514038,0.2758944630622864,0.3195055425167084,0.006830395199358463,0.9649214148521423,0.40731969475746155,0.3179551362991333,0.05267394334077835,0.9884548783302307,0.2998211085796356,0.4152528643608093,0.043691981583833694,0.4395875334739685,0.4054465889930725,0.4250243008136749,0.09301507472991943,0.7659255862236023,0.30361059308052063,0.4419882595539093,0.03903806582093239,0.31298041343688965,0.4039176106452942,0.45722195506095886,0.09987788647413254,0.6391404271125793,0.3118535876274109,0.42954787611961365,0.04182907193899155,0.29758337140083313,0.3978714048862457,0.45385923981666565,0.09525098651647568,0.6242113709449768,0.31212037801742554,0.4174840748310089,0.04474327713251114,0.27954134345054626,0.3958545923233032,0.4413895010948181,0.09278608858585358,0.5598019957542419,0.32581788301467896,0.4394323229789734,-0.007420417852699757,0.9996329545974731,0.37753748893737793,0.43043309450149536,0.007374131120741367,0.9994224905967712,0.33041301369667053,0.644501805305481,0.002842994872480631,0.9971340298652649,0.38738110661506653,0.6377273201942444,0.05782807990908623,0.9918491840362549,0.34206560254096985,0.8305054306983948,0.00891447626054287,0.9921236038208008,0.399018794298172,0.8331824541091919,0.07904644310474396,0.9855556488037109,0.34649819135665894,0.8740678429603577,0.010240508243441582,0.9925779104232788,0.39486387372016907,0.8769187331199646,0.08077649027109146,0.9822163581848145,0.3346779942512512,0.854866087436676,-0.021293655037879944,0.881916344165802,0.40833860635757446,0.832024872303009,0.0486583411693573,0.8291032314300537
36,walk,0.34247156977653503,0.08372820913791656,0.23397982120513916,0.9999015927314758,0.33874160051345825,0.06838787347078323,0.20078878104686737,0.9998860359191895,0.33568671345710754,0.06785989552736282,0.2008216679096222,0.9998856782913208,0.3325287401676178,0.0674867182970047,0.2008167803287506,0.9998775720596313,0.34644684195518494,0.06883556395769119,0.20254242420196533,0.9999030828475952,0.34892237186431885,0.06848066300153732,0.20255093276500702,0.9999048113822937,0.3517036736011505,0.06792710721492767,0.20250363647937775,0.9998953342437744,0.32696834206581116,0.07405641674995422,0.0847737193107605,0.9999080896377563,0.3553584814071655,0.07406990975141525,0.08930175006389618,0.9999033212661743,0.33764928579330444,0.09563227742910385,0.198388010263443,0.9999088644981384,0.34609749913215637,0.09750959277153015,0.19990433752536774,0.9999224543571472,0.2858557403087616,0.17182666063308716,0.006240133661776781,0.9999015927314758,0.3875840902328491,0.17016315460205078,0.0349460169672966,0.9999306797981262,0.27437737584114075,0.3195231854915619,-0.004633610136806965,0.9654083251953125,0.40624362230300903,0.32173287868499756,0.04851698502898216,0.9877368211746216,0.2972921133041382,0.417876660823822,0.03283539414405823,0.4322066903114319,0.4049498438835144,0.43015360832214355,0.0856945812702179,0.7462612986564636,0.3007999062538147,0.44524404406547546,0.02804340422153473,0.3056643605232239,0.403533399105072,0.46099814772605896,0.09186810255050659,0.6165468096733093,0.30924782156944275,0.43166443705558777,0.02989104948937893,0.2903349697589874,0.39746835827827454,0.4591144621372223,0.08719497174024582,0.6015415787696838,0.30967020988464355,0.419350802898407,0.033672869205474854,0.272754043340683,0.3955497741699219,0.4468475878238678,0.08539490401744843,0.5381770730018616,0.3247864842414856,0.43943578004837036,-0.009638232178986073,0.9996174573898315,0.3766891360282898,0.4304601550102234,0.00958334095776081,0.9994091391563416,0.3300148546695709,0.6449081301689148,0.0022103632800281048,0.9971672892570496,0.3864869773387909,0.6379789710044861,0.061640869826078415,0.9920941591262817,0.34210553765296936,0.8304318785667419,0.011227862909436226,0.9921935200691223,0.39889562129974365,0.8340615034103394,0.08566128462553024,0.9857767224311829,0.3466331958770752,0.8738880753517151,0.012902462854981422,0.9926931262016296,0.3948979377746582,0.8770533800125122,0.08743250370025635,0.9825882315635681,0.3342966139316559,0.8577947616577148,-0.019843081012368202,0.8804019093513489,0.4082006514072418,0.8321744203567505,0.05282697081565857,0.827364981174469
37,walk,0.3422137200832367,0.08470173925161362,0.21926507353782654,0.999898374080658,0.3384721279144287,0.0688869059085846,0.18688395619392395,0.9998813271522522,0.33534327149391174,0.0682036504149437,0.1869124323129654,0.9998824596405029,0.33210450410842896,0.06770821660757065,0.18690812587738037,0.9998736381530762,0.34619587659835815,0.06970507651567459,0.18707941472530365,0.9998990893363953,0.3486524820327759,0.06941099464893341,0.18709880113601685,0.9999014139175415,0.3513627350330353,0.06889622658491135,0.18704435229301453,0.9998908638954163,0.3264211416244507,0.07426118105649948,0.07366251200437546,0.9999030828475952,0.3546057343482971,0.07485302537679672,0.0726623386144638,0.9998983144760132,0.3370983302593231,0.0961962565779686,0.18526417016983032,0.9999055862426758,0.34560635685920715,0.0984620600938797,0.1848815679550171,0.999920129776001,0.28454527258872986,0.1720031052827835,0.0010532196611166,0.9998969435691833,0.3865354359149933,0.1709425449371338,0.02236698940396309,0.9999300837516785,0.27285322546958923,0.3195434808731079,-0.0051889680325984955,0.9649353623390198,0.40543121099472046,0.32474419474601746,0.03755125775933266,0.9872913360595703,0.2958358824253082,0.42073583602905273,0.03467877581715584,0.420565128326416,0.4052581191062927,0.4373828172683716,0.07639063149690628,0.7368726134300232,0.2992536127567291,0.4491942524909973,0.031456440687179565,0.295876145362854,0.40442901849746704,0.4673115313053131,0.08266229927539825,0.6046360731124878,0.30757057666778564,0.4353196918964386,0.03255288675427437,0.28076857328414917,0.3982070982456207,0.46725761890411377,0.07792922109365463,0.5895377993583679,0.3080788850784302,0.42286229133605957,0.0353870615363121,0.26403743028640747,0.3963220417499542,0.45562535524368286,0.07612510025501251,0.5262160301208496,0.3237554430961609,0.44005250930786133,-0.009425496682524681,0.9995973110198975,0.3756616711616516,0.4308692216873169,0.009364350698888302,0.9993919134140015,0.3292446732521057,0.6453374028205872,0.004629231058061123,0.9971587061882019,0.3858463764190674,0.6385390162467957,0.06311497837305069,0.9921563267707825,0.3421609401702881,0.8303425312042236,0.021848039701581,0.9921658039093018,0.39883965253829956,0.8346997499465942,0.0907449871301651,0.9857822060585022,0.3467620015144348,0.8738610744476318,0.023995913565158844,0.9926650524139404,0.39500588178634644,0.8771592974662781,0.09292133152484894,0.9826470017433167,0.33431005477905273,0.859052300453186,-0.007640136871486902,0.8788696527481079,0.40817466378211975,0.8321777582168579,0.0584503710269928,0.8258706331253052
38,walk,0.3416328728199005,0.08519759029150009,0.1950089931488037,0.9998915195465088,0.33788248896598816,0.069163478910923,0.16287584602832794,0.9998724460601807,0.3346989154815674,0.0684385597705841,0.1628933697938919,0.999875545501709,0.3314361870288849,0.0678991973400116,0.1628972440958023,0.9998657703399658,0.3456454873085022,0.07003690302371979,0.16224884986877441,0.9998913407325745,0.34811830520629883,0.06974466890096664,0.1622779667377472,0.999894380569458,0.3507611155509949,0.06924006342887878,0.1622152030467987,0.9998819231987,0.32570409774780273,0.07445640116930008,0.052738964557647705,0.999894917011261,0.3536786735057831,0.07513784617185593,0.049304403364658356,0.9998895525932312,0.3363770842552185,0.09661200642585754,0.1625097095966339,0.9998999238014221,0.3449449837207794,0.09896750003099442,0.161295086145401,0.9999156594276428,0.2841927707195282,0.17226961255073547,-0.006785456091165543,0.9998941421508789,0.38546115159988403,0.17233902215957642,-0.0005191595992073417,0.9999303221702576,0.2710588574409485,0.31962302327156067,-0.00506486976519227,0.9648552536964417,0.4053954482078552,0.32499802112579346,0.013090094551444054,0.9871941208839417,0.29362353682518005,0.42178231477737427,0.034669019281864166,0.42350223660469055,0.40587425231933594,0.44314607977867126,0.046632569283246994,0.7427600026130676,0.2959783673286438,0.4501752257347107,0.03219509869813919,0.29735100269317627,0.40510648488998413,0.4740743041038513,0.05123317241668701,0.6105444431304932,0.30479133129119873,0.4367983639240265,0.031937889754772186,0.2821156680583954,0.3986269235610962,0.4757094383239746,0.04499806836247444,0.5956052541732788,0.30551332235336304,0.42484644055366516,0.03515646606683731,0.2649925947189331,0.3964822292327881,0.4643772542476654,0.046057648956775665,0.5320941805839539,0.3227464556694031,0.44094306230545044,-0.005773384124040604,0.9995715022087097,0.37395864725112915,0.43251150846481323,0.0056532640010118484,0.9993714690208435,0.32863593101501465,0.6458707451820374,0.00971959251910448,0.9970008730888367,0.38557910919189453,0.6399903297424316,0.06155286356806755,0.9918208122253418,0.34228742122650146,0.8299638628959656,0.03026554547250271,0.9917824268341064,0.3987405598163605,0.83519047498703,0.08820642530918121,0.9852045774459839,0.3468059003353119,0.8732315301895142,0.03212092071771622,0.9922837615013123,0.39501723647117615,0.877191424369812,0.09024021029472351,0.9821077585220337,0.33621230721473694,0.8589366674423218,-0.00039375462802127004,0.8760968446731567,0.4082273542881012,0.8319882154464722,0.05531575530767441,0.8238323330879211
39,walk,0.3406323194503784,0.08543664962053299,0.19354385137557983,0.9998798370361328,0.33704134821891785,0.06922352313995361,0.16089306771755219,0.9998589754104614,0.33386310935020447,0.06847167760133743,0.1609041392803192,0.9998644590377808,0.3306204378604889,0.06791509687900543,0.16090038418769836,0.9998539686203003,0.34483981132507324,0.07021097838878632,0.16076010465621948,0.9998794794082642,0.34733158349990845,0.06994573771953583,0.16079790890216827,0.9998835921287537,0.3499595522880554,0.06946874409914017,0.1607341468334198,0.9998688101768494,0.32493460178375244,0.0744987353682518,0.04846654087305069,0.9998837113380432,0.3527749478816986,0.0753730908036232,0.047412969172000885,0.999875545501709,0.3352280259132385,0.09681442379951477,0.1603662222623825,0.9998895525932312,0.3439171314239502,0.09933861345052719,0.1597628891468048,0.9999063014984131,0.2831983268260956,0.17276529967784882,-0.010625423863530159,0.9998899102210999,0.3843561112880707,0.17396202683448792,-0.0018140381434932351,0.9999287724494934,0.26997050642967224,0.3199347257614136,-0.00200119917280972,0.9647318720817566,0.4048333168029785,0.3256649076938629,0.01119428314268589,0.9870270490646362,0.2922217845916748,0.4215770661830902,0.04810900241136551,0.4191778004169464,0.40621262788772583,0.4487112760543823,0.04319344460964203,0.7469729781150818,0.2943338453769684,0.44999104738235474,0.049788251519203186,0.2928588390350342,0.40568023920059204,0.48000064492225647,0.04835345596075058,0.6142928004264832,0.3035524785518646,0.43674442172050476,0.04868706315755844,0.2777465581893921,0.39923152327537537,0.4820978343486786,0.04315951466560364,0.5992856025695801,0.3041987121105194,0.4248047173023224,0.04914737492799759,0.2609357535839081,0.39698368310928345,0.47089478373527527,0.04302112013101578,0.5351400971412659,0.3216637969017029,0.44203928112983704,-0.005633998662233353,0.999550998210907,0.37281742691993713,0.43443265557289124,0.005504352040588856,0.9993466734886169,0.32848289608955383,0.6458545923233032,0.007986930198967457,0.9968163967132568,0.38475388288497925,0.6400531530380249,0.061969440430402756,0.9912901520729065,0.3423536717891693,0.82969731092453,0.02726883627474308,0.9913398623466492,0.3987131416797638,0.8351598381996155,0.09012628346681595,0.9844327569007874,0.3468494117259979,0.8728729486465454,0.02905261516571045,0.9917877912521362,0.39497217535972595,0.8770912289619446,0.0922233909368515,0.9812963604927063,0.3373226225376129,0.858417272567749,-0.0035640201531350613,0.8734351992607117,0.4077989161014557,0.8321633338928223,0.05829184502363205,0.8215641379356384
40,walk,0.33987849950790405,0.08561001718044281,0.189475417137146,0.9998708963394165,0.3362027108669281,0.06934237480163574,0.15691757202148438,0.9998485445976257,0.33304622769355774,0.06855084747076035,0.15692757070064545,0.9998562335968018,0.3298415541648865,0.06796802580356598,0.15692074596881866,0.999845027923584,0.34394919872283936,0.07048848271369934,0.15655697882175446,0.9998700022697449,0.3463873267173767,0.07027680426836014,0.15659792721271515,0.9998751282691956,0.34896427392959595,0.06986705213785172,0.15653762221336365,0.9998579025268555,0.3241245150566101,0.07458805292844772,0.045219872146844864,0.9998752474784851,0.35167354345321655,0.07587502151727676,0.04315023124217987,0.9998648166656494,0.33447301387786865,0.09697999060153961,0.1565917432308197,0.9998821020126343,0.34314846992492676,0.09963145852088928,0.15569832921028137,0.9998996257781982,0.28176823258399963,0.17412978410720825,-0.011777234263718128,0.9998869299888611,0.3834919333457947,0.17546188831329346,-0.0071642897091805935,0.9999279379844666,0.2685196101665497,0.3205537796020508,-0.0007827469380572438,0.9642052054405212,0.40417107939720154,0.3262641131877899,0.004751934204250574,0.9869053363800049,0.29112789034843445,0.421456903219223,0.04935373738408089,0.4141196608543396,0.40646591782569885,0.45191383361816406,0.03487953916192055,0.7512508034706116,0.2929518520832062,0.44988906383514404,0.05092467740178108,0.28836438059806824,0.40604886412620544,0.4829392433166504,0.03934316337108612,0.618736207485199,0.30253514647483826,0.43665826320648193,0.04940932244062424,0.273366779088974,0.39954209327697754,0.4851821959018707,0.03396671637892723,0.6038171648979187,0.30321580171585083,0.4247918426990509,0.0501866340637207,0.25696229934692383,0.3970925211906433,0.4741518795490265,0.03457855433225632,0.539178729057312,0.320478230714798,0.4442707598209381,-0.004656534176319838,0.9995433688163757,0.3716678023338318,0.43680378794670105,0.004511565901339054,0.9993361234664917,0.3284495770931244,0.6466789841651917,0.008973417803645134,0.996682345867157,0.3836745023727417,0.6400572657585144,0.06330905854701996,0.9909294843673706,0.34239277243614197,0.8303231000900269,0.03141673654317856,0.9910300970077515,0.3986634314060211,0.8343558311462402,0.09456251561641693,0.9839102029800415,0.346874475479126,0.8732767105102539,0.033465370535850525,0.9914527535438538,0.39493751525878906,0.8766430616378784,0.09706339985132217,0.9807825684547424,0.3384505808353424,0.8581904172897339,0.0017483995761722326,0.8710238933563232,0.40770620107650757,0.8322593569755554,0.06465019285678864,0.8200525641441345
41,walk,0.33903393149375916,0.08587569743394852,0.19228972494602203,0.9998666644096375,0.33525145053863525,0.06982013583183289,0.16040539741516113,0.9998446106910706,0.332106351852417,0.06904483586549759,0.1604124754667282,0.9998534917831421,0.3289284110069275,0.06847983598709106,0.16040171682834625,0.9998428225517273,0.34292036294937134,0.07097193598747253,0.1600683331489563,0.9998657703399658,0.34531182050704956,0.07078368961811066,0.16011664271354675,0.9998708367347717,0.34785017371177673,0.07042831182479858,0.16006037592887878,0.9998526573181152,0.3230453431606293,0.0751609206199646,0.05028804391622543,0.9998724460601807,0.35067233443260193,0.07633991539478302,0.04824595898389816,0.9998589754104614,0.33366337418556213,0.0973883643746376,0.15983082354068756,0.9998784065246582,0.3423614501953125,0.09996240586042404,0.15896311402320862,0.9998955130577087,0.2807181179523468,0.1745036244392395,-0.007831958122551441,0.9998869299888611,0.381449431180954,0.1756555438041687,-0.0026700489688664675,0.9999279379844666,0.2678118646144867,0.32056379318237305,0.0031251602340489626,0.9642177224159241,0.40329235792160034,0.3261392414569855,0.006750864442437887,0.987112283706665,0.29148009419441223,0.4175705313682556,0.051279205828905106,0.4130483567714691,0.40661129355430603,0.45131081342697144,0.03541179746389389,0.7595973610877991,0.29355388879776,0.446292906999588,0.0531454011797905,0.2870462238788605,0.4067842960357666,0.4826127290725708,0.03989296406507492,0.6284058094024658,0.30265742540359497,0.4336746633052826,0.050726860761642456,0.2720315456390381,0.4006912112236023,0.48464706540107727,0.03523106500506401,0.6134235858917236,0.3031788468360901,0.4223589599132538,0.05176292732357979,0.255858451128006,0.39831942319869995,0.4737761616706848,0.035391390323638916,0.5484036803245544,0.31923797726631165,0.4450152516365051,-0.0036772754974663258,0.9995419383049011,0.3703386187553406,0.4375104606151581,0.003526694606989622,0.9993302822113037,0.3279850482940674,0.6478434205055237,0.008667601272463799,0.9965442419052124,0.3834097683429718,0.6400892734527588,0.060947101563215256,0.9905966520309448,0.34240683913230896,0.8305960893630981,0.031245460733771324,0.9907102584838867,0.3986193835735321,0.833831787109375,0.08584429323673248,0.9833424687385559,0.3468910753726959,0.8734697103500366,0.03210965543985367,0.9910397529602051,0.394927978515625,0.8763883113861084,0.08742661029100418,0.9801115989685059,0.33888182044029236,0.8580229878425598,-0.002028258517384529,0.8704738616943359,0.4070299565792084,0.8321131467819214,0.054388273507356644,0.8199452757835388
42,walk,0.3376540541648865,0.08709181845188141,0.19593700766563416,0.9998635053634644,0.3338664174079895,0.0712742805480957,0.16401220858097076,0.9998416304588318,0.3308051824569702,0.0705617144703865,0.16402067244052887,0.9998509287834167,0.32772648334503174,0.07005324959754944,0.16401124000549316,0.9998411536216736,0.34138408303260803,0.0723351389169693,0.16374734044075012,0.999862551689148,0.34373751282691956,0.07219353318214417,0.16379354894161224,0.9998674392700195,0.34626856446266174,0.07194515317678452,0.16373398900032043,0.9998492002487183,0.3219740092754364,0.07701224088668823,0.053354550153017044,0.9998681545257568,0.34951451420783997,0.07816187292337418,0.051521021872758865,0.9998526573181152,0.33252471685409546,0.09896594285964966,0.16323387622833252,0.999872624874115,0.34107261896133423,0.1014055460691452,0.16239668428897858,0.9998895525932312,0.2803223729133606,0.17560650408267975,-0.0058743953704833984,0.9998830556869507,0.38042324781417847,0.17702096700668335,7.474609446944669e-05,0.9999252557754517,0.2674374580383301,0.32177576422691345,0.0029883466195315123,0.9633776545524597,0.4020245671272278,0.3261331021785736,0.006446455605328083,0.9873703718185425,0.29160526394844055,0.41718822717666626,0.03939201310276985,0.40901991724967957,0.40670257806777954,0.4510881304740906,0.03047427535057068,0.766336977481842,0.2940358817577362,0.44599685072898865,0.04059650003910065,0.2833317220211029,0.40688544511795044,0.4825419485569,0.03488389775156975,0.6356188058853149,0.30309605598449707,0.43340590596199036,0.03714223951101303,0.2685554325580597,0.40086016058921814,0.48440301418304443,0.030620206147432327,0.6205185055732727,0.30353063344955444,0.42208409309387207,0.03915129601955414,0.2528810203075409,0.39850443601608276,0.4739116132259369,0.03057834506034851,0.5544422268867493,0.31784892082214355,0.44617098569869995,-0.003805164946243167,0.9995236396789551,0.3691233992576599,0.4385806620121002,0.003655326319858432,0.9993029236793518,0.32719650864601135,0.648000955581665,-0.00867408700287342,0.9963869452476501,0.38338959217071533,0.6387103796005249,0.056054264307022095,0.990234911441803,0.34258943796157837,0.8306087255477905,-0.0014180659782141447,0.9902921915054321,0.39827996492385864,0.8324776291847229,0.06876120716333389,0.982523500919342,0.3471100926399231,0.8734811544418335,-0.0016929935663938522,0.9905849695205688,0.39474934339523315,0.874983549118042,0.06876245141029358,0.9789520502090454,0.3389083743095398,0.858853816986084,-0.041672490537166595,0.8693483471870422,0.4043138027191162,0.8329542279243469,0.031697243452072144,0.8182999491691589
43,walk,0.3361368179321289,0.08868145942687988,0.19224822521209717,0.9998591542243958,0.3322691321372986,0.07308033853769302,0.1599917858839035,0.9998358488082886,0.3292481601238251,0.07241184264421463,0.15999481081962585,0.9998465180397034,0.3262062966823578,0.07191279530525208,0.15997861325740814,0.9998368620872498,0.33988577127456665,0.07404306530952454,0.1606104075908661,0.9998571872711182,0.34220799803733826,0.07389311492443085,0.16066282987594604,0.9998626708984375,0.3447142243385315,0.07367207109928131,0.16060861945152283,0.9998432397842407,0.32077643275260925,0.07877838611602783,0.04829910025000572,0.9998631477355957,0.34816089272499084,0.07979212701320648,0.050332825630903244,0.9998446702957153,0.331082284450531,0.10076899081468582,0.15915942192077637,0.9998664259910583,0.3396610617637634,0.10308795422315598,0.1594301015138626,0.9998831152915955,0.2798565924167633,0.1777009814977646,-0.00874423049390316,0.9998791217803955,0.37928131222724915,0.17866727709770203,0.0009139312314800918,0.9999231696128845,0.2673470675945282,0.32433539628982544,0.002280928660184145,0.9613949060440063,0.4006798267364502,0.3263610899448395,0.004564462695270777,0.987435519695282,0.2918427586555481,0.41597577929496765,0.03925934433937073,0.40616095066070557,0.406632661819458,0.4524225890636444,0.020411524921655655,0.7742117047309875,0.29443812370300293,0.444858580827713,0.04063280671834946,0.28204286098480225,0.4070395529270172,0.4839168190956116,0.02338002622127533,0.6458853483200073,0.3047739863395691,0.4336834251880646,0.037070415914058685,0.2674333453178406,0.401050865650177,0.48564931750297546,0.019661791622638702,0.6306611895561218,0.3045694828033447,0.4231329560279846,0.03907395154237747,0.25190049409866333,0.3986627459526062,0.4752277433872223,0.02041986584663391,0.5636995434761047,0.3171125054359436,0.44825857877731323,-0.005623154807835817,0.9995209574699402,0.3676835298538208,0.44136297702789307,0.005481173750013113,0.9992917776107788,0.32550835609436035,0.6486073136329651,-0.008819131180644035,0.996322512626648,0.38323554396629333,0.6387279033660889,0.057713378220796585,0.9901323318481445,0.3425764739513397,0.8304443359375,0.0018307159189134836,0.9901986718177795,0.39801734685897827,0.8304172158241272,0.0705566257238388,0.9823371171951294,0.34713292121887207,0.8729308843612671,0.0021939915604889393,0.9904947876930237,0.3942648768424988,0.8734813332557678,0.07130309194326401,0.9786248803138733,0.3388461172580719,0.8588113784790039,-0.03524361923336983,0.8700174689292908,0.4038984775543213,0.8331760168075562,0.034746699035167694,0.8190892934799194
44,walk,0.335224449634552,0.089361272752285,0.1913755089044571,0.9998611211776733,0.33135727047920227,0.07390127331018448,0.1586979329586029,0.9998377561569214,0.3283577263355255,0.07332967966794968,0.15869903564453125,0.9998490214347839,0.3253247141838074,0.07291824370622635,0.15868240594863892,0.999839723110199,0.3389396369457245,0.07475259900093079,0.1601255089044571,0.999858021736145,0.3412606716156006,0.07462672144174576,0.16018331050872803,0.9998637437820435,0.34379148483276367,0.07446733862161636,0.16013827919960022,0.9998438954353333,0.3199995160102844,0.08001409471035004,0.04613792151212692,0.9998651146888733,0.34764477610588074,0.08093142509460449,0.05141765624284744,0.9998442530632019,0.3303731083869934,0.10202327370643616,0.15800884366035461,0.9998670816421509,0.33890101313591003,0.10409451276063919,0.15928693115711212,0.9998824596405029,0.2798071503639221,0.17890945076942444,-0.010345233604311943,0.9998804330825806,0.3786087930202484,0.1804564744234085,0.0019485412631183863,0.9999220967292786,0.266711950302124,0.3249073922634125,0.0024302927777171135,0.9616333246231079,0.39920541644096375,0.3268369734287262,0.006391872651875019,0.9875916838645935,0.29112228751182556,0.4159869849681854,0.040845662355422974,0.4127846360206604,0.40653783082962036,0.453254371881485,0.022326018661260605,0.7827159762382507,0.2939288318157196,0.44484269618988037,0.043650999665260315,0.28754836320877075,0.4071520268917084,0.4848226308822632,0.025385286659002304,0.6566979289054871,0.3034159541130066,0.4333891272544861,0.03858005255460739,0.27291950583457947,0.40115994215011597,0.4866305887699127,0.021406330168247223,0.6414609551429749,0.30324915051460266,0.42285609245300293,0.0405084453523159,0.2570275068283081,0.3987182378768921,0.4761938452720642,0.02219998463988304,0.5740303993225098,0.3162845969200134,0.4486843943595886,-0.007061070762574673,0.9995355010032654,0.36632123589515686,0.4421837329864502,0.006923398934304714,0.9993042349815369,0.32453882694244385,0.6485852003097534,-0.010151841677725315,0.9963132739067078,0.38313204050064087,0.6382466554641724,0.05919511243700981,0.9901943802833557,0.3424597382545471,0.829565167427063,0.0017730963882058859,0.9902742505073547,0.39754995703697205,0.8255460858345032,0.07091283053159714,0.9825083017349243,0.34713804721832275,0.8707008361816406,0.0023365519009530544,0.9905306100845337,0.3939073085784912,0.8691683411598206,0.07144947350025177,0.9786562323570251,0.3388267457485199,0.858733057975769,-0.034635890275239944,0.872174084186554,0.4027065634727478,0.8331552147865295,0.037845179438591,0.8225479125976562
45,walk,0.33473271131515503,0.09084056317806244,0.191990464925766,0.9998627305030823,0.33086270093917847,0.07555945217609406,0.15937265753746033,0.9998388290405273,0.32789576053619385,0.07498753815889359,0.1593811810016632,0.9998507499694824,0.3249010443687439,0.07454513013362885,0.159361332654953,0.9998413920402527,0.3383522927761078,0.07640106230974197,0.16022717952728271,0.9998583793640137,0.34067296981811523,0.07628447562456131,0.16028688848018646,0.9998646378517151,0.34322112798690796,0.07613590359687805,0.1602439284324646,0.9998441934585571,0.31948238611221313,0.08172551542520523,0.048942938446998596,0.9998654127120972,0.3471381962299347,0.08271341025829315,0.052386365830898285,0.9998430013656616,0.3299349248409271,0.10364454984664917,0.15915857255458832,0.99986732006073,0.33832651376724243,0.10559520870447159,0.15995992720127106,0.9998818039894104,0.2797754108905792,0.18068329989910126,-0.00975639745593071,0.9998809695243835,0.3778657913208008,0.1809244602918625,0.00267627090215683,0.9999197125434875,0.2666759490966797,0.3267155587673187,-0.007091836538165808,0.9621457457542419,0.3979042172431946,0.3264361619949341,0.004831126891076565,0.9878013730049133,0.2900652587413788,0.42081794142723083,0.014456897974014282,0.424643874168396,0.4064335823059082,0.4529149830341339,0.017421822994947433,0.7905727624893188,0.29200756549835205,0.45147353410720825,0.012216372415423393,0.2971796989440918,0.40725651383399963,0.48472943902015686,0.018793288618326187,0.6667770147323608,0.30341246724128723,0.44126632809638977,0.008178908377885818,0.2823607623577118,0.40118351578712463,0.48656654357910156,0.015103666111826897,0.6514849066734314,0.3020821809768677,0.4266681969165802,0.01359332911670208,0.26546719670295715,0.3988444209098816,0.476051926612854,0.01726711168885231,0.5827133059501648,0.3160483241081238,0.44858551025390625,-0.008450126275420189,0.9995438456535339,0.3659421503543854,0.44214528799057007,0.008320564404129982,0.99930739402771,0.3235238194465637,0.6478282809257507,-0.019918788224458694,0.9963427186012268,0.38287338614463806,0.6349490880966187,0.0550045482814312,0.9903566837310791,0.342447429895401,0.8291734457015991,-0.015074975788593292,0.9903548955917358,0.3964281678199768,0.8238822221755981,0.06645986437797546,0.9827364087104797,0.347173273563385,0.8702592849731445,-0.015197033062577248,0.9906579256057739,0.3927859663963318,0.8673710227012634,0.06668238341808319,0.978857696056366,0.3385930061340332,0.858825147151947,-0.0570814423263073,0.8733686208724976,0.40284571051597595,0.8325932621955872,0.029163431376218796,0.8247933387756348
46,walk,0.33498483896255493,0.09177722036838531,0.19375376403331757,0.9998632669448853,0.33110812306404114,0.0765656977891922,0.16102007031440735,0.9998380541801453,0.3281172513961792,0.07597048580646515,0.1610259711742401,0.999851405620575,0.32510849833488464,0.07550527900457382,0.16101494431495667,0.999841034412384,0.33858436346054077,0.07741980254650116,0.16174645721912384,0.9998570680618286,0.34092211723327637,0.07731100916862488,0.16179902851581573,0.9998645782470703,0.3434606194496155,0.07716748118400574,0.16174934804439545,0.9998422861099243,0.3195790648460388,0.08272513002157211,0.04658761993050575,0.9998651146888733,0.34710511565208435,0.08372146636247635,0.04927500709891319,0.9998403787612915,0.33017903566360474,0.1045893132686615,0.15998294949531555,0.9998663067817688,0.3385215103626251,0.10652201622724533,0.1603957712650299,0.9998795986175537,0.2796185612678528,0.18163806200027466,-0.016912179067730904,0.9998812675476074,0.3771704137325287,0.1815054714679718,0.0007272149086929858,0.9999165534973145,0.2668532729148865,0.3288733959197998,-0.023164575919508934,0.9615503549575806,0.396558940410614,0.3267655074596405,-0.0010918715270236135,0.9874609112739563,0.28895702958106995,0.43004316091537476,-0.0047701625153422356,0.43704307079315186,0.4058847427368164,0.4537285268306732,0.009058532305061817,0.7981402277946472,0.28982990980148315,0.4618167579174042,-0.00824276078492403,0.30806878209114075,0.40712833404541016,0.4859883487224579,0.008841919712722301,0.6774910688400269,0.3025030195713043,0.45553290843963623,-0.011940413154661655,0.2929307818412781,0.40133851766586304,0.4879758954048157,0.00566004728898406,0.6622163653373718,0.3007761836051941,0.43731027841567993,-0.0056464276276528835,0.2748261094093323,0.3990475535392761,0.4772838056087494,0.00883289985358715,0.5920713543891907,0.31559672951698303,0.4497699737548828,-0.01222263090312481,0.9995587468147278,0.3655574321746826,0.4432767331600189,0.012073762714862823,0.9993168711662292,0.3223689794540405,0.6478188633918762,-0.020805079489946365,0.9964126944541931,0.382947713136673,0.6336861252784729,0.06329797208309174,0.9904200434684753,0.34253990650177,0.8294253945350647,-0.010304841212928295,0.9905495047569275,0.3963225781917572,0.8204957842826843,0.08340209722518921,0.9829814434051514,0.34756332635879517,0.87018883228302,-0.00979219377040863,0.9908595681190491,0.39186233282089233,0.8640140891075134,0.08424216508865356,0.9790670871734619,0.338887095451355,0.855400025844574,-0.050169385969638824,0.8752731084823608,0.404690682888031,0.8292371034622192,0.048181064426898956,0.8272383809089661
47,walk,0.3347358703613281,0.09230028092861176,0.18430288136005402,0.9998653531074524,0.33087247610092163,0.07722954452037811,0.15091542899608612,0.9998381733894348,0.3278501033782959,0.07664351165294647,0.15091443061828613,0.9998530149459839,0.3248228430747986,0.0762016698718071,0.1509171426296234,0.9998412132263184,0.3383671045303345,0.07801050692796707,0.1520015150308609,0.99985671043396,0.34073376655578613,0.0778563842177391,0.15204443037509918,0.9998656511306763,0.34330660104751587,0.07766155898571014,0.15199008584022522,0.999841034412384,0.3192012310028076,0.08335927873849869,0.03371190279722214,0.9998663067817688,0.34703606367111206,0.08400741964578629,0.0372474230825901,0.9998396635055542,0.32989123463630676,0.1050320416688919,0.1491781771183014,0.9998681545257568,0.33831945061683655,0.1068415567278862,0.14972388744354248,0.999880313873291,0.2794322669506073,0.1820961833000183,-0.02934577502310276,0.9998826384544373,0.3767285943031311,0.18170827627182007,-0.0063047586008906364,0.999914824962616,0.2669365704059601,0.32946091890335083,-0.03517930954694748,0.9605158567428589,0.3950851857662201,0.326718807220459,-0.008790654130280018,0.9865142107009888,0.28748273849487305,0.4363801181316376,-0.013149711303412914,0.45679157972335815,0.4053376615047455,0.4537729024887085,0.00023974551004357636,0.8051401972770691,0.2871946394443512,0.4696084260940552,-0.017440322786569595,0.32800784707069397,0.4069579243659973,0.4861268401145935,-0.0002839139197021723,0.688912570476532,0.29984134435653687,0.46376049518585205,-0.02074790745973587,0.312307745218277,0.40143927931785583,0.4881209433078766,-0.004807821474969387,0.6738357543945312,0.2984709143638611,0.4462372958660126,-0.013598921708762646,0.2917831838130951,0.3991463780403137,0.4774070382118225,-0.0005652991239912808,0.6029276251792908,0.31539642810821533,0.4527612030506134,-0.013516699895262718,0.9995821714401245,0.36541134119033813,0.44631749391555786,0.013341126963496208,0.9993417263031006,0.32200202345848083,0.6486613154411316,-0.017489396035671234,0.9965733885765076,0.38398778438568115,0.6336093544960022,0.08441900461912155,0.9907108545303345,0.3425429165363312,0.8294296264648438,0.007238759193569422,0.9909268617630005,0.3963712453842163,0.8164533972740173,0.12132580578327179,0.983545184135437,0.34756559133529663,0.869960606098175,0.009367721155285835,0.9912131428718567,0.39177805185317993,0.8582876324653625,0.12437033653259277,0.9797700047492981,0.3358389735221863,0.8541539311408997,-0.027432357892394066,0.8776944875717163,0.4057566225528717,0.8227139711380005,0.09516461193561554,0.8302187919616699
48,walk,0.33487844467163086,0.09431347250938416,0.17750121653079987,0.9998654127120972,0.3310377597808838,0.07956540584564209,0.14486278593540192,0.9998353123664856,0.3280147910118103,0.07894764840602875,0.14486289024353027,0.9998520016670227,0.32498154044151306,0.07843286544084549,0.14486990869045258,0.9998382925987244,0.3385242819786072,0.08031803369522095,0.14514604210853577,0.9998540282249451,0.3409077227115631,0.0801204964518547,0.14518238604068756,0.9998646974563599,0.3434847593307495,0.07984479516744614,0.14512887597084045,0.9998373985290527,0.31935209035873413,0.08504586666822433,0.030405599623918533,0.9998648166656494,0.3471110463142395,0.0855783075094223,0.030148398131132126,0.9998371005058289,0.3300325572490692,0.10639544576406479,0.14322134852409363,0.9998687505722046,0.33841651678085327,0.1081932783126831,0.14264729619026184,0.9998803734779358,0.2794741094112396,0.18239301443099976,-0.030465442687273026,0.9998835921287537,0.3766975700855255,0.18218395113945007,-0.011743159033358097,0.9999135732650757,0.26721757650375366,0.3296375572681427,-0.03590475022792816,0.9583479762077332,0.3933725953102112,0.3266737163066864,-0.014566940255463123,0.9854047894477844,0.28692057728767395,0.43635231256484985,-0.01560626458376646,0.4723116159439087,0.404816210269928,0.4535669684410095,-0.0053022922948002815,0.8110040426254272,0.2861802875995636,0.47000831365585327,-0.020687218755483627,0.34467461705207825,0.4067632257938385,0.4858524203300476,-0.0064604273065924644,0.6992223262786865,0.29720643162727356,0.46153900027275085,-0.02377268113195896,0.3283977210521698,0.40146270394325256,0.487761914730072,-0.011326400563120842,0.6843759417533875,0.2975274324417114,0.4470439851284027,-0.0161232128739357,0.30551210045814514,0.39909568428993225,0.47705501317977905,-0.006239352747797966,0.6127809286117554,0.3154134154319763,0.45412322878837585,-0.01352345198392868,0.9996057748794556,0.3652495741844177,0.4468419849872589,0.013336245901882648,0.9993677139282227,0.32220375537872314,0.6488291025161743,-0.013685381039977074,0.9967151880264282,0.38401323556900024,0.6306681036949158,0.0889982357621193,0.9909185767173767,0.34253764152526855,0.8293538689613342,0.013715187087655067,0.9913133382797241,0.3963785171508789,0.8102830648422241,0.13238155841827393,0.9839860200881958,0.3475188612937927,0.8692728877067566,0.015905331820249557,0.9915794134140015,0.3918156027793884,0.8497677445411682,0.13616345822811127,0.9803773164749146,0.33578914403915405,0.853598952293396,-0.022209327667951584,0.8806490302085876,0.4057449698448181,0.8166003823280334,0.10657211393117905,0.8329260349273682
49,walk,0.3349083364009857,0.09537125378847122,0.1730726808309555,0.9998627305030823,0.3311035633087158,0.0805266797542572,0.14113856852054596,0.9998294711112976,0.3280799984931946,0.07981749624013901,0.14113685488700867,0.9998483657836914,0.3250043988227844,0.07924006879329681,0.1411401778459549,0.9998326301574707,0.3386508822441101,0.08152040094137192,0.1404629349708557,0.9998489618301392,0.3410904109477997,0.0813559964299202,0.1404990404844284,0.9998616576194763,0.34365224838256836,0.08109499514102936,0.14044219255447388,0.9998312592506409,0.3194102942943573,0.085760198533535,0.029602263122797012,0.9998608231544495,0.3471931517124176,0.08673058450222015,0.025231454521417618,0.9998315572738647,0.33005309104919434,0.10735069960355759,0.13995878398418427,0.999866783618927,0.338451623916626,0.10913749039173126,0.13815240561962128,0.9998781085014343,0.279531866312027,0.1833370178937912,-0.029137376695871353,0.9998831152915955,0.37666845321655273,0.18301768600940704,-0.018120858818292618,0.999911904335022,0.2677522599697113,0.3309779167175293,-0.03253089636564255,0.9558734893798828,0.3921632170677185,0.32683756947517395,-0.022328965365886688,0.9845767021179199,0.2871796190738678,0.435452401638031,-0.009829794988036156,0.47794824838638306,0.4044486880302429,0.4535505175590515,-0.011420993134379387,0.8156821131706238,0.286329448223114,0.468860000371933,-0.013852426782250404,0.3513525724411011,0.4065786898136139,0.48566097021102905,-0.012208400294184685,0.7071854472160339,0.2967516779899597,0.4594417214393616,-0.017053071409463882,0.3347325921058655,0.4014304280281067,0.48762238025665283,-0.01630161888897419,0.692581057548523,0.29766708612442017,0.44580161571502686,-0.010400524362921715,0.31081923842430115,0.39903026819229126,0.4769638180732727,-0.011954444460570812,0.6201620101928711,0.31553614139556885,0.4549153745174408,-0.013196563348174095,0.9996281862258911,0.3653867542743683,0.4470559060573578,0.013012009672820568,0.9993917346000671,0.32228177785873413,0.6476940512657166,-0.013623039238154888,0.9968571662902832,0.38405096530914307,0.6229142546653748,0.09337097406387329,0.9910680651664734,0.34251394867897034,0.8289576768875122,0.013529096730053425,0.9916593432426453,0.3968338370323181,0.8042325377464294,0.14216934144496918,0.9843308925628662,0.34747546911239624,0.8673297166824341,0.015569387003779411,0.9918792843818665,0.3921089768409729,0.8408317565917969,0.14659038186073303,0.9808458089828491,0.3358435034751892,0.8507828712463379,-0.022685643285512924,0.8831508755683899,0.4057505130767822,0.8107507228851318,0.11848016828298569,0.8351703882217407
50,walk,0.3377441167831421,0.09950856119394302,0.1690005213022232,0.9998544454574585,0.3340083956718445,0.0843723863363266,0.13873596489429474,0.9998182654380798,0.33111461997032166,0.08340299129486084,0.1387324184179306,0.9998390674591064,0.32808077335357666,0.08250751346349716,0.13873006403446198,0.9998214840888977,0.3411129117012024,0.08572407066822052,0.13664206862449646,0.999839723110199,0.3433408737182617,0.08562375605106354,0.13668282330036163,0.9998539686203003,0.34571096301078796,0.08534608781337738,0.13662089407444,0.9998207092285156,0.3213285207748413,0.08822941780090332,0.03222999349236488,0.9998510479927063,0.3474924862384796,0.0900278389453888,0.022484304383397102,0.9998201131820679,0.3325001299381256,0.11062164604663849,0.13806597888469696,0.9998574256896973,0.34027859568595886,0.11266227066516876,0.13445429503917694,0.9998691082000732,0.27961117029190063,0.18444843590259552,-0.02642439678311348,0.9998793601989746,0.3766598105430603,0.1838151514530182,-0.022404225543141365,0.9999110698699951,0.26827162504196167,0.33179470896720886,-0.021339397877454758,0.9530243277549744,0.39144930243492126,0.32690536975860596,-0.02308746613562107,0.9841233491897583,0.28735417127609253,0.43441861867904663,0.017491167411208153,0.468170166015625,0.4041794240474701,0.4536026120185852,-0.004428780637681484,0.8196549415588379,0.2865871787071228,0.46726715564727783,0.018765131011605263,0.343974769115448,0.4065758287906647,0.4855183959007263,-0.0031093445140868425,0.7133584022521973,0.2982894778251648,0.4607236087322235,0.015617288649082184,0.3274535834789276,0.40146225690841675,0.48747795820236206,-0.006396359298378229,0.6991074681282043,0.2979736328125,0.4442070722579956,0.017445111647248268,0.30431851744651794,0.39901992678642273,0.47684991359710693,-0.004202571697533131,0.6259508728981018,0.3156045377254486,0.4550745189189911,-0.012488346546888351,0.9996492862701416,0.36550700664520264,0.44690731167793274,0.012280122376978397,0.999415397644043,0.32237425446510315,0.6448991298675537,-0.012812946923077106,0.9969095587730408,0.3840664327144623,0.6190425157546997,0.09271951019763947,0.9907703995704651,0.3424501121044159,0.8289772868156433,0.012829713523387909,0.99177086353302,0.3979305624961853,0.7987450361251831,0.13900676369667053,0.9840324521064758,0.34722641110420227,0.8673525452613831,0.015122170560061932,0.9919440746307373,0.3927839696407318,0.8343163132667542,0.14356838166713715,0.980629563331604,0.33585280179977417,0.8491305708885193,-0.02338259294629097,0.8839716911315918,0.40574899315834045,0.8068652749061584,0.12041425704956055,0.8353657126426697
51,walk,0.3383742570877075,0.10143785178661346,0.16887898743152618,0.9998437762260437,0.3347591757774353,0.0862405002117157,0.1376514732837677,0.9998022317886353,0.3318850100040436,0.08523138612508774,0.13764150440692902,0.9998267889022827,0.3288528621196747,0.08431603014469147,0.1376371532678604,0.9998051524162292,0.34206923842430115,0.08777215331792831,0.13707949221134186,0.999824583530426,0.34442418813705444,0.08774466812610626,0.13712266087532043,0.99984210729599,0.34694916009902954,0.08754801005125046,0.13706733286380768,0.9998034834861755,0.3223652243614197,0.09001044183969498,0.02827104553580284,0.9998380541801453,0.34826964139938354,0.09232057631015778,0.02443099394440651,0.9998041987419128,0.3330349326133728,0.11231524497270584,0.13663654029369354,0.999846875667572,0.34099143743515015,0.11464721709489822,0.1349601447582245,0.9998579621315002,0.2801594138145447,0.1850525140762329,-0.02988320030272007,0.9998771548271179,0.3767562210559845,0.18596045672893524,-0.018956059589982033,0.9999085068702698,0.26868587732315063,0.3316563367843628,-0.02605040743947029,0.9505158066749573,0.3913765549659729,0.3284027874469757,-0.02040565013885498,0.9835619926452637,0.2874446213245392,0.43373435735702515,0.008684525266289711,0.46345752477645874,0.40393972396850586,0.454306423664093,-0.004900872241705656,0.8233022093772888,0.286695659160614,0.4662768840789795,0.008802653290331364,0.3411298096179962,0.406590074300766,0.48575538396835327,-0.003761785104870796,0.7193470597267151,0.29865124821662903,0.4609014391899109,0.006371376104652882,0.3246341943740845,0.40147995948791504,0.48792487382888794,-0.006588578224182129,0.7053148746490479,0.29802748560905457,0.4431990385055542,0.008916966617107391,0.3017862141132355,0.3990531861782074,0.4773130714893341,-0.0046633100137114525,0.6317995190620422,0.31563499569892883,0.45515885949134827,-0.014196855016052723,0.9996725916862488,0.3655605912208557,0.4468277096748352,0.013995801098644733,0.9994418621063232,0.3224843144416809,0.6439088582992554,-0.017979877069592476,0.9970288276672363,0.38407617807388306,0.613605260848999,0.09899409860372543,0.9906275868415833,0.34233564138412476,0.8295226097106934,0.00403418717905879,0.9920718669891357,0.400122731924057,0.7901297807693481,0.15904472768306732,0.983980119228363,0.3469645082950592,0.8677891492843628,0.0061691561713814735,0.9921911358833313,0.3961431086063385,0.8236393332481384,0.16505685448646545,0.9807120561599731,0.33804482221603394,0.8484123945236206,-0.034005820751190186,0.8861041069030762,0.4057748317718506,0.8028604984283447,0.14167505502700806,0.8360101580619812
52,walk,0.34085309505462646,0.10532321035861969,0.1610550731420517,0.9998335838317871,0.33731964230537415,0.08971911668777466,0.1305513232946396,0.999789834022522,0.3344686031341553,0.08861556649208069,0.13053980469703674,0.9998157620429993,0.33152469992637634,0.0875302404165268,0.1305263638496399,0.9997918009757996,0.34458765387535095,0.09143488854169846,0.12995651364326477,0.9998133182525635,0.34704339504241943,0.0914212241768837,0.13000613451004028,0.9998321533203125,0.3495502471923828,0.09123964607715607,0.12994733452796936,0.9997908473014832,0.32493436336517334,0.09269177168607712,0.024065405130386353,0.9998258352279663,0.3494601547718048,0.09594553709030151,0.02040989324450493,0.999792754650116,0.3351174294948578,0.11569489538669586,0.12993912398815155,0.9998357892036438,0.3428601026535034,0.11840946227312088,0.1283801645040512,0.999846339225769,0.2807103097438812,0.18706382811069489,-0.028427809476852417,0.999875009059906,0.37702226638793945,0.1896151602268219,-0.022737596184015274,0.9999088644981384,0.2687312066555023,0.3325621783733368,-0.014505235478281975,0.9471538066864014,0.391528457403183,0.3322368562221527,-0.0184763316065073,0.9833747744560242,0.2874881625175476,0.43328186869621277,0.03600313514471054,0.44716620445251465,0.4039744436740875,0.4561288058757782,0.0028993748128414154,0.8265227675437927,0.28748324513435364,0.4659845232963562,0.040686123073101044,0.3288160264492035,0.4069914221763611,0.48688364028930664,0.008695544674992561,0.7240239977836609,0.30176079273223877,0.4601331055164337,0.038132186979055405,0.3127341568470001,0.40172988176345825,0.48936012387275696,0.006982256658375263,0.710357129573822,0.2991085350513458,0.44029855728149414,0.03684360906481743,0.291245698928833,0.39910656213760376,0.47877037525177,0.0045750816352665424,0.6373085379600525,0.3155168294906616,0.45600441098213196,-0.014026418328285217,0.9996964931488037,0.3654499650001526,0.4481416940689087,0.013794098980724812,0.9994729161262512,0.32233521342277527,0.6436406373977661,-0.00939120538532734,0.9970845580101013,0.3840206265449524,0.6128028035163879,0.11530113220214844,0.9899786114692688,0.34219080209732056,0.8300313353538513,0.016524437814950943,0.992182731628418,0.4010063111782074,0.7836222052574158,0.18562427163124084,0.9832494258880615,0.34690019488334656,0.8680267930030823,0.01918925531208515,0.9922300577163696,0.39669495820999146,0.8186202049255371,0.19326581060886383,0.9802175760269165,0.3393946588039398,0.8473647832870483,-0.013472403399646282,0.8871416449546814,0.40582752227783203,0.7973597049713135,0.1808062344789505,0.8352382183074951
53,walk,0.3416655659675598,0.1074918881058693,0.1574678272008896,0.9998325109481812,0.338261216878891,0.0919203832745552,0.12812575697898865,0.999789834022522,0.3353789150714874,0.09083527326583862,0.1281156688928604,0.9998152852058411,0.3324519991874695,0.08978259563446045,0.12809458374977112,0.9997914433479309,0.3456222414970398,0.0936969667673111,0.12710991501808167,0.99981290102005,0.34810274839401245,0.09371428936719894,0.1271628737449646,0.9998312592506409,0.3506053686141968,0.09358718991279602,0.12710663676261902,0.9997900724411011,0.3262996971607208,0.09505318850278854,0.025340020656585693,0.9998251795768738,0.3504748046398163,0.09831725060939789,0.020394060760736465,0.9997934699058533,0.3358636200428009,0.11771772056818008,0.12777358293533325,0.9998348951339722,0.3436814844608307,0.12044008076190948,0.1257716417312622,0.9998440146446228,0.28185293078422546,0.18813325464725494,-0.02501821145415306,0.9998776316642761,0.37768077850341797,0.19159236550331116,-0.024733003228902817,0.9999118447303772,0.2699684500694275,0.3328350782394409,0.0031003423500806093,0.9440189599990845,0.3917730450630188,0.3347572088241577,-0.017603246495127678,0.9835915565490723,0.2925437092781067,0.42842453718185425,0.05709851533174515,0.4320700764656067,0.4040261209011078,0.45708364248275757,0.01530842948704958,0.8324066400527954,0.299203485250473,0.45504772663116455,0.0630212351679802,0.31749826669692993,0.4076596200466156,0.48790496587753296,0.022139834240078926,0.7320439219474792,0.3089599609375,0.45474717020988464,0.06010405346751213,0.30181944370269775,0.4021766781806946,0.49027422070503235,0.020595038309693336,0.718790590763092,0.30504265427589417,0.43239274621009827,0.05784256011247635,0.28178226947784424,0.39925438165664673,0.4794911742210388,0.017260480672121048,0.6469365954399109,0.3155553936958313,0.45622718334198,-0.011837760917842388,0.9997216463088989,0.36548081040382385,0.44846704602241516,0.011566512286663055,0.9995080828666687,0.32198670506477356,0.64387446641922,0.00855526328086853,0.9971655011177063,0.383931040763855,0.6094765663146973,0.1362425684928894,0.9892027378082275,0.3421552777290344,0.8308039903640747,0.0385584719479084,0.9922674298286438,0.4020217955112457,0.7749198079109192,0.22425369918346405,0.9822712540626526,0.3469149172306061,0.8687617182731628,0.04187796264886856,0.9922807216644287,0.39751583337783813,0.810469388961792,0.23428411781787872,0.9797270894050598,0.3388858437538147,0.8474841713905334,0.012904311530292034,0.8879830241203308,0.4063137173652649,0.7861130833625793,0.22826845943927765,0.8338445425033569
54,walk,0.34279927611351013,0.11031200736761093,0.16036757826805115,0.9998340010643005,0.3395600914955139,0.09519148617982864,0.13008162379264832,0.9997928142547607,0.336730420589447,0.09422259032726288,0.1300698220729828,0.9998178482055664,0.3338821530342102,0.093287892639637,0.13004572689533234,0.9997943043708801,0.3468513488769531,0.09695115685462952,0.13014724850654602,0.999815046787262,0.3493272066116333,0.09705736488103867,0.13020355999469757,0.9998329877853394,0.35179197788238525,0.09703690558671951,0.1301540583372116,0.999792218208313,0.3279604911804199,0.09891092777252197,0.02405654825270176,0.999828577041626,0.3517708480358124,0.10189779102802277,0.023164501413702965,0.999796986579895,0.337126225233078,0.12065954506397247,0.12929730117321014,0.9998368620872498,0.3447929322719574,0.12364586442708969,0.12873336672782898,0.9998440146446228,0.2836473286151886,0.1900477260351181,-0.025278547778725624,0.9998817443847656,0.3786963224411011,0.193739652633667,-0.022401908412575722,0.999914288520813,0.27088239789009094,0.33252862095832825,0.004776166286319494,0.9440988302230835,0.3919667601585388,0.3359408378601074,-0.013989713974297047,0.9839808940887451,0.29257404804229736,0.4227519631385803,0.06414129585027695,0.42297667264938354,0.404289573431015,0.4574281573295593,0.0211494080722332,0.8394517302513123,0.29802340269088745,0.44836023449897766,0.07062532007694244,0.31025710701942444,0.4088028073310852,0.4882996380329132,0.027154643088579178,0.7416332960128784,0.30829566717147827,0.44534191489219666,0.06781811267137527,0.2947860360145569,0.4031755328178406,0.49060872197151184,0.025805672630667686,0.7287446856498718,0.3048173785209656,0.4266429841518402,0.06527028977870941,0.27579018473625183,0.39975255727767944,0.4796934723854065,0.022892888635396957,0.6581116318702698,0.3156084418296814,0.45612406730651855,-0.012395443394780159,0.9997451901435852,0.36550843715667725,0.4484309256076813,0.012120697647333145,0.9995416402816772,0.3219696879386902,0.6439217329025269,0.0074730017222464085,0.9972644448280334,0.38390859961509705,0.6063384413719177,0.14304731786251068,0.9886723756790161,0.342055082321167,0.8308481574058533,0.03821844980120659,0.9924473166465759,0.40377455949783325,0.7683225274085999,0.2280886471271515,0.9817003011703491,0.34692129492759705,0.8690119981765747,0.04164388030767441,0.9924131631851196,0.39970046281814575,0.8026065230369568,0.23791611194610596,0.9796616435050964,0.3363820016384125,0.8467870950698853,0.012385542504489422,0.8898088932037354,0.4064786434173584,0.7762661576271057,0.23354506492614746,0.8341695666313171
55,walk,0.3442615866661072,0.11090961843729019,0.16182616353034973,0.9998388290405273,0.34091246128082275,0.09600270539522171,0.13143882155418396,0.9997996091842651,0.33810287714004517,0.0950833335518837,0.13142874836921692,0.9998234510421753,0.335252970457077,0.09423147886991501,0.13140082359313965,0.9998003840446472,0.34853535890579224,0.0978502482175827,0.1319776326417923,0.99982088804245,0.3511086106300354,0.09805826842784882,0.1320353001356125,0.9998379945755005,0.3536015450954437,0.09820719808340073,0.13198906183242798,0.9997987747192383,0.3294941186904907,0.1002575233578682,0.025101374834775925,0.9998345971107483,0.35405483841896057,0.1038346067070961,0.02340952679514885,0.9998045563697815,0.3389202058315277,0.1215587630867958,0.13062062859535217,0.9998410940170288,0.34671470522880554,0.12453989684581757,0.13064976036548615,0.9998466968536377,0.2854197323322296,0.1921737939119339,-0.02486702986061573,0.999885618686676,0.3800062835216522,0.19533097743988037,-0.020262058824300766,0.9999164938926697,0.2721361517906189,0.33257296681404114,0.0124337337911129,0.9442645907402039,0.3919944167137146,0.3365831673145294,-0.01049027033150196,0.984580934047699,0.2926129698753357,0.419143944978714,0.07761840522289276,0.41288965940475464,0.4057060778141022,0.4573259651660919,0.02292758971452713,0.8466653227806091,0.29708945751190186,0.44112303853034973,0.08554841578006744,0.30217236280441284,0.410724401473999,0.4882414937019348,0.028364503756165504,0.7512782216072083,0.3082513213157654,0.4338393807411194,0.0826312005519867,0.2870064973831177,0.40506869554519653,0.4905066192150116,0.028167542070150375,0.7386972308158875,0.3048965334892273,0.42218050360679626,0.07895347476005554,0.2692970037460327,0.4011000692844391,0.4795949161052704,0.024963654577732086,0.6691972017288208,0.3167255222797394,0.45682233572006226,-0.014068049378693104,0.9997670650482178,0.36625516414642334,0.4495078921318054,0.013809217140078545,0.9995733499526978,0.3218482732772827,0.6444070339202881,0.013086102902889252,0.9973846077919006,0.3839065134525299,0.6032574772834778,0.15725885331630707,0.9882861971855164,0.3419347107410431,0.8304840326309204,0.05018103867769241,0.9927168488502502,0.40542474389076233,0.7573334574699402,0.2549700140953064,0.9814128279685974,0.34689733386039734,0.868931233882904,0.054543305188417435,0.9926557540893555,0.40305453538894653,0.7896451950073242,0.26647716760635376,0.9798368215560913,0.335171639919281,0.8468654155731201,0.027519196271896362,0.892940878868103,0.4069630205631256,0.7715428471565247,0.2663303017616272,0.8357797265052795
56,walk,0.34581443667411804,0.11220952123403549,0.17029765248298645,0.9998461604118347,0.3424338102340698,0.09768039733171463,0.14097291231155396,0.9998095035552979,0.3397230803966522,0.09677136689424515,0.14095647633075714,0.9998320937156677,0.3369376063346863,0.09591561555862427,0.1409117728471756,0.9998102784156799,0.350097119808197,0.09956251084804535,0.14195439219474792,0.9998290538787842,0.3526439666748047,0.09986161440610886,0.14202165603637695,0.9998450875282288,0.35514339804649353,0.10009017586708069,0.14198678731918335,0.9998079538345337,0.33129996061325073,0.10181356221437454,0.035972364246845245,0.9998435974121094,0.3559122383594513,0.105952188372612,0.03876015543937683,0.9998146295547485,0.34052419662475586,0.12288708984851837,0.13930003345012665,0.9998481869697571,0.34834274649620056,0.12595485150814056,0.14006082713603973,0.9998521208763123,0.2878879904747009,0.193198099732399,-0.01386980153620243,0.9998911023139954,0.3808409571647644,0.19605597853660583,-0.006852066610008478,0.9999197125434875,0.27306753396987915,0.3288767337799072,0.017791155725717545,0.943092405796051,0.3920382857322693,0.33631277084350586,-0.006830391474068165,0.9851995706558228,0.29385024309158325,0.4168298840522766,0.06992112100124359,0.4043799042701721,0.40685969591140747,0.4567856788635254,0.019388902932405472,0.855346143245697,0.29765596985816956,0.4388178586959839,0.0756491869688034,0.2959039807319641,0.4123201370239258,0.48786070942878723,0.022400910034775734,0.7634636163711548,0.3079966902732849,0.42929407954216003,0.07220837473869324,0.281009703874588,0.4068155884742737,0.4903036653995514,0.025276923552155495,0.7513121962547302,0.30638960003852844,0.41988053917884827,0.07059742510318756,0.2645159959793091,0.4024744927883148,0.479469895362854,0.022153159603476524,0.6835262775421143,0.31787610054016113,0.45689159631729126,-0.015611013397574425,0.9997875690460205,0.3668096661567688,0.4495432674884796,0.015383610501885414,0.9996039867401123,0.3218837380409241,0.6444178819656372,0.009478773921728134,0.9974766969680786,0.3839161694049835,0.5999476313591003,0.1571587324142456,0.9876480102539062,0.34175071120262146,0.8299188613891602,0.04347530007362366,0.9929373264312744,0.4070541262626648,0.7490190267562866,0.25027409195899963,0.9808610081672668,0.34680458903312683,0.8687570095062256,0.048137564212083817,0.9928900599479675,0.405402809381485,0.7805430889129639,0.26106008887290955,0.9798297882080078,0.33367377519607544,0.8470258116722107,0.024285029619932175,0.8959535956382751,0.4079093933105469,0.7676184773445129,0.25860658288002014,0.8367116451263428
57,walk,0.347673237323761,0.11375382542610168,0.18284407258033752,0.9998553395271301,0.34433627128601074,0.09988727420568466,0.1541009247303009,0.9998213648796082,0.3417343497276306,0.0990515798330307,0.15409111976623535,0.9998424649238586,0.339063823223114,0.09825880080461502,0.15404993295669556,0.9998220205307007,0.35191935300827026,0.10179175436496735,0.15543930232524872,0.9998393058776855,0.35441330075263977,0.10217385739088058,0.15550342202186584,0.9998542666435242,0.35697007179260254,0.1024714857339859,0.15547668933868408,0.9998195767402649,0.33359456062316895,0.10422713309526443,0.04934608191251755,0.9998539686203003,0.3580021560192108,0.10866692662239075,0.05483536794781685,0.9998263716697693,0.34252089262008667,0.12447365373373032,0.1516333520412445,0.9998564124107361,0.3502262830734253,0.12736397981643677,0.1528758704662323,0.999859094619751,0.29037076234817505,0.19535505771636963,-0.0026902577374130487,0.9998970627784729,0.3819993734359741,0.1971283107995987,0.007906769402325153,0.9999229907989502,0.2749255895614624,0.32882827520370483,0.028997186571359634,0.942948043346405,0.3939133584499359,0.3364005386829376,0.006969636771827936,0.9857938885688782,0.2964436709880829,0.4149143099784851,0.08431683480739594,0.4007587730884552,0.40839844942092896,0.4565620422363281,0.028560495004057884,0.863199770450592,0.29956525564193726,0.4364924132823944,0.09059074521064758,0.2934109568595886,0.4138001501560211,0.4877449572086334,0.03199297934770584,0.7745391726493835,0.30962231755256653,0.4268934428691864,0.08769236505031586,0.2785753011703491,0.40833431482315063,0.49023616313934326,0.03283529728651047,0.7628171443939209,0.309611976146698,0.41836193203926086,0.08526711165904999,0.26286742091178894,0.40368595719337463,0.47942686080932617,0.030551444739103317,0.6967282295227051,0.31891578435897827,0.4564253091812134,-0.01605629362165928,0.9998063445091248,0.36772871017456055,0.449007511138916,0.015829965472221375,0.9996329545974731,0.3221433162689209,0.644226610660553,-0.005808698944747448,0.9975748658180237,0.3843529522418976,0.5997352004051208,0.14789240062236786,0.9873314499855042,0.3416016101837158,0.8306728601455688,0.012415830977261066,0.9931333661079407,0.40776151418685913,0.750393271446228,0.23102764785289764,0.9804374575614929,0.34670397639274597,0.8697284460067749,0.014986914582550526,0.9931046366691589,0.40581250190734863,0.7818059325218201,0.2408105880022049,0.9799138903617859,0.3332442045211792,0.8469536900520325,-0.01386328972876072,0.8977262377738953,0.4084320068359375,0.7622925639152527,0.2381395399570465,0.836337149143219
58,walk,0.35057753324508667,0.1155879944562912,0.18496349453926086,0.9998641014099121,0.34705907106399536,0.10210466384887695,0.15591919422149658,0.9998328685760498,0.34445759654045105,0.10121433436870575,0.15591001510620117,0.9998525977134705,0.3418404459953308,0.1003197655081749,0.15587161481380463,0.9998334050178528,0.35457488894462585,0.10402177274227142,0.15711571276187897,0.999849259853363,0.3570486009120941,0.1043773740530014,0.15717865526676178,0.9998632669448853,0.35971933603286743,0.10463608801364899,0.1571529507637024,0.9998307228088379,0.33579376339912415,0.10596026480197906,0.0502329096198082,0.9998640418052673,0.3608394265174866,0.11077697575092316,0.0552530400454998,0.9998375177383423,0.3456525504589081,0.12627211213111877,0.1534501016139984,0.9998645782470703,0.3533817529678345,0.1288938671350479,0.15447446703910828,0.9998659491539001,0.2930036187171936,0.19647373259067535,-0.0016536802286282182,0.9999024868011475,0.3839562237262726,0.19948983192443848,0.008618272840976715,0.999925971031189,0.2765984833240509,0.32893216609954834,0.029215797781944275,0.9428154826164246,0.39659637212753296,0.3380034863948822,0.0060779256746172905,0.9863596558570862,0.29846808314323425,0.4155888855457306,0.08503205329179764,0.3970915973186493,0.40963849425315857,0.4568836987018585,0.025806212797760963,0.8708001971244812,0.3011004328727722,0.43826597929000854,0.0917135551571846,0.29099446535110474,0.4145660400390625,0.4881395995616913,0.029177676886320114,0.7855467200279236,0.3108632266521454,0.42937177419662476,0.08810056746006012,0.2762496769428253,0.4093357026576996,0.49041837453842163,0.029116284102201462,0.7742237448692322,0.3114839494228363,0.419399231672287,0.08573992550373077,0.26122742891311646,0.4049021303653717,0.4795393645763397,0.027446269989013672,0.709784209728241,0.32018664479255676,0.4555986225605011,-0.01665227860212326,0.9998235702514648,0.369123637676239,0.4484385550022125,0.016429921612143517,0.9996598958969116,0.32309776544570923,0.643782377243042,-0.013905440457165241,0.9976866245269775,0.3848111033439636,0.5978245735168457,0.1472727507352829,0.9871641993522644,0.3414445221424103,0.8325598835945129,0.002724912017583847,0.9933297634124756,0.4080614447593689,0.7490027546882629,0.22755122184753418,0.9801767468452454,0.3467637896537781,0.8702516555786133,0.004987131338566542,0.9933249354362488,0.40593868494033813,0.779589831829071,0.2370298206806183,0.9801051020622253,0.33336886763572693,0.8446753621101379,-0.025451308116316795,0.8991684317588806,0.4084084928035736,0.7611339092254639,0.23497381806373596,0.8357337713241577
59,walk,0.3535640835762024,0.11837073415517807,0.18317030370235443,0.999871015548706,0.3500036299228668,0.10529867559671402,0.15377268195152283,0.9998419880867004,0.347470223903656,0.10436251014471054,0.153764545917511,0.9998605847358704,0.3449682593345642,0.10338452458381653,0.15373095870018005,0.9998425841331482,0.3573347330093384,0.10739263892173767,0.1550925076007843,0.9998572468757629,0.3598845601081848,0.10782638192176819,0.15515345335006714,0.9998704791069031,0.3625991940498352,0.10814591497182846,0.155124232172966,0.9998397827148438,0.33910876512527466,0.10909831523895264,0.04789432883262634,0.9998721480369568,0.36358901858329773,0.11420655995607376,0.05470653250813484,0.9998462200164795,0.34875962138175964,0.12884090840816498,0.15159395337104797,0.9998708963394165,0.3563718795776367,0.13135969638824463,0.15273316204547882,0.9998709559440613,0.2962739169597626,0.1978292614221573,-0.004270106554031372,0.9999064207077026,0.3865424394607544,0.20396597683429718,0.011321062222123146,0.9999281167984009,0.2795282006263733,0.32944566011428833,0.025500396266579628,0.9419979453086853,0.39961856603622437,0.3401128649711609,0.009044340811669827,0.9867679476737976,0.2998062074184418,0.41601961851119995,0.08229272067546844,0.39273151755332947,0.4107941687107086,0.4575369954109192,0.02553369477391243,0.8767129182815552,0.3026019036769867,0.4393828809261322,0.08874879777431488,0.2884727716445923,0.41545596718788147,0.4894101321697235,0.028898701071739197,0.7938609719276428,0.3119438588619232,0.43065816164016724,0.08538177609443665,0.2738380432128906,0.410236656665802,0.49148401618003845,0.02850685641169548,0.7827559113502502,0.3127426207065582,0.42005491256713867,0.08317010849714279,0.25929370522499084,0.40584439039230347,0.4803799092769623,0.026971008628606796,0.7191881537437439,0.3229098618030548,0.4554338753223419,-0.017728600651025772,0.9998388290405273,0.3716419041156769,0.4484032988548279,0.017508435994386673,0.999683141708374,0.3244321942329407,0.6417748332023621,-0.024353869259357452,0.9977647066116333,0.3855716586112976,0.5981632471084595,0.1426667869091034,0.9867851734161377,0.34127888083457947,0.8328786492347717,-0.014825510792434216,0.9934879541397095,0.40772581100463867,0.7503035664558411,0.2183401882648468,0.9797654747962952,0.3467312455177307,0.8702637553215027,-0.01351908128708601,0.9935014843940735,0.40544185042381287,0.7837721705436707,0.22720161080360413,0.9801442623138428,0.3328583836555481,0.8427430987358093,-0.04622635245323181,0.9007886648178101,0.40844589471817017,0.7602540850639343,0.22129055857658386,0.8345215320587158
60,walk,0.35647010803222656,0.12156080454587936,0.1821254938840866,0.9998767971992493,0.3525862693786621,0.10830683261156082,0.1527959406375885,0.9998497366905212,0.34998682141304016,0.10738997161388397,0.15278831124305725,0.9998672604560852,0.3474555015563965,0.10641341656446457,0.15275631844997406,0.9998503923416138,0.359978049993515,0.11029210686683655,0.1539454162120819,0.9998641014099121,0.3626709282398224,0.1106388121843338,0.1540059596300125,0.9998765587806702,0.3654191792011261,0.1108722984790802,0.15397508442401886,0.9998476505279541,0.34177762269973755,0.11233057081699371,0.04894796758890152,0.9998789429664612,0.36676356196403503,0.11725345253944397,0.05431412532925606,0.9998535513877869,0.3519250154495239,0.13212814927101135,0.1507333219051361,0.9998754262924194,0.359576553106308,0.13455073535442352,0.1516776978969574,0.9998742938041687,0.29994580149650574,0.1997864991426468,0.00026598270051181316,0.999908983707428,0.3890312910079956,0.20820586383342743,0.00917728804051876,0.9999297857284546,0.28210896253585815,0.3301178812980652,0.03605180233716965,0.9410019516944885,0.4018329679965973,0.34334442019462585,0.007670951541513205,0.9871143102645874,0.3016616106033325,0.4163079261779785,0.09804526716470718,0.38772714138031006,0.4117114543914795,0.45863550901412964,0.025030558928847313,0.882258951663971,0.3044184744358063,0.4401101768016815,0.1061839833855629,0.2853093147277832,0.4158490300178528,0.49016714096069336,0.028400350362062454,0.8018383979797363,0.31379234790802,0.431418240070343,0.10234005749225616,0.2708222270011902,0.4105153977870941,0.4919091463088989,0.02791675366461277,0.7909945845603943,0.31470322608947754,0.42049136757850647,0.09890568256378174,0.2570055425167084,0.406316339969635,0.48079192638397217,0.026433030143380165,0.7284853458404541,0.32513731718063354,0.455659955739975,-0.01646934077143669,0.9998521208763123,0.3738236427307129,0.4490736722946167,0.01625095121562481,0.9997025728225708,0.32600194215774536,0.6420241594314575,-0.021917283535003662,0.9977994561195374,0.38606545329093933,0.5987265110015869,0.1348680704832077,0.9864770770072937,0.34116894006729126,0.8340929746627808,-0.012582981958985329,0.9935522079467773,0.4072819650173187,0.7536277174949646,0.19766272604465485,0.9793041348457336,0.3465838134288788,0.8703288435935974,-0.011384787037968636,0.9935714602470398,0.40456897020339966,0.7868071794509888,0.2052658498287201,0.9799450039863586,0.332933247089386,0.8401774764060974,-0.042821578681468964,0.9020578861236572,0.40847668051719666,0.7613446712493896,0.20269601047039032,0.8342291712760925
61,walk,0.35874277353286743,0.12566152215003967,0.18535736203193665,0.999882698059082,0.3549550771713257,0.11237309873104095,0.1568496823310852,0.9998573660850525,0.352369099855423,0.11146815866231918,0.1568465679883957,0.9998739957809448,0.3498680591583252,0.11051017045974731,0.1568167805671692,0.999858021736145,0.3622610569000244,0.11431671679019928,0.15806818008422852,0.9998708963394165,0.3649415075778961,0.11461880803108215,0.15812629461288452,0.9998827576637268,0.367667019367218,0.11478971689939499,0.15809564292430878,0.9998553991317749,0.34441912174224854,0.11619319021701813,0.05432618409395218,0.9998854994773865,0.36900779604911804,0.12082722783088684,0.05954217165708542,0.9998610615730286,0.3541780114173889,0.1358272284269333,0.15454734861850739,0.9998802542686462,0.3618074059486389,0.1381431221961975,0.1555669605731964,0.9998784065246582,0.3031858503818512,0.2019570916891098,0.00369435315951705,0.9999122023582458,0.3915439546108246,0.2104548066854477,0.013412264175713062,0.9999316930770874,0.28510069847106934,0.33075687289237976,0.036705657839775085,0.9401246905326843,0.40353983640670776,0.3451979458332062,0.011964764446020126,0.9874711632728577,0.30499738454818726,0.41592270135879517,0.09582323580980301,0.3832358419895172,0.41236749291419983,0.4585709571838379,0.028812889009714127,0.8866809606552124,0.307441771030426,0.4393131136894226,0.10299322754144669,0.28276365995407104,0.41611653566360474,0.49022209644317627,0.03232178837060928,0.8080441951751709,0.3167087733745575,0.4304073750972748,0.09993179142475128,0.26830169558525085,0.4106876254081726,0.49190953373908997,0.031924765557050705,0.7973350286483765,0.3177449107170105,0.4204246997833252,0.09686049818992615,0.25500988960266113,0.4066796898841858,0.4808023273944855,0.030214687809348106,0.7355100512504578,0.32738882303237915,0.4559343457221985,-0.01638159528374672,0.9998646378517151,0.3757503926753998,0.449405699968338,0.01616096682846546,0.9997217655181885,0.3283013105392456,0.6422895789146423,-0.019584454596042633,0.9978978633880615,0.38666102290153503,0.5992615222930908,0.13464434444904327,0.9865818023681641,0.34117576479911804,0.8369228839874268,-0.009824182838201523,0.9937676787376404,0.40676823258399963,0.7551658749580383,0.19845373928546906,0.9794213771820068,0.346591055393219,0.8705111145973206,-0.00854724645614624,0.9937945008277893,0.4044313430786133,0.7869894504547119,0.2062264382839203,0.9802532196044922,0.3332386612892151,0.8379456400871277,-0.03863861784338951,0.9037452340126038,0.40846696496009827,0.7617993950843811,0.20397743582725525,0.8347317576408386
62,walk,0.3625781536102295,0.12836945056915283,0.1915169060230255,0.9998864531517029,0.35852307081222534,0.11487036943435669,0.1625606268644333,0.9998621940612793,0.3558604419231415,0.11393130570650101,0.16255632042884827,0.9998783469200134,0.35326701402664185,0.11299532651901245,0.16253313422203064,0.9998629093170166,0.3661344051361084,0.11700484901666641,0.1637592613697052,0.9998749494552612,0.36892789602279663,0.11735381931066513,0.16381604969501495,0.9998868107795715,0.3715865910053253,0.11763770133256912,0.1637870967388153,0.999860405921936,0.3476641774177551,0.1191096380352974,0.05825095623731613,0.9998899698257446,0.372988760471344,0.12417750805616379,0.06288167834281921,0.9998653531074524,0.3580179214477539,0.13873758912086487,0.16014881432056427,0.999882698059082,0.36591100692749023,0.14109033346176147,0.16101577877998352,0.9998798966407776,0.30660614371299744,0.20466259121894836,0.004391925409436226,0.9999143481254578,0.3952881693840027,0.21565939486026764,0.017373893409967422,0.999931812286377,0.2891028821468353,0.3311954438686371,0.0332239493727684,0.9395800828933716,0.40583762526512146,0.3479525148868561,0.012298887595534325,0.987680196762085,0.3067089915275574,0.4155646860599518,0.0875888466835022,0.3841283917427063,0.41401514410972595,0.4586629271507263,0.026246551424264908,0.8914369344711304,0.3089176416397095,0.43943002820014954,0.09408129006624222,0.2844214141368866,0.41702723503112793,0.49044591188430786,0.027865400537848473,0.8153213858604431,0.3177052140235901,0.43055641651153564,0.09109558165073395,0.26997968554496765,0.41184815764427185,0.4919295012950897,0.027987226843833923,0.8047810792922974,0.3186723589897156,0.42061924934387207,0.08852848410606384,0.2570476531982422,0.40824732184410095,0.48087644577026367,0.02745722606778145,0.7435835599899292,0.3294071853160858,0.4560660421848297,-0.017168575897812843,0.9998747706413269,0.37762024998664856,0.4502158761024475,0.01697954721748829,0.9997342824935913,0.3303120732307434,0.6423535943031311,-0.03035339154303074,0.9979929327964783,0.38719314336776733,0.5994912385940552,0.11925537884235382,0.9868474006652832,0.3411704897880554,0.8382701277732849,-0.024928096681833267,0.994023323059082,0.406484454870224,0.7561109662055969,0.1724320352077484,0.9798089861869812,0.346535861492157,0.8705596327781677,-0.024282140657305717,0.9940446019172668,0.40412968397140503,0.7866877913475037,0.17856499552726746,0.9805899858474731,0.3332580029964447,0.8379523158073425,-0.05856192857027054,0.9065908789634705,0.40866079926490784,0.7635167241096497,0.16923490166664124,0.8370254039764404
63,walk,0.365288108587265,0.1294049620628357,0.1973823606967926,0.9998906850814819,0.3614156246185303,0.11595363914966583,0.16886812448501587,0.9998683333396912,0.35881108045578003,0.11505910754203796,0.16886936128139496,0.9998835325241089,0.35624733567237854,0.11420804262161255,0.16884806752204895,0.9998689889907837,0.3688662052154541,0.11794110387563705,0.16969513893127441,0.9998805522918701,0.3716578483581543,0.11823804676532745,0.16974836587905884,0.999891996383667,0.3743118345737457,0.11852417141199112,0.1697153002023697,0.9998672008514404,0.3505593240261078,0.12072569876909256,0.06617143750190735,0.9998948574066162,0.37589260935783386,0.12552352249622345,0.06921335309743881,0.9998709559440613,0.3607296943664551,0.14021189510822296,0.1666310727596283,0.999884307384491,0.36856600642204285,0.1423063427209854,0.16706649959087372,0.9998809099197388,0.3100385069847107,0.2068561613559723,0.014509978704154491,0.9999150633811951,0.3981226086616516,0.21840892732143402,0.019711842760443687,0.9999318718910217,0.2923263907432556,0.3323606848716736,0.05133425444364548,0.9387934803962708,0.4083476960659027,0.34924525022506714,0.01602032035589218,0.9880788922309875,0.3090905547142029,0.41567111015319824,0.11512825638055801,0.3773343563079834,0.41585707664489746,0.45881733298301697,0.029780680313706398,0.8943644165992737,0.311585932970047,0.4397212266921997,0.12281577289104462,0.2792142331600189,0.4182583689689636,0.4904116690158844,0.03205568343400955,0.818840503692627,0.3199343681335449,0.43087369203567505,0.11962766945362091,0.26502320170402527,0.41320791840553284,0.4919038414955139,0.031570591032505035,0.8083365559577942,0.3206653594970703,0.4208805561065674,0.11600480228662491,0.25297969579696655,0.40983015298843384,0.48085492849349976,0.0309083703905344,0.7470288872718811,0.3315964937210083,0.456094354391098,-0.016162220388650894,0.9998838901519775,0.37983447313308716,0.4508979916572571,0.015993710607290268,0.9997457265853882,0.33217769861221313,0.641250491142273,-0.03897376358509064,0.9980643391609192,0.3888837695121765,0.5997927784919739,0.1039949432015419,0.986952543258667,0.34117138385772705,0.8381116390228271,-0.040462709963321686,0.994175136089325,0.4055286943912506,0.7568620443344116,0.15033020079135895,0.9797707200050354,0.3465334475040436,0.870314359664917,-0.04049300402402878,0.9941961765289307,0.4035680294036865,0.7873374223709106,0.155607670545578,0.9805006980895996,0.3336849808692932,0.8381925225257874,-0.0749652311205864,0.9080700278282166,0.40918731689453125,0.7644888758659363,0.1465114951133728,0.8371655941009521
64,walk,0.3690063953399658,0.13139000535011292,0.20621493458747864,0.999893069267273,0.3652065098285675,0.11829593777656555,0.17731596529483795,0.9998725056648254,0.36263948678970337,0.11746439337730408,0.17731456458568573,0.9998871088027954,0.36011916399002075,0.11668284982442856,0.17729619145393372,0.9998732209205627,0.3725952208042145,0.12010397017002106,0.1780693680047989,0.9998840689659119,0.3753579258918762,0.1203843504190445,0.17811857163906097,0.999895453453064,0.3779070973396301,0.12066620588302612,0.17808151245117188,0.9998719096183777,0.35455113649368286,0.1231909841299057,0.07330477982759476,0.9998981952667236,0.37945127487182617,0.12790246307849884,0.07579515874385834,0.9998743534088135,0.36460182070732117,0.1425587683916092,0.17506399750709534,0.9998840093612671,0.3723715841770172,0.14435593783855438,0.17531517148017883,0.9998800158500671,0.31418371200561523,0.20859256386756897,0.017214078456163406,0.999916136264801,0.4007398188114166,0.22123317420482635,0.02467290498316288,0.9999313950538635,0.29545602202415466,0.3329448401927948,0.04775995388627052,0.9399382472038269,0.41124844551086426,0.35086584091186523,0.01985248364508152,0.9885314702987671,0.311102956533432,0.4157741665840149,0.10436467826366425,0.37506240606307983,0.4172787666320801,0.45892903208732605,0.030693387612700462,0.8965957164764404,0.31278595328330994,0.43987607955932617,0.11044128239154816,0.27688077092170715,0.41941896080970764,0.49038174748420715,0.03310533985495567,0.8210194706916809,0.3206520974636078,0.43092456459999084,0.1076417788863182,0.26277416944503784,0.41432347893714905,0.49172553420066833,0.032433364540338516,0.8104610443115234,0.32175546884536743,0.42153146862983704,0.10516407340765,0.2514219582080841,0.411133348941803,0.4807519316673279,0.0317523293197155,0.7487109303474426,0.33402401208877563,0.4571680724620819,-0.016143115237355232,0.9998912811279297,0.38227128982543945,0.4527754485607147,0.0159619078040123,0.9997522234916687,0.33403825759887695,0.6429939866065979,-0.0515797920525074,0.9981637597084045,0.39140528440475464,0.5999801158905029,0.08695600926876068,0.9872959852218628,0.3412083089351654,0.8403458595275879,-0.06096997857093811,0.994368314743042,0.40512290596961975,0.7573191523551941,0.12485352903604507,0.9799341559410095,0.34627729654312134,0.8703145980834961,-0.06193571537733078,0.9943888783454895,0.4034756124019623,0.7872854471206665,0.1290189027786255,0.9805518388748169,0.3360307812690735,0.8475939631462097,-0.09890630096197128,0.9094910621643066,0.4101770520210266,0.7651585936546326,0.11643747240304947,0.8376711010932922
65,walk,0.3730854392051697,0.13347041606903076,0.2037632018327713,0.9998946189880371,0.369335800409317,0.12053575366735458,0.17513051629066467,0.9998757243156433,0.3668564260005951,0.11969473212957382,0.17513296008110046,0.9998897910118103,0.36438488960266113,0.11892499029636383,0.1751174032688141,0.9998764395713806,0.37669771909713745,0.12236373871564865,0.17490898072719574,0.9998869895935059,0.3793853223323822,0.12268562614917755,0.1749582439661026,0.9998980760574341,0.38185232877731323,0.12300724536180496,0.17491403222084045,0.999875545501709,0.3588457703590393,0.12551386654376984,0.07259269058704376,0.9999005198478699,0.38346266746520996,0.13061122596263885,0.0709843710064888,0.9998770356178284,0.36888375878334045,0.14492961764335632,0.1732933223247528,0.9998825788497925,0.37646937370300293,0.1467500478029251,0.17233389616012573,0.9998787641525269,0.3176341950893402,0.2118593007326126,0.018454883247613907,0.9999156594276428,0.4038463532924652,0.2238229364156723,0.020933952182531357,0.9999309182167053,0.29798898100852966,0.33495861291885376,0.04491441324353218,0.9393160343170166,0.4138163924217224,0.35212597250938416,0.0192241370677948,0.9887121915817261,0.31588488817214966,0.41777071356773376,0.09785080701112747,0.3651760220527649,0.41903454065322876,0.45888084173202515,0.028663331642746925,0.8959449529647827,0.3174256384372711,0.44190073013305664,0.1043006032705307,0.2688978612422943,0.42087167501449585,0.490231454372406,0.031204363331198692,0.8187000155448914,0.3256240487098694,0.43234536051750183,0.1008959636092186,0.2550808787345886,0.4160178303718567,0.49132847785949707,0.02993842400610447,0.8081453442573547,0.32665422558784485,0.423599511384964,0.09863075613975525,0.24483270943164825,0.4128332734107971,0.48042237758636475,0.029634153470396996,0.7453000545501709,0.3366062045097351,0.45841068029403687,-0.012287365272641182,0.9998981356620789,0.3848297595977783,0.4545999765396118,0.012125465087592602,0.999761164188385,0.33695775270462036,0.6406970620155334,-0.04122833162546158,0.9982359409332275,0.3941165506839752,0.6000274419784546,0.09573565423488617,0.9874086380004883,0.3411771059036255,0.840099573135376,-0.04121937230229378,0.9944915175437927,0.4049786627292633,0.7576353549957275,0.14625172317028046,0.9799743890762329,0.34580230712890625,0.8692592978477478,-0.04105055704712868,0.994521975517273,0.4027140736579895,0.7876260280609131,0.15193141996860504,0.9805580377578735,0.3366326093673706,0.842336118221283,-0.07492173463106155,0.9095234870910645,0.4115526080131531,0.7655438184738159,0.14249953627586365,0.8372136354446411
66,walk,0.3766743540763855,0.13603605329990387,0.2139742076396942,0.9998951554298401,0.3728543817996979,0.12309036403894424,0.18585000932216644,0.9998782873153687,0.3703952431678772,0.12217970937490463,0.18585935235023499,0.9998918175697327,0.3679100275039673,0.12135427445173264,0.18583770096302032,0.9998787641525269,0.38013070821762085,0.12502019107341766,0.18586158752441406,0.9998888373374939,0.3826712965965271,0.12537628412246704,0.18590876460075378,0.999899685382843,0.3850609064102173,0.12570349872112274,0.18586379289627075,0.9998779892921448,0.3624754250049591,0.12791617214679718,0.08301769196987152,0.9999023079872131,0.386539101600647,0.13321508467197418,0.08227277547121048,0.9998785257339478,0.3726305365562439,0.14755311608314514,0.18314382433891296,0.9998798370361328,0.37992146611213684,0.1492980569601059,0.18250751495361328,0.9998753070831299,0.321297824382782,0.21270319819450378,0.026560461148619652,0.999915599822998,0.4070471227169037,0.22470949590206146,0.026415199041366577,0.999929666519165,0.3004841208457947,0.3351580798625946,0.05336054414510727,0.939210832118988,0.416787713766098,0.3527013063430786,0.024663470685482025,0.9891279339790344,0.31853944063186646,0.4199722707271576,0.10964004695415497,0.3521799147129059,0.4211210608482361,0.45890071988105774,0.043603621423244476,0.8934568762779236,0.3206114172935486,0.44427406787872314,0.11585142463445663,0.2583460807800293,0.4223552346229553,0.4901966154575348,0.047911785542964935,0.8130499720573425,0.3290393054485321,0.43467894196510315,0.11418160051107407,0.24485637247562408,0.41797852516174316,0.49116629362106323,0.04784660413861275,0.8021753430366516,0.3298341631889343,0.4261951148509979,0.11066073179244995,0.23566655814647675,0.4150848984718323,0.4802742302417755,0.04519549757242203,0.7380651235580444,0.3396637737751007,0.45853346586227417,-0.01180103700608015,0.999904990196228,0.3876475691795349,0.4546518921852112,0.011653728783130646,0.9997701048851013,0.33944517374038696,0.6370677351951599,-0.042166825383901596,0.9983088374137878,0.3966348171234131,0.600026547908783,0.09765791147947311,0.9875518083572388,0.341229647397995,0.8391769528388977,-0.04473106190562248,0.9946113228797913,0.4049467444419861,0.757960855960846,0.14924633502960205,0.9798970818519592,0.3458022177219391,0.8669812679290771,-0.044678445905447006,0.9946622252464294,0.40267235040664673,0.7877386212348938,0.1550801396369934,0.9805094003677368,0.33864885568618774,0.8474735021591187,-0.07791154831647873,0.9094527363777161,0.4118568003177643,0.7659327983856201,0.14742425084114075,0.835204005241394
67,walk,0.3791627585887909,0.13798882067203522,0.2127031534910202,0.9998972415924072,0.3755255341529846,0.12508080899715424,0.18195417523384094,0.9998814463615417,0.37312081456184387,0.1241990402340889,0.18194425106048584,0.9998943209648132,0.3707120418548584,0.12341619282960892,0.18191057443618774,0.9998817443847656,0.382640540599823,0.12696367502212524,0.18307295441627502,0.9998915791511536,0.38523727655410767,0.12732021510601044,0.1831228882074356,0.999902069568634,0.3876650035381317,0.12765002250671387,0.18309545516967773,0.9998813271522522,0.3654877543449402,0.13004851341247559,0.07563640177249908,0.9999039769172668,0.3892671465873718,0.13523675501346588,0.07681222259998322,0.9998804926872253,0.37514325976371765,0.14952309429645538,0.1791611760854721,0.9998789429664612,0.3823525905609131,0.1512007862329483,0.17968174815177917,0.9998741149902344,0.3243124485015869,0.21395343542099,0.02199987694621086,0.9999147057533264,0.4101765751838684,0.2267744243144989,0.02068200334906578,0.9999294877052307,0.30408650636672974,0.335547536611557,0.05038224905729294,0.9380828738212585,0.41992586851119995,0.35461485385894775,0.017695218324661255,0.9894938468933105,0.3211517930030823,0.4220958650112152,0.1052054911851883,0.34203267097473145,0.4240542948246002,0.459719717502594,0.0376761257648468,0.8926844596862793,0.3231872618198395,0.4465090036392212,0.11135146766901016,0.2501142621040344,0.4249456822872162,0.4902922809123993,0.041559942066669464,0.8101390600204468,0.33123457431793213,0.43728500604629517,0.10914918035268784,0.23688676953315735,0.42072662711143494,0.49118924140930176,0.04096952825784683,0.7991310358047485,0.33209002017974854,0.4290471076965332,0.10603421926498413,0.2283758521080017,0.41808074712753296,0.4803463816642761,0.03918961435556412,0.7340707778930664,0.3423139452934265,0.45855700969696045,-0.008310030214488506,0.9999108910560608,0.3897783160209656,0.45518964529037476,0.008145934902131557,0.9997791647911072,0.3423127830028534,0.632314145565033,-0.03982757031917572,0.9983426332473755,0.39778774976730347,0.6006885766983032,0.08942974358797073,0.9875181913375854,0.3412514328956604,0.8355740904808044,-0.04274725168943405,0.994671642780304,0.4048939347267151,0.7582327723503113,0.14014719426631927,0.9798063635826111,0.34554457664489746,0.8649827837944031,-0.04285268858075142,0.9947313070297241,0.4024626612663269,0.787691593170166,0.14570468664169312,0.9803798198699951,0.33874276280403137,0.8398717045783997,-0.07744647562503815,0.9096340537071228,0.4120614528656006,0.7662554979324341,0.13506121933460236,0.8349528312683105
68,walk,0.38265103101730347,0.14009283483028412,0.21006295084953308,0.9998906254768372,0.37898990511894226,0.1270887553691864,0.17797036468982697,0.9998747706413269,0.37658578157424927,0.1261269748210907,0.17795877158641815,0.9998878240585327,0.374168336391449,0.12529100477695465,0.1779170036315918,0.9998745322227478,0.3860154151916504,0.12909863889217377,0.18213215470314026,0.9998849034309387,0.38854482769966125,0.12945914268493652,0.1822126805782318,0.9998958110809326,0.39089101552963257,0.129771426320076,0.18225625157356262,0.9998744130134583,0.3686642050743103,0.13166914880275726,0.07283816486597061,0.9998953342437744,0.39229056239128113,0.1370743364095688,0.07056418806314468,0.9998723268508911,0.37866073846817017,0.1514071524143219,0.17569813132286072,0.9998681545257568,0.3856516480445862,0.15298067033290863,0.17784258723258972,0.9998640418052673,0.3275400996208191,0.21397896111011505,0.02364412322640419,0.9999113082885742,0.4130023419857025,0.22725653648376465,0.003317150752991438,0.9999285936355591,0.30734673142433167,0.33614736795425415,0.04598280042409897,0.9345165491104126,0.4224480092525482,0.3545643985271454,-0.0029707348439842463,0.9898146390914917,0.3231605589389801,0.42736658453941345,0.0721450001001358,0.335200697183609,0.42681965231895447,0.4596116840839386,0.01605292223393917,0.8921623229980469,0.32433295249938965,0.45280134677886963,0.07406139373779297,0.24472585320472717,0.4274648129940033,0.48980364203453064,0.017706358805298805,0.8079507946968079,0.3324423134326935,0.44417494535446167,0.07168250530958176,0.23161518573760986,0.42335397005081177,0.4904073178768158,0.01631936803460121,0.7971423864364624,0.3337981104850769,0.43517446517944336,0.07175470143556595,0.22310802340507507,0.4206116795539856,0.47982925176620483,0.017076337710022926,0.7315823435783386,0.345140665769577,0.4581282436847687,0.0013118976494297385,0.9999148845672607,0.3923231065273285,0.4551008343696594,-0.001515151234343648,0.9997851848602295,0.3450765013694763,0.6242929100990295,-0.034294772893190384,0.9982972145080566,0.3994920253753662,0.6006240248680115,0.07266896218061447,0.9873234033584595,0.3412593603134155,0.8272101283073425,-0.0407688170671463,0.9945451021194458,0.40486764907836914,0.7583634853363037,0.12766572833061218,0.9795888662338257,0.3453299105167389,0.860740065574646,-0.04267260804772377,0.9946757555007935,0.402203232049942,0.7874698042869568,0.13340438902378082,0.9803124070167542,0.3402933180332184,0.8433988690376282,-0.07229285687208176,0.9078369140625,0.41265591979026794,0.7673144936561584,0.11550329625606537,0.8350093960762024
69,walk,0.38500550389289856,0.14100250601768494,0.2065589427947998,0.9998875260353088,0.38150259852409363,0.12847673892974854,0.17634224891662598,0.9998700618743896,0.37912315130233765,0.1275651603937149,0.17634618282318115,0.9998846054077148,0.37670814990997314,0.12678822875022888,0.17632834613323212,0.9998694658279419,0.3884286880493164,0.13038061559200287,0.17775680124759674,0.9998794198036194,0.39102703332901,0.13073624670505524,0.1778150200843811,0.9998921155929565,0.3934651017189026,0.13101942837238312,0.1778070479631424,0.9998685717582703,0.37102818489074707,0.13332289457321167,0.07135652005672455,0.9998915791511536,0.39497512578964233,0.13840247690677643,0.06970112025737762,0.9998676776885986,0.3809097409248352,0.1521332710981369,0.17378221452236176,0.9998654723167419,0.3879505693912506,0.15370313823223114,0.17403331398963928,0.9998619556427002,0.3310403525829315,0.21411137282848358,0.02270711027085781,0.9999106526374817,0.41613954305648804,0.22857938706874847,0.004220730159431696,0.9999263882637024,0.310616672039032,0.3364533483982086,0.016711346805095673,0.9322972297668457,0.42534834146499634,0.3545892834663391,-0.009456170722842216,0.9899802207946777,0.32529038190841675,0.43150362372398376,0.02632325515151024,0.33987605571746826,0.42916959524154663,0.4588890075683594,-0.005529393441975117,0.8910220265388489,0.3260098993778229,0.45765388011932373,0.02208632230758667,0.2494819164276123,0.42990532517433167,0.4883469343185425,-0.006886256393045187,0.8064744472503662,0.3341367840766907,0.45060309767723083,0.020082367584109306,0.23606455326080322,0.4253895878791809,0.4886350929737091,-0.009121579118072987,0.7958006262779236,0.3356788754463196,0.44173339009284973,0.025318194180727005,0.22637592256069183,0.42245563864707947,0.47869789600372314,-0.00556029099971056,0.7295791506767273,0.34811294078826904,0.4575791358947754,-0.0014869369333609939,0.9999193549156189,0.39484161138534546,0.4550204873085022,0.001297553302720189,0.9997934103012085,0.34698063135147095,0.6183462142944336,-0.027777086943387985,0.9983632564544678,0.4008053243160248,0.6013029217720032,0.08263655751943588,0.9879016280174255,0.34125638008117676,0.8172109127044678,-0.019704749807715416,0.9947453141212463,0.4049112796783447,0.75850510597229,0.13953129947185516,0.980485737323761,0.345244437456131,0.8518769145011902,-0.0189666785299778,0.9949111938476562,0.401987224817276,0.7875266075134277,0.14554181694984436,0.9812682867050171,0.3401573896408081,0.8428431749343872,-0.058158934116363525,0.9076546430587769,0.41246718168258667,0.7694718241691589,0.1275481879711151,0.836313784122467
70,walk,0.38730454444885254,0.1424226462841034,0.20200125873088837,0.9998827576637268,0.38389852643013,0.13037030398845673,0.17307986319065094,0.9998629689216614,0.38143715262413025,0.12947791814804077,0.17309801280498505,0.9998794198036194,0.3789650797843933,0.12870466709136963,0.17310281097888947,0.9998613595962524,0.3907918334007263,0.13229532539844513,0.1714038997888565,0.9998716711997986,0.39338991045951843,0.13267198204994202,0.17142809927463531,0.9998866319656372,0.3958728015422821,0.1329602301120758,0.17138682305812836,0.999859631061554,0.37315255403518677,0.13469597697257996,0.07017181813716888,0.9998852014541626,0.3971772789955139,0.13982491195201874,0.05839969962835312,0.9998610019683838,0.38283196091651917,0.15314559638500214,0.1700315773487091,0.9998617768287659,0.3900476098060608,0.15473538637161255,0.166520893573761,0.9998592734336853,0.33367785811424255,0.21448779106140137,0.022420834749937057,0.9999106526374817,0.4180101454257965,0.22908416390419006,-0.00545063940808177,0.9999250769615173,0.3140875995159149,0.33642691373825073,0.004587833769619465,0.927886962890625,0.4282132685184479,0.35405319929122925,-0.03191129490733147,0.9900475740432739,0.3268809914588928,0.4345852732658386,-0.000563016626983881,0.35191744565963745,0.4319206774234772,0.45637965202331543,-0.04525718837976456,0.8922069668769836,0.32728734612464905,0.46024584770202637,-0.0075791678391397,0.2615685760974884,0.4327941834926605,0.4849529564380646,-0.051314372569322586,0.8093106746673584,0.33520394563674927,0.4545145332813263,-0.01132552232593298,0.24772687256336212,0.42790651321411133,0.48489558696746826,-0.05266798660159111,0.7989853024482727,0.336992472410202,0.44551438093185425,-0.0027108765207231045,0.23559437692165375,0.42493319511413574,0.47608956694602966,-0.045408908277750015,0.7326170802116394,0.35110363364219666,0.4561457335948944,-0.0004688426270149648,0.999922513961792,0.39696821570396423,0.4544866383075714,0.00029373978031799197,0.9998000860214233,0.34911593794822693,0.6124812364578247,-0.012410679832100868,0.9983912110328674,0.40206488966941833,0.6025197505950928,0.07212568819522858,0.9884951710700989,0.34158939123153687,0.8031105995178223,0.006509312894195318,0.99484783411026,0.4051133692264557,0.7585537433624268,0.1260843425989151,0.9815124869346619,0.3451872169971466,0.8350322246551514,0.008122311905026436,0.9950693845748901,0.40193885564804077,0.7875753045082092,0.13158997893333435,0.9822683334350586,0.34021666646003723,0.8395473957061768,-0.03408030420541763,0.9061556458473206,0.4118855893611908,0.77089524269104,0.10433177649974823,0.8395199775695801
71,walk,0.38962113857269287,0.14357662200927734,0.20118431746959686,0.9998774528503418,0.3863176107406616,0.13186496496200562,0.17244985699653625,0.9998571872711182,0.3838921785354614,0.13098235428333282,0.17246557772159576,0.9998752474784851,0.3814132809638977,0.13023841381072998,0.17246824502944946,0.9998553991317749,0.39318475127220154,0.13376127183437347,0.17099590599536896,0.9998642206192017,0.3957653343677521,0.13412660360336304,0.17102500796318054,0.9998809695243835,0.39828985929489136,0.13440534472465515,0.17098361253738403,0.9998512268066406,0.375725120306015,0.13611938059329987,0.06949728727340698,0.9998794198036194,0.39967602491378784,0.1411132663488388,0.05789974331855774,0.9998530745506287,0.3851739168167114,0.15414109826087952,0.16952833533287048,0.9998564720153809,0.3923535645008087,0.15566784143447876,0.16624131798744202,0.9998544454574585,0.33709442615509033,0.21451658010482788,0.020295429974794388,0.9999112486839294,0.42032089829444885,0.23051641881465912,-0.006739753298461437,0.9999226927757263,0.3171998858451843,0.33596670627593994,0.002270572353154421,0.925987958908081,0.43124088644981384,0.3537850081920624,-0.03291312977671623,0.9898796677589417,0.3291647732257843,0.43430158495903015,-0.0107093695551157,0.37564346194267273,0.4334017336368561,0.455386221408844,-0.04449571669101715,0.8929870128631592,0.32931292057037354,0.45976144075393677,-0.018705539405345917,0.2833081781864166,0.43439728021621704,0.4832695424556732,-0.050660569220781326,0.8109520673751831,0.3369479775428772,0.45461344718933105,-0.023270588368177414,0.26919281482696533,0.4293076992034912,0.4830757677555084,-0.05268406122922897,0.800971269607544,0.3389776349067688,0.4454193413257599,-0.013361752033233643,0.25301384925842285,0.4263177812099457,0.47483211755752563,-0.04481438174843788,0.7341405153274536,0.3534947335720062,0.4517543315887451,0.0023642724845558405,0.9999210834503174,0.39855024218559265,0.4516637921333313,-0.0025274960789829493,0.9997990727424622,0.3517794907093048,0.6046004891395569,-0.014921797439455986,0.9983268976211548,0.40428757667541504,0.6020551323890686,0.03737446665763855,0.9889078736305237,0.34214678406715393,0.7897126078605652,-0.0014553675428032875,0.9946095943450928,0.4059995114803314,0.7589218020439148,0.07142209261655807,0.9822699427604675,0.3451390266418457,0.8192393183708191,-0.000741227064281702,0.9949801564216614,0.40335482358932495,0.7872902154922485,0.07454351335763931,0.982973575592041,0.34064555168151855,0.8334729671478271,-0.04054693505167961,0.8999170660972595,0.4110873341560364,0.7744024395942688,0.03641783446073532,0.841434121131897
72,walk,0.39095139503479004,0.14533445239067078,0.18267294764518738,0.9998692274093628,0.38783854246139526,0.1337881237268448,0.1539715677499771,0.9998471736907959,0.3853924572467804,0.13295912742614746,0.15397557616233826,0.99986732006073,0.3829248547554016,0.1322537362575531,0.15398307144641876,0.9998451471328735,0.39476874470710754,0.13559001684188843,0.15323880314826965,0.99985271692276,0.3972927927970886,0.1358848214149475,0.1532604992389679,0.9998719692230225,0.3999684751033783,0.13617853820323944,0.15319393575191498,0.9998391270637512,0.3773544728755951,0.13808055222034454,0.04848625510931015,0.9998694658279419,0.4015255868434906,0.14284023642539978,0.04350854083895683,0.9998407959938049,0.38654983043670654,0.155695378780365,0.15007208287715912,0.9998483657836914,0.39380183815956116,0.15727847814559937,0.1483059674501419,0.9998465776443481,0.3398296535015106,0.21515123546123505,-0.0037588942795991898,0.9999100565910339,0.4230257570743561,0.23169994354248047,-0.013101364485919476,0.9999191761016846,0.3196205198764801,0.33595573902130127,-0.018818864598870277,0.9266532063484192,0.4338718056678772,0.3539850413799286,-0.03287573903799057,0.9894052147865295,0.3309158682823181,0.43585747480392456,-0.024899180978536606,0.40343958139419556,0.4354174733161926,0.45522409677505493,-0.038469698280096054,0.8927191495895386,0.3309229612350464,0.46128222346305847,-0.031640052795410156,0.30797427892684937,0.4363160729408264,0.48245298862457275,-0.04239971563220024,0.8106654286384583,0.33825385570526123,0.45674023032188416,-0.035492904484272,0.29359716176986694,0.43104180693626404,0.48225897550582886,-0.04539600759744644,0.8008564710617065,0.34035927057266235,0.44748005270957947,-0.02681576833128929,0.2730487883090973,0.428088903427124,0.4743075966835022,-0.03898221254348755,0.7333648800849915,0.3556661009788513,0.4486315846443176,0.001731973490677774,0.9999169707298279,0.399591863155365,0.449526846408844,-0.001885205158032477,0.9997949004173279,0.3546277582645416,0.5993055701255798,-0.01667545549571514,0.9982011914253235,0.40551429986953735,0.6001088619232178,0.03822673112154007,0.9890215396881104,0.3446679711341858,0.7735879421234131,-0.004506194032728672,0.9942034482955933,0.40629419684410095,0.7589566707611084,0.061445266008377075,0.9825875759124756,0.34591877460479736,0.8012245893478394,-0.0014193898532539606,0.9946869611740112,0.40368932485580444,0.78657066822052,0.06341763585805893,0.9831710457801819,0.34298384189605713,0.8183362483978271,-0.054679084569215775,0.8939749002456665,0.4108414649963379,0.7753964066505432,0.02535228803753853,0.8420045971870422
73,walk,0.3927345275878906,0.14813411235809326,0.17813721299171448,0.9998612999916077,0.3898034691810608,0.13637593388557434,0.15001974999904633,0.9998382925987244,0.3873535990715027,0.13551242649555206,0.15002037584781647,0.9998595118522644,0.3848927319049835,0.13474130630493164,0.15002508461475372,0.9998362064361572,0.39675360918045044,0.13817834854125977,0.1495920717716217,0.9998430013656616,0.3991730809211731,0.1384040266275406,0.14960983395576477,0.9998638033866882,0.40184712409973145,0.13867823779582977,0.1495450735092163,0.9998299479484558,0.3792836368083954,0.14035528898239136,0.04474535211920738,0.9998598098754883,0.40336769819259644,0.14500898122787476,0.04207608103752136,0.9998295903205872,0.3882908225059509,0.15811777114868164,0.14554712176322937,0.9998393654823303,0.39548295736312866,0.1597488522529602,0.14441581070423126,0.9998385310173035,0.34227272868156433,0.2155691385269165,-0.0082748057320714,0.9999070763587952,0.42531126737594604,0.23266412317752838,-0.012490624561905861,0.9999162554740906,0.32269608974456787,0.3359415829181671,-0.021787015721201897,0.9283860921859741,0.43667545914649963,0.35413244366645813,-0.0309470035135746,0.9889217615127563,0.33259111642837524,0.4363861083984375,-0.0198818389326334,0.42858925461769104,0.43787845969200134,0.4538547098636627,-0.034373488277196884,0.8916521668434143,0.3326067328453064,0.4617413282394409,-0.024143094196915627,0.32932382822036743,0.43885746598243713,0.4807548522949219,-0.03771249204874039,0.8087602257728577,0.33975741267204285,0.4573154151439667,-0.027092909440398216,0.31470149755477905,0.4336184859275818,0.48021116852760315,-0.03934398293495178,0.7988306283950806,0.34189704060554504,0.4481417238712311,-0.02108730748295784,0.2898187041282654,0.4306689202785492,0.4726669192314148,-0.034451670944690704,0.7301256060600281,0.35783833265304565,0.44533756375312805,0.00045723537914454937,0.9999112486839294,0.4014868140220642,0.44641876220703125,-0.0006608812836930156,0.9997915029525757,0.35759609937667847,0.5937844514846802,-0.008511223830282688,0.997905433177948,0.4066758155822754,0.5982416868209839,0.03511667996644974,0.9888145923614502,0.34963876008987427,0.76079922914505,-0.023552769795060158,0.9936404824256897,0.40654268860816956,0.75965416431427,0.02756611444056034,0.9828975796699524,0.34942397475242615,0.786159098148346,-0.026548679918050766,0.9942888021469116,0.40393581986427307,0.7866165041923523,0.026411909610033035,0.9833399653434753,0.3465316891670227,0.8030819296836853,-0.0787862092256546,0.890446126461029,0.41083240509033203,0.7770037055015564,-0.01594877615571022,0.8452114462852478
74,walk,0.39573636651039124,0.14987912774085999,0.17397667467594147,0.9998556971549988,0.392649382352829,0.13808362185955048,0.14618760347366333,0.9998313784599304,0.3901519179344177,0.1372361034154892,0.14619062840938568,0.999853253364563,0.387690007686615,0.13653185963630676,0.1461988091468811,0.9998291730880737,0.3996785879135132,0.13992124795913696,0.1452205330133438,0.9998360276222229,0.4019923210144043,0.14016267657279968,0.14523962140083313,0.9998575448989868,0.40456724166870117,0.14050108194351196,0.14517298340797424,0.9998226165771484,0.3817868232727051,0.1420658379793167,0.042445577681064606,0.9998518228530884,0.4057367742061615,0.14670105278491974,0.03790634498000145,0.9998205900192261,0.3911382555961609,0.15965606272220612,0.14207187294960022,0.9998335242271423,0.3984656035900116,0.1613496094942093,0.14034347236156464,0.9998340606689453,0.34440097212791443,0.21638332307338715,-0.009026942774653435,0.9999035000801086,0.4265143871307373,0.23319150507450104,-0.016489243134856224,0.9999157786369324,0.324637234210968,0.3359251320362091,-0.022332414984703064,0.9303970336914062,0.4389318525791168,0.3548155128955841,-0.033427800983190536,0.9885625243186951,0.3342202305793762,0.43665367364883423,-0.018410587683320045,0.4529217481613159,0.439749151468277,0.45387014746665955,-0.03414768725633621,0.8923174142837524,0.33405500650405884,0.46209001541137695,-0.02175183966755867,0.35009828209877014,0.44063735008239746,0.48045751452445984,-0.03731853514909744,0.8093112707138062,0.3410893678665161,0.4580426514148712,-0.02483546920120716,0.3351467251777649,0.4353993833065033,0.4798910915851593,-0.038860708475112915,0.7994095683097839,0.3433503806591034,0.44912639260292053,-0.019539885222911835,0.3064746856689453,0.432656466960907,0.4724218249320984,-0.034062743186950684,0.729826033115387,0.3602971136569977,0.44330817461013794,-0.0004320892912801355,0.9999052286148071,0.4032215178012848,0.443802148103714,0.00022534366871695966,0.9997913241386414,0.36161160469055176,0.5883318781852722,0.007755618542432785,0.9975921511650085,0.4077033996582031,0.5977282524108887,0.03567684441804886,0.9888203144073486,0.3557890057563782,0.7499088048934937,-0.011080378666520119,0.9930850267410278,0.4065292775630951,0.7605658769607544,0.026524707674980164,0.9834266304969788,0.35610079765319824,0.775294840335846,-0.01445654034614563,0.9938658475875854,0.4038566052913666,0.7868881225585938,0.025105362758040428,0.9837642312049866,0.3557829260826111,0.7862452864646912,-0.06497705727815628,0.8869958519935608,0.4109652638435364,0.7772446274757385,-0.016598161309957504,0.8492007851600647
75,walk,0.39694899320602417,0.15129151940345764,0.16797736287117004,0.9998413920402527,0.3939039409160614,0.13961046934127808,0.13981376588344574,0.9998121857643127,0.3913760185241699,0.13877137005329132,0.13981884717941284,0.9998365044593811,0.3888624608516693,0.13805879652500153,0.1398269534111023,0.9998087286949158,0.4010065495967865,0.14131224155426025,0.1397329866886139,0.9998182654380798,0.40331536531448364,0.14144884049892426,0.13975682854652405,0.99984210729599,0.40583667159080505,0.1416911482810974,0.13969561457633972,0.9998024106025696,0.38284367322921753,0.1433345377445221,0.03646615147590637,0.999833345413208,0.4072960913181305,0.1477743685245514,0.035666465759277344,0.999798059463501,0.3924224078655243,0.1608109176158905,0.13624286651611328,0.9998196959495544,0.39982593059539795,0.16242265701293945,0.1356213390827179,0.9998231530189514,0.34616512060165405,0.21656019985675812,-0.01731102541089058,0.9998970627784729,0.42751583456993103,0.23303093016147614,-0.013702926225960255,0.9999123811721802,0.3277186453342438,0.3354566693305969,-0.030070211738348007,0.9330196380615234,0.440845251083374,0.3551394045352936,-0.028810258954763412,0.9877265095710754,0.3354678153991699,0.43799346685409546,-0.0182106401771307,0.4775163531303406,0.44125571846961975,0.4542333483695984,-0.028189584612846375,0.8913973569869995,0.3347489833831787,0.46322599053382874,-0.02133881114423275,0.3717198967933655,0.44227489829063416,0.4806436002254486,-0.030708739534020424,0.8084496259689331,0.34130430221557617,0.45967501401901245,-0.024085650220513344,0.35643845796585083,0.4372938573360443,0.4801371693611145,-0.03249507024884224,0.7983677983283997,0.343816876411438,0.45087486505508423,-0.018883924931287766,0.3243359923362732,0.4346695840358734,0.4724750518798828,-0.02810748852789402,0.7280451655387878,0.36270302534103394,0.4431968331336975,-0.0026627988554537296,0.9998912811279297,0.40494781732559204,0.4431851804256439,0.0024694539606571198,0.9997814297676086,0.36512845754623413,0.5866247415542603,0.00908859632909298,0.9973957538604736,0.40917110443115234,0.5978307127952576,0.03865372762084007,0.9890245199203491,0.36296290159225464,0.7443540692329407,0.022797545418143272,0.992729663848877,0.4065273404121399,0.7609941363334656,0.05190863087773323,0.9840092062950134,0.3643691837787628,0.7697829604148865,0.023486735299229622,0.993539571762085,0.40380287170410156,0.7878182530403137,0.052777279168367386,0.9841723442077637,0.36255913972854614,0.7765309810638428,-0.016075056046247482,0.8850730061531067,0.41173791885375977,0.7771570682525635,0.015318358317017555,0.852241575717926
76,walk,0.39781898260116577,0.15287071466445923,0.1670723259449005,0.999836266040802,0.3949340283870697,0.14140570163726807,0.1386307179927826,0.999802827835083,0.392453670501709,0.14055141806602478,0.13863956928253174,0.999828577041626,0.3899621069431305,0.13980497419834137,0.13864387571811676,0.9997978806495667,0.40204277634620667,0.14308293163776398,0.13996362686157227,0.9998098611831665,0.4044014513492584,0.1431823968887329,0.13998888432979584,0.9998351335525513,0.40692391991615295,0.14336028695106506,0.1399393230676651,0.9997919797897339,0.3840622901916504,0.1448487788438797,0.034952495247125626,0.9998257160186768,0.4085589051246643,0.14928828179836273,0.039097391068935394,0.9997859597206116,0.39344003796577454,0.16221268475055695,0.13508430123329163,0.9998162984848022,0.4007743299007416,0.16383253037929535,0.13613738119602203,0.999821126461029,0.34817609190940857,0.21676228940486908,-0.026048049330711365,0.9998940825462341,0.42881956696510315,0.2333274781703949,-0.003950278274714947,0.9999072551727295,0.3303299844264984,0.33255457878112793,-0.038716066628694534,0.9369109869003296,0.44293633103370667,0.3552815020084381,-0.025626126676797867,0.9871209859848022,0.33613258600234985,0.43782907724380493,-0.020583849400281906,0.5043243765830994,0.44380292296409607,0.4542567729949951,-0.029229100793600082,0.8888921141624451,0.3353467881679535,0.46296724677085876,-0.0238196961581707,0.3960687518119812,0.4446825385093689,0.48042958974838257,-0.031836651265621185,0.8059247136116028,0.34112438559532166,0.4595489799976349,-0.025676926597952843,0.3806707561016083,0.4396802484989166,0.4801163971424103,-0.033691707998514175,0.7955350279808044,0.3437177836894989,0.45121341943740845,-0.020506396889686584,0.3455289602279663,0.4371466040611267,0.4725535809993744,-0.029501210898160934,0.7246690392494202,0.36492007970809937,0.44175752997398376,-0.01189311221241951,0.9998791217803955,0.4069252610206604,0.44180789589881897,0.01175930816680193,0.9997716546058655,0.3677966594696045,0.5880535244941711,0.00615906435996294,0.9973597526550293,0.40952157974243164,0.5980288982391357,0.04566039890050888,0.9894440770149231,0.36817267537117004,0.7451061010360718,0.0397009402513504,0.9927054643630981,0.4065607190132141,0.7607454061508179,0.05958177521824837,0.9847013354301453,0.37047991156578064,0.7704411149024963,0.04269473999738693,0.9934729337692261,0.403597891330719,0.7875009179115295,0.06092182919383049,0.984719455242157,0.3636728823184967,0.7810328006744385,0.0074825286865234375,0.8860012888908386,0.41172704100608826,0.7771190404891968,0.03314026817679405,0.8554702997207642
77,walk,0.3992254137992859,0.1545189619064331,0.1708994060754776,0.999838650226593,0.396377295255661,0.14376574754714966,0.1423574984073639,0.9998040795326233,0.39394238591194153,0.1430126130580902,0.14237138628959656,0.9998300671577454,0.39148586988449097,0.14236190915107727,0.14237365126609802,0.9997985363006592,0.4033791124820709,0.1452511101961136,0.14371386170387268,0.9998111128807068,0.4056960642337799,0.14532476663589478,0.14374083280563354,0.9998364448547363,0.4081568121910095,0.14548157155513763,0.14369234442710876,0.9997921586036682,0.3855668008327484,0.1472240388393402,0.03818941488862038,0.9998277425765991,0.4098801016807556,0.15131494402885437,0.043653976172208786,0.9997845888137817,0.3949488699436188,0.16381584107875824,0.13878963887691498,0.9998194575309753,0.40227365493774414,0.16524602472782135,0.13983143866062164,0.9998248815536499,0.3502069413661957,0.2175760418176651,-0.02680022083222866,0.9998952746391296,0.4296543002128601,0.2336321920156479,0.011535042896866798,0.9999028444290161,0.33156996965408325,0.33217185735702515,-0.03731478005647659,0.9413136839866638,0.44424277544021606,0.3553881347179413,-0.004231427330523729,0.9868718981742859,0.33715492486953735,0.4383220374584198,-0.01691141352057457,0.5312440991401672,0.4453313946723938,0.45425131916999817,-0.011651022359728813,0.8870984315872192,0.3363822400569916,0.4631292521953583,-0.020885994657874107,0.4201260507106781,0.44613999128341675,0.47950130701065063,-0.012991215102374554,0.8039525151252747,0.34133124351501465,0.45995619893074036,-0.022388499230146408,0.4048466682434082,0.44118452072143555,0.47946697473526,-0.015111347660422325,0.7932852506637573,0.3439711332321167,0.4521784484386444,-0.016650943085551262,0.3671092391014099,0.4386932849884033,0.4723901152610779,-0.012021543458104134,0.7218677401542664,0.36636465787887573,0.43830347061157227,-0.02059110999107361,0.9998683929443359,0.40841469168663025,0.43871137499809265,0.02048417553305626,0.9997618794441223,0.3713153004646301,0.586268424987793,0.0022025248035788536,0.9973943829536438,0.41094011068344116,0.5972509384155273,0.055661629885435104,0.9897833466529846,0.37407663464546204,0.7458512187004089,0.0328250452876091,0.9927839636802673,0.4066907465457916,0.760530412197113,0.08090981096029282,0.9852418899536133,0.37541723251342773,0.7706314325332642,0.03605496138334274,0.9935270547866821,0.40356025099754333,0.7874687910079956,0.08241899311542511,0.985110878944397,0.36625540256500244,0.7787760496139526,0.0005217388388700783,0.887546956539154,0.4117206037044525,0.7768442034721375,0.04745645076036453,0.8569347858428955
78,walk,0.40072593092918396,0.15659110248088837,0.17280998826026917,0.9998437166213989,0.3977819085121155,0.14602531492710114,0.14443382620811462,0.9998080134391785,0.39533814787864685,0.14520853757858276,0.14444823563098907,0.9998345375061035,0.3928377628326416,0.14449021220207214,0.14445003867149353,0.9998024702072144,0.4048744738101959,0.14752042293548584,0.14551576972007751,0.9998156428337097,0.4071975350379944,0.14758314192295074,0.14554312825202942,0.9998406767845154,0.40965762734413147,0.1477172076702118,0.14549556374549866,0.9997951984405518,0.3868575394153595,0.14866814017295837,0.04047407954931259,0.9998330473899841,0.4112577438354492,0.15313251316547394,0.04579267278313637,0.9997881650924683,0.3964671790599823,0.1656305342912674,0.14098258316516876,0.9998263120651245,0.40379348397254944,0.1670181155204773,0.14162126183509827,0.999832034111023,0.35123956203460693,0.21856679022312164,-0.02264421619474888,0.9998977184295654,0.4304850697517395,0.23479491472244263,0.013422058895230293,0.9999011158943176,0.3324875235557556,0.3320850133895874,-0.03177330642938614,0.9455143213272095,0.4449452757835388,0.35588979721069336,-0.00284357531927526,0.986784815788269,0.33785516023635864,0.43914031982421875,-0.010472764261066914,0.5576208233833313,0.4465029239654541,0.45426979660987854,-0.010692715644836426,0.8872954845428467,0.336954802274704,0.4638332724571228,-0.01404893584549427,0.44522395730018616,0.4471307694911957,0.47894567251205444,-0.012653428129851818,0.8051638007164001,0.34164804220199585,0.4606338143348694,-0.016115980222821236,0.4299032390117645,0.4421951174736023,0.4789830148220062,-0.014297318644821644,0.7944839596748352,0.344286173582077,0.45321977138519287,-0.010511544533073902,0.3900153338909149,0.43983888626098633,0.47224152088165283,-0.010912691242992878,0.7229600548744202,0.3678262531757355,0.43868815898895264,-0.01986047998070717,0.99986332654953,0.40945443511009216,0.438780814409256,0.019734052941203117,0.9997595548629761,0.37412795424461365,0.5882946848869324,0.010209089145064354,0.9974796175956726,0.410886287689209,0.5994521975517273,0.06514805555343628,0.9902984499931335,0.37681666016578674,0.7461614608764648,0.05549515411257744,0.9930100440979004,0.40669041872024536,0.7605936527252197,0.10149741172790527,0.9860115051269531,0.3765771985054016,0.771235466003418,0.060086481273174286,0.9937038421630859,0.4033326208591461,0.7889719009399414,0.10445646196603775,0.9858118891716003,0.37154996395111084,0.7705416083335876,0.029963389039039612,0.8898822665214539,0.41170772910118103,0.7745511531829834,0.07217714190483093,0.8598097562789917
79,walk,0.4017027020454407,0.15803664922714233,0.17370738089084625,0.9998484253883362,0.3987791836261749,0.14746370911598206,0.1455903947353363,0.9998117089271545,0.3963474631309509,0.14656434953212738,0.14560502767562866,0.9998382329940796,0.3938148617744446,0.14574070274829865,0.14560666680335999,0.9998060464859009,0.4058663845062256,0.1490824967622757,0.14649251103401184,0.9998202323913574,0.4081730246543884,0.14914505183696747,0.14651985466480255,0.9998444318771362,0.41060835123062134,0.14927804470062256,0.14647355675697327,0.9997985363006592,0.38782742619514465,0.1498720645904541,0.04352415353059769,0.9998372793197632,0.41212788224220276,0.15462931990623474,0.048476722091436386,0.9997921586036682,0.3975011706352234,0.16691991686820984,0.14218372106552124,0.9998327493667603,0.404763400554657,0.1683730036020279,0.1425960510969162,0.9998393654823303,0.35246190428733826,0.2204296588897705,-0.019662849605083466,0.9998986124992371,0.4313533306121826,0.23602822422981262,0.013040095567703247,0.9999012351036072,0.3337143659591675,0.3323049247264862,-0.026950905099511147,0.949242889881134,0.44602733850479126,0.3560492694377899,-0.003068742109462619,0.9869282245635986,0.33835604786872864,0.4406246244907379,-0.006701531354337931,0.5775732398033142,0.44795361161231995,0.45424318313598633,-0.01011253334581852,0.88753342628479,0.3376837968826294,0.4649171233177185,-0.009734504856169224,0.4630010724067688,0.44835519790649414,0.478617787361145,-0.012222935445606709,0.8059882521629333,0.3420454263687134,0.46181225776672363,-0.011628491804003716,0.4475882351398468,0.4436851441860199,0.4786433279514313,-0.01350087858736515,0.795290470123291,0.34457117319107056,0.454770028591156,-0.006201430223882198,0.4061201214790344,0.4413832128047943,0.4720630347728729,-0.010142571292817593,0.7238197326660156,0.36912527680397034,0.4391787648200989,-0.01776507869362831,0.9998515844345093,0.410107284784317,0.4390193223953247,0.01762976124882698,0.9997521042823792,0.3764664828777313,0.5894137620925903,0.021659191697835922,0.9974439144134521,0.41084402799606323,0.6041058897972107,0.06488968431949615,0.9906378984451294,0.3804229497909546,0.74344801902771,0.06929192692041397,0.992913007736206,0.4066433012485504,0.7607936263084412,0.0979132130742073,0.9865007996559143,0.37854665517807007,0.76832115650177,0.07412007451057434,0.9936502575874329,0.4030974805355072,0.7902833819389343,0.10085155069828033,0.9862992763519287,0.3767755627632141,0.7621267437934875,0.047077029943466187,0.8888363838195801,0.4117746949195862,0.7727203965187073,0.06845255941152573,0.860003650188446
80,walk,0.40218788385391235,0.16030049324035645,0.16625715792179108,0.999855101108551,0.39927560091018677,0.1497717946767807,0.13963887095451355,0.9998186826705933,0.39684969186782837,0.1488979607820511,0.13966432213783264,0.9998443722724915,0.3942878246307373,0.14809896051883698,0.1396675407886505,0.9998131990432739,0.4063134789466858,0.15123368799686432,0.1400097757577896,0.9998277425765991,0.4086415767669678,0.1512300670146942,0.14003083109855652,0.9998506307601929,0.41104617714881897,0.15123483538627625,0.13999874889850616,0.9998056292533875,0.3884260058403015,0.15214677155017853,0.04344213008880615,0.9998437762260437,0.41270193457603455,0.1565113663673401,0.04570220410823822,0.9997996687889099,0.39807403087615967,0.16904033720493317,0.13713636994361877,0.9998413324356079,0.4052092432975769,0.17047634720802307,0.13692991435527802,0.9998485445976257,0.3535575866699219,0.22272911667823792,-0.01770072989165783,0.9999004602432251,0.43193167448043823,0.23716029524803162,0.010899515822529793,0.9999023079872131,0.33474045991897583,0.33322155475616455,-0.02471052296459675,0.9528842568397522,0.44652992486953735,0.3560214936733246,-0.0047002690844237804,0.987185001373291,0.33877572417259216,0.44214871525764465,-0.0041117118671536446,0.5996023416519165,0.4489176869392395,0.4536525309085846,-0.012646223418414593,0.8886098265647888,0.33828675746917725,0.46656832098960876,-0.0068318285048007965,0.48363617062568665,0.4490291476249695,0.47788047790527344,-0.015125703997910023,0.8078685402870178,0.3423694670200348,0.4634782671928406,-0.009055824019014835,0.4681953191757202,0.4446280002593994,0.47767478227615356,-0.016519976779818535,0.7972623705863953,0.34474754333496094,0.45643150806427,-0.0035416267346590757,0.425222247838974,0.4424046576023102,0.47126325964927673,-0.012713827192783356,0.726202666759491,0.3700256943702698,0.43955230712890625,-0.017412681132555008,0.9998395442962646,0.4105257987976074,0.4393378794193268,0.017238542437553406,0.999742865562439,0.3785516619682312,0.5900180339813232,0.028299754485487938,0.9972823858261108,0.4107191562652588,0.6040464043617249,0.056909047067165375,0.9907275438308716,0.38327378034591675,0.7412758469581604,0.0770227238535881,0.992526113986969,0.40581220388412476,0.7603063583374023,0.09261815249919891,0.9866047501564026,0.3804941773414612,0.7651979327201843,0.08170562982559204,0.9933104515075684,0.40268245339393616,0.7902634739875793,0.09553708881139755,0.9864324331283569,0.37896519899368286,0.7548250555992126,0.054240114986896515,0.8867135047912598,0.41148942708969116,0.769903838634491,0.06068835407495499,0.8588091731071472
81,walk,0.4022635817527771,0.16437949240207672,0.16798946261405945,0.9998573660850525,0.39930158853530884,0.15335233509540558,0.14158396422863007,0.9998200535774231,0.39682844281196594,0.1524028778076172,0.14160679280757904,0.9998452067375183,0.39423027634620667,0.15155035257339478,0.1416095793247223,0.999814510345459,0.4063345491886139,0.15487328171730042,0.1415926069021225,0.9998306035995483,0.4087352752685547,0.1548767238855362,0.14161264896392822,0.9998522400856018,0.41115856170654297,0.15478047728538513,0.14157584309577942,0.9998073577880859,0.38866525888442993,0.15555958449840546,0.050772178918123245,0.9998423457145691,0.41285234689712524,0.15960155427455902,0.04616769775748253,0.9998007416725159,0.39818358421325684,0.17260921001434326,0.13883526623249054,0.9998451471328735,0.405226469039917,0.17435218393802643,0.1384413093328476,0.9998539090156555,0.35425999760627747,0.22501727938652039,-0.0022827403154224157,0.9998998045921326,0.4322703778743744,0.23801885545253754,0.009744474664330482,0.9999030232429504,0.33597680926322937,0.3332750201225281,-0.009284724481403828,0.956004798412323,0.4467981457710266,0.35599035024642944,-0.005194281227886677,0.9874903559684753,0.3400624990463257,0.4420609772205353,0.009724020957946777,0.6154494881629944,0.4494306147098541,0.4528060853481293,-0.014502030797302723,0.8874215483665466,0.33964425325393677,0.4672349691390991,0.007785349152982235,0.49718141555786133,0.4492088854312897,0.47727447748184204,-0.017379650846123695,0.8063939809799194,0.3432771563529968,0.4642205238342285,0.004226013086736202,0.48174524307250977,0.44503068923950195,0.4769648313522339,-0.018511740490794182,0.7957260012626648,0.34556108713150024,0.4569001793861389,0.009222651831805706,0.43753933906555176,0.4429902136325836,0.4705628752708435,-0.014290179125964642,0.7240822315216064,0.37094059586524963,0.4389874339103699,-0.008684621192514896,0.9998156428337097,0.4112192988395691,0.43904799222946167,0.008568448945879936,0.9997284412384033,0.38032275438308716,0.5873560309410095,0.03786354139447212,0.9969624876976013,0.4110398292541504,0.6027678847312927,0.03515157848596573,0.990825891494751,0.38595134019851685,0.737031102180481,0.08713804185390472,0.9918914437294006,0.4052314758300781,0.7583809494972229,0.062199078500270844,0.9866492748260498,0.38231417536735535,0.7604086399078369,0.09161100536584854,0.992802083492279,0.40222662687301636,0.7891733050346375,0.06387005746364594,0.9864190220832825,0.38508135080337524,0.7484098076820374,0.06294036656618118,0.8836000561714172,0.4111107885837555,0.768609344959259,0.02541123330593109,0.8579466342926025
82,walk,0.4028419852256775,0.16779650747776031,0.15985926985740662,0.9998598098754883,0.39986395835876465,0.15659694373607635,0.1350060999393463,0.9998213052749634,0.39741113781929016,0.15563075244426727,0.13503192365169525,0.9998459815979004,0.3948180079460144,0.15472982823848724,0.1350366473197937,0.9998157024383545,0.4067886769771576,0.157998725771904,0.13385602831840515,0.9998331665992737,0.4091523587703705,0.1579643338918686,0.13386808335781097,0.9998534321784973,0.41152435541152954,0.1577976793050766,0.13382527232170105,0.9998088479042053,0.38935649394989014,0.1585441678762436,0.04833793640136719,0.9998412728309631,0.41315406560897827,0.16225261986255646,0.04092826694250107,0.99980229139328,0.3989282548427582,0.1758023500442505,0.1331159621477127,0.9998492002487183,0.4057621359825134,0.17737233638763428,0.1311454176902771,0.9998595118522644,0.3551318645477295,0.2274385392665863,-0.0034671996254473925,0.9998984336853027,0.4325111508369446,0.2389390915632248,0.0026696219574660063,0.9999046921730042,0.3370266258716583,0.334366112947464,-0.009436273016035557,0.9586321711540222,0.44700759649276733,0.3565574288368225,-0.005766456946730614,0.9877898097038269,0.3407164514064789,0.4427666962146759,0.011171207763254642,0.6286323666572571,0.45013928413391113,0.45253974199295044,-0.009257370606064796,0.885840117931366,0.34042274951934814,0.4681943356990814,0.009978094138205051,0.5086015462875366,0.44978833198547363,0.4769684970378876,-0.010283013805747032,0.804413378238678,0.34407132863998413,0.4650818705558777,0.006237148307263851,0.4929925203323364,0.44583335518836975,0.47668540477752686,-0.011415458284318447,0.7937633991241455,0.3462502062320709,0.45760101079940796,0.010606225579977036,0.44755929708480835,0.4439162611961365,0.47022706270217896,-0.008658519014716148,0.7221285700798035,0.3721795678138733,0.43920162320137024,-0.0037603029049932957,0.9997961521148682,0.4121311604976654,0.43913501501083374,0.003637464717030525,0.9997212886810303,0.38233160972595215,0.5855697393417358,0.05145028233528137,0.9965659379959106,0.41206470131874084,0.6027423143386841,0.03565119951963425,0.990943968296051,0.3859884440898895,0.728519082069397,0.10821948945522308,0.9911657571792603,0.405266135931015,0.7564637064933777,0.06390272080898285,0.9866442680358887,0.3822965621948242,0.7510547041893005,0.11372604221105576,0.9920998215675354,0.40223583579063416,0.7866615056991577,0.0660872608423233,0.9863637685775757,0.3877720236778259,0.7394126057624817,0.09008295834064484,0.880257785320282,0.41108402609825134,0.7671657800674438,0.031467143446207047,0.8572506308555603
83,walk,0.40288347005844116,0.16981931030750275,0.15234526991844177,0.9998618960380554,0.3998081386089325,0.15848548710346222,0.12796542048454285,0.9998217821121216,0.3973469138145447,0.15757037699222565,0.1279878467321396,0.9998460412025452,0.3947870135307312,0.15671615302562714,0.12799309194087982,0.9998158812522888,0.4067513346672058,0.1598861962556839,0.12680691480636597,0.9998350143432617,0.4091807007789612,0.15989038348197937,0.1268126219511032,0.9998540878295898,0.4115552306175232,0.15972422063350677,0.1267615556716919,0.999809741973877,0.38941970467567444,0.16069334745407104,0.041926104575395584,0.9998397827148438,0.4132249355316162,0.16416440904140472,0.03524114191532135,0.9998032450675964,0.39908653497695923,0.17796000838279724,0.12609100341796875,0.9998526573181152,0.4058672785758972,0.1796034723520279,0.1240747794508934,0.9998642802238464,0.355682909488678,0.22909078001976013,-0.005175495520234108,0.9998971819877625,0.4325246214866638,0.23974289000034332,-0.002103387610986829,0.999906599521637,0.33816176652908325,0.33496251702308655,-0.00988737866282463,0.960746705532074,0.44706034660339355,0.356619268655777,-0.006017976440489292,0.9878939390182495,0.34169673919677734,0.4441039264202118,0.00970680546015501,0.6423555612564087,0.4504151940345764,0.4522975981235504,-0.004651240073144436,0.8847751021385193,0.34131839871406555,0.46958500146865845,0.008052987977862358,0.5211032032966614,0.450161874294281,0.4766804277896881,-0.005025752354413271,0.8033779263496399,0.34499818086624146,0.4662846028804779,0.00463087996467948,0.5052302479743958,0.44631481170654297,0.47656190395355225,-0.006434010807424784,0.7927449941635132,0.34712105989456177,0.45878949761390686,0.009204781614243984,0.4585230052471161,0.4444333016872406,0.4700559973716736,-0.004050415474921465,0.7214810848236084,0.3730953633785248,0.43926358222961426,-0.002723843092098832,0.9997828602790833,0.41278186440467834,0.43919119238853455,0.0025795619003474712,0.9997203350067139,0.38338330388069153,0.5838819146156311,0.06085609644651413,0.9960961937904358,0.4124654233455658,0.6007627248764038,0.03983139991760254,0.9909365773200989,0.3867758810520172,0.7203818559646606,0.12698279321193695,0.9902021884918213,0.4055933952331543,0.7552377581596375,0.0698329359292984,0.9864194393157959,0.3828524947166443,0.7418767213821411,0.13354703783988953,0.9910669922828674,0.40242108702659607,0.7859494686126709,0.07218103855848312,0.9860997796058655,0.38911035656929016,0.7300774455070496,0.11086662858724594,0.875701904296875,0.4110872745513916,0.7635988593101501,0.038193218410015106,0.8553119897842407
84,walk,0.4027160108089447,0.17254680395126343,0.14311102032661438,0.9998639225959778,0.39964208006858826,0.16132386028766632,0.11899973452091217,0.9998222589492798,0.3971942067146301,0.160549595952034,0.1190204843878746,0.9998458623886108,0.3946892321109772,0.15980546176433563,0.11902554333209991,0.9998161792755127,0.406536340713501,0.16243082284927368,0.11771506071090698,0.9998363852500916,0.4090067744255066,0.16236761212348938,0.11771823465824127,0.9998538494110107,0.4113991856575012,0.16215699911117554,0.11766161769628525,0.999809741973877,0.3895370066165924,0.16377080976963043,0.03345225751399994,0.9998387098312378,0.4131234586238861,0.1663370281457901,0.026754284277558327,0.999803900718689,0.39891737699508667,0.18064679205417633,0.11725132167339325,0.9998565316200256,0.4057159423828125,0.18202798068523407,0.11511963605880737,0.9998689293861389,0.35627833008766174,0.23134563863277435,-0.010759555734694004,0.9998967051506042,0.4327794909477234,0.24146738648414612,-0.01067621074616909,0.9999087452888489,0.3394814431667328,0.33747491240501404,-0.014824469573795795,0.9627012014389038,0.44731467962265015,0.358184814453125,-0.01117967814207077,0.9880825281143188,0.3428824841976166,0.44553548097610474,0.006004386581480503,0.6555938124656677,0.45065420866012573,0.4522389769554138,0.0006109268288128078,0.884462296962738,0.3425457179546356,0.47082701325416565,0.004637951496988535,0.5331687927246094,0.45063239336013794,0.47663310170173645,0.0013900480698794127,0.8030517101287842,0.34639856219291687,0.4677160382270813,0.0008986335014924407,0.5169471502304077,0.44677767157554626,0.4766193926334381,-0.00043313237256370485,0.7923605442047119,0.34850114583969116,0.4601677358150482,0.005377414170652628,0.4694560170173645,0.4446956515312195,0.4700753390789032,0.001215598313137889,0.7220537662506104,0.3744874596595764,0.4401404857635498,-0.0010556622873991728,0.999774694442749,0.4140433371067047,0.4399009346961975,0.0009011132642626762,0.999722957611084,0.3845233917236328,0.583475649356842,0.07486848533153534,0.9954559803009033,0.4125994145870209,0.6010286211967468,0.04131806641817093,0.9906308650970459,0.38695836067199707,0.7162322402000427,0.15317320823669434,0.988890528678894,0.40579405426979065,0.7552396059036255,0.07961060106754303,0.985766589641571,0.3832757771015167,0.7367851138114929,0.16105572879314423,0.9895187020301819,0.40254339575767517,0.785968542098999,0.08318360149860382,0.985522985458374,0.3898043930530548,0.7251458168029785,0.14045068621635437,0.8705081343650818,0.4114682078361511,0.7629709243774414,0.049999404698610306,0.8518151640892029
85,walk,0.40233319997787476,0.17368847131729126,0.12935605645179749,0.9998664855957031,0.3992767333984375,0.16287454962730408,0.10510190576314926,0.9998224377632141,0.3968408703804016,0.16220083832740784,0.10511897504329681,0.9998454451560974,0.3943595290184021,0.16155143082141876,0.10512375831604004,0.9998167157173157,0.4061746597290039,0.16375732421875,0.10484210401773453,0.9998372793197632,0.40863877534866333,0.1636870950460434,0.10484925657510757,0.9998533129692078,0.41105660796165466,0.1635119765996933,0.10479485988616943,0.9998093843460083,0.38933637738227844,0.16556686162948608,0.019574321806430817,0.9998375773429871,0.41289806365966797,0.16795611381530762,0.01766057498753071,0.9998014569282532,0.39848893880844116,0.18193084001541138,0.10358011722564697,0.9998602271080017,0.4053419232368469,0.18333092331886292,0.10277608782052994,0.9998727440834045,0.35697710514068604,0.23353351652622223,-0.02325034886598587,0.9998961091041565,0.43315473198890686,0.24308077991008759,-0.015908189117908478,0.999910295009613,0.34047192335128784,0.3406599164009094,-0.024072812870144844,0.9644564986228943,0.44751888513565063,0.35998040437698364,-0.018873054534196854,0.9882402420043945,0.3442305624485016,0.4471862316131592,0.0009339951793663204,0.671265184879303,0.4503146708011627,0.45346739888191223,-0.006414636969566345,0.8867563009262085,0.34384816884994507,0.47235897183418274,-5.38996173418127e-05,0.5488743782043457,0.4505796432495117,0.4777876138687134,-0.00550649780780077,0.8065933585166931,0.34789976477622986,0.4693277180194855,-0.00419027591124177,0.5323284864425659,0.44668498635292053,0.4782257080078125,-0.009317347779870033,0.7957584261894226,0.35009899735450745,0.4615379273891449,0.00030719954520463943,0.48410743474960327,0.444547563791275,0.4710920453071594,-0.006764688994735479,0.7263112664222717,0.3755127489566803,0.4404563903808594,-0.0015983212506398559,0.9997660517692566,0.41487425565719604,0.44025200605392456,0.0014384372625499964,0.9997236132621765,0.3855411112308502,0.5822086930274963,0.07377035170793533,0.994689404964447,0.413147509098053,0.5998077392578125,0.041846759617328644,0.9902881383895874,0.38832467794418335,0.7138465046882629,0.15418142080307007,0.9876570701599121,0.40591961145401,0.7552738785743713,0.08155272901058197,0.9852665662765503,0.3850967586040497,0.7360281944274902,0.1619451344013214,0.9880149960517883,0.40257278084754944,0.7859914898872375,0.08485659211874008,0.9849876165390015,0.39209580421447754,0.7244728803634644,0.13867485523223877,0.8678794503211975,0.41186994314193726,0.7622590065002441,0.050486885011196136,0.8510522246360779
86,walk,0.40214619040489197,0.1748531609773636,0.12745344638824463,0.9998655319213867,0.3990974724292755,0.16395406424999237,0.10348000377416611,0.9998177289962769,0.39668038487434387,0.16327661275863647,0.1034943237900734,0.9998403787612915,0.3942251205444336,0.16265353560447693,0.10349790006875992,0.9998127818107605,0.405951589345932,0.16495133936405182,0.1028461679816246,0.9998337626457214,0.40841203927993774,0.16494669020175934,0.10285584628582001,0.9998478889465332,0.41084617376327515,0.1648482382297516,0.1027987003326416,0.9998030662536621,0.3892960250377655,0.16713710129261017,0.018597757443785667,0.999830424785614,0.4127323627471924,0.16942575573921204,0.015422115102410316,0.9997919797897339,0.39830270409584045,0.18340516090393066,0.1020180806517601,0.9998611211776733,0.40518325567245483,0.1847630888223648,0.10078828036785126,0.9998737573623657,0.3574446141719818,0.23566626012325287,-0.021776121109724045,0.999894917011261,0.43327173590660095,0.24564149975776672,-0.01963791809976101,0.9999118447303772,0.34168320894241333,0.34339240193367004,-0.022801481187343597,0.965880274772644,0.44748884439468384,0.36320608854293823,-0.0235651396214962,0.9884037375450134,0.346253901720047,0.4477863013744354,0.000931460119318217,0.6850882768630981,0.4499678611755371,0.455325186252594,-0.011440342292189598,0.8895845413208008,0.34587615728378296,0.47334542870521545,-1.1809380339400377e-05,0.5629873275756836,0.450456440448761,0.48047637939453125,-0.011554263532161713,0.8110486268997192,0.34988683462142944,0.4707249104976654,-0.004563523456454277,0.5462268590927124,0.44641026854515076,0.48144012689590454,-0.015364480204880238,0.8000385761260986,0.3521137833595276,0.46269458532333374,8.037408406380564e-05,0.49762511253356934,0.44417518377304077,0.4735925793647766,-0.012004256248474121,0.7312373518943787,0.3762678802013397,0.4405020475387573,0.0024360918905586004,0.9997515678405762,0.4153980612754822,0.44026756286621094,-0.0026168690528720617,0.9997217655181885,0.3865644633769989,0.5809463262557983,0.08076993376016617,0.9935814142227173,0.4133378863334656,0.5996778011322021,0.039242446422576904,0.9899642467498779,0.3898656368255615,0.7138370275497437,0.16616153717041016,0.9859570264816284,0.4061307907104492,0.7553681135177612,0.07470397651195526,0.9847927689552307,0.3869698941707611,0.7350481748580933,0.1742452085018158,0.9860705137252808,0.40303143858909607,0.7859202027320862,0.07724327594041824,0.984395444393158,0.3947519361972809,0.722554087638855,0.1496615707874298,0.8642172813415527,0.4128023087978363,0.7627007961273193,0.03866392746567726,0.8506148457527161
87,walk,0.4019874036312103,0.17679114639759064,0.11127134412527084,0.9998617768287659,0.39893317222595215,0.1660315990447998,0.08752554655075073,0.9998093843460083,0.39651480317115784,0.16536453366279602,0.08753564208745956,0.9998312592506409,0.3940618634223938,0.1647338718175888,0.08753733336925507,0.9998044967651367,0.4058511257171631,0.1670575886964798,0.0872577577829361,0.9998257160186768,0.40834110975265503,0.16706006228923798,0.08726900070905685,0.9998372793197632,0.4107462763786316,0.16698013246059418,0.08721665292978287,0.9997907280921936,0.3891608417034149,0.1692795604467392,0.003948472905904055,0.999821126461029,0.4125658869743347,0.17157158255577087,0.0023432301823049784,0.9997776746749878,0.3981139361858368,0.18529565632343292,0.08621864765882492,0.9998605847358704,0.4050179421901703,0.18672442436218262,0.08556266129016876,0.9998732805252075,0.35802438855171204,0.23869208991527557,-0.0312957689166069,0.9998918771743774,0.4334544539451599,0.24922221899032593,-0.02978244423866272,0.9999111890792847,0.3428327441215515,0.3481733202934265,-0.028784628957509995,0.9665372967720032,0.44756418466567993,0.3672877550125122,-0.033261846750974655,0.9883614182472229,0.347618043422699,0.45057424902915955,-0.006860143039375544,0.6983171701431274,0.4497586786746979,0.45945078134536743,-0.02071162313222885,0.8935608267784119,0.34726884961128235,0.47574523091316223,-0.007424640469253063,0.577552318572998,0.4505150318145752,0.4841901659965515,-0.021005623042583466,0.8175884485244751,0.351636677980423,0.47378528118133545,-0.012802043929696083,0.5605813264846802,0.4462605118751526,0.4850441515445709,-0.02491801604628563,0.8063870668411255,0.3539868891239166,0.4655703604221344,-0.008035808801651001,0.5118540525436401,0.4440038204193115,0.4769318103790283,-0.021527815610170364,0.7390620708465576,0.37760740518569946,0.4436320960521698,0.0023682392202317715,0.9997331500053406,0.41614437103271484,0.442823588848114,-0.0025342395529150963,0.9997068643569946,0.38800638914108276,0.5815003514289856,0.07955659925937653,0.9920210838317871,0.41363129019737244,0.603136420249939,0.043265946209430695,0.9886670112609863,0.3922659158706665,0.7142975926399231,0.16762328147888184,0.9839138984680176,0.4062487483024597,0.755442202091217,0.09238950163125992,0.9835804104804993,0.3901667296886444,0.734318733215332,0.17572897672653198,0.9836077690124512,0.403780072927475,0.7849786281585693,0.09632943570613861,0.9829689860343933,0.39626699686050415,0.7261065244674683,0.15124870836734772,0.8623417615890503,0.4125465750694275,0.7641208171844482,0.058850497007369995,0.8495473861694336
88,walk,0.4018610417842865,0.17966264486312866,0.10444382578134537,0.9998589754104614,0.3988126516342163,0.16898608207702637,0.08098004013299942,0.9998019933700562,0.3963964581489563,0.16827954351902008,0.08099208027124405,0.9998235106468201,0.3939443826675415,0.16756807267665863,0.08099475502967834,0.999796986579895,0.4057411551475525,0.1701056808233261,0.08047698438167572,0.9998188018798828,0.4082499146461487,0.17015768587589264,0.08048727363348007,0.9998285174369812,0.4106440544128418,0.1701122522354126,0.08043638616800308,0.9997803568840027,0.38901859521865845,0.17179101705551147,-0.001427341252565384,0.9998114109039307,0.4124552607536316,0.17455776035785675,-0.004068261012434959,0.9997660517692566,0.3979848027229309,0.18792051076889038,0.07989883422851562,0.9998597502708435,0.40489253401756287,0.1896483302116394,0.07892369478940964,0.9998728036880493,0.35806041955947876,0.24126312136650085,-0.03486485779285431,0.999888002872467,0.43339863419532776,0.25059327483177185,-0.03542792424559593,0.9999111890792847,0.34357669949531555,0.35215917229652405,-0.030355174094438553,0.9663763642311096,0.4473816454410553,0.36827224493026733,-0.03772176057100296,0.9883723258972168,0.3486405313014984,0.45270949602127075,-0.010775920003652573,0.7077318429946899,0.44959887862205505,0.4617041349411011,-0.0251739714294672,0.8980762362480164,0.3486366868019104,0.4774633049964905,-0.011475522071123123,0.5885651111602783,0.45037373900413513,0.487021267414093,-0.02611086145043373,0.8251985907554626,0.3530987799167633,0.475606232881546,-0.017633730545639992,0.5713229775428772,0.44606566429138184,0.4881300926208496,-0.029957126826047897,0.813913106918335,0.3554299771785736,0.46740514039993286,-0.012309135869145393,0.5226103663444519,0.44381293654441833,0.4796493649482727,-0.025971192866563797,0.7482420802116394,0.37819021940231323,0.44476890563964844,0.0022825291380286217,0.9997187852859497,0.41646504402160645,0.44358572363853455,-0.0024516021367162466,0.9996967911720276,0.38961541652679443,0.5812916159629822,0.08031611144542694,0.9908145666122437,0.4135267734527588,0.6028079390525818,0.05088984966278076,0.9876927733421326,0.39260438084602356,0.7130974531173706,0.16997182369232178,0.9824778437614441,0.40631943941116333,0.7550813555717468,0.10533273220062256,0.9829206466674805,0.39077022671699524,0.7334359884262085,0.17831924557685852,0.9820268750190735,0.4042767882347107,0.7831224203109741,0.10996124893426895,0.9820366501808167,0.39659249782562256,0.7249259948730469,0.15350444614887238,0.8618914484977722,0.4119919240474701,0.7642289996147156,0.07321526855230331,0.8499717712402344
89,walk,0.40151944756507874,0.18094006180763245,0.11427463591098785,0.9998599886894226,0.3985695242881775,0.1705051064491272,0.09089235216379166,0.9997996687889099,0.3962177336215973,0.16981405019760132,0.09090141206979752,0.9998204112052917,0.3937569856643677,0.16913358867168427,0.09090538322925568,0.999794602394104,0.40529942512512207,0.17151738703250885,0.09042005985975266,0.9998183846473694,0.4076567590236664,0.1715257614850998,0.09043266624212265,0.9998267292976379,0.41007399559020996,0.17146021127700806,0.0903756394982338,0.9997789263725281,0.38897207379341125,0.17328877747058868,0.007261095102876425,0.9998062252998352,0.4123533368110657,0.1759641170501709,0.004689310677349567,0.9997608065605164,0.39777323603630066,0.1893618255853653,0.08918611705303192,0.9998597502708435,0.40469032526016235,0.19100505113601685,0.08819568157196045,0.9998738765716553,0.3580544590950012,0.2436063587665558,-0.03325160592794418,0.9998847246170044,0.4333653450012207,0.2513895332813263,-0.027555417269468307,0.9999117255210876,0.3441919684410095,0.3551405668258667,-0.031161034479737282,0.9665133953094482,0.4473380446434021,0.36806556582450867,-0.03264595940709114,0.9882951378822327,0.3504583239555359,0.4534668028354645,-0.012316779233515263,0.7156903743743896,0.4495328366756439,0.4617971181869507,-0.023378241807222366,0.9020837545394897,0.3505761921405792,0.4782482981681824,-0.013165471144020557,0.5975837707519531,0.4503646492958069,0.48725125193595886,-0.02423323132097721,0.8316289782524109,0.3550181984901428,0.476468563079834,-0.019295254722237587,0.5802232623100281,0.445967435836792,0.4885226786136627,-0.027401244267821312,0.8203232288360596,0.3574579060077667,0.46809878945350647,-0.013864864595234394,0.5317723751068115,0.4436708986759186,0.47989752888679504,-0.023896006867289543,0.7559675574302673,0.3787424862384796,0.4456435441970825,-0.0018119716551154852,0.9996909499168396,0.416806161403656,0.444057434797287,0.0016494563315063715,0.9996811151504517,0.3900247812271118,0.581179141998291,0.07172539085149765,0.990211546421051,0.41347426176071167,0.6027204990386963,0.050442904233932495,0.9868993163108826,0.3923381567001343,0.7139726281166077,0.1497211456298828,0.9815860390663147,0.40656906366348267,0.7550026774406433,0.09659956395626068,0.9823969602584839,0.3908035457134247,0.7333000898361206,0.1570029854774475,0.9808225035667419,0.40515559911727905,0.7828847169876099,0.09938150644302368,0.98110431432724,0.3954204320907593,0.7214451432228088,0.13198015093803406,0.8625485301017761,0.4110300540924072,0.7629120945930481,0.06009499356150627,0.8508551716804504
90,walk,0.40096044540405273,0.18266929686069489,0.10858829319477081,0.9998577237129211,0.39811843633651733,0.1724625527858734,0.08518920093774796,0.9997910261154175,0.39581936597824097,0.1717924028635025,0.08520001173019409,0.9998104572296143,0.3933333158493042,0.17115579545497894,0.08520908653736115,0.9997851252555847,0.40464407205581665,0.17337560653686523,0.08561889827251434,0.9998131394386292,0.40685778856277466,0.1733667552471161,0.08563302457332611,0.999819815158844,0.4091971814632416,0.1733047515153885,0.08557458221912384,0.9997718334197998,0.38874584436416626,0.175422802567482,0.0017562133725732565,0.9997919797897339,0.41196170449256897,0.17807070910930634,0.002949455287307501,0.9997453093528748,0.39737436175346375,0.19118759036064148,0.08328892290592194,0.9998552203178406,0.4042576849460602,0.19268934428691864,0.08348729461431503,0.9998713135719299,0.35838115215301514,0.24597954750061035,-0.04091427102684975,0.9998782873153687,0.4332582354545593,0.25381705164909363,-0.02455647476017475,0.9999102354049683,0.34536951780319214,0.3566141724586487,-0.03999397158622742,0.9662841558456421,0.44666537642478943,0.3684341311454773,-0.030397776514291763,0.9877650141716003,0.3515911102294922,0.45350155234336853,-0.02276267111301422,0.725110650062561,0.4492835998535156,0.46243155002593994,-0.022193538025021553,0.9050197601318359,0.35187244415283203,0.478264182806015,-0.023944159969687462,0.6083868145942688,0.4502803683280945,0.487998366355896,-0.02289489470422268,0.8366397023200989,0.35619717836380005,0.4764306843280792,-0.029487023130059242,0.5911951661109924,0.4458739161491394,0.4892420470714569,-0.0259108804166317,0.8252111077308655,0.35858261585235596,0.46808934211730957,-0.024023016914725304,0.5429866313934326,0.44358617067337036,0.48071712255477905,-0.022696103900671005,0.7617270946502686,0.37937819957733154,0.4462563693523407,-0.00663179624825716,0.9996273517608643,0.4171832501888275,0.44451823830604553,0.0064858971163630486,0.9996483325958252,0.39006510376930237,0.5804222226142883,0.06139963120222092,0.989037275314331,0.4134160876274109,0.600909948348999,0.03944305330514908,0.9852145910263062,0.3928603529930115,0.7139343023300171,0.1432463526725769,0.9800618886947632,0.4066391885280609,0.7548416256904602,0.06482012569904327,0.981187641620636,0.3917854428291321,0.7316040992736816,0.14988866448402405,0.9788401126861572,0.40589475631713867,0.7817090153694153,0.0655192881822586,0.979003369808197,0.39532560110092163,0.7213827967643738,0.12239190191030502,0.8632394671440125,0.40989357233047485,0.7629895806312561,0.024004634469747543,0.8509001731872559
91,walk,0.39961162209510803,0.18405237793922424,0.11669013649225235,0.9998595118522644,0.3969844579696655,0.1741117388010025,0.09214361011981964,0.9997918009757996,0.39476197957992554,0.17358613014221191,0.09215545654296875,0.9998103380203247,0.39232462644577026,0.17312465608119965,0.09215947985649109,0.9997866153717041,0.40304169058799744,0.17474053800106049,0.09267149865627289,0.9998148083686829,0.40512752532958984,0.17465487122535706,0.0926857590675354,0.9998200535774231,0.40735191106796265,0.17453792691230774,0.09263226389884949,0.9997730255126953,0.38810378313064575,0.17769713699817657,0.011045324616134167,0.9997888803482056,0.4106919765472412,0.17958936095237732,0.0040140217170119286,0.9997414946556091,0.396302729845047,0.19296906888484955,0.09021700918674469,0.9998555183410645,0.40299469232559204,0.194191575050354,0.09044603258371353,0.9998723864555359,0.35836392641067505,0.2491159588098526,-0.024667862802743912,0.9998746514320374,0.4327774941921234,0.255601167678833,-0.023273523896932602,0.9999095797538757,0.3452596068382263,0.3602903187274933,-0.02615615352988243,0.966974675655365,0.44568872451782227,0.36815178394317627,-0.029352445155382156,0.9877146482467651,0.3523687422275543,0.4539123475551605,-0.019090116024017334,0.7333186864852905,0.44854146242141724,0.4623176157474518,-0.01693178340792656,0.9067971706390381,0.3528081476688385,0.4783950746059418,-0.01941399648785591,0.6168990135192871,0.45026618242263794,0.4876580834388733,-0.01694786734879017,0.8390733599662781,0.3572363257408142,0.4767366051673889,-0.029124950990080833,0.5998198986053467,0.44571009278297424,0.48885679244995117,-0.019681770354509354,0.8274006247520447,0.35947972536087036,0.4683666527271271,-0.02292356640100479,0.5515100359916687,0.44334954023361206,0.48046746850013733,-0.017129765823483467,0.7637514472007751,0.37981751561164856,0.44646215438842773,-0.0030629001557826996,0.9995653629302979,0.4171544909477234,0.4446013867855072,0.002934233518317342,0.9996111392974854,0.3907460868358612,0.5802878737449646,0.056046582758426666,0.9880546927452087,0.4135200083255768,0.5993783473968506,0.020798150449991226,0.9845598340034485,0.39339008927345276,0.7149093747138977,0.12332644313573837,0.9786641001701355,0.4066299498081207,0.7547063231468201,0.03756757080554962,0.9804548025131226,0.3920069932937622,0.7337744832038879,0.128403440117836,0.9772912859916687,0.4060109257698059,0.7809461951255798,0.03746357560157776,0.9776487946510315,0.39558321237564087,0.7238082885742188,0.10034459829330444,0.861831545829773,0.4096962511539459,0.762843668460846,-0.005182928871363401,0.8503727316856384
92,walk,0.39842528104782104,0.18600086867809296,0.11924358457326889,0.9998599290847778,0.39585787057876587,0.1760493963956833,0.0957052931189537,0.9997900724411011,0.39367225766181946,0.17558209598064423,0.09571812301874161,0.9998074173927307,0.3912656605243683,0.1751822680234909,0.09572331607341766,0.9997855424880981,0.40156540274620056,0.17650721967220306,0.09553568810224533,0.9998143315315247,0.40354448556900024,0.1763455867767334,0.09554854035377502,0.9998177289962769,0.4056713581085205,0.1761736273765564,0.095491424202919,0.9997712969779968,0.38718849420547485,0.17973820865154266,0.01598043367266655,0.9997829794883728,0.4091905653476715,0.18137207627296448,0.00512255635112524,0.9997327327728271,0.3952295482158661,0.19513171911239624,0.09382887184619904,0.999854326248169,0.40171948075294495,0.19618600606918335,0.09319792687892914,0.9998717904090881,0.3583572506904602,0.2519271969795227,-0.019713271409273148,0.9998730421066284,0.4318026900291443,0.25684407353401184,-0.02315162681043148,0.999908983707428,0.3456990122795105,0.36225366592407227,-0.02259383723139763,0.9679206609725952,0.44424933195114136,0.3679547607898712,-0.02831077203154564,0.9877281785011292,0.353057324886322,0.45421329140663147,-0.015563723631203175,0.7439996600151062,0.4476405680179596,0.4626339077949524,-0.015962721779942513,0.9098169803619385,0.35337233543395996,0.4789591133594513,-0.0161884818226099,0.6282022595405579,0.4498235583305359,0.48767831921577454,-0.016124747693538666,0.843401312828064,0.35775431990623474,0.47761616110801697,-0.02351934090256691,0.6115010976791382,0.4452265202999115,0.4888579547405243,-0.01868249475955963,0.8316091299057007,0.3599848449230194,0.46886757016181946,-0.017977438867092133,0.5632568001747131,0.4428965151309967,0.4806263744831085,-0.016111234202980995,0.7684260606765747,0.38026610016822815,0.44719216227531433,-0.0027193252462893724,0.999477744102478,0.4171319603919983,0.445201575756073,0.002599397674202919,0.9995530843734741,0.3914288282394409,0.5804222226142883,0.047362808138132095,0.986550509929657,0.41359743475914,0.5991893410682678,0.016255762428045273,0.9828909635543823,0.3947029411792755,0.7174833416938782,0.10742737352848053,0.9767017960548401,0.40651288628578186,0.7547133564949036,0.03360162675380707,0.9787927865982056,0.3939591348171234,0.7346974611282349,0.1118326336145401,0.9751870036125183,0.40605250000953674,0.7802298069000244,0.03330506756901741,0.974971354007721,0.3966073989868164,0.7240853309631348,0.08206862211227417,0.8613725304603577,0.4090549349784851,0.7629032731056213,-0.011276672594249249,0.8490992188453674
93,walk,0.39732837677001953,0.18876773118972778,0.11932744830846786,0.9998582005500793,0.394733190536499,0.17904074490070343,0.09655322879552841,0.9997850656509399,0.3925320506095886,0.17871777713298798,0.0965658500790596,0.9998014569282532,0.39013800024986267,0.1784687638282776,0.0965728834271431,0.99978107213974,0.400202214717865,0.17931582033634186,0.09587804973125458,0.9998102188110352,0.40210437774658203,0.1790936291217804,0.09589018672704697,0.9998118877410889,0.4041661322116852,0.1788807064294815,0.0958293005824089,0.9997650980949402,0.38605111837387085,0.18305125832557678,0.016270557418465614,0.9997724890708923,0.40784820914268494,0.1840503215789795,0.008105119690299034,0.9997179508209229,0.39416027069091797,0.197963148355484,0.094691701233387,0.9998515844345093,0.4005352556705475,0.19884376227855682,0.09349198639392853,0.9998692870140076,0.3582954406738281,0.2546096444129944,-0.01760665886104107,0.9998707175254822,0.43066874146461487,0.2585367262363434,-0.02345435693860054,0.9999079704284668,0.3456420302391052,0.3649875223636627,-0.01957755908370018,0.9684886336326599,0.44297242164611816,0.368291974067688,-0.027830809354782104,0.9877978563308716,0.35350728034973145,0.4554806649684906,-0.014784365892410278,0.7543190121650696,0.4467329978942871,0.4635310769081116,-0.015963537618517876,0.9127135872840881,0.354021817445755,0.4799462556838989,-0.015805063769221306,0.6396195888519287,0.4489738345146179,0.4877379238605499,-0.01615842804312706,0.8476344347000122,0.35831087827682495,0.47881656885147095,-0.021699517965316772,0.6232618093490601,0.44435662031173706,0.4889432191848755,-0.01873837597668171,0.835758626461029,0.3603406548500061,0.4700164496898651,-0.016290519386529922,0.5746511220932007,0.4421454966068268,0.4808308780193329,-0.016126979142427444,0.77304607629776,0.38020262122154236,0.4495404064655304,0.0006396436947397888,0.9994120001792908,0.41707807779312134,0.44720661640167236,-0.0007530899019911885,0.9995102882385254,0.39168673753738403,0.581303060054779,0.04883931949734688,0.9849023818969727,0.41362056136131287,0.5995059609413147,0.012521514669060707,0.9818956851959229,0.3950381278991699,0.7191210389137268,0.11056959629058838,0.9747669696807861,0.40651100873947144,0.7547255754470825,0.029297277331352234,0.9777966141700745,0.3939523994922638,0.7352469563484192,0.11521055549383163,0.9729747772216797,0.40601301193237305,0.7799997925758362,0.02895055152475834,0.9730209708213806,0.3975549340248108,0.726502537727356,0.08582019805908203,0.8601617813110352,0.4090990424156189,0.7630161643028259,-0.015456448309123516,0.8491463661193848
94,walk,0.39623376727104187,0.18998004496097565,0.11868007481098175,0.9998555183410645,0.39339277148246765,0.18021297454833984,0.0962560698390007,0.9997783303260803,0.3911457061767578,0.17991115152835846,0.09626990556716919,0.9997938871383667,0.3887196183204651,0.17970460653305054,0.09627886116504669,0.9997746348381042,0.3988451361656189,0.18046791851520538,0.09550608694553375,0.9998050928115845,0.4006279408931732,0.18020088970661163,0.09551753848791122,0.9998053312301636,0.4025762975215912,0.17994791269302368,0.09545291215181351,0.9997578859329224,0.38456106185913086,0.18451377749443054,0.016455234959721565,0.9997591972351074,0.40653300285339355,0.1852552890777588,0.009765231981873512,0.9997003078460693,0.3930559456348419,0.19948509335517883,0.09440205991268158,0.9998469352722168,0.39939457178115845,0.20014269649982452,0.09311531484127045,0.9998652338981628,0.35821035504341125,0.2566728889942169,-0.018472978845238686,0.9998675584793091,0.42923372983932495,0.25893986225128174,-0.022664636373519897,0.9999064207077026,0.3456592559814453,0.36660775542259216,-0.020245617255568504,0.968540370464325,0.44156113266944885,0.36844033002853394,-0.027313798666000366,0.987567663192749,0.3538043200969696,0.45631587505340576,-0.013339290395379066,0.7619383335113525,0.4457581639289856,0.4635438621044159,-0.015974046662449837,0.9145565629005432,0.3544415235519409,0.4805595278739929,-0.014531631954014301,0.6476885676383972,0.4477055072784424,0.4876098334789276,-0.016190318390727043,0.850433886051178,0.3586699664592743,0.479360967874527,-0.02038719318807125,0.6316085457801819,0.4435822069644928,0.48878997564315796,-0.01878168061375618,0.8383661508560181,0.36057478189468384,0.47052884101867676,-0.01496827881783247,0.5826204419136047,0.44156211614608765,0.4807717502117157,-0.01614127680659294,0.7757126688957214,0.3801784813404083,0.44948098063468933,0.0005831714370287955,0.9993403553962708,0.4169589877128601,0.4472035765647888,-0.0007123720133677125,0.9994645714759827,0.391822874546051,0.5813537836074829,0.044118933379650116,0.9834410548210144,0.41389432549476624,0.5993369221687317,0.014007547870278358,0.9801971912384033,0.3956781029701233,0.7195111513137817,0.10147647559642792,0.9730251431465149,0.40654096007347107,0.7546846866607666,0.029772376641631126,0.9762710928916931,0.3946259319782257,0.7353535294532776,0.10558438301086426,0.9711092114448547,0.40610194206237793,0.7794615626335144,0.029221495613455772,0.9705318212509155,0.39814433455467224,0.7269026637077332,0.07492392510175705,0.8589993715286255,0.40913161635398865,0.7630859613418579,-0.015717683359980583,0.8471985459327698
95,walk,0.3953503966331482,0.1919330358505249,0.11533914506435394,0.99985671043396,0.3924272656440735,0.1819625049829483,0.09335760027170181,0.9997780323028564,0.39017775654792786,0.1816709041595459,0.09337161481380463,0.9997928142547607,0.387776643037796,0.18147458136081696,0.09338045865297318,0.9997748136520386,0.39783185720443726,0.18219509720802307,0.09301012754440308,0.9998053312301636,0.3995370864868164,0.18188099563121796,0.09302180260419846,0.9998044967651367,0.40139809250831604,0.18158283829689026,0.09296152740716934,0.9997574687004089,0.3836089074611664,0.18651750683784485,0.015159085392951965,0.9997560977935791,0.40525737404823303,0.1867167204618454,0.010684778913855553,0.9996936321258545,0.3921353220939636,0.20155689120292664,0.09154751151800156,0.9998462796211243,0.3983760476112366,0.20214229822158813,0.09078442305326462,0.9998645186424255,0.3581574261188507,0.2584100365638733,-0.022218091413378716,0.99986732006073,0.42791804671287537,0.2600099444389343,-0.01999458111822605,0.9999045133590698,0.34574827551841736,0.3672410249710083,-0.02387882024049759,0.9690302610397339,0.4401394724845886,0.3692801296710968,-0.02333320677280426,0.9873400330543518,0.3538607954978943,0.4565064609050751,-0.015113798901438713,0.7698832750320435,0.44477152824401855,0.4638809263706207,-0.014721979387104511,0.9165087342262268,0.3545561134815216,0.4804987609386444,-0.01667335070669651,0.6561810970306396,0.4466889798641205,0.4875550866127014,-0.014706057496368885,0.853505551815033,0.3588346838951111,0.4791930317878723,-0.022448705509305,0.6404759883880615,0.44278115034103394,0.48873046040534973,-0.01766958273947239,0.8412356972694397,0.360658198595047,0.4704112112522125,-0.016827626153826714,0.5914800763130188,0.44080227613449097,0.48094427585601807,-0.015095436945557594,0.7789655923843384,0.38021987676620483,0.449354887008667,-0.004634171724319458,0.9992687702178955,0.41686564683914185,0.44714999198913574,0.0045353262685239315,0.9994025230407715,0.3922273516654968,0.581351101398468,0.033426396548748016,0.9821531772613525,0.4138723313808441,0.59687739610672,0.019443532451987267,0.9773863554000854,0.39648646116256714,0.719725489616394,0.08530259877443314,0.9714940190315247,0.4064483642578125,0.7530016303062439,0.04021688923239708,0.973960280418396,0.3958420753479004,0.7359637022018433,0.08892644941806793,0.9697938561439514,0.40606775879859924,0.7776744365692139,0.04043290764093399,0.967368483543396,0.39827632904052734,0.7275266647338867,0.05808576941490173,0.859274685382843,0.4086431562900543,0.762570858001709,-0.0025566574186086655,0.8444496989250183
96,walk,0.39369767904281616,0.19271665811538696,0.11695776879787445,0.9998566508293152,0.3905762732028961,0.18257462978363037,0.09411907941102982,0.9997761845588684,0.38828206062316895,0.18229661881923676,0.09413214027881622,0.9997900128364563,0.3859228193759918,0.18212738633155823,0.09413976222276688,0.9997732639312744,0.39617377519607544,0.18283236026763916,0.09406047314405441,0.9998042583465576,0.3978809714317322,0.18252307176589966,0.09407177567481995,0.9998020529747009,0.3997281491756439,0.18221449851989746,0.09401394426822662,0.9997548460960388,0.3819238841533661,0.1874014288187027,0.019397597759962082,0.9997502565383911,0.40370941162109375,0.1874399036169052,0.012792572379112244,0.9996852874755859,0.39045006036758423,0.20265118777751923,0.09235410392284393,0.9998448491096497,0.39691025018692017,0.20314699411392212,0.09184916317462921,0.9998629689216614,0.3581043481826782,0.2592950463294983,-0.01684332638978958,0.9998684525489807,0.4259539544582367,0.2596084475517273,-0.019274011254310608,0.9999047517776489,0.34578365087509155,0.36704733967781067,-0.020363638177514076,0.9693244695663452,0.43845313787460327,0.36914169788360596,-0.023301973938941956,0.9874560832977295,0.35398074984550476,0.4563162624835968,-0.014320152811706066,0.777763843536377,0.4441367983818054,0.4639829397201538,-0.014921876601874828,0.9198682904243469,0.35480138659477234,0.4804116189479828,-0.015970677137374878,0.6649647951126099,0.4463030695915222,0.4874882996082306,-0.015094809234142303,0.8587430715560913,0.35908907651901245,0.47911763191223145,-0.021988963708281517,0.6496188044548035,0.44214504957199097,0.488660603761673,-0.017993837594985962,0.8464477062225342,0.3608211278915405,0.4702804684638977,-0.016211502254009247,0.6006271243095398,0.4401000142097473,0.48095229268074036,-0.01527548860758543,0.7851505279541016,0.38010159134864807,0.4492571949958801,-0.004580810200423002,0.9992109537124634,0.4165155291557312,0.4471081495285034,0.004485867451876402,0.9993501901626587,0.392238587141037,0.580493152141571,0.03251376003026962,0.980364203453064,0.41382256150245667,0.5937774777412415,0.01594594307243824,0.9743096828460693,0.39705759286880493,0.7198701500892639,0.08221068233251572,0.9694650769233704,0.4060331881046295,0.7523359656333923,0.03647381067276001,0.9713024497032166,0.39632904529571533,0.7367528080940247,0.08543498814105988,0.9681390523910522,0.4054795801639557,0.7767088413238525,0.03635287657380104,0.9641196131706238,0.39853718876838684,0.7288844585418701,0.0537397563457489,0.8586925268173218,0.40845251083374023,0.7618882060050964,-0.008800623007118702,0.8409937024116516
97,walk,0.39228248596191406,0.19405710697174072,0.11657983064651489,0.9998607039451599,0.3890414834022522,0.1838677078485489,0.09441377967596054,0.9997798204421997,0.38671883940696716,0.183657705783844,0.09442800283432007,0.9997930526733398,0.38438963890075684,0.18355382978916168,0.09443670511245728,0.9997768402099609,0.3948168456554413,0.18398034572601318,0.09391321986913681,0.9998078942298889,0.396546334028244,0.18365296721458435,0.09392407536506653,0.9998053908348083,0.39840301871299744,0.1833154708147049,0.09386464953422546,0.9997588992118835,0.3805539011955261,0.18877750635147095,0.01930827833712101,0.9997519254684448,0.4024375379085541,0.18849341571331024,0.012959837913513184,0.9996886849403381,0.38899320363998413,0.20412641763687134,0.09275476634502411,0.9998478889465332,0.39563724398612976,0.20440012216567993,0.09176182746887207,0.9998658299446106,0.3578622043132782,0.260612815618515,-0.01759355142712593,0.9998700618743896,0.42453867197036743,0.2595387101173401,-0.019286449998617172,0.9999059438705444,0.3457411229610443,0.36704063415527344,-0.020529989153146744,0.9701820611953735,0.4371115565299988,0.36808547377586365,-0.02331114187836647,0.9878853559494019,0.3541310429573059,0.4562729001045227,-0.013768819160759449,0.7835592031478882,0.44338950514793396,0.46367311477661133,-0.014717550948262215,0.9224312901496887,0.35487478971481323,0.47984081506729126,-0.015423583798110485,0.6709530353546143,0.4457729458808899,0.4866350293159485,-0.014503593556582928,0.8623067140579224,0.3592754006385803,0.47776925563812256,-0.021453317254781723,0.6557751893997192,0.4416230320930481,0.4880581796169281,-0.01742176152765751,0.8499194383621216,0.36098700761795044,0.4694042503833771,-0.015605902299284935,0.6067951917648315,0.43955522775650024,0.48050662875175476,-0.015019652433693409,0.7891858220100403,0.38000231981277466,0.45012423396110535,-0.004452616907656193,0.9991825222969055,0.416283518075943,0.44814983010292053,0.004355143290013075,0.9993237853050232,0.39200693368911743,0.5802350640296936,0.03556516021490097,0.9798566102981567,0.4136587083339691,0.593707263469696,0.018722306936979294,0.9737150073051453,0.397675096988678,0.719624400138855,0.08719160407781601,0.9691219329833984,0.40564680099487305,0.7501866817474365,0.0408334918320179,0.9707983732223511,0.39652326703071594,0.7370643019676208,0.09089942276477814,0.9682236909866333,0.40456047654151917,0.774899959564209,0.041117873042821884,0.9636190533638,0.39903849363327026,0.729296088218689,0.06200289726257324,0.8599818348884583,0.40845099091529846,0.7597544193267822,-0.0021453690715134144,0.8411532640457153
98,walk,0.3911318778991699,0.19485042989253998,0.11966940015554428,0.9998649954795837,0.38787779211997986,0.18492838740348816,0.09820381551980972,0.9997854232788086,0.38557881116867065,0.18481189012527466,0.09822092205286026,0.9997982978820801,0.3832584023475647,0.18479511141777039,0.09823136031627655,0.9997827410697937,0.39366939663887024,0.18490034341812134,0.09703533351421356,0.9998130202293396,0.3953855633735657,0.18456138670444489,0.09704770147800446,0.9998104572296143,0.3971971571445465,0.18422558903694153,0.09699021279811859,0.9997647404670715,0.3793981075286865,0.1900179088115692,0.023656489327549934,0.9997556209564209,0.40128207206726074,0.18946245312690735,0.01659039780497551,0.9996951222419739,0.387923002243042,0.20524315536022186,0.09686681628227234,0.9998515844345093,0.3945363759994507,0.20538660883903503,0.09499993920326233,0.9998693466186523,0.3573249876499176,0.26135721802711487,-0.012695400044322014,0.9998722076416016,0.4229273200035095,0.25947993993759155,-0.01826205663383007,0.9999069571495056,0.34565261006355286,0.36745685338974,-0.014417612925171852,0.9710521697998047,0.43589916825294495,0.3671383857727051,-0.022190215066075325,0.9882232546806335,0.35421454906463623,0.4559573829174042,-0.007228332106024027,0.7891472578048706,0.44277453422546387,0.46182993054389954,-0.012636768631637096,0.9225926399230957,0.3549094498157501,0.4793880879878998,-0.008791394531726837,0.6769358515739441,0.4451487064361572,0.4835783541202545,-0.012518214993178844,0.8619135022163391,0.3595019280910492,0.47676828503608704,-0.015058931894600391,0.6619786620140076,0.44090181589126587,0.48535144329071045,-0.01564360037446022,0.8493488430976868,0.36117273569107056,0.46858206391334534,-0.009289970621466637,0.6129372119903564,0.4388079047203064,0.47824758291244507,-0.012921882793307304,0.7878816723823547,0.3798457980155945,0.4500434398651123,-0.0005386749398894608,0.9991762638092041,0.41535013914108276,0.4481137692928314,0.0004155848582740873,0.9993242621421814,0.39184901118278503,0.5803762078285217,0.038601525127887726,0.980147123336792,0.41358500719070435,0.5930742025375366,0.012799466960132122,0.9748712182044983,0.3980976939201355,0.7180691957473755,0.09324623644351959,0.9697583913803101,0.40564975142478943,0.7460861802101135,0.027804872021079063,0.9718353152275085,0.39642831683158875,0.7369751930236816,0.09748167544603348,0.969053328037262,0.4044174253940582,0.7703313827514648,0.027378836646676064,0.9646374583244324,0.3992779850959778,0.7294749021530151,0.06852781772613525,0.8618247509002686,0.40902191400527954,0.7576567530632019,-0.014119784347712994,0.8447102904319763
99,walk,0.390145480632782,0.19647860527038574,0.12154382467269897,0.9998699426651001,0.3868524134159088,0.18677349388599396,0.10019439458847046,0.99979168176651,0.3845823407173157,0.18668445944786072,0.10021493583917618,0.9998040199279785,0.3822762668132782,0.1867073029279709,0.10022661834955215,0.9997888803482056,0.3926145136356354,0.18664856255054474,0.09899120777845383,0.9998194575309753,0.39429402351379395,0.1862940490245819,0.09900612384080887,0.9998171925544739,0.39602774381637573,0.18592293560504913,0.09895490109920502,0.9997730851173401,0.37845033407211304,0.19179390370845795,0.025141144171357155,0.9997599124908447,0.3999072015285492,0.19098995625972748,0.018845440819859505,0.9997034072875977,0.3869505524635315,0.20706908404827118,0.0988743007183075,0.9998545050621033,0.39346450567245483,0.20704002678394318,0.09692657738924026,0.9998728036880493,0.3565502166748047,0.26288601756095886,-0.014100471511483192,0.9998725056648254,0.42141443490982056,0.25947603583335876,-0.016026698052883148,0.9999071955680847,0.34563976526260376,0.3690178394317627,-0.014534778892993927,0.9716585278511047,0.4346504807472229,0.36189910769462585,-0.021388530731201172,0.988493800163269,0.3543171286582947,0.4551410377025604,-0.007443786598742008,0.7874588370323181,0.44242924451828003,0.45765990018844604,-0.012749448418617249,0.9204714298248291,0.3550511300563812,0.47784334421157837,-0.008986217901110649,0.6733170747756958,0.4447438716888428,0.47913339734077454,-0.012621067464351654,0.8574482798576355,0.35978183150291443,0.4745101034641266,-0.01497324276715517,0.6582959294319153,0.4405100345611572,0.48070770502090454,-0.015843581408262253,0.8446128368377686,0.36136505007743835,0.46674615144729614,-0.00942160189151764,0.6092122197151184,0.43833261728286743,0.4737187325954437,-0.013096754439175129,0.7817283868789673,0.3795868456363678,0.44932806491851807,-0.0017167862970381975,0.9991678595542908,0.41488951444625854,0.4468827545642853,0.0015990842366591096,0.999315083026886,0.39101642370224,0.5780946612358093,0.03557390719652176,0.9809629917144775,0.4137856960296631,0.5879084467887878,0.015025260858237743,0.976161777973175,0.3979302942752838,0.7097834944725037,0.07882976531982422,0.9709432125091553,0.406311571598053,0.7342561483383179,0.033632032573223114,0.9731050729751587,0.39615684747695923,0.730315625667572,0.08197267353534698,0.9704362750053406,0.40458783507347107,0.7582505345344543,0.03363431245088577,0.9660700559616089,0.3991725742816925,0.7282630801200867,0.05491103604435921,0.8639819622039795,0.40966862440109253,0.7549008727073669,-0.00812278687953949,0.848248302936554
100,walk,0.38892415165901184,0.19753894209861755,0.13378670811653137,0.9998745322227478,0.38582485914230347,0.1880325973033905,0.1118541732430458,0.999799370765686,0.3836214542388916,0.18794500827789307,0.11187858879566193,0.9998109936714172,0.3813685476779938,0.18796579539775848,0.11189305782318115,0.9997962713241577,0.39153435826301575,0.18796312808990479,0.11111678183078766,0.9998264312744141,0.3932374119758606,0.18763627111911774,0.11113382875919342,0.9998246431350708,0.39496710896492004,0.18729153275489807,0.11108843982219696,0.999782919883728,0.37764695286750793,0.19306543469429016,0.033939506858587265,0.9997656345367432,0.39880627393722534,0.19233597815036774,0.02998802624642849,0.9997150897979736,0.38582152128219604,0.20791763067245483,0.11025311797857285,0.9998558163642883,0.39230966567993164,0.2080666869878769,0.10885044187307358,0.9998750686645508,0.3556678891181946,0.2641688585281372,-0.008398775942623615,0.9998719692230225,0.42025190591812134,0.2597830593585968,-0.010088545270264149,0.9999076128005981,0.3455764353275299,0.3698490560054779,-0.012289545498788357,0.9722543358802795,0.43360885977745056,0.35946422815322876,-0.016405321657657623,0.9889520406723022,0.3544342815876007,0.45406123995780945,7.943350647110492e-05,0.7811590433120728,0.44164904952049255,0.45402398705482483,-0.008535511791706085,0.916816234588623,0.35532036423683167,0.47585350275039673,-1.948871613421943e-05,0.6638033390045166,0.44414812326431274,0.47559359669685364,-0.007740942295640707,0.8500259518623352,0.360160768032074,0.47213101387023926,-0.004065058659762144,0.6487997174263,0.43971386551856995,0.4770250618457794,-0.009402877651154995,0.8368881344795227,0.3615878224372864,0.4646448791027069,-0.001029589562676847,0.5994724631309509,0.4374617040157318,0.47029051184654236,-0.008061494678258896,0.7719148397445679,0.3786076009273529,0.4488729238510132,-0.0012725568376481533,0.9991660714149475,0.4139409065246582,0.4453262686729431,0.0011561871506273746,0.9993046522140503,0.3893948197364807,0.575468122959137,0.028526226058602333,0.9819599390029907,0.41554751992225647,0.5835421085357666,0.01671259105205536,0.9778201580047607,0.3977199196815491,0.7045373916625977,0.05193321779370308,0.9721900224685669,0.4071430563926697,0.7246081829071045,0.02851654589176178,0.9746202230453491,0.3959730565547943,0.724969208240509,0.05345121771097183,0.9720041155815125,0.4049873948097229,0.7462545037269592,0.028375303372740746,0.9678823351860046,0.39899298548698425,0.7274125814437866,0.0276186503469944,0.8647007346153259,0.41090860962867737,0.753497302532196,-0.006562099792063236,0.8518398404121399
101,walk,0.38828161358833313,0.19811967015266418,0.1406400054693222,0.9998778104782104,0.3852929174900055,0.18866577744483948,0.11936528980731964,0.9998070001602173,0.3831292390823364,0.18864686787128448,0.11938637495040894,0.9998179078102112,0.38092654943466187,0.18871797621250153,0.11939932405948639,0.9998041391372681,0.3909570574760437,0.18847817182540894,0.11764825880527496,0.9998325705528259,0.3926325738430023,0.18815863132476807,0.11766282469034195,0.9998310208320618,0.39433640241622925,0.18783853948116302,0.11762116104364395,0.9997919201850891,0.3772040009498596,0.19391381740570068,0.041755326092243195,0.9997721314430237,0.397997111082077,0.19307100772857666,0.03382610157132149,0.9997269511222839,0.38513386249542236,0.2087155282497406,0.11720488220453262,0.9998555779457092,0.391596257686615,0.20880141854286194,0.11465705931186676,0.9998752474784851,0.35520318150520325,0.2651633024215698,0.003806884866207838,0.9998725652694702,0.4195133149623871,0.26005417108535767,-0.011191400699317455,0.9999074339866638,0.3455272316932678,0.37032580375671387,-0.0012607506942003965,0.9720374345779419,0.4315451979637146,0.35823652148246765,-0.017201587557792664,0.9894436597824097,0.3555769920349121,0.4453637897968292,0.004050200805068016,0.7726907730102539,0.4406857490539551,0.45137542486190796,-0.008936241269111633,0.9155503511428833,0.35756057500839233,0.46649169921875,0.004612764343619347,0.653434157371521,0.4431748390197754,0.47339868545532227,-0.008228389546275139,0.8467630743980408,0.3627628684043884,0.4621390104293823,0.00032055441988632083,0.6386117339134216,0.4386724829673767,0.47450509667396545,-0.008687684312462807,0.8335649371147156,0.3635711073875427,0.4543895721435547,0.002659532707184553,0.5889499187469482,0.4364319443702698,0.4678677022457123,-0.008028227835893631,0.766953706741333,0.37806734442710876,0.4475516080856323,0.004713485483080149,0.9991927742958069,0.4132404923439026,0.44401150941848755,-0.004879042971879244,0.9993025660514832,0.38862478733062744,0.5739436149597168,0.024671828374266624,0.9824799299240112,0.41707825660705566,0.5794128179550171,0.01752910576760769,0.9790442585945129,0.39757898449897766,0.7046732902526855,0.01541572343558073,0.9730972051620483,0.40810173749923706,0.7159989476203918,0.012720847502350807,0.975867748260498,0.395844966173172,0.7245439887046814,0.013653757981956005,0.9735910296440125,0.40544676780700684,0.7343195676803589,0.0115194171667099,0.9695947766304016,0.39943772554397583,0.7275418639183044,-0.016498100012540817,0.8657200336456299,0.4134054183959961,0.7499488592147827,-0.020853828638792038,0.8565632700920105
102,walk,0.38797909021377563,0.20042869448661804,0.14639529585838318,0.9998803734779358,0.3850416839122772,0.19105277955532074,0.1256677359342575,0.9998146295547485,0.3829256296157837,0.19100716710090637,0.12568451464176178,0.9998250603675842,0.3807780146598816,0.19106322526931763,0.12568549811840057,0.9998124837875366,0.3905276358127594,0.1909559667110443,0.12338230758905411,0.999839186668396,0.392137348651886,0.19067087769508362,0.12339882552623749,0.99983811378479,0.3937791585922241,0.190354585647583,0.12335411459207535,0.9998016953468323,0.37696224451065063,0.1964990794658661,0.05086847022175789,0.9997807145118713,0.3971507251262665,0.19548299908638,0.040193893015384674,0.9997395277023315,0.38487738370895386,0.21090134978294373,0.12407378852367401,0.9998542070388794,0.3910354673862457,0.21112598478794098,0.12069396674633026,0.9998742938041687,0.3544621765613556,0.26716119050979614,0.011290565133094788,0.9998711943626404,0.41797390580177307,0.26102781295776367,-0.007849188521504402,0.9999058842658997,0.3454877436161041,0.37079912424087524,0.011464918963611126,0.9728586077690125,0.43035799264907837,0.35612788796424866,-0.012663501314818859,0.990028440952301,0.3560289144515991,0.4386225938796997,0.024811217561364174,0.7572494745254517,0.439479261636734,0.4491351246833801,0.0003899609437212348,0.9128677845001221,0.3583948314189911,0.4588053524494171,0.025642937049269676,0.6337791681289673,0.4416411817073822,0.47150763869285583,0.002031936775892973,0.8400137424468994,0.36353033781051636,0.4540645182132721,0.022341065108776093,0.6190383434295654,0.43717899918556213,0.4722529649734497,0.0018896926194429398,0.8267309069633484,0.36416876316070557,0.4463762938976288,0.023779837414622307,0.5702663064002991,0.4351378381252289,0.46554648876190186,0.0017483651172369719,0.7585096955299377,0.37753188610076904,0.44562190771102905,0.004209799692034721,0.9992039799690247,0.4123717248439789,0.4416466951370239,-0.004354387987405062,0.9992710947990417,0.38802772760391235,0.5727507472038269,0.0023630433715879917,0.9834833741188049,0.4180224537849426,0.5741206407546997,0.016410406678915024,0.9802042841911316,0.39744696021080017,0.7041694521903992,0.003789146663621068,0.9737662076950073,0.4096413552761078,0.7091006636619568,0.01981288380920887,0.976227343082428,0.3955762982368469,0.7243393659591675,0.0033908344339579344,0.9747365713119507,0.40735816955566406,0.729550838470459,0.01974991336464882,0.9702710509300232,0.3994220495223999,0.7252247333526611,-0.02400911971926689,0.8616030216217041,0.41384315490722656,0.7388291358947754,-0.01777343824505806,0.8542162775993347
103,walk,0.38793593645095825,0.20101341605186462,0.14372195303440094,0.9998854994773865,0.3850054144859314,0.19151653349399567,0.12310130894184113,0.9998245239257812,0.38291144371032715,0.19150544703006744,0.12311621010303497,0.9998346567153931,0.38077759742736816,0.19160987436771393,0.12311788648366928,0.9998226165771484,0.39044424891471863,0.1913708597421646,0.12106223404407501,0.9998478889465332,0.3920413553714752,0.19109217822551727,0.12107517570257187,0.9998475313186646,0.39373984932899475,0.19079625606536865,0.12102855741977692,0.9998137354850769,0.37687212228775024,0.1973186433315277,0.047917380928993225,0.9997921586036682,0.397104948759079,0.19603131711483002,0.03820669278502464,0.9997557997703552,0.3848506808280945,0.2115393728017807,0.12126576900482178,0.9998549222946167,0.39095479249954224,0.21184338629245758,0.1181195005774498,0.9998753070831299,0.3541337251663208,0.26766031980514526,0.00794142298400402,0.9998713135719299,0.41733518242836,0.2612513303756714,-0.008069292642176151,0.9999059438705444,0.34545791149139404,0.3710564970970154,0.010225441306829453,0.9728654026985168,0.428891658782959,0.35566994547843933,-0.012430987320840359,0.9906024932861328,0.35674482583999634,0.432666152715683,0.02431480959057808,0.7378158569335938,0.43876948952674866,0.445849746465683,0.0009961856994777918,0.9115093350410461,0.35949525237083435,0.4532737731933594,0.025899719446897507,0.6122032999992371,0.44086137413978577,0.46800750494003296,0.003668616758659482,0.8366855382919312,0.36470848321914673,0.44829219579696655,0.022880781441926956,0.5975348949432373,0.43654465675354004,0.4682605266571045,0.0038982625119388103,0.8236754536628723,0.36502259969711304,0.43950340151786804,0.02351202629506588,0.5498149394989014,0.43454688787460327,0.46190154552459717,0.0026091549079865217,0.7543426752090454,0.3771355450153351,0.44415685534477234,0.0038288035430014133,0.9992480874061584,0.41172870993614197,0.43968695402145386,-0.003954567946493626,0.9992854595184326,0.38742464780807495,0.5719189643859863,-0.003230377333238721,0.9847389459609985,0.41883277893066406,0.569250762462616,0.01915239542722702,0.9815729856491089,0.3973691463470459,0.7033140659332275,-0.018383394926786423,0.9751052260398865,0.41144973039627075,0.7018996477127075,0.015290391631424427,0.9772261381149292,0.39549219608306885,0.723414957523346,-0.02016286365687847,0.9764171242713928,0.40949660539627075,0.7191760540008545,0.01488475501537323,0.9716929197311401,0.39916861057281494,0.7256152033805847,-0.04735424369573593,0.8613906502723694,0.41535821557044983,0.7331084609031677,-0.01276495773345232,0.8565422296524048
104,walk,0.38785552978515625,0.20256242156028748,0.1477276235818863,0.9998835921287537,0.3849910497665405,0.19306141138076782,0.12730881571769714,0.999826192855835,0.38291606307029724,0.19305159151554108,0.12732338905334473,0.9998370409011841,0.3807874917984009,0.1931423842906952,0.12732598185539246,0.9998254179954529,0.39031556248664856,0.1928747147321701,0.12463051080703735,0.9998494386672974,0.3918709456920624,0.1925736367702484,0.12464408576488495,0.9998504519462585,0.39356333017349243,0.19226527214050293,0.12458564341068268,0.9998182654380798,0.3768094778060913,0.19876709580421448,0.05252997949719429,0.999794065952301,0.39676326513290405,0.19740450382232666,0.04017750173807144,0.9997622966766357,0.38478511571884155,0.21284997463226318,0.1254408061504364,0.999846339225769,0.3907312750816345,0.2132207602262497,0.12147953361272812,0.9998682737350464,0.3538631796836853,0.2680652141571045,0.015401286073029041,0.9998666644096375,0.4165685176849365,0.26160046458244324,-0.008738428354263306,0.9999046921730042,0.3454763889312744,0.3712509274482727,0.018230078741908073,0.9717089533805847,0.42766299843788147,0.35569462180137634,-0.013398334383964539,0.9911192059516907,0.3578190803527832,0.4299599826335907,0.02940119430422783,0.710877001285553,0.4378516674041748,0.44438087940216064,0.001920173643156886,0.9083731174468994,0.3607567250728607,0.4503025412559509,0.030811090022325516,0.5848399996757507,0.4399874806404114,0.46584704518318176,0.004492786712944508,0.8301503658294678,0.3659582734107971,0.4451228380203247,0.02739914134144783,0.5701829195022583,0.43591076135635376,0.4657686948776245,0.004383019171655178,0.8173619508743286,0.3661358952522278,0.43645378947257996,0.028242522850632668,0.52398681640625,0.4339299201965332,0.4596480131149292,0.0034920480102300644,0.7465176582336426,0.3766998052597046,0.44352781772613525,0.007955874316394329,0.9992753863334656,0.41096967458724976,0.4391557574272156,-0.00811379961669445,0.9992800354957581,0.38616055250167847,0.5710675716400146,-0.00600024126470089,0.9857175946235657,0.4192206859588623,0.5645899176597595,0.012141808867454529,0.9828424453735352,0.39728957414627075,0.7019698619842529,-0.01469855010509491,0.9756633639335632,0.41223058104515076,0.6976166367530823,0.010403844527900219,0.9778403043746948,0.3954313397407532,0.7224189639091492,-0.016097713261842728,0.9775060415267944,0.41046589612960815,0.7152366042137146,0.0105383126065135,0.9728536009788513,0.39909759163856506,0.7247232794761658,-0.045455753803253174,0.8534753322601318,0.4198843538761139,0.7259051203727722,-0.014021152630448341,0.8546774983406067
105,walk,0.38775211572647095,0.20309369266033173,0.1512906551361084,0.999883234500885,0.38491326570510864,0.1935310810804367,0.13094040751457214,0.999828577041626,0.3828740119934082,0.19350428879261017,0.13095933198928833,0.9998401999473572,0.38076409697532654,0.19360144436359406,0.13096490502357483,0.9998287558555603,0.3901011049747467,0.1933881938457489,0.12798990309238434,0.9998515844345093,0.39161795377731323,0.19312167167663574,0.1280061900615692,0.9998539686203003,0.3932916522026062,0.19284971058368683,0.12794707715511322,0.9998226761817932,0.3766912817955017,0.1993211954832077,0.056582462042570114,0.9997972249984741,0.396485298871994,0.19802461564540863,0.04282829910516739,0.9997690320014954,0.3847581744194031,0.21336589753627777,0.1291218101978302,0.9998424053192139,0.3905732333660126,0.21377301216125488,0.12477102130651474,0.9998652338981628,0.3536381721496582,0.26838865876197815,0.019034333527088165,0.999866783618927,0.41578182578086853,0.26173368096351624,-0.008664843626320362,0.9999050498008728,0.3455217480659485,0.3711434602737427,0.020639654248952866,0.9704374074935913,0.42623335123062134,0.35550904273986816,-0.012410125695168972,0.9915531873703003,0.35843777656555176,0.427701473236084,0.028443414717912674,0.6899388432502747,0.43736082315444946,0.4422968626022339,0.003263140097260475,0.9069454669952393,0.3613904118537903,0.4483654499053955,0.028435010462999344,0.5635066032409668,0.4396085739135742,0.4640562832355499,0.005460103042423725,0.8270867466926575,0.36650484800338745,0.4429510235786438,0.02503545954823494,0.5487175583839417,0.4355970323085785,0.46391183137893677,0.004496814217418432,0.8146395683288574,0.366690456867218,0.4344339072704315,0.02715490199625492,0.503777265548706,0.43356308341026306,0.45767664909362793,0.004494281020015478,0.7429552674293518,0.3765659034252167,0.4422745704650879,0.009495058096945286,0.9993137717247009,0.41058021783828735,0.4381599724292755,-0.009670993313193321,0.9992926716804504,0.3852192163467407,0.5708244442939758,-0.0015179067850112915,0.9867033958435059,0.42062315344810486,0.5617905259132385,0.01311199925839901,0.9839769601821899,0.3972412943840027,0.7016487717628479,-0.0046617272309958935,0.9765599966049194,0.4128713011741638,0.6949838995933533,0.013007795438170433,0.9785520434379578,0.3954148292541504,0.7227824926376343,-0.005511668510735035,0.9787161350250244,0.4111514091491699,0.7140506505966187,0.010783502832055092,0.9740817546844482,0.39905327558517456,0.7247793674468994,-0.03424854949116707,0.8472160696983337,0.4231676459312439,0.7222952246665955,-0.003261010395362973,0.8527510762214661
106,walk,0.38773322105407715,0.20471256971359253,0.1511116623878479,0.9998827576637268,0.38492125272750854,0.19521136581897736,0.1310870200395584,0.9998308420181274,0.3828924894332886,0.19514340162277222,0.13110658526420593,0.9998428225517273,0.38078442215919495,0.19519983232021332,0.13111290335655212,0.999832272529602,0.3900260031223297,0.19507604837417603,0.12740091979503632,0.9998538494110107,0.39153212308883667,0.19476550817489624,0.1274181306362152,0.9998571276664734,0.3932141661643982,0.19445635378360748,0.12735620141029358,0.9998272061347961,0.37663576006889343,0.20063436031341553,0.058617401868104935,0.9997992515563965,0.3962627947330475,0.199380561709404,0.041625216603279114,0.9997755885124207,0.38473713397979736,0.2145223617553711,0.12955167889595032,0.9998393654823303,0.3904822766780853,0.2149818241596222,0.12429535388946533,0.9998631477355957,0.3533945679664612,0.269255667924881,0.026773730292916298,0.9998641610145569,0.4152281880378723,0.2622769773006439,-0.013055006042122841,0.9999069571495056,0.34561628103256226,0.3714711368083954,0.029773499816656113,0.9675173759460449,0.4256443977355957,0.3556099236011505,-0.014473971910774708,0.9919729828834534,0.35976606607437134,0.42725181579589844,0.03617775812745094,0.661990225315094,0.4371960163116455,0.4406566917896271,0.002175594214349985,0.9043830037117004,0.3628320097923279,0.44832882285118103,0.03651142865419388,0.5371251106262207,0.4394814968109131,0.4624941051006317,0.003991561476141214,0.821901798248291,0.36814576387405396,0.4426378607749939,0.032392989844083786,0.5222854018211365,0.43549594283103943,0.4622410237789154,0.002854118123650551,0.809851884841919,0.3684091567993164,0.43479737639427185,0.03443918377161026,0.4792907238006592,0.4333397448062897,0.4557935893535614,0.0033436566591262817,0.7370249629020691,0.3764568567276001,0.4421633780002594,0.017628226429224014,0.9993449449539185,0.4101608693599701,0.43811437487602234,-0.0178126972168684,0.9993062019348145,0.38501256704330444,0.5705304741859436,0.0036472913343459368,0.9873812198638916,0.42172175645828247,0.5612959861755371,0.007075406610965729,0.9850393533706665,0.39687293767929077,0.7011034488677979,-0.001530153094790876,0.976855456829071,0.4141751229763031,0.6945852041244507,0.008266535587608814,0.9791870713233948,0.395446240901947,0.722521960735321,-0.002697896910831332,0.9794613122940063,0.41160473227500916,0.7151197791099548,0.00820157304406166,0.9751734137535095,0.3988472819328308,0.7231178283691406,-0.030981406569480896,0.8373185992240906,0.42778047919273376,0.7189632654190063,-0.01346748135983944,0.8502945303916931
107,walk,0.38766083121299744,0.20672249794006348,0.16065751016139984,0.9998840093612671,0.3848566710948944,0.19722387194633484,0.14060251414775848,0.9998350143432617,0.38283729553222656,0.1971403956413269,0.14062494039535522,0.9998471736907959,0.38074058294296265,0.1971593201160431,0.14062681794166565,0.9998375773429871,0.3898990750312805,0.19708336889743805,0.13699039816856384,0.9998577833175659,0.39140382409095764,0.19676640629768372,0.13700710237026215,0.9998618364334106,0.39309364557266235,0.1964712142944336,0.13694711029529572,0.9998335838317871,0.3766237497329712,0.2023313343524933,0.06749929487705231,0.9998048543930054,0.3960809111595154,0.20127557218074799,0.0509105920791626,0.9997844696044922,0.3846656084060669,0.21613842248916626,0.1388154923915863,0.9998396635055542,0.3903707265853882,0.21663881838321686,0.13365879654884338,0.9998639225959778,0.3532719314098358,0.2701656222343445,0.03305771201848984,0.9998627305030823,0.4152088761329651,0.2630217969417572,-0.007147147320210934,0.9999091625213623,0.34583398699760437,0.3714861571788788,0.03712589293718338,0.9655349850654602,0.42536503076553345,0.3556961119174957,-0.0076498365961015224,0.9923430681228638,0.3604116439819336,0.4261486828327179,0.047672875225543976,0.6361417174339294,0.43702825903892517,0.4395688474178314,0.011912984773516655,0.9009441137313843,0.3635677695274353,0.4474584460258484,0.04753861203789711,0.5124434232711792,0.4392210841178894,0.46120762825012207,0.013618536293506622,0.8151363134384155,0.369183748960495,0.44153597950935364,0.04412395879626274,0.4974839687347412,0.43535351753234863,0.4610501527786255,0.011872787959873676,0.8032622933387756,0.3694798946380615,0.43389955163002014,0.046162087470293045,0.4564313292503357,0.43315404653549194,0.4546225666999817,0.012816938571631908,0.7291712164878845,0.3764077126979828,0.442108690738678,0.01669507473707199,0.9993780255317688,0.4099954068660736,0.43801552057266235,-0.016863185912370682,0.9993269443511963,0.3846254050731659,0.5702294111251831,1.9412327674217522e-05,0.9881396293640137,0.42205506563186646,0.5605727434158325,0.0060533941723406315,0.9860172271728516,0.3966675400733948,0.7009647488594055,-0.009088343009352684,0.9773974418640137,0.41832470893859863,0.6947891116142273,0.006347764283418655,0.9797547459602356,0.3960724472999573,0.7225145101547241,-0.010356161743402481,0.9802921414375305,0.413956880569458,0.7155175805091858,0.0063944486901164055,0.9761605262756348,0.3969104290008545,0.7205767035484314,-0.03840116411447525,0.8276994228363037,0.4328780174255371,0.7139590978622437,-0.017889531329274178,0.8455927968025208
108,walk,0.3876636028289795,0.20835384726524353,0.1545478254556656,0.9998762607574463,0.38487204909324646,0.19880975782871246,0.13406214118003845,0.9998268485069275,0.382854163646698,0.19869422912597656,0.1340823620557785,0.9998399019241333,0.3807632625102997,0.19867245852947235,0.13408640027046204,0.9998307228088379,0.3898960053920746,0.1986498087644577,0.1311110407114029,0.999852180480957,0.3914299011230469,0.19831426441669464,0.13112664222717285,0.9998581409454346,0.39314979314804077,0.1979803442955017,0.13107001781463623,0.9998310804367065,0.37666088342666626,0.20354144275188446,0.05978704243898392,0.9997957944869995,0.3960399031639099,0.20272895693778992,0.046024978160858154,0.9997813105583191,0.38469114899635315,0.21756386756896973,0.13229972124099731,0.9998269081115723,0.3903713822364807,0.21810492873191833,0.128008171916008,0.9998545050621033,0.3531917929649353,0.2710258960723877,0.024469437077641487,0.9998511672019958,0.41520175337791443,0.2639637291431427,-0.007702860049903393,0.9999092221260071,0.3459101617336273,0.3722143769264221,0.028826886788010597,0.9601369500160217,0.42510634660720825,0.3557719886302948,-0.00890581775456667,0.9925801753997803,0.3613150119781494,0.4257388710975647,0.038716498762369156,0.6053215861320496,0.4370541572570801,0.4396009147167206,0.011402623727917671,0.8999789953231812,0.3646630644798279,0.44699475169181824,0.0389089360833168,0.4850510060787201,0.43931952118873596,0.4610869586467743,0.012741523794829845,0.8131943345069885,0.3704979717731476,0.440682977437973,0.035443924367427826,0.47025415301322937,0.4354134500026703,0.461162269115448,0.010486402548849583,0.8016068339347839,0.3707697093486786,0.43255501985549927,0.03731965646147728,0.43161940574645996,0.4331766664981842,0.45479148626327515,0.01181979663670063,0.7266507744789124,0.37636345624923706,0.4426974356174469,0.014280681498348713,0.9993958473205566,0.4099864363670349,0.43806296586990356,-0.014445068314671516,0.9993317723274231,0.3845425844192505,0.5696356296539307,-0.006041831336915493,0.9888519644737244,0.42191004753112793,0.5589017271995544,0.007731207646429539,0.986738383769989,0.3958033323287964,0.7011370658874512,-0.011819550767540932,0.9778557419776917,0.4224887788295746,0.6928799152374268,0.010689753107726574,0.979979395866394,0.39617908000946045,0.7228305339813232,-0.0127327349036932,0.9808719754219055,0.41817083954811096,0.7142485976219177,0.010898033156991005,0.9766190052032471,0.39661774039268494,0.7203553318977356,-0.04248751699924469,0.8205617070198059,0.43362540006637573,0.7109555006027222,-0.015368355438113213,0.8417365550994873
109,walk,0.38769301772117615,0.210458442568779,0.1503448188304901,0.9998674988746643,0.3849219083786011,0.2008603811264038,0.13091565668582916,0.9998183846473694,0.38290372490882874,0.2006969302892685,0.13092690706253052,0.9998322129249573,0.3808073401451111,0.20063936710357666,0.13092446327209473,0.9998237490653992,0.38992318511009216,0.2007742077112198,0.1267087161540985,0.9998462796211243,0.3914811909198761,0.20043447613716125,0.1267346888780594,0.9998537302017212,0.3932158052921295,0.20006239414215088,0.12666086852550507,0.9998275637626648,0.3767054080963135,0.2053356021642685,0.057100094854831696,0.9997857213020325,0.3959924578666687,0.20463570952415466,0.04275425523519516,0.9997772574424744,0.3847304582595825,0.2193969339132309,0.13025304675102234,0.9998127818107605,0.3903369605541229,0.22005034983158112,0.12423811852931976,0.9998438358306885,0.3529874086380005,0.272347629070282,0.023282621055841446,0.9998363852500916,0.4151381552219391,0.26474568247795105,-0.015760041773319244,0.9999102354049683,0.3459775745868683,0.3731361925601959,0.03111455962061882,0.9543743133544922,0.42522281408309937,0.3570207357406616,-0.018151847645640373,0.9927977323532104,0.3620392382144928,0.4253000020980835,0.043660685420036316,0.573298990726471,0.4371165633201599,0.4400933086872101,0.0019246675074100494,0.8994370102882385,0.36551132798194885,0.4461282193660736,0.0452331081032753,0.45727357268333435,0.4394092559814453,0.4612775444984436,0.0030671500135213137,0.8117995858192444,0.3715211749076843,0.4393288195133209,0.04103464260697365,0.4428192675113678,0.4354708194732666,0.4612463116645813,0.0022057758178561926,0.8005598187446594,0.3717219829559326,0.43132519721984863,0.04214922711253166,0.4068260192871094,0.4332161545753479,0.4549320340156555,0.0032397962640970945,0.7249072790145874,0.3763532042503357,0.44387322664260864,0.016283150762319565,0.999405562877655,0.4098241925239563,0.4391067922115326,-0.01646030880510807,0.9993323087692261,0.38456568121910095,0.5696484446525574,-0.0012533479603007436,0.9893849492073059,0.4217994809150696,0.5591489672660828,0.007831018418073654,0.9874203205108643,0.3952507972717285,0.7004481554031372,-0.004592259414494038,0.978038489818573,0.42442744970321655,0.6933132410049438,0.010892258957028389,0.9802748560905457,0.39628225564956665,0.722811222076416,-0.005318521987646818,0.9812045693397522,0.4195464551448822,0.7151286602020264,0.011219996027648449,0.977095901966095,0.39635199308395386,0.7185476422309875,-0.03316866606473923,0.812386155128479,0.4355284571647644,0.7090345025062561,-0.014217890799045563,0.8382735252380371
110,walk,0.3877105116844177,0.21138502657413483,0.1393788903951645,0.9998679757118225,0.3850060999393463,0.20185601711273193,0.11975447088479996,0.9998213052749634,0.3830306828022003,0.2016463577747345,0.11976214498281479,0.9998347759246826,0.3809615969657898,0.20155294239521027,0.11975711584091187,0.9998271465301514,0.389957070350647,0.20192155241966248,0.11682754755020142,0.9998492002487183,0.3915060758590698,0.20166878402233124,0.11685633659362793,0.9998569488525391,0.3932470977306366,0.20138508081436157,0.11679496616125107,0.9998323917388916,0.3768101632595062,0.20625101029872894,0.05021477863192558,0.999790370464325,0.3960903286933899,0.20611914992332458,0.038041360676288605,0.9997839331626892,0.3847968578338623,0.22023336589336395,0.11944577842950821,0.9998132586479187,0.3903959095478058,0.2210186868906021,0.11515003442764282,0.999844491481781,0.3530036509037018,0.27324846386909485,0.020598048344254494,0.9998306035995483,0.4152655005455017,0.26679345965385437,-0.015350326895713806,0.9999116659164429,0.3461049199104309,0.37341487407684326,0.02645033597946167,0.9516153335571289,0.42558884620666504,0.3615230917930603,-0.017953859642148018,0.9928793907165527,0.36218661069869995,0.42517393827438354,0.03953854367136955,0.548546314239502,0.4369574189186096,0.44078436493873596,0.0018276463961228728,0.8974183201789856,0.36572808027267456,0.4453390836715698,0.04052461311221123,0.43451574444770813,0.43934911489486694,0.4616330564022064,0.0029570264741778374,0.807947039604187,0.3716779351234436,0.4386427700519562,0.036832842975854874,0.4203680753707886,0.4354591965675354,0.46133771538734436,0.002010516356676817,0.7967327237129211,0.3717750906944275,0.43087467551231384,0.03828835487365723,0.38663068413734436,0.4331947863101959,0.4550515413284302,0.003045028541237116,0.7203922271728516,0.37635931372642517,0.44441577792167664,0.013578124344348907,0.999418318271637,0.4097515940666199,0.43999066948890686,-0.013729242607951164,0.9993340969085693,0.3845994770526886,0.5697388648986816,-0.006249129772186279,0.9899241924285889,0.42173582315444946,0.5597684383392334,0.013743472285568714,0.9878069162368774,0.3951442837715149,0.7007244825363159,-0.013407154008746147,0.9784461855888367,0.42657366394996643,0.693065881729126,0.013162009418010712,0.9800320863723755,0.39688774943351746,0.723042368888855,-0.01434486173093319,0.981586217880249,0.4218505024909973,0.716359555721283,0.013014922849833965,0.9769057631492615,0.3960363566875458,0.7181578874588013,-0.04082890972495079,0.8095004558563232,0.43745264410972595,0.7056369185447693,-0.00836866069585085,0.8332194685935974
111,walk,0.3877624273300171,0.2117549329996109,0.1389700174331665,0.999873161315918,0.3851972222328186,0.20231689512729645,0.1191142350435257,0.9998289942741394,0.38327592611312866,0.2021438181400299,0.11912282556295395,0.9998418688774109,0.3812350630760193,0.2020672857761383,0.11911918967962265,0.9998348951339722,0.39009079337120056,0.20239406824111938,0.11665669828653336,0.9998559355735779,0.391702800989151,0.20216816663742065,0.11668580770492554,0.9998637437820435,0.3934566378593445,0.2019316405057907,0.11662942171096802,0.9998406171798706,0.3770623207092285,0.20684602856636047,0.04949144273996353,0.9998011589050293,0.39615926146507263,0.20689746737480164,0.038011085242033005,0.9997950196266174,0.38490527868270874,0.2207430899143219,0.11857087910175323,0.9998207092285156,0.39041146636009216,0.22157984972000122,0.11486265808343887,0.9998505711555481,0.35312923789024353,0.2741738259792328,0.01568787172436714,0.9998338222503662,0.4154021143913269,0.26882699131965637,-0.00799051858484745,0.9999139308929443,0.34634989500045776,0.3733597993850708,0.0254804827272892,0.9507530331611633,0.42578253149986267,0.3636874854564667,-0.011143526993691921,0.9928743243217468,0.36221984028816223,0.424381285905838,0.03675255924463272,0.5333989858627319,0.43696656823158264,0.44110187888145447,0.0030562556348741055,0.8968555331230164,0.3656371831893921,0.4439515471458435,0.03760294243693352,0.4191124439239502,0.4393509030342102,0.46216902136802673,0.0044224197044968605,0.8066117763519287,0.37151309847831726,0.43779826164245605,0.033732760697603226,0.40504318475723267,0.4355045258998871,0.46200573444366455,0.0031729508191347122,0.7953733801841736,0.37164098024368286,0.4304066598415375,0.03550921380519867,0.37311506271362305,0.43324336409568787,0.4556535482406616,0.0040201060473918915,0.7185977101325989,0.376553475856781,0.44491124153137207,0.0054853735491633415,0.999445915222168,0.4097822606563568,0.4407656788825989,-0.005638259928673506,0.9993516206741333,0.3846365213394165,0.5701696276664734,-0.010390056297183037,0.9905115962028503,0.42174822092056274,0.5606437921524048,0.030097773298621178,0.9880392551422119,0.3951215445995331,0.7008746862411499,-0.015041698701679707,0.9792340397834778,0.42905259132385254,0.6916810274124146,0.033685389906167984,0.9798188209533691,0.39737269282341003,0.7249259948730469,-0.015481555834412575,0.9822749495506287,0.4243246018886566,0.7161276936531067,0.033874623477458954,0.9768648743629456,0.3949201703071594,0.7173865437507629,-0.040637820959091187,0.81048583984375,0.43764084577560425,0.6992895007133484,0.013900409452617168,0.8284827470779419
112,walk,0.3880053758621216,0.21321320533752441,0.13613232970237732,0.9998770356178284,0.38552722334861755,0.20393428206443787,0.11577002704143524,0.999835193157196,0.38362976908683777,0.20370779931545258,0.11577161401510239,0.9998477101325989,0.3815830945968628,0.2035645842552185,0.11576328426599503,0.999841034412384,0.39048606157302856,0.2042003870010376,0.11470941454172134,0.9998607635498047,0.39216992259025574,0.20403164625167847,0.11474265903234482,0.9998689293861389,0.39393991231918335,0.20383207499980927,0.11469930410385132,0.9998467564582825,0.3774873614311218,0.20825214684009552,0.043901003897190094,0.9998112320899963,0.39650923013687134,0.20861735939979553,0.03795063495635986,0.9998041391372681,0.3851366937160492,0.22202977538108826,0.11476238071918488,0.99982750415802,0.3906497657299042,0.2228834182024002,0.11285531520843506,0.9998552203178406,0.35355836153030396,0.2746950387954712,0.005172153003513813,0.999840259552002,0.4157036244869232,0.2708851397037506,-0.0016664282884448767,0.9999150633811951,0.3467647433280945,0.37332677841186523,0.015011933632194996,0.9507896900177002,0.42599615454673767,0.36696502566337585,-0.006051154807209969,0.992668867111206,0.36227867007255554,0.4243451952934265,0.03524090722203255,0.5248134136199951,0.43697744607925415,0.44293564558029175,0.003942012321203947,0.8962226510047913,0.3655920922756195,0.44329240918159485,0.03583506494760513,0.40936973690986633,0.4393693506717682,0.4636182188987732,0.0052358489483594894,0.8058160543441772,0.3715096116065979,0.43736881017684937,0.03344476968050003,0.39531463384628296,0.4356522560119629,0.46428462862968445,0.004055165685713291,0.7943002581596375,0.37156814336776733,0.430285781621933,0.035162098705768585,0.3646177351474762,0.43326106667518616,0.45771658420562744,0.0046757897362113,0.7172320485115051,0.37671011686325073,0.4453660249710083,-0.0027298503555357456,0.9994806051254272,0.40979844331741333,0.4417140483856201,0.0025918553583323956,0.9993720650672913,0.3846657872200012,0.571846067905426,-0.017945310100913048,0.9911119937896729,0.42166638374328613,0.5604687929153442,0.036934610456228256,0.988221287727356,0.3950180113315582,0.7012655138969421,-0.021609289571642876,0.9802054166793823,0.4307578206062317,0.6884967088699341,0.04338456317782402,0.9797688722610474,0.3974231481552124,0.7271812558174133,-0.022018814459443092,0.9830910563468933,0.4276895523071289,0.7122412919998169,0.04386039823293686,0.9769688844680786,0.39384591579437256,0.7158410549163818,-0.04813138768076897,0.8146170377731323,0.43749433755874634,0.6942293643951416,0.024380937218666077,0.8265535831451416
113,walk,0.3887571096420288,0.21580234169960022,0.13308456540107727,0.999882698059082,0.3863336443901062,0.20631763339042664,0.11230988800525665,0.9998433589935303,0.3844682276248932,0.20596843957901,0.11230336129665375,0.9998553991317749,0.38243547081947327,0.20571589469909668,0.11229090392589569,0.9998490214347839,0.39152422547340393,0.2068355828523636,0.11251324415206909,0.9998670816421509,0.3932667374610901,0.20669680833816528,0.11255085468292236,0.9998753666877747,0.3951668441295624,0.20652709901332855,0.11251868307590485,0.9998542070388794,0.3786126971244812,0.21026284992694855,0.038251109421253204,0.9998228549957275,0.39719629287719727,0.21098707616329193,0.03792866691946983,0.9998142123222351,0.3857731521129608,0.22413784265518188,0.11085603386163712,0.9998358488082886,0.3913228511810303,0.22516897320747375,0.11052916198968887,0.9998608231544495,0.35437750816345215,0.2757762372493744,-0.0038462518714368343,0.9998488426208496,0.41664189100265503,0.2743253707885742,0.004053367767482996,0.9999167919158936,0.34725725650787354,0.3732753396034241,0.006653700955212116,0.9515190720558167,0.4269633889198303,0.370810866355896,-0.001861871569417417,0.9923875331878662,0.36213022470474243,0.4246942400932312,0.03123392164707184,0.5242743492126465,0.4372085928916931,0.44648173451423645,0.003855152754113078,0.8988782167434692,0.3653683066368103,0.4441370964050293,0.03239183500409126,0.4069526195526123,0.4399785101413727,0.4670273959636688,0.004988378845155239,0.8109191060066223,0.3712356686592102,0.4382550120353699,0.030170653015375137,0.3929729461669922,0.4364390969276428,0.46817561984062195,0.0041329143568873405,0.7993434071540833,0.3713512420654297,0.43097004294395447,0.031541865319013596,0.36324045062065125,0.43382567167282104,0.4615550935268402,0.004564573056995869,0.7230702042579651,0.37702086567878723,0.44728368520736694,-0.01062416099011898,0.9995172619819641,0.40981197357177734,0.44400185346603394,0.01050704438239336,0.9993972182273865,0.38468021154403687,0.5748668909072876,-0.021933365613222122,0.9917044639587402,0.4216417372226715,0.5609074234962463,0.04470577836036682,0.9883530139923096,0.3948912024497986,0.7023437023162842,-0.021889716386795044,0.9812812209129333,0.4322870671749115,0.6854972243309021,0.05183541029691696,0.9799196720123291,0.39750975370407104,0.7297242283821106,-0.02194834314286709,0.983961284160614,0.43107572197914124,0.7063417434692383,0.05242843180894852,0.9771445989608765,0.3928973972797394,0.7155498266220093,-0.047496963292360306,0.8217982649803162,0.4366615414619446,0.6915006637573242,0.034479472786188126,0.8279427289962769
114,walk,0.3895510733127594,0.21803410351276398,0.12847954034805298,0.9998885989189148,0.38732558488845825,0.2086787074804306,0.10767128318548203,0.9998518228530884,0.38549792766571045,0.20832529664039612,0.10766090452671051,0.99986332654953,0.3835363984107971,0.20804396271705627,0.10764865577220917,0.9998571276664734,0.3925844430923462,0.20923811197280884,0.10858605802059174,0.9998734593391418,0.39438197016716003,0.20914849638938904,0.10862486064434052,0.9998817443847656,0.3963903784751892,0.20901930332183838,0.10860030353069305,0.9998615980148315,0.3798237144947052,0.21272386610507965,0.03279624134302139,0.999834418296814,0.3982090353965759,0.2135828286409378,0.03625855967402458,0.9998245239257812,0.3865189552307129,0.22610841691493988,0.10582910478115082,0.999844491481781,0.39208221435546875,0.2273028939962387,0.10639137029647827,0.9998666048049927,0.35539788007736206,0.2775498926639557,-0.008853492327034473,0.9998581409454346,0.4172331392765045,0.27669981122016907,0.004412224981933832,0.9999182224273682,0.3479653000831604,0.3732316195964813,0.0022987977135926485,0.9523270130157471,0.42770782113075256,0.3728379011154175,-0.0022263999562710524,0.9920778870582581,0.3620438277721405,0.42549964785575867,0.025377031415700912,0.5342075228691101,0.4373677670955658,0.4493405520915985,0.0031930189579725266,0.9035555124282837,0.36526885628700256,0.4445662200450897,0.026435768231749535,0.41511279344558716,0.440486341714859,0.4704781472682953,0.003835874842479825,0.8195857405662537,0.371071994304657,0.4387550354003906,0.023775285109877586,0.40112635493278503,0.4370841383934021,0.47190940380096436,0.003201578976586461,0.8081952929496765,0.37121278047561646,0.4316040575504303,0.025441810488700867,0.3715048134326935,0.43431395292282104,0.46496909856796265,0.0036301612854003906,0.7340324521064758,0.37741103768348694,0.4492966830730438,-0.014694347977638245,0.9995556473731995,0.4098404347896576,0.4461904764175415,0.014577403664588928,0.9994270205497742,0.38469934463500977,0.5755583047866821,-0.025158986449241638,0.992280900478363,0.42159637808799744,0.560032844543457,0.04934534430503845,0.9882153868675232,0.3946264386177063,0.7033068537712097,-0.022005556151270866,0.9823927879333496,0.433406263589859,0.6791309714317322,0.06278212368488312,0.9798325300216675,0.39770570397377014,0.7313525080680847,-0.021959088742733,0.9848343729972839,0.4326246380805969,0.6988037824630737,0.06404589116573334,0.9770165681838989,0.392593115568161,0.7157272100448608,-0.04883696883916855,0.8304392099380493,0.43587666749954224,0.6897379755973816,0.04681199789047241,0.8304949998855591
115,walk,0.3905349373817444,0.2215251922607422,0.12281856685876846,0.9998922348022461,0.38827940821647644,0.211905375123024,0.10201606899499893,0.9998575448989868,0.38645321130752563,0.21152128279209137,0.10200275480747223,0.9998686909675598,0.38454562425613403,0.2112053781747818,0.10198573768138885,0.9998623728752136,0.39358147978782654,0.21252667903900146,0.10368990898132324,0.9998771548271179,0.39546576142311096,0.21245887875556946,0.10373147577047348,0.9998857378959656,0.397579163312912,0.2123563140630722,0.10371050983667374,0.9998660683631897,0.38106343150138855,0.21609622240066528,0.026895109564065933,0.9998432397842407,0.3992557227611542,0.2170407623052597,0.03389279916882515,0.9998319745063782,0.387517511844635,0.2292630970478058,0.10004724562168121,0.9998500943183899,0.393064945936203,0.23066475987434387,0.10161222517490387,0.9998688101768494,0.35648179054260254,0.2796584963798523,-0.01268430333584547,0.9998657703399658,0.41838589310646057,0.2797839641571045,0.0039358786307275295,0.9999180436134338,0.34863829612731934,0.37413686513900757,0.0025187493301928043,0.952826201915741,0.4290321469306946,0.37534311413764954,-0.0019288479816168547,0.9917488098144531,0.36206385493278503,0.4275602698326111,0.029960114508867264,0.5383820533752441,0.4381546974182129,0.45335057377815247,0.003719839733093977,0.9073720574378967,0.3651964068412781,0.44683837890625,0.03355130925774574,0.4177941381931305,0.4414215683937073,0.47546544671058655,0.0050960141234099865,0.8266433477401733,0.37117764353752136,0.44108498096466064,0.030931930989027023,0.4039340615272522,0.43809428811073303,0.4771896004676819,0.00478249741718173,0.815277636051178,0.37139829993247986,0.43461698293685913,0.030489200726151466,0.37489980459213257,0.43518733978271484,0.4696451723575592,0.004261130001395941,0.7431264519691467,0.37786543369293213,0.453069806098938,-0.016655754297971725,0.9995923042297363,0.4100608825683594,0.4493834972381592,0.01653670333325863,0.9994547963142395,0.38479048013687134,0.5779484510421753,-0.021921440958976746,0.9928587079048157,0.4212276041507721,0.5602158308029175,0.06372617930173874,0.9880081415176392,0.39430564641952515,0.7059080600738525,-0.01762360706925392,0.9836121797561646,0.4338359832763672,0.6732985377311707,0.08990926295518875,0.9798956513404846,0.39768677949905396,0.7320146560668945,-0.01837892457842827,0.9857486486434937,0.4327061176300049,0.692200243473053,0.09258026629686356,0.976859986782074,0.3927080035209656,0.7167918086051941,-0.048005878925323486,0.8407260179519653,0.43535032868385315,0.6863700151443481,0.07959874719381332,0.8346284627914429
116,walk,0.3911944031715393,0.22379519045352936,0.1254422664642334,0.9998966455459595,0.3889964818954468,0.21457882225513458,0.10443498939275742,0.9998635053634644,0.38720864057540894,0.21429768204689026,0.1044253334403038,0.9998745322227478,0.3853822350502014,0.2140836864709854,0.10441403090953827,0.9998679161071777,0.3943353295326233,0.21492832899093628,0.10600675642490387,0.9998810887336731,0.3963238298892975,0.21476754546165466,0.1060435026884079,0.9998900294303894,0.3985326886177063,0.21457526087760925,0.10601834952831268,0.9998704791069031,0.38225480914115906,0.21879518032073975,0.02776465378701687,0.9998520612716675,0.4003479480743408,0.21905909478664398,0.03428273648023605,0.9998396039009094,0.38837718963623047,0.23138177394866943,0.10208390653133392,0.9998576641082764,0.39395108819007874,0.23252086341381073,0.10364522784948349,0.9998733997344971,0.35810744762420654,0.2807483375072479,-0.015676232054829597,0.9998745322227478,0.4199749529361725,0.281859427690506,0.00736027117818594,0.9999179244041443,0.34926071763038635,0.3741897940635681,-0.011184616014361382,0.9542198181152344,0.43042993545532227,0.37620988488197327,0.000378844648366794,0.9916081428527832,0.36211708188056946,0.4306474030017853,0.003234532428905368,0.5545860528945923,0.4383469223976135,0.4544060528278351,0.0035515855997800827,0.9113831520080566,0.3651096224784851,0.4504501223564148,0.00220949063077569,0.4329760670661926,0.4415958821773529,0.47698265314102173,0.004876279272139072,0.8340417146682739,0.37110981345176697,0.44505569338798523,-0.0004355122218839824,0.41898995637893677,0.43828368186950684,0.47844141721725464,0.004519681911915541,0.8228017091751099,0.3714730441570282,0.43831875920295715,0.002935531083494425,0.38932764530181885,0.4353320002555847,0.47101590037345886,0.004067753441631794,0.7527371644973755,0.37843942642211914,0.45349472761154175,-0.018585069105029106,0.9996267557144165,0.41060933470726013,0.4495464861392975,0.01845710538327694,0.9994844794273376,0.38491401076316833,0.579552948474884,-0.02612253464758396,0.9934052228927612,0.42119184136390686,0.5602242946624756,0.06764917075634003,0.9881029725074768,0.39400118589401245,0.7082833051681519,-0.02002890780568123,0.984769880771637,0.4336234927177429,0.6698503494262695,0.09585437178611755,0.9800363183021545,0.39766332507133484,0.7324172258377075,-0.020032448694109917,0.9866661429405212,0.4325544238090515,0.6884793639183044,0.09855225682258606,0.9769641160964966,0.39256638288497925,0.7181271910667419,-0.04943658411502838,0.8497861623764038,0.43475013971328735,0.684002161026001,0.08330177515745163,0.8372111916542053
117,walk,0.39277026057243347,0.22555232048034668,0.12202677875757217,0.9998970627784729,0.3904498219490051,0.21631410717964172,0.100757896900177,0.9998646378517151,0.3886316418647766,0.21606957912445068,0.1007448211312294,0.9998763203620911,0.38683411478996277,0.2158997356891632,0.1007380336523056,0.9998684525489807,0.39589551091194153,0.21662284433841705,0.10299918800592422,0.9998799562454224,0.39796504378318787,0.2164982706308365,0.10303603112697601,0.9998899102210999,0.4001443386077881,0.21634088456630707,0.10301162302494049,0.9998687505722046,0.3838295340538025,0.22082804143428802,0.02278461679816246,0.9998569488525391,0.40180712938308716,0.22102686762809753,0.03241409361362457,0.9998418092727661,0.39006507396698,0.2331027090549469,0.09801403433084488,0.9998615384101868,0.3955989181995392,0.23420661687850952,0.1004294753074646,0.9998736381530762,0.359951376914978,0.28172188997268677,-0.01952902041375637,0.9998819828033447,0.4210020899772644,0.2829892635345459,0.0049076080322265625,0.999916136264801,0.35000935196876526,0.374131441116333,-0.020715631544589996,0.955771803855896,0.431163489818573,0.377437561750412,-0.00048202500329352915,0.9912780523300171,0.36207157373428345,0.4350312054157257,-0.013087567873299122,0.5753793716430664,0.4386383891105652,0.45700201392173767,-0.0008497274247929454,0.9158198833465576,0.36488106846809387,0.4557128846645355,-0.015398882329463959,0.45328488945961,0.44195556640625,0.4798147976398468,-0.0006751357577741146,0.8421822190284729,0.3707127571105957,0.4512544274330139,-0.018032051622867584,0.43923941254615784,0.43886056542396545,0.48118045926094055,-0.0020547888707369566,0.8311091661453247,0.3713659346103668,0.4443832039833069,-0.013628451153635979,0.4084972143173218,0.4359116554260254,0.4739369750022888,-0.000938901212066412,0.7634565234184265,0.3788445293903351,0.4544393718242645,-0.01838243380188942,0.9996581673622131,0.4108617901802063,0.45077425241470337,0.0182508397847414,0.9995092153549194,0.38527634739875793,0.580853283405304,-0.028773996978998184,0.9938374161720276,0.4211425185203552,0.5602964758872986,0.07138723134994507,0.9875255227088928,0.3936615288257599,0.7098073959350586,-0.020661544054746628,0.9856804013252258,0.4330960214138031,0.6676805019378662,0.10831346362829208,0.9793307781219482,0.39738062024116516,0.7326509952545166,-0.020591560751199722,0.9873214960098267,0.4322667121887207,0.6846975088119507,0.11162976175546646,0.9762013554573059,0.3924185037612915,0.7181673049926758,-0.052219439297914505,0.8574241399765015,0.43275031447410583,0.6825166344642639,0.0940593034029007,0.8373339772224426
118,walk,0.39381951093673706,0.2278670221567154,0.12466184049844742,0.999895453453064,0.391480028629303,0.21876168251037598,0.10362033545970917,0.9998622536659241,0.3896821141242981,0.21849918365478516,0.10361184924840927,0.9998751282691956,0.38792115449905396,0.2182903289794922,0.10360521078109741,0.9998651742935181,0.39691224694252014,0.2191338688135147,0.10452872514724731,0.9998761415481567,0.3990271985530853,0.21902962028980255,0.10456287860870361,0.9998878240585327,0.4012286067008972,0.21889019012451172,0.1045302152633667,0.9998643398284912,0.38516029715538025,0.22306117415428162,0.02505176141858101,0.9998586177825928,0.4029983878135681,0.2234388291835785,0.03367308899760246,0.9998409152030945,0.391224205493927,0.2351652979850769,0.10104595124721527,0.9998621940612793,0.3967213034629822,0.2364029586315155,0.10230948030948639,0.999871015548706,0.3614464998245239,0.28288933634757996,-0.019675452262163162,0.9998879432678223,0.42224740982055664,0.28514495491981506,0.007634562440216541,0.9999135136604309,0.35158348083496094,0.37379974126815796,-0.02216753177344799,0.956697940826416,0.43236762285232544,0.3793430030345917,-0.000679200398735702,0.9909502863883972,0.3621368408203125,0.4363211691379547,-0.015446539036929607,0.5916799306869507,0.4389818608760834,0.45861321687698364,-0.0007482109940610826,0.9201736450195312,0.3648033142089844,0.4567107856273651,-0.017980102449655533,0.4696304500102997,0.4420788884162903,0.4818067252635956,-0.0006551906117238104,0.8504049777984619,0.37047079205513,0.4524087607860565,-0.020527563989162445,0.4555513560771942,0.4389720559120178,0.4831537902355194,-0.001803666353225708,0.8395400047302246,0.3713052570819855,0.4454841613769531,-0.016014978289604187,0.4238361716270447,0.43613091111183167,0.47597312927246094,-0.000745924306102097,0.7742192149162292,0.3794260025024414,0.45534804463386536,-0.02108481153845787,0.9996864795684814,0.41159114241600037,0.4517577588558197,0.020944396033883095,0.99953293800354,0.38536328077316284,0.5807347893714905,-0.027038726955652237,0.9942893981933594,0.42110735177993774,0.5597496628761292,0.08131405711174011,0.9873867034912109,0.3934926390647888,0.7100497484207153,-0.019928589463233948,0.9866196513175964,0.4326183795928955,0.6681241393089294,0.12431013584136963,0.979300856590271,0.39728036522865295,0.7325087785720825,-0.019612368196249008,0.9880682826042175,0.43197640776634216,0.6849119663238525,0.1284164935350418,0.9762527346611023,0.39237356185913086,0.7182910442352295,-0.049231864511966705,0.8643588423728943,0.43140310049057007,0.6814582943916321,0.11274834722280502,0.837923526763916
119,walk,0.3958266079425812,0.22978392243385315,0.1258392184972763,0.9998960494995117,0.3935362696647644,0.22086812555789948,0.10499177128076553,0.9998628497123718,0.39179596304893494,0.22058294713497162,0.10498547554016113,0.9998765587806702,0.3900214731693268,0.22037731111049652,0.10497845709323883,0.9998650550842285,0.39877817034721375,0.2212342619895935,0.10479314625263214,0.9998753666877747,0.4008182883262634,0.2211170792579651,0.10483226925134659,0.9998881816864014,0.4028765559196472,0.2209523320198059,0.10481508076190948,0.9998630285263062,0.38689935207366943,0.2247006595134735,0.026603322476148605,0.9998624920845032,0.4045606553554535,0.225372314453125,0.03610669821500778,0.9998425841331482,0.3932718336582184,0.23700694739818573,0.10254408419132233,0.9998654723167419,0.39851897954940796,0.23802532255649567,0.10271254926919937,0.9998716115951538,0.36304885149002075,0.2837792634963989,-0.0192710030823946,0.9998946785926819,0.4234776496887207,0.2866874635219574,0.010237792506814003,0.9999123811721802,0.3531256914138794,0.37372279167175293,-0.02344781905412674,0.9580674171447754,0.4333488345146179,0.3797551095485687,0.0007527275010943413,0.990699052810669,0.36233535408973694,0.43745654821395874,-0.019005833193659782,0.6109833717346191,0.43931007385253906,0.4588794410228729,-0.0006452243542298675,0.9241005778312683,0.36478766798973083,0.4578801095485687,-0.022347908467054367,0.4896909296512604,0.4421786665916443,0.4822086691856384,-0.0005002272664569318,0.8577212691307068,0.3703114092350006,0.4534893035888672,-0.024671252816915512,0.4755675196647644,0.4390593469142914,0.48346617817878723,-0.0016608822625130415,0.8470594882965088,0.3712567687034607,0.44625160098075867,-0.019540639594197273,0.44272053241729736,0.4362601339817047,0.4762032926082611,-0.0005546752945519984,0.7838196754455566,0.38014060258865356,0.4552374482154846,-0.021060343831777573,0.9997128248214722,0.41235440969467163,0.45162883400917053,0.020916210487484932,0.9995571374893188,0.3857001066207886,0.5805081725120544,-0.028613969683647156,0.9946885704994202,0.42108064889907837,0.5578469634056091,0.07723550498485565,0.9873332381248474,0.3933770954608917,0.7098836898803711,-0.01987319067120552,0.9874756336212158,0.4322090744972229,0.6686652898788452,0.1152740940451622,0.9793775677680969,0.3971697688102722,0.7324903011322021,-0.01948400028049946,0.988755464553833,0.4315938949584961,0.6860857605934143,0.11886736005544662,0.9764957427978516,0.3922632336616516,0.7178077101707458,-0.04959234595298767,0.870652437210083,0.4313090741634369,0.6801081895828247,0.10268447548151016,0.838656485080719
120,walk,0.397561252117157,0.22992315888404846,0.1265023648738861,0.9998966455459595,0.39525607228279114,0.22101667523384094,0.10576581954956055,0.999863862991333,0.393501341342926,0.22078914940357208,0.1057603731751442,0.9998783469200134,0.39168092608451843,0.22065287828445435,0.10575316846370697,0.9998654127120972,0.4005560874938965,0.22146226465702057,0.10494886338710785,0.9998751878738403,0.4025808870792389,0.22143259644508362,0.10499268770217896,0.9998891949653625,0.4046074450016022,0.22137658298015594,0.10499028116464615,0.9998627305030823,0.3885497748851776,0.22544309496879578,0.027549266815185547,0.999866783618927,0.4064107835292816,0.2261706292629242,0.036960337311029434,0.9998455047607422,0.3948996961116791,0.23740683495998383,0.10336558520793915,0.9998682737350464,0.400251567363739,0.23830409348011017,0.10283638536930084,0.9998727440834045,0.36516010761260986,0.28456711769104004,-0.01850784197449684,0.9999004602432251,0.42512911558151245,0.28792867064476013,0.009872901253402233,0.9999115467071533,0.3547815680503845,0.3737635612487793,-0.021644780412316322,0.9600300192832947,0.43458518385887146,0.37985169887542725,0.00024275403120554984,0.9904985427856445,0.36242106556892395,0.43770676851272583,-0.01411089114844799,0.6281247735023499,0.4397941529750824,0.45842912793159485,-0.0008644199115224183,0.9269707798957825,0.3647072911262512,0.45818138122558594,-0.01697155460715294,0.5067756772041321,0.4424191415309906,0.48175838589668274,-0.0008937398088164628,0.8629101514816284,0.3699466288089752,0.4537716805934906,-0.018961958587169647,0.49254876375198364,0.4392714500427246,0.48277944326400757,-0.0019621315877884626,0.8522810339927673,0.3711543381214142,0.4463532269001007,-0.014458132907748222,0.4587222635746002,0.43647679686546326,0.47549426555633545,-0.0007955566979944706,0.7902812361717224,0.381171315908432,0.45573025941848755,-0.019986923784017563,0.999735414981842,0.4133337140083313,0.45238417387008667,0.01985158398747444,0.9995760321617126,0.386168897151947,0.5799509882926941,-0.027098964899778366,0.9950585961341858,0.42111045122146606,0.5573120713233948,0.07016099989414215,0.9875476360321045,0.3932211995124817,0.7097645401954651,-0.018569739535450935,0.9882692098617554,0.432145893573761,0.6693013310432434,0.10301585495471954,0.9798335433006287,0.39701324701309204,0.73199462890625,-0.01823738031089306,0.9894051551818848,0.43117016553878784,0.687242329120636,0.10610783100128174,0.9770541191101074,0.3922518789768219,0.7175039649009705,-0.04790278151631355,0.8762323260307312,0.43131017684936523,0.6809871196746826,0.08999554067850113,0.8411819338798523
121,walk,0.3997543156147003,0.23099111020565033,0.1261581927537918,0.9998926520347595,0.3974335789680481,0.2219689041376114,0.10480804741382599,0.9998595118522644,0.3956608176231384,0.22165289521217346,0.10479821264743805,0.9998757839202881,0.3938269317150116,0.2214365005493164,0.1047934740781784,0.9998603463172913,0.40271496772766113,0.22275878489017487,0.10596480220556259,0.9998687505722046,0.4046804904937744,0.2228468507528305,0.10600408166646957,0.9998851418495178,0.4066726565361023,0.22290301322937012,0.10599160194396973,0.9998555779457092,0.39051300287246704,0.2264270782470703,0.02530779503285885,0.9998673796653748,0.4086269736289978,0.227990061044693,0.03714679554104805,0.9998427033424377,0.397026002407074,0.23852884769439697,0.10196296870708466,0.9998667240142822,0.40238070487976074,0.23954716324806213,0.10361037403345108,0.9998683929443359,0.3669426441192627,0.2853800058364868,-0.021573681384325027,0.9999045133590698,0.42708125710487366,0.29018983244895935,0.010507983155548573,0.9999077320098877,0.3561789393424988,0.37385761737823486,-0.024859661236405373,0.9619894623756409,0.43602365255355835,0.3820745348930359,0.00162793998606503,0.9898852705955505,0.3624042868614197,0.43891966342926025,-0.01183115504682064,0.6419423818588257,0.44020017981529236,0.459033340215683,0.0006080675520934165,0.9277985095977783,0.36416080594062805,0.4592871069908142,-0.01407109759747982,0.5196645259857178,0.44255074858665466,0.48218175768852234,0.0007088192505761981,0.8647406101226807,0.36888718605041504,0.4554595947265625,-0.015565872192382812,0.5052933096885681,0.4394127428531647,0.4829680621623993,-0.0005183840403333306,0.853879451751709,0.3704102039337158,0.44815772771835327,-0.011848987080156803,0.4704388976097107,0.4366997182369232,0.475571870803833,0.0004477929323911667,0.7922070026397705,0.3821718990802765,0.4561859965324402,-0.020589815452694893,0.9997552633285522,0.4144083559513092,0.4533082842826843,0.020472707226872444,0.999588668346405,0.3865247368812561,0.580177366733551,-0.02972252666950226,0.9953780174255371,0.42122870683670044,0.5575025081634521,0.06882217526435852,0.9876046180725098,0.3931352496147156,0.7096741795539856,-0.020575473085045815,0.9889734983444214,0.43211355805397034,0.6697245836257935,0.10288804769515991,0.9800575971603394,0.39691832661628723,0.7317233681678772,-0.020349379628896713,0.9899460077285767,0.43090158700942993,0.6873524188995361,0.1060442179441452,0.9772944450378418,0.39223921298980713,0.7174391150474548,-0.05000225827097893,0.8814287781715393,0.43103688955307007,0.6815149188041687,0.09025231003761292,0.8431248068809509
122,walk,0.40164485573768616,0.2321448177099228,0.12663725018501282,0.9998945593833923,0.39932316541671753,0.22313076257705688,0.10525457561016083,0.9998620748519897,0.39754173159599304,0.22277535498142242,0.10524500906467438,0.9998787641525269,0.39571040868759155,0.22251677513122559,0.10524042695760727,0.999862551689148,0.404604434967041,0.224086195230484,0.10617401450872421,0.9998699426651001,0.4065396785736084,0.22423653304576874,0.10621269047260284,0.9998870491981506,0.4084945619106293,0.22438494861125946,0.10618869215250015,0.99985671043396,0.39230310916900635,0.22742335498332977,0.02599792182445526,0.9998723268508911,0.410534143447876,0.2297004908323288,0.03906792402267456,0.9998458027839661,0.3989344537258148,0.23960837721824646,0.1023474708199501,0.9998705387115479,0.4043620526790619,0.24082548916339874,0.10391642153263092,0.999870240688324,0.3687404990196228,0.28607118129730225,-0.021781858056783676,0.9999095797538757,0.42840662598609924,0.2912338078022003,0.014409164898097515,0.999905526638031,0.35757073760032654,0.3738612234592438,-0.024491075426340103,0.9639953374862671,0.437239408493042,0.3827272653579712,0.005322360433638096,0.989496111869812,0.36276775598526,0.43975329399108887,-0.009867636486887932,0.6582587957382202,0.44132286310195923,0.4596308469772339,0.003856111317873001,0.9291901588439941,0.36414340138435364,0.46006283164024353,-0.012057464569807053,0.5363433957099915,0.4432387351989746,0.4823412597179413,0.0038064662367105484,0.867649257183075,0.3688028156757355,0.4563065767288208,-0.013673687353730202,0.5219866633415222,0.4400816559791565,0.4832017719745636,0.0027077794075012207,0.8566787838935852,0.37039825320243835,0.4487861692905426,-0.009863759391009808,0.48602768778800964,0.4375230669975281,0.4758094847202301,0.0036343210376799107,0.7955489158630371,0.3831586241722107,0.45600560307502747,-0.022278130054473877,0.9997738599777222,0.4153551459312439,0.4534023702144623,0.022161614149808884,0.999602735042572,0.38701313734054565,0.5800557732582092,-0.0313284769654274,0.9956902265548706,0.42158985137939453,0.5570146441459656,0.0696980282664299,0.9878166913986206,0.39314088225364685,0.7095864415168762,-0.02261069416999817,0.989683985710144,0.43192189931869507,0.6695248484611511,0.10278575122356415,0.9805589914321899,0.3968980610370636,0.7313368320465088,-0.022404756397008896,0.9905320405960083,0.4306977689266205,0.6871113777160645,0.10580456256866455,0.9778671860694885,0.39197224378585815,0.7171521782875061,-0.052169788628816605,0.8870705366134644,0.4310486316680908,0.6807671785354614,0.08982864022254944,0.84619140625
123,walk,0.4037550091743469,0.23258370161056519,0.1269405037164688,0.9998925924301147,0.40147218108177185,0.22353479266166687,0.10555557906627655,0.9998602271080017,0.3997066617012024,0.22320106625556946,0.10554663091897964,0.9998781681060791,0.39791879057884216,0.2229529768228531,0.10554283857345581,0.9998598694801331,0.40674811601638794,0.22451451420783997,0.10659821331501007,0.9998664259910583,0.4086800217628479,0.22471491992473602,0.10663703829050064,0.9998853206634521,0.4106617569923401,0.22494465112686157,0.1066112071275711,0.9998524188995361,0.39448320865631104,0.22792337834835052,0.026522889733314514,0.9998737573623657,0.41272634267807007,0.23054534196853638,0.03888370841741562,0.9998438954353333,0.4011054039001465,0.24022778868675232,0.10263913869857788,0.9998703002929688,0.40654119849205017,0.24141812324523926,0.10433830320835114,0.9998677968978882,0.3710535168647766,0.286308616399765,-0.02058403566479683,0.9999140501022339,0.4299453794956207,0.2922247648239136,0.012520129792392254,0.9999032616615295,0.35928818583488464,0.3731052279472351,-0.025532033294439316,0.9654162526130676,0.43830838799476624,0.38293057680130005,0.0046319118700921535,0.9891009330749512,0.3636152744293213,0.44071969389915466,-0.017066195607185364,0.675759494304657,0.44213661551475525,0.4598715007305145,-0.0015503659378737211,0.9316136837005615,0.3643445670604706,0.46209433674812317,-0.020991958677768707,0.5554016828536987,0.4436454772949219,0.48228999972343445,-0.003104747738689184,0.8721809983253479,0.36889541149139404,0.45835423469543457,-0.02265704981982708,0.5410938262939453,0.44055432081222534,0.48317810893058777,-0.004644281696528196,0.8613205552101135,0.3706154227256775,0.45061400532722473,-0.017354262992739677,0.5038117170333862,0.43817511200904846,0.47579607367515564,-0.002036851365119219,0.8012630343437195,0.3842128813266754,0.4558658301830292,-0.02194511517882347,0.999790370464325,0.41640233993530273,0.45332589745521545,0.021819699555635452,0.9996138215065002,0.388232558965683,0.5800144076347351,-0.03246411308646202,0.9959665536880493,0.42239126563072205,0.5568960309028625,0.06885846704244614,0.9877696633338928,0.39316526055336,0.7096027731895447,-0.023299526423215866,0.9902992248535156,0.43172281980514526,0.6691087484359741,0.10355639457702637,0.9807254672050476,0.39684009552001953,0.7311842441558838,-0.023173633962869644,0.9910353422164917,0.43054190278053284,0.6869238615036011,0.10664460808038712,0.9781157970428467,0.39198997616767883,0.7171659469604492,-0.054338239133358,0.8915443420410156,0.43166083097457886,0.6810554265975952,0.08911476284265518,0.8471555113792419
124,walk,0.40579158067703247,0.2326941192150116,0.1272958368062973,0.9998934268951416,0.40351563692092896,0.2236824929714203,0.10590480268001556,0.9998612999916077,0.4017419219017029,0.22336755692958832,0.1058986634016037,0.999879777431488,0.3999618887901306,0.2231302410364151,0.10589979588985443,0.9998601675033569,0.4088028371334076,0.22460630536079407,0.10738109052181244,0.9998667240142822,0.41072264313697815,0.22481736540794373,0.10741468518972397,0.9998863935470581,0.41269636154174805,0.22506441175937653,0.10739120095968246,0.9998524188995361,0.396442711353302,0.22824618220329285,0.02657581865787506,0.9998765587806702,0.41465455293655396,0.2307673543691635,0.038867466151714325,0.9998447299003601,0.4030744433403015,0.2404421865940094,0.1027512177824974,0.9998719692230225,0.4085526466369629,0.24152138829231262,0.1047595888376236,0.9998684525489807,0.3731185793876648,0.2865055203437805,-0.01973821595311165,0.9999179244041443,0.43137580156326294,0.2930140495300293,0.012238669209182262,0.9999018907546997,0.3606968820095062,0.3730650544166565,-0.025772634893655777,0.9661341309547424,0.43966445326805115,0.38369041681289673,0.003870523301884532,0.988666296005249,0.3649689853191376,0.44156548380851746,-0.02012757584452629,0.6896076798439026,0.4426596164703369,0.46006131172180176,-0.0036627508234232664,0.9338564872741699,0.36499884724617004,0.4630308747291565,-0.024838952347636223,0.5706233382225037,0.4439130425453186,0.48207801580429077,-0.005503151565790176,0.8765206336975098,0.3694721460342407,0.45948731899261475,-0.026654671877622604,0.5563317537307739,0.44080132246017456,0.48293083906173706,-0.007042343262583017,0.8658235669136047,0.37144991755485535,0.45176517963409424,-0.020620089024305344,0.5178983211517334,0.43854373693466187,0.4755815267562866,-0.004096181597560644,0.8067432045936584,0.38575202226638794,0.4558108150959015,-0.02249007113277912,0.9998054504394531,0.41783881187438965,0.45318785309791565,0.022367773577570915,0.9996264576911926,0.39000198245048523,0.5781087875366211,-0.035991229116916656,0.9962470531463623,0.42385873198509216,0.5562588572502136,0.0695495456457138,0.9877046346664429,0.39337536692619324,0.7095933556556702,-0.0284946970641613,0.9909116625785828,0.43163007497787476,0.6683630347251892,0.10592144727706909,0.9808959364891052,0.3968249261379242,0.7311505675315857,-0.028461575508117676,0.991568386554718,0.43050065636634827,0.68597012758255,0.1091061607003212,0.9783235192298889,0.39199838042259216,0.7171729803085327,-0.06044691801071167,0.8960731625556946,0.43162617087364197,0.6806328892707825,0.09082593023777008,0.8474845886230469
125,walk,0.4072895050048828,0.2334131896495819,0.12731924653053284,0.9998953342437744,0.40507039427757263,0.22455312311649323,0.1060447096824646,0.9998636841773987,0.4033201336860657,0.2242831587791443,0.10604182630777359,0.9998825788497925,0.4015474319458008,0.22409756481647491,0.10604624450206757,0.9998621344566345,0.4105048179626465,0.22541306912899017,0.10774248838424683,0.9998682737350464,0.4124693274497986,0.22564029693603516,0.10777199268341064,0.9998884797096252,0.41446390748023987,0.22592037916183472,0.10775215923786163,0.9998537302017212,0.39825037121772766,0.22907738387584686,0.026944980025291443,0.9998801946640015,0.4162309169769287,0.2315889149904251,0.038877300918102264,0.9998467564582825,0.4045531153678894,0.24102796614170074,0.10285691916942596,0.9998746514320374,0.4102044105529785,0.24203123152256012,0.10480190813541412,0.9998704195022583,0.3743433654308319,0.286819726228714,-0.019540708512067795,0.9999213218688965,0.4326569139957428,0.29321354627609253,0.0123002203181386,0.999900221824646,0.3620116412639618,0.37288355827331543,-0.026643583551049232,0.9671939015388489,0.44142431020736694,0.3832826018333435,0.002938957419246435,0.9881731867790222,0.3662920594215393,0.44326332211494446,-0.018938643857836723,0.7025929093360901,0.44407978653907776,0.4600226879119873,-0.003205837681889534,0.9345200657844543,0.3659836947917938,0.46459880471229553,-0.023550447076559067,0.5848994255065918,0.4447864592075348,0.481911301612854,-0.004690566565841436,0.8784399032592773,0.3701687753200531,0.46098095178604126,-0.02511804737150669,0.5704617500305176,0.441899836063385,0.48277854919433594,-0.006260397844016552,0.8677323460578918,0.37227100133895874,0.4532358944416046,-0.019285451620817184,0.5306859612464905,0.43980392813682556,0.4754301607608795,-0.003560490906238556,0.8087485432624817,0.38749706745147705,0.45509812235832214,-0.022288912907242775,0.9998189806938171,0.41961464285850525,0.4526002109050751,0.022168371826410294,0.9996384978294373,0.391340970993042,0.5736652612686157,-0.03517264872789383,0.9965200424194336,0.42507466673851013,0.5552387237548828,0.06792043894529343,0.9879468083381653,0.39352381229400635,0.7086684703826904,-0.028128352016210556,0.9914793968200684,0.43153706192970276,0.6683129072189331,0.10358872264623642,0.9813276529312134,0.3967305123806,0.7300316095352173,-0.028058147057890892,0.9920654892921448,0.430429607629776,0.6860318779945374,0.10650676488876343,0.9788089990615845,0.3920760750770569,0.7166343927383423,-0.05913059040904045,0.8993315100669861,0.43144455552101135,0.6800240278244019,0.09062404930591583,0.8476067781448364
126,walk,0.4088971018791199,0.23402589559555054,0.12738856673240662,0.9998947381973267,0.406684011220932,0.2249777615070343,0.10612131655216217,0.9998627305030823,0.4049316942691803,0.22469782829284668,0.10611926019191742,0.9998827576637268,0.4031522870063782,0.22451186180114746,0.106124147772789,0.9998607039451599,0.41211873292922974,0.22586464881896973,0.10789225995540619,0.9998664855957031,0.414078950881958,0.226092129945755,0.1079210638999939,0.9998881220817566,0.41607022285461426,0.22635897994041443,0.10789942741394043,0.999851644039154,0.3998942971229553,0.22956672310829163,0.027259984984993935,0.9998807311058044,0.41788893938064575,0.2320888340473175,0.03789015859365463,0.9998457431793213,0.4061778485774994,0.24166123569011688,0.10299476236104965,0.9998747706413269,0.41181454062461853,0.24266855418682098,0.10493145138025284,0.999870240688324,0.37611785531044006,0.2869146764278412,-0.019135136157274246,0.9999237656593323,0.4341558516025543,0.29399144649505615,0.010233103297650814,0.9998992085456848,0.3633096218109131,0.3726918399333954,-0.025278786197304726,0.9681009650230408,0.44249042868614197,0.3833267092704773,0.0001811336405808106,0.9878392219543457,0.36753812432289124,0.4438886046409607,-0.017789646983146667,0.7153311371803284,0.4450262188911438,0.46013230085372925,-0.004604931455105543,0.9354380965232849,0.36725547909736633,0.4653317332267761,-0.022313931956887245,0.5990436673164368,0.4456031322479248,0.4817890226840973,-0.006167445331811905,0.880511462688446,0.3712170124053955,0.46209877729415894,-0.02390080876648426,0.5845068693161011,0.4429122507572174,0.4826500415802002,-0.008267327211797237,0.8698253035545349,0.3732791543006897,0.45452988147735596,-0.018171686679124832,0.5432435274124146,0.44093385338783264,0.47531116008758545,-0.005098938476294279,0.8110692501068115,0.38905003666877747,0.4548531472682953,-0.021262582391500473,0.9998303651809692,0.42043358087539673,0.45251181721687317,0.021138761192560196,0.9996488094329834,0.3920600414276123,0.5727665424346924,-0.0350617840886116,0.9967464804649353,0.4263639450073242,0.5549434423446655,0.059803642332553864,0.9882088303565979,0.39374688267707825,0.707562267780304,-0.02767777070403099,0.9919637441635132,0.4314752221107483,0.6685670018196106,0.09398895502090454,0.9818143844604492,0.39670833945274353,0.7289215922355652,-0.027775008231401443,0.9924793243408203,0.43020886182785034,0.6864280104637146,0.0968160629272461,0.9793186187744141,0.3920959532260895,0.7160930037498474,-0.05832827091217041,0.902190089225769,0.43178266286849976,0.6803850531578064,0.07703490555286407,0.8491787910461426
127,walk,0.4106379449367523,0.2345477044582367,0.1310572326183319,0.9998894929885864,0.4083479940891266,0.22543933987617493,0.10991017520427704,0.9998575448989868,0.40658602118492126,0.22518545389175415,0.1099136620759964,0.9998791217803955,0.4048042297363281,0.2250417023897171,0.10991863906383514,0.9998550415039062,0.4139011800289154,0.22632944583892822,0.11163847148418427,0.9998598694801331,0.41588377952575684,0.22657054662704468,0.11166294664144516,0.9998834133148193,0.4178997874259949,0.22684693336486816,0.11163485050201416,0.9998440146446228,0.4017099440097809,0.23025554418563843,0.031911879777908325,0.9998770356178284,0.4197939932346344,0.2326560616493225,0.040128011256456375,0.99983811378479,0.407874196767807,0.24219444394111633,0.10674567520618439,0.9998693466186523,0.41360798478126526,0.24324676394462585,0.10845224559307098,0.999863862991333,0.378408282995224,0.2871096134185791,-0.01418682374060154,0.9999242424964905,0.435925155878067,0.29488611221313477,0.010579327121376991,0.9998927116394043,0.3652890920639038,0.372678279876709,-0.02428998425602913,0.9678484797477722,0.44373026490211487,0.38362210988998413,0.00017737055895850062,0.9870745539665222,0.37018901109695435,0.4435192048549652,-0.021234523504972458,0.7236196398735046,0.44567927718162537,0.4600399136543274,-0.004326854832470417,0.9331756234169006,0.36990681290626526,0.46487918496131897,-0.026932377368211746,0.6080875992774963,0.4462127089500427,0.481288880109787,-0.005885529797524214,0.8777123689651489,0.37394464015960693,0.4614832103252411,-0.028400370851159096,0.5934157967567444,0.4434383511543274,0.4818406403064728,-0.008297343738377094,0.8667370080947876,0.37592923641204834,0.45391592383384705,-0.02182720974087715,0.5503897070884705,0.441474586725235,0.47475025057792664,-0.004880608059465885,0.8065857887268066,0.3907639682292938,0.4540029764175415,-0.019127046689391136,0.9998387098312378,0.42192697525024414,0.4517124891281128,0.01902110129594803,0.9996519684791565,0.39315640926361084,0.5703872442245483,-0.03459407389163971,0.9969346523284912,0.42735451459884644,0.5547771453857422,0.05225609615445137,0.9882539510726929,0.39380666613578796,0.7054358124732971,-0.03060503676533699,0.9922800064086914,0.4314209520816803,0.6687785983085632,0.08266906440258026,0.9818297624588013,0.3967333436012268,0.7267760634422302,-0.031049787998199463,0.9927822947502136,0.43020468950271606,0.686692476272583,0.08504266291856766,0.979393720626831,0.39242738485336304,0.7161192297935486,-0.06426431238651276,0.9018664956092834,0.4319365620613098,0.6806573867797852,0.06193418428301811,0.8454853892326355
128,walk,0.41203221678733826,0.2350429892539978,0.13904818892478943,0.9998884201049805,0.4098491668701172,0.2260272353887558,0.11802146583795547,0.9998571276664734,0.40810641646385193,0.2258661687374115,0.11803009361028671,0.9998791813850403,0.40632113814353943,0.22581683099269867,0.11803384125232697,0.9998542666435242,0.4152420163154602,0.22665812075138092,0.11918026208877563,0.9998588562011719,0.4172201156616211,0.22683213651180267,0.11920090019702911,0.9998831748962402,0.4192306399345398,0.22706001996994019,0.11916951090097427,0.9998431205749512,0.4032441973686218,0.23098161816596985,0.040652770549058914,0.9998773336410522,0.42114147543907166,0.2328738570213318,0.045129887759685516,0.9998378157615662,0.40925803780555725,0.24267616868019104,0.11497310549020767,0.9998680353164673,0.4148935377597809,0.24354155361652374,0.11583741754293442,0.9998628497123718,0.38003814220428467,0.2874220311641693,-0.005779169965535402,0.9999251365661621,0.43698859214782715,0.29538848996162415,0.012629762291908264,0.9998893141746521,0.3669772744178772,0.37267616391181946,-0.017574917525053024,0.9676795601844788,0.444924533367157,0.38346993923187256,6.944972847122699e-05,0.9867912530899048,0.3724718391895294,0.44338226318359375,-0.018768001347780228,0.7287600636482239,0.446499764919281,0.4596700966358185,-0.007382204290479422,0.9317286014556885,0.3724125027656555,0.46436432003974915,-0.02394353225827217,0.613347053527832,0.44705694913864136,0.47994494438171387,-0.009243900887668133,0.8759270906448364,0.37689340114593506,0.46111929416656494,-0.02542467974126339,0.5985647439956665,0.44415006041526794,0.480043888092041,-0.011708291247487068,0.8647480607032776,0.37868401408195496,0.4537345767021179,-0.019316254183650017,0.5542952418327332,0.4421766698360443,0.4734594225883484,-0.007991780526936054,0.8035528063774109,0.3920747935771942,0.45390427112579346,-0.0173034630715847,0.9998452067375183,0.42276787757873535,0.45155102014541626,0.017210055142641068,0.9996545910835266,0.39399880170822144,0.5693920850753784,-0.03306574746966362,0.9971214532852173,0.4284731447696686,0.5545451045036316,0.04991475120186806,0.9885081648826599,0.39393529295921326,0.7033565640449524,-0.02894093096256256,0.9926013946533203,0.4313944876194,0.669136106967926,0.07764426618814468,0.9821022152900696,0.3968985378742218,0.7244540452957153,-0.029103165492415428,0.9931094646453857,0.43017083406448364,0.6870201230049133,0.07978648692369461,0.9797695279121399,0.3924589455127716,0.7161915302276611,-0.0610598623752594,0.901692807674408,0.432238906621933,0.6810111403465271,0.05692990869283676,0.8432374000549316
129,walk,0.4131825864315033,0.23565614223480225,0.14339153468608856,0.9998832941055298,0.4109988808631897,0.22671452164649963,0.12280287593603134,0.9998524188995361,0.40928417444229126,0.22661617398262024,0.12281104177236557,0.9998750686645508,0.40749531984329224,0.22662582993507385,0.12280867248773575,0.9998493194580078,0.4163026213645935,0.22718852758407593,0.12360043823719025,0.9998540878295898,0.4182935655117035,0.22733528912067413,0.12361999601125717,0.9998795390129089,0.4203170835971832,0.22755613923072815,0.12358458340167999,0.9998391270637512,0.4044707417488098,0.2319856435060501,0.04684385657310486,0.9998733997344971,0.42230263352394104,0.23358626663684845,0.04948669672012329,0.999833345413208,0.4105324149131775,0.24334785342216492,0.11979838460683823,0.9998602271080017,0.41604700684547424,0.24416251480579376,0.12024307250976562,0.9998564124107361,0.38172149658203125,0.28824788331985474,0.0015827564056962729,0.9999218583106995,0.4382932186126709,0.29593127965927124,0.01391135435551405,0.9998828172683716,0.3686597943305969,0.3727659583091736,-0.008240606635808945,0.9666433930397034,0.4467170238494873,0.38337334990501404,2.372872768319212e-05,0.9867994785308838,0.3755401074886322,0.44128379225730896,-0.011258775368332863,0.718535304069519,0.4480926990509033,0.4587832987308502,-0.006914363708347082,0.9273130893707275,0.3760421872138977,0.46048879623413086,-0.0165150985121727,0.6017475724220276,0.44855237007141113,0.47832438349723816,-0.008423686027526855,0.8689846992492676,0.38072070479393005,0.45662006735801697,-0.017634941264986992,0.5867308974266052,0.4455636143684387,0.47834083437919617,-0.010450533591210842,0.8572332262992859,0.3821350932121277,0.4498792290687561,-0.01207603421062231,0.5421508550643921,0.4435804486274719,0.47216448187828064,-0.007312721107155085,0.7939454317092896,0.3935108780860901,0.45388761162757874,-0.014411871321499348,0.9998442530632019,0.42404255270957947,0.45152053236961365,0.01432577520608902,0.9996427893638611,0.3947204053401947,0.5676353573799133,-0.02953547239303589,0.9972159266471863,0.42985501885414124,0.5541163682937622,0.041585586965084076,0.9886394143104553,0.3939061164855957,0.6986883878707886,-0.027740363031625748,0.9926217794418335,0.43134355545043945,0.6697978377342224,0.06122303009033203,0.9820322394371033,0.39697694778442383,0.7198637127876282,-0.028141487389802933,0.9932180643081665,0.4301467537879944,0.6873108148574829,0.06261930614709854,0.9799337387084961,0.39239126443862915,0.7149843573570251,-0.05858716368675232,0.8974869251251221,0.43223103880882263,0.6816068291664124,0.03978836163878441,0.8383651971817017
130,walk,0.4139147698879242,0.23678499460220337,0.1413637101650238,0.999881386756897,0.4119771122932434,0.22810408473014832,0.12104766070842743,0.9998502135276794,0.4103597104549408,0.22806262969970703,0.12105554342269897,0.9998731017112732,0.4086339473724365,0.2281055599451065,0.12105442583560944,0.9998471736907959,0.4170248508453369,0.2283174693584442,0.12168589979410172,0.9998519420623779,0.4189772605895996,0.22837474942207336,0.12170718610286713,0.9998779296875,0.42103663086891174,0.2285252958536148,0.12167000770568848,0.9998376369476318,0.4056853652000427,0.23344874382019043,0.04644501209259033,0.9998703598976135,0.42317432165145874,0.23458372056484222,0.048047855496406555,0.999829888343811,0.4114147126674652,0.24451234936714172,0.1180865615606308,0.9998553395271301,0.4166153073310852,0.24517127871513367,0.11836075782775879,0.9998524188995361,0.3830175995826721,0.28878846764564514,0.00294870394282043,0.9999192953109741,0.43977659940719604,0.29672548174858093,0.012662266381084919,0.9998800754547119,0.37053054571151733,0.3727947771549225,-0.0063472636975348,0.9648543000221252,0.4484325051307678,0.383276104927063,-0.002689993241801858,0.9868189096450806,0.37780332565307617,0.43940606713294983,-0.010974818840622902,0.7119945287704468,0.44909971952438354,0.4582434892654419,-0.008537763729691505,0.9258368015289307,0.37865468859672546,0.4572916626930237,-0.016266237944364548,0.5943708419799805,0.44941750168800354,0.4768226146697998,-0.009872540831565857,0.8665444254875183,0.3835744261741638,0.45279476046562195,-0.01759331114590168,0.5792818665504456,0.44626492261886597,0.47657784819602966,-0.01191592775285244,0.8546438217163086,0.3847752511501312,0.4463537037372589,-0.011941252276301384,0.5341580510139465,0.4443732798099518,0.47088485956192017,-0.008861568756401539,0.7903730273246765,0.3949117064476013,0.45287591218948364,-0.011417577043175697,0.999841570854187,0.4251444339752197,0.4509194791316986,0.011324252001941204,0.9996325969696045,0.39544034004211426,0.5630698800086975,-0.02654220163822174,0.9972732663154602,0.4304455816745758,0.5531427264213562,0.03452738747000694,0.988700807094574,0.39391130208969116,0.6891276240348816,-0.027604112401604652,0.9925647377967834,0.43132972717285156,0.6698846817016602,0.04999806731939316,0.9820285439491272,0.3970182538032532,0.7112106084823608,-0.02765713632106781,0.9932546019554138,0.4301703870296478,0.6873464584350586,0.050965916365385056,0.980076789855957,0.3924221992492676,0.7113168239593506,-0.05797257274389267,0.8933684825897217,0.4323582649230957,0.6824988126754761,0.026298245415091515,0.8353756070137024
131,walk,0.4150688648223877,0.23779360949993134,0.14284184575080872,0.9998814463615417,0.4131215214729309,0.22926725447177887,0.12256868183612823,0.999850332736969,0.4115239083766937,0.22923654317855835,0.12257502973079681,0.9998732209205627,0.4098012447357178,0.22929532825946808,0.12257107347249985,0.9998481273651123,0.4181119501590729,0.22947576642036438,0.1239418163895607,0.999851644039154,0.42005762457847595,0.2295258790254593,0.12395954132080078,0.9998778700828552,0.4221619665622711,0.2296813726425171,0.12392300367355347,0.999839186668396,0.4068313539028168,0.2346181869506836,0.046974338591098785,0.9998690485954285,0.42446866631507874,0.235739603638649,0.05227348208427429,0.9998276233673096,0.4126809239387512,0.2454981654882431,0.11921199411153793,0.999850869178772,0.41772931814193726,0.24621160328388214,0.12038769572973251,0.9998475909233093,0.38445577025413513,0.28960007429122925,0.0016623176634311676,0.9999151825904846,0.44107356667518616,0.29821303486824036,0.017245037481188774,0.9998723268508911,0.3729352653026581,0.37289848923683167,-0.0056865885853767395,0.964499294757843,0.45001688599586487,0.3847416043281555,0.008230806328356266,0.9867814779281616,0.3805695176124573,0.4384215474128723,-0.004661122802644968,0.7022579312324524,0.4498874247074127,0.4580364227294922,0.009149838238954544,0.9188970923423767,0.38131967186927795,0.4557754099369049,-0.008091541938483715,0.5824931859970093,0.45017942786216736,0.4758782684803009,0.010063273832201958,0.8558169603347778,0.3864118158817291,0.45081278681755066,-0.009215133264660835,0.567238450050354,0.44687390327453613,0.47546565532684326,0.007989656180143356,0.8432580232620239,0.38758203387260437,0.44461631774902344,-0.00525327492505312,0.5215214490890503,0.4450548589229584,0.470032662153244,0.008889736607670784,0.7763216495513916,0.3960997760295868,0.4504072070121765,-0.01204007025808096,0.9998364448547363,0.4260804057121277,0.44963327050209045,0.011948926374316216,0.9996211528778076,0.39657703042030334,0.5571889877319336,-0.03411553055047989,0.9973710179328918,0.43127769231796265,0.5522416234016418,0.02480919286608696,0.9891651272773743,0.3941810131072998,0.6806512475013733,-0.04226045683026314,0.9925426840782166,0.431305468082428,0.6696038246154785,0.029630502685904503,0.9823877811431885,0.3974432349205017,0.7002620100975037,-0.04348238185048103,0.9933248162269592,0.43019023537635803,0.6868653893470764,0.02952353097498417,0.9804709553718567,0.3924257159233093,0.7061647772789001,-0.07616104185581207,0.8892845511436462,0.4321884512901306,0.6830586194992065,0.0034183792304247618,0.8339404463768005
132,walk,0.4156471788883209,0.23906254768371582,0.14884448051452637,0.9998821020126343,0.4138028621673584,0.23053735494613647,0.12906545400619507,0.9998521208763123,0.41224488615989685,0.2304970920085907,0.12907357513904572,0.9998747110366821,0.4105880856513977,0.23053716123104095,0.12906792759895325,0.9998510479927063,0.41860857605934143,0.23072823882102966,0.12997667491436005,0.9998528957366943,0.4204894006252289,0.23077383637428284,0.12999524176120758,0.9998788237571716,0.4225975573062897,0.23092737793922424,0.12995576858520508,0.9998420476913452,0.4078366756439209,0.23587727546691895,0.05460410565137863,0.9998699426651001,0.42502856254577637,0.23704569041728973,0.0578886941075325,0.9998278617858887,0.413458913564682,0.24670997262001038,0.12562862038612366,0.9998488426208496,0.41831478476524353,0.2476198375225067,0.12624920904636383,0.9998453259468079,0.38538336753845215,0.2901611328125,0.01060666237026453,0.9999139904975891,0.44205841422080994,0.29855120182037354,0.018973827362060547,0.9998713731765747,0.37475326657295227,0.37290093302726746,0.004403537604957819,0.9641351103782654,0.45132866501808167,0.38460829854011536,0.010931169614195824,0.9870266914367676,0.38243621587753296,0.43778589367866516,0.007170109543949366,0.691390335559845,0.4511912763118744,0.4565148949623108,0.013773915357887745,0.9135081171989441,0.383115291595459,0.4545460045337677,0.004280745517462492,0.568960428237915,0.45115455985069275,0.47426244616508484,0.014295017346739769,0.8466979265213013,0.3880867063999176,0.4492993652820587,0.0028768808115273714,0.5534716844558716,0.447715699672699,0.4736559987068176,0.012518833391368389,0.8336462378501892,0.38919129967689514,0.44319653511047363,0.00648458581417799,0.5077102780342102,0.44615688920021057,0.4682391285896301,0.01368558406829834,0.7644132375717163,0.3971168100833893,0.446924090385437,-0.007541915867477655,0.9998350739479065,0.4270057678222656,0.44724777340888977,0.0074592893943190575,0.9996229410171509,0.39785733819007874,0.5510554909706116,-0.03599005192518234,0.9973954558372498,0.4317154884338379,0.5515899062156677,0.00901737716048956,0.9895859956741333,0.39473339915275574,0.6730539798736572,-0.04780370369553566,0.9921523332595825,0.43125462532043457,0.6696721315383911,0.008578160777688026,0.9826515316963196,0.3978584408760071,0.6917800307273865,-0.049461811780929565,0.9931279420852661,0.43014007806777954,0.6870828866958618,0.008019804954528809,0.9807777404785156,0.3928452134132385,0.701970636844635,-0.08311443030834198,0.8804046511650085,0.4323078989982605,0.6830763816833496,-0.02081882581114769,0.8318155407905579
133,walk,0.41640791296958923,0.24040672183036804,0.15033186972141266,0.9998874664306641,0.41453543305397034,0.23175384104251862,0.13138772547245026,0.9998593330383301,0.41296321153640747,0.23164381086826324,0.13139502704143524,0.9998804330825806,0.41133442521095276,0.23161548376083374,0.13138863444328308,0.9998587965965271,0.41925257444381714,0.2321091741323471,0.13206174969673157,0.9998600482940674,0.42108815908432007,0.2321971207857132,0.13207857310771942,0.9998842477798462,0.423156201839447,0.23237328231334686,0.13204164803028107,0.9998505115509033,0.40867605805397034,0.2368600070476532,0.05918935686349869,0.9998753070831299,0.42553502321243286,0.23830610513687134,0.0611741729080677,0.9998351335525513,0.4142112135887146,0.24796678125858307,0.12776175141334534,0.9998534917831421,0.4189979135990143,0.24890007078647614,0.1280338615179062,0.9998500943183899,0.3861457109451294,0.2907811403274536,0.014125436544418335,0.9999154210090637,0.4425686299800873,0.29879677295684814,0.023770246654748917,0.9998740553855896,0.37619686126708984,0.3729115426540375,0.008033296093344688,0.9640370607376099,0.4523290693759918,0.38450363278388977,0.01606796309351921,0.9871892333030701,0.383640855550766,0.43671247363090515,0.011771042831242085,0.6826494336128235,0.4520384669303894,0.45600396394729614,0.020263226702809334,0.9087458848953247,0.3841123580932617,0.45316082239151,0.009806514717638493,0.5575780868530273,0.4521285891532898,0.47411319613456726,0.021175194531679153,0.8390554189682007,0.38895031809806824,0.44747593998908997,0.008295319974422455,0.5418788194656372,0.44858354330062866,0.4735959470272064,0.02015649899840355,0.825490415096283,0.39013540744781494,0.44155529141426086,0.011150202713906765,0.49625709652900696,0.4469752907752991,0.46791890263557434,0.020475100725889206,0.7540473937988281,0.39827901124954224,0.4436795115470886,-0.007540346588939428,0.9998367428779602,0.4279680848121643,0.4444759786128998,0.007458716630935669,0.9996311664581299,0.3989941477775574,0.546671450138092,-0.03834095224738121,0.9974071383476257,0.4318091869354248,0.5502620935440063,0.0012014658423140645,0.9899389743804932,0.3961978256702423,0.6661720871925354,-0.05633673816919327,0.9918505549430847,0.43123912811279297,0.6694830656051636,-0.004727896768599749,0.9828593134880066,0.39932313561439514,0.6827789545059204,-0.0586407370865345,0.992979109287262,0.43016713857650757,0.6870851516723633,-0.005707605741918087,0.9808065295219421,0.39369359612464905,0.7010205388069153,-0.09355262666940689,0.876620888710022,0.4322736859321594,0.6830937266349792,-0.03571082279086113,0.8326903581619263
134,walk,0.4173499047756195,0.24160677194595337,0.1506846696138382,0.9998924732208252,0.41554203629493713,0.23302002251148224,0.13143259286880493,0.9998658299446106,0.41399818658828735,0.2328147292137146,0.13144145905971527,0.9998855590820312,0.4123869836330414,0.23268583416938782,0.13143664598464966,0.9998657703399658,0.420177161693573,0.23348850011825562,0.1325736939907074,0.999866783618927,0.421957403421402,0.23355183005332947,0.132587730884552,0.9998894333839417,0.42397984862327576,0.2336868941783905,0.13255426287651062,0.999858558177948,0.40953388810157776,0.2376275211572647,0.05825015902519226,0.9998801946640015,0.42636290192604065,0.23924396932125092,0.062411464750766754,0.9998417496681213,0.41518861055374146,0.24899543821811676,0.12786069512367249,0.9998579621315002,0.4198150038719177,0.24994489550590515,0.12869220972061157,0.9998549818992615,0.3867974877357483,0.29103806614875793,0.0105140944942832,0.9999162554740906,0.4431731104850769,0.2995989918708801,0.028823107481002808,0.9998751878738403,0.3773549497127533,0.37291204929351807,0.004343461710959673,0.9653501510620117,0.4534505009651184,0.38442158699035645,0.02221476286649704,0.987504780292511,0.38426491618156433,0.43506625294685364,0.009975754655897617,0.6796354055404663,0.45348477363586426,0.45395931601524353,0.025069061666727066,0.9042821526527405,0.38430148363113403,0.4513563811779022,0.0076734572649002075,0.551263689994812,0.4538954794406891,0.4721801280975342,0.026135802268981934,0.8315927982330322,0.38920965790748596,0.4457748532295227,0.006687468383461237,0.535295844078064,0.45032867789268494,0.47135627269744873,0.025168705731630325,0.8174518346786499,0.39067837595939636,0.43982285261154175,0.009662091732025146,0.48933297395706177,0.44858646392822266,0.46571046113967896,0.025309527292847633,0.7436195611953735,0.399078369140625,0.44286638498306274,-0.00835372507572174,0.9998336434364319,0.42889371514320374,0.443729430437088,0.00831546075642109,0.9996302723884583,0.4000431001186371,0.5468206405639648,-0.043656136840581894,0.997466504573822,0.4321495592594147,0.5499967932701111,0.005074311047792435,0.9903224110603333,0.3976398706436157,0.6631267666816711,-0.06047464534640312,0.9917089343070984,0.4312244951725006,0.6694828867912292,-0.0002900536055676639,0.9830282926559448,0.40060168504714966,0.679896354675293,-0.06239224225282669,0.9929742217063904,0.4302196502685547,0.6871378421783447,-0.001257569994777441,0.9809309244155884,0.3940056264400482,0.6955944299697876,-0.09574127942323685,0.8741609454154968,0.43206891417503357,0.6830673217773438,-0.02995792031288147,0.8320987224578857
135,walk,0.4178229868412018,0.24261832237243652,0.1485176384449005,0.9998972415924072,0.41608184576034546,0.2341478317975998,0.12875443696975708,0.9998722672462463,0.41455888748168945,0.23390384018421173,0.12876121699810028,0.9998908042907715,0.4129863679409027,0.23372787237167358,0.12875759601593018,0.9998727440834045,0.42059406638145447,0.23472531139850616,0.12996695935726166,0.9998733997344971,0.4223594665527344,0.23481367528438568,0.12998411059379578,0.999894380569458,0.4243307113647461,0.23495779931545258,0.12995190918445587,0.9998660087585449,0.41015586256980896,0.23852363228797913,0.0551273338496685,0.999885618686676,0.42674875259399414,0.24039959907531738,0.06117655709385872,0.9998481273651123,0.41569381952285767,0.2499111443758011,0.12531642615795135,0.9998632669448853,0.4202353358268738,0.25089237093925476,0.12632732093334198,0.9998604655265808,0.3872622549533844,0.2913915514945984,0.007803254760801792,0.9999175071716309,0.4435350298881531,0.2998283803462982,0.030428117141127586,0.9998766183853149,0.3777804970741272,0.372891366481781,0.0016400434542447329,0.9669790267944336,0.4542681574821472,0.38351914286613464,0.025778677314519882,0.9877582788467407,0.38402947783470154,0.43364325165748596,0.010577479377388954,0.6780987977981567,0.45540374517440796,0.4519660174846649,0.02833651378750801,0.899573028087616,0.3840291500091553,0.4494987428188324,0.008080879226326942,0.5463190674781799,0.45598873496055603,0.4700619578361511,0.029500383883714676,0.823807418346405,0.388715922832489,0.44380518794059753,0.007444506976753473,0.5301939845085144,0.4525372087955475,0.4690495431423187,0.028434336185455322,0.8091220259666443,0.3901960253715515,0.4381113350391388,0.010611972771584988,0.48413458466529846,0.45061320066452026,0.4634084105491638,0.02857094630599022,0.7330969572067261,0.3997216820716858,0.441344290971756,-0.008689502254128456,0.9998276829719543,0.4294974207878113,0.4420899748802185,0.008679630234837532,0.9996253252029419,0.40115171670913696,0.5459515452384949,-0.04100367799401283,0.997515857219696,0.4323534071445465,0.5495404005050659,0.013104108162224293,0.9906763434410095,0.4002822935581207,0.6611639857292175,-0.051644664257764816,0.9916097521781921,0.4311729073524475,0.6694915890693665,0.010849804617464542,0.983285665512085,0.40332722663879395,0.6776198744773865,-0.05300188064575195,0.9929111003875732,0.42979949712753296,0.6873782277107239,0.010140783153474331,0.9810610413551331,0.39457157254219055,0.6915115714073181,-0.08577416837215424,0.8722739219665527,0.43217793107032776,0.6830047965049744,-0.01612318679690361,0.8313543200492859
136,walk,0.41847509145736694,0.24336785078048706,0.13884760439395905,0.9998977184295654,0.4166879653930664,0.2349698841571808,0.11971305310726166,0.9998735189437866,0.4151546359062195,0.23467428982257843,0.11972050368785858,0.9998916387557983,0.4135870337486267,0.23443245887756348,0.11971288919448853,0.9998748302459717,0.42115744948387146,0.23563030362129211,0.12139593064785004,0.9998748898506165,0.42288675904273987,0.2357131540775299,0.12141867727041245,0.999894917011261,0.4248061180114746,0.23583869636058807,0.12139040231704712,0.999867856502533,0.41062918305397034,0.23899608850479126,0.04900402948260307,0.9998862743377686,0.4271881580352783,0.24108418822288513,0.05659323185682297,0.999847412109375,0.41625529527664185,0.2505526840686798,0.11682258546352386,0.9998623132705688,0.4207778871059418,0.2515748143196106,0.11839185655117035,0.9998594522476196,0.38774996995925903,0.29148069024086,0.002978317439556122,0.9999157190322876,0.4436013102531433,0.2998287081718445,0.028106966987252235,0.999875009059906,0.37803909182548523,0.3723290264606476,-0.0005310472333803773,0.9679484963417053,0.4548153877258301,0.3829052448272705,0.020814143121242523,0.9879058003425598,0.384628027677536,0.43326616287231445,0.008142071776092052,0.6742578148841858,0.4565766751766205,0.45077845454216003,0.024288533255457878,0.8956233859062195,0.38467341661453247,0.4497714638710022,0.005968089215457439,0.539936900138855,0.4573191702365875,0.4686925709247589,0.025690531358122826,0.8174240589141846,0.38935452699661255,0.4443289339542389,0.005060234572738409,0.523733377456665,0.4541754722595215,0.467798113822937,0.02463565021753311,0.802351713180542,0.39077284932136536,0.43838924169540405,0.008138526231050491,0.4776303470134735,0.45224729180336,0.46233856678009033,0.02460932917892933,0.7244657874107361,0.4000406265258789,0.4407999813556671,-0.009418333880603313,0.9998135566711426,0.42959848046302795,0.4411980211734772,0.009382279589772224,0.9996083974838257,0.4018048346042633,0.5458468794822693,-0.03339409828186035,0.9975219964981079,0.4332062304019928,0.5495696067810059,0.017485203221440315,0.9908956289291382,0.40240350365638733,0.6621605753898621,-0.0421232208609581,0.9912871718406677,0.4311498701572418,0.6694818735122681,0.017766479402780533,0.9833110570907593,0.40518006682395935,0.678102433681488,-0.04298469051718712,0.9926432371139526,0.42943698167800903,0.6874491572380066,0.01726142130792141,0.9809100031852722,0.3955754041671753,0.6890292763710022,-0.06944485008716583,0.8676313161849976,0.43277329206466675,0.682945191860199,-0.007498280610889196,0.8284709453582764
137,walk,0.4186834394931793,0.24357740581035614,0.13800038397312164,0.9998974204063416,0.41688403487205505,0.23506973683834076,0.11850284039974213,0.9998735785484314,0.41530513763427734,0.23475375771522522,0.11851058900356293,0.9998916387557983,0.4137082099914551,0.23448696732521057,0.11850269883871078,0.999875545501709,0.42143216729164124,0.23579315841197968,0.1205807700753212,0.9998748898506165,0.4231857359409332,0.23590821027755737,0.12060286849737167,0.9998946189880371,0.42507967352867126,0.23605161905288696,0.12057620286941528,0.9998683333396912,0.4107232987880707,0.23912610113620758,0.046391330659389496,0.9998863339424133,0.427469402551651,0.24132828414440155,0.05630255863070488,0.9998462200164795,0.41638875007629395,0.2507743835449219,0.11553160101175308,0.9998607635498047,0.4210115075111389,0.25190138816833496,0.1175728291273117,0.9998579621315002,0.3880964517593384,0.2915388345718384,-0.0009281277889385819,0.9999133944511414,0.4439411163330078,0.30001968145370483,0.026004021987318993,0.9998712539672852,0.3783828318119049,0.3723025918006897,-0.004345049150288105,0.969214677810669,0.4551537036895752,0.38288480043411255,0.020666223019361496,0.9880365133285522,0.38496851921081543,0.4330255389213562,0.00770902493968606,0.6675565242767334,0.4573955535888672,0.4489687979221344,0.025419900193810463,0.88930743932724,0.38494938611984253,0.45008790493011475,0.005997572559863329,0.53046715259552,0.45820289850234985,0.46699997782707214,0.027330240234732628,0.8078439831733704,0.3895536959171295,0.4447844624519348,0.0053703258745372295,0.5141149163246155,0.45535197854042053,0.46610531210899353,0.026321982964873314,0.7921638488769531,0.39100775122642517,0.4387284517288208,0.00789401214569807,0.4683834910392761,0.4534339904785156,0.46085450053215027,0.0257415808737278,0.7122498154640198,0.4003322720527649,0.4413130581378937,-0.01003174390643835,0.9998047351837158,0.429943710565567,0.44152146577835083,0.010004005394876003,0.9995929002761841,0.40194955468177795,0.546516478061676,-0.032216135412454605,0.9975656867027283,0.4335315227508545,0.5496615767478943,0.017975131049752235,0.9912160634994507,0.4028629660606384,0.6641144156455994,-0.03996994346380234,0.99122154712677,0.43128031492233276,0.6692116260528564,0.02249147929251194,0.9836021661758423,0.4059751033782959,0.6806713938713074,-0.04073195904493332,0.9926065802574158,0.42931485176086426,0.6874611973762512,0.022249560803174973,0.9811900854110718,0.3962094485759735,0.6886770129203796,-0.06659041345119476,0.8649242520332336,0.43280988931655884,0.68272864818573,-0.002226073993369937,0.8274601101875305
138,walk,0.4187164902687073,0.2437487244606018,0.13850463926792145,0.9998978972434998,0.4168826639652252,0.23521548509597778,0.11891069263219833,0.9998745322227478,0.41527611017227173,0.23492275178432465,0.11891831457614899,0.9998926520347595,0.4136485159397125,0.23466816544532776,0.11891136318445206,0.9998770356178284,0.4214853346347809,0.2358924299478531,0.12086240202188492,0.9998758435249329,0.42326050996780396,0.23601394891738892,0.12088427692651749,0.9998952746391296,0.42514491081237793,0.2361660599708557,0.1208566427230835,0.9998694062232971,0.4106258749961853,0.23924385011196136,0.04639256373047829,0.9998875260353088,0.4275429844856262,0.24148014187812805,0.056193314492702484,0.9998471736907959,0.4163314700126648,0.25104379653930664,0.11589477211236954,0.9998611211776733,0.42108154296875,0.2522236704826355,0.11778942495584488,0.9998587369918823,0.3880510926246643,0.2916872203350067,-0.0007881405763328075,0.9999122619628906,0.4438623785972595,0.2999056875705719,0.0255683995783329,0.9998707175254822,0.37842682003974915,0.3723229169845581,-0.004842664115130901,0.9706814289093018,0.45527753233909607,0.38134944438934326,0.0190447811037302,0.9883978962898254,0.3848778009414673,0.43310028314590454,0.0077789523638784885,0.6653592586517334,0.4584934711456299,0.4463699758052826,0.024140451103448868,0.8852689266204834,0.38490617275238037,0.4503703713417053,0.006057029124349356,0.5251044034957886,0.45904356241226196,0.46461957693099976,0.0260083619505167,0.8008130788803101,0.3892946243286133,0.44505012035369873,0.005520325619727373,0.5084578990936279,0.4564630091190338,0.4635671079158783,0.02473422698676586,0.7846870422363281,0.39070892333984375,0.43880581855773926,0.007989336736500263,0.462782084941864,0.4547244608402252,0.4583800137042999,0.0243893563747406,0.7033921480178833,0.4005003571510315,0.44167566299438477,-0.009923601523041725,0.9997991323471069,0.43015211820602417,0.4416694939136505,0.0098704369738698,0.9995844960212708,0.4024088978767395,0.5474339127540588,-0.029233044013381004,0.9976149201393127,0.43375641107559204,0.5498703718185425,0.019718648865818977,0.991550087928772,0.4033617377281189,0.6663151979446411,-0.03632209450006485,0.9912212491035461,0.43131858110427856,0.6692222356796265,0.02320197783410549,0.9839131236076355,0.4057177007198334,0.6835377216339111,-0.03713320940732956,0.9925863146781921,0.4291209280490875,0.687547504901886,0.02293662540614605,0.9814804792404175,0.39783769845962524,0.687903106212616,-0.06330426782369614,0.8628444671630859,0.43313390016555786,0.6825802326202393,-0.0009573998977430165,0.8267737627029419
139,walk,0.41905513405799866,0.24369826912879944,0.13722240924835205,0.999900221824646,0.4171382486820221,0.23518678545951843,0.11746754497289658,0.9998774528503418,0.41550689935684204,0.23489004373550415,0.11747924238443375,0.9998953342437744,0.41383904218673706,0.23463264107704163,0.11747628450393677,0.9998803734779358,0.4218263626098633,0.23597022891044617,0.11913473904132843,0.9998787045478821,0.423595130443573,0.23615239560604095,0.11915656179189682,0.9998976588249207,0.42545366287231445,0.2363659292459488,0.11912824958562851,0.9998722672462463,0.4106973707675934,0.23920223116874695,0.044963497668504715,0.9998905062675476,0.42780035734176636,0.24166925251483917,0.05248444154858589,0.9998508095741272,0.4166022837162018,0.25101417303085327,0.11470135301351547,0.9998646974563599,0.4214448034763336,0.25225427746772766,0.11627131700515747,0.9998626112937927,0.38810843229293823,0.2919125556945801,-0.0006717077339999378,0.9999123811721802,0.4439331591129303,0.2998345196247101,0.019502561539411545,0.9998723864555359,0.37878087162971497,0.37232547998428345,-0.004468995146453381,0.9721548557281494,0.45548707246780396,0.38047707080841064,0.01792742684483528,0.988701343536377,0.38466933369636536,0.4333910644054413,0.011860130354762077,0.6676139831542969,0.4591336250305176,0.44483664631843567,0.023291368037462234,0.8818296790122986,0.3846755623817444,0.4510476887226105,0.010192780755460262,0.5242003798484802,0.4596090316772461,0.4630694091320038,0.02512417361140251,0.7946881651878357,0.3889525532722473,0.44638219475746155,0.009743609465658665,0.5072165727615356,0.45706552267074585,0.46171289682388306,0.02334466576576233,0.7782692909240723,0.3903428912162781,0.4403479993343353,0.012171495705842972,0.46120643615722656,0.4553605616092682,0.4565904438495636,0.023395519703626633,0.6959962248802185,0.40085896849632263,0.441936194896698,-0.007526453584432602,0.9997968673706055,0.43048614263534546,0.4418601989746094,0.007444731891155243,0.9995824098587036,0.4034651815891266,0.5480931401252747,-0.023645082488656044,0.9976426362991333,0.4340810179710388,0.5501248836517334,0.020611513406038284,0.9918603897094727,0.40405112504959106,0.6670427322387695,-0.02827325463294983,0.9912540316581726,0.4313184320926666,0.6692175269126892,0.02450680173933506,0.9842596054077148,0.4054529070854187,0.6851130723953247,-0.02896673046052456,0.9925527572631836,0.4289085865020752,0.6876914501190186,0.024329105392098427,0.9817713499069214,0.3990158438682556,0.6861549615859985,-0.054872386157512665,0.8617762327194214,0.4342450201511383,0.6814326643943787,0.0003470647498033941,0.8269214034080505
140,walk,0.4187929034233093,0.2435264140367508,0.13506817817687988,0.9999036192893982,0.4168774485588074,0.23500758409500122,0.11548914015293121,0.9998815655708313,0.4152390956878662,0.23472192883491516,0.11550380289554596,0.9998988509178162,0.41355100274086,0.23447801172733307,0.1155029907822609,0.9998849034309387,0.4215887486934662,0.23578491806983948,0.11660206317901611,0.9998831152915955,0.4233553409576416,0.23597337305545807,0.11662404239177704,0.9999012351036072,0.4252246916294098,0.2362041473388672,0.11659343540668488,0.999876856803894,0.4104557931423187,0.23907575011253357,0.04442059248685837,0.9998939633369446,0.4276065230369568,0.24156905710697174,0.04921446368098259,0.9998558759689331,0.41631263494491577,0.2508614957332611,0.11326760053634644,0.9998691082000732,0.42120876908302307,0.25210994482040405,0.11419811099767685,0.9998676180839539,0.38799747824668884,0.292047917842865,0.0020499578677117825,0.9999122023582458,0.4438551068305969,0.29985660314559937,0.014128357172012329,0.9998751878738403,0.3789251446723938,0.3727737069129944,0.002048257738351822,0.9732584357261658,0.4555695056915283,0.3801792860031128,0.014590640552341938,0.9891123175621033,0.3848502039909363,0.4338052570819855,0.021609880030155182,0.6657373905181885,0.4594644010066986,0.4439186453819275,0.02295648492872715,0.878464937210083,0.38492780923843384,0.45153939723968506,0.020682699978351593,0.519565224647522,0.45991286635398865,0.46211475133895874,0.02492539957165718,0.7883495092391968,0.38911163806915283,0.4473082721233368,0.019763488322496414,0.5023068189620972,0.4573991298675537,0.460468590259552,0.02282126620411873,0.7717299461364746,0.3904511630535126,0.4414411783218384,0.021783744916319847,0.4563899040222168,0.45572367310523987,0.45531415939331055,0.023016124963760376,0.6885925531387329,0.400869220495224,0.441960871219635,-0.0031556859612464905,0.999792218208313,0.4304969906806946,0.4419504702091217,0.003050659317523241,0.9995789527893066,0.40433406829833984,0.548541247844696,-0.01678510382771492,0.9976187348365784,0.43435630202293396,0.5511637926101685,0.020227277651429176,0.992152750492096,0.40422242879867554,0.6673921346664429,-0.02067657560110092,0.9911594390869141,0.43130654096603394,0.6692788004875183,0.023316817358136177,0.9845786094665527,0.4050982594490051,0.6859624981880188,-0.021308470517396927,0.9924273490905762,0.42864885926246643,0.6882830858230591,0.02307693101465702,0.9820786714553833,0.4010752737522125,0.6826239824295044,-0.04632089287042618,0.8598587512969971,0.4347575306892395,0.6802791357040405,-0.0003275314811617136,0.8271755576133728
141,walk,0.4186198115348816,0.2436835765838623,0.1331915259361267,0.9999071955680847,0.4166854918003082,0.23516924679279327,0.11363313347101212,0.999885618686676,0.41504159569740295,0.23489132523536682,0.11365028470754623,0.9999024271965027,0.4133423864841461,0.2346484661102295,0.11365211009979248,0.9998891949653625,0.4214063286781311,0.235899418592453,0.11446328461170197,0.9998875260353088,0.42316704988479614,0.2360575944185257,0.11448391526937485,0.9999048709869385,0.4250401556491852,0.23626725375652313,0.11444880813360214,0.9998812079429626,0.4102655053138733,0.23913930356502533,0.04287386313080788,0.9998974204063416,0.42741113901138306,0.2416001856327057,0.04592970013618469,0.9998610615730286,0.4161396026611328,0.25104013085365295,0.11148615181446075,0.9998741149902344,0.42105427384376526,0.2522761821746826,0.11203541606664658,0.9998733401298523,0.38783004879951477,0.29232609272003174,0.0018904812168329954,0.9999121427536011,0.4436991810798645,0.29983365535736084,0.011088809929788113,0.9998788237571716,0.3787461817264557,0.3737793266773224,0.0009910647058859468,0.9742544889450073,0.4554368555545807,0.3795982003211975,0.01088100578635931,0.9894434809684753,0.38463345170021057,0.43639320135116577,0.016926346346735954,0.667401909828186,0.4595124125480652,0.4430851936340332,0.02244543842971325,0.8764327764511108,0.3846859633922577,0.45491528511047363,0.015341682359576225,0.5190742015838623,0.46008309721946716,0.4614691734313965,0.024736415594816208,0.7842382788658142,0.38888388872146606,0.45126914978027344,0.01434141956269741,0.5015031695365906,0.45754462480545044,0.4597683250904083,0.02194153144955635,0.7675264477729797,0.3902335464954376,0.44517195224761963,0.016969406977295876,0.4552348852157593,0.4558674395084381,0.45461463928222656,0.022439928725361824,0.6838147044181824,0.4009885787963867,0.44208475947380066,-0.0030712890438735485,0.9997878670692444,0.43069639801979065,0.4420444965362549,0.00295568467117846,0.9995793700218201,0.4047641158103943,0.5488110184669495,-0.014307668432593346,0.9976214170455933,0.434448778629303,0.5521620512008667,0.020682338625192642,0.9923763275146484,0.4045518934726715,0.6671810746192932,-0.016345757991075516,0.9911544919013977,0.43127307295799255,0.6692838072776794,0.02373974397778511,0.9848179221153259,0.4049353003501892,0.6862092614173889,-0.016788074746727943,0.992336630821228,0.42849165201187134,0.688833475112915,0.023552272468805313,0.9822325110435486,0.4013541638851166,0.6790156364440918,-0.04204634204506874,0.8586589097976685,0.43482255935668945,0.6790482401847839,0.00011656493734335527,0.8266915678977966
142,walk,0.41850152611732483,0.24372275173664093,0.130724236369133,0.999912679195404,0.4165741801261902,0.23532219231128693,0.11133581399917603,0.9998918771743774,0.41493311524391174,0.23507927358150482,0.11135250329971313,0.9999077916145325,0.4132460057735443,0.23486824333667755,0.11135339736938477,0.9998953938484192,0.4213762879371643,0.23595820367336273,0.11247013509273529,0.9998937845230103,0.42307034134864807,0.23608417809009552,0.1124926209449768,0.9999100565910339,0.42488908767700195,0.23626723885536194,0.11246234178543091,0.9998875260353088,0.41015625,0.23928888142108917,0.041432127356529236,0.9999029636383057,0.42733892798423767,0.24163521826267242,0.045530546456575394,0.9998684525489807,0.41602134704589844,0.2511492371559143,0.10924626886844635,0.9998812675476074,0.4209426939487457,0.2523118555545807,0.11017485707998276,0.9998807907104492,0.3877424895763397,0.2926647961139679,0.0008223266340792179,0.9999142289161682,0.44363322854042053,0.299820214509964,0.012007366865873337,0.9998830556869507,0.378537118434906,0.37473830580711365,0.00021214407752268016,0.9754675030708313,0.4552118182182312,0.378862589597702,0.010872337967157364,0.9898068308830261,0.38444647192955017,0.43756937980651855,0.01784181222319603,0.674309253692627,0.4593992233276367,0.4419921934604645,0.02199326455593109,0.8756831288337708,0.38450029492378235,0.45673564076423645,0.01655654050409794,0.5246012806892395,0.4601564407348633,0.4606802761554718,0.024109844118356705,0.7819201350212097,0.38880422711372375,0.4530494213104248,0.015337543562054634,0.5069252252578735,0.4575141370296478,0.45899099111557007,0.02164527028799057,0.7651765942573547,0.3901863694190979,0.4466489255428314,0.017958566546440125,0.46000394225120544,0.45574721693992615,0.4537610709667206,0.02201763354241848,0.6814947724342346,0.4009750783443451,0.44212472438812256,-0.003968057222664356,0.9997871518135071,0.4305739998817444,0.4421223998069763,0.003852378111332655,0.9995819926261902,0.4049776494503021,0.549031674861908,-0.010613054037094116,0.9976063370704651,0.4344955086708069,0.553558886051178,0.028400275856256485,0.9925897717475891,0.4050562381744385,0.6664873957633972,-0.008895615115761757,0.9912250638008118,0.43121615052223206,0.6692906022071838,0.03568229824304581,0.9850968718528748,0.4049164354801178,0.685636043548584,-0.008931312710046768,0.9923147559165955,0.4284075200557709,0.6892374157905579,0.035924553871154785,0.9824031591415405,0.4018336236476898,0.6780692338943481,-0.03251495212316513,0.8599388003349304,0.43480443954467773,0.6785377860069275,0.014368039555847645,0.8276415467262268
143,walk,0.4178950786590576,0.24369587004184723,0.12564308941364288,0.9999183416366577,0.4159018397331238,0.23530828952789307,0.106244757771492,0.999898374080658,0.4142382740974426,0.23510457575321198,0.10626216232776642,0.9999133348464966,0.41252049803733826,0.2349497228860855,0.10626582056283951,0.9999017715454102,0.42057475447654724,0.23589733242988586,0.10748833417892456,0.9999002814292908,0.4221723675727844,0.23601816594600677,0.10751098394393921,0.9999154806137085,0.42394518852233887,0.236197829246521,0.1074812039732933,0.9998940825462341,0.4095713198184967,0.2394188791513443,0.036977194249629974,0.9999086856842041,0.426954448223114,0.24161715805530548,0.04163118451833725,0.9998763799667358,0.415414422750473,0.25118181109428406,0.1043216809630394,0.9998889565467834,0.4204462468624115,0.2522701025009155,0.10543402284383774,0.9998887777328491,0.3876401484012604,0.29316994547843933,-0.0014868669677525759,0.9999165534973145,0.4435550272464752,0.2997794449329376,0.008700072765350342,0.9998885989189148,0.3784354627132416,0.37622690200805664,-0.0011089479085057974,0.9764696359634399,0.4551585614681244,0.37883809208869934,0.008057326078414917,0.9900798201560974,0.3842898905277252,0.44099655747413635,0.01623404398560524,0.6845707893371582,0.45930948853492737,0.44211867451667786,0.019938286393880844,0.8763277530670166,0.3840314447879791,0.4606752097606659,0.014659537002444267,0.534854531288147,0.46014267206192017,0.46084341406822205,0.022071968764066696,0.7818431258201599,0.38816529512405396,0.4576801359653473,0.013410334475338459,0.5171719789505005,0.4574086666107178,0.45925042033195496,0.018802287057042122,0.7651504278182983,0.38969406485557556,0.4511848986148834,0.01628645695745945,0.4693264663219452,0.45557722449302673,0.45406171679496765,0.019668590277433395,0.6821457743644714,0.4008743166923523,0.44270235300064087,-0.00355973606929183,0.9997861385345459,0.43046098947525024,0.4422692060470581,0.003434720216318965,0.999586284160614,0.4049418866634369,0.5494139790534973,-0.005870290566235781,0.9975324273109436,0.4345131814479828,0.5567029118537903,0.029900651425123215,0.9927060604095459,0.4049833416938782,0.6666863560676575,-0.0017188163474202156,0.9912159442901611,0.43111592531204224,0.6695982217788696,0.03871073201298714,0.9853137135505676,0.4048129618167877,0.6859584450721741,-0.0016301103169098496,0.9922195672988892,0.42806029319763184,0.6903499960899353,0.03903975710272789,0.9824962019920349,0.4017455577850342,0.6774157285690308,-0.02462603896856308,0.8611143827438354,0.43513602018356323,0.678493082523346,0.016731854528188705,0.8288120627403259
144,walk,0.41735950112342834,0.24365505576133728,0.11727176606655121,0.9999233484268188,0.4152897298336029,0.23527294397354126,0.09797883033752441,0.9999038577079773,0.4135979115962982,0.235093355178833,0.0979938879609108,0.9999180436134338,0.41187286376953125,0.23497909307479858,0.09800112247467041,0.9999070167541504,0.4198583960533142,0.23584185540676117,0.09912706911563873,0.9999058842658997,0.4213663935661316,0.2359621524810791,0.09914995729923248,0.999920129776001,0.4230474829673767,0.23614341020584106,0.09911862015724182,0.9998995065689087,0.40889468789100647,0.23948709666728973,0.030085697770118713,0.9999136328697205,0.4263211190700531,0.24156947433948517,0.03440316021442413,0.9998833537101746,0.41484299302101135,0.25118908286094666,0.09650201350450516,0.9998961091041565,0.4199429154396057,0.2522256672382355,0.09752777218818665,0.999896228313446,0.3875700831413269,0.29399558901786804,-0.00662987818941474,0.9999195337295532,0.44320449233055115,0.2997470498085022,0.0037729416508227587,0.9998946189880371,0.37838026881217957,0.3778216540813446,-0.006387169007211924,0.9774967432022095,0.4542452394962311,0.37873485684394836,0.0028260352555662394,0.9902377128601074,0.3836519718170166,0.4444827139377594,0.012729535810649395,0.7002670764923096,0.45907527208328247,0.4423297941684723,0.013138731010258198,0.8791040778160095,0.38297757506370544,0.4639233946800232,0.010666560381650925,0.5532389879226685,0.45987921953201294,0.4612548351287842,0.014722077175974846,0.785340428352356,0.3869725465774536,0.46133100986480713,0.008633317425847054,0.5357562303543091,0.45714011788368225,0.459606796503067,0.011214029975235462,0.7689335346221924,0.38869014382362366,0.45504918694496155,0.012611095793545246,0.4869576096534729,0.4553002715110779,0.45415979623794556,0.012666757218539715,0.6874468922615051,0.400805801153183,0.4440491199493408,-0.0035621444694697857,0.9997879266738892,0.4304354786872864,0.4428679943084717,0.003423930611461401,0.9995951056480408,0.40479475259780884,0.5498899221420288,-0.0008881461108103395,0.9974884390830994,0.434457391500473,0.5576831698417664,0.032438699156045914,0.9928021430969238,0.40501585602760315,0.6664013266563416,0.007566387299448252,0.9913302063941956,0.43110156059265137,0.669618546962738,0.04581824317574501,0.985607385635376,0.4048182964324951,0.6858572363853455,0.008000838570296764,0.9922299385070801,0.42797356843948364,0.6905394196510315,0.04665413871407509,0.9826807379722595,0.4017249643802643,0.6777709722518921,-0.014042442664504051,0.8640636801719666,0.4351770877838135,0.6783809661865234,0.02491087093949318,0.8318961262702942
145,walk,0.41667360067367554,0.24389411509037018,0.11651958525180817,0.9999275207519531,0.41452741622924805,0.23547855019569397,0.09752358496189117,0.9999082088470459,0.41280636191368103,0.23532038927078247,0.09753663092851639,0.9999217391014099,0.41105836629867554,0.23523205518722534,0.09754343330860138,0.9999111294746399,0.4190711975097656,0.23596471548080444,0.09832751750946045,0.9999105334281921,0.42052024602890015,0.23604831099510193,0.09834819287061691,0.9999239444732666,0.42211422324180603,0.2361898273229599,0.09831269830465317,0.9999039173126221,0.4079795479774475,0.23973435163497925,0.03027397394180298,0.9999175071716309,0.42541855573654175,0.24160289764404297,0.033057309687137604,0.9998889565467834,0.4139685034751892,0.25153428316116333,0.09599068760871887,0.9999021291732788,0.4191623330116272,0.2524268329143524,0.09654364734888077,0.9999025464057922,0.3871009647846222,0.2946317493915558,-0.0076082730665802956,0.999921977519989,0.44229134917259216,0.2996731102466583,0.0030119046568870544,0.9999001622200012,0.3782363533973694,0.3788204491138458,-0.008193684741854668,0.978365421295166,0.4533214569091797,0.3777634799480438,0.0012565660290420055,0.9904507398605347,0.382731169462204,0.4458918273448944,0.010718364268541336,0.7137884497642517,0.45899319648742676,0.4425293803215027,0.010156813077628613,0.8828337788581848,0.3817545473575592,0.4649353325366974,0.00852615013718605,0.5688416361808777,0.4598565995693207,0.4613737463951111,0.011327499523758888,0.7904390096664429,0.3854885399341583,0.46234130859375,0.006418097764253616,0.5514630675315857,0.4570040702819824,0.4602726101875305,0.008313349448144436,0.7743772268295288,0.38729745149612427,0.45618340373039246,0.010554182343184948,0.5018755197525024,0.45519059896469116,0.4548925757408142,0.009793953038752079,0.6944723725318909,0.4007534086704254,0.4451657235622406,-0.003970043733716011,0.9997852444648743,0.4304145276546478,0.4434356391429901,0.003839201061055064,0.9995972514152527,0.4047650396823883,0.5507838726043701,-0.001988083589822054,0.997456431388855,0.43433117866516113,0.558072566986084,0.033232737332582474,0.9928284883499146,0.4050021767616272,0.6663019061088562,0.006015831604599953,0.9914224743843079,0.43108683824539185,0.6697096824645996,0.04648005589842796,0.9857393503189087,0.4048013687133789,0.6860064268112183,0.006415084004402161,0.9922295808792114,0.42797237634658813,0.6908832788467407,0.04724237695336342,0.9826444983482361,0.40163761377334595,0.6767411828041077,-0.015671381726861,0.86698979139328,0.4351499676704407,0.6781729459762573,0.025173086673021317,0.8339160680770874
146,walk,0.41577133536338806,0.24389466643333435,0.11563138663768768,0.9999310970306396,0.41356462240219116,0.2354576140642166,0.09669912606477737,0.9999116659164429,0.4118029475212097,0.23530763387680054,0.09671109914779663,0.9999247789382935,0.41000890731811523,0.23522889614105225,0.09671810269355774,0.9999143481254578,0.41811007261276245,0.2359326034784317,0.09750112146139145,0.9999144077301025,0.4195311665534973,0.23601873219013214,0.09752172231674194,0.9999271631240845,0.421044260263443,0.2361721396446228,0.09748546779155731,0.9999074339866638,0.4067583978176117,0.2397431880235672,0.029634902253746986,0.9999208450317383,0.424470990896225,0.24157774448394775,0.03229159489274025,0.999893844127655,0.4129263758659363,0.25159570574760437,0.09517790377140045,0.9999075531959534,0.41819000244140625,0.25240883231163025,0.09570784866809845,0.9999082684516907,0.38659772276878357,0.29483845829963684,-0.0096564507111907,0.9999247193336487,0.44145917892456055,0.2991034984588623,0.0033031951170414686,0.9999052882194519,0.37749266624450684,0.37881848216056824,-0.01128381583839655,0.979228138923645,0.45228010416030884,0.376019150018692,0.0007498794002458453,0.9905065894126892,0.38133472204208374,0.44599419832229614,0.006560641340911388,0.7275038361549377,0.4582897126674652,0.4428275227546692,0.007530295755714178,0.8859506249427795,0.3805805444717407,0.46519166231155396,0.003704916685819626,0.5853830575942993,0.4591847360134125,0.4615621864795685,0.008160172961652279,0.794945240020752,0.38434815406799316,0.4625179171562195,0.0017709506209939718,0.5680919885635376,0.45602288842201233,0.4609367847442627,0.005379281006753445,0.7791205048561096,0.38609904050827026,0.4561381936073303,0.006411621812731028,0.5178968906402588,0.45418882369995117,0.4555179476737976,0.0071771577931940556,0.7006080150604248,0.40072837471961975,0.44586700201034546,-0.004171695560216904,0.9997856616973877,0.4304017126560211,0.4436066448688507,0.004013602621853352,0.9996023774147034,0.4046633243560791,0.5509437322616577,-0.0008381693623960018,0.9974716305732727,0.43409356474876404,0.5578562021255493,0.03631039708852768,0.9929136633872986,0.4050237238407135,0.6662905216217041,0.009639757685363293,0.9916099309921265,0.4310818314552307,0.6697131395339966,0.05257299542427063,0.9859659671783447,0.40481042861938477,0.6861220598220825,0.010353794321417809,0.9923254251480103,0.428016722202301,0.6910319924354553,0.05370618775486946,0.9827550053596497,0.40156397223472595,0.6754061579704285,-0.010897813364863396,0.8699468374252319,0.43518900871276855,0.6775714159011841,0.03249097615480423,0.8359071612358093
147,walk,0.41432127356529236,0.243938148021698,0.11684062331914902,0.9999343156814575,0.4121244549751282,0.23548568785190582,0.09772613644599915,0.999914824962616,0.4103236794471741,0.235358327627182,0.09773717820644379,0.9999275803565979,0.4084906578063965,0.23530086874961853,0.09774166345596313,0.999917209148407,0.4168243408203125,0.23592020571231842,0.09881888329982758,0.9999179840087891,0.418281614780426,0.2359974980354309,0.0988374799489975,0.9999303221702576,0.4198002815246582,0.23614192008972168,0.09880422055721283,0.9999108910560608,0.40534287691116333,0.23985697329044342,0.03007221780717373,0.9999240636825562,0.42342591285705566,0.24155274033546448,0.03386088088154793,0.9998987913131714,0.41128677129745483,0.2517005205154419,0.0961996540427208,0.9999123215675354,0.41676393151283264,0.252440482378006,0.09706126153469086,0.9999135136604309,0.3857858180999756,0.29501989483833313,-0.01143351849168539,0.9999266862869263,0.4408029615879059,0.2990821599960327,0.004983549937605858,0.9999093413352966,0.37700843811035156,0.3786669969558716,-0.012596569955348969,0.9801058173179626,0.45145827531814575,0.37608009576797485,0.002330249408259988,0.9906318783760071,0.38085082173347473,0.4454386532306671,0.006848727352917194,0.7350602746009827,0.45701122283935547,0.44424957036972046,0.008635474368929863,0.8865690231323242,0.3801776170730591,0.46462079882621765,0.004142444115132093,0.5938560962677002,0.45799070596694946,0.4632304310798645,0.009284245781600475,0.7953934669494629,0.3839975893497467,0.4617164731025696,0.0024279719218611717,0.5764304995536804,0.4546297490596771,0.46322721242904663,0.00683604646474123,0.7795645594596863,0.3856496810913086,0.45525458455085754,0.006778239272534847,0.52586430311203,0.45271602272987366,0.45765554904937744,0.008366571739315987,0.7015926837921143,0.4005189836025238,0.4473966956138611,-0.006685417145490646,0.9997857213020325,0.4303797781467438,0.4444710314273834,0.006533057428896427,0.9996050000190735,0.40459126234054565,0.5518696308135986,-0.0017908532172441483,0.9975624680519104,0.4336896538734436,0.5585559606552124,0.04048408567905426,0.9932044744491577,0.4050988554954529,0.6663987636566162,0.008573196828365326,0.9919582009315491,0.4310421347618103,0.6697328090667725,0.0574253611266613,0.9864855408668518,0.4048219323158264,0.6863135099411011,0.009393298998475075,0.9926204085350037,0.428103506565094,0.6911929845809937,0.058720558881759644,0.9833073616027832,0.4015991687774658,0.6743443608283997,-0.010735711082816124,0.8735322952270508,0.43512263894081116,0.6769953966140747,0.03943036496639252,0.8390043377876282
148,walk,0.41305917501449585,0.24393025040626526,0.11076776683330536,0.9999366402626038,0.4109087884426117,0.23547202348709106,0.09191203117370605,0.9999167323112488,0.4091118276119232,0.2353423684835434,0.09192144870758057,0.9999293684959412,0.40727195143699646,0.2352914959192276,0.09192676842212677,0.9999188184738159,0.41564980149269104,0.23587574064731598,0.09312770515680313,0.9999202489852905,0.4171393811702728,0.23593516647815704,0.09314461052417755,0.9999322295188904,0.41866612434387207,0.23605021834373474,0.09311126172542572,0.999912679195404,0.40420204401016235,0.2398534119129181,0.025133630260825157,0.9999263286590576,0.42251867055892944,0.24139656126499176,0.029437566176056862,0.9999021887779236,0.4100736081600189,0.25168925523757935,0.09033335000276566,0.9999163746833801,0.4156062602996826,0.2523944675922394,0.09137530624866486,0.9999179244041443,0.38510802388191223,0.2952398657798767,-0.01632458157837391,0.9999286532402039,0.44024139642715454,0.2990882992744446,0.003172304481267929,0.9999130368232727,0.37595757842063904,0.37866342067718506,-0.01969657652080059,0.9804361462593079,0.4506840705871582,0.37721383571624756,-0.00034456426510587335,0.990334689617157,0.38042089343070984,0.44669562578201294,-0.0016399382147938013,0.7437394261360168,0.4552936553955078,0.44648000597953796,0.002391598653048277,0.8866962790489197,0.37988558411598206,0.4654467701911926,-0.005320768337696791,0.6049268841743469,0.456394761800766,0.46462491154670715,0.0018185379449278116,0.7959015965461731,0.38387608528137207,0.46271607279777527,-0.007252467330545187,0.5874250531196594,0.45272064208984375,0.46516427397727966,-0.0007392787956632674,0.7800729870796204,0.38552623987197876,0.4561844766139984,-0.0018745340639725327,0.5363290309906006,0.4508851170539856,0.4597705900669098,0.0018204109510406852,0.7028355598449707,0.4005066752433777,0.4480341672897339,-0.0075966669246554375,0.9997828602790833,0.43034616112709045,0.4450942575931549,0.007446599658578634,0.9996050596237183,0.40452152490615845,0.5532526969909668,0.001557408832013607,0.9975854754447937,0.43336835503578186,0.5599390864372253,0.04128444194793701,0.9933228492736816,0.40503638982772827,0.6664707660675049,0.015476087108254433,0.992175281047821,0.43093618750572205,0.6698442101478577,0.06073441356420517,0.9867740273475647,0.40480294823646545,0.6868022084236145,0.01657506823539734,0.9927958250045776,0.42810630798339844,0.6914625763893127,0.06223487854003906,0.9835354685783386,0.4015647768974304,0.673528790473938,-0.0034097302705049515,0.8763178586959839,0.4351116120815277,0.676841676235199,0.04203065112233162,0.8406987190246582
149,walk,0.41229405999183655,0.24392098188400269,0.11347121000289917,0.9999388456344604,0.41011494398117065,0.23545847833156586,0.0945844054222107,0.9999188184738159,0.40831103920936584,0.23532947897911072,0.09459474682807922,0.9999312162399292,0.40645498037338257,0.2352849543094635,0.09459847211837769,0.9999205470085144,0.41495266556739807,0.23585806787014008,0.09591671079397202,0.9999226927757263,0.4164644181728363,0.23591022193431854,0.09593336284160614,0.999934196472168,0.4179970622062683,0.23601391911506653,0.09590227156877518,0.999914824962616,0.40350398421287537,0.23984627425670624,0.0274475309997797,0.9999287724494934,0.42177337408065796,0.2413327991962433,0.03203897923231125,0.9999060034751892,0.40928930044174194,0.2516804039478302,0.09291083365678787,0.9999203681945801,0.4149535596370697,0.2523738741874695,0.09410852193832397,0.9999223351478577,0.3844248056411743,0.2954859733581543,-0.014418011531233788,0.9999304413795471,0.43947702646255493,0.299083411693573,0.004066054709255695,0.9999165534973145,0.37534958124160767,0.37869080901145935,-0.017597071826457977,0.9809486865997314,0.44982171058654785,0.3774964213371277,0.00136018474586308,0.9901643991470337,0.3799116909503937,0.4466140866279602,0.001002090284600854,0.7509273290634155,0.45385995507240295,0.448229044675827,0.0039043861906975508,0.8848008513450623,0.37941330671310425,0.46512776613235474,-0.0021982237230986357,0.61387038230896,0.45494183897972107,0.46614834666252136,0.004795363172888756,0.792904794216156,0.3835185170173645,0.4622344672679901,-0.0038921008817851543,0.5962580442428589,0.45108407735824585,0.46687817573547363,0.00238924496807158,0.7768951654434204,0.3851131796836853,0.4557247459888458,0.0008527243626303971,0.5444347858428955,0.4492724537849426,0.4614031910896301,0.0038683947641402483,0.7002066373825073,0.40042319893836975,0.4480874240398407,-0.007990466430783272,0.9997795820236206,0.43029388785362244,0.4453699290752411,0.00784832239151001,0.999605119228363,0.404499351978302,0.5566430687904358,0.0029105956200510263,0.9976032972335815,0.43224969506263733,0.5622358322143555,0.04000350832939148,0.993471622467041,0.4050652086734772,0.6668635606765747,0.016398251056671143,0.9923592805862427,0.4306398928165436,0.6699398756027222,0.05904390290379524,0.9870721101760864,0.404834121465683,0.6878296732902527,0.01743469201028347,0.9929790496826172,0.4280206561088562,0.691832423210144,0.0605018325150013,0.9838817119598389,0.40150681138038635,0.6735453009605408,-0.002637825906276703,0.8784327507019043,0.4350973665714264,0.6764729619026184,0.03964643180370331,0.8419288992881775
150,walk,0.4113215506076813,0.24387945234775543,0.11116756498813629,0.9999393820762634,0.40907368063926697,0.23544618487358093,0.09179457277059555,0.9999189972877502,0.4072469174861908,0.23532158136367798,0.09180424362421036,0.9999313950538635,0.4053550660610199,0.23527635633945465,0.09180738776922226,0.9999204277992249,0.4139987826347351,0.23580755293369293,0.09379374235868454,0.999923050403595,0.4155610203742981,0.23585373163223267,0.09381117671728134,0.9999343752861023,0.417109876871109,0.23594696819782257,0.09378176182508469,0.9999146461486816,0.4024667739868164,0.2398533672094345,0.02344173565506935,0.999929666519165,0.42099958658218384,0.24131035804748535,0.03121059201657772,0.9999073147773743,0.40827852487564087,0.2516716718673706,0.09020441025495529,0.9999226331710815,0.4140758514404297,0.25234588980674744,0.09231924265623093,0.9999249577522278,0.38370493054389954,0.2958115339279175,-0.018260087817907333,0.9999309182167053,0.4392634928226471,0.2990753650665283,0.0048682852648198605,0.9999185800552368,0.37470704317092896,0.3798519968986511,-0.02112651616334915,0.9811409711837769,0.4491654336452484,0.37861061096191406,0.0020112539641559124,0.9895973801612854,0.3797551691532135,0.44738078117370605,0.0005750124109908938,0.7556471824645996,0.4519938826560974,0.451647013425827,0.005563674028962851,0.8793854713439941,0.379358172416687,0.4656282663345337,-0.0026416617911309004,0.6197388172149658,0.4528839588165283,0.4684644341468811,0.006632739212363958,0.7850783467292786,0.3835377097129822,0.462546169757843,-0.0039319610223174095,0.6019062399864197,0.4490479826927185,0.4691462516784668,0.004363245330750942,0.768683910369873,0.38511139154434204,0.4559776186943054,0.0006789052858948708,0.5493844151496887,0.44743290543556213,0.4634881019592285,0.005750817246735096,0.692440390586853,0.4002254903316498,0.44833511114120483,-0.008085072971880436,0.9997700452804565,0.4301508367061615,0.4458789527416229,0.007950475439429283,0.9995965957641602,0.40444573760032654,0.558423638343811,0.004489413928240538,0.9975531697273254,0.4312507212162018,0.5623999834060669,0.041025642305612564,0.9934980273246765,0.40503454208374023,0.6668989658355713,0.01973872072994709,0.9923810958862305,0.43014001846313477,0.6705763339996338,0.060370564460754395,0.987175464630127,0.4048234522342682,0.6878405809402466,0.021008681505918503,0.9930012226104736,0.4275891184806824,0.6925077438354492,0.061846692115068436,0.984003484249115,0.4015355110168457,0.6719761490821838,0.0024168561212718487,0.8786972165107727,0.4354167580604553,0.6765196323394775,0.04193856194615364,0.8410399556159973
151,walk,0.4106147885322571,0.24387052655220032,0.10712067782878876,0.9999386072158813,0.40837106108665466,0.23543421924114227,0.08769647032022476,0.99991774559021,0.4065586030483246,0.23532098531723022,0.0877041295170784,0.999930202960968,0.404674768447876,0.23529750108718872,0.08770790696144104,0.999919056892395,0.41330447793006897,0.23579636216163635,0.08982229977846146,0.9999218583106995,0.41490691900253296,0.23583167791366577,0.08984154462814331,0.9999330639839172,0.41648855805397034,0.23590929806232452,0.08980820327997208,0.9999127388000488,0.4018576145172119,0.23990274965763092,0.019427750259637833,0.9999290704727173,0.42043718695640564,0.241269052028656,0.027978992089629173,0.9999064803123474,0.4076628088951111,0.2516741156578064,0.08616412431001663,0.9999234676361084,0.41347557306289673,0.2523385286331177,0.08850684016942978,0.9999260306358337,0.3830356299877167,0.2962200939655304,-0.02048303559422493,0.9999305009841919,0.4390281140804291,0.29915952682495117,0.0029492671601474285,0.9999192357063293,0.37410619854927063,0.3803766965866089,-0.02378944121301174,0.9807447791099548,0.4486827254295349,0.3800264894962311,0.00146300601772964,0.988694429397583,0.3797109127044678,0.4481911063194275,-0.004474884830415249,0.758635938167572,0.4508841633796692,0.45298439264297485,0.004312248434871435,0.87317955493927,0.37937915325164795,0.46625396609306335,-0.008356364443898201,0.623530924320221,0.4515872001647949,0.469353049993515,0.004478498362004757,0.7765488028526306,0.3835643529891968,0.463140070438385,-0.009686959907412529,0.6054537296295166,0.4478147625923157,0.46999478340148926,0.0007603293051943183,0.7597832083702087,0.38512974977493286,0.4565708041191101,-0.004442405421286821,0.5522991418838501,0.4462825357913971,0.4642157554626465,0.0034259743988513947,0.6840390563011169,0.39981621503829956,0.4487089514732361,-0.008013962768018246,0.9997529983520508,0.4298465847969055,0.4462403953075409,0.007884056307375431,0.9995765686035156,0.4040917754173279,0.5592073798179626,0.0025045990478247404,0.9973832964897156,0.4305727481842041,0.5625311732292175,0.03982803225517273,0.9932288527488708,0.40495890378952026,0.6669344305992126,0.01571062207221985,0.9921044111251831,0.43006211519241333,0.6713981032371521,0.057043664157390594,0.9867221117019653,0.4048185348510742,0.6881064772605896,0.016627421602606773,0.9927283525466919,0.42756810784339905,0.6935421824455261,0.05823257565498352,0.9833851456642151,0.40172043442726135,0.6714868545532227,-0.003783317282795906,0.8768994808197021,0.43584197759628296,0.676537036895752,0.03746534511446953,0.8370950222015381
152,walk,0.41014713048934937,0.24378807842731476,0.10616712272167206,0.9999372959136963,0.4079110026359558,0.235403373837471,0.08649503439664841,0.9999157190322876,0.4061206877231598,0.23531080782413483,0.08650167286396027,0.9999284148216248,0.40425390005111694,0.23529262840747833,0.086506187915802,0.9999169111251831,0.4128243327140808,0.23569391667842865,0.08880020678043365,0.9999200701713562,0.4144531190395355,0.23571927845478058,0.08881903439760208,0.9999313354492188,0.41606172919273376,0.23578235507011414,0.08878426253795624,0.9999104142189026,0.401567280292511,0.2399120181798935,0.017711861059069633,0.9999277591705322,0.4200652241706848,0.2411746382713318,0.027190396562218666,0.9999053478240967,0.40735045075416565,0.25167009234428406,0.08509448170661926,0.9999237060546875,0.41313228011131287,0.25230109691619873,0.08768165111541748,0.9999266266822815,0.38282403349876404,0.2965303361415863,-0.021484101191163063,0.9999296069145203,0.4389284551143646,0.29939281940460205,0.0024661733768880367,0.9999194741249084,0.3738405108451843,0.3810960650444031,-0.024038193747401237,0.98026043176651,0.4480145573616028,0.38154321908950806,0.001957707805559039,0.9879011511802673,0.3797396123409271,0.4486106336116791,-0.004953613039106131,0.7593861818313599,0.44913315773010254,0.4536992311477661,0.0050997016951441765,0.8654562830924988,0.37938788533210754,0.4665405750274658,-0.008813189342617989,0.6244226098060608,0.44975271821022034,0.4697078764438629,0.005189741961658001,0.7657098174095154,0.3836096227169037,0.46329575777053833,-0.010177670046687126,0.6060771942138672,0.44630175828933716,0.4703485667705536,0.001125858398154378,0.7486469745635986,0.3851516842842102,0.45677468180656433,-0.004934339784085751,0.5523190498352051,0.44493475556373596,0.4644954800605774,0.003998954314738512,0.6734070777893066,0.3993493914604187,0.4493989646434784,-0.007930085062980652,0.9997369647026062,0.4291945993900299,0.4469209313392639,0.007803516928106546,0.9995588064193726,0.40358391404151917,0.5601513981819153,0.0011896785581484437,0.9972270727157593,0.4304819107055664,0.5624983310699463,0.0392070934176445,0.9930626749992371,0.40486305952072144,0.6672466397285461,0.01311543770134449,0.9918584823608398,0.4299566149711609,0.6719235181808472,0.05547694116830826,0.9863487482070923,0.40480971336364746,0.6886686682701111,0.01388213224709034,0.9924956560134888,0.427507221698761,0.6943911910057068,0.056561581790447235,0.9828768372535706,0.4020965099334717,0.6712424755096436,-0.007201068103313446,0.8751934766769409,0.4362761378288269,0.6765835285186768,0.03552495688199997,0.8340172171592712
153,walk,0.4099627435207367,0.2437853068113327,0.107349693775177,0.9999359846115112,0.4077390730381012,0.23539963364601135,0.08784206211566925,0.9999135136604309,0.4059376120567322,0.23531801998615265,0.08784864097833633,0.9999265670776367,0.404066801071167,0.2353173792362213,0.08785466849803925,0.9999147057533264,0.41267186403274536,0.23567594587802887,0.08986102044582367,0.9999182224273682,0.4142981469631195,0.23570020496845245,0.08988072723150253,0.9999294877052307,0.4159134328365326,0.23576189577579498,0.08984307944774628,0.9999078512191772,0.40134114027023315,0.2399532049894333,0.01921587996184826,0.999925971031189,0.41982021927833557,0.2411554604768753,0.027430405840277672,0.9999028444290161,0.4071303904056549,0.25171491503715515,0.08629919588565826,0.9999228715896606,0.4129272997379303,0.25230884552001953,0.0885065421462059,0.9999260306358337,0.38224440813064575,0.2968001663684845,-0.020904462784528732,0.9999284148216248,0.43852847814559937,0.2994248569011688,0.002291063778102398,0.9999188780784607,0.37324222922325134,0.38135862350463867,-0.024872059002518654,0.9794052243232727,0.4470520615577698,0.3816721737384796,0.001426083268597722,0.9870636463165283,0.3797261714935303,0.44863829016685486,-0.00929711852222681,0.7581425905227661,0.44827157258987427,0.45393362641334534,0.0037734215147793293,0.8609300851821899,0.37942811846733093,0.46648678183555603,-0.01341595221310854,0.6230345368385315,0.4490129351615906,0.47005635499954224,0.00360981491394341,0.7594317197799683,0.38364213705062866,0.46322277188301086,-0.015076331794261932,0.6044480800628662,0.4455992579460144,0.4707561433315277,-0.000296062498819083,0.7421707510948181,0.3851906657218933,0.45673471689224243,-0.00948670320212841,0.550447404384613,0.4442426264286041,0.46473613381385803,0.0026600235141813755,0.666948139667511,0.39907413721084595,0.4495435059070587,-0.007966998964548111,0.9997173547744751,0.42886728048324585,0.4470527768135071,0.00784184318035841,0.9995362162590027,0.40325361490249634,0.5598161816596985,-0.002113722264766693,0.9970747828483582,0.4304444193840027,0.5624592900276184,0.038834698498249054,0.9927167892456055,0.4048042297363281,0.6672725081443787,0.007835683412849903,0.9916158318519592,0.4299396872520447,0.672139048576355,0.05219702050089836,0.9858090877532959,0.4048047661781311,0.6887511610984802,0.008197713643312454,0.9922468066215515,0.42750462889671326,0.6947540640830994,0.05267472192645073,0.982046902179718,0.4022147059440613,0.6712541580200195,-0.014605125412344933,0.8739867210388184,0.4364139437675476,0.6766014099121094,0.029613595455884933,0.8306183218955994
154,walk,0.41000860929489136,0.243831068277359,0.10717682540416718,0.9999345541000366,0.4077998995780945,0.23544953763484955,0.08777610957622528,0.9999109506607056,0.40600115060806274,0.23538564145565033,0.08778374642133713,0.9999244213104248,0.4041441082954407,0.23540601134300232,0.08779150992631912,0.9999122023582458,0.41270962357521057,0.23569585382938385,0.0894615426659584,0.999916136264801,0.4143149256706238,0.23571522533893585,0.08948180824518204,0.9999275207519531,0.41592496633529663,0.23577086627483368,0.08944262564182281,0.9999051094055176,0.40132904052734375,0.2401031255722046,0.01945321634411812,0.9999237656593323,0.41972532868385315,0.24116477370262146,0.02622317709028721,0.999900221824646,0.40716785192489624,0.25184568762779236,0.08624974638223648,0.999921977519989,0.4129052758216858,0.2524009644985199,0.088050976395607,0.9999254941940308,0.3818460702896118,0.29703614115715027,-0.019811024889349937,0.9999263286590576,0.43829506635665894,0.29946866631507874,-0.0003243919927626848,0.9999185800552368,0.37280553579330444,0.38130155205726624,-0.024195628240704536,0.9784724712371826,0.44641533493995667,0.38173773884773254,-0.001320327864959836,0.9864503145217896,0.3796910047531128,0.44873860478401184,-0.010409606620669365,0.7558862566947937,0.44801607728004456,0.4550657868385315,0.0011092943605035543,0.8581722378730774,0.37946516275405884,0.46654823422431946,-0.014582278206944466,0.6205034852027893,0.44874316453933716,0.47115203738212585,0.0006410643691197038,0.7556031346321106,0.3836791515350342,0.4632525146007538,-0.016281437128782272,0.6016255021095276,0.4453873038291931,0.4721459150314331,-0.003293937537819147,0.7381927967071533,0.385217547416687,0.45674213767051697,-0.010686114430427551,0.5473809242248535,0.44406136870384216,0.46586737036705017,4.347615686128847e-06,0.6629951596260071,0.39878925681114197,0.44987350702285767,-0.007337136659771204,0.9996994137763977,0.42865291237831116,0.4473974406719208,0.007214224897325039,0.999518632888794,0.4028855264186859,0.559671938419342,-0.001979266060516238,0.9969111084938049,0.4303579330444336,0.562378466129303,0.038263916969299316,0.9924124479293823,0.4046708941459656,0.6667512059211731,0.0089036226272583,0.99139803647995,0.4298413395881653,0.6721636056900024,0.051979996263980865,0.9854335188865662,0.4048280119895935,0.6885038614273071,0.009392108768224716,0.9920089244842529,0.4274147152900696,0.6947941780090332,0.052409298717975616,0.9814525842666626,0.4024328589439392,0.6705824732780457,-0.013381603173911572,0.8729552030563354,0.4366028308868408,0.6766205430030823,0.028792446479201317,0.828413188457489
155,walk,0.4100617468357086,0.2439286708831787,0.10745952278375626,0.9999342560768127,0.40785565972328186,0.23555941879749298,0.08829023689031601,0.9999102354049683,0.4060620367527008,0.2355278879404068,0.08829929679632187,0.999923825263977,0.404214471578598,0.2355814427137375,0.08830813318490982,0.9999114871025085,0.41274842619895935,0.23575982451438904,0.08980882912874222,0.999915599822998,0.41433876752853394,0.23576973378658295,0.08982884138822556,0.9999268054962158,0.4159477651119232,0.23581495881080627,0.0897907093167305,0.9999040961265564,0.4013367295265198,0.24034439027309418,0.020485255867242813,0.9999232292175293,0.41967707872390747,0.2411995828151703,0.02662673220038414,0.9998997449874878,0.4072206914424896,0.25203341245651245,0.08673781156539917,0.9999224543571472,0.4129263460636139,0.25253263115882874,0.08831720799207687,0.9999262690544128,0.38155072927474976,0.2972981035709381,-0.01927114464342594,0.9999249577522278,0.4380735456943512,0.299492746591568,-0.0004746873746626079,0.999919056892395,0.3726448118686676,0.38123732805252075,-0.02306525595486164,0.978050947189331,0.44622212648391724,0.38170796632766724,-0.002101538237184286,0.9858874082565308,0.3796151280403137,0.44866040349006653,-0.009649178013205528,0.7583417296409607,0.44829803705215454,0.45482727885246277,0.0005967289907857776,0.856364905834198,0.37938761711120605,0.46660009026527405,-0.013829851523041725,0.6240763664245605,0.4490741789340973,0.4710167348384857,0.00011835065379273146,0.7533730268478394,0.38358330726623535,0.4632590413093567,-0.01557513140141964,0.605036735534668,0.44569700956344604,0.4719245135784149,-0.0037225361447781324,0.7358161211013794,0.38516873121261597,0.4566614031791687,-0.009926543571054935,0.5503156781196594,0.44433045387268066,0.4657150208950043,-0.00043212546734139323,0.6607504487037659,0.39867261052131653,0.44987043738365173,-0.006069896277040243,0.9996853470802307,0.42863672971725464,0.4473886787891388,0.005951124243438244,0.9995063543319702,0.4025638699531555,0.5595551133155823,-4.227086901664734e-05,0.996841549873352,0.43031930923461914,0.5622878074645996,0.03592520207166672,0.9923679232597351,0.40448513627052307,0.6666148900985718,0.011808177456259727,0.9913758635520935,0.42966872453689575,0.6723830103874207,0.04980883374810219,0.9854600429534912,0.4048260748386383,0.6884494423866272,0.012396327219903469,0.9919564127922058,0.42726993560791016,0.694921612739563,0.05031496286392212,0.9813407063484192,0.40257197618484497,0.6701304912567139,-0.009653115645051003,0.8735451102256775,0.4367477297782898,0.6766310930252075,0.02636617049574852,0.828427255153656
156,walk,0.4099200665950775,0.24410349130630493,0.10588373988866806,0.999931275844574,0.4077451825141907,0.23571191728115082,0.08664634078741074,0.9999060034751892,0.40595507621765137,0.23572227358818054,0.08665456622838974,0.9999202489852905,0.4041198790073395,0.23581846058368683,0.08666256815195084,0.9999072551727295,0.4125942587852478,0.23584797978401184,0.08827824890613556,0.9999114871025085,0.414185106754303,0.23584723472595215,0.088299959897995,0.9999228715896606,0.415803998708725,0.23588302731513977,0.08826370537281036,0.9998987913131714,0.40116897225379944,0.24065753817558289,0.018892569467425346,0.9999199509620667,0.4195899963378906,0.24130123853683472,0.02553660050034523,0.9998953342437744,0.40709537267684937,0.2523513734340668,0.08516772091388702,0.9999207258224487,0.41276541352272034,0.25282523036003113,0.08694123476743698,0.9999247193336487,0.3813336193561554,0.29748934507369995,-0.018789142370224,0.9999227523803711,0.438040554523468,0.29960018396377563,-0.0022649490274488926,0.9999185800552368,0.3725922703742981,0.38119715452194214,-0.02281305380165577,0.9775941371917725,0.44633063673973083,0.3822207450866699,-0.003444857429713011,0.985315203666687,0.37957996129989624,0.44856640696525574,-0.009197680279612541,0.7585646510124207,0.44840192794799805,0.45581814646720886,-0.0009543751366436481,0.8544659614562988,0.3794073462486267,0.4666380286216736,-0.013195769861340523,0.6248263120651245,0.4490891993045807,0.4720814526081085,-0.0016980379587039351,0.751165509223938,0.383598655462265,0.46325385570526123,-0.015022164210677147,0.6055687665939331,0.4458504319190979,0.47293320298194885,-0.005661041010171175,0.733413577079773,0.3851730525493622,0.45660391449928284,-0.009483037516474724,0.5505927205085754,0.4445165991783142,0.46658527851104736,-0.0020764621440321207,0.6586676836013794,0.39848703145980835,0.45002415776252747,-0.004716318566352129,0.9996738433837891,0.42852774262428284,0.4475354552268982,0.004602967761456966,0.9994955658912659,0.40229740738868713,0.5594469904899597,0.0038560505490750074,0.9966760277748108,0.43005865812301636,0.5624336004257202,0.03573622554540634,0.9922327399253845,0.40387266874313354,0.6663365364074707,0.01909549906849861,0.9911926984786987,0.42959660291671753,0.6725241541862488,0.05081338807940483,0.9853958487510681,0.4047006666660309,0.688393771648407,0.02004321478307247,0.9917532205581665,0.4271771311759949,0.6949840784072876,0.05162163823843002,0.9812012910842896,0.4026392996311188,0.6688940525054932,-0.0010736474068835378,0.8725194334983826,0.4369170069694519,0.6766510605812073,0.027912791818380356,0.8279268741607666
157,walk,0.4099109172821045,0.2441805899143219,0.10598593950271606,0.9999288320541382,0.40774720907211304,0.23576870560646057,0.08666036278009415,0.9999027848243713,0.4059654176235199,0.23578840494155884,0.08666753768920898,0.9999176263809204,0.40413838624954224,0.23589356243610382,0.08667471259832382,0.9999041557312012,0.41256171464920044,0.23589184880256653,0.08836040645837784,0.9999082684516907,0.41414475440979004,0.2358892858028412,0.08838305622339249,0.9999197721481323,0.4157679080963135,0.23592421412467957,0.08834800124168396,0.9998946189880371,0.401114284992218,0.2407783716917038,0.018838338553905487,0.9999176263809204,0.41954827308654785,0.24135573208332062,0.025792021304368973,0.9998924136161804,0.40708914399147034,0.2525060474872589,0.0852816104888916,0.9999197125434875,0.41271790862083435,0.2529882788658142,0.08714829385280609,0.999923825263977,0.3812301754951477,0.29760047793388367,-0.018424253910779953,0.9999210238456726,0.43794116377830505,0.299655020236969,-0.002242365851998329,0.9999182224273682,0.37238067388534546,0.3811631500720978,-0.02238302491605282,0.9775805473327637,0.4463702142238617,0.38260209560394287,-0.0028344537131488323,0.9849841594696045,0.37955814599990845,0.4483381509780884,-0.008091995492577553,0.7586584091186523,0.4484833776950836,0.4559679627418518,0.00021878117695450783,0.8510231375694275,0.37941738963127136,0.4666139781475067,-0.011954176239669323,0.6250685453414917,0.44909125566482544,0.47233089804649353,-0.0002907221205532551,0.7465459108352661,0.3836207687854767,0.46309560537338257,-0.013691452331840992,0.6055576801300049,0.4458480477333069,0.4731028378009796,-0.004135364666581154,0.7285648584365845,0.3851843476295471,0.4562842845916748,-0.008328389376401901,0.5503431558609009,0.4445437490940094,0.46673014760017395,-0.0008376886253245175,0.6541056632995605,0.39839860796928406,0.450149804353714,-0.00326364254578948,0.9996657371520996,0.428297221660614,0.4476765990257263,0.0031491736881434917,0.9994888305664062,0.40209993720054626,0.5593152642250061,0.0062048533000051975,0.9965534806251526,0.4300064146518707,0.5625184178352356,0.03553454950451851,0.9922832250595093,0.40343618392944336,0.6663182973861694,0.02099532261490822,0.9910981059074402,0.42956358194351196,0.6726117134094238,0.05088036134839058,0.9855213761329651,0.40449243783950806,0.6883958578109741,0.02194095402956009,0.9916406273841858,0.4271196722984314,0.6950300931930542,0.05175333470106125,0.9813498258590698,0.4027537703514099,0.6681356430053711,0.0016303437296301126,0.8718657493591309,0.43706169724464417,0.6766631007194519,0.028850456699728966,0.8284452557563782
158,walk,0.4099600911140442,0.24423053860664368,0.10785277932882309,0.9999275207519531,0.40779823064804077,0.2358061522245407,0.08842512220144272,0.9999009966850281,0.4060206413269043,0.2358262836933136,0.0884307473897934,0.9999161958694458,0.4041987359523773,0.23593105375766754,0.08843843638896942,0.999902606010437,0.4126017987728119,0.23594233393669128,0.09031549841165543,0.9999064803123474,0.41418370604515076,0.23594555258750916,0.09034004807472229,0.9999180436134338,0.4158145487308502,0.23598766326904297,0.09030693769454956,0.9998922944068909,0.4011603891849518,0.2408285140991211,0.020346658304333687,0.9999163746833801,0.4195486605167389,0.24145442247390747,0.028171222656965256,0.9998905658721924,0.40714675188064575,0.2525861859321594,0.08706183731555939,0.999919056892395,0.4127536714076996,0.253120481967926,0.08918873220682144,0.9999231100082397,0.3812329173088074,0.29759156703948975,-0.01597108133137226,0.9999191761016846,0.4378439784049988,0.29988667368888855,-0.0008096466772258282,0.9999166131019592,0.3722633421421051,0.3804818391799927,-0.020206337794661522,0.9777941703796387,0.446410596370697,0.3826337456703186,-0.00027592870173975825,0.9848207831382751,0.37941765785217285,0.4457366466522217,-0.006842300295829773,0.758821964263916,0.44862818717956543,0.45582106709480286,0.0038710753433406353,0.8472126126289368,0.37941962480545044,0.46473419666290283,-0.010560105554759502,0.6250334978103638,0.4492301046848297,0.47221553325653076,0.0036988977808505297,0.7412744760513306,0.3835783004760742,0.46068069338798523,-0.012265223078429699,0.605344831943512,0.44597434997558594,0.47294023633003235,-0.00013709925406146795,0.7229936122894287,0.38506555557250977,0.453591912984848,-0.007056410424411297,0.5497744083404541,0.4446519911289215,0.4666156470775604,0.002850367221981287,0.648423969745636,0.39838850498199463,0.45011457800865173,-0.0032075890339910984,0.9996563196182251,0.4281654953956604,0.44766297936439514,0.0030955574475228786,0.9994784593582153,0.40192002058029175,0.559265673160553,0.00559197086840868,0.9964994788169861,0.43001288175582886,0.5625591278076172,0.033762238919734955,0.9923961162567139,0.40304455161094666,0.6663607358932495,0.016965389251708984,0.991080105304718,0.42955833673477173,0.6726371049880981,0.0466013140976429,0.9856926798820496,0.40429091453552246,0.6886729598045349,0.017430361360311508,0.991632878780365,0.4270806908607483,0.6950718760490417,0.04714522510766983,0.9815584421157837,0.4027414917945862,0.6683772206306458,-0.0043312301859259605,0.8717702031135559,0.43707504868507385,0.676595151424408,0.023985346779227257,0.8291066288948059
159,walk,0.4099765717983246,0.2442367970943451,0.10790835320949554,0.9999254941940308,0.40782856941223145,0.2358180433511734,0.08846475183963776,0.9998982548713684,0.4060552716255188,0.23583704233169556,0.08846868574619293,0.9999139904975891,0.4042394757270813,0.23594054579734802,0.08847641199827194,0.9998999834060669,0.41262346506118774,0.23596453666687012,0.09037421643733978,0.9999038577079773,0.4142088294029236,0.23597176373004913,0.09040012955665588,0.999915599822998,0.4158514142036438,0.23601621389389038,0.09036681056022644,0.9998890161514282,0.40119045972824097,0.2408427596092224,0.020759349688887596,0.9999141693115234,0.419550359249115,0.2414988875389099,0.028617307543754578,0.9998882412910461,0.407176673412323,0.2526111602783203,0.08720306307077408,0.9999178051948547,0.4127585291862488,0.25316116213798523,0.08937002718448639,0.9999220967292786,0.3812677264213562,0.2975843548774719,-0.014526112005114555,0.999917209148407,0.43769556283950806,0.2999492883682251,-0.0005758546758443117,0.9999157786369324,0.37219229340553284,0.3803316652774811,-0.018678458407521248,0.9779460430145264,0.44642940163612366,0.38272207975387573,-0.0002390796144027263,0.9847339391708374,0.37935832142829895,0.44462156295776367,-0.006338703446090221,0.7595260143280029,0.44874078035354614,0.455695778131485,0.004038590006530285,0.8457832336425781,0.3794268071651459,0.463689386844635,-0.009747816249728203,0.6261348724365234,0.4493516981601715,0.4721503257751465,0.003858152311295271,0.7395562529563904,0.3835899233818054,0.45950308442115784,-0.011812642216682434,0.6063663363456726,0.4460936188697815,0.4728347659111023,0.00017265848873648793,0.7211229801177979,0.38503578305244446,0.4524654448032379,-0.00665436452254653,0.5505970120429993,0.444756418466568,0.4665296673774719,0.0030871923081576824,0.646612286567688,0.39837533235549927,0.450167179107666,-0.00248533021658659,0.9996479153633118,0.4278527796268463,0.44779083132743835,0.002372026676312089,0.9994713068008423,0.4017053544521332,0.5595145225524902,0.005641619674861431,0.9964649081230164,0.4299662113189697,0.56285560131073,0.03277289494872093,0.9925872683525085,0.4028152525424957,0.6664434671401978,0.017546435818076134,0.9911260008811951,0.42954573035240173,0.6726853251457214,0.04649559408426285,0.9860240817070007,0.40418630838394165,0.6889220476150513,0.018131185322999954,0.9916620850563049,0.4270355701446533,0.6950995922088623,0.04717833921313286,0.981917679309845,0.4027312397956848,0.6680802702903748,-0.003183680819347501,0.8726823925971985,0.4371146261692047,0.6766051650047302,0.024403315037488937,0.8317587971687317
160,walk,0.40999430418014526,0.24421517550945282,0.1080249547958374,0.9999254941940308,0.4078528881072998,0.23580576479434967,0.08858825266361237,0.9998984336853027,0.40608206391334534,0.23582462966442108,0.08859272301197052,0.9999140501022339,0.4042704105377197,0.23592756688594818,0.0886012390255928,0.9999001622200012,0.41264230012893677,0.23596030473709106,0.09040568768978119,0.9999040365219116,0.41422921419143677,0.2359691560268402,0.09042994678020477,0.9999155402183533,0.4158782958984375,0.23601505160331726,0.09039467573165894,0.9998891353607178,0.40121760964393616,0.2408355474472046,0.02108875662088394,0.9999142289161682,0.4195292890071869,0.24150361120700836,0.029218951240181923,0.9998888969421387,0.40719515085220337,0.2526100277900696,0.08731019496917725,0.9999183416366577,0.4127637445926666,0.2531602680683136,0.08959026634693146,0.9999227523803711,0.38126394152641296,0.2976040840148926,-0.014074022881686687,0.9999166131019592,0.4375911355018616,0.30000442266464233,0.00019145660917274654,0.9999164938926697,0.3721819221973419,0.38029348850250244,-0.017070237547159195,0.9781790971755981,0.4464617669582367,0.38271933794021606,0.001181985018774867,0.9848361015319824,0.37936097383499146,0.44378799200057983,-0.0022906616795808077,0.7587597370147705,0.44882169365882874,0.4554503262042999,0.006277626845985651,0.8435254096984863,0.3794938325881958,0.46287649869918823,-0.004982108250260353,0.6251320838928223,0.44944000244140625,0.47200635075569153,0.006541207432746887,0.7360262870788574,0.3836294710636139,0.4585941731929779,-0.006978263612836599,0.6053150296211243,0.446179062128067,0.47271767258644104,0.0031076811719685793,0.7174373865127563,0.38504165410995483,0.45148950815200806,-0.0024710684083402157,0.549515962600708,0.4448336064815521,0.46645134687423706,0.005473236553370953,0.6430714726448059,0.39832815527915955,0.4501239061355591,-0.002516463864594698,0.9996441602706909,0.4276125431060791,0.4477866291999817,0.0024059873539954424,0.9994697570800781,0.4016192555427551,0.5596914291381836,0.005173570942133665,0.9964367747306824,0.42986831068992615,0.5629279017448425,0.03266071528196335,0.9927569627761841,0.4026919901371002,0.6664699912071228,0.016571849584579468,0.9911490678787231,0.42953938245773315,0.6727316975593567,0.04593311622738838,0.9862934947013855,0.4041514992713928,0.6890267729759216,0.017182480543851852,0.9917014241218567,0.42702826857566833,0.6950950026512146,0.04663664102554321,0.9822442531585693,0.4027232527732849,0.6680732369422913,-0.003907904960215092,0.8733197450637817,0.4371172785758972,0.6765934228897095,0.02466554380953312,0.8336989879608154
161,walk,0.4100049138069153,0.24421536922454834,0.10821402072906494,0.9999251365661621,0.4078701138496399,0.23580509424209595,0.08881179988384247,0.9998982548713684,0.4061012864112854,0.23582346737384796,0.0888170599937439,0.9999138712882996,0.40429258346557617,0.23592540621757507,0.08882573992013931,0.9999001026153564,0.41265350580215454,0.2359655648469925,0.09052208065986633,0.9999037981033325,0.4142402112483978,0.23597967624664307,0.09054499119520187,0.9999151825904846,0.41589489579200745,0.23603129386901855,0.09050817787647247,0.9998888969421387,0.4012378752231598,0.24083654582500458,0.021173609420657158,0.9999141097068787,0.4195006787776947,0.24159356951713562,0.029773632064461708,0.9998891949653625,0.40720778703689575,0.2526453137397766,0.08743002265691757,0.999918520450592,0.41275453567504883,0.25323158502578735,0.08971907198429108,0.999923050403595,0.38127803802490234,0.29764148592948914,-0.013881146907806396,0.9999152421951294,0.43757733702659607,0.3002224862575531,0.0006732820766046643,0.999916672706604,0.3721848428249359,0.3802792429924011,-0.01649477332830429,0.9783831238746643,0.4464973509311676,0.38302484154701233,0.0020201492588967085,0.984927773475647,0.37937629222869873,0.44295090436935425,-0.0009541301988065243,0.7560356855392456,0.4488764703273773,0.4553550183773041,0.007210264448076487,0.8405167460441589,0.3796711564064026,0.4621880352497101,-0.0034507319796830416,0.6217699646949768,0.44949570298194885,0.4719567596912384,0.007648106664419174,0.7313805222511292,0.3837359547615051,0.4578896462917328,-0.005369784310460091,0.6019008159637451,0.4462382197380066,0.47263720631599426,0.0042732758447527885,0.7125985622406006,0.3850540220737457,0.45069271326065063,-0.0010915203019976616,0.5462532043457031,0.44488614797592163,0.46639031171798706,0.0064477575942873955,0.6383236646652222,0.39828652143478394,0.45011448860168457,-0.002428529318422079,0.9996398091316223,0.4274276793003082,0.4478261172771454,0.0023216726258397102,0.9994672536849976,0.4015074670314789,0.5598230957984924,0.004767402540892363,0.9964165091514587,0.42978349328041077,0.5629357099533081,0.032595835626125336,0.992956817150116,0.4026642441749573,0.6664825677871704,0.01609385758638382,0.991188645362854,0.42953163385391235,0.6727520227432251,0.04516167193651199,0.9866061210632324,0.4041575789451599,0.6890315413475037,0.01674305647611618,0.9917424321174622,0.4270220398902893,0.6950429081916809,0.045821625739336014,0.9826241731643677,0.40271759033203125,0.6678194403648376,-0.0044565508142113686,0.8739730715751648,0.4371260702610016,0.6765820980072021,0.024476563557982445,0.8360157608985901
162,walk,0.4100201725959778,0.24419865012168884,0.10896748304367065,0.9999257922172546,0.4078867435455322,0.2357797473669052,0.08967919647693634,0.9998994469642639,0.40611958503723145,0.23579591512680054,0.08968416601419449,0.9999147653579712,0.4043121337890625,0.23589475452899933,0.08968926966190338,0.9999013543128967,0.4126671850681305,0.23595879971981049,0.09131424129009247,0.9999050498008728,0.41425418853759766,0.23597662150859833,0.09134013205766678,0.999916136264801,0.41591256856918335,0.23603007197380066,0.0913073867559433,0.9998905658721924,0.40125757455825806,0.24083569645881653,0.022895699366927147,0.9999150037765503,0.4194912016391754,0.24160586297512054,0.0306620541960001,0.9998910427093506,0.40722543001174927,0.25264739990234375,0.08862237632274628,0.9999192357063293,0.4127620756626129,0.25324082374572754,0.09070702642202377,0.9999238848686218,0.3812492787837982,0.2976605296134949,-0.01129760779440403,0.9999146461486816,0.4375571310520172,0.30028244853019714,0.0009652514127083123,0.9999182224273682,0.3721264898777008,0.38021621108055115,-0.010671167634427547,0.9785402417182922,0.44652241468429565,0.3832624554634094,0.0025560117792338133,0.9853404760360718,0.37962257862091064,0.44001466035842896,0.007140818051993847,0.7498698830604553,0.4488948881626129,0.45527762174606323,0.008885939605534077,0.8405001759529114,0.380484402179718,0.4594276547431946,0.005661302246153355,0.6145154237747192,0.4495188295841217,0.47189292311668396,0.009797723963856697,0.7301674485206604,0.38434773683547974,0.45472171902656555,0.0035835946910083294,0.5946847796440125,0.44626766443252563,0.47258949279785156,0.006799148861318827,0.7113099694252014,0.38536307215690613,0.447213739156723,0.00699955690652132,0.5397769212722778,0.4449131488800049,0.4663793742656708,0.008366251364350319,0.6372446417808533,0.39826419949531555,0.45010659098625183,-0.0021629147231578827,0.9996421933174133,0.4272378385066986,0.4478931427001953,0.0020597351249307394,0.9994718432426453,0.4015021324157715,0.5598067045211792,0.004481737036257982,0.9964090585708618,0.42959529161453247,0.5626639723777771,0.032190121710300446,0.993141233921051,0.40272513031959534,0.6663818359375,0.013770006597042084,0.9912798404693604,0.4294816553592682,0.6727271676063538,0.043223872780799866,0.9869220852851868,0.4042758345603943,0.6889664530754089,0.014158813282847404,0.9918224215507507,0.42701712250709534,0.6950134038925171,0.0438094399869442,0.9829773902893066,0.4027249813079834,0.6678962111473083,-0.005403678864240646,0.875853419303894,0.4371219575405121,0.6765774488449097,0.023729469627141953,0.8394407629966736
163,walk,0.41002973914146423,0.24419032037258148,0.10902915149927139,0.9999260902404785,0.40789881348609924,0.23577192425727844,0.0898190513253212,0.9999001622200012,0.4061337411403656,0.23578870296478271,0.08982350677251816,0.9999153017997742,0.40432778000831604,0.23588776588439941,0.08982737362384796,0.9999021887779236,0.41267675161361694,0.23595638573169708,0.09147965162992477,0.9999060034751892,0.4142642915248871,0.23597531020641327,0.09150674194097519,0.9999168515205383,0.415926456451416,0.23602928221225739,0.09147562086582184,0.9998919367790222,0.4012691378593445,0.24084360897541046,0.023567821830511093,0.999915599822998,0.4194816052913666,0.24162337183952332,0.031300101429224014,0.9998926520347595,0.40723592042922974,0.2526569366455078,0.0889304056763649,0.9999193549156189,0.41276270151138306,0.25326594710350037,0.09102558344602585,0.99992436170578,0.3812488615512848,0.2977050244808197,-0.010720523074269295,0.9999129772186279,0.43754738569259644,0.30029645562171936,0.001825571758672595,0.9999193549156189,0.37207359075546265,0.3801612854003906,-0.009726555086672306,0.9784897565841675,0.4465413987636566,0.38332366943359375,0.0035737541038542986,0.985590934753418,0.37985342741012573,0.43833833932876587,0.008783982135355473,0.742509126663208,0.4489203989505768,0.4547966420650482,0.010472925379872322,0.8392280340194702,0.3811860680580139,0.457592636346817,0.007441867142915726,0.6063979864120483,0.44954997301101685,0.4714338183403015,0.011693148873746395,0.727389395236969,0.3849329650402069,0.4528798758983612,0.005499650724232197,0.5865689516067505,0.4462954103946686,0.47206515073776245,0.00883334781974554,0.7084646224975586,0.38569527864456177,0.44544920325279236,0.008733355440199375,0.5323818325996399,0.44493141770362854,0.4660191535949707,0.010061755776405334,0.6346902251243591,0.3982657492160797,0.4501710534095764,-0.0021548098884522915,0.9996407628059387,0.42713531851768494,0.4480477273464203,0.0020521970000118017,0.9994733929634094,0.4015038013458252,0.5597699284553528,0.00427360599860549,0.9964233636856079,0.4295041561126709,0.5626715421676636,0.0322159007191658,0.9933412671089172,0.40273088216781616,0.6663856506347656,0.013016050681471825,0.9913741946220398,0.4294539988040924,0.6727501153945923,0.04264027625322342,0.9872327446937561,0.4043070375919342,0.6889176964759827,0.013348981738090515,0.991913378238678,0.4270138740539551,0.6950070858001709,0.04322751611471176,0.9833614826202393,0.40269336104393005,0.667936384677887,-0.005593797657638788,0.8772400617599487,0.4371243119239807,0.6765801906585693,0.023788219317793846,0.8422401547431946
164,walk,0.4100378155708313,0.2442207783460617,0.10924984514713287,0.9999252557754517,0.4079086184501648,0.23579266667366028,0.09006766229867935,0.9998995661735535,0.40614452958106995,0.23581275343894958,0.09007132798433304,0.9999147057533264,0.40434059500694275,0.23591497540473938,0.09007321298122406,0.9999016523361206,0.41268569231033325,0.23598137497901917,0.09183747321367264,0.999905526638031,0.41427287459373474,0.23600082099437714,0.0918651893734932,0.9999163746833801,0.41593748331069946,0.2360553741455078,0.09183640778064728,0.9998916387557983,0.40128031373023987,0.24089406430721283,0.023972027003765106,0.9999152421951294,0.41946110129356384,0.24169883131980896,0.03205425664782524,0.9998928308486938,0.4072423577308655,0.25274860858917236,0.08928399533033371,0.9999188184738159,0.41276034712791443,0.25338026881217957,0.09148366749286652,0.9999240636825562,0.3812476396560669,0.2977277934551239,-0.01046206895262003,0.9999120235443115,0.4375389516353607,0.30029791593551636,0.00290184048935771,0.9999201893806458,0.37205684185028076,0.3799821138381958,-0.009173772297799587,0.9786611795425415,0.4465569853782654,0.3833563029766083,0.004920457489788532,0.9859302043914795,0.3800027668476105,0.4374345541000366,0.010364199988543987,0.7371143698692322,0.4489456117153168,0.45477283000946045,0.011740829795598984,0.8382838368415833,0.38152825832366943,0.4563446342945099,0.009053564630448818,0.6001373529434204,0.44959521293640137,0.47136446833610535,0.0128867132589221,0.7250247597694397,0.3851777911186218,0.4518764019012451,0.007157416082918644,0.5803173780441284,0.4463348388671875,0.4719836711883545,0.010013102553784847,0.7059944272041321,0.3858480751514435,0.4445262849330902,0.010349802672863007,0.5266758799552917,0.44496527314186096,0.4659814238548279,0.011293538846075535,0.6325600147247314,0.39826464653015137,0.4502018094062805,-0.002205887343734503,0.999640166759491,0.42701268196105957,0.4480946362018585,0.0021035003010183573,0.9994727373123169,0.4014468193054199,0.5600358247756958,0.0041148001328110695,0.9964223504066467,0.4294794201850891,0.5627772808074951,0.03226045146584511,0.9935122132301331,0.4027442932128906,0.666405975818634,0.012641276232898235,0.9914243221282959,0.4294094145298004,0.6728646755218506,0.04289678484201431,0.9874605536460876,0.40437859296798706,0.688936173915863,0.01296366285532713,0.9919717907905579,0.42700687050819397,0.6950528621673584,0.043523386120796204,0.9836709499359131,0.40268945693969727,0.6679567694664001,-0.005696447100490332,0.8780731558799744,0.4371177554130554,0.6765719652175903,0.023989638313651085,0.8443439602851868
165,walk,0.410045325756073,0.24426047503948212,0.10976578295230865,0.999925434589386,0.4079154133796692,0.23582394421100616,0.09068317711353302,0.9999000430107117,0.4061505198478699,0.235844224691391,0.0906863808631897,0.9999150037765503,0.40434446930885315,0.23594579100608826,0.09068705141544342,0.9999021887779236,0.4126933217048645,0.23602186143398285,0.09247440844774246,0.9999061822891235,0.41428035497665405,0.23604163527488708,0.09250228852033615,0.9999168515205383,0.4159463942050934,0.23609629273414612,0.09247496724128723,0.99989253282547,0.4012986123561859,0.24093443155288696,0.024897566065192223,0.9999157786369324,0.41945013403892517,0.24178022146224976,0.03283465653657913,0.999893844127655,0.4072501063346863,0.2528323233127594,0.08996192365884781,0.9999189376831055,0.41275525093078613,0.2534954249858856,0.09212787449359894,0.99992436170578,0.3812466561794281,0.2977326810359955,-0.010234618559479713,0.999911367893219,0.4375244677066803,0.3003063499927521,0.0042825182899832726,0.9999210834503174,0.37205973267555237,0.37986546754837036,-0.00928906723856926,0.9788265824317932,0.4465618133544922,0.383353054523468,0.0058985608629882336,0.9862080216407776,0.3801913857460022,0.4369875192642212,0.010314969345927238,0.7315359711647034,0.4489569664001465,0.45443204045295715,0.01276900339871645,0.837242841720581,0.38184604048728943,0.45559975504875183,0.008992894552648067,0.5936232209205627,0.4496309757232666,0.47093433141708374,0.013981727883219719,0.722493588924408,0.3854502737522125,0.45107361674308777,0.007210957817733288,0.5738013982772827,0.4463639259338379,0.4714653789997101,0.011300717480480671,0.7033932209014893,0.3860483765602112,0.44396331906318665,0.010341922752559185,0.5207763314247131,0.4449976086616516,0.4656660854816437,0.012383457273244858,0.6302269697189331,0.39826491475105286,0.45023101568222046,-0.0022187670692801476,0.9996379613876343,0.42697572708129883,0.4481257498264313,0.002117865951731801,0.9994714856147766,0.401379257440567,0.5601875185966492,0.004006415139883757,0.9964615702629089,0.4294802248477936,0.563060462474823,0.03230203315615654,0.9936966896057129,0.40275368094444275,0.6664115190505981,0.012129047885537148,0.9915370941162109,0.4294082522392273,0.6729221940040588,0.04289357736706734,0.9877454042434692,0.4043968617916107,0.6889119744300842,0.012480318546295166,0.992081344127655,0.4270091950893402,0.6950702667236328,0.04351986199617386,0.9840434193611145,0.40263986587524414,0.6679401993751526,-0.005802229046821594,0.8793509006500244,0.43710464239120483,0.6765499114990234,0.024131419137120247,0.846640408039093
166,walk,0.41005125641822815,0.2444741427898407,0.11150655895471573,0.9999257326126099,0.4079190790653229,0.23602907359600067,0.0924014300107956,0.9999008774757385,0.4061569571495056,0.23605512082576752,0.09240526705980301,0.9999156594276428,0.4043574333190918,0.23615580797195435,0.09240476787090302,0.99990314245224,0.41269928216934204,0.2362120896577835,0.09418507665395737,0.9999071359634399,0.41428470611572266,0.23622427880764008,0.09421238303184509,0.9999175071716309,0.4159529209136963,0.23627425730228424,0.09418666362762451,0.9998936653137207,0.40134644508361816,0.24108625948429108,0.026319395750761032,0.9999167323112488,0.4194340109825134,0.24200399219989777,0.03405969962477684,0.9998950362205505,0.4072555601596832,0.2530403435230255,0.09161671996116638,0.9999193549156189,0.4127472937107086,0.25375330448150635,0.09370735287666321,0.9999248385429382,0.3812454342842102,0.2977396845817566,-0.009405172429978848,0.9999112486839294,0.43751850724220276,0.3003620505332947,0.0055964672937989235,0.999921977519989,0.37205031514167786,0.3798072934150696,-0.00833885371685028,0.9790585041046143,0.44658541679382324,0.383534699678421,0.007508818991482258,0.9864404797554016,0.3803279399871826,0.43671494722366333,0.012548534199595451,0.7265374660491943,0.4489970803260803,0.45441609621047974,0.015055832453072071,0.8358041048049927,0.3820272386074066,0.45512503385543823,0.011438767425715923,0.5876262784004211,0.4496086537837982,0.47081854939460754,0.01638692617416382,0.719559371471405,0.3856531083583832,0.4506129026412964,0.009787095710635185,0.5677940249443054,0.4463443160057068,0.4712862968444824,0.013706503435969353,0.7003741264343262,0.3862137198448181,0.443490207195282,0.01264924556016922,0.515340268611908,0.44500571489334106,0.46555960178375244,0.014667915180325508,0.6273788809776306,0.39826011657714844,0.4502335786819458,-0.002273253630846739,0.9996373653411865,0.4269382059574127,0.4481326937675476,0.0021719729993492365,0.9994710683822632,0.40138569474220276,0.5601721405982971,0.003977374639362097,0.996495246887207,0.4294711947441101,0.5631864070892334,0.03234018012881279,0.9938596487045288,0.4028196334838867,0.6664159893989563,0.012025594711303711,0.9916135668754578,0.4294070303440094,0.6730903387069702,0.04281771555542946,0.9879897832870483,0.40443843603134155,0.6888987421989441,0.012401184998452663,0.9921631217002869,0.42701849341392517,0.6951736211776733,0.043448418378829956,0.9843991994857788,0.4026282727718353,0.6679229140281677,-0.005737917963415384,0.8799526691436768,0.43718165159225464,0.6765154600143433,0.02422523871064186,0.8482011556625366
167,walk,0.41006332635879517,0.24460402131080627,0.11247441917657852,0.9999251365661621,0.4079534113407135,0.2361852079629898,0.09335831552743912,0.9999002814292908,0.40620213747024536,0.23621851205825806,0.09336282312870026,0.9999150633811951,0.40441450476646423,0.23631985485553741,0.0933632105588913,0.9999025464057922,0.41270631551742554,0.23634685575962067,0.09510652720928192,0.9999068379402161,0.41428786516189575,0.2363498955965042,0.09513290226459503,0.999917209148407,0.41595643758773804,0.2363937646150589,0.09510581195354462,0.9998936057090759,0.4014342725276947,0.2412099838256836,0.02700730226933956,0.9999162554740906,0.4194348454475403,0.24215003848075867,0.034533143043518066,0.9998950958251953,0.4072827398777008,0.25316646695137024,0.09246359765529633,0.9999186992645264,0.4127500057220459,0.25387558341026306,0.09447622299194336,0.9999244809150696,0.3812481164932251,0.297741562128067,-0.008693424053490162,0.9999099969863892,0.43751877546310425,0.3003844618797302,0.005606812424957752,0.9999226927757263,0.37203142046928406,0.37966910004615784,-0.007552232593297958,0.9791489839553833,0.44661054015159607,0.3834983706474304,0.007131134159862995,0.9867348074913025,0.38032886385917664,0.4361921548843384,0.012728510424494743,0.7213758826255798,0.4490167498588562,0.4543847441673279,0.014371457509696484,0.8359081149101257,0.38200464844703674,0.4545019268989563,0.01152197178453207,0.5816946029663086,0.4496181011199951,0.47079646587371826,0.015581732615828514,0.718865156173706,0.38564589619636536,0.4499303996562958,0.009854485280811787,0.5618692636489868,0.4463338851928711,0.47126275300979614,0.012838749215006828,0.6996240615844727,0.38621971011161804,0.44297438859939575,0.012791243381798267,0.509838342666626,0.4450165629386902,0.4655359983444214,0.01395838987082243,0.6267644762992859,0.3982577621936798,0.45022422075271606,-0.0022715101949870586,0.9996342658996582,0.4269079566001892,0.44813209772109985,0.0021698190830647945,0.9994683861732483,0.4013844430446625,0.5601577162742615,0.0035606962628662586,0.9965300559997559,0.42945629358291626,0.563209593296051,0.03184201568365097,0.9940069913864136,0.4028800129890442,0.6664391756057739,0.010825499892234802,0.9916951656341553,0.42939868569374084,0.67313152551651,0.04178265109658241,0.9882108569145203,0.40447086095809937,0.688907265663147,0.011152928695082664,0.9922452569007874,0.42701801657676697,0.695245623588562,0.04234389215707779,0.9846994280815125,0.4026387631893158,0.6679283976554871,-0.007276818156242371,0.8807482719421387,0.43724650144577026,0.6765916347503662,0.022952208295464516,0.8498688340187073
168,walk,0.410109281539917,0.24465344846248627,0.11318298429250717,0.9999249577522278,0.40803012251853943,0.23624488711357117,0.09407712519168854,0.9999004602432251,0.4062936305999756,0.23628118634223938,0.0940820500254631,0.9999150633811951,0.4045163691043854,0.2363853007555008,0.09408244490623474,0.9999027252197266,0.4127359986305237,0.23641273379325867,0.09576842188835144,0.9999071955680847,0.4143088459968567,0.23641613125801086,0.09579488635063171,0.9999173879623413,0.4159775376319885,0.23646168410778046,0.09576758742332458,0.9998942017555237,0.40153607726097107,0.24129916727542877,0.02763884700834751,0.9999164342880249,0.41943755745887756,0.24225670099258423,0.034877609461545944,0.9998956918716431,0.4073556959629059,0.253240168094635,0.09312836080789566,0.9999186396598816,0.4127621650695801,0.25394579768180847,0.09505230188369751,0.9999245405197144,0.38125085830688477,0.29773804545402527,-0.008062982931733131,0.999909520149231,0.43751662969589233,0.3003925681114197,0.005742068402469158,0.999923586845398,0.372031569480896,0.3795873522758484,-0.00679819518700242,0.9791677594184875,0.4466199278831482,0.38349536061286926,0.007087168749421835,0.987003743648529,0.38041582703590393,0.4359995424747467,0.013777954503893852,0.7153250575065613,0.44904452562332153,0.4543367922306061,0.014368804171681404,0.835847795009613,0.3821257948875427,0.45427560806274414,0.012713393196463585,0.5747165679931641,0.4496222138404846,0.4707871675491333,0.015540750697255135,0.7178227305412292,0.3858115077018738,0.4496445953845978,0.011021672748029232,0.5549014210700989,0.4463043212890625,0.4712412655353546,0.01288237702101469,0.6985350251197815,0.38637781143188477,0.44276344776153564,0.01382327638566494,0.5034980773925781,0.4449925422668457,0.4655034840106964,0.013978901319205761,0.6257945895195007,0.3982442021369934,0.4501958191394806,-0.002270918572321534,0.9996340274810791,0.4268699288368225,0.44813114404678345,0.0021699308417737484,0.9994688034057617,0.4013892710208893,0.5600388646125793,0.0034243434201925993,0.9965417385101318,0.42942342162132263,0.5631673336029053,0.03170084208250046,0.9941115975379944,0.4029277265071869,0.6663637161254883,0.010549487546086311,0.9917634725570679,0.4293974041938782,0.6731318831443787,0.041495706886053085,0.9884036779403687,0.4044822156429291,0.6887907385826111,0.010901695117354393,0.9922969341278076,0.4270307123661041,0.6952415108680725,0.042048774659633636,0.9849454164505005,0.40263277292251587,0.6679315567016602,-0.007480941712856293,0.8819291591644287,0.4372578561306,0.6766698360443115,0.022789742797613144,0.8517685532569885
169,walk,0.410126268863678,0.24469521641731262,0.11397810280323029,0.9999246597290039,0.408068984746933,0.236304372549057,0.09475591033697128,0.9999005198478699,0.40634268522262573,0.23634524643421173,0.09476107358932495,0.9999148845672607,0.40457621216773987,0.23645326495170593,0.0947619155049324,0.9999028444290161,0.4127507209777832,0.236470565199852,0.09642450511455536,0.9999075531959534,0.4143203794956207,0.23647388815879822,0.09645093977451324,0.9999175071716309,0.415991872549057,0.23652034997940063,0.09642274677753448,0.9998947381973267,0.401604026556015,0.24138452112674713,0.02789181098341942,0.9999164938926697,0.41943907737731934,0.24234417080879211,0.03502870351076126,0.9998958706855774,0.40738797187805176,0.2533055543899536,0.09377671778202057,0.9999183416366577,0.4127638339996338,0.2540140450000763,0.0956629067659378,0.9999243021011353,0.38123929500579834,0.29774209856987,-0.008081047795712948,0.9999088048934937,0.4375111162662506,0.3004142642021179,0.0059076352044939995,0.9999240040779114,0.3720298409461975,0.3795786499977112,-0.007003734353929758,0.979202926158905,0.44662636518478394,0.383584201335907,0.007442612200975418,0.9871261715888977,0.38046330213546753,0.4358823895454407,0.01338404230773449,0.7102851867675781,0.4489496350288391,0.4543146789073944,0.014687219634652138,0.8349485397338867,0.38220125436782837,0.4540802538394928,0.012239606119692326,0.5686041712760925,0.44939103722572327,0.47081905603408813,0.015857862308621407,0.7156726121902466,0.3859189450740814,0.44932830333709717,0.01063293032348156,0.5488020777702332,0.44601941108703613,0.4712512195110321,0.013173328712582588,0.6963111758232117,0.38647350668907166,0.442513108253479,0.013468275777995586,0.49798381328582764,0.44473856687545776,0.4654873013496399,0.014289501123130322,0.6235476732254028,0.3982318043708801,0.4501907229423523,-0.002290001604706049,0.9996305704116821,0.42686423659324646,0.4481411278247833,0.002189156599342823,0.9994660019874573,0.40139371156692505,0.5596641898155212,0.003228320274502039,0.9965283870697021,0.42942214012145996,0.5631585717201233,0.031733788549900055,0.9941473603248596,0.4031301438808441,0.666213870048523,0.010525613091886044,0.9917458295822144,0.4293661117553711,0.673141598701477,0.0415608212351799,0.9884860515594482,0.4045875072479248,0.6884562373161316,0.010920264758169651,0.9922773241996765,0.42703548073768616,0.6952627897262573,0.04210343584418297,0.9850603342056274,0.4026142656803131,0.6679401993751526,-0.007433129940181971,0.8822517991065979,0.4373149275779724,0.6767528057098389,0.02288897894322872,0.8525281548500061
170,walk,0.41013139486312866,0.24473290145397186,0.1139698177576065,0.9999246001243591,0.40807223320007324,0.23635292053222656,0.09470551460981369,0.9999006986618042,0.406348317861557,0.23640085756778717,0.09471076726913452,0.9999148845672607,0.4045851230621338,0.23651430010795593,0.09471196681261063,0.9999030232429504,0.4127550721168518,0.23651503026485443,0.09642095863819122,0.9999078512191772,0.41432422399520874,0.23651966452598572,0.0964474081993103,0.9999176263809204,0.41599470376968384,0.23656849563121796,0.09641922265291214,0.9998950958251953,0.4016236662864685,0.2414512038230896,0.027719203382730484,0.9999168515205383,0.4194396436214447,0.2424316555261612,0.03496664762496948,0.9998961091041565,0.40739068388938904,0.25337859988212585,0.09369515627622604,0.9999184012413025,0.4127662181854248,0.2540908753871918,0.09563742578029633,0.9999244213104248,0.38123971223831177,0.2977418303489685,-0.008108716458082199,0.9999088048934937,0.4375062882900238,0.30042797327041626,0.006048594135791063,0.9999245405197144,0.37202614545822144,0.379557341337204,-0.0070765963755548,0.9794207215309143,0.4466383457183838,0.3835947811603546,0.007493007928133011,0.9872593283653259,0.38046494126319885,0.43602243065834045,0.012678263708949089,0.7083879113197327,0.4488763213157654,0.4544510245323181,0.014451299794018269,0.8349513411521912,0.3821929693222046,0.4542216360569,0.011331041343510151,0.5658115148544312,0.4492477774620056,0.47103151679039,0.015546913258731365,0.7149127721786499,0.38593098521232605,0.44956809282302856,0.009631623513996601,0.5459826588630676,0.44584378600120544,0.47145581245422363,0.012805256061255932,0.6955127120018005,0.3864900767803192,0.4427162706851959,0.012695660814642906,0.4955126941204071,0.4445899426937103,0.46564725041389465,0.014020015485584736,0.622907280921936,0.3981868624687195,0.4501887559890747,-0.0024819413665682077,0.9996269345283508,0.4268280565738678,0.44815847277641296,0.0023841899819672108,0.9994630813598633,0.40138036012649536,0.559167206287384,0.0032115555368363857,0.9965105056762695,0.42943277955055237,0.5632278323173523,0.03194567561149597,0.9941643476486206,0.40314334630966187,0.6661052107810974,0.010798308998346329,0.9917146563529968,0.4293118119239807,0.6732964515686035,0.04179380461573601,0.9885340332984924,0.40459829568862915,0.6881385445594788,0.011293711140751839,0.9922539591789246,0.4270387291908264,0.6953988671302795,0.04233948141336441,0.9851610064506531,0.4026104509830475,0.6679465174674988,-0.006630915217101574,0.8823695778846741,0.4373054504394531,0.6768454909324646,0.023332208395004272,0.8529306650161743
171,walk,0.41013675928115845,0.24480560421943665,0.1142813190817833,0.9999240040779114,0.4080865979194641,0.23644988238811493,0.09497936069965363,0.9999001622200012,0.40636634826660156,0.2365047186613083,0.09498469531536102,0.9999143481254578,0.4046085774898529,0.23662281036376953,0.09498679637908936,0.9999024868011475,0.41276392340660095,0.2365971952676773,0.09669507294893265,0.9999074935913086,0.4143349230289459,0.23659780621528625,0.09672108292579651,0.999917209148407,0.4160122871398926,0.23664399981498718,0.09669176489114761,0.9998947978019714,0.40165916085243225,0.24155285954475403,0.027790194377303123,0.9999163746833801,0.4194420874118805,0.24251911044120789,0.03505750000476837,0.9998957514762878,0.4074062407016754,0.25345557928085327,0.09392687678337097,0.9999178051948547,0.4127686619758606,0.2541629374027252,0.09587015211582184,0.9999240040779114,0.38124093413352966,0.29773858189582825,-0.008268766105175018,0.9999083280563354,0.43750566244125366,0.300464391708374,0.005992253310978413,0.9999248385429382,0.3720239996910095,0.379544198513031,-0.00751745980232954,0.979522168636322,0.44664517045021057,0.3835900127887726,0.007353874854743481,0.9873490333557129,0.38045480847358704,0.43613162636756897,0.012295125983655453,0.7072118520736694,0.44884738326072693,0.4543933868408203,0.014213809743523598,0.8345356583595276,0.3821878433227539,0.4542456865310669,0.010868551209568977,0.5640265941619873,0.4491938650608063,0.47094643115997314,0.015277015045285225,0.713568389415741,0.3859293460845947,0.4496857821941376,0.009140522219240665,0.5441934466362,0.44578051567077637,0.4713209271430969,0.012502121739089489,0.6941676139831543,0.3864946961402893,0.44286108016967773,0.012295631691813469,0.4938095211982727,0.44453296065330505,0.46555981040000916,0.013766835443675518,0.62157142162323,0.39815184473991394,0.4502069652080536,-0.002407411579042673,0.9996219277381897,0.42678728699684143,0.4482032060623169,0.0023093284107744694,0.9994596242904663,0.40137967467308044,0.5590739250183105,0.0031951621640473604,0.9964886903762817,0.42943698167800903,0.5632451772689819,0.031691715121269226,0.9942129850387573,0.4031980633735657,0.666031002998352,0.010850084945559502,0.9916790723800659,0.4292939305305481,0.6733827590942383,0.04159966856241226,0.9886119365692139,0.40461215376853943,0.6878290176391602,0.011350005865097046,0.9922348856925964,0.4270421862602234,0.6954745650291443,0.04213682562112808,0.9852846264839172,0.40260758996009827,0.6680368185043335,-0.006597626954317093,0.8822442293167114,0.43730491399765015,0.6769429445266724,0.022904280573129654,0.8534587621688843
172,walk,0.4101638197898865,0.24480754137039185,0.11373791843652725,0.9999237656593323,0.40812230110168457,0.23645645380020142,0.09425186365842819,0.999900221824646,0.4064043164253235,0.2365143597126007,0.09425624459981918,0.9999143481254578,0.40464991331100464,0.2366364747285843,0.0942574217915535,0.999902606010437,0.4127984941005707,0.23660318553447723,0.09618474543094635,0.9999075531959534,0.4143748879432678,0.23660409450531006,0.09621155261993408,0.999917209148407,0.41606441140174866,0.23665151000022888,0.0961843878030777,0.9998948574066162,0.40170398354530334,0.24158532917499542,0.02663344517350197,0.9999167919158936,0.41946154832839966,0.24255014955997467,0.03486063703894615,0.9998959898948669,0.407437801361084,0.25346291065216064,0.09329432249069214,0.9999180436134338,0.4127945303916931,0.25417137145996094,0.0955098420381546,0.9999241232872009,0.38124120235443115,0.29777392745018005,-0.009633032605051994,0.9999086856842041,0.43751248717308044,0.30059292912483215,0.005969528574496508,0.9999251961708069,0.37201792001724243,0.3795539140701294,-0.008024859242141247,0.97983318567276,0.44667792320251465,0.384099543094635,0.0076750791631639,0.987394392490387,0.3804404139518738,0.4361983835697174,0.012136419303715229,0.7072338461875916,0.4487825036048889,0.45477715134620667,0.014316506683826447,0.8339237570762634,0.38217297196388245,0.4543491005897522,0.010782248340547085,0.5632525682449341,0.44903236627578735,0.47130194306373596,0.015376870520412922,0.7121022343635559,0.3859270513057709,0.4497840404510498,0.009200630709528923,0.5434251427650452,0.4455997049808502,0.4716334939002991,0.012470180168747902,0.69265216588974,0.3864932358264923,0.44297218322753906,0.012253867462277412,0.4932127296924591,0.44439736008644104,0.46582210063934326,0.013796819373965263,0.6202933192253113,0.39812272787094116,0.45050397515296936,-0.0026593278162181377,0.9996219873428345,0.42676854133605957,0.44853293895721436,0.002565526170656085,0.9994583129882812,0.40134376287460327,0.5591953992843628,0.0031861152965575457,0.9964759945869446,0.4294300079345703,0.5633755326271057,0.03289466351270676,0.9942230582237244,0.40329790115356445,0.6660556197166443,0.011471239849925041,0.9916592240333557,0.42928019165992737,0.6733846664428711,0.043819360435009,0.9886384010314941,0.40464240312576294,0.6879468560218811,0.01209497731178999,0.9922069311141968,0.42704230546951294,0.6955085396766663,0.04448547586798668,0.9853418469429016,0.40260109305381775,0.6680426001548767,-0.005472219083458185,0.8823997378349304,0.43726128339767456,0.6769311428070068,0.026018138974905014,0.8538517355918884
173,walk,0.41021329164505005,0.24494417011737823,0.11292026937007904,0.9999223351478577,0.4081667959690094,0.23658527433872223,0.09346909821033478,0.9998987913131714,0.4064517915248871,0.2366366982460022,0.09347330033779144,0.9999129176139832,0.4047009348869324,0.2367524951696396,0.09347500652074814,0.999901294708252,0.4128347337245941,0.2367423176765442,0.09528118371963501,0.9999061822891235,0.414411723613739,0.23674193024635315,0.09530802071094513,0.9999158382415771,0.416107177734375,0.23678940534591675,0.09527991712093353,0.9998933672904968,0.40175527334213257,0.24169127643108368,0.025964442640542984,0.9999154806137085,0.41946467757225037,0.24271373450756073,0.03367295861244202,0.9998941421508789,0.4075097441673279,0.2535867989063263,0.09250528365373611,0.9999169707298279,0.41283488273620605,0.2543444037437439,0.09457798302173615,0.9999228715896606,0.3812432885169983,0.2978338599205017,-0.009696867316961288,0.9999077320098877,0.43751391768455505,0.3008002042770386,0.004512474872171879,0.9999244809150696,0.37202125787734985,0.37954819202423096,-0.008205028250813484,0.9798516035079956,0.44669756293296814,0.38449859619140625,0.006488482002168894,0.9874143600463867,0.3804292380809784,0.4362815320491791,0.010784193873405457,0.7069308757781982,0.4487387537956238,0.45537546277046204,0.012905416078865528,0.8338793516159058,0.3820936977863312,0.45472845435142517,0.00919671356678009,0.5622814893722534,0.4489116072654724,0.4718031883239746,0.01374845765531063,0.7117103338241577,0.38588660955429077,0.4499935209751129,0.007554859854280949,0.5424667596817017,0.44545406103134155,0.4721512794494629,0.010532384738326073,0.6922057271003723,0.38647279143333435,0.44307559728622437,0.010827791877090931,0.49228373169898987,0.4442940354347229,0.46623513102531433,0.012266550213098526,0.6198531985282898,0.39808234572410583,0.4505051374435425,-0.0025938660837709904,0.9996161460876465,0.4267656207084656,0.44854164123535156,0.002500235801562667,0.9994491338729858,0.4013153612613678,0.5591937303543091,0.002337322337552905,0.99637770652771,0.4293862283229828,0.5634022951126099,0.03237035125494003,0.9941102266311646,0.4034021496772766,0.6661443710327148,0.010465230792760849,0.9914606213569641,0.42925652861595154,0.6734243035316467,0.04263554885983467,0.9884185194969177,0.4046711325645447,0.6880655884742737,0.010962805710732937,0.9920346736907959,0.42704230546951294,0.6955226063728333,0.04313452169299126,0.9850980639457703,0.4025993347167969,0.6681027412414551,-0.007871102541685104,0.8812683820724487,0.4372777044773102,0.6769499778747559,0.02342083677649498,0.8526049852371216
174,walk,0.4102160930633545,0.24504949152469635,0.11272630840539932,0.9999201893806458,0.4081713557243347,0.2366853654384613,0.09322844445705414,0.9998964071273804,0.4064560532569885,0.23672905564308167,0.09323255717754364,0.999910831451416,0.40470486879348755,0.23683561384677887,0.09323399513959885,0.9998989701271057,0.41283878684043884,0.23686955869197845,0.09507424384355545,0.9999039173126221,0.4144202172756195,0.23687613010406494,0.09510044753551483,0.99991375207901,0.4161250591278076,0.23692689836025238,0.09507215023040771,0.9998908042907715,0.401761531829834,0.24176934361457825,0.02553832158446312,0.9999136924743652,0.41947585344314575,0.2428644746541977,0.0334349125623703,0.9998918175697327,0.4075174927711487,0.2536781132221222,0.092254638671875,0.9999154210090637,0.4128410816192627,0.25448405742645264,0.09437830746173859,0.9999213814735413,0.38124167919158936,0.2978512942790985,-0.010285558179020882,0.9999063611030579,0.4375160336494446,0.30101391673088074,0.004462329670786858,0.999923586845398,0.3720230758190155,0.37963518500328064,-0.00941920094192028,0.9798883199691772,0.4467015862464905,0.3849051892757416,0.0064861527644097805,0.9873299598693848,0.3804287612438202,0.4365176260471344,0.010362235829234123,0.7046673893928528,0.4486880898475647,0.45575493574142456,0.012902788817882538,0.8310676217079163,0.3820577561855316,0.4553135633468628,0.008747773244976997,0.5593541860580444,0.4487993121147156,0.47208812832832336,0.013748961500823498,0.7076140642166138,0.38588428497314453,0.4503553509712219,0.007261785212904215,0.5395023822784424,0.4453442692756653,0.4724290072917938,0.010531852021813393,0.6880353689193726,0.38647231459617615,0.4432794749736786,0.010470948182046413,0.4894271492958069,0.44420939683914185,0.4664384722709656,0.01226172037422657,0.6157628297805786,0.39805474877357483,0.45060718059539795,-0.0026025469414889812,0.9996117353439331,0.42676252126693726,0.44864732027053833,0.002509589772671461,0.9994430541992188,0.4012232720851898,0.5598487257957458,0.0025568674318492413,0.9963340163230896,0.42922258377075195,0.5635782480239868,0.032739076763391495,0.9941006302833557,0.4034755229949951,0.6661834120750427,0.011899366974830627,0.991392195224762,0.4292367994785309,0.673426628112793,0.044156718999147415,0.9883774518966675,0.4047009348869324,0.6880865693092346,0.01255712192505598,0.9919717907905579,0.4270405173301697,0.6955145001411438,0.04482513666152954,0.9850900173187256,0.40258803963661194,0.6681679487228394,-0.00612450297921896,0.8805838823318481,0.4372444748878479,0.6769685745239258,0.025369707494974136,0.8520673513412476
175,walk,0.41027384996414185,0.24509508907794952,0.11256051063537598,0.9999185800552368,0.4082135558128357,0.23672474920749664,0.093012236058712,0.9998944997787476,0.4064958095550537,0.23676268756389618,0.09301632642745972,0.9999091625213623,0.4047430157661438,0.2368657886981964,0.09301777184009552,0.9998971223831177,0.41288748383522034,0.23694446682929993,0.09495051205158234,0.9999022483825684,0.41447344422340393,0.2369636744260788,0.09497665613889694,0.9999121427536011,0.4161878526210785,0.2370295226573944,0.09494896233081818,0.9998889565467834,0.4017837643623352,0.24181224405765533,0.025013986974954605,0.999912440776825,0.4194951057434082,0.2429872304201126,0.033358655869960785,0.9998899102210999,0.40756097435951233,0.25372180342674255,0.09198148548603058,0.9999140501022339,0.4128964841365814,0.25456270575523376,0.09423290193080902,0.999920129776001,0.38123732805252075,0.2978653907775879,-0.011874533258378506,0.9999052286148071,0.43751639127731323,0.30112701654434204,0.0048350379802286625,0.999922513961792,0.3720301687717438,0.3796432912349701,-0.011911715380847454,0.979991614818573,0.4467128813266754,0.3853095471858978,0.006928148679435253,0.9872063994407654,0.38042834401130676,0.4365634620189667,0.008440539240837097,0.7032750844955444,0.4486347734928131,0.4560966193675995,0.013096906244754791,0.8289796710014343,0.38204360008239746,0.4553481340408325,0.006770428270101547,0.5573967695236206,0.448709100484848,0.472329318523407,0.013991452753543854,0.7045910358428955,0.38588055968284607,0.4504459798336029,0.005484690424054861,0.5375491976737976,0.44522324204444885,0.4726106524467468,0.010848302394151688,0.6849308609962463,0.38647201657295227,0.4433470070362091,0.008655127137899399,0.487521231174469,0.4441095292568207,0.46655964851379395,0.012459265068173409,0.61271733045578,0.39805281162261963,0.45074695348739624,-0.0036240494810044765,0.999607503414154,0.42677608132362366,0.44881847500801086,0.0035394702572375536,0.9994366765022278,0.4011712968349457,0.5599348545074463,0.0021858448162674904,0.9963162541389465,0.42917919158935547,0.5636487603187561,0.03409479558467865,0.994057834148407,0.4036003649234772,0.6661862730979919,0.011893592774868011,0.9913524985313416,0.4292098879814148,0.6734287738800049,0.0460653118789196,0.9883004426956177,0.4047248959541321,0.6880884766578674,0.0125520508736372,0.9919341802597046,0.4270389676094055,0.695514440536499,0.04680914804339409,0.9850273728370667,0.4025854468345642,0.6681973338127136,-0.006061938125640154,0.8804264068603516,0.43716803193092346,0.6769728660583496,0.027678530663251877,0.8514312505722046
176,walk,0.4102790951728821,0.24517685174942017,0.11140916496515274,0.9999173283576965,0.40822023153305054,0.23680146038532257,0.09183312952518463,0.9998928904533386,0.40650254487991333,0.2368326038122177,0.09183714538812637,0.999907910823822,0.40475040674209595,0.23693111538887024,0.09183855354785919,0.9998955130577087,0.41289305686950684,0.23705773055553436,0.09390121698379517,0.9999006986618042,0.4144783616065979,0.23708616197109222,0.0939272791147232,0.999910831451416,0.41619211435317993,0.23715876042842865,0.09390125423669815,0.9998871684074402,0.401792049407959,0.24189990758895874,0.023701172322034836,0.9999115467071533,0.4194965958595276,0.24310466647148132,0.032565705478191376,0.9998884201049805,0.40756624937057495,0.25378164649009705,0.09076150506734848,0.9999130368232727,0.4128994345664978,0.25466373562812805,0.0931723564863205,0.9999192357063293,0.38121703267097473,0.29792648553848267,-0.013438900001347065,0.9999043345451355,0.43751686811447144,0.3012520968914032,0.004694052971899509,0.9999217391014099,0.3720269799232483,0.3797529339790344,-0.013986808247864246,0.9801304340362549,0.446720689535141,0.3855810761451721,0.006642927415668964,0.9871580004692078,0.3804200291633606,0.4367503225803375,0.005851855035871267,0.7027939558029175,0.4486197829246521,0.4563386142253876,0.012365077622234821,0.8280346989631653,0.382012277841568,0.4555162787437439,0.003995479550212622,0.556685209274292,0.4486890733242035,0.47260144352912903,0.013229167088866234,0.7033048272132874,0.3858691155910492,0.4504862427711487,0.0026416280306875706,0.5368764400482178,0.4452081620693207,0.4728776216506958,0.010172256268560886,0.6836109757423401,0.386465847492218,0.44340240955352783,0.006034219637513161,0.48690614104270935,0.44409051537513733,0.4667688012123108,0.011744006536900997,0.6114493608474731,0.3980350196361542,0.4509769082069397,-0.004073163960129023,0.9996050596237183,0.4267652630805969,0.4491545259952545,0.0039903633296489716,0.9994326829910278,0.4011530876159668,0.5603535771369934,0.002189464634284377,0.9963189363479614,0.4290948510169983,0.5638135671615601,0.03508413955569267,0.994068443775177,0.40366610884666443,0.6662428379058838,0.012562237679958344,0.9913647174835205,0.42916616797447205,0.6733827590942383,0.04787891358137131,0.9883176684379578,0.4047399163246155,0.6880893111228943,0.013338945806026459,0.9919478893280029,0.426999568939209,0.6954221129417419,0.04873330518603325,0.9850704073905945,0.4025770127773285,0.6683623790740967,-0.004971184302121401,0.8805071115493774,0.43714195489883423,0.6769787073135376,0.029844310134649277,0.8515475988388062
177,walk,0.4102829396724701,0.2452901154756546,0.11090998351573944,0.9999165534973145,0.4082249701023102,0.236886128783226,0.0912758931517601,0.999891459941864,0.40650779008865356,0.23690742254257202,0.09128011763095856,0.9999068379402161,0.4047563672065735,0.23699460923671722,0.091282419860363,0.9998940825462341,0.4128957688808441,0.23716308176517487,0.09346867352724075,0.9998994469642639,0.41448235511779785,0.2371935248374939,0.09349521994590759,0.9999098181724548,0.41619911789894104,0.237263023853302,0.09346891194581985,0.9998856782913208,0.40179890394210815,0.24195054173469543,0.02266886457800865,0.9999105930328369,0.41949963569641113,0.24319444596767426,0.032105423510074615,0.9998868703842163,0.4075711667537689,0.25387048721313477,0.09008100628852844,0.9999121427536011,0.41290220618247986,0.25480684638023376,0.09264367073774338,0.9999184012413025,0.3812097907066345,0.29795363545417786,-0.015160510316491127,0.9999033212661743,0.437516450881958,0.30143675208091736,0.0046800002455711365,0.9999206066131592,0.37202733755111694,0.3797641694545746,-0.017231617122888565,0.9799272418022156,0.4467085301876068,0.38599053025245667,0.0063143521547317505,0.9869608879089355,0.38041919469833374,0.43708178400993347,-0.00026548883761279285,0.7032036185264587,0.4485556483268738,0.4564730226993561,0.010617757216095924,0.8280490636825562,0.3820079267024994,0.45581668615341187,-0.002640064340084791,0.5574624538421631,0.44859614968299866,0.4727839231491089,0.011220492422580719,0.7039506435394287,0.38586559891700745,0.4506710171699524,-0.0040790848433971405,0.5376457571983337,0.4451417326927185,0.47308462858200073,0.008139305748045444,0.6842589974403381,0.3864656090736389,0.4435740113258362,-0.00016948861593846232,0.4876197874546051,0.44403332471847534,0.46695420145988464,0.009941949509084225,0.611997663974762,0.39803117513656616,0.45109790563583374,-0.004950098227709532,0.9996060132980347,0.4267645478248596,0.4493575990200043,0.0048630740493535995,0.9994326829910278,0.40111762285232544,0.5602861046791077,0.0020116236992180347,0.9963355660438538,0.4290463924407959,0.5635092258453369,0.037224363535642624,0.9940615892410278,0.40366148948669434,0.6662428975105286,0.01278233714401722,0.9914299249649048,0.42916369438171387,0.6731622219085693,0.05084213614463806,0.9883493781089783,0.40472888946533203,0.6880810856819153,0.013638684526085854,0.9919978380203247,0.42699185013771057,0.6953067183494568,0.0517706461250782,0.9850999712944031,0.4025118350982666,0.668368399143219,-0.004710888955742121,0.881209671497345,0.43714413046836853,0.6769629716873169,0.032825909554958344,0.8518996834754944
178,walk,0.41028690338134766,0.2453538328409195,0.11125507205724716,0.9999167323112488,0.40822964906692505,0.2369469553232193,0.09162638336420059,0.9998916983604431,0.40651240944862366,0.23696433007717133,0.0916304960846901,0.9999071359634399,0.40476101636886597,0.23704794049263,0.09163211286067963,0.999894380569458,0.4129003584384918,0.23724792897701263,0.09375528246164322,0.999899685382843,0.4144870638847351,0.23728828132152557,0.09378224611282349,0.9999100565910339,0.4162047505378723,0.23736456036567688,0.0937567874789238,0.9998858571052551,0.40180468559265137,0.24204207956790924,0.022961396723985672,0.9999111294746399,0.4194999635219574,0.2433101385831833,0.03218568488955498,0.9998871088027954,0.40757498145103455,0.253940224647522,0.090441033244133,0.9999126195907593,0.41290363669395447,0.25490081310272217,0.09290602058172226,0.9999186992645264,0.38115522265434265,0.29797425866127014,-0.014977429993450642,0.9999039769172668,0.4375167787075043,0.30165737867355347,0.0048569501377642155,0.9999204277992249,0.37204164266586304,0.37976592779159546,-0.01659230701625347,0.9799885153770447,0.44670215249061584,0.3863043785095215,0.00641719251871109,0.9869928359985352,0.3804251551628113,0.4372309446334839,0.0012779043754562736,0.7022692561149597,0.4485166668891907,0.45668724179267883,0.01063452661037445,0.828167736530304,0.3819994628429413,0.45595842599868774,-0.0008217121358029544,0.5563020706176758,0.44856128096580505,0.47305190563201904,0.011313285678625107,0.704292893409729,0.3858634829521179,0.4507444202899933,-0.00229804334230721,0.5364378690719604,0.44512033462524414,0.4734034240245819,0.008239139802753925,0.6845475435256958,0.38646525144577026,0.443646103143692,0.00137554039247334,0.4867435395717621,0.4440096318721771,0.46729758381843567,0.009971851482987404,0.612139880657196,0.3979940116405487,0.45113465189933777,-0.004926939494907856,0.9996110796928406,0.42675551772117615,0.4494357109069824,0.0048394231125712395,0.9994365572929382,0.40111714601516724,0.5602026581764221,0.001969659235328436,0.9963617324829102,0.4290351867675781,0.5632050633430481,0.03719525784254074,0.9940887689590454,0.40371042490005493,0.6662728190422058,0.0128412377089262,0.9915111064910889,0.4291594624519348,0.6730702519416809,0.05053821951150894,0.9884352087974548,0.40473484992980957,0.6881126165390015,0.013713538646697998,0.9920710325241089,0.42698031663894653,0.6952511072158813,0.05142977088689804,0.9852248430252075,0.4025126099586487,0.668367326259613,-0.004583743400871754,0.8819335699081421,0.4371369481086731,0.6769524216651917,0.03255494683980942,0.8525218367576599
179,walk,0.41029056906700134,0.24537338316440582,0.1109081357717514,0.999916672706604,0.40823355317115784,0.2369643598794937,0.09128843247890472,0.9998915791511536,0.406515896320343,0.2369794398546219,0.09129224717617035,0.9999070763587952,0.4047640264034271,0.23706084489822388,0.09129379689693451,0.9998943209648132,0.41290467977523804,0.2372802048921585,0.09335429221391678,0.9998997449874878,0.41449135541915894,0.2373271882534027,0.09338066726922989,0.9999101161956787,0.4162101745605469,0.23740749061107635,0.09335476160049438,0.9998859167098999,0.401798814535141,0.2420772761106491,0.022839944809675217,0.9999111890792847,0.4195006489753723,0.24335139989852905,0.03168546408414841,0.9998870491981506,0.40757179260253906,0.25396987795829773,0.09017385542392731,0.999912679195404,0.41290298104286194,0.254936546087265,0.09254530072212219,0.9999187588691711,0.38110285997390747,0.2980022132396698,-0.014844772405922413,0.9999040365219116,0.43751630187034607,0.3018442988395691,0.004814958665519953,0.999920129776001,0.3720431625843048,0.379894882440567,-0.015995575115084648,0.9798806309700012,0.44669365882873535,0.3868006467819214,0.006446204148232937,0.9868560433387756,0.3804280161857605,0.4375067353248596,0.0022764713503420353,0.7009421586990356,0.44846969842910767,0.45683008432388306,0.010662905871868134,0.8264380097389221,0.38199400901794434,0.4562440514564514,0.00027571842656470835,0.5549055337905884,0.44848448038101196,0.4731738567352295,0.011339651420712471,0.7021190524101257,0.38587576150894165,0.45095115900039673,-0.0012128313537687063,0.5350189208984375,0.44504913687705994,0.4735729694366455,0.00831490196287632,0.6823612451553345,0.3864789307117462,0.4438217282295227,0.0023741996847093105,0.4854341447353363,0.44394364953041077,0.46750158071517944,0.009999185800552368,0.6098344922065735,0.39797455072402954,0.4511597156524658,-0.004986909683793783,0.999614417552948,0.4267546534538269,0.44951340556144714,0.00489880982786417,0.9994402527809143,0.401109516620636,0.5601967573165894,0.0017502891132608056,0.9963874220848083,0.42896562814712524,0.5630158185958862,0.03742858022451401,0.9941083192825317,0.4037887156009674,0.6662536263465881,0.012773791328072548,0.9915894865989685,0.42915716767311096,0.6727979183197021,0.05056583136320114,0.9884868264198303,0.404818058013916,0.6880542635917664,0.013669990003108978,0.9921305775642395,0.4269680976867676,0.6950989365577698,0.05143721029162407,0.9852705001831055,0.4025045931339264,0.6683730483055115,-0.0046372925862669945,0.8826091885566711,0.43702149391174316,0.6768608093261719,0.032673683017492294,0.8528790473937988
180,walk,0.4103122651576996,0.2454470694065094,0.11090848594903946,0.999915361404419,0.40825146436691284,0.23699666559696198,0.09130987524986267,0.9998897314071655,0.40652912855148315,0.2370012253522873,0.0913136750459671,0.9999056458473206,0.40477409958839417,0.23707567155361176,0.09131547063589096,0.9998926520347595,0.4129265248775482,0.23734626173973083,0.09329602122306824,0.9998981356620789,0.4145103096961975,0.23740045726299286,0.09332185238599777,0.9999087452888489,0.4162275195121765,0.23748664557933807,0.09329439699649811,0.9998840093612671,0.4018021523952484,0.24211038649082184,0.022945161908864975,0.9999096989631653,0.4195018410682678,0.2434176802635193,0.031223172321915627,0.9998855590820312,0.40757855772972107,0.2540348768234253,0.09020332992076874,0.9999117255210876,0.41292381286621094,0.25504451990127563,0.09246739000082016,0.9999179244041443,0.3809300363063812,0.29800817370414734,-0.014682617969810963,0.9999037981033325,0.4374949336051941,0.3018749952316284,0.003930837381631136,0.9999199509620667,0.37200096249580383,0.3801164925098419,-0.01518990844488144,0.9798036217689514,0.4465290904045105,0.38691046833992004,0.006165310274809599,0.9868358373641968,0.380405068397522,0.4378335177898407,0.0038047689013183117,0.7014225125312805,0.4483829438686371,0.45708104968070984,0.010813241824507713,0.826688826084137,0.3819582462310791,0.4567250609397888,0.0019461760530248284,0.5555291175842285,0.448417991399765,0.4736389219760895,0.01139126718044281,0.7027387022972107,0.3858480155467987,0.4513604938983917,0.0001831264526117593,0.5355614423751831,0.44502323865890503,0.4741447865962982,0.00836203247308731,0.683102011680603,0.38645145297050476,0.4441542327404022,0.003820097539573908,0.48581820726394653,0.44391337037086487,0.46798616647720337,0.01012924499809742,0.6105270385742188,0.3979150056838989,0.451174795627594,-0.004534396808594465,0.999617338180542,0.4266418516635895,0.4495696723461151,0.004436949267983437,0.9994441866874695,0.4010964334011078,0.5601657629013062,0.002740454161539674,0.9963951110839844,0.4288071095943451,0.5630353093147278,0.03721117228269577,0.9941424131393433,0.40384212136268616,0.6663352251052856,0.014476055279374123,0.9916192293167114,0.42914900183677673,0.6728755235671997,0.050752054899930954,0.9885250329971313,0.40486520528793335,0.6881325840950012,0.015406523831188679,0.9921457171440125,0.4269583821296692,0.6951612830162048,0.051694322377443314,0.9853295087814331,0.402519553899765,0.6683703064918518,-0.003115507774055004,0.8825846910476685,0.43734127283096313,0.6769030690193176,0.03286970034241676,0.8530625700950623
181,walk,0.41034382581710815,0.24550117552280426,0.10962945222854614,0.999915361404419,0.4082767963409424,0.23703423142433167,0.09021026641130447,0.9998897910118103,0.406549870967865,0.23702767491340637,0.09021388739347458,0.9999057054519653,0.40479034185409546,0.2370956689119339,0.09021654725074768,0.9998928308486938,0.41295379400253296,0.2374258190393448,0.09203992784023285,0.9998982548713684,0.4145359396934509,0.2374928593635559,0.09206512570381165,0.9999088048934937,0.4162541329860687,0.2375904768705368,0.0920366570353508,0.9998841881752014,0.4018048644065857,0.24216026067733765,0.02259347215294838,0.9999099373817444,0.4195036292076111,0.24352644383907318,0.03035271167755127,0.9998858571052551,0.40759068727493286,0.25408288836479187,0.08923632651567459,0.9999119639396667,0.41294583678245544,0.2551182508468628,0.09130168706178665,0.9999181628227234,0.3808410167694092,0.2980591356754303,-0.014473631978034973,0.9999038577079773,0.4374729096889496,0.3019331395626068,0.0035026478581130505,0.9999204277992249,0.371971070766449,0.38024261593818665,-0.014790421351790428,0.979646623134613,0.44641295075416565,0.3869672417640686,0.006113310810178518,0.9867976903915405,0.38039347529411316,0.4379671812057495,0.005699037108570337,0.7000137567520142,0.44832348823547363,0.4571501314640045,0.01151341013610363,0.8265402913093567,0.3819485604763031,0.4568277597427368,0.004124962259083986,0.5540410280227661,0.4483967423439026,0.4738384187221527,0.012295890599489212,0.7025548219680786,0.3858436942100525,0.4514695405960083,0.0023546782322227955,0.5340050458908081,0.4450143277645111,0.4744189381599426,0.00913948193192482,0.6830044984817505,0.38644808530807495,0.44424960017204285,0.005756697151809931,0.484327107667923,0.44389039278030396,0.46824023127555847,0.010841956362128258,0.6105324029922485,0.3978983461856842,0.4512052834033966,-0.0045080650597810745,0.999618411064148,0.4266093373298645,0.44959312677383423,0.004409966059029102,0.999446451663971,0.4010851979255676,0.560381293296814,0.002675497904419899,0.996385931968689,0.42871198058128357,0.5632578134536743,0.03709009662270546,0.9941146373748779,0.40387678146362305,0.6664034128189087,0.01402235310524702,0.991600751876831,0.42913442850112915,0.6729031801223755,0.05069441348314285,0.9884463548660278,0.4049304127693176,0.6883965134620667,0.014885847456753254,0.9921138286590576,0.4269443452358246,0.6952232122421265,0.05165872722864151,0.9852420091629028,0.40251827239990234,0.6683728098869324,-0.003700505243614316,0.8826015591621399,0.43737030029296875,0.6769050359725952,0.03271479904651642,0.8527083396911621
182,walk,0.410353422164917,0.2455257624387741,0.10921844094991684,0.9999144077301025,0.40828365087509155,0.23705250024795532,0.08982938528060913,0.9998886585235596,0.4065536856651306,0.23704037070274353,0.08983331173658371,0.9999048113822937,0.4047929644584656,0.23710571229457855,0.08983643352985382,0.9998917579650879,0.41296571493148804,0.237465962767601,0.09156987816095352,0.9998971223831177,0.4145476818084717,0.2375386506319046,0.09159477055072784,0.9999077916145325,0.4162662923336029,0.23764127492904663,0.09156583249568939,0.9998828768730164,0.40180402994155884,0.2421795278787613,0.022414717823266983,0.9999091625213623,0.41950464248657227,0.24356301128864288,0.02979172393679619,0.9998849034309387,0.40759339928627014,0.25410112738609314,0.08890107274055481,0.9999113082885742,0.4129515290260315,0.255141019821167,0.09085284173488617,0.9999176263809204,0.38072532415390015,0.29811593890190125,-0.014331391081213951,0.9999035000801086,0.4374464452266693,0.30194637179374695,0.0027856710366904736,0.9999204277992249,0.3719228208065033,0.380422979593277,-0.014663830399513245,0.9796091914176941,0.4463130831718445,0.3869929015636444,0.005660527385771275,0.98670494556427,0.38037389516830444,0.43835920095443726,0.0062163108959794044,0.698582649230957,0.4482634663581848,0.45722076296806335,0.011534793302416801,0.8255435824394226,0.38190335035324097,0.45716726779937744,0.004688297398388386,0.5524203777313232,0.44838109612464905,0.4739306569099426,0.01230851374566555,0.7012952566146851,0.3858036398887634,0.4518163502216339,0.0029973662458360195,0.5322908163070679,0.44501209259033203,0.4745289981365204,0.009170463308691978,0.6818048357963562,0.3864148259162903,0.4445708394050598,0.006307757459580898,0.4826812446117401,0.4438750743865967,0.4683546721935272,0.010867742821574211,0.6093801856040955,0.3978798985481262,0.4512576758861542,-0.004329041112214327,0.9996199607849121,0.42658528685569763,0.4496038258075714,0.004230530001223087,0.9994485378265381,0.4010928273200989,0.5603175163269043,0.0033897175453603268,0.9963882565498352,0.42857807874679565,0.5632534027099609,0.03702287748456001,0.9941117167472839,0.40393000841140747,0.6664600968360901,0.015103067271411419,0.9916073679924011,0.42909717559814453,0.6729158163070679,0.0508585050702095,0.9884437322616577,0.40495777130126953,0.6885865926742554,0.016008740290999413,0.9921096563339233,0.4269131124019623,0.6952781081199646,0.05184856802225113,0.9852510094642639,0.40252119302749634,0.6684094667434692,-0.002104449551552534,0.8823579549789429,0.43740662932395935,0.6769644618034363,0.033232834190130234,0.8525447249412537
183,walk,0.41037434339523315,0.24553006887435913,0.10927104949951172,0.9999151825904846,0.40830063819885254,0.23705917596817017,0.08987171947956085,0.9998896718025208,0.40656715631484985,0.23704685270786285,0.08987600356340408,0.9999057650566101,0.40480247139930725,0.23711219429969788,0.08987925201654434,0.9998928308486938,0.4129880964756012,0.2374717742204666,0.09156978130340576,0.9998981356620789,0.41456976532936096,0.23754309117794037,0.09159456193447113,0.9999086856842041,0.41629084944725037,0.2376454919576645,0.09156608581542969,0.9998839497566223,0.40180525183677673,0.24218490719795227,0.022476926445961,0.9999101161956787,0.41950565576553345,0.243571937084198,0.029654547572135925,0.9998863339424133,0.4076026976108551,0.25410929322242737,0.08896635472774506,0.999912440776825,0.4129696786403656,0.25514715909957886,0.09088002145290375,0.9999187588691711,0.38062456250190735,0.2982032597064972,-0.014071257784962654,0.999904215335846,0.4374188780784607,0.3019509017467499,0.0024971829261630774,0.9999212622642517,0.3718962073326111,0.38072091341018677,-0.013659884221851826,0.9797545075416565,0.44620856642723083,0.38701626658439636,0.005645727273076773,0.9866743087768555,0.3803587555885315,0.4388137459754944,0.008286132477223873,0.6982609033584595,0.4481576383113861,0.457283616065979,0.012143902480602264,0.8242855072021484,0.3818727135658264,0.45762261748313904,0.006846283562481403,0.551821231842041,0.4483006000518799,0.47402331233024597,0.012976991012692451,0.6995369791984558,0.3857761025428772,0.45232078433036804,0.005229002330452204,0.5316093564033508,0.44497150182724,0.47462522983551025,0.00968879833817482,0.6801304817199707,0.3863879144191742,0.4450409710407257,0.008417489007115364,0.4820474684238434,0.44382748007774353,0.46844592690467834,0.01146029308438301,0.607730507850647,0.39783865213394165,0.4513431191444397,-0.0038805443327873945,0.9996265769004822,0.42655348777770996,0.4496799111366272,0.003780664876103401,0.9994579553604126,0.4011746346950531,0.560282289981842,0.00508443359285593,0.9964250326156616,0.4284578859806061,0.5631993412971497,0.03710045665502548,0.994189977645874,0.4040336012840271,0.6664628982543945,0.017547564581036568,0.9917042255401611,0.42905616760253906,0.6729409098625183,0.05166897922754288,0.9885985255241394,0.4049954414367676,0.6885843873023987,0.018571635708212852,0.9921922087669373,0.4268992841243744,0.6953333020210266,0.05276687070727348,0.985442042350769,0.40263789892196655,0.6684055924415588,0.0010494800517335534,0.8828428983688354,0.4374111592769623,0.6769658327102661,0.03460196405649185,0.8535630106925964
184,walk,0.4103841185569763,0.24553488194942474,0.10858584940433502,0.9999147057533264,0.40830546617507935,0.23706459999084473,0.08929796516895294,0.9998891353607178,0.40656939148902893,0.23705238103866577,0.0893024355173111,0.9999052882194519,0.40480566024780273,0.23711763322353363,0.08930688351392746,0.9998923540115356,0.4129970073699951,0.23747965693473816,0.09066808223724365,0.9998977184295654,0.41457676887512207,0.23755574226379395,0.09069286286830902,0.9999082088470459,0.4162961542606354,0.23766237497329712,0.09066229313611984,0.9998833537101746,0.4018038213253021,0.24219286441802979,0.022274963557720184,0.9999094009399414,0.4194980561733246,0.24359185993671417,0.02799030765891075,0.9998857378959656,0.4076043963432312,0.2541148066520691,0.08843956887722015,0.9999121427536011,0.41297492384910583,0.25515082478523254,0.08992797881364822,0.999918520450592,0.380548894405365,0.29821884632110596,-0.013861535117030144,0.9999039173126221,0.43731698393821716,0.30195504426956177,-0.00023394936579279602,0.9999212026596069,0.3717789947986603,0.38072723150253296,-0.01362433098256588,0.9794908761978149,0.44611555337905884,0.3870624899864197,0.0021572071127593517,0.9865782260894775,0.3803401589393616,0.4390777051448822,0.006212076172232628,0.6975098252296448,0.44806426763534546,0.4574194550514221,0.009235197678208351,0.8242961764335632,0.3818303346633911,0.45789629220962524,0.0042947204783558846,0.551051676273346,0.4482201933860779,0.47417259216308594,0.009623359888792038,0.6997673511505127,0.3857496976852417,0.45263341069221497,0.002351598348468542,0.5307523608207703,0.4449005722999573,0.4748430848121643,0.006272819824516773,0.6804669499397278,0.38636380434036255,0.4453117251396179,0.006090946961194277,0.48115289211273193,0.4437534213066101,0.4686148762702942,0.008553611114621162,0.6079754829406738,0.3977810740470886,0.45134425163269043,-0.0031428236979991198,0.9996284246444702,0.42654019594192505,0.44967934489250183,0.0030352475587278605,0.9994608163833618,0.4011779725551605,0.5601571202278137,0.0052657583728432655,0.996412456035614,0.4283682703971863,0.5628869533538818,0.03693650662899017,0.994170069694519,0.40407243371009827,0.66643226146698,0.017702918499708176,0.9917109608650208,0.4290429949760437,0.6729119420051575,0.05136176198720932,0.9885866641998291,0.40501976013183594,0.6885672211647034,0.018659155815839767,0.9921756386756897,0.4268978238105774,0.6953485012054443,0.05240950733423233,0.9853706955909729,0.4027267396450043,0.6682978868484497,0.000489157740958035,0.8829506039619446,0.4374105930328369,0.6768538355827332,0.034243062138557434,0.8537670373916626
185,walk,0.4103926122188568,0.24555066227912903,0.1085575595498085,0.9999129772186279,0.4083094000816345,0.2370751053094864,0.08926361054182053,0.9998869895935059,0.4065724015235901,0.23706023395061493,0.0892677903175354,0.9999035000801086,0.4048091471195221,0.23712457716464996,0.08927229046821594,0.9998903870582581,0.41300612688064575,0.23750296235084534,0.0906781554222107,0.9998957514762878,0.41458553075790405,0.23758292198181152,0.0907033383846283,0.9999064207077026,0.41630417108535767,0.23769310116767883,0.09067241847515106,0.9998810887336731,0.40180355310440063,0.24219949543476105,0.02216460183262825,0.9999074339866638,0.4194888472557068,0.24361976981163025,0.028110582381486893,0.9998832941055298,0.4076065421104431,0.254129558801651,0.08836083114147186,0.9999104738235474,0.41297799348831177,0.25517114996910095,0.08990399539470673,0.9999167919158936,0.38046762347221375,0.29820239543914795,-0.013833045959472656,0.9999032616615295,0.4372672438621521,0.3019619584083557,-7.383573392871767e-05,0.9999204277992249,0.371631383895874,0.3805346190929413,-0.013669081032276154,0.9792314171791077,0.4460495114326477,0.3870689868927002,0.002200325485318899,0.9865295886993408,0.38030046224594116,0.439087450504303,0.004405458923429251,0.6980958580970764,0.4480448365211487,0.4574694037437439,0.009119449183344841,0.8255732655525208,0.3817513883113861,0.4579399824142456,0.0023233084939420223,0.5516733527183533,0.4482138156890869,0.4742186665534973,0.009504049085080624,0.7017413377761841,0.38567644357681274,0.4526766836643219,0.0004153920745011419,0.5313548445701599,0.4448915421962738,0.4749275743961334,0.006152287591248751,0.6824926137924194,0.38630208373069763,0.44532695412635803,0.00427608098834753,0.4816068410873413,0.44373661279678345,0.46867477893829346,0.008434480056166649,0.6099499464035034,0.39771637320518494,0.45129716396331787,-0.003084067953750491,0.9996267557144165,0.4265085756778717,0.4496231973171234,0.0029748892411589622,0.9994579553604126,0.40117311477661133,0.5599519610404968,0.004758927039802074,0.996366560459137,0.4283493161201477,0.562524139881134,0.036543965339660645,0.9940713047981262,0.40407508611679077,0.6664400100708008,0.01708080805838108,0.9916301965713501,0.4290409982204437,0.6728689670562744,0.050894372165203094,0.988434910774231,0.40502309799194336,0.6885761022567749,0.01793770119547844,0.9920742511749268,0.42691636085510254,0.6953325867652893,0.05183668062090874,0.985127329826355,0.4028056561946869,0.6682995557785034,-0.0015767673030495644,0.8826539516448975,0.43739739060401917,0.6768220067024231,0.03238710016012192,0.8532401323318481
186,walk,0.4103950560092926,0.24556176364421844,0.1086764931678772,0.999912440776825,0.4083124101161957,0.2370845228433609,0.08942738175392151,0.9998862743377686,0.406576007604599,0.23706868290901184,0.08943182975053787,0.9999028444290161,0.4048128128051758,0.2371334433555603,0.08943711221218109,0.9998897314071655,0.41300851106643677,0.23751485347747803,0.09071406722068787,0.9998950958251953,0.41458868980407715,0.23759490251541138,0.09073943644762039,0.9999057650566101,0.41630855202674866,0.23770543932914734,0.09070784598588943,0.999880313873291,0.401803582906723,0.242208331823349,0.02241961471736431,0.9999064803123474,0.419468492269516,0.24363097548484802,0.02828439138829708,0.9998824596405029,0.40760889649391174,0.2541390061378479,0.08850656449794769,0.9999098777770996,0.4129806160926819,0.25518280267715454,0.08993963897228241,0.9999162554740906,0.3803562819957733,0.29819998145103455,-0.012943945825099945,0.9999029636383057,0.4371958374977112,0.30197060108184814,-4.350975723355077e-05,0.999920129776001,0.3715272545814514,0.38045865297317505,-0.0132454140111804,0.9791313409805298,0.44599348306655884,0.3870674967765808,0.002021698048338294,0.9865903258323669,0.38026148080825806,0.43909019231796265,0.004323878325521946,0.6983242034912109,0.44803866744041443,0.45743823051452637,0.009212418459355831,0.8270496129989624,0.38168004155158997,0.45795029401779175,0.0022535487078130245,0.5517942309379578,0.44821661710739136,0.47414982318878174,0.009656785987317562,0.7038634419441223,0.3855932950973511,0.45268481969833374,0.00035394346923567355,0.5314696431159973,0.44489240646362305,0.474892795085907,0.0063514383509755135,0.6847054362297058,0.3862287700176239,0.44533589482307434,0.004182312171906233,0.4816955029964447,0.4437355101108551,0.46864205598831177,0.008555003441870213,0.6120393872261047,0.39766496419906616,0.45125287771224976,-0.0028655813075602055,0.9996280074119568,0.42648229002952576,0.449565052986145,0.002753994893282652,0.9994592666625977,0.4011622369289398,0.5595270991325378,0.004323854111135006,0.9963610768318176,0.4283487796783447,0.5621140003204346,0.035645630210638046,0.9940509796142578,0.40405330061912537,0.6664482951164246,0.01612655632197857,0.9916546940803528,0.42904606461524963,0.6728129982948303,0.04975045099854469,0.9884349703788757,0.4050266742706299,0.688642144203186,0.016871046274900436,0.9920778274536133,0.42693430185317993,0.6953334212303162,0.05059850960969925,0.9850596189498901,0.40285831689834595,0.6683008670806885,-0.003454452846199274,0.8832617402076721,0.4373852610588074,0.6767919063568115,0.030293401330709457,0.853855311870575
187,walk,0.4103850722312927,0.2455575168132782,0.10888290405273438,0.9999133944511414,0.40830808877944946,0.23708269000053406,0.0896724984049797,0.9998874068260193,0.4065704941749573,0.237065851688385,0.08967666327953339,0.9999037981033325,0.40480685234069824,0.23713095486164093,0.08968182653188705,0.999890923500061,0.41300415992736816,0.237518310546875,0.09095548093318939,0.999896228313446,0.414583295583725,0.23759979009628296,0.09098105132579803,0.9999067187309265,0.41630393266677856,0.23771141469478607,0.09094975888729095,0.9998815655708313,0.4017864167690277,0.24221569299697876,0.022752994671463966,0.9999073147773743,0.419430673122406,0.24363797903060913,0.028491448611021042,0.9998834133148193,0.4075803756713867,0.25414374470710754,0.0887371078133583,0.9999106526374817,0.412956178188324,0.2551855146884918,0.09013762325048447,0.9999168515205383,0.380270391702652,0.2982020974159241,-0.012758645229041576,0.999903678894043,0.43711987137794495,0.3019807040691376,0.0006862579612061381,0.9999201893806458,0.3714490532875061,0.3803839087486267,-0.012951764278113842,0.9791005253791809,0.4459349513053894,0.38706088066101074,0.002664761384949088,0.9865554571151733,0.38025087118148804,0.43902498483657837,0.004341962281614542,0.6999213099479675,0.447953462600708,0.45741093158721924,0.0098734674975276,0.8282502889633179,0.38166186213493347,0.4579058885574341,0.0023103374987840652,0.5534911751747131,0.44815269112586975,0.4740850627422333,0.010399154387414455,0.7057581543922424,0.38557541370391846,0.4525637626647949,0.00044892291771247983,0.5332210063934326,0.4448534846305847,0.47483304142951965,0.007167380303144455,0.6866653561592102,0.3862092196941376,0.44522014260292053,0.004203960299491882,0.48341724276542664,0.4436957836151123,0.46858513355255127,0.009260185994207859,0.613823652267456,0.3976571559906006,0.45117419958114624,-0.0030159566085785627,0.9996281266212463,0.4264625906944275,0.4495105445384979,0.0029048912692815065,0.999459445476532,0.4011586606502533,0.5594746470451355,0.0029773619025945663,0.996388852596283,0.42837125062942505,0.562110960483551,0.03548793867230415,0.994045615196228,0.40408986806869507,0.6664652228355408,0.0136207090690732,0.9917025566101074,0.42904362082481384,0.672812283039093,0.04884353652596474,0.9884551167488098,0.40507155656814575,0.6887058019638062,0.014279333874583244,0.9921135902404785,0.4269533157348633,0.6953262686729431,0.04956291243433952,0.985016942024231,0.4029187560081482,0.6683031320571899,-0.005919323768466711,0.8840616345405579,0.43734556436538696,0.6767905354499817,0.02905159629881382,0.8544439673423767
188,walk,0.4103452265262604,0.2455466389656067,0.10919918864965439,0.99991375207901,0.40827566385269165,0.2370753437280655,0.08996954560279846,0.9998877644538879,0.40653911232948303,0.23705878853797913,0.08997354656457901,0.9999043345451355,0.4047779440879822,0.23712493479251862,0.08997820317745209,0.9998913407325745,0.41297706961631775,0.23751237988471985,0.09133508056402206,0.9998964667320251,0.41456013917922974,0.2375950664281845,0.09136028587818146,0.9999070167541504,0.41628819704055786,0.23770809173583984,0.09133101254701614,0.9998816847801208,0.40175238251686096,0.24221795797348022,0.022927301004529,0.999907910823822,0.41940584778785706,0.24363335967063904,0.028899457305669785,0.9998838305473328,0.4075358808040619,0.2541472613811493,0.08898269385099411,0.9999112486839294,0.4129205644130707,0.2551881670951843,0.09045948833227158,0.9999172687530518,0.3802230656147003,0.29816848039627075,-0.012699914164841175,0.9999042749404907,0.43706661462783813,0.30204063653945923,0.0013684998266398907,0.999919593334198,0.3713008761405945,0.3800068795681,-0.013042954728007317,0.9791409373283386,0.44592371582984924,0.38714006543159485,0.0028974979650229216,0.9864278435707092,0.38015714287757874,0.43895089626312256,0.003946935757994652,0.7021781802177429,0.4479118883609772,0.45743176341056824,0.009947861544787884,0.8283863663673401,0.3815414607524872,0.457815945148468,0.001645727432332933,0.5562901496887207,0.44810572266578674,0.47408413887023926,0.010434223338961601,0.7066159248352051,0.3854462504386902,0.45241156220436096,-0.0001788013323675841,0.5359861850738525,0.4448303282260895,0.4748331308364868,0.007193676196038723,0.6875064969062805,0.38610440492630005,0.4450625479221344,0.0038244533352553844,0.4859503209590912,0.44367632269859314,0.4685865044593811,0.009322388097643852,0.6145031452178955,0.3976500928401947,0.4511259198188782,-0.003102692076936364,0.9996286630630493,0.42643624544143677,0.4494548439979553,0.002993664238601923,0.9994588494300842,0.40114694833755493,0.5594719052314758,0.0029805840458720922,0.9964531064033508,0.42842888832092285,0.5621504187583923,0.035520993173122406,0.9941357374191284,0.4040963053703308,0.6664962768554688,0.013969647698104382,0.9918149709701538,0.42903631925582886,0.672911524772644,0.04912228882312775,0.9886252284049988,0.40507787466049194,0.6887206435203552,0.014689291827380657,0.9922289252281189,0.4269731938838959,0.6953249573707581,0.049888789653778076,0.9852254986763,0.4029223322868347,0.6681954860687256,-0.0055961827747523785,0.8844181299209595,0.4373471140861511,0.6767609119415283,0.02917960286140442,0.855113685131073
189,walk,0.4103037714958191,0.24554218351840973,0.10924606025218964,0.9999146461486816,0.40824419260025024,0.23707149922847748,0.09003076702356339,0.999889075756073,0.40651029348373413,0.23705653846263885,0.0900346040725708,0.9999055862426758,0.4047509729862213,0.2371242493391037,0.09003876149654388,0.9998927116394043,0.41294464468955994,0.23750364780426025,0.0913970097899437,0.9998975396156311,0.41452884674072266,0.2375851273536682,0.09142199903726578,0.9999080300331116,0.4162622094154358,0.23769713938236237,0.0913931280374527,0.9998828768730164,0.40172091126441956,0.24222159385681152,0.023072194308042526,0.9999091029167175,0.4193820059299469,0.2436085194349289,0.02904747985303402,0.9998852014541626,0.40750208497047424,0.2541506886482239,0.0890558660030365,0.9999123215675354,0.41288766264915466,0.2551887631416321,0.09052598476409912,0.9999181628227234,0.380197674036026,0.29816558957099915,-0.012336338870227337,0.9999049305915833,0.4370053708553314,0.3020957410335541,0.001507153850980103,0.9999196529388428,0.3711787760257721,0.3800046145915985,-0.012565413489937782,0.978998064994812,0.44589465856552124,0.38716423511505127,0.003237656084820628,0.9864103198051453,0.3801549971103668,0.4389607608318329,0.004391559399664402,0.7012807130813599,0.4478626251220703,0.4573802947998047,0.01026886235922575,0.8271222114562988,0.38153785467147827,0.4578225016593933,0.002097171964123845,0.5555655360221863,0.4480787217617035,0.4739396274089813,0.01073550432920456,0.7051067352294922,0.38544681668281555,0.45241764187812805,0.00012818111281376332,0.5352481007575989,0.44482046365737915,0.47468626499176025,0.007467998657375574,0.686015784740448,0.38610267639160156,0.44507110118865967,0.0042165727354586124,0.48520323634147644,0.4436626434326172,0.46847274899482727,0.0096358647570014,0.612856924533844,0.39760997891426086,0.45101144909858704,-0.0030146159697324038,0.999631404876709,0.4263370931148529,0.44935184717178345,0.0029072691686451435,0.9994632601737976,0.4011460840702057,0.5595694184303284,0.0029235747642815113,0.9964995384216309,0.42843395471572876,0.5624340176582336,0.03519885987043381,0.9942430853843689,0.4041668772697449,0.6665281057357788,0.01336293201893568,0.99189692735672,0.42903757095336914,0.6729518175125122,0.0479622446000576,0.9887856841087341,0.40512123703956604,0.688720703125,0.014014897868037224,0.9923107028007507,0.42698925733566284,0.6953036189079285,0.048655349761247635,0.9854145050048828,0.40289241075515747,0.6682145595550537,-0.006189671345055103,0.8845688104629517,0.4373924732208252,0.676808774471283,0.02816111408174038,0.8558477759361267
190,walk,0.4102928638458252,0.24553725123405457,0.109198197722435,0.9999152421951294,0.408233106136322,0.23706872761249542,0.09001784771680832,0.9998900890350342,0.40649980306625366,0.23705491423606873,0.09002166241407394,0.9999065399169922,0.40474095940589905,0.2371239960193634,0.0900254100561142,0.9998937845230103,0.4129306674003601,0.237497016787529,0.09137348085641861,0.9998984932899475,0.4145144820213318,0.23757609724998474,0.09139835834503174,0.9999088644981384,0.4162498414516449,0.23768560588359833,0.09136948734521866,0.9998839497566223,0.4016989767551422,0.24222511053085327,0.023173656314611435,0.9999101758003235,0.4193600118160248,0.24358268082141876,0.029095152392983437,0.9998865723609924,0.40748876333236694,0.2541530728340149,0.0890655592083931,0.9999130964279175,0.4128745496273041,0.25518640875816345,0.09052857011556625,0.9999189376831055,0.38015174865722656,0.2981801927089691,-0.011972728185355663,0.9999053478240967,0.43693333864212036,0.3021092712879181,0.0015350193716585636,0.9999203681945801,0.3711194097995758,0.380182147026062,-0.011841943487524986,0.9788216948509216,0.4458591341972351,0.3871316611766815,0.00328822061419487,0.986413836479187,0.38015270233154297,0.43904969096183777,0.006130889058113098,0.6990334391593933,0.44783106446266174,0.45717376470565796,0.010427487082779408,0.8262416124343872,0.38154080510139465,0.45785796642303467,0.004238025285303593,0.5534646511077881,0.4480779767036438,0.4736429452896118,0.010985775850713253,0.7038615942001343,0.38547542691230774,0.4525098204612732,0.002274130703881383,0.5330948829650879,0.44481977820396423,0.47435206174850464,0.007769519928842783,0.6848461031913757,0.3861166834831238,0.44517433643341064,0.006022217217832804,0.48327314853668213,0.4436609148979187,0.4681740999221802,0.009835435077548027,0.611717700958252,0.3975885510444641,0.45101067423820496,-0.0028076611924916506,0.9996342062950134,0.4262828230857849,0.44934695959091187,0.002702974248677492,0.9994686841964722,0.4011446535587311,0.5595948696136475,0.004029541742056608,0.9965327978134155,0.4284411072731018,0.5627322196960449,0.035185690969228745,0.9943188428878784,0.40421152114868164,0.6664997339248657,0.014502329751849174,0.9919344186782837,0.4290381371974945,0.6730306148529053,0.0479746051132679,0.9888888001441956,0.40514668822288513,0.688322901725769,0.015220965258777142,0.9923465847969055,0.4270051121711731,0.6952508091926575,0.04868917167186737,0.9855581521987915,0.4028712213039398,0.6682156324386597,-0.003706808667629957,0.8843298554420471,0.4374004304409027,0.6768605709075928,0.028447648510336876,0.8561525940895081
191,walk,0.4102689325809479,0.24554714560508728,0.10914866626262665,0.9999164342880249,0.40821465849876404,0.23708437383174896,0.08997400104999542,0.9998918771743774,0.40648236870765686,0.23707468807697296,0.08997800201177597,0.9999080300331116,0.4047242999076843,0.2371484488248825,0.08998134732246399,0.9998955726623535,0.41290417313575745,0.237502783536911,0.09135308861732483,0.9999001622200012,0.4144851267337799,0.23757968842983246,0.09137814491987228,0.999910295009613,0.41622012853622437,0.2376880794763565,0.09134978801012039,0.9998858571052551,0.40166768431663513,0.24224823713302612,0.02317776530981064,0.9999117851257324,0.4193184971809387,0.24358399212360382,0.02912120521068573,0.99988853931427,0.40746670961380005,0.2541758120059967,0.08905701339244843,0.9999144673347473,0.4128377437591553,0.2551937997341156,0.09054452180862427,0.9999202489852905,0.3800713121891022,0.29819396138191223,-0.011876449920237064,0.9999061822891235,0.4368789792060852,0.302112877368927,0.0015451561193913221,0.9999215602874756,0.3710474967956543,0.38019222021102905,-0.01140779722481966,0.9787446856498718,0.44583049416542053,0.3871292471885681,0.0036564399488270283,0.9864830374717712,0.380134642124176,0.4390893280506134,0.0075473478063941,0.6967906355857849,0.4477553367614746,0.45711207389831543,0.010927705094218254,0.8260039687156677,0.3815380930900574,0.4579007029533386,0.005859334487468004,0.5510057806968689,0.4480226933956146,0.47358110547065735,0.011600191704928875,0.7031272053718567,0.3854799270629883,0.4525947868824005,0.0040257638320326805,0.5306126475334167,0.4447809159755707,0.47425734996795654,0.008332790806889534,0.6841802000999451,0.3861166536808014,0.44523802399635315,0.007523160427808762,0.4811743497848511,0.4436194896697998,0.468050092458725,0.010332034900784492,0.6112011075019836,0.3975396752357483,0.4510129690170288,-0.0027592277619987726,0.999639093875885,0.42622947692871094,0.4493473172187805,0.002656318247318268,0.999476432800293,0.4011203348636627,0.5595459938049316,0.004191443789750338,0.9965429306030273,0.42845040559768677,0.5627412796020508,0.03522861748933792,0.994344174861908,0.4042341709136963,0.6664284467697144,0.014831669628620148,0.99195796251297,0.42901092767715454,0.6730331778526306,0.04800025373697281,0.9889471530914307,0.40517210960388184,0.6878960728645325,0.015599730424582958,0.9923518896102905,0.4270002841949463,0.6951069831848145,0.04872848838567734,0.9856299757957458,0.40285199880599976,0.6682143211364746,-0.002811251673847437,0.8845215439796448,0.4373859763145447,0.6768771409988403,0.029074233025312424,0.85671067237854
192,walk,0.4102236330509186,0.24555262923240662,0.10966978222131729,0.9999181032180786,0.40818023681640625,0.23709556460380554,0.09049318730831146,0.9998940229415894,0.40644630789756775,0.23708640038967133,0.09049855172634125,0.9999098181724548,0.40468573570251465,0.23716159164905548,0.0905018299818039,0.9998976588249207,0.41287046670913696,0.23751646280288696,0.09184436500072479,0.9999022483825684,0.4144510328769684,0.2375946193933487,0.09186889231204987,0.9999121427536011,0.41618815064430237,0.23770597577095032,0.09184093773365021,0.9998882412910461,0.40160512924194336,0.24226325750350952,0.02374071069061756,0.9999133944511414,0.4192824959754944,0.2436031997203827,0.029438456520438194,0.9998906254768372,0.40741458535194397,0.25418880581855774,0.08959110081195831,0.9999159574508667,0.41278934478759766,0.2552187144756317,0.09101357311010361,0.9999216794967651,0.3799434304237366,0.2981952726840973,-0.011771602556109428,0.9999069571495056,0.4367543160915375,0.30211731791496277,0.002010039519518614,0.9999223351478577,0.3710561692714691,0.3802439272403717,-0.011422429233789444,0.9785702228546143,0.4458008408546448,0.3871007561683655,0.004486353136599064,0.9865178465843201,0.3801509439945221,0.43920305371284485,0.007461932487785816,0.6945140957832336,0.44768470525741577,0.4568656384944916,0.011774923652410507,0.8250033855438232,0.3815574645996094,0.4580545127391815,0.005743510089814663,0.5485968589782715,0.44797903299331665,0.4733629524707794,0.012505258433520794,0.7016746401786804,0.3855331540107727,0.45276501774787903,0.0039186482317745686,0.5281729102134705,0.4447435736656189,0.4740021228790283,0.009239444509148598,0.6827877759933472,0.3861662745475769,0.44538789987564087,0.007438693195581436,0.47898122668266296,0.44356900453567505,0.46772733330726624,0.011178532615303993,0.6096161007881165,0.3975103497505188,0.4509146511554718,-0.0029073082841932774,0.9996433258056641,0.42620372772216797,0.4492500424385071,0.0028058153111487627,0.9994831085205078,0.4011330008506775,0.5592632293701172,0.003765843342989683,0.9965967535972595,0.42844635248184204,0.5624926686286926,0.03535836189985275,0.9944000840187073,0.40423130989074707,0.6663857102394104,0.013931505382061005,0.9920666217803955,0.4289904534816742,0.6729875206947327,0.048046402633190155,0.9890620112419128,0.40517276525497437,0.6878089308738708,0.014702041633427143,0.9924561977386475,0.42699751257896423,0.6950247287750244,0.04877353459596634,0.9857386350631714,0.40285125374794006,0.6683686971664429,-0.0037186015397310257,0.8852264285087585,0.4372204840183258,0.6768695116043091,0.029249146580696106,0.8573078513145447
193,walk,0.4101223945617676,0.24567534029483795,0.10962889343500137,0.9999180436134338,0.40809106826782227,0.23721006512641907,0.09044970571994781,0.9998940825462341,0.4063619077205658,0.2372054159641266,0.09045498073101044,0.9999099373817444,0.40460482239723206,0.23728591203689575,0.09045801311731339,0.9998977780342102,0.4127754271030426,0.2376200556755066,0.09181897342205048,0.9999023079872131,0.41435423493385315,0.2376965880393982,0.09184359014034271,0.9999122023582458,0.4160916209220886,0.2378118485212326,0.09181570261716843,0.9998883008956909,0.40153074264526367,0.24235540628433228,0.02373471111059189,0.9999135732650757,0.41922011971473694,0.2436942458152771,0.02945406176149845,0.9998908042907715,0.407327800989151,0.25429466366767883,0.08956767618656158,0.9999160766601562,0.41271013021469116,0.25534555315971375,0.09100966155529022,0.9999217987060547,0.3798597455024719,0.29817742109298706,-0.01175357960164547,0.9999072551727295,0.4367039203643799,0.30213648080825806,0.0020181136205792427,0.9999225735664368,0.37105560302734375,0.3801058530807495,-0.011393003165721893,0.9785772562026978,0.4457959532737732,0.3870231509208679,0.004495473112910986,0.9865050315856934,0.38014039397239685,0.4392058551311493,0.00754138920456171,0.6938402056694031,0.44764503836631775,0.4566933512687683,0.011780845001339912,0.8240135312080383,0.38153499364852905,0.45807215571403503,0.005814899690449238,0.5477176308631897,0.44796961545944214,0.4731829762458801,0.012523701414465904,0.7001786231994629,0.38551777601242065,0.4527934193611145,0.004102070815861225,0.5272814631462097,0.44473904371261597,0.4737820029258728,0.0092483414337039,0.6813023090362549,0.386150062084198,0.44539985060691833,0.007562529295682907,0.47816747426986694,0.4435560703277588,0.46745964884757996,0.011181319132447243,0.6081039309501648,0.39746740460395813,0.45091602206230164,-0.0028802589513361454,0.999645471572876,0.4261038303375244,0.44925254583358765,0.00277884304523468,0.9994853734970093,0.401132732629776,0.5592801570892334,0.0037700249813497066,0.996614396572113,0.42843595147132874,0.5624392628669739,0.03536960855126381,0.994426965713501,0.40423840284347534,0.6663829684257507,0.013994090259075165,0.9921007752418518,0.42898860573768616,0.6729525327682495,0.04816664010286331,0.989105761051178,0.4052140712738037,0.6877568960189819,0.014772241935133934,0.9924905300140381,0.42700129747390747,0.6949230432510376,0.04893191531300545,0.9857908487319946,0.4028509259223938,0.6687247157096863,-0.0036016027443110943,0.885303258895874,0.4372130036354065,0.6768587231636047,0.02973644807934761,0.8576110005378723
194,walk,0.41005197167396545,0.2457982450723648,0.10986018180847168,0.9999181032180786,0.40802812576293945,0.23732957243919373,0.0906834676861763,0.999894380569458,0.40630441904067993,0.23732522130012512,0.0906890258193016,0.9999101161956787,0.4045509696006775,0.23740877211093903,0.09069167077541351,0.9998980760574341,0.41269880533218384,0.2377428263425827,0.09204573929309845,0.9999025464057922,0.4142710566520691,0.23782047629356384,0.09207050502300262,0.9999123811721802,0.4160021245479584,0.23794229328632355,0.0920429676771164,0.9998885989189148,0.4014703333377838,0.242460697889328,0.024013927206397057,0.99991375207901,0.4191538691520691,0.24380774796009064,0.02969317138195038,0.9998909831047058,0.40726763010025024,0.25438573956489563,0.08979647606611252,0.9999164342880249,0.4126400351524353,0.25546109676361084,0.09123626351356506,0.9999220371246338,0.37977808713912964,0.29817408323287964,-0.011118035763502121,0.9999074935913086,0.43663907051086426,0.30213990807533264,0.0020244773477315903,0.9999226927757263,0.37101930379867554,0.3800758719444275,-0.01072477176785469,0.9784267544746399,0.4457942843437195,0.38701874017715454,0.004498511087149382,0.9865623712539673,0.3801323175430298,0.4390304684638977,0.007739088498055935,0.6921797394752502,0.4475611746311188,0.45665261149406433,0.011766099371016026,0.8233669400215149,0.3815210461616516,0.4578610360622406,0.005920575000345707,0.5458853840827942,0.44790345430374146,0.4731155335903168,0.012487919069826603,0.699090301990509,0.38551634550094604,0.4525330364704132,0.004214600194245577,0.5254524350166321,0.44468793272972107,0.47369202971458435,0.009192736819386482,0.6801884770393372,0.38614898920059204,0.44514769315719604,0.007729457225650549,0.47642841935157776,0.44349879026412964,0.46736517548561096,0.011157730594277382,0.606901228427887,0.3973923623561859,0.45077744126319885,-0.002743145916610956,0.9996476173400879,0.42604541778564453,0.44919151067733765,0.0026427325792610645,0.9994872808456421,0.4011305272579193,0.5592226386070251,0.0028643712867051363,0.996607780456543,0.4283921718597412,0.5623804330825806,0.03455132618546486,0.9944257736206055,0.40424004197120667,0.6663818955421448,0.0121746975928545,0.9921104907989502,0.4289857745170593,0.6728695034980774,0.046535640954971313,0.9891008734703064,0.40522217750549316,0.6877495646476746,0.012800385244190693,0.9925020933151245,0.4270004630088806,0.6949048638343811,0.047194622457027435,0.9857825040817261,0.4028952717781067,0.6687984466552734,-0.006646071560680866,0.8854016065597534,0.4370952248573303,0.6768285632133484,0.02743452787399292,0.8575901985168457
195,walk,0.40996819734573364,0.24597877264022827,0.11086032539606094,0.9999178051948547,0.407956600189209,0.23750559985637665,0.09166134893894196,0.9998939633369446,0.40623751282691956,0.23749512434005737,0.0916672945022583,0.9999097585678101,0.40448927879333496,0.23757493495941162,0.09166981279850006,0.9998977184295654,0.41262587904930115,0.23794125020503998,0.09303145855665207,0.9999022483825684,0.4141978323459625,0.23802712559700012,0.09305541217327118,0.9999121427536011,0.415928453207016,0.2381596863269806,0.09302734583616257,0.9998883008956909,0.4014120101928711,0.24258872866630554,0.024813435971736908,0.9999133348464966,0.4190937578678131,0.24398939311504364,0.030480194836854935,0.9998906254768372,0.4071823060512543,0.2545032501220703,0.09070570766925812,0.9999161958694458,0.41256022453308105,0.2556384205818176,0.09214410185813904,0.9999218583106995,0.3796924948692322,0.29816219210624695,-0.010652980767190456,0.999907374382019,0.43654221296310425,0.3021436333656311,0.0025277601089328527,0.999922513961792,0.37097877264022827,0.38000568747520447,-0.010464203543961048,0.9781961441040039,0.4457666873931885,0.38701897859573364,0.004905066918581724,0.9866048693656921,0.38009363412857056,0.4387878477573395,0.007743298076093197,0.6904605627059937,0.44746536016464233,0.45657089352607727,0.011963439173996449,0.8228139281272888,0.38149309158325195,0.4576069712638855,0.00587812764570117,0.5442858934402466,0.447814404964447,0.4729478061199188,0.012640953063964844,0.6984772682189941,0.3854905664920807,0.45218294858932495,0.004179822281002998,0.5238434076309204,0.4446186423301697,0.47350382804870605,0.00933663360774517,0.6795929074287415,0.38612183928489685,0.44483262300491333,0.007728199474513531,0.4748477041721344,0.44342556595802307,0.46721285581588745,0.011338634416460991,0.6061164140701294,0.39734312891960144,0.45073211193084717,-0.0027494914829730988,0.9996494054794312,0.4259890913963318,0.44916385412216187,0.0026489724405109882,0.9994890093803406,0.4011134207248688,0.5592019557952881,0.0019485180964693427,0.996642529964447,0.4283643364906311,0.5623697638511658,0.03439494967460632,0.9944705963134766,0.40424197912216187,0.6663811802864075,0.01087716780602932,0.9921982288360596,0.4289852976799011,0.6728079915046692,0.046354345977306366,0.989166259765625,0.4052363336086273,0.687753438949585,0.011463227681815624,0.9925908446311951,0.4270007014274597,0.6949024200439453,0.047019753605127335,0.9858531951904297,0.40298277139663696,0.668861448764801,-0.008495341055095196,0.8859851360321045,0.43690457940101624,0.6767882108688354,0.027110550552606583,0.8578463196754456
196,walk,0.4098811149597168,0.2461564987897873,0.1121131032705307,0.9999173283576965,0.40787893533706665,0.23768514394760132,0.09291652590036392,0.999893307685852,0.40616375207901,0.23767150938510895,0.09292259067296982,0.9999092221260071,0.40441980957984924,0.2377464473247528,0.0929257795214653,0.9998971819877625,0.4125480055809021,0.23812343180179596,0.0941758006811142,0.9999017715454102,0.41411900520324707,0.23821274936199188,0.09419874846935272,0.9999117255210876,0.4158467650413513,0.23834779858589172,0.09416865557432175,0.9998878240585327,0.40135422348976135,0.24270015954971313,0.025896791368722916,0.9999125003814697,0.41902273893356323,0.2441558688879013,0.031061584129929543,0.9998899102210999,0.4070982336997986,0.25463002920150757,0.09188629686832428,0.9999154806137085,0.41247788071632385,0.2557990252971649,0.09316860884428024,0.9999212026596069,0.3796606659889221,0.2981640696525574,-0.009878916665911674,0.999906599521637,0.4365023672580719,0.3021770119667053,0.0027563294861465693,0.9999216198921204,0.3709520697593689,0.38000398874282837,-0.010066511109471321,0.9779908657073975,0.4457252025604248,0.38700994849205017,0.005056597758084536,0.9865309000015259,0.38008129596710205,0.4387035667896271,0.007715243846178055,0.6888723969459534,0.4473852515220642,0.4563862979412079,0.012151012197136879,0.8211778402328491,0.3814904987812042,0.45752426981925964,0.005844499450176954,0.5428364872932434,0.44770851731300354,0.4727044403553009,0.012827649712562561,0.696541965007782,0.3854786157608032,0.45205700397491455,0.004144138190895319,0.5223902463912964,0.44453468918800354,0.47324299812316895,0.009589506313204765,0.6776559948921204,0.3861084580421448,0.4447045624256134,0.0076990313827991486,0.4734163284301758,0.4433441758155823,0.46699875593185425,0.011554230004549026,0.603776216506958,0.39732661843299866,0.4507544934749603,-0.0027086101472377777,0.999647855758667,0.42598313093185425,0.4491964876651764,0.002607936505228281,0.9994871616363525,0.4010833203792572,0.5592724680900574,0.001842722063884139,0.9966659545898438,0.42833343148231506,0.5623518824577332,0.034053340554237366,0.9945186376571655,0.4042435586452484,0.6663837432861328,0.010680693201720715,0.992257833480835,0.4289742410182953,0.6728061437606812,0.04577692598104477,0.9892373085021973,0.4052398204803467,0.6877698302268982,0.011269249953329563,0.9926666617393494,0.4269953668117523,0.6949000358581543,0.04642888158559799,0.9859345555305481,0.4029808044433594,0.668907642364502,-0.008570252917706966,0.8862818479537964,0.43683499097824097,0.6767855286598206,0.026500975713133812,0.8580378890037537
197,walk,0.40980690717697144,0.24622727930545807,0.11281304061412811,0.9999160766601562,0.40780240297317505,0.23774845898151398,0.09358882158994675,0.9998917579650879,0.4060901701450348,0.23772798478603363,0.09359441697597504,0.999907910823822,0.40434932708740234,0.23779548704624176,0.093597412109375,0.9998957514762878,0.4124709963798523,0.23820459842681885,0.09473147988319397,0.9999005794525146,0.4140418469905853,0.2382996380329132,0.09475437551736832,0.9999107122421265,0.4157685339450836,0.23843784630298615,0.09472263604402542,0.9998865723609924,0.4012893736362457,0.24274353682994843,0.026405636221170425,0.999910831451416,0.41895443201065063,0.24422846734523773,0.03114902973175049,0.9998881816864014,0.40703216195106506,0.25468161702156067,0.09255773574113846,0.9999138712882996,0.41240692138671875,0.25587353110313416,0.09368035942316055,0.9999197125434875,0.37962400913238525,0.2981642484664917,-0.009618999436497688,0.999905526638031,0.4364524781703949,0.30218714475631714,0.002769659273326397,0.9999205470085144,0.37091803550720215,0.38000184297561646,-0.009952536784112453,0.9777090549468994,0.4456690847873688,0.3870183229446411,0.005066188983619213,0.9865010380744934,0.38007885217666626,0.43857112526893616,0.00770857697352767,0.6857967972755432,0.44729024171829224,0.4563617706298828,0.01215330045670271,0.8202043771743774,0.3814999461174011,0.4573374390602112,0.005835629999637604,0.5396307110786438,0.4475743770599365,0.47267603874206543,0.012824982404708862,0.6953949928283691,0.38548436760902405,0.45186847448349,0.0041295927949249744,0.5191749334335327,0.4444096088409424,0.4732230603694916,0.00962458923459053,0.6765251755714417,0.3861083388328552,0.4445236325263977,0.00768925528973341,0.4703902006149292,0.44323477149009705,0.4669870138168335,0.011570723727345467,0.6021931171417236,0.39729681611061096,0.4507650136947632,-0.002730288077145815,0.9996471405029297,0.42596435546875,0.44922277331352234,0.0026287671644240618,0.9994850158691406,0.4010615348815918,0.5589713454246521,0.0017780245980247855,0.9966744184494019,0.42825326323509216,0.5621781349182129,0.03450034558773041,0.9945124387741089,0.4042568802833557,0.6663761734962463,0.010813906788825989,0.9922639727592468,0.42897850275039673,0.6727755069732666,0.046460408717393875,0.9892082810401917,0.405272901058197,0.6877524852752686,0.011446371674537659,0.9926932454109192,0.4270346760749817,0.6948633790016174,0.04716745764017105,0.9859139323234558,0.40299350023269653,0.6690479516983032,-0.008206076920032501,0.886021614074707,0.4367666244506836,0.6767776608467102,0.027746275067329407,0.8574238419532776
198,walk,0.4097643792629242,0.24623744189739227,0.11272363364696503,0.9999160766601562,0.40775537490844727,0.23775671422481537,0.09349530935287476,0.9998916983604431,0.4060426354408264,0.23773561418056488,0.0935007706284523,0.9999076724052429,0.40430107712745667,0.2378019392490387,0.093503937125206,0.9998956918716431,0.412419855594635,0.23821450769901276,0.09464837610721588,0.999900758266449,0.4139852523803711,0.23831075429916382,0.09467145800590515,0.9999107718467712,0.4157074987888336,0.23844988644123077,0.09463979303836823,0.9998869299888611,0.4012349247932434,0.2427539974451065,0.026332814246416092,0.9999103546142578,0.41887301206588745,0.2442387193441391,0.031076664105057716,0.999888002872467,0.40699028968811035,0.25469884276390076,0.09247997403144836,0.9999134540557861,0.4123494029045105,0.2558927536010742,0.09361341595649719,0.9999194145202637,0.37957659363746643,0.2981775999069214,-0.009669128805398941,0.9999050498008728,0.4363768994808197,0.3021908104419708,0.0027668827679008245,0.9999203085899353,0.37080079317092896,0.38008105754852295,-0.009941382333636284,0.9774170517921448,0.44556981325149536,0.38701727986335754,0.005071391351521015,0.98649662733078,0.3800528645515442,0.4384475350379944,0.007736768573522568,0.6828976273536682,0.44718247652053833,0.456231951713562,0.012273604050278664,0.8203755021095276,0.3814984858036041,0.4571112394332886,0.005885183811187744,0.5364478826522827,0.44747376441955566,0.4725886583328247,0.013002961874008179,0.6956580281257629,0.38547950983047485,0.4516715705394745,0.004197590984404087,0.516022264957428,0.4443044066429138,0.47317588329315186,0.009887373074889183,0.6768836975097656,0.38609737157821655,0.444396048784256,0.007714434526860714,0.46756303310394287,0.44314494729042053,0.4669369161128998,0.01172574795782566,0.6022222638130188,0.397272527217865,0.45081186294555664,-0.0030176055151969194,0.9996474981307983,0.42592835426330566,0.4492715299129486,0.0029148331377655268,0.9994848370552063,0.40106001496315,0.5588825345039368,0.0008869172888807952,0.996671199798584,0.42819124460220337,0.561914324760437,0.034947268664836884,0.9944509267807007,0.40427571535110474,0.6663525700569153,0.009810973890125751,0.9922539591789246,0.4289810061454773,0.6727378368377686,0.04683716967701912,0.9891007542610168,0.40535449981689453,0.6877351403236389,0.010471958667039871,0.9926889538764954,0.4270656704902649,0.6947555541992188,0.04753265157341957,0.9857555627822876,0.4030122756958008,0.6693128347396851,-0.009068271145224571,0.8863414525985718,0.43664342164993286,0.676730751991272,0.02827269211411476,0.8570566177368164
199,walk,0.4097122550010681,0.24624031782150269,0.11341790854930878,0.9999161958694458,0.40769973397254944,0.23776018619537354,0.09419529885053635,0.9998918771743774,0.4059857726097107,0.2377391755580902,0.09420175105333328,0.9999076724052429,0.4042431712150574,0.23780520260334015,0.09420447796583176,0.9998958110809326,0.41236090660095215,0.23821701109409332,0.09526234120130539,0.9999011754989624,0.41392216086387634,0.23831306397914886,0.09528503566980362,0.9999110698699951,0.41564303636550903,0.23845236003398895,0.09525316953659058,0.9998875260353088,0.4011797308921814,0.2427644282579422,0.027033034712076187,0.9999101758003235,0.4187871813774109,0.24424198269844055,0.03133254498243332,0.9998883008956909,0.4069381654262543,0.2547021210193634,0.09317278861999512,0.9999132752418518,0.41228216886520386,0.2558972239494324,0.0941830575466156,0.9999195337295532,0.37952321767807007,0.2982666492462158,-0.00919417105615139,0.9999040961265564,0.4363340437412262,0.30218780040740967,0.002883677603676915,0.999920129776001,0.37079960107803345,0.38036781549453735,-0.009257561527192593,0.9770490527153015,0.44550657272338867,0.3869284689426422,0.00524746160954237,0.986562192440033,0.38005614280700684,0.43845880031585693,0.008551737293601036,0.6773776412010193,0.4471278786659241,0.45599597692489624,0.012744182720780373,0.8195340037345886,0.3815235495567322,0.457102507352829,0.0067708417773246765,0.5305802822113037,0.44742050766944885,0.47238579392433167,0.013504083268344402,0.6943352818489075,0.38552308082580566,0.4516673982143402,0.005148164462298155,0.5101912021636963,0.4442599415779114,0.472928911447525,0.010539250448346138,0.6755783557891846,0.3861235976219177,0.444397896528244,0.00850745104253292,0.4623173773288727,0.4430946707725525,0.46666115522384644,0.012258670292794704,0.600536584854126,0.3972165584564209,0.45081570744514465,-0.0030541489832103252,0.9996464252471924,0.4259157180786133,0.449272483587265,0.0029526317957788706,0.9994838237762451,0.4010585844516754,0.5587063431739807,0.0005973762599751353,0.9966615438461304,0.4281677305698395,0.561761736869812,0.03489219769835472,0.994404673576355,0.4042832851409912,0.6662851572036743,0.009517518803477287,0.9922205209732056,0.4289977550506592,0.6727775931358337,0.04677879065275192,0.9890139102935791,0.4053894877433777,0.6877349615097046,0.010191134177148342,0.9926726818084717,0.4271487593650818,0.6947525143623352,0.0474676638841629,0.9856434464454651,0.4030515253543854,0.6694236993789673,-0.009354749694466591,0.886164128780365,0.4366200566291809,0.6767145991325378,0.02807798981666565,0.8563768267631531
200,walk,0.4096654951572418,0.24624308943748474,0.11394403129816055,0.9999171495437622,0.407648503780365,0.23776645958423615,0.09479107707738876,0.9998931884765625,0.405933678150177,0.23774650692939758,0.09479855746030807,0.9999085664749146,0.4041915833950043,0.2378128319978714,0.09480087459087372,0.9998970627784729,0.41230449080467224,0.23822011053562164,0.09579001367092133,0.9999025464057922,0.4138610363006592,0.23831534385681152,0.0958128422498703,0.9999122023582458,0.41557812690734863,0.23845481872558594,0.09578152000904083,0.9998892545700073,0.4011373519897461,0.24277901649475098,0.027952825650572777,0.999910831451416,0.4186858534812927,0.24424488842487335,0.03181556239724159,0.999889612197876,0.40689295530319214,0.25470760464668274,0.09379525482654572,0.9999138712882996,0.4122166633605957,0.2559020221233368,0.09471055865287781,0.9999203085899353,0.3794606924057007,0.2983867824077606,-0.008296465501189232,0.9999035000801086,0.43630552291870117,0.3021829128265381,0.0030792723409831524,0.9999207258224487,0.3707810044288635,0.3807438313961029,-0.007949124090373516,0.9766441583633423,0.4454802870750427,0.3868889808654785,0.005552384536713362,0.9867205619812012,0.38009342551231384,0.43845707178115845,0.010469898581504822,0.6693263649940491,0.4471016526222229,0.45581015944480896,0.013576227240264416,0.8182080388069153,0.3816618323326111,0.4570182263851166,0.008910772390663624,0.5222620368003845,0.44739818572998047,0.47210976481437683,0.01446266658604145,0.6920586228370667,0.38572949171066284,0.45156821608543396,0.007245216518640518,0.5019460916519165,0.4442397654056549,0.47256040573120117,0.011640751734375954,0.6733161211013794,0.38628992438316345,0.44434860348701477,0.010369831696152687,0.4549715220928192,0.4430616796016693,0.4663296043872833,0.013153212144970894,0.5980008244514465,0.3971936106681824,0.4507838785648346,-0.0030532577075064182,0.9996472597122192,0.4259113669395447,0.44920429587364197,0.002952039474621415,0.9994861483573914,0.40105992555618286,0.5585017204284668,-8.56037950143218e-05,0.9966645836830139,0.4281544089317322,0.5616364479064941,0.03428244963288307,0.9943925142288208,0.4042870104312897,0.6661379933357239,0.007743826601654291,0.9922430515289307,0.42899852991104126,0.6727713346481323,0.04518120363354683,0.9889959692955017,0.4054219722747803,0.6877068877220154,0.008302738890051842,0.9926932454109192,0.4271928369998932,0.6947292685508728,0.045738816261291504,0.9855695366859436,0.4030580520629883,0.6694974899291992,-0.01137134712189436,0.8867358565330505,0.4365490972995758,0.6766976118087769,0.026121869683265686,0.8564667105674744
201,walk,0.40959352254867554,0.2462480515241623,0.11416904628276825,0.9999181628227234,0.4075762629508972,0.2377742975950241,0.09506026655435562,0.9998944401741028,0.4058632254600525,0.23775532841682434,0.0950683206319809,0.9999094605445862,0.40412241220474243,0.23782213032245636,0.09507130086421967,0.9998982548713684,0.41221991181373596,0.23822638392448425,0.09597433358430862,0.9999039173126221,0.4137698709964752,0.2383216917514801,0.09599730372428894,0.9999133944511414,0.41547879576683044,0.23846080899238586,0.09596531093120575,0.9998909831047058,0.40107980370521545,0.24279925227165222,0.028453674167394638,0.9999111890792847,0.4185945391654968,0.2442479282617569,0.03191465884447098,0.9998908638954163,0.4068351686000824,0.25471997261047363,0.09410333633422852,0.9999143481254578,0.41213926672935486,0.2559167146682739,0.09490733593702316,0.9999210238456726,0.3794334828853607,0.2984467148780823,-0.00732024759054184,0.9999024868011475,0.43625688552856445,0.3021851181983948,0.0030021043494343758,0.9999212026596069,0.37077826261520386,0.3810235261917114,-0.00711560994386673,0.9759984016418457,0.4454302191734314,0.3868757486343384,0.005410658661276102,0.9868406653404236,0.3801558017730713,0.4384414255619049,0.010282211937010288,0.6619681715965271,0.4470522403717041,0.45567816495895386,0.013540806248784065,0.8178706765174866,0.3818644881248474,0.4569467306137085,0.0086613604798913,0.5150350332260132,0.4473467469215393,0.4719961881637573,0.014411973766982555,0.6913917660713196,0.38599157333374023,0.4515247046947479,0.006945920642465353,0.49477797746658325,0.4442175328731537,0.47239336371421814,0.011554651893675327,0.6727303266525269,0.3865211606025696,0.4443338215351105,0.010152916423976421,0.4485744535923004,0.44303885102272034,0.4661635160446167,0.013101411052048206,0.5970888733863831,0.3971436321735382,0.45072507858276367,-0.002735986141487956,0.9996458888053894,0.42589083313941956,0.44913536310195923,0.0026342703495174646,0.9994876980781555,0.4010581076145172,0.5583757758140564,-3.085975913563743e-05,0.996674120426178,0.42815232276916504,0.5615240931510925,0.033145513385534286,0.9944126605987549,0.4042566418647766,0.6661028265953064,0.007612667046487331,0.992276668548584,0.4289984107017517,0.6727537512779236,0.04338831454515457,0.9890463948249817,0.4054224491119385,0.6877005100250244,0.008125903084874153,0.9927318096160889,0.42720335721969604,0.694712221622467,0.04384941607713699,0.9855800271034241,0.4030715525150299,0.6694948673248291,-0.011755654588341713,0.8871766924858093,0.4365053176879883,0.6766767501831055,0.023615267127752304,0.8569731712341309
202,walk,0.4095495343208313,0.24626867473125458,0.11416109651327133,0.9999191164970398,0.40752822160720825,0.2377922534942627,0.09502802044153214,0.999895453453064,0.40581536293029785,0.23777273297309875,0.09503565728664398,0.9999102354049683,0.40407609939575195,0.23783813416957855,0.09503889083862305,0.99989914894104,0.4121682047843933,0.23824259638786316,0.09597521275281906,0.9999050498008728,0.4137171804904938,0.23833711445331573,0.09599854052066803,0.9999144077301025,0.4154263138771057,0.23847423493862152,0.09596649557352066,0.9998924136161804,0.4010387361049652,0.24281540513038635,0.028305092826485634,0.9999117255210876,0.4185357689857483,0.24425436556339264,0.031909678131341934,0.9998919367790222,0.40679746866226196,0.25474390387535095,0.0940522775053978,0.999914824962616,0.4120928645133972,0.25594669580459595,0.09489957988262177,0.9999216198921204,0.37939000129699707,0.2984807789325714,-0.007481805980205536,0.9999022483825684,0.4362129271030426,0.30217403173446655,0.002995175775140524,0.9999217391014099,0.37069007754325867,0.38103803992271423,-0.007274215575307608,0.975680947303772,0.44539839029312134,0.3868173360824585,0.005239682737737894,0.9869642853736877,0.3801077902317047,0.4384407103061676,0.009983835741877556,0.6583018898963928,0.4470202922821045,0.455671489238739,0.013024285435676575,0.8193197846412659,0.38184666633605957,0.45693278312683105,0.008254650980234146,0.5111883282661438,0.447314977645874,0.4719957113265991,0.013724356889724731,0.6931753158569336,0.3859809339046478,0.4515118896961212,0.006443171761929989,0.49096304178237915,0.4441826343536377,0.47239333391189575,0.010969006456434727,0.6745872497558594,0.3865053057670593,0.44433149695396423,0.009778721258044243,0.4452347159385681,0.443007230758667,0.4661565124988556,0.012613105587661266,0.5987237095832825,0.39711618423461914,0.45071759819984436,-0.0028956488240510225,0.9996473789215088,0.4258843958377838,0.4490956664085388,0.0027921954169869423,0.9994906783103943,0.40105485916137695,0.5583733320236206,-0.0005343517987057567,0.996698796749115,0.4281509816646576,0.5613722205162048,0.033401839435100555,0.9944050908088684,0.4042645990848541,0.6661047339439392,0.007465365342795849,0.9923336505889893,0.4290408492088318,0.6726557612419128,0.04359528049826622,0.9890676736831665,0.40542539954185486,0.6877752542495728,0.008024505339562893,0.9927762746810913,0.4272836148738861,0.6946455240249634,0.0439978688955307,0.9855504035949707,0.4030678868293762,0.6694958806037903,-0.011897209100425243,0.8879007697105408,0.43651193380355835,0.6766722202301025,0.02390173077583313,0.8574322462081909
203,walk,0.4095272123813629,0.2462935596704483,0.11430157721042633,0.9999203681945801,0.4075106084346771,0.2378198355436325,0.09514559805393219,0.9998969435691833,0.40579891204833984,0.23780375719070435,0.09515336155891418,0.999911367893219,0.4040611684322357,0.23787063360214233,0.09515693783760071,0.9999005198478699,0.41214028000831604,0.23826025426387787,0.09609919786453247,0.9999066591262817,0.4136850833892822,0.23835362493991852,0.09612293541431427,0.9999157786369324,0.41539081931114197,0.2384895384311676,0.096091628074646,0.999894380569458,0.40102219581604004,0.24285875260829926,0.028317982330918312,0.999912679195404,0.4184931218624115,0.24427294731140137,0.031969524919986725,0.9998934864997864,0.4067811071872711,0.2547875642776489,0.09416303038597107,0.9999156594276428,0.41206449270248413,0.2559874653816223,0.09502138197422028,0.999922513961792,0.37933987379074097,0.2984957695007324,-0.007506794296205044,0.9999019503593445,0.4361787736415863,0.30217215418815613,0.00299334735609591,0.9999224543571472,0.37067273259162903,0.38103336095809937,-0.007220233324915171,0.9755659699440002,0.4453938603401184,0.3867948651313782,0.005216315854340792,0.9871205687522888,0.3800448179244995,0.4384227693080902,0.010126203298568726,0.6557521224021912,0.44700735807418823,0.4556986093521118,0.013012672774493694,0.8213569521903992,0.3818110525608063,0.4568973481655121,0.008425658568739891,0.5082414150238037,0.4473060071468353,0.4720505475997925,0.013712982647120953,0.6956597566604614,0.38593900203704834,0.45145273208618164,0.006659101694822311,0.48809701204299927,0.44416794180870056,0.47244882583618164,0.010942330583930016,0.6771336197853088,0.38646048307418823,0.4442913830280304,0.009947627782821655,0.4427407681941986,0.44299396872520447,0.46617233753204346,0.01259585190564394,0.6010075807571411,0.39709991216659546,0.45072171092033386,-0.0029173288494348526,0.9996476173400879,0.4258701801300049,0.4490950405597687,0.002814182313159108,0.9994924068450928,0.4010705351829529,0.5583360195159912,-0.0007703995215706527,0.9967207908630371,0.42809590697288513,0.5613123774528503,0.03345254436135292,0.9943965077400208,0.40426579117774963,0.6660175919532776,0.007466112729161978,0.9923876523971558,0.42904457449913025,0.6726256012916565,0.04391654580831528,0.9891106486320496,0.40544208884239197,0.6875686049461365,0.0080522820353508,0.9928194284439087,0.4273110330104828,0.6945245862007141,0.04437675327062607,0.9855494499206543,0.4030669331550598,0.6695214509963989,-0.011834932491183281,0.8888309597969055,0.43650683760643005,0.6766703724861145,0.024313319474458694,0.8582273125648499
